{
"type": "FeatureCollection",
"name": "india",
"crs": { "type": "name", "properties": { "name": "urn:ogc:def:crs:OGC:1.3:CRS84" } },
"features": [
{ "type": "Feature", "properties": { "gdp": 6031.734889429159, "ENGTYPE_1": "UnionTerritory", "HASC_1": "IN.AN", "GID_1": "IND.1_1", "join_name": "andamanandnicobar", "ISO_1": "NA", "TYPE_1": "UnionTerritor", "NL_NAME_1": "NA", "CC_1": "NA", "NAME_1": "AndamanandNicobar", "COUNTRY": "India", "VARNAME_1": "Andaman&NicobarIslands|Andama", "GID_0": "IND", "pop": 6031.734889429159 }, "geometry": { "type": "Polygon", "coordinates": [ [ [ 92.899612258827645, 13.25186274011118 ], [ 92.959720777036182, 13.048153078938576 ], [ 92.94245364827016, 12.952384439283248 ], [ 92.95991141246455, 12.88584424998794 ], [ 92.93695847103676, 12.80889332489844 ], [ 92.839724179090808, 12.788710046206335 ], [ 92.887913921397939, 12.665524370070278 ], [ 92.721795972091485, 12.691078933693712 ], [ 92.734813944673959, 12.946043551372265 ], [ 92.76554028782094, 13.007327116653103 ], [ 92.738541874971034, 13.161215843259125 ], [ 92.797916597284981, 13.225431839789929 ], [ 92.899612258827645, 13.25186274011118 ] ] ] } },
{ "type": "Feature", "properties": { "gdp": 604228.61953199992, "ENGTYPE_1": "State", "HASC_1": "IN.AP", "GID_1": "IND.2_1", "join_name": "andhrapradesh", "ISO_1": "IN-AP", "TYPE_1": "State", "NL_NAME_1": "NA", "CC_1": "NA", "NAME_1": "AndhraPradesh", "COUNTRY": "India", "VARNAME_1": "NA", "GID_0": "IND", "pop": 604228.61953199992 }, "geometry": { "type": "Polygon", "coordinates": [ [ [ 79.476649530017781, 14.406326713894018 ], [ 79.340172957710962, 14.335994767982012 ], [ 79.344476053191386, 14.289090530197118 ], [ 79.253969881830884, 14.096576451108875 ], [ 79.022848462195682, 14.006784749108482 ], [ 78.839977701418334, 14.076906913952435 ], [ 78.852438896485566, 14.092208467779189 ], [ 78.844710879253711, 14.118085825263284 ], [ 78.879224046321823, 14.196211687329141 ], [ 78.956132917350004, 14.203332932097997 ], [ 79.014421416880111, 14.273554734676766 ], [ 79.09828135710238, 14.248739311891667 ], [ 79.146623929501601, 14.366287471637879 ], [ 79.212257817346426, 14.39489997246806 ], [ 79.222463770893668, 14.453372479501544 ], [ 79.293947078423244, 14.492211272011106 ], [ 79.302769130910733, 14.595647086926681 ], [ 79.229684801366005, 14.592259961796561 ], [ 79.074347457597895, 14.640841457048982 ], [ 79.097976350037527, 14.675513871010045 ], [ 79.139408779394955, 14.850496195853109 ], [ 78.990634977161321, 14.819352712053908 ], [ 78.897668411895026, 14.868040674859165 ], [ 78.809547068889486, 14.854109774985355 ], [ 78.88093955817348, 14.976900800264001 ], [ 78.883595220190003, 15.044507990190397 ], [ 78.814213905465564, 15.060540972035419 ], [ 78.537697269266232, 15.042161137209204 ], [ 78.54829942153637, 14.990525258000627 ], [ 78.139786374693159, 14.793216156229832 ], [ 78.063602921886442, 14.812815928570597 ], [ 78.033603948289979, 14.881878151360821 ], [ 77.808615259967581, 14.857147046530331 ], [ 77.689552303012334, 14.819528542367777 ], [ 77.684248722374292, 14.766599294055391 ], [ 77.51697176145187, 14.75552802282164 ], [ 77.438654735185622, 14.779913189798169 ], [ 77.546512632282386, 14.894185790623681 ], [ 77.459653437982681, 15.042524916643078 ], [ 77.570636411336537, 15.109425702163611 ], [ 77.554059161169491, 15.004958182471425 ], [ 77.678703610231992, 15.012565935513265 ], [ 77.687708834749074, 14.976014522918703 ], [ 77.925711311948291, 15.032874844587294 ], [ 77.946086204959073, 14.926023478110803 ], [ 78.037024985070659, 14.938196397668538 ], [ 78.013020831984747, 15.030900710843621 ], [ 77.963167895550725, 15.063182651790683 ], [ 78.047558802026231, 15.118148651223803 ], [ 78.052520262660366, 15.171701320323773 ], [ 78.211022513283467, 15.201926945788204 ], [ 78.215401724163584, 15.277928045961621 ], [ 78.092792095217419, 15.317016580280368 ], [ 78.033721909987975, 15.257309034710898 ], [ 77.828427027343182, 15.265477686463306 ], [ 77.79923677095546, 15.274812538191197 ], [ 77.759028263784259, 15.274169765284118 ], [ 77.746666884646913, 15.267791941825182 ], [ 77.69731463563636, 15.168323931725221 ], [ 77.475894409571595, 15.154282498289879 ], [ 77.494223148717879, 15.212256174582276 ], [ 77.431315148340587, 15.275966992405944 ], [ 77.565619998071796, 15.367814912510486 ], [ 77.421157310552815, 15.345851531231165 ], [ 77.308501297490182, 15.433489374742154 ], [ 77.336027359548865, 15.501727944308142 ], [ 77.438723935716197, 15.607384290766566 ], [ 77.513867134483647, 15.765749851433702 ], [ 77.381615314672686, 15.753987937672237 ], [ 77.448725949676586, 15.862888459110692 ], [ 77.542820063706984, 15.823073786016788 ], [ 77.660387109893549, 15.825322039795374 ], [ 77.856446780448863, 15.863905482259559 ], [ 77.960769334312076, 15.99218989026282 ], [ 77.957463808162601, 16.012336422475144 ], [ 77.962548299900064, 16.087647710114087 ], [ 77.826738936223379, 16.130272219189305 ], [ 77.864406882496354, 16.354683558434974 ], [ 77.943665459514932, 16.382215075785407 ], [ 77.909629336078382, 16.436798661045753 ], [ 77.983077633084179, 16.592083763153394 ], [ 78.024029382644073, 16.607681491433073 ], [ 78.230031285600404, 16.652474542154366 ], [ 78.592498101163343, 16.654509777341808 ], [ 78.679636029148114, 16.654906433191083 ], [ 78.768520753209131, 16.640375109648275 ], [ 78.961746789803016, 16.642667563557666 ], [ 79.058742438772526, 16.671345875802178 ], [ 79.249922662095159, 16.637325077124039 ], [ 79.304526422908495, 16.655686775928828 ], [ 79.374156761906718, 16.721672212446812 ], [ 79.402033820109011, 16.791725230092901 ], [ 79.438753801537516, 16.790860955454555 ], [ 79.511114240943968, 16.833350441599912 ], [ 79.612465385330992, 16.826113918604229 ], [ 79.657381199261721, 16.859443859037462 ], [ 79.746085570734365, 16.815933588392959 ], [ 79.88876762655417, 16.90814509594373 ], [ 79.90264836362725, 16.969096835313611 ], [ 79.955809251926439, 16.996820071908189 ], [ 79.978920740194681, 17.01247251322301 ], [ 80.092963100854959, 17.011989750566446 ], [ 80.136228994947288, 17.044070953463283 ], [ 80.145341642627628, 17.128925234888506 ], [ 80.187741250579919, 17.252357576013509 ], [ 80.222912965265891, 17.290090040263305 ], [ 80.352028090744525, 17.326717061130346 ], [ 80.414360038860579, 17.372207722519207 ], [ 80.53503063565789, 17.411918202467952 ], [ 80.638567872927368, 17.475982863057713 ], [ 80.699875352233661, 17.457472571068408 ], [ 80.753229980726374, 17.411071715835348 ], [ 80.838606223461127, 17.507233546038734 ], [ 80.859929668484227, 17.564864450004823 ], [ 80.809349641305644, 17.601301500701229 ], [ 80.857544242402454, 17.693449977642409 ], [ 80.96725635419584, 17.753078306018583 ], [ 81.012330802984764, 17.751827547424512 ], [ 81.036452677781057, 17.630385174450652 ], [ 81.099861139071123, 17.61264988641144 ], [ 81.128720451614868, 17.569771811137556 ], [ 81.139481139231535, 17.560492793576454 ], [ 81.186526391369526, 17.607826235021495 ], [ 81.217747639772796, 17.702385586816199 ], [ 81.126654426926393, 17.706455710019206 ], [ 81.095953560261236, 17.755539755779832 ], [ 81.098790511452506, 17.766350700576716 ], [ 81.089353447142571, 17.805136185749287 ], [ 81.107636522923613, 17.826662990188918 ], [ 81.137893302608049, 17.774595914908552 ], [ 81.183580482275005, 17.863567649066596 ], [ 81.232856617562064, 17.909842010688124 ], [ 81.304730212933521, 17.853243349662709 ], [ 81.392378822400332, 17.840192273508404 ], [ 81.428830374898567, 17.924738791225654 ], [ 81.537781683498679, 18.029374243300133 ], [ 81.690507294414999, 18.143658393935198 ], [ 81.745499596152513, 18.284219383551584 ], [ 81.803222301385631, 18.293787110815426 ], [ 81.854570448280654, 18.381224728469423 ], [ 81.874064479719721, 18.409816573229406 ], [ 81.905550949357149, 18.370929387115225 ], [ 82.01290348512353, 18.523400839824596 ], [ 82.052259741028863, 18.722942913734105 ], [ 82.171386071395602, 18.988356405676971 ], [ 82.208667059432599, 19.001455675948435 ], [ 82.304277124328109, 19.12661954337646 ], [ 82.285437747992219, 19.193829666087169 ], [ 82.391463224044131, 19.317145269486602 ], [ 82.402470062327865, 19.335044601463235 ], [ 82.484653577922899, 19.457917107217266 ], [ 82.578272756414052, 19.442164462659129 ], [ 82.628888275965906, 19.356562230851107 ], [ 82.680789947810638, 19.453671858192767 ], [ 82.686986305858525, 19.461191872726925 ], [ 82.71045983274351, 20.000267698633468 ], [ 82.778049412371502, 20.161371859013006 ], [ 82.805377913466685, 20.141691395346371 ], [ 82.822313919844461, 19.993539112928143 ], [ 82.867881396766904, 19.92739373192795 ], [ 82.866672832857518, 19.764851687070895 ], [ 82.981105684216544, 19.868796160364571 ], [ 82.991563637625973, 20.027363714154486 ], [ 83.070186531316196, 19.898156143299133 ], [ 83.159942316473604, 19.909892970679032 ], [ 83.177189174675107, 19.936206550392946 ], [ 83.151866295786064, 20.004074950397534 ], [ 83.146330646163776, 20.148936452434686 ], [ 83.108359124293059, 20.231667496820922 ], [ 83.154732309759339, 20.482250074016346 ], [ 83.196794453725616, 20.435092692462934 ], [ 83.313027681622032, 20.504963048636032 ], [ 83.223577166432733, 20.662484714971573 ], [ 83.209619559963841, 20.713371732830947 ], [ 83.305699230751344, 20.661417810361591 ], [ 83.357426607961344, 20.706592067276745 ], [ 83.460886207935957, 20.589751726278056 ], [ 83.514402157718592, 20.572570104721656 ], [ 83.628116511907663, 20.377266681373975 ], [ 83.723552332655288, 20.331768590636958 ], [ 83.777081966619619, 20.267961952919691 ], [ 83.869153134658518, 20.268425731273609 ], [ 83.946632290449372, 20.24684497061633 ], [ 84.004941879868866, 20.409127372142493 ], [ 84.070767089015362, 20.376201279356124 ], [ 84.055334973862642, 20.445458209875962 ], [ 84.118283011486909, 20.443021601080826 ], [ 84.114933616047196, 20.428599159093604 ], [ 84.120121859735406, 20.420130957150597 ], [ 84.174323504319716, 20.379266708084788 ], [ 84.103441935054207, 20.260165243508002 ], [ 84.028941873181068, 19.996116980029218 ], [ 83.957728569974819, 19.8564109649509 ], [ 83.899640596182905, 19.669579665558565 ], [ 83.644657042113565, 19.461690279403058 ], [ 83.574544726293979, 19.369239409658839 ], [ 83.555479634910256, 19.289101771382498 ], [ 83.503370578468378, 19.232783961123754 ], [ 83.43444442888449, 19.004007591735604 ], [ 83.301352342901353, 18.798690651523469 ], [ 83.182054080368616, 18.722001162630892 ], [ 83.168337117631523, 18.687284665422506 ], [ 82.967036085193996, 18.542620307452484 ], [ 82.746676741099122, 18.334512849468457 ], [ 82.599766148802217, 18.143039987901702 ], [ 82.524907227690377, 17.938070276218411 ], [ 82.606912148682426, 17.891741880262629 ], [ 82.578519352984074, 17.766065553876498 ], [ 82.497223967572367, 17.705984112583376 ], [ 82.522259892768133, 17.601431569820498 ], [ 82.444465184911309, 17.535349850497695 ], [ 82.147882531163631, 17.350904033726408 ], [ 82.056465540103133, 17.318218963658893 ], [ 81.940438132888943, 17.248154597513764 ], [ 81.90222515168675, 17.259877846700821 ], [ 81.736923060874943, 17.260113279874965 ], [ 81.609059698732707, 17.197334237784005 ], [ 81.576826457559392, 17.157563663344657 ], [ 81.501380699005068, 16.922468043823091 ], [ 81.403813086936708, 16.799347335398462 ], [ 81.402513333298259, 16.735249314058009 ], [ 81.300116305012153, 16.695066289301678 ], [ 81.275197707093767, 16.81908290953157 ], [ 81.230447112885386, 16.833840710349001 ], [ 81.139311752937701, 16.813618810780451 ], [ 80.999106952756051, 16.721467731519148 ], [ 80.933913436988746, 16.640862233838089 ], [ 80.860881676527015, 16.454916880936427 ], [ 80.780136143595485, 16.352704429516844 ], [ 80.713833241368746, 16.175747461571408 ], [ 80.706005628829359, 16.092801205553524 ], [ 80.721263522923294, 15.965961192458472 ], [ 80.775436516156873, 15.830354666120874 ], [ 80.770678657957461, 15.654231274386582 ], [ 80.740637473614171, 15.526515257040153 ], [ 80.760128529834333, 15.403944521539433 ], [ 80.855258497293505, 15.185354622844491 ], [ 80.865591475320457, 15.015200011958902 ], [ 80.793472424175064, 14.962060013320151 ], [ 80.721541503540351, 14.945987369614803 ], [ 80.789436648141503, 14.842202615318456 ], [ 80.789029192361596, 14.835776149441248 ], [ 80.760528218933445, 14.867623088069365 ], [ 80.658378899561328, 14.796976569349361 ], [ 80.637054661508131, 14.671439560932452 ], [ 80.52553266311314, 14.649969632620135 ], [ 80.410481427938564, 14.5870534766467 ], [ 80.310841645377906, 14.608627165127855 ], [ 80.281280324786778, 14.676023589820812 ], [ 80.205355143073263, 14.69306262547007 ], [ 80.170395569132609, 14.691490655387938 ], [ 80.175193109450504, 14.547362538000614 ], [ 80.057933525731258, 14.480072077776629 ], [ 79.986137065686208, 14.501343046660093 ], [ 79.931332130224575, 14.384881305626333 ], [ 79.699110581933638, 14.430781963372274 ], [ 79.544810077350562, 14.436766640531612 ], [ 79.518571322426538, 14.415263684302387 ], [ 79.476649530017781, 14.406326713894018 ] ] ] } },
{ "type": "Feature", "properties": { "gdp": 18509.16, "ENGTYPE_1": "State", "HASC_1": "IN.AR", "GID_1": "IND.3_1", "join_name": "arunachalpradesh", "ISO_1": "IN-AR", "TYPE_1": "State", "NL_NAME_1": "NA", "CC_1": "NA", "NAME_1": "ArunachalPradesh", "COUNTRY": "India", "VARNAME_1": "AgencedelaFrontièreduNord-E", "GID_0": "IND", "pop": 18509.16 }, "geometry": { "type": "Polygon", "coordinates": [ [ [ 94.558654620977634, 27.615921271423048 ], [ 94.559360774361167, 27.617075352989975 ], [ 94.556792271917573, 27.624895968539864 ], [ 94.550410475410217, 27.623456621425593 ], [ 94.552050078178922, 27.638692888153528 ], [ 94.548055220646361, 27.644182785556819 ], [ 94.547527083265294, 27.660111585674386 ], [ 94.54987271518084, 27.674090889944477 ], [ 94.554034805205347, 27.685500539612729 ], [ 94.555757417212078, 27.69623151074553 ], [ 94.547653822676338, 27.697640610208758 ], [ 94.537844115372991, 27.69479359844636 ], [ 94.535079085471949, 27.681436432763906 ], [ 94.528914125119215, 27.671260204545955 ], [ 94.525059962862926, 27.67552114317569 ], [ 94.492450075411256, 27.629907350184023 ], [ 94.470218640466541, 27.610686540007325 ], [ 94.426808904192839, 27.582058547187358 ], [ 94.414476843391554, 27.58093987909038 ], [ 94.366441598616646, 27.568860654693015 ], [ 94.348492247886043, 27.575508119996083 ], [ 94.325338704354763, 27.580712160699527 ], [ 94.326676006518298, 27.570989488578078 ], [ 94.31896761155312, 27.570208953846034 ], [ 94.30653143272032, 27.555552419891338 ], [ 94.294740343919301, 27.536941955353424 ], [ 94.3004980294115, 27.526977058125905 ], [ 94.283517942158142, 27.511187193925899 ], [ 94.248743803086228, 27.496715836245077 ], [ 94.223332581386884, 27.493908700724393 ], [ 94.074293711969631, 27.417296766714596 ], [ 93.996316559754604, 27.416800315113065 ], [ 93.742617684067213, 27.333078039915986 ], [ 93.579206776256598, 27.238976360778398 ], [ 93.368524475218365, 27.173805087711244 ], [ 92.946683405774607, 26.971920077912557 ], [ 92.833281424444678, 26.930442526241599 ], [ 92.884242918346459, 27.012749783614158 ], [ 92.825233368260243, 27.082539843439136 ], [ 92.854482327542655, 27.193554151888542 ], [ 92.981920938811427, 27.295519177326589 ], [ 92.939768871238613, 27.426875561820406 ], [ 92.822442285624575, 27.403704255427414 ], [ 92.690362759640109, 27.409281137502656 ], [ 92.573459555912109, 27.3833795680107 ], [ 92.419864274021293, 27.382427287689481 ], [ 92.32018355465668, 27.450065226006618 ], [ 92.333639701689009, 27.510215620710476 ], [ 92.406735947428302, 27.542716676662323 ], [ 92.461780717656168, 27.660710551435333 ], [ 92.584271269203896, 27.622511412276552 ], [ 92.683273744514068, 27.628623472119507 ], [ 92.755606304923106, 27.572272769492049 ], [ 92.915828480935005, 27.607554972167996 ], [ 93.028191958043649, 27.602554328568228 ], [ 93.275868134245201, 27.659754103691593 ], [ 93.400549756078831, 27.656678080712144 ], [ 93.472865259851673, 27.619851521505616 ], [ 93.958073249383588, 27.644215561957918 ], [ 94.06385894019725, 27.664249007865426 ], [ 94.10811484894711, 27.68218677033946 ], [ 94.062372271593986, 27.699013431149147 ], [ 94.072908014524998, 27.709602985308948 ], [ 94.127182979722917, 27.717698208700533 ], [ 94.167122575506312, 27.719058494441708 ], [ 94.196950663355594, 27.73371759522723 ], [ 94.222738217276145, 27.737999620241194 ], [ 94.247708496959234, 27.780779536790639 ], [ 94.267968236305464, 27.78868211130953 ], [ 94.278565833892827, 27.788045614370581 ], [ 94.30548951092463, 27.798441289007901 ], [ 94.31366051976849, 27.798178198222526 ], [ 94.327753642282374, 27.811748481290227 ], [ 94.349131044002633, 27.821142320610605 ], [ 94.357829697245663, 27.82991317141483 ], [ 94.373068670701045, 27.834467330187071 ], [ 94.381611034872932, 27.840175770120815 ], [ 94.39507500172796, 27.839513687091035 ], [ 94.401027532219189, 27.851558184120695 ], [ 94.406430814726505, 27.848612559923399 ], [ 94.420176740028396, 27.836014791198441 ], [ 94.433020153280111, 27.830971639541193 ], [ 94.440755901288469, 27.831001578411673 ], [ 94.452955457907009, 27.825418022511887 ], [ 94.466425161688889, 27.822889037662996 ], [ 94.4670453916508, 27.819348612307422 ], [ 94.48277587995419, 27.814393873424795 ], [ 94.495808585420107, 27.824612652005968 ], [ 94.503188744932004, 27.841230859607094 ], [ 94.554401572830642, 27.90591617361758 ], [ 94.627606432417892, 28.00628650493833 ], [ 94.794942925992601, 28.198651537630472 ], [ 94.872979058223521, 28.261024047290089 ], [ 95.095972602399826, 28.488547708361406 ], [ 95.102098118333458, 28.398866242771103 ], [ 95.064777329962126, 28.299757744143463 ], [ 95.280774297117404, 28.434165197810994 ], [ 95.14563997338864, 28.299132364544519 ], [ 94.916861355128063, 28.134023551888767 ], [ 94.684812501121527, 27.927526255156074 ], [ 94.662719142949683, 27.875308031939635 ], [ 94.996694060442863, 28.127970146175088 ], [ 95.148111255367937, 28.216097519232832 ], [ 95.215228761363434, 28.207008734515888 ], [ 95.167515787345877, 28.139273568325567 ], [ 95.214772226625925, 28.114731587263094 ], [ 95.100974915056696, 28.030171187913574 ], [ 94.64268927775845, 27.787301139117641 ], [ 94.610422342213312, 27.764336262015526 ], [ 94.579253926525936, 27.749008717999793 ], [ 94.601278534529285, 27.749154416927734 ], [ 94.684644284440637, 27.775580200847966 ], [ 94.814327303208827, 27.828034096008619 ], [ 95.035175780727869, 27.902663582881672 ], [ 95.381583638488578, 27.95498645038894 ], [ 95.625807193738069, 27.977025962583784 ], [ 95.803279180652964, 28.039105730007314 ], [ 95.905934665125926, 28.014120861614284 ], [ 95.989859325388494, 28.024543311994744 ], [ 96.198579442968779, 28.001299673682009 ], [ 96.123856806024875, 27.951784884660931 ], [ 96.207253962099543, 27.873684572870715 ], [ 96.16761297397538, 27.794430909458725 ], [ 95.979747850769883, 27.779314562398952 ], [ 95.818256817589116, 27.720389539995125 ], [ 95.560055101078461, 27.67008858347015 ], [ 95.49087659298101, 27.636013435894043 ], [ 95.329720569997363, 27.61613463494529 ], [ 95.428651287002282, 27.569977200554909 ], [ 95.391313797836432, 27.540817746128933 ], [ 95.597919404725687, 27.452305696861707 ], [ 95.770715041736594, 27.385446323590571 ], [ 95.917478386848728, 27.298229844002087 ], [ 95.757688285257458, 27.302905762299485 ], [ 95.577236413836573, 27.366945830825532 ], [ 95.192874771872908, 27.51552099826208 ], [ 94.760704782842225, 27.587398307838303 ], [ 94.686380193471038, 27.586481822084945 ], [ 94.631151665744568, 27.600577972317538 ], [ 94.583602317594668, 27.605527146953769 ], [ 94.559303720414277, 27.592860551193048 ], [ 94.549713519371508, 27.573109416732361 ], [ 94.533644991106911, 27.563349094344034 ], [ 94.523981513162283, 27.545301936626576 ], [ 94.514742364606178, 27.54324487001999 ], [ 94.504361405835226, 27.528657143743064 ], [ 94.497123132891048, 27.528905302120492 ], [ 94.475958527100588, 27.50425807319019 ], [ 94.458438318464644, 27.493821364735187 ], [ 94.451694992768992, 27.496668878846915 ], [ 94.458049938215211, 27.511007522290932 ], [ 94.454850797859407, 27.517697072025872 ], [ 94.461601716346323, 27.521823563307475 ], [ 94.463240423420984, 27.531184524868458 ], [ 94.464800894405741, 27.533046392785799 ], [ 94.465047569337969, 27.533884782983066 ], [ 94.466403849453314, 27.536515825152438 ], [ 94.466872204376273, 27.53681443632912 ], [ 94.472215145441226, 27.537854740617234 ], [ 94.491401394250985, 27.553245520547705 ], [ 94.502815572977397, 27.561214278520236 ], [ 94.507328018997498, 27.570374623463845 ], [ 94.518105278409493, 27.582935379081164 ], [ 94.520915532469061, 27.580702268424346 ], [ 94.553958584763379, 27.608340079773367 ], [ 94.558654620977634, 27.615921271423048 ] ] ] } },
{ "type": "Feature", "properties": { "gdp": 227958.82836413325, "ENGTYPE_1": "State", "HASC_1": "IN.AS", "GID_1": "IND.4_1", "join_name": "assam", "ISO_1": "IN-AS", "TYPE_1": "State", "NL_NAME_1": "NA", "CC_1": "NA", "NAME_1": "Assam", "COUNTRY": "India", "VARNAME_1": "NA", "GID_0": "IND", "pop": 227958.82836413325 }, "geometry": { "type": "Polygon", "coordinates": [ [ [ 93.155268679558915, 24.862421930256211 ], [ 93.069036924403022, 24.687650826755746 ], [ 93.020696177190075, 24.641884549228536 ], [ 93.009880094895735, 24.491670511963367 ], [ 92.98053104650009, 24.475640525577234 ], [ 92.99097648021322, 24.296680898277224 ], [ 92.989560589468567, 24.184681765802562 ], [ 92.909934440458855, 24.507242822549546 ], [ 92.835479379587753, 24.535972932593872 ], [ 92.773109015119928, 24.557398522095276 ], [ 92.76689651834667, 24.72427492182743 ], [ 92.763467706794245, 24.744858538114304 ], [ 92.673361507272787, 24.92018935735577 ], [ 92.63827647447637, 25.106748431352514 ], [ 92.657085545532155, 25.14380023522385 ], [ 92.454840771581189, 25.376029478361524 ], [ 92.536929360431941, 25.345767293153902 ], [ 92.744937930321456, 25.224672062720355 ], [ 92.8695747673287, 25.218033631681031 ], [ 92.791804965701218, 25.302023419733615 ], [ 92.703166070297968, 25.359057097371064 ], [ 92.751174703706454, 25.38071339245446 ], [ 92.753254911068794, 25.43788364255769 ], [ 92.81311283097493, 25.450067467002789 ], [ 93.006018625635917, 25.409363477629412 ], [ 93.021123588956769, 25.417624302253628 ], [ 93.040056831731391, 25.416391170493288 ], [ 93.04552387508167, 25.430864453334905 ], [ 93.174440545617571, 25.43420319539532 ], [ 93.188821603434718, 25.538831595955244 ], [ 92.986164902193963, 25.648142225908448 ], [ 92.869744258814123, 25.663150450486494 ], [ 92.764287105925376, 25.817795882509717 ], [ 92.651341941190253, 25.821605296710469 ], [ 92.506645653688665, 25.868022100652368 ], [ 92.165641793179489, 25.78407188314911 ], [ 92.109540815811442, 25.767692546352169 ], [ 92.111953911489294, 25.798553869143802 ], [ 92.144251149535066, 25.81763217321857 ], [ 92.160488406269067, 25.845233579395099 ], [ 92.50486024166878, 26.052491421776615 ], [ 92.473179449492761, 26.034218664525795 ], [ 92.251880134657171, 25.922868506775377 ], [ 92.16415010621381, 25.86865879105725 ], [ 92.010464418538902, 25.821833665308695 ], [ 92.001362048193499, 25.833889027397856 ], [ 91.978112555508787, 25.822710098376749 ], [ 91.976026155798976, 25.810308163628232 ], [ 91.963553901943698, 25.808504378840158 ], [ 91.96181854975768, 25.818661146224414 ], [ 91.952516581108426, 25.819646221866833 ], [ 91.941714357135027, 25.805583372169288 ], [ 91.919813531068982, 25.806101872267018 ], [ 91.898724438140974, 25.795359133451687 ], [ 91.88714017627268, 25.805043351890951 ], [ 91.872744315840293, 25.798606122350378 ], [ 91.863549183908972, 25.802890256662536 ], [ 91.856820271673115, 25.801486183815829 ], [ 91.844544134800742, 25.793950958253088 ], [ 91.824488956247208, 25.802468225102192 ], [ 91.802742755659921, 25.823362955018435 ], [ 91.625044506807797, 25.91745154031037 ], [ 91.560983588174722, 25.936997095840841 ], [ 91.169578842055657, 26.086854201976944 ], [ 90.895900019578235, 26.016178316761849 ], [ 91.113770357332143, 25.890808028251904 ], [ 90.905907614509076, 25.899114650441462 ], [ 90.907771167251951, 25.944806471080117 ], [ 90.808518532404079, 26.025613637861216 ], [ 90.759311149023844, 26.137832200019123 ], [ 90.809711951782461, 26.162789844764358 ], [ 90.552728529842526, 26.382519504875866 ], [ 90.518631578405405, 26.39842405503218 ], [ 90.485884184537142, 26.410512417650345 ], [ 90.47211128853364, 26.422033956827818 ], [ 90.482696559728041, 26.471535158359821 ], [ 90.596801167481701, 26.527944045568205 ], [ 90.627411634111624, 26.58360290722668 ], [ 90.623693415376124, 26.596447720096041 ], [ 90.59019590125834, 26.720246698549666 ], [ 90.545551802490223, 26.79943137221921 ], [ 90.768290905968186, 26.777263019878461 ], [ 90.926950050378238, 26.776659151949719 ], [ 90.944210802813629, 26.847033327006717 ], [ 91.025305730400518, 26.818804546552393 ], [ 91.136653999921975, 26.843740366488788 ], [ 91.291542312047341, 26.717789220082683 ], [ 91.441463963123127, 26.617785698162585 ], [ 91.669781328934022, 26.559334272882044 ], [ 91.749396427717173, 26.586407861019929 ], [ 91.866103437021607, 26.5517269049347 ], [ 91.949213356947254, 26.495138928893333 ], [ 92.018100074009681, 26.604946932433638 ], [ 92.087155213246248, 26.539170575665043 ], [ 92.223112826837422, 26.626015905652046 ], [ 92.318524874310384, 26.645210631217662 ], [ 92.562862822798238, 26.862691399365996 ], [ 92.644307408802362, 26.822297814283615 ], [ 92.731787002247316, 26.844575204178653 ], [ 92.833281424444678, 26.930442526241599 ], [ 92.946683405774607, 26.971920077912557 ], [ 93.368524475218365, 27.173805087711244 ], [ 93.579206776256598, 27.238976360778398 ], [ 93.742617684067213, 27.333078039915986 ], [ 93.996316559754604, 27.416800315113065 ], [ 94.074293711969631, 27.417296766714596 ], [ 94.223332581386884, 27.493908700724393 ], [ 94.248743803086228, 27.496715836245077 ], [ 94.283517942158142, 27.511187193925899 ], [ 94.3004980294115, 27.526977058125905 ], [ 94.294740343919301, 27.536941955353424 ], [ 94.30653143272032, 27.555552419891338 ], [ 94.31896761155312, 27.570208953846034 ], [ 94.326676006518298, 27.570989488578078 ], [ 94.325338704354763, 27.580712160699527 ], [ 94.348492247886043, 27.575508119996083 ], [ 94.366441598616646, 27.568860654693015 ], [ 94.414476843391554, 27.58093987909038 ], [ 94.426808904192839, 27.582058547187358 ], [ 94.470218640466541, 27.610686540007325 ], [ 94.492450075411256, 27.629907350184023 ], [ 94.525059962862926, 27.67552114317569 ], [ 94.528914125119215, 27.671260204545955 ], [ 94.535079085471949, 27.681436432763906 ], [ 94.537844115372991, 27.69479359844636 ], [ 94.547653822676338, 27.697640610208758 ], [ 94.555757417212078, 27.69623151074553 ], [ 94.554034805205347, 27.685500539612729 ], [ 94.54987271518084, 27.674090889944477 ], [ 94.547527083265294, 27.660111585674386 ], [ 94.548055220646361, 27.644182785556819 ], [ 94.552050078178922, 27.638692888153528 ], [ 94.550410475410217, 27.623456621425593 ], [ 94.556792271917573, 27.624895968539864 ], [ 94.559360774361167, 27.617075352989975 ], [ 94.558654620977634, 27.615921271423048 ], [ 94.553958584763379, 27.608340079773367 ], [ 94.520915532469061, 27.580702268424346 ], [ 94.518105278409493, 27.582935379081164 ], [ 94.507328018997498, 27.570374623463845 ], [ 94.502815572977397, 27.561214278520236 ], [ 94.491401394250985, 27.553245520547705 ], [ 94.472215145441226, 27.537854740617234 ], [ 94.466872204376273, 27.53681443632912 ], [ 94.459041752850013, 27.530923000603426 ], [ 94.433054239305974, 27.515898096794736 ], [ 94.423620646623561, 27.515408096104551 ], [ 94.421433502865582, 27.514247203470898 ], [ 94.406450018502071, 27.498400638739302 ], [ 94.391102926602201, 27.483701171059881 ], [ 94.384260520136323, 27.478737130374689 ], [ 94.384250305540434, 27.480898419441278 ], [ 94.376611607624213, 27.473779224343343 ], [ 94.35873940748003, 27.430272913207197 ], [ 94.34938418300618, 27.376398402271167 ], [ 94.33380678665678, 27.312904068380458 ], [ 94.339095974309998, 27.372453470974524 ], [ 94.31505314514672, 27.263135359942876 ], [ 94.296285160806235, 27.147799951307682 ], [ 94.28322015718156, 27.107321761984114 ], [ 94.241736586165842, 26.937012774179539 ], [ 94.202237519906447, 26.737554319238864 ], [ 94.196725943234014, 26.644032679920855 ], [ 94.164758602097251, 26.524904588682418 ], [ 94.13412150978435, 26.490050750141677 ], [ 94.158234392075201, 26.635289648774879 ], [ 94.110409646038903, 26.529365698735567 ], [ 94.102682368952429, 26.461056578546422 ], [ 93.901364811375927, 26.086894272827632 ], [ 93.822203808105499, 25.901255131959534 ], [ 93.780986690019105, 25.856804899563834 ], [ 93.700966291025566, 25.680408542207903 ], [ 93.720645811799585, 25.502520368751089 ], [ 93.735924064196212, 25.433582646407011 ], [ 93.724780545820522, 25.345965646084174 ], [ 93.722664264941216, 25.341572890205054 ], [ 93.724507213039175, 25.336464299487183 ], [ 93.705954451817533, 25.319970407910731 ], [ 93.672492398254306, 25.270444905755539 ], [ 93.645286931226593, 25.235906805648742 ], [ 93.637211810002469, 25.209312574460391 ], [ 93.621568886860388, 25.170991544439715 ], [ 93.609049813420398, 25.167312369898998 ], [ 93.600290041905666, 25.139998709299224 ], [ 93.593471820838388, 25.104098124381796 ], [ 93.570649955283145, 25.085688763523155 ], [ 93.403292447665294, 24.922427315685113 ], [ 93.379812491028474, 24.899376172678782 ], [ 93.189262339381543, 24.807840840343083 ], [ 93.178417890465411, 24.895493245446538 ], [ 93.155268679558915, 24.862421930256211 ] ] ] } },
{ "type": "Feature", "properties": { "gdp": 371601.79015427618, "ENGTYPE_1": "State", "HASC_1": "IN.BR", "GID_1": "IND.5_1", "join_name": "bihar", "ISO_1": "IN-BR", "TYPE_1": "State", "NL_NAME_1": "NA", "CC_1": "NA", "NAME_1": "Bihar", "COUNTRY": "India", "VARNAME_1": "NA", "GID_0": "IND", "pop": 371601.79015427618 }, "geometry": { "type": "Polygon", "coordinates": [ [ [ 84.923930637864061, 24.044083006272764 ], [ 84.894491550160012, 24.017096796853341 ], [ 84.889087346911467, 24.032430716179029 ], [ 84.859607626598816, 24.02346796471306 ], [ 84.821236435455589, 23.961465253200224 ], [ 84.814379888764861, 23.938362083888777 ], [ 84.796981509452451, 23.931986836649408 ], [ 84.776420646055058, 23.906386002732802 ], [ 84.736816695790679, 23.876180717660947 ], [ 84.703713628410469, 23.825656172461901 ], [ 84.690890608729731, 23.825030468925128 ], [ 84.678142788689314, 23.803909015820004 ], [ 84.66779074439529, 23.805576315160156 ], [ 84.661280971301906, 23.845341275618676 ], [ 84.632131497030727, 23.815050274607117 ], [ 84.625393725596197, 23.79296937662955 ], [ 84.608431136080128, 23.795717447372311 ], [ 84.585031092563369, 23.750633391026494 ], [ 84.577338697737446, 23.766613421402205 ], [ 84.54401829671616, 23.782947239682002 ], [ 84.541130744670482, 23.816470485480835 ], [ 84.48635052471856, 23.842710398758449 ], [ 84.43103272840662, 23.812997254389369 ], [ 84.371936543200576, 23.870616261537677 ], [ 84.311528782828333, 23.884972284725084 ], [ 84.224076266802001, 23.840866015723496 ], [ 83.874598199775349, 23.804554026964727 ], [ 83.560702091487343, 23.802603655291104 ], [ 83.629505971360459, 23.876113731510198 ], [ 83.625887152115553, 23.878236975229008 ], [ 83.552715980175321, 23.957867539154524 ], [ 83.435282232111973, 23.992216262005918 ], [ 83.359559959244351, 24.178950481219957 ], [ 83.355443814567025, 24.188854233955496 ], [ 83.391209715294053, 24.317060603013772 ], [ 83.376816353326106, 24.319965151129146 ], [ 83.456700815997834, 24.376314220458958 ], [ 83.562712333901487, 24.401734092038755 ], [ 83.5728114623153, 24.407100452724151 ], [ 83.586956600663029, 24.423467927416951 ], [ 83.593328686550763, 24.427090075405101 ], [ 83.628993395930777, 24.423436602288476 ], [ 83.637677577526119, 24.42671281965012 ], [ 83.664843587035293, 24.432582685592465 ], [ 83.72990673860069, 24.468866040326972 ], [ 83.838889786511771, 24.466485971794889 ], [ 83.923092349897288, 24.602385007245594 ], [ 84.037888832672849, 24.656289285604725 ], [ 84.00726161776204, 24.72971100520574 ], [ 84.082431826948138, 24.743414210939516 ], [ 84.152911033442763, 24.655917211612287 ], [ 84.240903503016213, 24.641532993365594 ], [ 84.215189864301493, 24.727303408272661 ], [ 84.333000595648329, 24.673045385818117 ], [ 84.411454927624504, 24.601548671257262 ], [ 84.434761404529226, 24.771521304310745 ], [ 84.329461369698009, 24.92152388901988 ], [ 84.244690013169333, 24.954021796931265 ], [ 84.160690678355721, 25.06432313819608 ], [ 84.113191544716173, 25.051329402199507 ], [ 83.885858992904744, 25.287020308438915 ], [ 83.839141518799124, 25.419087687094322 ], [ 83.960290238546818, 25.528437886039981 ], [ 83.969859497055481, 25.701045624370877 ], [ 83.880356496314079, 25.717850866710634 ], [ 83.845810149428658, 25.791578694140927 ], [ 83.759506662809358, 25.793956888252833 ], [ 83.766595586278541, 25.876051151962024 ], [ 83.877106359366834, 25.944267846280965 ], [ 83.912978953586759, 26.046665945877574 ], [ 83.970365854289383, 26.095497497871268 ], [ 84.066461012597998, 26.051764679699488 ], [ 84.192162848222793, 26.110742274159893 ], [ 84.121715324636241, 26.184687533064235 ], [ 84.070983818534742, 26.433365533754863 ], [ 83.990025933248575, 26.398195342951041 ], [ 83.935670201339775, 26.432344505382549 ], [ 83.944879189505173, 26.625691133755137 ], [ 83.896823671292253, 26.668133316425941 ], [ 83.938307067506727, 26.791816237368586 ], [ 83.880503883581852, 26.898183746253732 ], [ 83.908987434650768, 26.934583225285394 ], [ 83.898112416328729, 26.964431550504337 ], [ 83.86653590969847, 26.943326014778084 ], [ 83.837178177161888, 26.943538329774743 ], [ 83.832494656453349, 26.952587768388916 ], [ 83.859841702877645, 26.984194198676828 ], [ 83.879786338744708, 27.07880296864743 ], [ 84.037971537372712, 27.114174936263449 ], [ 84.097969063986113, 27.212127805804677 ], [ 84.215137141186773, 27.147797155716589 ], [ 84.236653311277152, 27.075216749694153 ], [ 84.525047229630857, 27.066165824431387 ], [ 84.561454387015743, 26.949767867802542 ], [ 84.474124396072952, 26.737082120205695 ], [ 84.569467735844924, 26.700989589816661 ], [ 84.758946752329322, 26.681330416167572 ], [ 84.754201353115675, 26.626498130622192 ], [ 84.880837358172371, 26.593367117237655 ], [ 84.957008068607124, 26.607144131279721 ], [ 84.941234262859012, 26.463859325967398 ], [ 85.068134482598097, 26.456681818417529 ], [ 85.380226953740291, 26.693433391116486 ], [ 85.496698226055898, 26.648664064688166 ], [ 85.443504948957184, 26.477748198699871 ], [ 85.555340646550263, 26.431989409064681 ], [ 85.711829557757127, 26.545371332974231 ], [ 85.816671690389043, 26.576754817197578 ], [ 85.895609424804618, 26.547561277711729 ], [ 86.074361250701799, 26.610374644305757 ], [ 86.314059621829003, 26.591323052092413 ], [ 86.333503816543001, 26.557449514109724 ], [ 86.458233407701513, 26.545920498043678 ], [ 86.611615729677212, 26.5698270846576 ], [ 86.75095208917233, 26.665373964388003 ], [ 86.855542442445042, 26.699522480725673 ], [ 87.001684227401142, 26.627494426898721 ], [ 87.115066477349799, 26.657585749086401 ], [ 87.18756931168717, 26.639073926327796 ], [ 87.412809530445628, 26.728509501286734 ], [ 87.566627594514571, 26.715443103167473 ], [ 87.742419620841773, 26.76227424215995 ], [ 87.81821863210493, 26.75949059913944 ], [ 88.013060395079222, 26.824059522707135 ], [ 88.049911415244893, 26.783654919455575 ], [ 88.193559374851176, 26.775233208876863 ], [ 88.276239802828641, 26.811034189546358 ], [ 88.298965561693308, 26.884515515130897 ], [ 88.47590121317522, 26.82566964248031 ], [ 88.525290957372917, 26.745760864131107 ], [ 88.51219919445839, 26.738979048666362 ], [ 88.167829764859434, 26.622124284340586 ], [ 88.041848352878489, 26.551444107501599 ], [ 87.857636369195234, 26.509854449523804 ], [ 87.798428188593974, 26.431644869638024 ], [ 87.773355495280668, 26.420994497321541 ], [ 87.793218987531716, 26.392454196277381 ], [ 87.930926070538121, 26.394009897218922 ], [ 87.902080960561733, 26.347988510322935 ], [ 88.122798779504961, 26.314677500606408 ], [ 88.127967120003163, 26.283774640320583 ], [ 88.036489369919067, 26.19571211507154 ], [ 87.930692029183987, 26.210107764894637 ], [ 87.887639161142872, 26.204193857727024 ], [ 87.554312345346077, 26.08527178256594 ], [ 87.607966027182698, 26.06230954402082 ], [ 87.642264706661919, 26.062757365679026 ], [ 87.540817592889354, 26.000660211582314 ], [ 87.390243737259794, 25.986138761966448 ], [ 87.368152354614423, 26.006784463799033 ], [ 86.971577566227893, 25.870429251070345 ], [ 86.883686501932104, 25.778528490303437 ], [ 86.612909916608928, 25.648601521043066 ], [ 86.374163836146039, 25.426594939008517 ], [ 86.054767594241724, 25.182682586442777 ], [ 85.639369548323856, 24.65427201965268 ], [ 85.466844461583349, 24.44894908881831 ], [ 85.395776454601261, 24.342748785943382 ], [ 85.292945316934805, 24.221830699106569 ], [ 85.218212392656355, 24.178439531709735 ], [ 85.134676629778127, 24.102434678616344 ], [ 85.130061271009495, 24.120103641810015 ], [ 85.058005468052698, 24.061392243647475 ], [ 85.04631282800564, 24.065155378738471 ], [ 84.982332060709012, 23.995122355757282 ], [ 84.953082324163105, 23.943603901248579 ], [ 84.942813493194237, 23.938931163392457 ], [ 84.941913268414851, 23.980166563284389 ], [ 84.95233797918236, 24.008030689594406 ], [ 84.920078840264921, 23.990360600860626 ], [ 84.929409163058921, 24.020223322328597 ], [ 84.928867386563951, 24.047551827190539 ], [ 84.923930637864061, 24.044083006272764 ] ] ] } },
{ "type": "Feature", "properties": { "gdp": 29275.078048364401, "ENGTYPE_1": "UnionTerritory", "HASC_1": "IN.CH", "GID_1": "IND.6_1", "join_name": "chandigarh", "ISO_1": "IN-CH", "TYPE_1": "UnionTerritor", "NL_NAME_1": "NA", "CC_1": "NA", "NAME_1": "Chandigarh", "COUNTRY": "India", "VARNAME_1": "NA", "GID_0": "IND", "pop": 29275.078048364401 }, "geometry": { "type": "Polygon", "coordinates": [ [ [ 77.777677359372007, 31.84350714127271 ], [ 77.869489271712979, 31.24964939886933 ], [ 77.69104691898356, 31.143380225852901 ], [ 77.67969240148561, 31.140277788434105 ], [ 77.217754286661986, 31.264646127762514 ], [ 77.151951014696863, 32.008539708707495 ], [ 77.231712145514379, 32.049411668395436 ], [ 77.360422339597307, 32.054334328366188 ], [ 77.418014623996697, 32.04774389150387 ], [ 77.471380692503985, 32.030013305762857 ], [ 77.777677359372007, 31.84350714127271 ] ] ] } },
{ "type": "Feature", "properties": { "gdp": 225162.99, "ENGTYPE_1": "State", "HASC_1": "IN.CT", "GID_1": "IND.7_1", "join_name": "chhattisgarh", "ISO_1": "IN-CT", "TYPE_1": "State", "NL_NAME_1": "NA", "CC_1": "NA", "NAME_1": "Chhattisgarh", "COUNTRY": "India", "VARNAME_1": "NA", "GID_0": "IND", "pop": 225162.99 }, "geometry": { "type": "Polygon", "coordinates": [ [ [ 82.422709086681294, 20.343780902756492 ], [ 82.428611571729888, 20.234001110611366 ], [ 82.338658208577641, 19.983262968698295 ], [ 82.322923551715476, 19.876373180079423 ], [ 82.267789273363633, 19.858841457262379 ], [ 82.176092648472448, 19.719178671556143 ], [ 82.142128973126745, 19.460806597508132 ], [ 82.060790116921098, 19.127218964775057 ], [ 82.015285331823989, 19.045188894061763 ], [ 82.012085056134126, 19.01693837356332 ], [ 81.993655551344887, 19.018184669202824 ], [ 81.952118789459448, 19.007778862105802 ], [ 81.921720654747119, 19.003671902428533 ], [ 81.885660269391366, 19.045618248576748 ], [ 81.788446425978151, 18.93264774654256 ], [ 81.751431808874685, 18.99889589539217 ], [ 81.774831902404529, 19.429653661269331 ], [ 81.636693516662504, 19.470526630160485 ], [ 81.686786853029247, 19.591419442448441 ], [ 81.671920309446321, 19.834612592579283 ], [ 81.625836515266016, 20.032611950271686 ], [ 81.579861739844205, 20.125016312754383 ], [ 81.539780095661399, 20.129917147501956 ], [ 81.450765597840316, 20.047503954594912 ], [ 81.445730343599266, 20.061081783267905 ], [ 81.431129344694099, 20.225477514517408 ], [ 81.42509628181574, 20.255690006917678 ], [ 81.417986477200515, 20.276289627183598 ], [ 81.421981293487562, 20.287833054832873 ], [ 81.444882583257979, 20.297583444795947 ], [ 81.469328064458054, 20.343687099501928 ], [ 81.513513012803855, 20.384535091308376 ], [ 81.518914822244, 20.403702214999246 ], [ 81.508155588369789, 20.484881662782193 ], [ 81.490663971583359, 20.535945219285608 ], [ 81.510488783545341, 20.617872194709346 ], [ 81.683414573454584, 20.919126756120754 ], [ 81.715817174399746, 20.999103454844295 ], [ 81.869642391689609, 21.186932259595892 ], [ 81.878379894141702, 21.120948985531143 ], [ 81.951775652905852, 21.121344483250628 ], [ 82.003517874696342, 21.184474491627046 ], [ 81.985830789165888, 21.229503647039131 ], [ 82.032458835848701, 21.257306095100475 ], [ 82.027822060039981, 21.286570041031808 ], [ 81.962871089932818, 21.333634731525326 ], [ 81.93766209628123, 21.333318469096557 ], [ 81.939560836341855, 21.377074223194874 ], [ 81.885446289981317, 21.420123898806594 ], [ 81.862056161406969, 21.479185502074941 ], [ 81.880707762212282, 21.51621493619551 ], [ 81.86370774159542, 21.578124930663925 ], [ 81.83454638184493, 21.592497895529451 ], [ 81.800267114886708, 21.638253601530316 ], [ 81.847475590565693, 21.637646954991641 ], [ 81.878875128345697, 21.648096412945179 ], [ 81.863899022527704, 21.690372688375422 ], [ 81.852469986655834, 21.751226124911661 ], [ 81.812856034659831, 21.759486022732833 ], [ 81.801951504766393, 21.779053080796025 ], [ 81.829886613519818, 21.783604839571247 ], [ 81.773917061771783, 21.880928906933406 ], [ 81.752709216445211, 21.888074799142412 ], [ 81.722260113850311, 21.923127576886984 ], [ 81.708914725233512, 21.958035039106388 ], [ 81.71389214231796, 21.956261044765558 ], [ 81.7109698700514, 21.959151906620104 ], [ 81.729892679737404, 21.976671293428247 ], [ 81.751293220209746, 21.972635395209217 ], [ 81.757728788817744, 21.972494070663871 ], [ 81.766466289888299, 21.973625050298779 ], [ 81.77225757080312, 21.973588271932066 ], [ 81.773700674500247, 21.975158922910019 ], [ 81.775759193964475, 21.990709016772438 ], [ 81.767529204926532, 21.998303574281032 ], [ 81.774406557608813, 22.030160537808726 ], [ 81.711568055695153, 22.110560948588542 ], [ 81.705163886334176, 22.135479230481497 ], [ 81.751695272325335, 22.114341068721188 ], [ 81.718574333922263, 22.163791663918715 ], [ 81.713546215656592, 22.168854409286517 ], [ 81.696747807627418, 22.235331266055415 ], [ 81.721190987283279, 22.223164863941925 ], [ 81.769994179990078, 22.196707087990465 ], [ 81.748747749661021, 22.209768216298606 ], [ 81.741314257297816, 22.213487095813203 ], [ 81.747069603251859, 22.21524141642017 ], [ 81.73465106459021, 22.247014064469742 ], [ 81.781757290964677, 22.243628573231135 ], [ 81.716233136519691, 22.316236701049885 ], [ 81.749263520746197, 22.313749071205947 ], [ 81.807076526150212, 22.275948116693264 ], [ 81.853274920393176, 22.27702265538235 ], [ 81.914039525797349, 22.23294251957666 ], [ 81.965229180506725, 22.240988608701347 ], [ 82.013909195634895, 22.227859659848775 ], [ 82.031484549705922, 22.252492507456509 ], [ 82.071690463458026, 22.250136863932262 ], [ 82.066773127534233, 22.276503942799188 ], [ 82.038352732603812, 22.318694736725138 ], [ 82.085097698198183, 22.312190564391496 ], [ 82.116202040882698, 22.326759609961691 ], [ 82.089904410401218, 22.386814828435526 ], [ 82.18542831279035, 22.372941858095409 ], [ 82.198351297507131, 22.38983146174569 ], [ 82.177551816228274, 22.448463204009546 ], [ 82.183200209283285, 22.524064700957261 ], [ 82.099098127332525, 22.628359834285316 ], [ 82.043126202241098, 22.64088861220328 ], [ 81.975632648788633, 22.718423623139373 ], [ 81.868289504190955, 22.872932189520832 ], [ 81.779925693207545, 22.891430468107011 ], [ 81.632695530667846, 22.994398981727919 ], [ 81.497688082841123, 23.006902477995535 ], [ 81.424582239792926, 23.137083123068095 ], [ 81.500071528283996, 23.155813541649191 ], [ 81.407024886658292, 23.231868161798825 ], [ 81.400302500723825, 23.242421069703127 ], [ 81.314313564817411, 23.297287225178732 ], [ 81.309962759746071, 23.305206159553048 ], [ 81.38182998235925, 23.329220667965025 ], [ 81.463147927647057, 23.267183239566215 ], [ 81.629497275978039, 23.185172470452361 ], [ 81.841878265572944, 23.177984945724972 ], [ 81.90362162693522, 23.126889268827071 ], [ 82.066829723920378, 23.101385613625443 ], [ 82.395343824581502, 23.032000560182265 ], [ 82.504034580095222, 23.116397272201322 ], [ 82.491729673086994, 23.135133401690666 ], [ 82.639382006613303, 23.214496381720345 ], [ 82.66910994301459, 23.226815234638764 ], [ 82.782515483578877, 23.150705603949607 ], [ 82.96919103257602, 23.202317448111181 ], [ 83.04501360476263, 23.246561728089198 ], [ 83.249541771448179, 23.43994373576788 ], [ 83.275439278019249, 23.441061032013724 ], [ 83.426124729948441, 23.42335131380867 ], [ 83.461759924789106, 23.420659911378351 ], [ 83.445055946323734, 23.372738883380975 ], [ 83.493972038057237, 23.305101591057394 ], [ 83.631186743950579, 23.312762198407871 ], [ 83.645839089308026, 23.270750255967421 ], [ 83.586365104479455, 23.200164719328797 ], [ 83.621448111705959, 23.152595887874874 ], [ 83.832662201576156, 23.207509115050144 ], [ 84.00036884724625, 23.294822915656592 ], [ 83.738212159706137, 23.041973039894344 ], [ 83.85466301012417, 23.06564542732978 ], [ 83.647020375301082, 22.841774888153331 ], [ 83.741197448649885, 22.758686724538926 ], [ 83.938362111279403, 22.863679506439166 ], [ 83.872669397516319, 22.768417692471882 ], [ 83.856297152849052, 22.746634172804459 ], [ 83.758072173672872, 22.668124808463556 ], [ 83.507909017849201, 22.409998701306971 ], [ 83.361051927929324, 22.297296856022527 ], [ 83.281022221065129, 22.263714715713473 ], [ 83.171746095932235, 22.172291430225812 ], [ 83.152037609497611, 22.133767221202277 ], [ 83.165367295548563, 22.103826301799803 ], [ 83.113448919148823, 22.039587760789818 ], [ 83.010596737732797, 21.997726727785814 ], [ 82.969967103687097, 21.960687924228605 ], [ 82.931935774366394, 21.954147552586171 ], [ 82.90878096801157, 21.918546209368429 ], [ 82.906702904622776, 21.914763173899484 ], [ 82.90577072743406, 21.874562964201548 ], [ 82.924977415356707, 21.857820537112755 ], [ 82.900093461685458, 21.833528882003286 ], [ 82.895628281602953, 21.804875960941576 ], [ 82.879757336612982, 21.783065507476582 ], [ 82.877682512408498, 21.755586356189479 ], [ 82.889360894585948, 21.733120275109414 ], [ 82.886584788088669, 21.719005672664739 ], [ 82.866525867062506, 21.729876459421309 ], [ 82.858859990094743, 21.68500940891845 ], [ 82.856980516453802, 21.68089161260848 ], [ 82.855672229266901, 21.671410821969786 ], [ 82.853357663212108, 21.670385238945482 ], [ 82.843671770711651, 21.663686760509989 ], [ 82.817755312430094, 21.68122297943491 ], [ 82.790047842710351, 21.687646187593163 ], [ 82.742623105807297, 21.694140924960653 ], [ 82.743018169090206, 21.657881636574039 ], [ 82.725703663551073, 21.630182549038054 ], [ 82.648694940341784, 21.602509318535446 ], [ 82.66250989585572, 21.538744988244538 ], [ 82.643349301031591, 21.519615948397625 ], [ 82.665284588613432, 21.509971920171193 ], [ 82.673645504573372, 21.485317126991688 ], [ 82.666281805639002, 21.469448475235879 ], [ 82.669938159163493, 21.440213693743473 ], [ 82.657968556931422, 21.430018497369367 ], [ 82.659473757345268, 21.405518457373056 ], [ 82.717835429010762, 21.396135231332149 ], [ 82.751558167358709, 21.397377715025339 ], [ 82.748407468713481, 21.356382058061708 ], [ 82.720157400143506, 21.364964969096597 ], [ 82.718298144066367, 21.366345888397213 ], [ 82.671916539821524, 21.372989567311553 ], [ 82.665633771761946, 21.371286020862566 ], [ 82.631005742224104, 21.352591299861711 ], [ 82.602743695165174, 21.383758571617879 ], [ 82.567412361431238, 21.383670174670971 ], [ 82.445424739711569, 21.408302728658931 ], [ 82.410689790934029, 21.393115195264176 ], [ 82.413836680846458, 21.364373862204928 ], [ 82.462076843414195, 21.352063609456678 ], [ 82.471140468827329, 21.337744075911235 ], [ 82.503560766303963, 21.336824654015111 ], [ 82.495932702817697, 21.314438360288854 ], [ 82.496725045644212, 21.266538697014077 ], [ 82.515382143156131, 21.257269384922029 ], [ 82.524531435131749, 21.226142403649241 ], [ 82.545980495860746, 21.228524366224725 ], [ 82.547492523164181, 21.186088894223762 ], [ 82.5342529414322, 21.151564960167782 ], [ 82.540057952645384, 21.065020278561676 ], [ 82.558223311582154, 21.018118682808442 ], [ 82.582723962369116, 20.83076984836114 ], [ 82.551829246680498, 20.809188433271526 ], [ 82.552344079676118, 20.620089911585808 ], [ 82.523583561721253, 20.510492588738924 ], [ 82.490068941504774, 20.513747249852116 ], [ 82.478268608525312, 20.484535422406992 ], [ 82.469892334036786, 20.479579727907801 ], [ 82.460170347796549, 20.457855510486723 ], [ 82.423879307578929, 20.383700045336397 ], [ 82.422709086681294, 20.343780902756492 ] ] ] } },
{ "type": "Feature", "properties": { "gdp": 55053.853141522231, "ENGTYPE_1": "State", "HASC_1": "IN.GA", "GID_1": "IND.10_1", "join_name": "goa", "ISO_1": "IN-GA", "TYPE_1": "State", "NL_NAME_1": "NA", "CC_1": "NA", "NAME_1": "Goa", "COUNTRY": "India", "VARNAME_1": "Gôa", "GID_0": "IND", "pop": 55053.853141522231 }, "geometry": { "type": "Polygon", "coordinates": [ [ [ 74.348837882415893, 15.331164270729824 ], [ 74.08115541098438, 15.252521500136041 ], [ 74.053841743606839, 15.240274965797809 ], [ 73.971396246094045, 15.254842768197452 ], [ 73.961441306061516, 15.306170576662407 ], [ 73.760955216941667, 15.388478320123751 ], [ 73.786145631777813, 15.435170156291129 ], [ 73.587074604507094, 16.046246874395838 ], [ 73.510054970581677, 16.069521085260789 ], [ 73.541446026502641, 16.206565211963859 ], [ 73.523022429668629, 16.309286450840922 ], [ 73.649828034228776, 16.349913483858131 ], [ 73.665034215032165, 16.356215597603445 ], [ 73.784330392914868, 16.439847734100539 ], [ 73.890773540498841, 16.425111347780714 ], [ 73.965461963658441, 16.362685732199502 ], [ 74.22774559308705, 16.391978366517517 ], [ 74.444162855417375, 16.344533049506996 ], [ 74.553251118588094, 16.159819508009452 ], [ 74.626352703229315, 15.951569554596077 ], [ 74.673653133473152, 15.781392511906704 ], [ 74.588268774929887, 15.726816841066514 ], [ 74.584190869459178, 15.589803128110141 ], [ 74.458842176620976, 15.459904771207036 ], [ 74.440664319084007, 15.409381331837617 ], [ 74.349233386581503, 15.347907209293844 ], [ 74.35908817012232, 15.339689943450793 ], [ 74.348837882415893, 15.331164270729824 ] ] ] } },
{ "type": "Feature", "properties": { "gdp": 1029009.7408125672, "ENGTYPE_1": "State", "HASC_1": "IN.GJ", "GID_1": "IND.11_1", "join_name": "gujarat", "ISO_1": "IN-GJ", "TYPE_1": "State", "NL_NAME_1": "NA", "CC_1": "NA", "NAME_1": "Gujarat", "COUNTRY": "India", "VARNAME_1": "Goudjerate|Gujerat|Gujerate", "GID_0": "IND", "pop": 1029009.7408125672 }, "geometry": { "type": "Polygon", "coordinates": [ [ [ 73.055986734891462, 20.992603756480566 ], [ 73.020901690056121, 20.995933393288055 ], [ 72.9999009099284, 20.992924084829653 ], [ 72.937359344456439, 20.951436484763793 ], [ 72.862813001677139, 20.853581434500423 ], [ 72.817019811365995, 20.849199223058605 ], [ 72.846216094313917, 20.965063292776939 ], [ 72.906465662846983, 21.079388396692924 ], [ 73.03286037619857, 21.156452758634252 ], [ 73.111607379374888, 21.401340569678762 ], [ 73.14152036502098, 21.574246344357672 ], [ 73.094648007785992, 21.767479662285925 ], [ 73.088471245940056, 21.90881359183556 ], [ 73.038070212124353, 22.073858604673138 ], [ 73.041911490546227, 22.174346296877825 ], [ 73.164869757741442, 22.343342842556041 ], [ 73.121547600368643, 22.474924522573396 ], [ 73.182003436487719, 22.577556617444436 ], [ 73.16539787970143, 22.651649541252297 ], [ 73.070249593779479, 22.663420512839028 ], [ 73.167871177697222, 22.825734897383967 ], [ 73.111159286078362, 22.855346889597239 ], [ 73.127287175697361, 23.007509060278995 ], [ 73.225236703600174, 23.225482861599389 ], [ 73.372286675540593, 23.328083320931558 ], [ 73.374366842771494, 23.406666884788599 ], [ 73.190965585223609, 23.311170435498589 ], [ 73.088678220445061, 23.352878073760063 ], [ 73.03244877477988, 23.228035753485553 ], [ 72.932699303668969, 23.144260019638427 ], [ 72.860330354258167, 22.987848911981832 ], [ 72.75752312498787, 22.906361250495824 ], [ 72.796193329267211, 22.830890230783364 ], [ 72.759158508335574, 22.625774187750991 ], [ 72.790921591052609, 22.511865647124353 ], [ 72.627588170944662, 22.224941171778699 ], [ 72.491655293821822, 22.069306879710666 ], [ 72.424788831007731, 21.956205445857545 ], [ 72.448673125087041, 21.900065299939111 ], [ 72.049355083175669, 21.656977367122785 ], [ 71.850608482926745, 21.528140901801784 ], [ 71.726147377501974, 21.473996963283884 ], [ 71.652761617035367, 21.405110621100491 ], [ 71.473053044184354, 21.337634719179366 ], [ 71.268286704577818, 21.228400794611709 ], [ 71.099655366568143, 21.207664023269722 ], [ 70.96558871808422, 21.161078596073239 ], [ 70.835140067198466, 21.172783405815668 ], [ 70.670966083935838, 21.229440003304358 ], [ 70.505825224757601, 21.307935381749044 ], [ 70.335559058830384, 21.41615683320725 ], [ 70.135362803328206, 21.588190082055785 ], [ 69.791970980690749, 21.990534596280472 ], [ 69.758205742886915, 22.069938592666382 ], [ 69.65699932396376, 22.11554994942572 ], [ 69.347472858447347, 22.421001385047486 ], [ 69.12108735337209, 22.703372730522595 ], [ 69.085319632567575, 22.80600967887138 ], [ 69.163169318734106, 22.950033233034283 ], [ 69.226912723104746, 22.90358442943252 ], [ 69.320618981670833, 22.895006713375174 ], [ 69.294124227404623, 22.825587826737522 ], [ 69.351318546152484, 22.766046994923965 ], [ 69.460568980185542, 22.838162219783872 ], [ 69.536749363984001, 22.840084260234057 ], [ 69.677057264451804, 22.906953398119519 ], [ 69.733472004307416, 22.888403261273076 ], [ 69.855616202426901, 23.030691174863538 ], [ 69.927625321252719, 22.97135005246113 ], [ 70.027806088744185, 23.032932600585593 ], [ 70.123502204140877, 23.136669544082459 ], [ 70.238524617805936, 23.185790560525845 ], [ 70.395021683108169, 23.197131349810352 ], [ 70.526094352155923, 23.356038563440816 ], [ 70.527974602828209, 23.394378591549795 ], [ 70.899187800136488, 23.787625010064009 ], [ 70.80063825331699, 23.789567967837385 ], [ 70.71528623673936, 23.671665991747705 ], [ 70.615750846314725, 23.686961813964928 ], [ 70.442671128519677, 23.648538486124039 ], [ 70.393574925176111, 23.605738097399769 ], [ 70.088895826641902, 23.525729271643137 ], [ 69.945192625143775, 23.447388213254719 ], [ 69.885246755991531, 23.348079988578611 ], [ 69.682795131587326, 23.383345891801884 ], [ 69.375928711276273, 23.401924526719764 ], [ 68.982367228837148, 23.625488734473116 ], [ 68.848846897652464, 23.731536574539806 ], [ 68.92421334353152, 23.82249738559959 ], [ 68.908847889019043, 23.878774009501967 ], [ 68.83835835247146, 23.908523562413485 ], [ 68.793584924451096, 23.990274134008502 ], [ 68.804610043949552, 24.150351457940616 ], [ 68.887713705891599, 24.243116080770985 ], [ 68.966512303896536, 24.291942615845333 ], [ 68.986838750121834, 24.369917939623775 ], [ 68.927490812478439, 24.406303532325268 ], [ 68.913348454744508, 24.484277700165375 ], [ 69.123745545658451, 24.510209165038635 ], [ 69.196221679587524, 24.825850264595751 ], [ 69.267570421676751, 24.858092631103865 ], [ 69.27203885984737, 24.765209377233067 ], [ 69.361270078891124, 24.824916112671044 ], [ 69.454281172440318, 24.811123920910699 ], [ 69.548378835857946, 24.862683984928179 ], [ 69.64688429886985, 24.847844002407754 ], [ 69.788463191062846, 24.909420133298401 ], [ 69.995524245994815, 24.927983628599794 ], [ 70.11435028642002, 24.971493651679051 ], [ 70.227286257674905, 24.903008311983427 ], [ 70.558303255092014, 24.959109673077052 ], [ 70.624478601244874, 24.986852016687756 ], [ 70.733629230424569, 25.098213874620541 ], [ 71.100951597025343, 25.224336512838335 ], [ 71.407168573226983, 25.336249743568487 ], [ 71.374188005930534, 25.169013472296392 ], [ 71.66843738305036, 25.20442004071284 ], [ 71.935354787588864, 25.368555472454698 ], [ 72.09551499203927, 25.409319280496934 ], [ 72.211430043282704, 25.49586081873856 ], [ 72.043786356341116, 25.473339447807014 ], [ 72.097455925413684, 25.610045925133999 ], [ 72.295207385627222, 25.70942178230403 ], [ 72.308632724864694, 25.703562374539803 ], [ 72.378163234028548, 25.703136731800225 ], [ 72.468798996537117, 25.704600648840557 ], [ 72.648771360654138, 25.731421031916124 ], [ 72.775932791139169, 25.779904753584905 ], [ 72.901380022186203, 25.786599528807919 ], [ 72.939758761930079, 25.766452320481207 ], [ 73.070698469215074, 25.786357069023811 ], [ 73.119605982366991, 25.762421940035157 ], [ 73.262308842982037, 25.795056242551315 ], [ 73.28988587469118, 25.76696879743595 ], [ 73.369145358258464, 25.737802160201685 ], [ 73.400373985063482, 25.745124540588922 ], [ 73.456855740000279, 25.693589790500539 ], [ 73.502748092049615, 25.694363446659295 ], [ 73.596308490668321, 25.612970068382161 ], [ 73.64618090020241, 25.652520477712784 ], [ 73.736644478466658, 25.615765093125695 ], [ 73.803101686511084, 25.56281803045669 ], [ 73.985408735067821, 25.532080738988881 ], [ 73.974824715981754, 25.57194513990591 ], [ 74.051555543581728, 25.57519881945943 ], [ 74.05937667384957, 25.5339665871827 ], [ 74.13561497310225, 25.50274374909274 ], [ 74.08675194454139, 25.438706356786529 ], [ 74.203337425668835, 25.379860023037512 ], [ 74.231463358340022, 25.331852963036674 ], [ 74.284674805443032, 25.350045566507212 ], [ 74.350984421782087, 25.334063858291699 ], [ 74.374618692223123, 25.264432148924445 ], [ 74.338780111264768, 25.230250779612142 ], [ 74.379604055937179, 25.181176207598259 ], [ 74.533974707777233, 25.070257959906641 ], [ 74.611629639287955, 25.035384264615203 ], [ 74.623937466496585, 24.887813442764422 ], [ 74.792179375135277, 24.854300949174512 ], [ 74.88440045206805, 24.728646402926891 ], [ 74.944553838849103, 24.756201577776572 ], [ 74.962159803696579, 24.73526762567991 ], [ 75.088961444701184, 24.646213065663151 ], [ 75.107782667868491, 24.638385924553248 ], [ 75.163772250000079, 24.518289005910567 ], [ 75.299024246738213, 24.494091812877805 ], [ 75.413531168611016, 24.375879824537186 ], [ 75.489362530141122, 24.295152598519671 ], [ 75.472661150154451, 24.297083998259541 ], [ 75.514276632855655, 24.237831655880612 ], [ 75.616005179831021, 24.230681963434115 ], [ 75.632437451703495, 24.153187191003212 ], [ 75.560878496795681, 24.091529203796565 ], [ 75.540657896086387, 24.023350275988609 ], [ 75.409810810484089, 24.028205119872993 ], [ 75.332045528719632, 23.960274186702993 ], [ 75.229604953434475, 23.919696327640459 ], [ 75.195975525504807, 23.838154951874586 ], [ 75.351995325657384, 23.853768016905814 ], [ 75.391812970996583, 23.818251527716576 ], [ 75.29387941424261, 23.769254898051003 ], [ 75.148784059811575, 23.769805906207822 ], [ 75.127383035506782, 23.653350429075086 ], [ 75.181546040715716, 23.646680213294449 ], [ 75.160773756116853, 23.509361118085202 ], [ 75.100986140187302, 23.454459120916511 ], [ 75.119908142487446, 23.455739706368178 ], [ 75.141418483482184, 23.422829171441673 ], [ 75.131737207441674, 23.420254692064251 ], [ 74.719285747897501, 23.193162807458531 ], [ 74.750280266088339, 23.109710843064633 ], [ 74.717487226321097, 23.039196709382132 ], [ 74.625126601722712, 22.968522003852613 ], [ 74.622632500454259, 22.86745826103445 ], [ 74.871775999319965, 22.994786477132635 ], [ 74.920408796671239, 23.016769095715745 ], [ 74.989005251731399, 23.027567924767325 ], [ 75.009576643995587, 23.033656593501043 ], [ 75.021971756144609, 23.044003773985668 ], [ 75.05225501808917, 23.042875185552564 ], [ 75.058558374071211, 23.025215738377319 ], [ 75.190452779609629, 23.08279152192037 ], [ 75.188401026124083, 23.007140409560041 ], [ 75.128436569471077, 22.985663034331228 ], [ 75.118110423955656, 22.974202490005965 ], [ 75.090099096209215, 22.98052807460898 ], [ 75.072337772149339, 22.976441649860064 ], [ 74.927088120399517, 22.912284330476147 ], [ 74.904731558302856, 22.904891511251986 ], [ 74.699746421460119, 22.790215952506536 ], [ 74.641190522372852, 22.674304753601092 ], [ 74.482957560881289, 22.593406862192161 ], [ 74.426837432058377, 22.474951555237848 ], [ 74.324689869164658, 22.436365929396349 ], [ 74.272282378823235, 22.283471849366741 ], [ 74.41509637678287, 22.207037079176907 ], [ 74.441631420986752, 22.105779372218564 ], [ 74.407000345840132, 22.012133480781774 ], [ 74.248127235141624, 21.891838075450135 ], [ 74.221814113787204, 21.791084098319622 ], [ 74.068533145901227, 21.685033303277198 ], [ 73.931956167673889, 21.676628060884763 ], [ 73.932514957614316, 21.710629054243224 ], [ 73.915557888991941, 21.723055888411594 ], [ 73.88075272234822, 21.729420232922841 ], [ 73.800217991685756, 21.737523011941093 ], [ 73.67220708062402, 21.653835831071273 ], [ 73.684638470942559, 21.644821738361991 ], [ 73.738533447925377, 21.61033933349638 ], [ 73.696206676599914, 21.498097736690685 ], [ 73.579884453907439, 21.335735715076428 ], [ 73.53533223537903, 21.120863985783444 ], [ 73.400508174780143, 21.08677261910584 ], [ 73.294792144552829, 20.982246627523246 ], [ 73.28857262368895, 20.966437715801518 ], [ 73.277137926323888, 20.954955679509336 ], [ 73.260962059185516, 21.042680974124366 ], [ 73.189901964744337, 21.051399221813696 ], [ 73.155278200223691, 21.109935768334932 ], [ 73.058735249601185, 21.081674126966472 ], [ 73.055986734891462, 20.992603756480566 ] ] ] } },
{ "type": "Feature", "properties": { "gdp": 495504.10640162957, "ENGTYPE_1": "State", "HASC_1": "IN.HR", "GID_1": "IND.12_1", "join_name": "haryana", "ISO_1": "IN-HR", "TYPE_1": "State", "NL_NAME_1": "NA", "CC_1": "NA", "NAME_1": "Haryana", "COUNTRY": "India", "VARNAME_1": "NA", "GID_0": "IND", "pop": 495504.10640162957 }, "geometry": { "type": "MultiPolygon", "coordinates": [ [ [ [ 75.55593421218461, 26.636350945691049 ], [ 75.550387552310411, 26.624657153892333 ], [ 75.480172817577397, 26.666381834286867 ], [ 75.460334647891443, 26.676097856185862 ], [ 75.409224229554027, 26.678321353018983 ], [ 75.400369149597594, 26.673244567490919 ], [ 75.489206646631075, 26.578765612277952 ], [ 75.305471692678267, 26.66246587144488 ], [ 75.248019671038037, 26.736183412066389 ], [ 75.257823909112034, 26.759358045946847 ], [ 75.225252644446911, 26.800152346105467 ], [ 75.240275847187036, 26.830225294722339 ], [ 75.074201408575988, 26.971912649626937 ], [ 74.958534683993179, 27.049916006324835 ], [ 74.919116455336081, 27.091596345703447 ], [ 74.765299196830171, 27.216032089608557 ], [ 74.680717671810854, 27.298856553022176 ], [ 74.525881100946819, 27.561511440760171 ], [ 74.492003245911818, 27.757277368640818 ], [ 74.436872168208893, 27.772050800565797 ], [ 74.358750164766832, 27.976352377315894 ], [ 74.377494475045651, 28.065801731114014 ], [ 74.358191279493568, 28.22730315853239 ], [ 74.214114592825013, 28.13180260387438 ], [ 74.186286034424356, 28.236992811824354 ], [ 74.162962747723654, 28.215152619176628 ], [ 74.14429878145009, 28.374114322664798 ], [ 74.112745866121884, 28.446293287866368 ], [ 74.088122887755219, 28.351090446196967 ], [ 74.03775916130121, 28.36848459252257 ], [ 74.001615954397238, 28.430770621650257 ], [ 74.011794573525961, 28.700362172812177 ], [ 73.994311071634371, 28.747164087034047 ], [ 74.027933994436324, 29.149430410670202 ], [ 73.957862162248773, 29.113755205541821 ], [ 73.999094091853479, 29.418397830776907 ], [ 74.018373453765619, 29.497532051869456 ], [ 74.047092242242414, 29.442716292660197 ], [ 74.076241069741826, 29.432869477475037 ], [ 74.127906775465121, 29.561316285901981 ], [ 74.203590567120997, 29.626485931729604 ], [ 74.270166503991646, 29.579377882382154 ], [ 74.278269063435047, 29.451669234830668 ], [ 74.342816744364896, 29.530118487237814 ], [ 74.347838589673842, 29.422326683185368 ], [ 74.411749696506092, 29.520614979119134 ], [ 74.400550366830146, 29.379460781178917 ], [ 74.298050334024822, 29.084956324801816 ], [ 74.364492480505234, 29.08201364571579 ], [ 74.575102915295545, 29.510800778127681 ], [ 74.654787297384033, 29.598784017919893 ], [ 75.034492872524865, 29.731687402507529 ], [ 75.151908823762838, 29.851525451973526 ], [ 75.425748400124277, 29.964333395306635 ], [ 75.470535762784522, 29.827207438587575 ], [ 75.905083840220257, 29.967196987475379 ], [ 76.499461763031121, 30.396291003215612 ], [ 76.427860505649647, 30.45138707063948 ], [ 76.526012976437102, 30.638819353830495 ], [ 76.706067097544704, 30.79137658309125 ], [ 76.854382539253564, 30.783894643367173 ], [ 77.031213986350181, 30.819733656813685 ], [ 77.141455700606286, 30.748366687772844 ], [ 77.319054049082141, 30.7682860730269 ], [ 77.331662483988737, 30.852280813497572 ], [ 77.268188733180097, 30.898672340132851 ], [ 77.437314073302659, 30.966620565704279 ], [ 77.441346218293731, 31.018396359659793 ], [ 77.665992825436405, 30.971239358265773 ], [ 77.671036986919106, 30.97796998280425 ], [ 77.622083877694706, 31.009993243386262 ], [ 77.716660486551945, 31.126067261536267 ], [ 77.67969240148561, 31.140277788434105 ], [ 77.69104691898356, 31.143380225852901 ], [ 77.869489271712979, 31.24964939886933 ], [ 77.780275554001449, 31.826807813963349 ], [ 77.844787818552931, 31.782260194177773 ], [ 77.895214303764206, 31.718866632906916 ], [ 77.987527317892003, 31.46127543457229 ], [ 77.965084019214999, 31.250995799510871 ], [ 77.949682720412554, 31.203304906927823 ], [ 77.930316715521215, 31.178339653401917 ], [ 77.957986445505639, 31.063745662880688 ], [ 78.080081046169127, 31.039190517287086 ], [ 78.165459493045063, 30.963720257110467 ], [ 78.295310426153094, 30.91871390418104 ], [ 78.312559032330654, 30.838606019027974 ], [ 78.254468885894966, 30.727704524418396 ], [ 78.21077327260663, 30.716289169617479 ], [ 78.20440302300571, 30.695664172234871 ], [ 78.212764349780997, 30.689624274981636 ], [ 78.208768498304238, 30.673144022241718 ], [ 78.101994050566262, 30.630648208337153 ], [ 78.041982795522316, 30.519247626087765 ], [ 78.064257087333488, 30.306741619318899 ], [ 78.044625676801672, 30.304910551918116 ], [ 78.016899426509042, 30.205675054360565 ], [ 78.185307436100715, 29.879602144239918 ], [ 78.152185041180545, 29.83285216840439 ], [ 78.197301327717938, 29.660820419364562 ], [ 78.465932615018147, 29.567144248108725 ], [ 78.488183379385703, 29.542556172512846 ], [ 78.684798489873103, 29.420643011195242 ], [ 78.64853721100377, 29.433862009352126 ], [ 78.638333467956386, 29.431572387314887 ], [ 78.136960760961912, 29.477006808068253 ], [ 76.847397027787295, 28.827937973899399 ], [ 76.54680863326179, 27.422186689693937 ], [ 75.994052528864884, 26.865195865207252 ], [ 76.002051349101109, 26.719734950434173 ], [ 76.422500264040465, 26.446384968863125 ], [ 76.960964179374159, 26.230098741207023 ], [ 77.601127716369973, 26.052380746260582 ], [ 77.601691919860485, 26.052307986613314 ], [ 78.177574508516784, 26.090346658341094 ], [ 77.935520640705946, 26.02251246942506 ], [ 77.919972651723, 25.999587188217472 ], [ 77.709031675408767, 25.980918961777913 ], [ 77.684383155873164, 25.97802317324998 ], [ 77.376021689128621, 26.017353413572049 ], [ 77.23163485450516, 26.036699018554838 ], [ 77.184431274414848, 26.048529812019837 ], [ 76.951477554142585, 26.109860933686537 ], [ 76.564511384574317, 26.193536602131356 ], [ 76.520232590608643, 26.173593062988374 ], [ 76.339322009870571, 26.247861505984869 ], [ 76.404820944037013, 26.271750058018839 ], [ 76.375616935966718, 26.336357595436446 ], [ 76.487190346900761, 26.345968790611703 ], [ 76.16449163139589, 26.47712623673462 ], [ 76.092671191648506, 26.479713936396347 ], [ 75.879513679331041, 26.529395638004118 ], [ 75.88479154198545, 26.518328228881352 ], [ 75.755729444212321, 26.552493956998671 ], [ 75.654948622244902, 26.631697935104992 ], [ 75.540852215963938, 26.672221179306916 ], [ 75.55593421218461, 26.636350945691049 ] ] ], [ [ [ 77.844622369486544, 31.782468009945724 ], [ 77.796789604713723, 31.837951727633396 ], [ 77.815908278865876, 31.818517304734097 ], [ 77.844622369486544, 31.782468009945724 ] ] ], [ [ [ 78.186272739887784, 26.09277342707891 ], [ 78.835199630556971, 26.602277473731014 ], [ 78.820742904476148, 26.584114953061057 ], [ 78.790042963018536, 26.546602301137117 ], [ 78.777773761495723, 26.532036831447087 ], [ 78.607711985634154, 26.360945496743717 ], [ 78.446020049259658, 26.228811202278127 ], [ 78.361718586493922, 26.173672127724021 ], [ 78.248878400839658, 26.110217934294671 ], [ 78.186272739887784, 26.09277342707891 ] ] ], [ [ [ 77.611002062277493, 31.943331550015071 ], [ 77.420436966951868, 32.056924586224604 ], [ 77.271628013845302, 32.114867210433381 ], [ 77.357012702779826, 32.095178177943943 ], [ 77.423679834348846, 32.071666230001007 ], [ 77.611002062277493, 31.943331550015071 ] ] ] ] } },
{ "type": "Feature", "properties": { "gdp": 114239.40708921342, "ENGTYPE_1": "UnionTerritory", "HASC_1": "IN.HP", "GID_1": "IND.13_1", "join_name": "himachalpradesh", "ISO_1": "IN-HP", "TYPE_1": "UnionTerritor", "NL_NAME_1": "NA", "CC_1": "NA", "NAME_1": "HimachalPradesh", "COUNTRY": "India", "VARNAME_1": "NA", "GID_0": "IND", "pop": 114239.40708921342 }, "geometry": { "type": "Polygon", "coordinates": [ [ [ 77.844787818552931, 31.782260194177773 ], [ 77.423679834348846, 32.071666230001007 ], [ 77.357012702779826, 32.095178177943943 ], [ 77.271628013845302, 32.114867210433381 ], [ 77.205205218880437, 32.163196647128089 ], [ 77.112475792512058, 32.205643208252212 ], [ 77.093983941526716, 32.439662726677142 ], [ 76.926747698165514, 32.635470133411722 ], [ 76.871062029960839, 32.776195754248498 ], [ 76.849836741394228, 32.650305474432699 ], [ 76.772079034038512, 32.633907162074955 ], [ 76.767160283672609, 32.784991309716531 ], [ 76.702231513096194, 33.114777661375463 ], [ 76.669862213916971, 33.241841693651011 ], [ 76.684309225004242, 33.254331544870119 ], [ 76.65764791603992, 33.304807262202054 ], [ 76.606212379967985, 33.320380255170548 ], [ 76.528392909588419, 33.351145382191142 ], [ 76.552326420460474, 33.369898817497358 ], [ 76.541671120007067, 33.396315607386413 ], [ 76.587848484279903, 33.407425279508622 ], [ 76.624044059190709, 33.428223638176178 ], [ 76.653509749114193, 33.43338678214139 ], [ 76.644991981875066, 33.438576425509609 ], [ 76.620357786968711, 33.450497340615179 ], [ 76.620427595140612, 33.463136127149106 ], [ 76.628739477800025, 33.468541174345312 ], [ 76.617673474723532, 33.491466037853876 ], [ 76.564991958395126, 33.524661628435148 ], [ 76.585446048544398, 33.525434761538193 ], [ 76.611624287266707, 33.511927704372745 ], [ 76.635702704775952, 33.511594081175311 ], [ 76.652244626404098, 33.521303865803439 ], [ 76.701911031657858, 33.516563607587038 ], [ 76.709038934347006, 33.526799452362951 ], [ 76.749031930114, 33.536200613560382 ], [ 76.825952216624813, 33.537392771218464 ], [ 76.842709156049594, 33.529761166693447 ], [ 76.907696732077895, 33.543453039351164 ], [ 76.926122983302037, 33.512952792253337 ], [ 76.943707410907777, 33.506934046799579 ], [ 76.973602431932818, 33.508915700284852 ], [ 76.973983098257293, 33.498192250625557 ], [ 77.00525037698047, 33.484185271439451 ], [ 77.018076232152268, 33.495700094747725 ], [ 77.032266098675137, 33.493234594384454 ], [ 77.060028088697734, 33.511258061822254 ], [ 77.08612375636207, 33.520702594536502 ], [ 77.101091882586061, 33.505368926696988 ], [ 77.094598246968474, 33.495763136178546 ], [ 77.138298838280633, 33.465492165235254 ], [ 77.140500929944707, 33.448738621279887 ], [ 77.190113169091305, 33.406628505527749 ], [ 77.221827733349997, 33.395024925319241 ], [ 77.228657805662536, 33.414725376618733 ], [ 77.304906236153272, 33.389212092953898 ], [ 77.319902302190755, 33.387755656674777 ], [ 77.392624272418971, 33.399029635792473 ], [ 77.428623529669849, 33.387243512148331 ], [ 77.581145992640131, 33.271011552414265 ], [ 77.485433871056344, 33.284991681970418 ], [ 77.611213076374113, 33.182492232869613 ], [ 77.702871255269841, 33.168283740250104 ], [ 77.812335587833587, 33.085944318580687 ], [ 77.960254923813181, 33.001952546971467 ], [ 77.939896432443575, 32.950133793254778 ], [ 78.037610985421267, 32.838913925445354 ], [ 78.201513094918539, 32.758290463191898 ], [ 78.215485413585299, 32.70373258492252 ], [ 78.538745943264757, 32.458188442854194 ], [ 78.587032750067792, 32.436304020631773 ], [ 78.590320669703303, 32.268566450420998 ], [ 78.69900981461609, 32.109722200804093 ], [ 78.826100848097582, 31.997658469291711 ], [ 78.758508504105492, 31.94198910222239 ], [ 78.877151450351406, 31.806371416490602 ], [ 78.980852759822099, 31.636438979972695 ], [ 79.075362540696418, 31.525137615894796 ], [ 79.081272320391193, 31.508828225301183 ], [ 79.100661790144088, 31.48999512494154 ], [ 79.190797229531782, 31.355553794059993 ], [ 79.205060838089778, 31.323076684276987 ], [ 79.142907671029121, 31.346638608983202 ], [ 79.135553533919889, 31.348859488150573 ], [ 79.119954051942514, 31.343144607730647 ], [ 79.101009543889703, 31.359727645598667 ], [ 78.998157169367786, 31.500347876717942 ], [ 78.872906781673876, 31.554829863687925 ], [ 78.798790191347123, 31.622947663499943 ], [ 78.691095276817265, 31.642987812315148 ], [ 78.54179848755399, 31.803215186944648 ], [ 78.47507695221681, 31.838460550390252 ], [ 78.446118342943905, 31.803051842335261 ], [ 78.348254494325786, 31.812518010034427 ], [ 78.213596616030003, 31.85577218971164 ], [ 78.201754398445331, 31.760591661170938 ], [ 78.28432284598064, 31.498263970246189 ], [ 78.265517292413904, 31.389392578304456 ], [ 78.383491522221675, 31.178155566045266 ], [ 78.390853447681337, 31.098227682520356 ], [ 78.453105431501328, 31.027874381840839 ], [ 78.445504991872312, 31.010072433146895 ], [ 78.287852738178287, 30.969713331871358 ], [ 78.275417737734898, 30.958033491061762 ], [ 78.279056010210667, 30.943616248037763 ], [ 78.295310426153094, 30.91871390418104 ], [ 78.165459493045063, 30.963720257110467 ], [ 78.080081046169127, 31.039190517287086 ], [ 77.957986445505639, 31.063745662880688 ], [ 77.930316715521215, 31.178339653401917 ], [ 77.949682720412554, 31.203304906927823 ], [ 77.965084019214999, 31.250995799510871 ], [ 77.987527317892003, 31.46127543457229 ], [ 77.895214303764206, 31.718866632906916 ], [ 77.844787818552931, 31.782260194177773 ] ], [ [ 77.844622369486544, 31.782468009945724 ], [ 77.815908278865876, 31.818517304734097 ], [ 77.796789604713723, 31.837951727633396 ], [ 77.844622369486544, 31.782468009945724 ] ] ] } },
{ "type": "Feature", "properties": { "gdp": 117167.95243207288, "ENGTYPE_1": "State", "HASC_1": "IN.JK", "GID_1": "Z01.14_1", "join_name": "jammuandkashmir", "ISO_1": "NA", "TYPE_1": "State", "NL_NAME_1": "NA", "CC_1": "NA", "NAME_1": "JammuandKashmir", "COUNTRY": "India", "VARNAME_1": "NA", "GID_0": "Z01", "pop": 117167.95243207288 }, "geometry": { "type": "Polygon", "coordinates": [ [ [ 77.702871255269841, 33.168283740250104 ], [ 77.611213076374113, 33.182492232869613 ], [ 77.485433871056344, 33.284991681970418 ], [ 77.581145992640131, 33.271011552414265 ], [ 77.428623529669849, 33.387243512148331 ], [ 77.392624272418971, 33.399029635792473 ], [ 77.319902302190755, 33.387755656674777 ], [ 77.304906236153272, 33.389212092953898 ], [ 77.228657805662536, 33.414725376618733 ], [ 77.221827733349997, 33.395024925319241 ], [ 77.190113169091305, 33.406628505527749 ], [ 77.140500929944707, 33.448738621279887 ], [ 77.138298838280633, 33.465492165235254 ], [ 77.094598246968474, 33.495763136178546 ], [ 77.101091882586061, 33.505368926696988 ], [ 77.08612375636207, 33.520702594536502 ], [ 77.060028088697734, 33.511258061822254 ], [ 77.032266098675137, 33.493234594384454 ], [ 77.018076232152268, 33.495700094747725 ], [ 77.00525037698047, 33.484185271439451 ], [ 76.973983098257293, 33.498192250625557 ], [ 76.973602431932818, 33.508915700284852 ], [ 76.943707410907777, 33.506934046799579 ], [ 76.926122983302037, 33.512952792253337 ], [ 76.907696732077895, 33.543453039351164 ], [ 76.842709156049594, 33.529761166693447 ], [ 76.825952216624813, 33.537392771218464 ], [ 76.749031930114, 33.536200613560382 ], [ 76.709038934347006, 33.526799452362951 ], [ 76.701911031657858, 33.516563607587038 ], [ 76.652244626404098, 33.521303865803439 ], [ 76.635702704775952, 33.511594081175311 ], [ 76.611624287266707, 33.511927704372745 ], [ 76.585446048544398, 33.525434761538193 ], [ 76.564991958395126, 33.524661628435148 ], [ 76.617673474723532, 33.491466037853876 ], [ 76.628739477800025, 33.468541174345312 ], [ 76.61165507793902, 33.458145443198127 ], [ 76.574924752371942, 33.440583182726371 ], [ 76.480801467960774, 33.415416550270216 ], [ 76.415464046134105, 33.410316283677012 ], [ 76.307276429977819, 33.426449412027281 ], [ 76.213601817288094, 33.381451124357795 ], [ 76.070894795335448, 33.339959388341924 ], [ 75.769459917812611, 33.21613641323016 ], [ 75.78135491169175, 33.282634457587349 ], [ 75.901271660796269, 33.348890614153731 ], [ 75.863437835131904, 33.376140710072143 ], [ 75.682525550023328, 33.313850198923291 ], [ 75.591236344525413, 33.308200579732322 ], [ 75.567810763225339, 33.365013486441356 ], [ 75.414622670958025, 33.33646903384701 ], [ 75.531871283387801, 33.409545958968643 ], [ 75.283653866284084, 33.37732684961599 ], [ 75.263191519590805, 33.409290460476107 ], [ 75.135342163080665, 33.43127348211889 ], [ 75.200971154256592, 33.491578481429094 ], [ 75.383190838235464, 33.572705555136871 ], [ 75.396395220232478, 33.623822592573191 ], [ 75.263510984464702, 33.662377927947425 ], [ 75.147798163258344, 33.659020794007816 ], [ 75.061914099937866, 33.752839076595116 ], [ 75.201711330607878, 33.792922790111163 ], [ 75.416926905177803, 33.805723769723592 ], [ 75.58578144661756, 33.839529282731995 ], [ 75.477023800869546, 33.90369121960407 ], [ 74.949522577253688, 33.93480840807868 ], [ 74.949712331164676, 33.99219362663947 ], [ 75.046766263349411, 34.042285099108419 ], [ 75.036309095136431, 34.077266113251326 ], [ 74.904866473466853, 34.153790460389118 ], [ 74.71389318930396, 34.171712732425469 ], [ 74.723494459274676, 34.211523246061731 ], [ 74.874759876916144, 34.251861142951 ], [ 74.923756998794531, 34.300406478591427 ], [ 74.906208819748159, 34.392833635309266 ], [ 75.153869523587375, 34.346104862476686 ], [ 75.33231431456808, 34.382404567280581 ], [ 75.430318389222435, 34.361821127584086 ], [ 75.750430986764286, 34.243695113604353 ], [ 75.95845883151307, 34.128291194020292 ], [ 76.261125536570177, 34.004330522665512 ], [ 76.343668313225592, 33.967328051513235 ], [ 76.389842150128857, 33.965455132706794 ], [ 76.429315126791451, 33.956179534561151 ], [ 76.451467641782415, 33.938377561204469 ], [ 76.543223200509999, 33.941280661585459 ], [ 76.623888019569961, 33.980348145731305 ], [ 76.65549741762608, 33.980044603187444 ], [ 76.721940773733508, 33.999191238258717 ], [ 76.74564340284779, 34.008260339870468 ], [ 76.771976703796781, 34.003492654120706 ], [ 76.803191333569359, 34.002754169102523 ], [ 76.821195783635019, 34.015360440231284 ], [ 76.818235657177311, 34.02479871663612 ], [ 76.849589140778576, 34.035706843075445 ], [ 76.888205851340786, 34.030991496772295 ], [ 76.886893238416022, 34.045666576889346 ], [ 76.924530549924924, 34.051090991237935 ], [ 77.201235801495045, 34.33507983530442 ], [ 77.480123473874372, 34.650590206801986 ], [ 77.467063330906967, 34.567049128395084 ], [ 77.602108511567465, 34.691530706550715 ], [ 77.684605994337701, 34.694065553445299 ], [ 77.526510799984962, 34.547020397131561 ], [ 77.442596121662717, 34.382738901100403 ], [ 77.451116462565977, 34.303397141215974 ], [ 77.342926489429161, 34.198583269608328 ], [ 77.293665920722219, 34.068143010982133 ], [ 77.260458067294181, 34.009654798272706 ], [ 77.282112920672716, 33.980765067875673 ], [ 77.364910105037524, 33.999230309233241 ], [ 77.374799764934522, 33.984746546054701 ], [ 77.609655214335859, 34.059407140901122 ], [ 77.718004089539136, 34.050191200625179 ], [ 78.205064792742007, 34.02370639030903 ], [ 78.115933212981489, 33.95742392327309 ], [ 77.936579361890423, 33.908016487807458 ], [ 77.605721272678949, 33.845331594330467 ], [ 77.65193159653478, 33.814649944338576 ], [ 77.540500528800223, 33.769196748099574 ], [ 77.653962364628228, 33.720672334990091 ], [ 77.5283444048506, 33.700461275306033 ], [ 77.825353085450445, 33.607621895068029 ], [ 78.361067826183614, 33.441112950731942 ], [ 78.398873524244408, 33.394758098044363 ], [ 78.577886004891596, 33.341968919703021 ], [ 78.615864165829876, 33.215086470800564 ], [ 78.76662928688161, 33.162107286336514 ], [ 78.874886701441213, 32.996175655356467 ], [ 78.930429833811502, 32.873301957726717 ], [ 78.92713510474853, 32.767873648564773 ], [ 78.820352959686943, 32.766369594307186 ], [ 78.763902933379981, 32.702932409837459 ], [ 78.673856369402031, 32.699353938076861 ], [ 78.332477309629795, 32.923046920925493 ], [ 78.256462505837874, 33.038180799685648 ], [ 78.121474935945713, 33.144809650149767 ], [ 78.003355631546924, 33.124948085380659 ], [ 77.827256652937393, 33.17773965975735 ], [ 77.702871255269841, 33.168283740250104 ] ] ] } },
{ "type": "Feature", "properties": { "gdp": 206612.8, "ENGTYPE_1": "State", "HASC_1": "IN.JH", "GID_1": "IND.15_1", "join_name": "jharkhand", "ISO_1": "IN-JH", "TYPE_1": "State", "NL_NAME_1": "NA", "CC_1": "NA", "NAME_1": "Jharkhand", "COUNTRY": "India", "VARNAME_1": "Vananchal", "GID_0": "IND", "pop": 206612.8 }, "geometry": { "type": "Polygon", "coordinates": [ [ [ 83.950196378369128, 22.128985572986995 ], [ 83.932299352989347, 22.120254263365542 ], [ 84.102597662389257, 22.343007212197247 ], [ 84.178888819759493, 22.570344232774456 ], [ 83.984798641927867, 22.402182992421857 ], [ 83.938435539381032, 22.405603403054215 ], [ 83.857525630309269, 22.339723273891753 ], [ 83.757327968306726, 22.306868136438105 ], [ 83.61991822588746, 22.241416687330378 ], [ 83.49697495815272, 22.153983819281109 ], [ 83.34188487864904, 22.092684727163572 ], [ 83.264018308581512, 22.085259395550921 ], [ 83.248902164457959, 22.13358428310049 ], [ 83.152037609497611, 22.133767221202277 ], [ 83.171746095932235, 22.172291430225812 ], [ 83.281022221065129, 22.263714715713473 ], [ 83.361051927929324, 22.297296856022527 ], [ 83.507909017849201, 22.409998701306971 ], [ 83.758072173672872, 22.668124808463556 ], [ 83.856297152849052, 22.746634172804459 ], [ 83.872669397516319, 22.768417692471882 ], [ 83.938362111279403, 22.863679506439166 ], [ 83.741197448649885, 22.758686724538926 ], [ 83.647020375301082, 22.841774888153331 ], [ 83.85466301012417, 23.06564542732978 ], [ 83.738212159706137, 23.041973039894344 ], [ 84.00036884724625, 23.294822915656592 ], [ 83.832662201576156, 23.207509115050144 ], [ 83.621448111705959, 23.152595887874874 ], [ 83.586365104479455, 23.200164719328797 ], [ 83.645839089308026, 23.270750255967421 ], [ 83.631186743950579, 23.312762198407871 ], [ 83.493972038057237, 23.305101591057394 ], [ 83.445055946323734, 23.372738883380975 ], [ 83.461759924789106, 23.420659911378351 ], [ 83.426124729948441, 23.42335131380867 ], [ 83.275439278019249, 23.441061032013724 ], [ 83.249541771448179, 23.43994373576788 ], [ 83.44680292750283, 23.660310308140698 ], [ 83.396260763567184, 23.737358526183002 ], [ 83.417814004211891, 23.773773299951017 ], [ 83.560702091487343, 23.802603655291104 ], [ 83.874598199775349, 23.804554026964727 ], [ 84.224076266802001, 23.840866015723496 ], [ 84.311528782828333, 23.884972284725084 ], [ 84.371936543200576, 23.870616261537677 ], [ 84.43103272840662, 23.812997254389369 ], [ 84.48635052471856, 23.842710398758449 ], [ 84.541130744670482, 23.816470485480835 ], [ 84.54401829671616, 23.782947239682002 ], [ 84.577338697737446, 23.766613421402205 ], [ 84.585031092563369, 23.750633391026494 ], [ 84.608431136080128, 23.795717447372311 ], [ 84.625393725596197, 23.79296937662955 ], [ 84.632131497030727, 23.815050274607117 ], [ 84.661280971301906, 23.845341275618676 ], [ 84.66779074439529, 23.805576315160156 ], [ 84.678142788689314, 23.803909015820004 ], [ 84.690890608729731, 23.825030468925128 ], [ 84.703713628410469, 23.825656172461901 ], [ 84.736816695790679, 23.876180717660947 ], [ 84.776420646055058, 23.906386002732802 ], [ 84.796981509452451, 23.931986836649408 ], [ 84.814379888764861, 23.938362083888777 ], [ 84.821236435455589, 23.961465253200224 ], [ 84.859607626598816, 24.02346796471306 ], [ 84.889087346911467, 24.032430716179029 ], [ 84.894491550160012, 24.017096796853341 ], [ 84.923930637864061, 24.044083006272764 ], [ 84.928867386563951, 24.047551827190539 ], [ 84.929409163058921, 24.020223322328597 ], [ 84.920078840264921, 23.990360600860626 ], [ 84.95233797918236, 24.008030689594406 ], [ 84.941913268414851, 23.980166563284389 ], [ 84.942813493194237, 23.938931163392457 ], [ 84.953082324163105, 23.943603901248579 ], [ 84.982332060709012, 23.995122355757282 ], [ 85.04631282800564, 24.065155378738471 ], [ 85.058005468052698, 24.061392243647475 ], [ 85.130061271009495, 24.120103641810015 ], [ 85.134676629778127, 24.102434678616344 ], [ 85.218212392656355, 24.178439531709735 ], [ 85.292945316934805, 24.221830699106569 ], [ 85.395776454601261, 24.342748785943382 ], [ 85.466844461583349, 24.44894908881831 ], [ 85.639369548323856, 24.65427201965268 ], [ 86.054767594241724, 25.182682586442777 ], [ 86.374163836146039, 25.426594939008517 ], [ 86.612909916608928, 25.648601521043066 ], [ 86.883686501932104, 25.778528490303437 ], [ 86.971577566227893, 25.870429251070345 ], [ 87.368152354614423, 26.006784463799033 ], [ 87.390243737259794, 25.986138761966448 ], [ 87.540817592889354, 26.000660211582314 ], [ 87.453330683636182, 25.919289527857938 ], [ 87.487952083420282, 25.913059856445145 ], [ 87.544632179896013, 25.915709641822879 ], [ 87.854781606263202, 25.863344875404003 ], [ 87.395547166134946, 25.561622570426245 ], [ 87.558557291105785, 25.577669066452135 ], [ 87.382345531130582, 25.235783221636044 ], [ 87.059728201623358, 25.048176849131952 ], [ 86.898024525237147, 24.682483959913359 ], [ 86.009472434260402, 24.103047968446965 ], [ 85.932761591012536, 24.087448492176335 ], [ 85.650592054156434, 23.918726217533489 ], [ 85.535638161907116, 23.863235868609635 ], [ 85.397938006897135, 23.867032190685801 ], [ 85.32219730404006, 23.744945956171893 ], [ 85.151935343765615, 23.642451807369898 ], [ 85.038339846777163, 23.6710170626917 ], [ 85.011519442332101, 23.608614031702356 ], [ 85.005473249015694, 23.567144341537425 ], [ 84.98500126519744, 23.569982867954611 ], [ 84.950279516058572, 23.542541183508668 ], [ 84.93528899367719, 23.543864117417122 ], [ 84.924966017051247, 23.518843011742689 ], [ 84.926715786237452, 23.489934696413506 ], [ 84.904874034146701, 23.482807691119543 ], [ 84.885998990060301, 23.510897464998543 ], [ 84.858803048530731, 23.522724157358393 ], [ 84.863733773049233, 23.49944061096646 ], [ 84.832137441958324, 23.489190988471236 ], [ 84.836269432913667, 23.446648758846155 ], [ 84.831856850901247, 23.415136576992712 ], [ 84.849576545371406, 23.397980193597089 ], [ 84.875557042560445, 23.402916577622523 ], [ 84.89283161576769, 23.389144031151954 ], [ 84.915307868494892, 23.359341881586079 ], [ 84.929216840296249, 23.36472596449126 ], [ 84.955055021699408, 23.351968571623726 ], [ 84.977057869116535, 23.353995219491164 ], [ 84.969763375069064, 23.312339935673911 ], [ 84.969955210503102, 23.278916173936551 ], [ 84.990036929408561, 23.249693990089035 ], [ 85.046258613118525, 23.188107513451929 ], [ 85.064763339142516, 23.107152160306057 ], [ 85.113371744348342, 23.055102760946561 ], [ 85.161469439554963, 22.885031527946339 ], [ 85.156793704782402, 22.798438181522577 ], [ 85.165384559334854, 22.772216962724432 ], [ 85.197552461936723, 22.73401419854666 ], [ 85.255480610360422, 22.576620097235821 ], [ 85.318066801941896, 22.50288426511964 ], [ 85.331272635766894, 22.472532400542423 ], [ 85.258392149827102, 22.467527866747837 ], [ 85.245776503145436, 22.475772002337081 ], [ 85.232586007790005, 22.457619444235057 ], [ 85.206745211747361, 22.48130157978008 ], [ 85.046321687412245, 22.670763532703543 ], [ 84.987951104872835, 22.706284322819471 ], [ 84.938359792229377, 22.790597226288913 ], [ 84.917420589240947, 22.953929602867614 ], [ 84.857326819270654, 23.052832915934729 ], [ 84.858787164351909, 23.117248013554299 ], [ 84.803835215246025, 23.038039537365101 ], [ 84.775120275794464, 22.957424674643331 ], [ 84.7771812652514, 22.840800597270604 ], [ 84.748368187082761, 22.698733633092743 ], [ 84.700697024849504, 22.581252739398682 ], [ 84.723706076761005, 22.500352185694428 ], [ 84.630675152435089, 22.250701072199831 ], [ 84.577759115464445, 22.187369080670457 ], [ 84.50583174339863, 22.174981594356908 ], [ 84.511813966618362, 22.23748445089743 ], [ 84.384971519139029, 22.240720206042067 ], [ 84.305596207936489, 22.276345383431874 ], [ 84.278271651347652, 22.28660058499927 ], [ 84.258979086681009, 22.276039645223484 ], [ 84.249402559516255, 22.272762897791228 ], [ 84.101406916393046, 22.138765192913841 ], [ 83.98717494318285, 22.157586007261401 ], [ 83.950196378369128, 22.128985572986995 ] ] ] } },
{ "type": "Feature", "properties": { "gdp": 1045168.0997677988, "ENGTYPE_1": "State", "HASC_1": "IN.KA", "GID_1": "IND.16_1", "join_name": "karnataka", "ISO_1": "IN-KA", "TYPE_1": "State", "NL_NAME_1": "NA", "CC_1": "NA", "NAME_1": "Karnataka", "COUNTRY": "India", "VARNAME_1": "Maisur|Mysore", "GID_0": "IND", "pop": 1045168.0997677988 }, "geometry": { "type": "Polygon", "coordinates": [ [ [ 75.854243373999182, 13.005622312352138 ], [ 75.81531441810985, 12.983963404028763 ], [ 75.741981735984524, 12.950456590822046 ], [ 75.713258126572086, 12.944232827277128 ], [ 75.587516926042639, 12.923184309134884 ], [ 75.535156426190241, 12.942666936070772 ], [ 75.52847995464667, 13.011057336100579 ], [ 75.42591676789695, 12.974648501219203 ], [ 75.350866619803426, 13.019673800904966 ], [ 75.282496472993202, 13.008762416328656 ], [ 75.210998278136415, 13.103582591422382 ], [ 75.151070058691687, 13.093870222101758 ], [ 75.161301796503182, 13.159826091118523 ], [ 75.106776129790234, 13.18166601362311 ], [ 75.191555340191172, 13.251292418491253 ], [ 75.059469040910187, 13.248553485711865 ], [ 74.970985050969034, 13.341916643120278 ], [ 74.88120589121398, 13.369111347302399 ], [ 74.804499412005555, 13.340245608216266 ], [ 74.765849074228029, 13.381086289708545 ], [ 74.777039679008311, 13.445896557955717 ], [ 74.766396538698388, 13.450568059340458 ], [ 74.642518162512687, 13.390464056106731 ], [ 74.634418511291088, 13.390299742656262 ], [ 74.623266666877186, 13.392252251785653 ], [ 74.591271655569813, 13.476443175676183 ], [ 74.559604995071652, 13.907831614110718 ], [ 74.55122611470766, 14.215353094596244 ], [ 74.52973733355384, 14.371560061740048 ], [ 74.493424836443893, 14.478041570921224 ], [ 74.43420101779698, 14.507117491156674 ], [ 74.414982449078849, 14.685112780099978 ], [ 74.36764940594071, 14.798280895959005 ], [ 74.334260926939834, 14.957753607448478 ], [ 74.27667234200122, 14.970304322893286 ], [ 74.26975694171729, 15.097618262031045 ], [ 74.166982820453384, 15.122436958267054 ], [ 74.079372045020293, 15.177848545677572 ], [ 74.053841743606839, 15.240274965797809 ], [ 74.08115541098438, 15.252521500136041 ], [ 74.348837882415893, 15.331164270729824 ], [ 74.35908817012232, 15.339689943450793 ], [ 74.349233386581503, 15.347907209293844 ], [ 74.440664319084007, 15.409381331837617 ], [ 74.458842176620976, 15.459904771207036 ], [ 74.584190869459178, 15.589803128110141 ], [ 74.588268774929887, 15.726816841066514 ], [ 74.673653133473152, 15.781392511906704 ], [ 74.626352703229315, 15.951569554596077 ], [ 74.553251118588094, 16.159819508009452 ], [ 74.444162855417375, 16.344533049506996 ], [ 74.22774559308705, 16.391978366517517 ], [ 74.268351624434459, 16.438018269641521 ], [ 74.456829310381153, 16.398351272339013 ], [ 74.525905778200496, 16.401335150838236 ], [ 74.52118167349299, 16.489381973474135 ], [ 74.589794923646949, 16.541290936875267 ], [ 74.639708243983833, 16.648247105449283 ], [ 74.652421744793457, 16.758751293397026 ], [ 74.451262869941431, 16.824974849807738 ], [ 74.417253044741514, 16.876850372596618 ], [ 74.471045320895357, 16.905168127979497 ], [ 74.465415037529354, 16.915231067683433 ], [ 74.446411286558345, 16.916641010849215 ], [ 74.376491432517057, 16.977390796868338 ], [ 74.418672995969445, 17.041152033291116 ], [ 74.617493546559658, 17.091475215913899 ], [ 74.682736448191051, 17.093279853108562 ], [ 74.737191382341095, 17.026580588989599 ], [ 74.958326511661596, 17.170936197415354 ], [ 75.129113332247016, 17.190544907607389 ], [ 75.119956566683655, 17.246316268601525 ], [ 75.232970558072537, 17.310477635516179 ], [ 75.353793963187542, 17.284629674676371 ], [ 75.535756261163712, 17.214294449085607 ], [ 75.606328211749329, 17.238686020634415 ], [ 75.61395434123915, 17.305004230180394 ], [ 76.006540572085385, 17.313334002355319 ], [ 76.147193702082916, 17.328810464003539 ], [ 76.163801098495, 17.457044509917939 ], [ 76.105599183747088, 17.50169927572782 ], [ 76.151786698668161, 17.619955392582352 ], [ 76.079724174056167, 17.653245535453088 ], [ 76.138600871875411, 17.861299474756759 ], [ 76.384635211050977, 17.743643695754002 ], [ 76.509438958442928, 17.793139656363053 ], [ 76.555293617939, 17.698500497769285 ], [ 76.836385036118571, 17.761944729186354 ], [ 76.992839887040674, 17.765847161710461 ], [ 77.209111119199065, 17.715938675886939 ], [ 77.161368105050087, 18.067996278171801 ], [ 77.282471094310679, 18.085105418191475 ], [ 77.384960302370715, 18.177760851150971 ], [ 77.445122258129388, 18.30504803848234 ], [ 77.558175269090754, 18.303061042942328 ], [ 77.679761274532595, 18.23423030871006 ], [ 77.908342323906368, 18.513293291311896 ], [ 77.989750319462345, 18.572170933921075 ], [ 78.043231838964388, 18.724530339538727 ], [ 78.046537274672119, 18.95317975499654 ], [ 78.185565933304801, 18.902658278425424 ], [ 78.384272610902457, 19.103691709280838 ], [ 78.434141742507208, 19.314077697688482 ], [ 78.533904184263164, 19.367066767824362 ], [ 78.649672249820597, 19.304036001004466 ], [ 78.654782124694634, 19.145056764133411 ], [ 78.730797389791746, 19.083066670221637 ], [ 78.846727127668302, 19.136918277394738 ], [ 78.90202623584608, 18.914394014802951 ], [ 78.904301965513071, 18.705688450919155 ], [ 78.960611816713836, 18.633990034575884 ], [ 78.908036173387401, 18.532886593334396 ], [ 78.755560983135226, 18.354750762517007 ], [ 78.795730694307593, 18.277099112486123 ], [ 78.680436595159591, 18.227637835590627 ], [ 78.66007147531522, 18.084911436291996 ], [ 78.921143317139709, 18.021602519697851 ], [ 78.956110152537889, 17.996482821738546 ], [ 78.950715438684909, 17.98059689025715 ], [ 78.734542482308058, 17.904328284115181 ], [ 78.741500868714198, 17.833380440454565 ], [ 78.662073065836097, 17.812342489183518 ], [ 78.557556021496723, 17.681876368552942 ], [ 78.543656912479889, 17.604413892812602 ], [ 78.645019193321176, 17.579041040079449 ], [ 78.678899226719295, 17.497090761462875 ], [ 78.614414386272756, 17.409718680991595 ], [ 78.616587746319723, 17.30682293667256 ], [ 78.541268405275218, 17.214982536206623 ], [ 78.59705029953939, 17.156079442114297 ], [ 78.458991503406111, 17.074443801646197 ], [ 78.303251703156178, 17.053608233550914 ], [ 78.340452618952824, 17.005848700145467 ], [ 78.508426734005937, 16.98389938508096 ], [ 78.604648010761267, 16.999398368977808 ], [ 78.739086517096965, 16.966327914324374 ], [ 78.601656665384624, 16.902524007607255 ], [ 78.585950645724324, 16.800666339057248 ], [ 78.592498101163343, 16.654509777341808 ], [ 78.230031285600404, 16.652474542154366 ], [ 78.024029382644073, 16.607681491433073 ], [ 77.983077633084179, 16.592083763153394 ], [ 77.909629336078382, 16.436798661045753 ], [ 77.943665459514932, 16.382215075785407 ], [ 77.864406882496354, 16.354683558434974 ], [ 77.826738936223379, 16.130272219189305 ], [ 77.962548299900064, 16.087647710114087 ], [ 77.957463808162601, 16.012336422475144 ], [ 77.960769334312076, 15.99218989026282 ], [ 77.856446780448863, 15.863905482259559 ], [ 77.660387109893549, 15.825322039795374 ], [ 77.542820063706984, 15.823073786016788 ], [ 77.448725949676586, 15.862888459110692 ], [ 77.381615314672686, 15.753987937672237 ], [ 77.513867134483647, 15.765749851433702 ], [ 77.438723935716197, 15.607384290766566 ], [ 77.336027359548865, 15.501727944308142 ], [ 77.308501297490182, 15.433489374742154 ], [ 77.421157310552815, 15.345851531231165 ], [ 77.565619998071796, 15.367814912510486 ], [ 77.431315148340587, 15.275966992405944 ], [ 77.494223148717879, 15.212256174582276 ], [ 77.475894409571595, 15.154282498289879 ], [ 77.69731463563636, 15.168323931725221 ], [ 77.746666884646913, 15.267791941825182 ], [ 77.759028263784259, 15.274169765284118 ], [ 77.79923677095546, 15.274812538191197 ], [ 77.828427027343182, 15.265477686463306 ], [ 78.033721909987975, 15.257309034710898 ], [ 78.092792095217419, 15.317016580280368 ], [ 78.215401724163584, 15.277928045961621 ], [ 78.211022513283467, 15.201926945788204 ], [ 78.052520262660366, 15.171701320323773 ], [ 78.047558802026231, 15.118148651223803 ], [ 77.963167895550725, 15.063182651790683 ], [ 78.013020831984747, 15.030900710843621 ], [ 78.037024985070659, 14.938196397668538 ], [ 77.946086204959073, 14.926023478110803 ], [ 77.925711311948291, 15.032874844587294 ], [ 77.687708834749074, 14.976014522918703 ], [ 77.678703610231992, 15.012565935513265 ], [ 77.554059161169491, 15.004958182471425 ], [ 77.570636411336537, 15.109425702163611 ], [ 77.459653437982681, 15.042524916643078 ], [ 77.546512632282386, 14.894185790623681 ], [ 77.438654735185622, 14.779913189798169 ], [ 77.51697176145187, 14.75552802282164 ], [ 77.684248722374292, 14.766599294055391 ], [ 77.689552303012334, 14.819528542367777 ], [ 77.808615259967581, 14.857147046530331 ], [ 78.033603948289979, 14.881878151360821 ], [ 78.063602921886442, 14.812815928570597 ], [ 78.139786374693159, 14.793216156229832 ], [ 78.54829942153637, 14.990525258000627 ], [ 78.537697269266232, 15.042161137209204 ], [ 78.814213905465564, 15.060540972035419 ], [ 78.883595220190003, 15.044507990190397 ], [ 78.88093955817348, 14.976900800264001 ], [ 78.809547068889486, 14.854109774985355 ], [ 78.897668411895026, 14.868040674859165 ], [ 78.990634977161321, 14.819352712053908 ], [ 79.139408779394955, 14.850496195853109 ], [ 79.097976350037527, 14.675513871010045 ], [ 79.074347457597895, 14.640841457048982 ], [ 79.229684801366005, 14.592259961796561 ], [ 79.302769130910733, 14.595647086926681 ], [ 79.293947078423244, 14.492211272011106 ], [ 79.222463770893668, 14.453372479501544 ], [ 79.212257817346426, 14.39489997246806 ], [ 79.146623929501601, 14.366287471637879 ], [ 79.09828135710238, 14.248739311891667 ], [ 79.014421416880111, 14.273554734676766 ], [ 78.956132917350004, 14.203332932097997 ], [ 78.879224046321823, 14.196211687329141 ], [ 78.844710879253711, 14.118085825263284 ], [ 78.718871044959243, 14.119050631095348 ], [ 78.654524154516224, 14.157792571845818 ], [ 78.568781898992867, 14.120392515170481 ], [ 78.468997499074831, 14.166260525755943 ], [ 78.314172222837954, 14.103011575546416 ], [ 78.22260792019668, 13.988717610564162 ], [ 78.008380426254476, 13.90324556473186 ], [ 77.959413120567575, 13.80545414094563 ], [ 78.017276177869732, 13.788074477418235 ], [ 77.981287249443469, 13.688166671056159 ], [ 77.970451175134173, 13.667856648744102 ], [ 77.762168392754361, 13.49949002410999 ], [ 77.958816103766097, 13.500535910939293 ], [ 78.133122026713508, 13.470467321349219 ], [ 78.192532279510445, 13.396990148756105 ], [ 78.056422828845271, 13.201345322380797 ], [ 77.926624906410112, 13.175312659993221 ], [ 77.792794798056192, 13.196092460270387 ], [ 77.751863557494843, 13.148703957482212 ], [ 77.737450605358092, 13.005370297940567 ], [ 77.439355368477948, 13.070528550352316 ], [ 77.189870020964847, 13.007763921779697 ], [ 77.083602459898913, 13.0774865080091 ], [ 76.933629845400546, 13.052770675903988 ], [ 76.809421997412031, 12.892590749980251 ], [ 76.692565235123354, 12.892598163415471 ], [ 76.538748629585328, 12.876861663573559 ], [ 76.513269772313691, 12.871566029698748 ], [ 76.48602236097264, 12.871147371483312 ], [ 76.466984221959095, 12.86972092539774 ], [ 76.437747299588864, 12.870985140013929 ], [ 76.38237010897474, 12.922388190564124 ], [ 76.25872055782591, 12.875872781941819 ], [ 76.240639868708826, 12.876378198404172 ], [ 76.233400695802814, 12.887740585654781 ], [ 76.08333273044002, 12.940601434544364 ], [ 76.003659404185299, 12.923072068614395 ], [ 75.975143659763077, 12.96219036855531 ], [ 75.8666366084869, 12.928087908604436 ], [ 75.87919431628147, 13.011644127306516 ], [ 75.854243373999182, 13.005622312352138 ] ] ] } },
{ "type": "Feature", "properties": { "gdp": 561993.61128464574, "ENGTYPE_1": "State", "HASC_1": "IN.KL", "GID_1": "IND.17_1", "join_name": "kerala", "ISO_1": "IN-KL", "TYPE_1": "State", "NL_NAME_1": "NA", "CC_1": "NA", "NAME_1": "Kerala", "COUNTRY": "India", "VARNAME_1": "NA", "GID_0": "IND", "pop": 561993.61128464574 }, "geometry": { "type": "Polygon", "coordinates": [ [ [ 77.262657535961523, 7.763190623064401 ], [ 77.148644407048224, 7.815084397485288 ], [ 77.01233472738096, 7.91088574698609 ], [ 76.647044565895115, 8.158527195727489 ], [ 76.548961047678347, 8.190568555361409 ], [ 76.492306834246364, 8.275351168059291 ], [ 76.163090817272661, 8.520636794780591 ], [ 76.042461237646549, 8.627781065840544 ], [ 75.810210369561958, 8.982029323517388 ], [ 75.880639313373251, 9.04901140071725 ], [ 76.078919117529637, 8.839893955555032 ], [ 76.21300547954921, 8.671461146008845 ], [ 76.175128447536821, 8.575939979299731 ], [ 76.308750296597324, 8.581548913803726 ], [ 76.307757251928308, 8.615753474650491 ], [ 76.118409715398357, 8.797874034918497 ], [ 76.137459894981504, 8.868415820359738 ], [ 75.98559557187393, 8.956688592009893 ], [ 75.791111515357542, 9.253293749115768 ], [ 75.677249561661867, 9.226104113365521 ], [ 75.562375161486912, 9.71867628595151 ], [ 75.310574224035491, 10.576657941961251 ], [ 74.926201480986762, 11.622362842371862 ], [ 75.085164040090461, 12.115827424673702 ], [ 75.116066358476033, 12.383201563067331 ], [ 75.060021469477732, 12.389946180162553 ], [ 75.068299711571584, 12.506689323336104 ], [ 75.045643193781203, 12.586892937797616 ], [ 75.003242548279061, 12.600885995252767 ], [ 74.887363178355272, 12.719151058663376 ], [ 74.916457476105265, 12.868167485763429 ], [ 74.802105326229636, 12.846583724870747 ], [ 74.768904749580827, 12.922907995903394 ], [ 74.732333715245659, 13.079388278359007 ], [ 74.700753086104015, 13.128949278751209 ], [ 74.623266666877186, 13.392252251785653 ], [ 74.634418511291088, 13.390299742656262 ], [ 74.642518162512687, 13.390464056106731 ], [ 74.766396538698388, 13.450568059340458 ], [ 74.777039679008311, 13.445896557955717 ], [ 74.765849074228029, 13.381086289708545 ], [ 74.804499412005555, 13.340245608216266 ], [ 74.88120589121398, 13.369111347302399 ], [ 74.970985050969034, 13.341916643120278 ], [ 75.059469040910187, 13.248553485711865 ], [ 75.191555340191172, 13.251292418491253 ], [ 75.106776129790234, 13.18166601362311 ], [ 75.161301796503182, 13.159826091118523 ], [ 75.151070058691687, 13.093870222101758 ], [ 75.210998278136415, 13.103582591422382 ], [ 75.282496472993202, 13.008762416328656 ], [ 75.350866619803426, 13.019673800904966 ], [ 75.42591676789695, 12.974648501219203 ], [ 75.52847995464667, 13.011057336100579 ], [ 75.535156426190241, 12.942666936070772 ], [ 75.587516926042639, 12.923184309134884 ], [ 75.713258126572086, 12.944232827277128 ], [ 75.741981735984524, 12.950456590822046 ], [ 75.81531441810985, 12.983963404028763 ], [ 75.854243373999182, 13.005622312352138 ], [ 75.87919431628147, 13.011644127306516 ], [ 75.8666366084869, 12.928087908604436 ], [ 75.975143659763077, 12.96219036855531 ], [ 76.003659404185299, 12.923072068614395 ], [ 76.08333273044002, 12.940601434544364 ], [ 76.233400695802814, 12.887740585654781 ], [ 76.240639868708826, 12.876378198404172 ], [ 76.25872055782591, 12.875872781941819 ], [ 76.271542172119084, 12.863360251180655 ], [ 76.262614382591806, 12.856409788204971 ], [ 76.047567902156928, 12.772885448614707 ], [ 75.938150523222802, 12.748163395756796 ], [ 75.956410168079699, 12.694908333700765 ], [ 76.113983826954211, 12.713511017052012 ], [ 76.240783671511394, 12.694736216558177 ], [ 76.3842315422648, 12.693728831166538 ], [ 76.33364818390244, 12.627625719709579 ], [ 76.193731441557787, 12.555368543460339 ], [ 76.471181799553193, 12.588597918742769 ], [ 76.776046740176497, 12.498980773141284 ], [ 76.602044810839772, 12.210068312157206 ], [ 77.067720718392167, 12.051721196648653 ], [ 77.337084092182323, 11.756572160225234 ], [ 77.210372950283855, 11.203410032358502 ], [ 77.002825866625116, 10.99701278471491 ], [ 76.907662198991773, 10.515722340731523 ], [ 77.035640911003341, 10.26711476780534 ], [ 77.016310793961537, 10.06638770675112 ], [ 77.402803233249813, 9.740842534967237 ], [ 77.627214138317242, 9.713858245272295 ], [ 78.072073258903771, 10.183845978755866 ], [ 78.124131772211953, 9.929056660821857 ], [ 78.037759013195952, 9.602494011678788 ], [ 77.924943224166967, 9.478092828080518 ], [ 77.915714934758014, 9.447666149037421 ], [ 77.900825758436554, 9.266983329442928 ], [ 77.756431212807598, 9.084574224030298 ], [ 77.770338812901343, 9.067801532524067 ], [ 77.682665754016341, 8.922976630703834 ], [ 77.596000992418894, 8.835776906955237 ], [ 77.638033806586151, 8.787990138842689 ], [ 77.745338716792801, 8.831967559954137 ], [ 77.816943646697027, 8.776460172978378 ], [ 77.710275826640327, 8.67234892135072 ], [ 77.694929484534882, 8.626364439976633 ], [ 77.611869927432195, 8.564272025647055 ], [ 77.560415991214043, 8.443144460740804 ], [ 77.379769955700894, 8.319988461658296 ], [ 77.503276708753546, 8.198628004695367 ], [ 77.400675036928192, 8.11386737744637 ], [ 77.418618933969853, 8.043123454415852 ], [ 77.492160379840527, 7.968262618708603 ], [ 77.394478359342997, 7.921794198333025 ], [ 77.330340598833388, 7.785913044002571 ], [ 77.262657535961523, 7.763190623064401 ] ] ] } },
{ "type": "Feature", "properties": { "gdp": 541067.51, "ENGTYPE_1": "State", "HASC_1": "IN.MP", "GID_1": "IND.19_1", "join_name": "madhyapradesh", "ISO_1": "IN-MP", "TYPE_1": "State", "NL_NAME_1": "NA", "CC_1": "NA", "NAME_1": "MadhyaPradesh", "COUNTRY": "India", "VARNAME_1": "NA", "GID_0": "IND", "pop": 541067.51 }, "geometry": { "type": "Polygon", "coordinates": [ [ [ 76.430405513532307, 23.183835804608407 ], [ 76.40916715798042, 23.190455194716719 ], [ 76.342436470553892, 23.280430901853837 ], [ 76.136285281986432, 23.293110587234956 ], [ 76.002152138762355, 23.280221013924379 ], [ 75.949768651018161, 23.270195784105294 ], [ 75.94667306774943, 23.264285136563007 ], [ 75.906069706430756, 23.263367289795895 ], [ 75.668948577305514, 23.270897418955101 ], [ 75.611919161470439, 23.29647301745025 ], [ 75.598190527954785, 23.310119076614708 ], [ 75.579861948557863, 23.305004583517327 ], [ 75.559093865631738, 23.330432664371418 ], [ 75.625205542061863, 23.470655376428947 ], [ 75.466511024233697, 23.533305483432475 ], [ 75.316169314978353, 23.44175297415061 ], [ 75.233934894788916, 23.421180939214789 ], [ 75.141418483482184, 23.422829171441673 ], [ 75.119908142487446, 23.455739706368178 ], [ 75.100986140187302, 23.454459120916511 ], [ 75.160773756116853, 23.509361118085202 ], [ 75.181546040715716, 23.646680213294449 ], [ 75.127383035506782, 23.653350429075086 ], [ 75.148784059811575, 23.769805906207822 ], [ 75.29387941424261, 23.769254898051003 ], [ 75.391812970996583, 23.818251527716576 ], [ 75.351995325657384, 23.853768016905814 ], [ 75.195975525504807, 23.838154951874586 ], [ 75.229604953434475, 23.919696327640459 ], [ 75.332045528719632, 23.960274186702993 ], [ 75.409810810484089, 24.028205119872993 ], [ 75.540657896086387, 24.023350275988609 ], [ 75.560878496795681, 24.091529203796565 ], [ 75.632437451703495, 24.153187191003212 ], [ 75.616005179831021, 24.230681963434115 ], [ 75.514276632855655, 24.237831655880612 ], [ 75.472661150154451, 24.297083998259541 ], [ 75.489362530141122, 24.295152598519671 ], [ 75.413531168611016, 24.375879824537186 ], [ 75.483564590478579, 24.406247768334101 ], [ 75.668907773987868, 24.368074302494964 ], [ 75.819109894164669, 24.41471936589409 ], [ 75.745351688937291, 24.474036230201822 ], [ 75.591477411755719, 24.553029509386164 ], [ 75.633088577172003, 24.647549209130155 ], [ 75.812213588821194, 24.654264067863394 ], [ 75.918728146345615, 24.632183465486285 ], [ 75.960823350070172, 24.689734217337556 ], [ 75.912397603155014, 24.769488327998392 ], [ 75.785554012489001, 24.878313822885957 ], [ 75.806970577764091, 24.957512705419457 ], [ 75.558636586071302, 25.139024373136088 ], [ 75.524371761426664, 25.179770515044869 ], [ 75.41820192997055, 25.210223442939355 ], [ 75.398463480144713, 25.259349156551629 ], [ 75.441058657107718, 25.280100428428401 ], [ 75.334761340555204, 25.325561629206337 ], [ 75.297593450671073, 25.377940201322829 ], [ 75.316484317509804, 25.436816483542984 ], [ 75.38914819234725, 25.381294533693914 ], [ 75.456049644962434, 25.359404312963722 ], [ 75.494342006075001, 25.36572465592829 ], [ 75.441918297536006, 25.412292072314063 ], [ 75.337384750785745, 25.45173398203751 ], [ 75.326923714724771, 25.466570322509178 ], [ 75.31074809438239, 25.478657018201915 ], [ 75.343520555320424, 25.493865875086613 ], [ 75.395739945895258, 25.457446531877316 ], [ 75.487788450265697, 25.424407661728221 ], [ 75.548125041113892, 25.417232112151154 ], [ 75.52103874372574, 25.453721188273406 ], [ 75.536649437382806, 25.472295509143208 ], [ 75.702945398386561, 25.424474065968681 ], [ 75.717835526826548, 25.418166479133863 ], [ 75.738171740003949, 25.381891699792774 ], [ 75.684597322899393, 25.382213283703447 ], [ 75.878087264258383, 25.292978955457453 ], [ 75.76408223009085, 25.316918303290457 ], [ 75.67987133606357, 25.363832189783878 ], [ 75.657344858528575, 25.344157267380613 ], [ 75.714460256326944, 25.30404156796957 ], [ 76.033621066923999, 25.164662705672363 ], [ 76.216073072297945, 25.100224925248426 ], [ 76.297283865584504, 25.052647830705812 ], [ 76.454783882168314, 25.013416991509221 ], [ 76.653699191882268, 24.917117578659386 ], [ 76.788895386178595, 24.817460275177339 ], [ 76.989055710123964, 24.706910387378425 ], [ 77.037343043879304, 24.655015615984745 ], [ 76.782005069779643, 24.742319351849506 ], [ 76.923890740324538, 24.651624736363331 ], [ 77.016353979969551, 24.612069964377678 ], [ 77.04153717325913, 24.544547996019975 ], [ 77.155614518433353, 24.476251966540353 ], [ 77.173141423105463, 24.4479409443212 ], [ 77.105813724170332, 24.46043016324149 ], [ 76.712707602026654, 24.628118481330947 ], [ 76.709611779327759, 24.579724082649882 ], [ 76.960378326393311, 24.467567172023692 ], [ 77.041277553521013, 24.419223709737945 ], [ 77.142833336359132, 24.388424777397571 ], [ 77.33152361922491, 24.361317846781645 ], [ 77.429343810375244, 24.343155668247171 ], [ 77.379863714207715, 24.388204474387866 ], [ 77.481735463729336, 24.377459187126668 ], [ 77.454665491420016, 24.419536258013796 ], [ 77.513073792241187, 24.408330602989235 ], [ 77.578196016928771, 24.383019884076756 ], [ 77.615267225457046, 24.380420902213327 ], [ 77.6908066247032, 24.352030352453511 ], [ 77.735411091379333, 24.32156458574612 ], [ 77.772553486722131, 24.339086670829857 ], [ 77.815779639646649, 24.308220651844422 ], [ 77.88491496432259, 24.272408910650199 ], [ 77.936923231923174, 24.262637382429588 ], [ 77.949765784030561, 24.279563079142971 ], [ 77.901471769715897, 24.312993020756458 ], [ 77.874818244443205, 24.341329737383091 ], [ 77.866089042770312, 24.373383691304053 ], [ 77.892266712198676, 24.385523677403341 ], [ 77.924963327193055, 24.357790968152628 ], [ 77.963237679684951, 24.36800734978366 ], [ 77.953285618155462, 24.40104335706771 ], [ 77.921139056487362, 24.427225681805638 ], [ 77.810755726471967, 24.469493619141925 ], [ 77.770283319564427, 24.49648959119083 ], [ 77.853935618408585, 24.485643557406831 ], [ 77.78754526668979, 24.526424400889621 ], [ 77.772124046122869, 24.546637743751351 ], [ 77.835023215134186, 24.546021419039054 ], [ 77.899291194835001, 24.523186957359794 ], [ 77.946714250665465, 24.52604979682085 ], [ 78.001605246604498, 24.514863829475999 ], [ 78.030378990024772, 24.499694847726815 ], [ 78.073663755537126, 24.500810909892287 ], [ 78.071450579668351, 24.527661290952526 ], [ 78.041721454237091, 24.551394679918616 ], [ 78.016049312546642, 24.588706493346759 ], [ 77.975909681768442, 24.605125877449694 ], [ 77.899214215291082, 24.592000545608848 ], [ 77.838524024692546, 24.617397675380161 ], [ 77.761723017948555, 24.630339915368911 ], [ 77.65192578552616, 24.680167412092104 ], [ 77.590190981394542, 24.700254658466086 ], [ 77.340820741414689, 24.834360385034586 ], [ 77.07684325246278, 25.013480006874335 ], [ 76.918515378665802, 25.145076658380965 ], [ 76.825731434095957, 25.239798367070154 ], [ 76.921327815258053, 25.241297914612478 ], [ 77.084322977691656, 25.159157320440212 ], [ 77.153003865523516, 25.143003384297892 ], [ 77.180699984218961, 25.199952135181356 ], [ 77.320258169860196, 25.147636955038969 ], [ 77.441352005954002, 25.131419310816081 ], [ 77.645502722340709, 25.045517851432443 ], [ 77.667626725315998, 25.073297751448752 ], [ 77.771231685308763, 25.056635073228222 ], [ 77.873804177551889, 25.013975439824371 ], [ 77.983858629548237, 25.025718087247224 ], [ 78.096951903381992, 25.013400342367966 ], [ 78.21263331006395, 25.083128840362335 ], [ 78.28995951897916, 25.052144902651776 ], [ 78.289730165698003, 25.115822492926437 ], [ 78.282957498170106, 25.131487147411132 ], [ 78.289876360921397, 25.144964343537307 ], [ 78.300439755698534, 25.144464323889661 ], [ 78.363940400322733, 25.160499969900233 ], [ 78.369178845487951, 25.163280449101425 ], [ 78.478161252688551, 25.191095913979883 ], [ 78.506513240497569, 25.141596156549014 ], [ 78.633302374271551, 25.07795027458517 ], [ 78.718146526807956, 25.118015196567352 ], [ 78.813723002392138, 25.102995020874431 ], [ 78.89650875231186, 25.01338968213744 ], [ 78.926866910255271, 25.041157118939957 ], [ 78.915361830224526, 24.916495958018043 ], [ 78.974918551270946, 24.776154368780585 ], [ 78.899944409331056, 24.68904046281957 ], [ 78.903931209737564, 24.636954666865176 ], [ 78.871575506720419, 24.622404566142603 ], [ 78.829567394845213, 24.554204246199792 ], [ 78.794184373075268, 24.531254238661578 ], [ 78.826287282733986, 24.497219880628595 ], [ 78.748416506969022, 24.498803076388263 ], [ 78.655459892166917, 24.519551781812126 ], [ 78.624023572648767, 24.520798412125881 ], [ 78.625002156207046, 24.502624331018719 ], [ 78.583367827960487, 24.49559222332174 ], [ 78.592683014431913, 24.472359814703363 ], [ 78.643503259523101, 24.432144491409815 ], [ 78.683377534509319, 24.416733384060834 ], [ 78.622044165384651, 24.411163629630646 ], [ 78.635334076996443, 24.390275548009718 ], [ 78.552080269330077, 24.377549213169878 ], [ 78.647099953643576, 24.312784380670237 ], [ 78.683778940771504, 24.252385120290473 ], [ 78.76174772364557, 24.215211809775873 ], [ 78.757034159959346, 24.211382159163247 ], [ 78.7515989748604, 24.210669526559869 ], [ 78.753129916344321, 24.207905952598715 ], [ 78.766564674076847, 24.201768475360904 ], [ 78.780472334961544, 24.193758801964361 ], [ 78.848078480704118, 24.177663718649999 ], [ 78.873228742906591, 24.197706617730233 ], [ 78.943773877295357, 24.167940568466086 ], [ 78.991792127081041, 24.135901901030504 ], [ 79.147211508895936, 24.045590282832116 ], [ 79.195041245643523, 24.039515841054829 ], [ 79.209205970812022, 24.070575752498559 ], [ 79.199861034142089, 24.095318019546724 ], [ 79.136955460950972, 24.154306489609557 ], [ 79.074188368978469, 24.198186512694036 ], [ 78.999010726432957, 24.214131597640471 ], [ 78.986061161382523, 24.24265181052953 ], [ 78.942907017001403, 24.291824940119561 ], [ 78.871685146139441, 24.320052261234064 ], [ 78.831872209219085, 24.347803871616239 ], [ 78.823429049678651, 24.366967693087101 ], [ 78.788936535766638, 24.382673735128073 ], [ 78.73634678464127, 24.431530329358562 ], [ 78.738101224269116, 24.463067198426717 ], [ 78.846234914748621, 24.428773276804208 ], [ 78.806749770901519, 24.462215995172315 ], [ 78.920467444589775, 24.460360775446265 ], [ 78.9655606503146, 24.40801012623437 ], [ 78.906587905287068, 24.421969355370376 ], [ 78.867481902337119, 24.409757408534798 ], [ 78.874280666735999, 24.40712512899858 ], [ 78.919617005897379, 24.408956101025566 ], [ 78.949153212405619, 24.398234508719394 ], [ 78.958829052890763, 24.400076267986172 ], [ 78.970361697455829, 24.376292990464954 ], [ 78.962919644718511, 24.378176292272517 ], [ 78.951780984344339, 24.383848247468308 ], [ 78.946187142840714, 24.385095098274064 ], [ 78.961058809684431, 24.362211526361566 ], [ 78.967405727283676, 24.364501771706035 ], [ 79.042199232109638, 24.347353368209141 ], [ 79.098100949604131, 24.304245425788668 ], [ 79.110211792842776, 24.298779266885898 ], [ 79.152215443864037, 24.297207703781531 ], [ 79.165757906867711, 24.293665322305287 ], [ 79.174321098833815, 24.282975796017837 ], [ 79.179195448334411, 24.279216789339056 ], [ 79.199881315871167, 24.274681092908839 ], [ 79.202894698241721, 24.279267431264863 ], [ 79.170955618354455, 24.304972986786613 ], [ 79.18801146476325, 24.317628754317983 ], [ 79.181356851882342, 24.315500463976047 ], [ 79.150973617740917, 24.326247115091263 ], [ 79.145673345208039, 24.330972240866174 ], [ 79.15580654435621, 24.344680634388904 ], [ 79.17317344332514, 24.338966323753795 ], [ 79.249976375104893, 24.289262844019909 ], [ 79.236797074407733, 24.273276836664529 ], [ 79.310475187994243, 24.224440215785926 ], [ 79.324789562715097, 24.244791167384211 ], [ 79.39186046155244, 24.21060801092683 ], [ 79.42872953111042, 24.204438080499703 ], [ 79.484093682228234, 24.172171063652804 ], [ 79.491125114974025, 24.170772331221869 ], [ 79.463943885371265, 24.225581269026861 ], [ 79.534774049975667, 24.220368700364521 ], [ 79.541111607936458, 24.248053996106332 ], [ 79.59873381624439, 24.23694084052012 ], [ 79.677368861272654, 24.266091738676245 ], [ 79.69994561053042, 24.24829318774492 ], [ 79.700761245680042, 24.203757055593471 ], [ 79.763604504235005, 24.162153866776357 ], [ 79.705802743095205, 24.091108044705784 ], [ 79.732377025449225, 24.076368484941096 ], [ 79.739872515379489, 24.073626225622313 ], [ 79.7694936325573, 24.070710352080592 ], [ 79.772817776933408, 24.072229864875332 ], [ 79.762169149553941, 24.079888198434748 ], [ 79.762698940688139, 24.082803700521872 ], [ 79.792841833633915, 24.096631740633374 ], [ 79.798723105956526, 24.095472565016816 ], [ 79.797010669893567, 24.093906402977805 ], [ 79.800375365777228, 24.089071729844331 ], [ 79.816175499324842, 24.077853697661222 ], [ 79.903052691778726, 24.096613389265823 ], [ 79.946427984557374, 24.068924347670158 ], [ 80.005862945442217, 24.110234157592146 ], [ 80.106614358327363, 24.101507888474693 ], [ 80.060481670925256, 24.006432053900259 ], [ 80.448449527699808, 24.019054160325211 ], [ 80.644401133126038, 24.100884553244608 ], [ 80.684038489076741, 24.173046887401394 ], [ 80.791520137477264, 24.188027163657903 ], [ 81.024202635654419, 24.128384884150446 ], [ 81.091226168546868, 24.22291423395475 ], [ 81.161946815352835, 24.22857876880893 ], [ 81.278793482923163, 24.139740788071204 ], [ 81.48183463968293, 24.09308643647887 ], [ 81.624606485079653, 24.085647667656545 ], [ 81.632291541198427, 23.993672757414149 ], [ 81.906830442887568, 23.925427340631504 ], [ 82.030210983737888, 23.933735940148605 ], [ 82.128754517284435, 23.800067626680192 ], [ 82.259865759603898, 23.779089287135147 ], [ 82.280804045820659, 23.869205940288129 ], [ 82.405414989937825, 23.83067593621351 ], [ 82.569072653898658, 23.880198629484283 ], [ 82.679759134935509, 23.837377195646216 ], [ 82.711351267898635, 23.763467075419069 ], [ 82.61412088503215, 23.761146219381509 ], [ 82.613385415059938, 23.647939132185375 ], [ 82.64439465910506, 23.531584710297597 ], [ 82.597576669589486, 23.465963658041279 ], [ 82.566353074288372, 23.330898296067009 ], [ 82.654179498936827, 23.260781291969739 ], [ 82.649172297168462, 23.227210657352614 ], [ 82.655942546548118, 23.223539428692874 ], [ 82.639382006613303, 23.214496381720345 ], [ 82.491729673086994, 23.135133401690666 ], [ 82.504034580095222, 23.116397272201322 ], [ 82.395343824581502, 23.032000560182265 ], [ 82.066829723920378, 23.101385613625443 ], [ 81.90362162693522, 23.126889268827071 ], [ 81.841878265572944, 23.177984945724972 ], [ 81.629497275978039, 23.185172470452361 ], [ 81.463147927647057, 23.267183239566215 ], [ 81.38182998235925, 23.329220667965025 ], [ 81.309962759746071, 23.305206159553048 ], [ 81.314313564817411, 23.297287225178732 ], [ 81.400302500723825, 23.242421069703127 ], [ 81.407024886658292, 23.231868161798825 ], [ 81.500071528283996, 23.155813541649191 ], [ 81.424582239792926, 23.137083123068095 ], [ 81.497688082841123, 23.006902477995535 ], [ 81.632695530667846, 22.994398981727919 ], [ 81.779925693207545, 22.891430468107011 ], [ 81.868289504190955, 22.872932189520832 ], [ 81.975632648788633, 22.718423623139373 ], [ 82.043126202241098, 22.64088861220328 ], [ 82.099098127332525, 22.628359834285316 ], [ 82.183200209283285, 22.524064700957261 ], [ 82.177551816228274, 22.448463204009546 ], [ 82.198351297507131, 22.38983146174569 ], [ 82.18542831279035, 22.372941858095409 ], [ 82.089904410401218, 22.386814828435526 ], [ 82.116202040882698, 22.326759609961691 ], [ 82.085097698198183, 22.312190564391496 ], [ 82.038352732603812, 22.318694736725138 ], [ 82.066773127534233, 22.276503942799188 ], [ 82.071690463458026, 22.250136863932262 ], [ 82.031484549705922, 22.252492507456509 ], [ 82.013909195634895, 22.227859659848775 ], [ 81.965229180506725, 22.240988608701347 ], [ 81.914039525797349, 22.23294251957666 ], [ 81.853274920393176, 22.27702265538235 ], [ 81.807076526150212, 22.275948116693264 ], [ 81.749263520746197, 22.313749071205947 ], [ 81.716233136519691, 22.316236701049885 ], [ 81.781757290964677, 22.243628573231135 ], [ 81.73465106459021, 22.247014064469742 ], [ 81.747069603251859, 22.21524141642017 ], [ 81.741314257297816, 22.213487095813203 ], [ 81.748747749661021, 22.209768216298606 ], [ 81.769994179990078, 22.196707087990465 ], [ 81.721190987283279, 22.223164863941925 ], [ 81.696747807627418, 22.235331266055415 ], [ 81.713546215656592, 22.168854409286517 ], [ 81.718574333922263, 22.163791663918715 ], [ 81.751695272325335, 22.114341068721188 ], [ 81.705163886334176, 22.135479230481497 ], [ 81.711568055695153, 22.110560948588542 ], [ 81.774406557608813, 22.030160537808726 ], [ 81.767529204926532, 21.998303574281032 ], [ 81.739160460520978, 22.007027298016673 ], [ 81.681658157422717, 22.046936015669999 ], [ 81.628031738910337, 22.072256983212977 ], [ 81.48158103689758, 22.170882926361163 ], [ 81.159187818450249, 22.357354599649927 ], [ 80.986698366265273, 22.446986095096513 ], [ 80.815947567435458, 22.502185934917708 ], [ 80.432480528512656, 22.687541784441912 ], [ 80.182438904110825, 22.840581862573504 ], [ 80.045549400045132, 22.88295271700856 ], [ 79.961223111939177, 22.935417793597296 ], [ 79.91700401890354, 22.980642151157003 ], [ 79.848678821586219, 23.006450721698418 ], [ 79.736132732759344, 23.056706648627014 ], [ 79.739189515480689, 23.036294608616203 ], [ 79.695787271553812, 23.052883790587618 ], [ 79.680477766237715, 23.042267282104323 ], [ 79.605310770772903, 23.066324326570633 ], [ 79.580428424055711, 23.057273193073634 ], [ 79.605163268429706, 23.027642230899605 ], [ 79.436666511984271, 23.069770359450288 ], [ 79.369256167772974, 23.099778681668187 ], [ 79.335745856949984, 23.100851222662609 ], [ 79.313230536474606, 23.131343033258613 ], [ 79.20851544479784, 23.141844371693562 ], [ 79.191627814272422, 23.131832588351767 ], [ 79.142850503705475, 23.127849411985927 ], [ 79.059559553981444, 23.131293482357854 ], [ 78.995521690220656, 23.154972315235316 ], [ 78.974688074421223, 23.153021200526556 ], [ 78.968844028583362, 23.15379863318001 ], [ 78.966978279472954, 23.149509816765775 ], [ 78.948344252213985, 23.151800871406831 ], [ 78.884943296175777, 23.176183762048673 ], [ 78.877561212443439, 23.177600201003468 ], [ 78.809967639501238, 23.189896128404882 ], [ 78.758684688472513, 23.233254466509528 ], [ 78.735836826457302, 23.250740810240856 ], [ 78.752339907147871, 23.249426549005513 ], [ 78.831126920877779, 23.231414423681116 ], [ 78.799105524082421, 23.266108441253238 ], [ 78.742259914846258, 23.300359016459129 ], [ 78.601886318273557, 23.346850662233678 ], [ 78.596664384974048, 23.347840299176088 ], [ 78.566389259509762, 23.341641978247786 ], [ 78.504136710018457, 23.369954908153375 ], [ 78.435330191104143, 23.381134067504245 ], [ 78.385426144824677, 23.373291039287448 ], [ 78.325802898775706, 23.390133113922698 ], [ 78.342244197250324, 23.34876592445265 ], [ 78.31633181437283, 23.324356459400992 ], [ 78.255652346617453, 23.301882149772556 ], [ 78.284313128051565, 23.274659778659693 ], [ 78.264773296081216, 23.230211275804344 ], [ 78.167824242190079, 23.239888348776464 ], [ 78.136114899672265, 23.185285650782831 ], [ 78.069319140345954, 23.153428532907572 ], [ 77.892201171983473, 23.14126151795789 ], [ 77.89920799191772, 23.275810204378828 ], [ 77.857495092552355, 23.351481946341565 ], [ 77.812249189629853, 23.334612569706032 ], [ 77.736143038417339, 23.356406356851199 ], [ 77.468056822725359, 23.318881400825759 ], [ 77.141697100296568, 23.237990410089242 ], [ 76.570496525405588, 23.169028024192372 ], [ 76.430405513532307, 23.183835804608407 ] ] ] } },
{ "type": "Feature", "properties": { "gdp": 1966224.5795943553, "ENGTYPE_1": "State", "HASC_1": "IN.MH", "GID_1": "IND.20_1", "join_name": "maharashtra", "ISO_1": "IN-MH", "TYPE_1": "State", "NL_NAME_1": "NA", "CC_1": "NA", "NAME_1": "Maharashtra", "COUNTRY": "India", "VARNAME_1": "NA", "GID_0": "IND", "pop": 1966224.5795943553 }, "geometry": { "type": "Polygon", "coordinates": [ [ [ 73.665034215032165, 16.356215597603445 ], [ 73.649828034228776, 16.349913483858131 ], [ 73.523022429668629, 16.309286450840922 ], [ 73.468277934663618, 16.463084015804487 ], [ 73.393503645791768, 16.475047846797555 ], [ 73.352588742303936, 16.700454593939511 ], [ 73.242315156756732, 17.028350316375697 ], [ 73.264104750424039, 17.161819307376994 ], [ 73.215086347074347, 17.361754840340886 ], [ 73.223224174330753, 17.512580089662219 ], [ 73.178435791722833, 17.664288217563506 ], [ 73.126562026715021, 17.742343312839878 ], [ 73.101629437299124, 17.839669973114713 ], [ 73.103098483312834, 17.959350838084763 ], [ 73.062026533590711, 17.998011321432848 ], [ 73.028709706291991, 18.149913776701283 ], [ 73.036438124036891, 18.20925332997907 ], [ 72.911593561106628, 18.48345853886854 ], [ 72.874396608585826, 18.609611514993581 ], [ 72.871261345581715, 18.791538827875293 ], [ 72.795953197340538, 18.960862072036409 ], [ 72.826792347930137, 19.04689262049267 ], [ 72.759508267075532, 19.224852521335464 ], [ 72.768507621992754, 19.330490339604427 ], [ 72.816267255586709, 19.333281744865133 ], [ 72.810915637196217, 19.438497488372054 ], [ 72.854916170098733, 19.529418670855875 ], [ 72.823878606961401, 19.568714003139707 ], [ 72.715709163795097, 19.517094884628008 ], [ 72.743586528482084, 19.702954601484581 ], [ 72.709936601943511, 19.812860405164262 ], [ 72.739535990845951, 19.940350621368257 ], [ 72.706776132746796, 19.987330913473428 ], [ 72.695539461917861, 20.169414522739544 ], [ 72.705890490511337, 20.35818433925153 ], [ 72.691764676744697, 20.400922600195816 ], [ 72.703413043590899, 20.605611631089129 ], [ 72.759866936681917, 20.659955800710335 ], [ 72.772980786178138, 20.7680542642536 ], [ 72.817019811365995, 20.849199223058605 ], [ 72.862813001677139, 20.853581434500423 ], [ 72.937359344456439, 20.951436484763793 ], [ 72.9999009099284, 20.992924084829653 ], [ 73.020901690056121, 20.995933393288055 ], [ 73.055986734891462, 20.992603756480566 ], [ 73.062700459642699, 20.893146261573996 ], [ 73.203706052948206, 20.881229004493747 ], [ 73.277137926323888, 20.954955679509336 ], [ 73.28857262368895, 20.966437715801518 ], [ 73.294792144552829, 20.982246627523246 ], [ 73.400508174780143, 21.08677261910584 ], [ 73.53533223537903, 21.120863985783444 ], [ 73.579884453907439, 21.335735715076428 ], [ 73.696206676599914, 21.498097736690685 ], [ 73.738533447925377, 21.61033933349638 ], [ 73.684638470942559, 21.644821738361991 ], [ 73.67220708062402, 21.653835831071273 ], [ 73.800217991685756, 21.737523011941093 ], [ 73.88075272234822, 21.729420232922841 ], [ 73.915557888991941, 21.723055888411594 ], [ 73.932514957614316, 21.710629054243224 ], [ 73.931956167673889, 21.676628060884763 ], [ 74.068533145901227, 21.685033303277198 ], [ 74.221814113787204, 21.791084098319622 ], [ 74.248127235141624, 21.891838075450135 ], [ 74.407000345840132, 22.012133480781774 ], [ 74.441631420986752, 22.105779372218564 ], [ 74.41509637678287, 22.207037079176907 ], [ 74.272282378823235, 22.283471849366741 ], [ 74.324689869164658, 22.436365929396349 ], [ 74.426837432058377, 22.474951555237848 ], [ 74.482957560881289, 22.593406862192161 ], [ 74.641190522372852, 22.674304753601092 ], [ 74.699746421460119, 22.790215952506536 ], [ 74.904731558302856, 22.904891511251986 ], [ 74.927088120399517, 22.912284330476147 ], [ 75.072337772149339, 22.976441649860064 ], [ 75.090099096209215, 22.98052807460898 ], [ 75.118110423955656, 22.974202490005965 ], [ 75.128436569471077, 22.985663034331228 ], [ 75.188401026124083, 23.007140409560041 ], [ 75.190452779609629, 23.08279152192037 ], [ 75.058558374071211, 23.025215738377319 ], [ 75.05225501808917, 23.042875185552564 ], [ 75.021971756144609, 23.044003773985668 ], [ 75.009576643995587, 23.033656593501043 ], [ 74.989005251731399, 23.027567924767325 ], [ 74.920408796671239, 23.016769095715745 ], [ 74.871775999319965, 22.994786477132635 ], [ 74.622632500454259, 22.86745826103445 ], [ 74.625126601722712, 22.968522003852613 ], [ 74.717487226321097, 23.039196709382132 ], [ 74.750280266088339, 23.109710843064633 ], [ 74.719285747897501, 23.193162807458531 ], [ 75.131737207441674, 23.420254692064251 ], [ 75.233934894788916, 23.421180939214789 ], [ 75.316169314978353, 23.44175297415061 ], [ 75.466511024233697, 23.533305483432475 ], [ 75.625205542061863, 23.470655376428947 ], [ 75.559093865631738, 23.330432664371418 ], [ 75.579861948557863, 23.305004583517327 ], [ 75.598190527954785, 23.310119076614708 ], [ 75.611919161470439, 23.29647301745025 ], [ 75.668948577305514, 23.270897418955101 ], [ 75.906069706430756, 23.263367289795895 ], [ 75.94667306774943, 23.264285136563007 ], [ 75.949768651018161, 23.270195784105294 ], [ 76.002152138762355, 23.280221013924379 ], [ 76.136285281986432, 23.293110587234956 ], [ 76.342436470553892, 23.280430901853837 ], [ 76.40916715798042, 23.190455194716719 ], [ 76.430405513532307, 23.183835804608407 ], [ 76.570496525405588, 23.169028024192372 ], [ 77.141697100296568, 23.237990410089242 ], [ 77.468056822725359, 23.318881400825759 ], [ 77.736143038417339, 23.356406356851199 ], [ 77.812249189629853, 23.334612569706032 ], [ 77.857495092552355, 23.351481946341565 ], [ 77.89920799191772, 23.275810204378828 ], [ 77.892201171983473, 23.14126151795789 ], [ 78.069319140345954, 23.153428532907572 ], [ 78.136114899672265, 23.185285650782831 ], [ 78.167824242190079, 23.239888348776464 ], [ 78.264773296081216, 23.230211275804344 ], [ 78.284313128051565, 23.274659778659693 ], [ 78.255652346617453, 23.301882149772556 ], [ 78.31633181437283, 23.324356459400992 ], [ 78.342244197250324, 23.34876592445265 ], [ 78.325802898775706, 23.390133113922698 ], [ 78.385426144824677, 23.373291039287448 ], [ 78.435330191104143, 23.381134067504245 ], [ 78.504136710018457, 23.369954908153375 ], [ 78.566389259509762, 23.341641978247786 ], [ 78.596664384974048, 23.347840299176088 ], [ 78.601886318273557, 23.346850662233678 ], [ 78.742259914846258, 23.300359016459129 ], [ 78.799105524082421, 23.266108441253238 ], [ 78.831126920877779, 23.231414423681116 ], [ 78.752339907147871, 23.249426549005513 ], [ 78.735836826457302, 23.250740810240856 ], [ 78.758684688472513, 23.233254466509528 ], [ 78.809967639501238, 23.189896128404882 ], [ 78.877561212443439, 23.177600201003468 ], [ 78.884943296175777, 23.176183762048673 ], [ 78.948344252213985, 23.151800871406831 ], [ 78.966978279472954, 23.149509816765775 ], [ 78.968844028583362, 23.15379863318001 ], [ 78.974688074421223, 23.153021200526556 ], [ 78.995521690220656, 23.154972315235316 ], [ 79.059559553981444, 23.131293482357854 ], [ 79.142850503705475, 23.127849411985927 ], [ 79.191627814272422, 23.131832588351767 ], [ 79.20851544479784, 23.141844371693562 ], [ 79.313230536474606, 23.131343033258613 ], [ 79.335745856949984, 23.100851222662609 ], [ 79.369256167772974, 23.099778681668187 ], [ 79.436666511984271, 23.069770359450288 ], [ 79.605163268429706, 23.027642230899605 ], [ 79.580428424055711, 23.057273193073634 ], [ 79.605310770772903, 23.066324326570633 ], [ 79.680477766237715, 23.042267282104323 ], [ 79.695787271553812, 23.052883790587618 ], [ 79.739189515480689, 23.036294608616203 ], [ 79.736132732759344, 23.056706648627014 ], [ 79.848678821586219, 23.006450721698418 ], [ 79.91700401890354, 22.980642151157003 ], [ 79.961223111939177, 22.935417793597296 ], [ 80.045549400045132, 22.88295271700856 ], [ 80.182438904110825, 22.840581862573504 ], [ 80.432480528512656, 22.687541784441912 ], [ 80.815947567435458, 22.502185934917708 ], [ 80.986698366265273, 22.446986095096513 ], [ 81.159187818450249, 22.357354599649927 ], [ 81.48158103689758, 22.170882926361163 ], [ 81.628031738910337, 22.072256983212977 ], [ 81.681658157422717, 22.046936015669999 ], [ 81.739160460520978, 22.007027298016673 ], [ 81.767529204926532, 21.998303574281032 ], [ 81.775759193964475, 21.990709016772438 ], [ 81.773700674500247, 21.975158922910019 ], [ 81.77225757080312, 21.973588271932066 ], [ 81.766466289888299, 21.973625050298779 ], [ 81.757728788817744, 21.972494070663871 ], [ 81.751293220209746, 21.972635395209217 ], [ 81.729892679737404, 21.976671293428247 ], [ 81.7109698700514, 21.959151906620104 ], [ 81.71389214231796, 21.956261044765558 ], [ 81.708914725233512, 21.958035039106388 ], [ 81.722260113850311, 21.923127576886984 ], [ 81.752709216445211, 21.888074799142412 ], [ 81.773917061771783, 21.880928906933406 ], [ 81.829886613519818, 21.783604839571247 ], [ 81.801951504766393, 21.779053080796025 ], [ 81.812856034659831, 21.759486022732833 ], [ 81.852469986655834, 21.751226124911661 ], [ 81.863899022527704, 21.690372688375422 ], [ 81.878875128345697, 21.648096412945179 ], [ 81.847475590565693, 21.637646954991641 ], [ 81.800267114886708, 21.638253601530316 ], [ 81.83454638184493, 21.592497895529451 ], [ 81.86370774159542, 21.578124930663925 ], [ 81.880707762212282, 21.51621493619551 ], [ 81.862056161406969, 21.479185502074941 ], [ 81.885446289981317, 21.420123898806594 ], [ 81.939560836341855, 21.377074223194874 ], [ 81.93766209628123, 21.333318469096557 ], [ 81.962871089932818, 21.333634731525326 ], [ 82.027822060039981, 21.286570041031808 ], [ 82.032458835848701, 21.257306095100475 ], [ 81.985830789165888, 21.229503647039131 ], [ 82.003517874696342, 21.184474491627046 ], [ 81.951775652905852, 21.121344483250628 ], [ 81.878379894141702, 21.120948985531143 ], [ 81.869642391689609, 21.186932259595892 ], [ 81.715817174399746, 20.999103454844295 ], [ 81.683414573454584, 20.919126756120754 ], [ 81.510488783545341, 20.617872194709346 ], [ 81.490663971583359, 20.535945219285608 ], [ 81.508155588369789, 20.484881662782193 ], [ 81.518914822244, 20.403702214999246 ], [ 81.513513012803855, 20.384535091308376 ], [ 81.469328064458054, 20.343687099501928 ], [ 81.444882583257979, 20.297583444795947 ], [ 81.421981293487562, 20.287833054832873 ], [ 81.417986477200515, 20.276289627183598 ], [ 81.42509628181574, 20.255690006917678 ], [ 81.42978173310631, 20.231473334158963 ], [ 81.295345888060609, 20.137631016688825 ], [ 81.245278765822206, 20.250747680254076 ], [ 81.176308951379411, 20.275652857858677 ], [ 81.167232625467335, 20.319541136427482 ], [ 81.211375092422458, 20.368468274568095 ], [ 81.25103396111821, 20.614267864957316 ], [ 81.210677431104543, 20.679654273819622 ], [ 81.305067001211256, 20.78579660545812 ], [ 81.301348276825763, 20.841738833577757 ], [ 81.413351383244091, 21.053661334894702 ], [ 81.383728824261041, 21.1331035757809 ], [ 81.279304893105717, 21.204475062012069 ], [ 81.016021758634324, 21.129529946163053 ], [ 80.938788905292981, 21.071987827181541 ], [ 80.739675109674977, 21.18434141824789 ], [ 80.675027211696431, 21.019425749090274 ], [ 80.600031942729515, 21.096691058839092 ], [ 80.525648681969059, 21.11230023159106 ], [ 80.476708552688279, 21.238963164037013 ], [ 80.378420480144982, 21.256366838652134 ], [ 80.352939991587519, 21.377584815671817 ], [ 80.04742508058159, 21.50706893576146 ], [ 79.921789156507927, 21.550096493964112 ], [ 79.834410198820265, 21.675662986157789 ], [ 79.817717840060325, 21.674613531353035 ], [ 79.904529039262457, 21.47848803864709 ], [ 79.894149150134837, 21.387657066387103 ], [ 79.838043241311638, 21.360622166637768 ], [ 79.872686601157184, 21.238113397535908 ], [ 79.880791846234771, 21.044758950864694 ], [ 79.748849768577514, 20.944607208624195 ], [ 79.736005757948973, 20.722500497222125 ], [ 79.581382294299459, 20.755592181850851 ], [ 79.471965419698279, 20.853362862422802 ], [ 79.36076214565179, 20.786821667658312 ], [ 79.306842184493192, 20.52609921683834 ], [ 79.204178117618895, 20.407961209355506 ], [ 79.200675452985948, 20.282429136848254 ], [ 79.308990321567606, 20.245813004154062 ], [ 79.357326609348107, 20.113244857536202 ], [ 79.271568735051929, 20.008240853812474 ], [ 79.193517049407319, 19.816364363991919 ], [ 79.120909675828969, 19.781875805657471 ], [ 79.132181618476395, 19.638359331854744 ], [ 79.007513042017507, 19.529950180017465 ], [ 78.927434296239397, 19.559870216259373 ], [ 78.818793514105607, 19.214350662883881 ], [ 78.846727127668302, 19.136918277394738 ], [ 78.730797389791746, 19.083066670221637 ], [ 78.654782124694634, 19.145056764133411 ], [ 78.649672249820597, 19.304036001004466 ], [ 78.533904184263164, 19.367066767824362 ], [ 78.434141742507208, 19.314077697688482 ], [ 78.384272610902457, 19.103691709280838 ], [ 78.185565933304801, 18.902658278425424 ], [ 78.046537274672119, 18.95317975499654 ], [ 78.043231838964388, 18.724530339538727 ], [ 77.989750319462345, 18.572170933921075 ], [ 77.908342323906368, 18.513293291311896 ], [ 77.679761274532595, 18.23423030871006 ], [ 77.558175269090754, 18.303061042942328 ], [ 77.445122258129388, 18.30504803848234 ], [ 77.384960302370715, 18.177760851150971 ], [ 77.282471094310679, 18.085105418191475 ], [ 77.161368105050087, 18.067996278171801 ], [ 77.209111119199065, 17.715938675886939 ], [ 76.992839887040674, 17.765847161710461 ], [ 76.836385036118571, 17.761944729186354 ], [ 76.555293617939, 17.698500497769285 ], [ 76.509438958442928, 17.793139656363053 ], [ 76.384635211050977, 17.743643695754002 ], [ 76.138600871875411, 17.861299474756759 ], [ 76.079724174056167, 17.653245535453088 ], [ 76.151786698668161, 17.619955392582352 ], [ 76.105599183747088, 17.50169927572782 ], [ 76.163801098495, 17.457044509917939 ], [ 76.147193702082916, 17.328810464003539 ], [ 76.006540572085385, 17.313334002355319 ], [ 75.61395434123915, 17.305004230180394 ], [ 75.606328211749329, 17.238686020634415 ], [ 75.535756261163712, 17.214294449085607 ], [ 75.353793963187542, 17.284629674676371 ], [ 75.232970558072537, 17.310477635516179 ], [ 75.119956566683655, 17.246316268601525 ], [ 75.129113332247016, 17.190544907607389 ], [ 74.958326511661596, 17.170936197415354 ], [ 74.737191382341095, 17.026580588989599 ], [ 74.682736448191051, 17.093279853108562 ], [ 74.617493546559658, 17.091475215913899 ], [ 74.418672995969445, 17.041152033291116 ], [ 74.376491432517057, 16.977390796868338 ], [ 74.446411286558345, 16.916641010849215 ], [ 74.465415037529354, 16.915231067683433 ], [ 74.471045320895357, 16.905168127979497 ], [ 74.417253044741514, 16.876850372596618 ], [ 74.451262869941431, 16.824974849807738 ], [ 74.652421744793457, 16.758751293397026 ], [ 74.639708243983833, 16.648247105449283 ], [ 74.589794923646949, 16.541290936875267 ], [ 74.52118167349299, 16.489381973474135 ], [ 74.525905778200496, 16.401335150838236 ], [ 74.456829310381153, 16.398351272339013 ], [ 74.268351624434459, 16.438018269641521 ], [ 74.22774559308705, 16.391978366517517 ], [ 73.965461963658441, 16.362685732199502 ], [ 73.890773540498841, 16.425111347780714 ], [ 73.784330392914868, 16.439847734100539 ], [ 73.665034215032165, 16.356215597603445 ] ] ] } },
{ "type": "Feature", "properties": { "gdp": 19530.67, "ENGTYPE_1": "State", "HASC_1": "IN.MN", "GID_1": "IND.21_1", "join_name": "manipur", "ISO_1": "IN-MN", "TYPE_1": "State", "NL_NAME_1": "NA", "CC_1": "NA", "NAME_1": "Manipur", "COUNTRY": "India", "VARNAME_1": "NA", "GID_0": "IND", "pop": 19530.67 }, "geometry": { "type": "Polygon", "coordinates": [ [ [ 93.307175808263437, 24.49429529377036 ], [ 93.149298789120195, 24.239630936503062 ], [ 93.131786470100721, 24.307994130643294 ], [ 93.329867637078124, 24.792577447990997 ], [ 93.385027182328756, 24.904086338811297 ], [ 93.403292447665294, 24.922427315685113 ], [ 93.570649955283145, 25.085688763523155 ], [ 93.593471820838388, 25.104098124381796 ], [ 93.600290041905666, 25.139998709299224 ], [ 93.609049813420398, 25.167312369898998 ], [ 93.621568886860388, 25.170991544439715 ], [ 93.637211810002469, 25.209312574460391 ], [ 93.645286931226593, 25.235906805648742 ], [ 93.672492398254306, 25.270444905755539 ], [ 93.705954451817533, 25.319970407910731 ], [ 93.724507213039175, 25.336464299487183 ], [ 93.724527580288651, 25.322232553543877 ], [ 93.743321608757356, 25.322892162854874 ], [ 93.750746283359774, 25.33159347419404 ], [ 93.865155311124227, 25.599926233652219 ], [ 93.907565532276379, 25.767293555685903 ], [ 94.088167436359612, 26.089729952944715 ], [ 94.089861354930221, 26.032321857156155 ], [ 94.147240785261815, 26.125376988020264 ], [ 94.167836526365647, 26.104437682625019 ], [ 94.24317130342537, 26.31385529609015 ], [ 94.252365782798535, 26.369707184313807 ], [ 94.312774303589862, 26.504877730165404 ], [ 94.284602750085412, 26.392657384662666 ], [ 94.270447825818891, 26.288685711421991 ], [ 94.278315093432241, 26.207312098504072 ], [ 94.286123246166611, 26.1874342038954 ], [ 94.29238566219783, 26.201640077919247 ], [ 94.221492299227393, 25.990283882045368 ], [ 94.001949230670093, 25.521500203123182 ], [ 94.077754159438356, 25.531878601157015 ], [ 93.952053688409109, 25.363556114833074 ], [ 93.893315330375742, 25.281074318321288 ], [ 93.878120657236778, 25.259464302724297 ], [ 93.866844340521197, 25.220496276157998 ], [ 93.858407586349472, 25.216486794782174 ], [ 93.847365551833121, 25.185878430013993 ], [ 93.834726411309802, 25.1683457630573 ], [ 93.804036624716915, 25.117051397333483 ], [ 93.765382581628273, 25.059590831759678 ], [ 93.758066736237254, 24.991184286688679 ], [ 93.728235654656331, 24.782712891976288 ], [ 93.70437921751811, 24.63211783421459 ], [ 93.662874852447786, 24.76075830387094 ], [ 93.619625928407785, 24.763891773527281 ], [ 93.552557824557482, 24.662475086995794 ], [ 93.592497604477188, 24.807316602977846 ], [ 93.498901100417783, 24.694907538304136 ], [ 93.449702754934435, 24.594619988993649 ], [ 93.325390369354892, 24.436165959595851 ], [ 93.404507999861423, 24.628370405558947 ], [ 93.307175808263437, 24.49429529377036 ] ] ] } },
{ "type": "Feature", "properties": { "gdp": 25117.363740837729, "ENGTYPE_1": "State", "HASC_1": "IN.ML", "GID_1": "IND.22_1", "join_name": "meghalaya", "ISO_1": "IN-ML", "TYPE_1": "State", "NL_NAME_1": "NA", "CC_1": "NA", "NAME_1": "Meghalaya", "COUNTRY": "India", "VARNAME_1": "NA", "GID_0": "IND", "pop": 25117.363740837729 }, "geometry": { "type": "Polygon", "coordinates": [ [ [ 90.905907614509076, 25.899114650441462 ], [ 91.113770357332143, 25.890808028251904 ], [ 90.895900019578235, 26.016178316761849 ], [ 91.169578842055657, 26.086854201976944 ], [ 91.560983588174722, 25.936997095840841 ], [ 91.625044506807797, 25.91745154031037 ], [ 91.802742755659921, 25.823362955018435 ], [ 91.824488956247208, 25.802468225102192 ], [ 91.844544134800742, 25.793950958253088 ], [ 91.856820271673115, 25.801486183815829 ], [ 91.863549183908972, 25.802890256662536 ], [ 91.872744315840293, 25.798606122350378 ], [ 91.88714017627268, 25.805043351890951 ], [ 91.898724438140974, 25.795359133451687 ], [ 91.919813531068982, 25.806101872267018 ], [ 91.941714357135027, 25.805583372169288 ], [ 91.952516581108426, 25.819646221866833 ], [ 91.96181854975768, 25.818661146224414 ], [ 91.963553901943698, 25.808504378840158 ], [ 91.976026155798976, 25.810308163628232 ], [ 91.978112555508787, 25.822710098376749 ], [ 92.001362048193499, 25.833889027397856 ], [ 92.010464418538902, 25.821833665308695 ], [ 92.16415010621381, 25.86865879105725 ], [ 92.251880134657171, 25.922868506775377 ], [ 92.473179449492761, 26.034218664525795 ], [ 92.50486024166878, 26.052491421776615 ], [ 92.160488406269067, 25.845233579395099 ], [ 92.144251149535066, 25.81763217321857 ], [ 92.111953911489294, 25.798553869143802 ], [ 92.109540815811442, 25.767692546352169 ], [ 92.165641793179489, 25.78407188314911 ], [ 92.506645653688665, 25.868022100652368 ], [ 92.651341941190253, 25.821605296710469 ], [ 92.764287105925376, 25.817795882509717 ], [ 92.869744258814123, 25.663150450486494 ], [ 92.986164902193963, 25.648142225908448 ], [ 93.188821603434718, 25.538831595955244 ], [ 93.174440545617571, 25.43420319539532 ], [ 93.04552387508167, 25.430864453334905 ], [ 93.040056831731391, 25.416391170493288 ], [ 93.021123588956769, 25.417624302253628 ], [ 93.006018625635917, 25.409363477629412 ], [ 92.81311283097493, 25.450067467002789 ], [ 92.753254911068794, 25.43788364255769 ], [ 92.751174703706454, 25.38071339245446 ], [ 92.703166070297968, 25.359057097371064 ], [ 92.791804965701218, 25.302023419733615 ], [ 92.712088321997157, 25.332366923219283 ], [ 92.686536575122958, 25.391543951593885 ], [ 92.285697198120104, 25.575421372251224 ], [ 92.066685521145388, 25.665244977591595 ], [ 91.995224798426463, 25.664885581029058 ], [ 91.965246475217512, 25.656978816496949 ], [ 91.941506465818222, 25.65905726709051 ], [ 91.908965838286235, 25.667994851319133 ], [ 91.882181546637113, 25.679713340990553 ], [ 91.86237072285239, 25.689900166469446 ], [ 91.845171238770874, 25.702849029064009 ], [ 91.825863161210549, 25.704615988180194 ], [ 91.353027184969434, 25.683738497334208 ], [ 91.005349181119385, 25.739329934385111 ], [ 90.902275335497094, 25.747514611836905 ], [ 90.859214601898955, 25.799727045783655 ], [ 90.905907614509076, 25.899114650441462 ] ] ] } },
{ "type": "Feature", "properties": { "gdp": 15138.856960778096, "ENGTYPE_1": "State", "HASC_1": "IN.MZ", "GID_1": "IND.23_1", "join_name": "mizoram", "ISO_1": "IN-MZ", "TYPE_1": "State", "NL_NAME_1": "NA", "CC_1": "NA", "NAME_1": "Mizoram", "COUNTRY": "India", "VARNAME_1": "NA", "GID_0": "IND", "pop": 15138.856960778096 }, "geometry": { "type": "Polygon", "coordinates": [ [ [ 93.307175808263437, 24.49429529377036 ], [ 93.211505775160063, 24.275286610152659 ], [ 93.186480830836416, 24.187869572418226 ], [ 93.102949487946432, 24.007690511644821 ], [ 93.099765033678864, 23.980236975218226 ], [ 93.104650139818091, 23.94358272075792 ], [ 93.106782831225331, 23.922540877237118 ], [ 93.100086474546515, 23.892848937391623 ], [ 93.091519325484924, 23.878574578689868 ], [ 93.086705881501942, 23.883426381177863 ], [ 93.077921529596367, 23.877974458525451 ], [ 93.071524398314537, 23.859912750178236 ], [ 93.060239641196475, 23.848178326064215 ], [ 93.057308596685658, 23.839107945285143 ], [ 93.062355918141819, 23.820966563293315 ], [ 93.065093223549553, 23.770221556125975 ], [ 93.084530220564957, 23.694368286197513 ], [ 93.132485152514278, 23.356030759606263 ], [ 93.076983981270516, 23.241223894924456 ], [ 93.031301287028029, 22.986738911771617 ], [ 92.960816856286641, 22.916049613958521 ], [ 92.923118185725414, 23.039728497915551 ], [ 92.866638280242327, 23.119103786428383 ], [ 92.832652030219748, 22.938924474226781 ], [ 92.771477538638706, 22.840064701620879 ], [ 92.775752188814081, 23.03367788454635 ], [ 92.811026423997589, 23.119961867587854 ], [ 92.978020293727369, 23.757335503683443 ], [ 93.003858705513309, 23.833388500227848 ], [ 92.999405530982443, 23.842937130372515 ], [ 92.995866358795396, 23.853275335921058 ], [ 92.984935413980764, 23.867526100385799 ], [ 92.981993906268599, 23.878898696860254 ], [ 92.97839525460445, 23.886549891770947 ], [ 92.975363726923277, 23.90926667642756 ], [ 92.977076090576091, 23.911668118680122 ], [ 92.985665513571462, 23.957161672381925 ], [ 92.99049810877959, 23.971868836097585 ], [ 92.991433664228225, 23.982104302584602 ], [ 92.9981844100204, 23.988327600552765 ], [ 92.999795791061089, 23.989297755262395 ], [ 92.999706977967918, 23.990431051351901 ], [ 93.001318246360455, 23.995729434780596 ], [ 92.999836018553339, 23.998924019701345 ], [ 92.871838834730326, 24.43998162021321 ], [ 92.831334108456062, 24.536158245099202 ], [ 92.835479379587753, 24.535972932593872 ], [ 92.909934440458855, 24.507242822549546 ], [ 92.989560589468567, 24.184681765802562 ], [ 92.99097648021322, 24.296680898277224 ], [ 92.98053104650009, 24.475640525577234 ], [ 93.009880094895735, 24.491670511963367 ], [ 93.020696177190075, 24.641884549228536 ], [ 93.069036924403022, 24.687650826755746 ], [ 93.155268679558915, 24.862421930256211 ], [ 93.178417890465411, 24.895493245446538 ], [ 93.189262339381543, 24.807840840343083 ], [ 93.379812491028474, 24.899376172678782 ], [ 93.385027182328756, 24.904086338811297 ], [ 93.329867637078124, 24.792577447990997 ], [ 93.131786470100721, 24.307994130643294 ], [ 93.149298789120195, 24.239630936503062 ], [ 93.307175808263437, 24.49429529377036 ] ] ] } },
{ "type": "Feature", "properties": { "gdp": 19523.949396, "ENGTYPE_1": "State", "HASC_1": "IN.NL", "GID_1": "IND.24_1", "join_name": "nagaland", "ISO_1": "IN-NL", "TYPE_1": "State", "NL_NAME_1": "NA", "CC_1": "NA", "NAME_1": "Nagaland", "COUNTRY": "India", "VARNAME_1": "NA", "GID_0": "IND", "pop": 19523.949396 }, "geometry": { "type": "Polygon", "coordinates": [ [ [ 93.724780545820522, 25.345965646084174 ], [ 93.735924064196212, 25.433582646407011 ], [ 93.720645811799585, 25.502520368751089 ], [ 93.700966291025566, 25.680408542207903 ], [ 93.780986690019105, 25.856804899563834 ], [ 93.822203808105499, 25.901255131959534 ], [ 93.901364811375927, 26.086894272827632 ], [ 94.102682368952429, 26.461056578546422 ], [ 94.110409646038903, 26.529365698735567 ], [ 94.158234392075201, 26.635289648774879 ], [ 94.13412150978435, 26.490050750141677 ], [ 94.164758602097251, 26.524904588682418 ], [ 94.196725943234014, 26.644032679920855 ], [ 94.202237519906447, 26.737554319238864 ], [ 94.241736586165842, 26.937012774179539 ], [ 94.28322015718156, 27.107321761984114 ], [ 94.296285160806235, 27.147799951307682 ], [ 94.31505314514672, 27.263135359942876 ], [ 94.339095974309998, 27.372453470974524 ], [ 94.33380678665678, 27.312904068380458 ], [ 94.34938418300618, 27.376398402271167 ], [ 94.35873940748003, 27.430272913207197 ], [ 94.376611607624213, 27.473779224343343 ], [ 94.384250305540434, 27.480898419441278 ], [ 94.384260520136323, 27.478737130374689 ], [ 94.391102926602201, 27.483701171059881 ], [ 94.406450018502071, 27.498400638739302 ], [ 94.421433502865582, 27.514247203470898 ], [ 94.423620646623561, 27.515408096104551 ], [ 94.433054239305974, 27.515898096794736 ], [ 94.459041752850013, 27.530923000603426 ], [ 94.466403849453314, 27.536515825152438 ], [ 94.465047569337969, 27.533884782983066 ], [ 94.464800894405741, 27.533046392785799 ], [ 94.463240423420984, 27.531184524868458 ], [ 94.461601716346323, 27.521823563307475 ], [ 94.454850797859407, 27.517697072025872 ], [ 94.458049938215211, 27.511007522290932 ], [ 94.451694992768992, 27.496668878846915 ], [ 94.413933996796715, 27.426664672885664 ], [ 94.417804384506653, 27.390962061325666 ], [ 94.415787819367011, 27.017728270557612 ], [ 94.432239600297933, 27.01337655991362 ], [ 94.420196519090936, 26.860067873570202 ], [ 94.408987353624767, 26.760794235769261 ], [ 94.426610340068336, 26.653456886844271 ], [ 94.400695467188982, 26.556414248877314 ], [ 94.391146942864395, 26.476682894946556 ], [ 94.345617799863007, 26.291586086880709 ], [ 94.29238566219783, 26.201640077919247 ], [ 94.286123246166611, 26.1874342038954 ], [ 94.278315093432241, 26.207312098504072 ], [ 94.270447825818891, 26.288685711421991 ], [ 94.284602750085412, 26.392657384662666 ], [ 94.312774303589862, 26.504877730165404 ], [ 94.252365782798535, 26.369707184313807 ], [ 94.24317130342537, 26.31385529609015 ], [ 94.167836526365647, 26.104437682625019 ], [ 94.147240785261815, 26.125376988020264 ], [ 94.089861354930221, 26.032321857156155 ], [ 94.088167436359612, 26.089729952944715 ], [ 93.907565532276379, 25.767293555685903 ], [ 93.865155311124227, 25.599926233652219 ], [ 93.750746283359774, 25.33159347419404 ], [ 93.743321608757356, 25.322892162854874 ], [ 93.724527580288651, 25.322232553543877 ], [ 93.724507213039175, 25.336464299487183 ], [ 93.722664264941216, 25.341572890205054 ], [ 93.724780545820522, 25.345965646084174 ] ] ] } },
{ "type": "Feature", "properties": { "gdp": 550803.70239809598, "ENGTYPE_1": "UnionTerritory", "HASC_1": "IN.DL", "GID_1": "IND.25_1", "join_name": "nctofdelhi", "ISO_1": "NA", "TYPE_1": "UnionTerritor", "NL_NAME_1": "NA", "CC_1": "NA", "NAME_1": "NCTofDelhi", "COUNTRY": "India", "VARNAME_1": "NA", "GID_0": "IND", "pop": 550803.70239809598 }, "geometry": { "type": "Polygon", "coordinates": [ [ [ 78.83460438184089, 26.601814013577137 ], [ 78.183699439665034, 26.090735988257663 ], [ 77.601691919860485, 26.052307986613314 ], [ 77.601127716369973, 26.052380746260582 ], [ 76.960964179374159, 26.230098741207023 ], [ 76.422500264040465, 26.446384968863125 ], [ 76.002051349101109, 26.719734950434173 ], [ 75.994052528864884, 26.865195865207252 ], [ 76.54680863326179, 27.422186689693937 ], [ 76.847397027787295, 28.827937973899399 ], [ 78.136960760961912, 29.477006808068253 ], [ 78.638333467956386, 29.431572387314887 ], [ 78.64853721100377, 29.433862009352126 ], [ 78.684798489873103, 29.420643011195242 ], [ 78.772014994972579, 29.370574625218538 ], [ 78.989336209830554, 29.168351193150936 ], [ 79.023131052537565, 29.127631365719335 ], [ 79.333510625874624, 28.381296482692179 ], [ 79.106692485190152, 27.043346410080449 ], [ 79.007560797482739, 26.858140228752987 ], [ 78.83460438184089, 26.601814013577137 ] ] ] } },
{ "type": "Feature", "properties": { "gdp": 328549.50299364119, "ENGTYPE_1": "State", "HASC_1": "IN.OR", "GID_1": "IND.26_1", "join_name": "odisha", "ISO_1": "IN-OR", "TYPE_1": "State", "NL_NAME_1": "NA", "CC_1": "NA", "NAME_1": "Odisha", "COUNTRY": "India", "VARNAME_1": "NA", "GID_0": "IND", "pop": 328549.50299364119 }, "geometry": { "type": "Polygon", "coordinates": [ [ [ 82.391463224044131, 19.317145269486602 ], [ 82.285437747992219, 19.193829666087169 ], [ 82.220754529059207, 19.16158588488738 ], [ 82.212239400012194, 19.152067753707115 ], [ 82.202165231256245, 19.126663975298374 ], [ 82.17154947658311, 19.062732830185112 ], [ 82.07846573411247, 19.026225370767698 ], [ 82.075122864499662, 19.035636791937712 ], [ 82.012085056134126, 19.01693837356332 ], [ 82.015285331823989, 19.045188894061763 ], [ 82.060790116921098, 19.127218964775057 ], [ 82.142128973126745, 19.460806597508132 ], [ 82.176092648472448, 19.719178671556143 ], [ 82.267789273363633, 19.858841457262379 ], [ 82.322923551715476, 19.876373180079423 ], [ 82.338658208577641, 19.983262968698295 ], [ 82.428611571729888, 20.234001110611366 ], [ 82.422709086681294, 20.343780902756492 ], [ 82.423879307578929, 20.383700045336397 ], [ 82.460170347796549, 20.457855510486723 ], [ 82.469892334036786, 20.479579727907801 ], [ 82.478268608525312, 20.484535422406992 ], [ 82.490068941504774, 20.513747249852116 ], [ 82.523583561721253, 20.510492588738924 ], [ 82.552344079676118, 20.620089911585808 ], [ 82.551829246680498, 20.809188433271526 ], [ 82.582723962369116, 20.83076984836114 ], [ 82.558223311582154, 21.018118682808442 ], [ 82.540057952645384, 21.065020278561676 ], [ 82.5342529414322, 21.151564960167782 ], [ 82.547492523164181, 21.186088894223762 ], [ 82.545980495860746, 21.228524366224725 ], [ 82.524531435131749, 21.226142403649241 ], [ 82.515382143156131, 21.257269384922029 ], [ 82.496725045644212, 21.266538697014077 ], [ 82.495932702817697, 21.314438360288854 ], [ 82.503560766303963, 21.336824654015111 ], [ 82.471140468827329, 21.337744075911235 ], [ 82.462076843414195, 21.352063609456678 ], [ 82.413836680846458, 21.364373862204928 ], [ 82.410689790934029, 21.393115195264176 ], [ 82.445424739711569, 21.408302728658931 ], [ 82.567412361431238, 21.383670174670971 ], [ 82.602743695165174, 21.383758571617879 ], [ 82.631005742224104, 21.352591299861711 ], [ 82.665633771761946, 21.371286020862566 ], [ 82.671916539821524, 21.372989567311553 ], [ 82.718298144066367, 21.366345888397213 ], [ 82.720157400143506, 21.364964969096597 ], [ 82.748407468713481, 21.356382058061708 ], [ 82.751558167358709, 21.397377715025339 ], [ 82.717835429010762, 21.396135231332149 ], [ 82.659473757345268, 21.405518457373056 ], [ 82.657968556931422, 21.430018497369367 ], [ 82.669938159163493, 21.440213693743473 ], [ 82.666281805639002, 21.469448475235879 ], [ 82.673645504573372, 21.485317126991688 ], [ 82.665284588613432, 21.509971920171193 ], [ 82.643349301031591, 21.519615948397625 ], [ 82.66250989585572, 21.538744988244538 ], [ 82.648694940341784, 21.602509318535446 ], [ 82.725703663551073, 21.630182549038054 ], [ 82.743018169090206, 21.657881636574039 ], [ 82.742623105807297, 21.694140924960653 ], [ 82.790047842710351, 21.687646187593163 ], [ 82.817755312430094, 21.68122297943491 ], [ 82.843671770711651, 21.663686760509989 ], [ 82.853357663212108, 21.670385238945482 ], [ 82.855672229266901, 21.671410821969786 ], [ 82.856980516453802, 21.68089161260848 ], [ 82.858859990094743, 21.68500940891845 ], [ 82.866525867062506, 21.729876459421309 ], [ 82.886584788088669, 21.719005672664739 ], [ 82.889360894585948, 21.733120275109414 ], [ 82.877682512408498, 21.755586356189479 ], [ 82.879757336612982, 21.783065507476582 ], [ 82.895628281602953, 21.804875960941576 ], [ 82.900093461685458, 21.833528882003286 ], [ 82.924977415356707, 21.857820537112755 ], [ 82.90577072743406, 21.874562964201548 ], [ 82.906702904622776, 21.914763173899484 ], [ 82.90878096801157, 21.918546209368429 ], [ 82.931935774366394, 21.954147552586171 ], [ 82.969967103687097, 21.960687924228605 ], [ 83.010596737732797, 21.997726727785814 ], [ 83.113448919148823, 22.039587760789818 ], [ 83.165367295548563, 22.103826301799803 ], [ 83.152037609497611, 22.133767221202277 ], [ 83.248902164457959, 22.13358428310049 ], [ 83.264018308581512, 22.085259395550921 ], [ 83.34188487864904, 22.092684727163572 ], [ 83.49697495815272, 22.153983819281109 ], [ 83.61991822588746, 22.241416687330378 ], [ 83.757327968306726, 22.306868136438105 ], [ 83.857525630309269, 22.339723273891753 ], [ 83.938435539381032, 22.405603403054215 ], [ 83.984798641927867, 22.402182992421857 ], [ 84.178888819759493, 22.570344232774456 ], [ 84.102597662389257, 22.343007212197247 ], [ 83.932299352989347, 22.120254263365542 ], [ 83.950196378369128, 22.128985572986995 ], [ 83.98717494318285, 22.157586007261401 ], [ 84.101406916393046, 22.138765192913841 ], [ 84.249402559516255, 22.272762897791228 ], [ 84.258979086681009, 22.276039645223484 ], [ 84.278271651347652, 22.28660058499927 ], [ 84.305596207936489, 22.276345383431874 ], [ 84.384971519139029, 22.240720206042067 ], [ 84.511813966618362, 22.23748445089743 ], [ 84.50583174339863, 22.174981594356908 ], [ 84.577759115464445, 22.187369080670457 ], [ 84.630675152435089, 22.250701072199831 ], [ 84.723706076761005, 22.500352185694428 ], [ 84.700697024849504, 22.581252739398682 ], [ 84.748368187082761, 22.698733633092743 ], [ 84.7771812652514, 22.840800597270604 ], [ 84.775120275794464, 22.957424674643331 ], [ 84.803835215246025, 23.038039537365101 ], [ 84.858787164351909, 23.117248013554299 ], [ 84.857326819270654, 23.052832915934729 ], [ 84.917420589240947, 22.953929602867614 ], [ 84.938359792229377, 22.790597226288913 ], [ 84.987951104872835, 22.706284322819471 ], [ 85.046321687412245, 22.670763532703543 ], [ 85.206745211747361, 22.48130157978008 ], [ 85.20880528380917, 22.478349638289448 ], [ 85.227105554747737, 22.38726028107919 ], [ 85.491787296017478, 22.202850935958327 ], [ 85.552192505395254, 22.142290781748073 ], [ 85.580692296031359, 22.1254558149849 ], [ 85.624208686911359, 22.063965646136456 ], [ 85.614205860711294, 22.002394905791643 ], [ 85.755205167613127, 21.911757172181701 ], [ 85.797907753429101, 21.943750231617873 ], [ 85.810692534696813, 21.944450788017683 ], [ 85.931631722830474, 21.870832328628353 ], [ 86.023153878622139, 21.776010370779399 ], [ 86.037985010545853, 21.768243510555838 ], [ 86.293617208762626, 21.666450485620299 ], [ 86.409073431170924, 21.550059733433987 ], [ 86.310462312191788, 21.530788712026144 ], [ 86.069503316393366, 21.591400147151802 ], [ 85.905834348894842, 21.605506109628461 ], [ 85.683114091679982, 21.537093281607405 ], [ 85.62159971796126, 21.469161163573844 ], [ 85.614821216210927, 21.399694631106648 ], [ 85.863080158129321, 21.152701247705167 ], [ 85.885932768328544, 21.097390045635095 ], [ 85.770899212743245, 21.123803890097243 ], [ 85.691801324476742, 21.112838256175227 ], [ 85.648183822981196, 21.039588897631731 ], [ 85.761900396078886, 21.023328030018028 ], [ 85.872055069782647, 21.043612874040043 ], [ 85.949074957509666, 20.998204590890698 ], [ 85.700334946210091, 20.953825034568961 ], [ 85.650122134836579, 20.906768897855258 ], [ 85.737587993615776, 20.842365374808235 ], [ 85.736530441645613, 20.805021253145252 ], [ 85.620338602631293, 20.777739609713056 ], [ 85.395079611843897, 20.774459776424024 ], [ 85.412091925720048, 20.733908817031097 ], [ 85.296208562474646, 20.649724832693554 ], [ 84.984189444996829, 20.662144688688322 ], [ 84.822068059098356, 20.674038310541853 ], [ 84.693024952005743, 20.666508390057217 ], [ 84.535143087013154, 20.631542081260513 ], [ 84.45304637122139, 20.60458013701983 ], [ 84.367115641449217, 20.561682786252959 ], [ 84.338315532544186, 20.53137496864672 ], [ 84.225851045361608, 20.47157362998912 ], [ 84.177128791389464, 20.404056111710204 ], [ 84.120121859735406, 20.420130957150597 ], [ 84.114933616047196, 20.428599159093604 ], [ 84.118283011486909, 20.443021601080826 ], [ 84.055334973862642, 20.445458209875962 ], [ 84.070767089015362, 20.376201279356124 ], [ 84.004941879868866, 20.409127372142493 ], [ 83.946632290449372, 20.24684497061633 ], [ 83.869153134658518, 20.268425731273609 ], [ 83.777081966619619, 20.267961952919691 ], [ 83.723552332655288, 20.331768590636958 ], [ 83.628116511907663, 20.377266681373975 ], [ 83.514402157718592, 20.572570104721656 ], [ 83.460886207935957, 20.589751726278056 ], [ 83.357426607961344, 20.706592067276745 ], [ 83.305699230751344, 20.661417810361591 ], [ 83.209619559963841, 20.713371732830947 ], [ 83.223577166432733, 20.662484714971573 ], [ 83.313027681622032, 20.504963048636032 ], [ 83.196794453725616, 20.435092692462934 ], [ 83.154732309759339, 20.482250074016346 ], [ 83.108359124293059, 20.231667496820922 ], [ 83.146330646163776, 20.148936452434686 ], [ 83.151866295786064, 20.004074950397534 ], [ 83.177189174675107, 19.936206550392946 ], [ 83.159942316473604, 19.909892970679032 ], [ 83.070186531316196, 19.898156143299133 ], [ 82.991563637625973, 20.027363714154486 ], [ 82.981105684216544, 19.868796160364571 ], [ 82.866672832857518, 19.764851687070895 ], [ 82.867881396766904, 19.92739373192795 ], [ 82.822313919844461, 19.993539112928143 ], [ 82.805377913466685, 20.141691395346371 ], [ 82.778049412371502, 20.161371859013006 ], [ 82.71045983274351, 20.000267698633468 ], [ 82.686986305858525, 19.461191872726925 ], [ 82.680789947810638, 19.453671858192767 ], [ 82.628888275965906, 19.356562230851107 ], [ 82.578272756414052, 19.442164462659129 ], [ 82.484653577922899, 19.457917107217266 ], [ 82.402470062327865, 19.335044601463235 ], [ 82.391463224044131, 19.317145269486602 ] ] ] } },
{ "type": "Feature", "properties": { "gdp": 26616.537907000002, "ENGTYPE_1": "UnionTerritory", "HASC_1": "IN.PY", "GID_1": "IND.27_1", "join_name": "puducherry", "ISO_1": "IN-PY", "TYPE_1": "UnionTerritor", "NL_NAME_1": "NA", "CC_1": "NA", "NAME_1": "Puducherry", "COUNTRY": "India", "VARNAME_1": "Pondicherry|Puduchcheri|Pondiché", "GID_0": "IND", "pop": 26616.537907000002 }, "geometry": { "type": "Polygon", "coordinates": [ [ [ 81.065722801267526, 12.468439454772611 ], [ 80.399435694797205, 13.312888158479883 ], [ 81.313187287612294, 13.455940536467303 ], [ 81.065722801267526, 12.468439454772611 ] ] ] } },
{ "type": "Feature", "properties": { "gdp": 390087.44, "ENGTYPE_1": "State", "HASC_1": "IN.PB", "GID_1": "IND.28_1", "join_name": "punjab", "ISO_1": "IN-PB", "TYPE_1": "State", "NL_NAME_1": "NA", "CC_1": "NA", "NAME_1": "Punjab", "COUNTRY": "India", "VARNAME_1": "NA", "GID_0": "IND", "pop": 390087.44 }, "geometry": { "type": "Polygon", "coordinates": [ [ [ 74.076241069741826, 29.432869477475037 ], [ 74.047092242242414, 29.442716292660197 ], [ 74.018373453765619, 29.497532051869456 ], [ 74.013605168123448, 29.482406271839078 ], [ 73.75668676510243, 29.487824746187421 ], [ 73.653157343665569, 29.484221779996719 ], [ 73.661292925486848, 29.622896144685502 ], [ 73.713874309235322, 29.838292753528595 ], [ 73.715142087531859, 29.961262414592863 ], [ 73.674558545873992, 30.146350616673253 ], [ 73.765446566558495, 30.345569349216699 ], [ 73.932306526648603, 30.640455415888148 ], [ 74.09433714137792, 30.969017450697187 ], [ 74.440822110061362, 31.307211491290069 ], [ 74.503138220218588, 31.430135810909434 ], [ 74.649154319421498, 31.460171969552114 ], [ 74.72616952298533, 31.595274188569434 ], [ 74.479398362411487, 31.535228139231734 ], [ 74.569243568226611, 31.72007348589722 ], [ 74.878438416465016, 32.114202454427407 ], [ 74.819647980591654, 32.159365746674339 ], [ 74.894366726790523, 32.241897587467442 ], [ 74.892740042629015, 32.389640078870308 ], [ 75.134861043865371, 32.61376130717619 ], [ 75.501952027538067, 32.814120953086629 ], [ 75.696461253525612, 32.948904862087062 ], [ 75.868886653446964, 33.013705213957628 ], [ 76.109190461774332, 33.166431882119483 ], [ 76.273908273184276, 33.256434504011004 ], [ 76.420187165017111, 33.378350121061629 ], [ 76.415464046134105, 33.410316283677012 ], [ 76.480801467960774, 33.415416550270216 ], [ 76.574924752371942, 33.440583182726371 ], [ 76.61165507793902, 33.458145443198127 ], [ 76.620427595140612, 33.463136127149106 ], [ 76.620357786968711, 33.450497340615179 ], [ 76.644991981875066, 33.438576425509609 ], [ 76.653509749114193, 33.43338678214139 ], [ 76.624044059190709, 33.428223638176178 ], [ 76.587848484279903, 33.407425279508622 ], [ 76.541671120007067, 33.396315607386413 ], [ 76.552326420460474, 33.369898817497358 ], [ 76.528392909588419, 33.351145382191142 ], [ 76.606212379967985, 33.320380255170548 ], [ 76.65764791603992, 33.304807262202054 ], [ 76.684309225004242, 33.254331544870119 ], [ 76.669862213916971, 33.241841693651011 ], [ 76.702231513096194, 33.114777661375463 ], [ 76.767160283672609, 32.784991309716531 ], [ 76.772079034038512, 32.633907162074955 ], [ 76.849836741394228, 32.650305474432699 ], [ 76.871062029960839, 32.776195754248498 ], [ 76.926747698165514, 32.635470133411722 ], [ 77.093983941526716, 32.439662726677142 ], [ 77.112475792512058, 32.205643208252212 ], [ 77.205205218880437, 32.163196647128089 ], [ 77.271628013845302, 32.114867210433381 ], [ 77.420436966951868, 32.056924586224604 ], [ 77.458447070664036, 32.034313156052832 ], [ 77.418014623996697, 32.04774389150387 ], [ 77.360422339597307, 32.054334328366188 ], [ 77.231712145514379, 32.049411668395436 ], [ 77.151951014696863, 32.008539708707495 ], [ 77.217754286661986, 31.264646127762514 ], [ 77.67969240148561, 31.140277788434105 ], [ 77.716660486551945, 31.126067261536267 ], [ 77.622083877694706, 31.009993243386262 ], [ 77.671036986919106, 30.97796998280425 ], [ 77.665992825436405, 30.971239358265773 ], [ 77.441346218293731, 31.018396359659793 ], [ 77.437314073302659, 30.966620565704279 ], [ 77.268188733180097, 30.898672340132851 ], [ 77.331662483988737, 30.852280813497572 ], [ 77.319054049082141, 30.7682860730269 ], [ 77.141455700606286, 30.748366687772844 ], [ 77.031213986350181, 30.819733656813685 ], [ 76.854382539253564, 30.783894643367173 ], [ 76.706067097544704, 30.79137658309125 ], [ 76.526012976437102, 30.638819353830495 ], [ 76.427860505649647, 30.45138707063948 ], [ 76.499461763031121, 30.396291003215612 ], [ 75.905083840220257, 29.967196987475379 ], [ 75.470535762784522, 29.827207438587575 ], [ 75.425748400124277, 29.964333395306635 ], [ 75.151908823762838, 29.851525451973526 ], [ 75.034492872524865, 29.731687402507529 ], [ 74.654787297384033, 29.598784017919893 ], [ 74.575102915295545, 29.510800778127681 ], [ 74.364492480505234, 29.08201364571579 ], [ 74.298050334024822, 29.084956324801816 ], [ 74.400550366830146, 29.379460781178917 ], [ 74.411749696506092, 29.520614979119134 ], [ 74.347838589673842, 29.422326683185368 ], [ 74.342816744364896, 29.530118487237814 ], [ 74.278269063435047, 29.451669234830668 ], [ 74.270166503991646, 29.579377882382154 ], [ 74.203590567120997, 29.626485931729604 ], [ 74.127906775465121, 29.561316285901981 ], [ 74.076241069741826, 29.432869477475037 ] ] ] } },
{ "type": "Feature", "properties": { "gdp": 681482.25610999996, "ENGTYPE_1": "State", "HASC_1": "IN.RJ", "GID_1": "IND.29_1", "join_name": "rajasthan", "ISO_1": "IN-RJ", "TYPE_1": "State", "NL_NAME_1": "NA", "CC_1": "NA", "NAME_1": "Rajasthan", "COUNTRY": "India", "VARNAME_1": "GreaterRajasthan|Rajputana", "GID_0": "IND", "pop": 681482.25610999996 }, "geometry": { "type": "Polygon", "coordinates": [ [ [ 75.107782667868491, 24.638385924553248 ], [ 75.088961444701184, 24.646213065663151 ], [ 74.962159803696579, 24.73526762567991 ], [ 74.944553838849103, 24.756201577776572 ], [ 74.88440045206805, 24.728646402926891 ], [ 74.792179375135277, 24.854300949174512 ], [ 74.623937466496585, 24.887813442764422 ], [ 74.611629639287955, 25.035384264615203 ], [ 74.533974707777233, 25.070257959906641 ], [ 74.379604055937179, 25.181176207598259 ], [ 74.338780111264768, 25.230250779612142 ], [ 74.374618692223123, 25.264432148924445 ], [ 74.350984421782087, 25.334063858291699 ], [ 74.284674805443032, 25.350045566507212 ], [ 74.231463358340022, 25.331852963036674 ], [ 74.203337425668835, 25.379860023037512 ], [ 74.08675194454139, 25.438706356786529 ], [ 74.13561497310225, 25.50274374909274 ], [ 74.05937667384957, 25.5339665871827 ], [ 74.051555543581728, 25.57519881945943 ], [ 73.974824715981754, 25.57194513990591 ], [ 73.985408735067821, 25.532080738988881 ], [ 73.803101686511084, 25.56281803045669 ], [ 73.736644478466658, 25.615765093125695 ], [ 73.64618090020241, 25.652520477712784 ], [ 73.596308490668321, 25.612970068382161 ], [ 73.502748092049615, 25.694363446659295 ], [ 73.456855740000279, 25.693589790500539 ], [ 73.400373985063482, 25.745124540588922 ], [ 73.369145358258464, 25.737802160201685 ], [ 73.28988587469118, 25.76696879743595 ], [ 73.262308842982037, 25.795056242551315 ], [ 73.119605982366991, 25.762421940035157 ], [ 73.070698469215074, 25.786357069023811 ], [ 72.939758761930079, 25.766452320481207 ], [ 72.901380022186203, 25.786599528807919 ], [ 72.775932791139169, 25.779904753584905 ], [ 72.648771360654138, 25.731421031916124 ], [ 72.468798996537117, 25.704600648840557 ], [ 72.378163234028548, 25.703136731800225 ], [ 72.308632724864694, 25.703562374539803 ], [ 72.295207385627222, 25.70942178230403 ], [ 72.148948206307423, 25.849386217414956 ], [ 72.147050548077857, 25.976009562307926 ], [ 71.976187480937128, 26.031481571106607 ], [ 71.876401079090812, 26.089612760074267 ], [ 71.956167107206596, 26.261246281138227 ], [ 71.837899912865041, 26.278476775444975 ], [ 71.519629857249356, 26.231037447500757 ], [ 71.349400249619819, 26.243739946710065 ], [ 71.133829487519606, 26.38446929231684 ], [ 71.110814634804086, 26.477410210565729 ], [ 71.254680491917426, 26.609352325033562 ], [ 71.276166700074413, 26.775018425842148 ], [ 71.252443568927688, 26.819886531767366 ], [ 71.052495985277346, 26.86043943911498 ], [ 70.824022650156138, 26.855017451009864 ], [ 70.382766537988161, 26.985018741302135 ], [ 70.342179131192367, 27.038246908305297 ], [ 70.373028849131174, 27.204966321819008 ], [ 70.455673463848655, 27.329629208392216 ], [ 70.778334193905664, 27.48381382651311 ], [ 70.85831479845794, 27.554286699092096 ], [ 70.950480782840117, 27.586436353552962 ], [ 71.027622232058022, 27.744542353003684 ], [ 71.125872582157058, 27.825612390101959 ], [ 71.289643835650509, 27.897555403879242 ], [ 71.424790968310162, 27.892364929594798 ], [ 71.52445853495415, 27.859952206812135 ], [ 71.692829019687508, 27.738814588469811 ], [ 71.725361828360931, 27.673638384695749 ], [ 71.87077640427087, 27.549257073581515 ], [ 72.077323569290968, 27.485868579421989 ], [ 72.387289638789198, 27.486410242241938 ], [ 72.559671791328185, 27.468701107283085 ], [ 72.74619217387179, 27.427638202279361 ], [ 72.888173937777196, 27.451561594603412 ], [ 72.885370859639067, 27.555332240318101 ], [ 72.911532994151628, 27.600040232843529 ], [ 72.975837675528268, 27.647177580907201 ], [ 73.009210258665462, 27.703076358384862 ], [ 73.010406825473268, 27.896059175223158 ], [ 73.037392272211264, 27.9682150800259 ], [ 73.207084761351069, 28.072936642503478 ], [ 73.301942991319223, 28.115870924861053 ], [ 73.301936747889513, 28.24433643017862 ], [ 73.320627981336699, 28.342081203376157 ], [ 73.334629823675243, 28.828039107630474 ], [ 73.350216635075341, 29.421620623813297 ], [ 73.486324016722577, 29.568571285538294 ], [ 73.599036799200164, 29.646277452734896 ], [ 73.713874309235322, 29.838292753528595 ], [ 73.661292925486848, 29.622896144685502 ], [ 73.653157343665569, 29.484221779996719 ], [ 73.75668676510243, 29.487824746187421 ], [ 74.013605168123448, 29.482406271839078 ], [ 73.999094091853479, 29.418397830776907 ], [ 73.957862162248773, 29.113755205541821 ], [ 74.027933994436324, 29.149430410670202 ], [ 73.994311071634371, 28.747164087034047 ], [ 74.011794573525961, 28.700362172812177 ], [ 74.001615954397238, 28.430770621650257 ], [ 74.03775916130121, 28.36848459252257 ], [ 74.088122887755219, 28.351090446196967 ], [ 74.112745866121884, 28.446293287866368 ], [ 74.14429878145009, 28.374114322664798 ], [ 74.162962747723654, 28.215152619176628 ], [ 74.186286034424356, 28.236992811824354 ], [ 74.214114592825013, 28.13180260387438 ], [ 74.358191279493568, 28.22730315853239 ], [ 74.377494475045651, 28.065801731114014 ], [ 74.358750164766832, 27.976352377315894 ], [ 74.436872168208893, 27.772050800565797 ], [ 74.492003245911818, 27.757277368640818 ], [ 74.525881100946819, 27.561511440760171 ], [ 74.680717671810854, 27.298856553022176 ], [ 74.765299196830171, 27.216032089608557 ], [ 74.919116455336081, 27.091596345703447 ], [ 74.958534683993179, 27.049916006324835 ], [ 75.074201408575988, 26.971912649626937 ], [ 75.240275847187036, 26.830225294722339 ], [ 75.225252644446911, 26.800152346105467 ], [ 75.257823909112034, 26.759358045946847 ], [ 75.248019671038037, 26.736183412066389 ], [ 75.305471692678267, 26.66246587144488 ], [ 75.489206646631075, 26.578765612277952 ], [ 75.400369149597594, 26.673244567490919 ], [ 75.409224229554027, 26.678321353018983 ], [ 75.460334647891443, 26.676097856185862 ], [ 75.480172817577397, 26.666381834286867 ], [ 75.550387552310411, 26.624657153892333 ], [ 75.55593421218461, 26.636350945691049 ], [ 75.540852215963938, 26.672221179306916 ], [ 75.654948622244902, 26.631697935104992 ], [ 75.755729444212321, 26.552493956998671 ], [ 75.88479154198545, 26.518328228881352 ], [ 75.879513679331041, 26.529395638004118 ], [ 76.092671191648506, 26.479713936396347 ], [ 76.16449163139589, 26.47712623673462 ], [ 76.487190346900761, 26.345968790611703 ], [ 76.375616935966718, 26.336357595436446 ], [ 76.404820944037013, 26.271750058018839 ], [ 76.339322009870571, 26.247861505984869 ], [ 76.520232590608643, 26.173593062988374 ], [ 76.564511384574317, 26.193536602131356 ], [ 76.951477554142585, 26.109860933686537 ], [ 77.184431274414848, 26.048529812019837 ], [ 77.217827106053434, 26.035742233093281 ], [ 77.310334726871091, 25.95782220566122 ], [ 77.288832315737594, 25.907967685944676 ], [ 77.444079638194367, 25.840101842183895 ], [ 77.444695219112674, 25.808056988746351 ], [ 77.666661952593913, 25.715084702260768 ], [ 77.763646122021342, 25.637658896018099 ], [ 77.779722296398361, 25.590865582403492 ], [ 77.593255813016214, 25.599222148375159 ], [ 77.573171532178634, 25.597360047759445 ], [ 77.591679275706369, 25.590717863383833 ], [ 77.603892557376199, 25.577867421986799 ], [ 77.600831840483863, 25.572818384640591 ], [ 77.644181142775423, 25.565720211398034 ], [ 77.667598198183214, 25.537113265410788 ], [ 77.863179203853861, 25.438864608015422 ], [ 77.723745116620805, 25.436479939939009 ], [ 77.599372161291143, 25.464879077585618 ], [ 77.527683200852437, 25.453526596605322 ], [ 77.624745415569507, 25.365558912543044 ], [ 77.680974332839895, 25.377220941855317 ], [ 77.905615793350918, 25.33012875143481 ], [ 77.94750101505403, 25.360860737721044 ], [ 78.066950194215366, 25.293415596946883 ], [ 78.224773830688278, 25.261154863903172 ], [ 78.286110684797123, 25.271642990989765 ], [ 78.28490229651554, 25.288058712738049 ], [ 78.384088529821526, 25.255721945594836 ], [ 78.370450950642947, 25.165323118994856 ], [ 78.363940400322733, 25.160499969900233 ], [ 78.300439755698534, 25.144464323889661 ], [ 78.289876360921397, 25.144964343537307 ], [ 78.282957498170106, 25.131487147411132 ], [ 78.289730165698003, 25.115822492926437 ], [ 78.28995951897916, 25.052144902651776 ], [ 78.21263331006395, 25.083128840362335 ], [ 78.096951903381992, 25.013400342367966 ], [ 77.983858629548237, 25.025718087247224 ], [ 77.873804177551889, 25.013975439824371 ], [ 77.771231685308763, 25.056635073228222 ], [ 77.667626725315998, 25.073297751448752 ], [ 77.645502722340709, 25.045517851432443 ], [ 77.441352005954002, 25.131419310816081 ], [ 77.320258169860196, 25.147636955038969 ], [ 77.180699984218961, 25.199952135181356 ], [ 77.153003865523516, 25.143003384297892 ], [ 77.084322977691656, 25.159157320440212 ], [ 76.921327815258053, 25.241297914612478 ], [ 76.825731434095957, 25.239798367070154 ], [ 76.918515378665802, 25.145076658380965 ], [ 77.07684325246278, 25.013480006874335 ], [ 77.340820741414689, 24.834360385034586 ], [ 77.590190981394542, 24.700254658466086 ], [ 77.65192578552616, 24.680167412092104 ], [ 77.761723017948555, 24.630339915368911 ], [ 77.838524024692546, 24.617397675380161 ], [ 77.899214215291082, 24.592000545608848 ], [ 77.975909681768442, 24.605125877449694 ], [ 78.016049312546642, 24.588706493346759 ], [ 78.041721454237091, 24.551394679918616 ], [ 78.071450579668351, 24.527661290952526 ], [ 78.073663755537126, 24.500810909892287 ], [ 78.030378990024772, 24.499694847726815 ], [ 78.001605246604498, 24.514863829475999 ], [ 77.946714250665465, 24.52604979682085 ], [ 77.899291194835001, 24.523186957359794 ], [ 77.835023215134186, 24.546021419039054 ], [ 77.772124046122869, 24.546637743751351 ], [ 77.78754526668979, 24.526424400889621 ], [ 77.853935618408585, 24.485643557406831 ], [ 77.770283319564427, 24.49648959119083 ], [ 77.810755726471967, 24.469493619141925 ], [ 77.921139056487362, 24.427225681805638 ], [ 77.953285618155462, 24.40104335706771 ], [ 77.963237679684951, 24.36800734978366 ], [ 77.924963327193055, 24.357790968152628 ], [ 77.892266712198676, 24.385523677403341 ], [ 77.866089042770312, 24.373383691304053 ], [ 77.874818244443205, 24.341329737383091 ], [ 77.901471769715897, 24.312993020756458 ], [ 77.949765784030561, 24.279563079142971 ], [ 77.936923231923174, 24.262637382429588 ], [ 77.88491496432259, 24.272408910650199 ], [ 77.815779639646649, 24.308220651844422 ], [ 77.772553486722131, 24.339086670829857 ], [ 77.735411091379333, 24.32156458574612 ], [ 77.6908066247032, 24.352030352453511 ], [ 77.615267225457046, 24.380420902213327 ], [ 77.578196016928771, 24.383019884076756 ], [ 77.513073792241187, 24.408330602989235 ], [ 77.454665491420016, 24.419536258013796 ], [ 77.481735463729336, 24.377459187126668 ], [ 77.379863714207715, 24.388204474387866 ], [ 77.429343810375244, 24.343155668247171 ], [ 77.33152361922491, 24.361317846781645 ], [ 77.142833336359132, 24.388424777397571 ], [ 77.041277553521013, 24.419223709737945 ], [ 76.960378326393311, 24.467567172023692 ], [ 76.709611779327759, 24.579724082649882 ], [ 76.712707602026654, 24.628118481330947 ], [ 77.105813724170332, 24.46043016324149 ], [ 77.173141423105463, 24.4479409443212 ], [ 77.155614518433353, 24.476251966540353 ], [ 77.04153717325913, 24.544547996019975 ], [ 77.016353979969551, 24.612069964377678 ], [ 76.923890740324538, 24.651624736363331 ], [ 76.782005069779643, 24.742319351849506 ], [ 77.037343043879304, 24.655015615984745 ], [ 76.989055710123964, 24.706910387378425 ], [ 76.788895386178595, 24.817460275177339 ], [ 76.653699191882268, 24.917117578659386 ], [ 76.454783882168314, 25.013416991509221 ], [ 76.297283865584504, 25.052647830705812 ], [ 76.216073072297945, 25.100224925248426 ], [ 76.033621066923999, 25.164662705672363 ], [ 75.714460256326944, 25.30404156796957 ], [ 75.657344858528575, 25.344157267380613 ], [ 75.67987133606357, 25.363832189783878 ], [ 75.76408223009085, 25.316918303290457 ], [ 75.878087264258383, 25.292978955457453 ], [ 75.684597322899393, 25.382213283703447 ], [ 75.738171740003949, 25.381891699792774 ], [ 75.717835526826548, 25.418166479133863 ], [ 75.702945398386561, 25.424474065968681 ], [ 75.536649437382806, 25.472295509143208 ], [ 75.52103874372574, 25.453721188273406 ], [ 75.548125041113892, 25.417232112151154 ], [ 75.487788450265697, 25.424407661728221 ], [ 75.395739945895258, 25.457446531877316 ], [ 75.343520555320424, 25.493865875086613 ], [ 75.31074809438239, 25.478657018201915 ], [ 75.326923714724771, 25.466570322509178 ], [ 75.337384750785745, 25.45173398203751 ], [ 75.441918297536006, 25.412292072314063 ], [ 75.494342006075001, 25.36572465592829 ], [ 75.456049644962434, 25.359404312963722 ], [ 75.38914819234725, 25.381294533693914 ], [ 75.316484317509804, 25.436816483542984 ], [ 75.297593450671073, 25.377940201322829 ], [ 75.334761340555204, 25.325561629206337 ], [ 75.441058657107718, 25.280100428428401 ], [ 75.398463480144713, 25.259349156551629 ], [ 75.41820192997055, 25.210223442939355 ], [ 75.524371761426664, 25.179770515044869 ], [ 75.558636586071302, 25.139024373136088 ], [ 75.806970577764091, 24.957512705419457 ], [ 75.785554012489001, 24.878313822885957 ], [ 75.912397603155014, 24.769488327998392 ], [ 75.960823350070172, 24.689734217337556 ], [ 75.918728146345615, 24.632183465486285 ], [ 75.812213588821194, 24.654264067863394 ], [ 75.633088577172003, 24.647549209130155 ], [ 75.591477411755719, 24.553029509386164 ], [ 75.745351688937291, 24.474036230201822 ], [ 75.819109894164669, 24.41471936589409 ], [ 75.668907773987868, 24.368074302494964 ], [ 75.483564590478579, 24.406247768334101 ], [ 75.413531168611016, 24.375879824537186 ], [ 75.299024246738213, 24.494091812877805 ], [ 75.163772250000079, 24.518289005910567 ], [ 75.107782667868491, 24.638385924553248 ] ] ] } },
{ "type": "Feature", "properties": { "gdp": 18033.942571297161, "ENGTYPE_1": "State", "HASC_1": "IN.SK", "GID_1": "IND.30_1", "join_name": "sikkim", "ISO_1": "IN-SK", "TYPE_1": "State", "NL_NAME_1": "NA", "CC_1": "NA", "NAME_1": "Sikkim", "COUNTRY": "India", "VARNAME_1": "NA", "GID_0": "IND", "pop": 18033.942571297161 }, "geometry": { "type": "Polygon", "coordinates": [ [ [ 89.022278851148101, 27.37914738242193 ], [ 88.931798957382881, 27.42510720097475 ], [ 88.909576005799835, 27.434661080788455 ], [ 88.862266154556792, 27.461647166102239 ], [ 88.724372944404323, 27.369586772666008 ], [ 88.576673216992248, 27.403079717790451 ], [ 88.455073298856277, 27.378577042001826 ], [ 88.425786622824049, 27.357825011192954 ], [ 88.397040168765457, 27.362932000283134 ], [ 88.347633418191037, 27.376504967971755 ], [ 88.299394609760583, 27.4259739330993 ], [ 88.277703504831635, 27.421200338555892 ], [ 88.38151852083692, 27.525002914725977 ], [ 88.420638572988906, 27.593475177481466 ], [ 88.382158779664451, 27.627566430317351 ], [ 88.531753258731555, 27.822562526593117 ], [ 88.414053553701592, 27.890092912618591 ], [ 88.43026447957206, 27.928639630493077 ], [ 88.550704195972983, 27.896726970511107 ], [ 88.676640813997665, 27.905784202740662 ], [ 88.836124128786167, 28.003519554398736 ], [ 89.012335462752048, 28.001996182057006 ], [ 89.100455540151799, 27.937318543920924 ], [ 89.132429433548609, 27.861558200920111 ], [ 89.080509378298373, 27.802982064779101 ], [ 89.058379722290567, 27.713424662216138 ], [ 88.991496141656057, 27.659486171418692 ], [ 89.03732746899901, 27.569132475671633 ], [ 89.204078773572959, 27.485908195700063 ], [ 89.202960839273985, 27.449163940432992 ], [ 89.070299931109744, 27.458710588625337 ], [ 89.022278851148101, 27.37914738242193 ] ] ] } },
{ "type": "Feature", "properties": { "gdp": 1176500.0314159759, "ENGTYPE_1": "State", "HASC_1": "IN.TN", "GID_1": "IND.31_1", "join_name": "tamilnadu", "ISO_1": "IN-TN", "TYPE_1": "State", "NL_NAME_1": "NA", "CC_1": "NA", "NAME_1": "TamilNadu", "COUNTRY": "India", "VARNAME_1": "Madras|Tamilnad", "GID_0": "IND", "pop": 1176500.0314159759 }, "geometry": { "type": "Polygon", "coordinates": [ [ [ 77.262657535961523, 7.763190623064401 ], [ 77.330340598833388, 7.785913044002571 ], [ 77.394478359342997, 7.921794198333025 ], [ 77.492160379840527, 7.968262618708603 ], [ 77.418618933969853, 8.043123454415852 ], [ 77.400675036928192, 8.11386737744637 ], [ 77.503276708753546, 8.198628004695367 ], [ 77.379769955700894, 8.319988461658296 ], [ 77.560415991214043, 8.443144460740804 ], [ 77.611869927432195, 8.564272025647055 ], [ 77.694929484534882, 8.626364439976633 ], [ 77.710275826640327, 8.67234892135072 ], [ 77.816943646697027, 8.776460172978378 ], [ 77.745338716792801, 8.831967559954137 ], [ 77.638033806586151, 8.787990138842689 ], [ 77.596000992418894, 8.835776906955237 ], [ 77.682665754016341, 8.922976630703834 ], [ 77.770338812901343, 9.067801532524067 ], [ 77.756431212807598, 9.084574224030298 ], [ 77.900825758436554, 9.266983329442928 ], [ 77.915714934758014, 9.447666149037421 ], [ 77.924943224166967, 9.478092828080518 ], [ 78.037759013195952, 9.602494011678788 ], [ 78.124131772211953, 9.929056660821857 ], [ 78.072073258903771, 10.183845978755866 ], [ 77.627214138317242, 9.713858245272295 ], [ 77.402803233249813, 9.740842534967237 ], [ 77.016310793961537, 10.06638770675112 ], [ 77.035640911003341, 10.26711476780534 ], [ 76.907662198991773, 10.515722340731523 ], [ 77.002825866625116, 10.99701278471491 ], [ 77.210372950283855, 11.203410032358502 ], [ 77.337084092182323, 11.756572160225234 ], [ 77.067720718392167, 12.051721196648653 ], [ 76.602044810839772, 12.210068312157206 ], [ 76.776046740176497, 12.498980773141284 ], [ 76.471181799553193, 12.588597918742769 ], [ 76.193731441557787, 12.555368543460339 ], [ 76.33364818390244, 12.627625719709579 ], [ 76.3842315422648, 12.693728831166538 ], [ 76.240783671511394, 12.694736216558177 ], [ 76.113983826954211, 12.713511017052012 ], [ 75.956410168079699, 12.694908333700765 ], [ 75.938150523222802, 12.748163395756796 ], [ 76.047567902156928, 12.772885448614707 ], [ 76.262614382591806, 12.856409788204971 ], [ 76.271542172119084, 12.863360251180655 ], [ 76.25872055782591, 12.875872781941819 ], [ 76.38237010897474, 12.922388190564124 ], [ 76.437747299588864, 12.870985140013929 ], [ 76.466984221959095, 12.86972092539774 ], [ 76.48602236097264, 12.871147371483312 ], [ 76.513269772313691, 12.871566029698748 ], [ 76.538748629585328, 12.876861663573559 ], [ 76.692565235123354, 12.892598163415471 ], [ 76.809421997412031, 12.892590749980251 ], [ 76.933629845400546, 13.052770675903988 ], [ 77.083602459898913, 13.0774865080091 ], [ 77.189870020964847, 13.007763921779697 ], [ 77.439355368477948, 13.070528550352316 ], [ 77.737450605358092, 13.005370297940567 ], [ 77.751863557494843, 13.148703957482212 ], [ 77.792794798056192, 13.196092460270387 ], [ 77.926624906410112, 13.175312659993221 ], [ 78.056422828845271, 13.201345322380797 ], [ 78.192532279510445, 13.396990148756105 ], [ 78.133122026713508, 13.470467321349219 ], [ 77.958816103766097, 13.500535910939293 ], [ 77.762168392754361, 13.49949002410999 ], [ 77.970451175134173, 13.667856648744102 ], [ 77.981287249443469, 13.688166671056159 ], [ 78.017276177869732, 13.788074477418235 ], [ 77.959413120567575, 13.80545414094563 ], [ 78.008380426254476, 13.90324556473186 ], [ 78.22260792019668, 13.988717610564162 ], [ 78.314172222837954, 14.103011575546416 ], [ 78.468997499074831, 14.166260525755943 ], [ 78.568781898992867, 14.120392515170481 ], [ 78.654524154516224, 14.157792571845818 ], [ 78.718871044959243, 14.119050631095348 ], [ 78.844710879253711, 14.118085825263284 ], [ 78.852438896485566, 14.092208467779189 ], [ 78.839977701418334, 14.076906913952435 ], [ 79.022848462195682, 14.006784749108482 ], [ 79.253969881830884, 14.096576451108875 ], [ 79.344476053191386, 14.289090530197118 ], [ 79.340172957710962, 14.335994767982012 ], [ 79.476649530017781, 14.406326713894018 ], [ 79.518571322426538, 14.415263684302387 ], [ 79.544810077350562, 14.436766640531612 ], [ 79.699110581933638, 14.430781963372274 ], [ 79.931332130224575, 14.384881305626333 ], [ 79.986137065686208, 14.501343046660093 ], [ 80.057933525731258, 14.480072077776629 ], [ 80.175193109450504, 14.547362538000614 ], [ 80.170395569132609, 14.691490655387938 ], [ 80.205355143073263, 14.69306262547007 ], [ 80.281280324786778, 14.676023589820812 ], [ 80.310841645377906, 14.608627165127855 ], [ 80.410481427938564, 14.5870534766467 ], [ 80.52553266311314, 14.649969632620135 ], [ 80.637054661508131, 14.671439560932452 ], [ 80.658378899561328, 14.796976569349361 ], [ 80.760528218933445, 14.867623088069365 ], [ 80.789029192361596, 14.835776149441248 ], [ 80.789436648141503, 14.842202615318456 ], [ 80.921802778910191, 14.778012220342676 ], [ 80.987561474937152, 14.717649676534929 ], [ 81.028319332721878, 14.5580581599118 ], [ 81.012053201360459, 14.399436996782237 ], [ 81.014446185129643, 14.191882741892359 ], [ 81.049008045391332, 14.033608894389761 ], [ 81.040464342808008, 13.818765894167631 ], [ 81.057259359931962, 13.772024641686659 ], [ 80.985881307377028, 13.676633131369098 ], [ 81.01254659653948, 13.633095748882662 ], [ 81.313187287612294, 13.455940536467303 ], [ 80.399435694797205, 13.312888158479883 ], [ 81.065722801267526, 12.468439454772611 ], [ 80.814292779205317, 12.263476049338399 ], [ 80.826181766480701, 12.175877968255859 ], [ 80.893570574531935, 12.053861418517227 ], [ 80.959108653366599, 11.631866260440818 ], [ 80.951460747889243, 11.394858759605182 ], [ 80.835178835042569, 11.399844084746178 ], [ 80.782124747004147, 11.300211741156554 ], [ 80.889542082520393, 11.236196656910783 ], [ 80.939360967539997, 11.150862334579429 ], [ 80.910290866713098, 10.560914863912171 ], [ 80.90890915003223, 10.416082740190364 ], [ 80.815300734451597, 10.34355514202581 ], [ 80.782965238839594, 10.394785067934878 ], [ 80.606436011206199, 10.361942842795481 ], [ 80.355684866256567, 10.368102060078984 ], [ 80.207935640352218, 10.228588957106259 ], [ 80.147413297821757, 10.005221135615253 ], [ 80.15542213037908, 9.902889876367729 ], [ 79.997427245012389, 9.689859264581422 ], [ 79.98801600456207, 9.643574558053606 ], [ 79.799959593926076, 9.401212914321421 ], [ 79.705524908932475, 9.256556720634354 ], [ 79.629177729113223, 9.07905530697289 ], [ 79.698772486359971, 8.984923647563857 ], [ 79.768310781853074, 8.953569920898039 ], [ 79.521660058615296, 8.855180401455454 ], [ 79.286947578926117, 8.759379500139193 ], [ 79.162022486322016, 8.679399175839432 ], [ 78.959955754507519, 8.628060472582515 ], [ 78.692950523659903, 8.459022597641406 ], [ 78.632095729745501, 8.385465087569333 ], [ 78.611670557397616, 8.267282899287069 ], [ 78.51308951179665, 8.165363827144018 ], [ 78.549659057433772, 8.126688861739106 ], [ 78.526312366973116, 8.045784998716501 ], [ 78.423132359617568, 7.934776965274885 ], [ 78.214823689863863, 7.820168864758988 ], [ 78.123142658667049, 7.788112184266692 ], [ 77.999879867581001, 7.708732246651264 ], [ 77.809944165138234, 7.654144207253049 ], [ 77.795279636162178, 7.618166478665693 ], [ 77.504886945786055, 7.642492227978551 ], [ 77.262657535961523, 7.763190623064401 ] ] ] } },
{ "type": "Feature", "properties": { "gdp": 577902.05519103748, "ENGTYPE_1": "State", "HASC_1": "IN.TG", "GID_1": "IND.32_1", "join_name": "telangana", "ISO_1": "IN-TG", "TYPE_1": "State", "NL_NAME_1": "NA", "CC_1": "NA", "NAME_1": "Telangana", "COUNTRY": "India", "VARNAME_1": "NA", "GID_0": "IND", "pop": 577902.05519103748 }, "geometry": { "type": "Polygon", "coordinates": [ [ [ 79.955809251926439, 16.996820071908189 ], [ 79.90264836362725, 16.969096835313611 ], [ 79.88876762655417, 16.90814509594373 ], [ 79.746085570734365, 16.815933588392959 ], [ 79.657381199261721, 16.859443859037462 ], [ 79.612465385330992, 16.826113918604229 ], [ 79.511114240943968, 16.833350441599912 ], [ 79.438753801537516, 16.790860955454555 ], [ 79.402033820109011, 16.791725230092901 ], [ 79.374156761906718, 16.721672212446812 ], [ 79.304526422908495, 16.655686775928828 ], [ 79.249922662095159, 16.637325077124039 ], [ 79.058742438772526, 16.671345875802178 ], [ 78.961746789803016, 16.642667563557666 ], [ 78.768520753209131, 16.640375109648275 ], [ 78.679636029148114, 16.654906433191083 ], [ 78.592498101163343, 16.654509777341808 ], [ 78.585950645724324, 16.800666339057248 ], [ 78.601656665384624, 16.902524007607255 ], [ 78.739086517096965, 16.966327914324374 ], [ 78.604648010761267, 16.999398368977808 ], [ 78.508426734005937, 16.98389938508096 ], [ 78.340452618952824, 17.005848700145467 ], [ 78.303251703156178, 17.053608233550914 ], [ 78.458991503406111, 17.074443801646197 ], [ 78.59705029953939, 17.156079442114297 ], [ 78.541268405275218, 17.214982536206623 ], [ 78.616587746319723, 17.30682293667256 ], [ 78.614414386272756, 17.409718680991595 ], [ 78.678899226719295, 17.497090761462875 ], [ 78.645019193321176, 17.579041040079449 ], [ 78.543656912479889, 17.604413892812602 ], [ 78.557556021496723, 17.681876368552942 ], [ 78.662073065836097, 17.812342489183518 ], [ 78.741500868714198, 17.833380440454565 ], [ 78.734542482308058, 17.904328284115181 ], [ 78.950715438684909, 17.98059689025715 ], [ 78.956110152537889, 17.996482821738546 ], [ 78.921143317139709, 18.021602519697851 ], [ 78.66007147531522, 18.084911436291996 ], [ 78.680436595159591, 18.227637835590627 ], [ 78.795730694307593, 18.277099112486123 ], [ 78.755560983135226, 18.354750762517007 ], [ 78.908036173387401, 18.532886593334396 ], [ 78.960611816713836, 18.633990034575884 ], [ 78.904301965513071, 18.705688450919155 ], [ 78.90202623584608, 18.914394014802951 ], [ 78.846727127668302, 19.136918277394738 ], [ 78.818793514105607, 19.214350662883881 ], [ 78.927434296239397, 19.559870216259373 ], [ 79.007513042017507, 19.529950180017465 ], [ 79.132181618476395, 19.638359331854744 ], [ 79.120909675828969, 19.781875805657471 ], [ 79.193517049407319, 19.816364363991919 ], [ 79.271568735051929, 20.008240853812474 ], [ 79.357326609348107, 20.113244857536202 ], [ 79.308990321567606, 20.245813004154062 ], [ 79.200675452985948, 20.282429136848254 ], [ 79.204178117618895, 20.407961209355506 ], [ 79.306842184493192, 20.52609921683834 ], [ 79.36076214565179, 20.786821667658312 ], [ 79.471965419698279, 20.853362862422802 ], [ 79.581382294299459, 20.755592181850851 ], [ 79.736005757948973, 20.722500497222125 ], [ 79.748849768577514, 20.944607208624195 ], [ 79.880791846234771, 21.044758950864694 ], [ 79.872686601157184, 21.238113397535908 ], [ 79.838043241311638, 21.360622166637768 ], [ 79.894149150134837, 21.387657066387103 ], [ 79.904529039262457, 21.47848803864709 ], [ 79.817717840060325, 21.674613531353035 ], [ 79.834410198820265, 21.675662986157789 ], [ 79.921789156507927, 21.550096493964112 ], [ 80.04742508058159, 21.50706893576146 ], [ 80.352939991587519, 21.377584815671817 ], [ 80.378420480144982, 21.256366838652134 ], [ 80.476708552688279, 21.238963164037013 ], [ 80.525648681969059, 21.11230023159106 ], [ 80.600031942729515, 21.096691058839092 ], [ 80.675027211696431, 21.019425749090274 ], [ 80.739675109674977, 21.18434141824789 ], [ 80.938788905292981, 21.071987827181541 ], [ 81.016021758634324, 21.129529946163053 ], [ 81.279304893105717, 21.204475062012069 ], [ 81.383728824261041, 21.1331035757809 ], [ 81.413351383244091, 21.053661334894702 ], [ 81.301348276825763, 20.841738833577757 ], [ 81.305067001211256, 20.78579660545812 ], [ 81.210677431104543, 20.679654273819622 ], [ 81.25103396111821, 20.614267864957316 ], [ 81.211375092422458, 20.368468274568095 ], [ 81.167232625467335, 20.319541136427482 ], [ 81.176308951379411, 20.275652857858677 ], [ 81.245278765822206, 20.250747680254076 ], [ 81.295345888060609, 20.137631016688825 ], [ 81.42978173310631, 20.231473334158963 ], [ 81.431129344694099, 20.225477514517408 ], [ 81.445730343599266, 20.061081783267905 ], [ 81.450765597840316, 20.047503954594912 ], [ 81.539780095661399, 20.129917147501956 ], [ 81.579861739844205, 20.125016312754383 ], [ 81.625836515266016, 20.032611950271686 ], [ 81.671920309446321, 19.834612592579283 ], [ 81.686786853029247, 19.591419442448441 ], [ 81.636693516662504, 19.470526630160485 ], [ 81.774831902404529, 19.429653661269331 ], [ 81.751431808874685, 18.99889589539217 ], [ 81.788446425978151, 18.93264774654256 ], [ 81.885660269391366, 19.045618248576748 ], [ 81.921720654747119, 19.003671902428533 ], [ 81.952118789459448, 19.007778862105802 ], [ 81.993655551344887, 19.018184669202824 ], [ 82.012085056134126, 19.01693837356332 ], [ 82.075122864499662, 19.035636791937712 ], [ 82.07846573411247, 19.026225370767698 ], [ 82.17154947658311, 19.062732830185112 ], [ 82.202165231256245, 19.126663975298374 ], [ 82.212239400012194, 19.152067753707115 ], [ 82.220754529059207, 19.16158588488738 ], [ 82.285437747992219, 19.193829666087169 ], [ 82.304277124328109, 19.12661954337646 ], [ 82.208667059432599, 19.001455675948435 ], [ 82.171386071395602, 18.988356405676971 ], [ 82.052259741028863, 18.722942913734105 ], [ 82.01290348512353, 18.523400839824596 ], [ 81.905550949357149, 18.370929387115225 ], [ 81.874064479719721, 18.409816573229406 ], [ 81.854570448280654, 18.381224728469423 ], [ 81.803222301385631, 18.293787110815426 ], [ 81.745499596152513, 18.284219383551584 ], [ 81.690507294414999, 18.143658393935198 ], [ 81.537781683498679, 18.029374243300133 ], [ 81.428830374898567, 17.924738791225654 ], [ 81.392378822400332, 17.840192273508404 ], [ 81.304730212933521, 17.853243349662709 ], [ 81.232856617562064, 17.909842010688124 ], [ 81.183580482275005, 17.863567649066596 ], [ 81.137893302608049, 17.774595914908552 ], [ 81.107636522923613, 17.826662990188918 ], [ 81.089353447142571, 17.805136185749287 ], [ 81.098790511452506, 17.766350700576716 ], [ 81.095953560261236, 17.755539755779832 ], [ 81.126654426926393, 17.706455710019206 ], [ 81.217747639772796, 17.702385586816199 ], [ 81.186526391369526, 17.607826235021495 ], [ 81.139481139231535, 17.560492793576454 ], [ 81.128720451614868, 17.569771811137556 ], [ 81.099861139071123, 17.61264988641144 ], [ 81.036452677781057, 17.630385174450652 ], [ 81.012330802984764, 17.751827547424512 ], [ 80.96725635419584, 17.753078306018583 ], [ 80.857544242402454, 17.693449977642409 ], [ 80.809349641305644, 17.601301500701229 ], [ 80.859929668484227, 17.564864450004823 ], [ 80.838606223461127, 17.507233546038734 ], [ 80.753229980726374, 17.411071715835348 ], [ 80.699875352233661, 17.457472571068408 ], [ 80.638567872927368, 17.475982863057713 ], [ 80.53503063565789, 17.411918202467952 ], [ 80.414360038860579, 17.372207722519207 ], [ 80.352028090744525, 17.326717061130346 ], [ 80.222912965265891, 17.290090040263305 ], [ 80.187741250579919, 17.252357576013509 ], [ 80.145341642627628, 17.128925234888506 ], [ 80.136228994947288, 17.044070953463283 ], [ 80.092963100854959, 17.011989750566446 ], [ 79.978920740194681, 17.01247251322301 ], [ 79.955809251926439, 16.996820071908189 ] ] ] } },
{ "type": "Feature", "properties": { "gdp": 35937.73, "ENGTYPE_1": "State", "HASC_1": "IN.TR", "GID_1": "IND.33_1", "join_name": "tripura", "ISO_1": "IN-TR", "TYPE_1": "State", "NL_NAME_1": "NA", "CC_1": "NA", "NAME_1": "Tripura", "COUNTRY": "India", "VARNAME_1": "NA", "GID_0": "IND", "pop": 35937.73 }, "geometry": { "type": "Polygon", "coordinates": [ [ [ 92.673361507272787, 24.92018935735577 ], [ 92.763467706794245, 24.744858538114304 ], [ 92.76689651834667, 24.72427492182743 ], [ 92.773109015119928, 24.557398522095276 ], [ 92.831334108456062, 24.536158245099202 ], [ 92.871838834730326, 24.43998162021321 ], [ 92.999836018553339, 23.998924019701345 ], [ 93.001318246360455, 23.995729434780596 ], [ 92.999706977967918, 23.990431051351901 ], [ 92.999795791061089, 23.989297755262395 ], [ 92.9981844100204, 23.988327600552765 ], [ 92.991433664228225, 23.982104302584602 ], [ 92.99049810877959, 23.971868836097585 ], [ 92.985043744952662, 23.966012515468844 ], [ 92.977693653414121, 23.972448217990863 ], [ 92.964709220889347, 23.963261993992155 ], [ 92.940503376517, 23.978631786155415 ], [ 92.95444398385392, 23.943754434652917 ], [ 92.915355884834213, 23.9342293306802 ], [ 92.865209042669946, 23.914074960606687 ], [ 92.882729388958182, 23.872462149763763 ], [ 92.605308947273215, 23.765684723147707 ], [ 92.401454904392423, 23.684900034322492 ], [ 92.332274571985124, 23.708324284356813 ], [ 92.325084695163937, 23.893344497832327 ], [ 92.277056722566968, 23.890656101507147 ], [ 92.13179372769882, 23.750302837357488 ], [ 92.149362618698831, 23.86313797429219 ], [ 92.11956357951415, 24.061942140327201 ], [ 92.027694920600311, 24.16197464113996 ], [ 92.01770450148318, 24.268981345085702 ], [ 92.085869777668918, 24.296599179314999 ], [ 92.116657182184468, 24.372001332936559 ], [ 92.087099858225614, 24.467711977800889 ], [ 92.200581505107166, 24.559759537137232 ], [ 92.168136432343644, 24.635583387901594 ], [ 92.313916393415369, 24.550014471906302 ], [ 92.380688030952214, 24.554583406424559 ], [ 92.402700823589242, 24.602011791384864 ], [ 92.466011787779195, 24.556542784394846 ], [ 92.485373650612729, 24.623583847315615 ], [ 92.58749718020043, 24.492568047946051 ], [ 92.549642099038664, 24.671464661195095 ], [ 92.497995334944306, 24.779833533005341 ], [ 92.520203346963399, 24.81764769942421 ], [ 92.61975791396948, 24.778947515568884 ], [ 92.673361507272787, 24.92018935735577 ] ] ] } },
{ "type": "Feature", "properties": { "gdp": 1137807.9408069919, "ENGTYPE_1": "State", "HASC_1": "IN.UP", "GID_1": "IND.34_1", "join_name": "uttarpradesh", "ISO_1": "IN-UP", "TYPE_1": "State", "NL_NAME_1": "NA", "CC_1": "NA", "NAME_1": "UttarPradesh", "COUNTRY": "India", "VARNAME_1": "UnitedProvinces", "GID_0": "IND", "pop": 1137807.9408069919 }, "geometry": { "type": "Polygon", "coordinates": [ [ [ 82.66910994301459, 23.226815234638764 ], [ 82.655942546548118, 23.223539428692874 ], [ 82.649172297168462, 23.227210657352614 ], [ 82.654179498936827, 23.260781291969739 ], [ 82.566353074288372, 23.330898296067009 ], [ 82.597576669589486, 23.465963658041279 ], [ 82.64439465910506, 23.531584710297597 ], [ 82.613385415059938, 23.647939132185375 ], [ 82.61412088503215, 23.761146219381509 ], [ 82.711351267898635, 23.763467075419069 ], [ 82.679759134935509, 23.837377195646216 ], [ 82.569072653898658, 23.880198629484283 ], [ 82.405414989937825, 23.83067593621351 ], [ 82.280804045820659, 23.869205940288129 ], [ 82.259865759603898, 23.779089287135147 ], [ 82.128754517284435, 23.800067626680192 ], [ 82.030210983737888, 23.933735940148605 ], [ 81.906830442887568, 23.925427340631504 ], [ 81.632291541198427, 23.993672757414149 ], [ 81.624606485079653, 24.085647667656545 ], [ 81.48183463968293, 24.09308643647887 ], [ 81.278793482923163, 24.139740788071204 ], [ 81.161946815352835, 24.22857876880893 ], [ 81.091226168546868, 24.22291423395475 ], [ 81.024202635654419, 24.128384884150446 ], [ 80.791520137477264, 24.188027163657903 ], [ 80.684038489076741, 24.173046887401394 ], [ 80.644401133126038, 24.100884553244608 ], [ 80.448449527699808, 24.019054160325211 ], [ 80.060481670925256, 24.006432053900259 ], [ 80.106614358327363, 24.101507888474693 ], [ 80.005862945442217, 24.110234157592146 ], [ 79.946427984557374, 24.068924347670158 ], [ 79.903052691778726, 24.096613389265823 ], [ 79.816175499324842, 24.077853697661222 ], [ 79.800375365777228, 24.089071729844331 ], [ 79.797010669893567, 24.093906402977805 ], [ 79.798723105956526, 24.095472565016816 ], [ 79.792841833633915, 24.096631740633374 ], [ 79.762698940688139, 24.082803700521872 ], [ 79.762169149553941, 24.079888198434748 ], [ 79.772817776933408, 24.072229864875332 ], [ 79.7694936325573, 24.070710352080592 ], [ 79.739872515379489, 24.073626225622313 ], [ 79.732377025449225, 24.076368484941096 ], [ 79.705802743095205, 24.091108044705784 ], [ 79.763604504235005, 24.162153866776357 ], [ 79.700761245680042, 24.203757055593471 ], [ 79.69994561053042, 24.24829318774492 ], [ 79.677368861272654, 24.266091738676245 ], [ 79.59873381624439, 24.23694084052012 ], [ 79.541111607936458, 24.248053996106332 ], [ 79.534774049975667, 24.220368700364521 ], [ 79.463943885371265, 24.225581269026861 ], [ 79.491125114974025, 24.170772331221869 ], [ 79.484093682228234, 24.172171063652804 ], [ 79.42872953111042, 24.204438080499703 ], [ 79.39186046155244, 24.21060801092683 ], [ 79.324789562715097, 24.244791167384211 ], [ 79.310475187994243, 24.224440215785926 ], [ 79.236797074407733, 24.273276836664529 ], [ 79.249976375104893, 24.289262844019909 ], [ 79.17317344332514, 24.338966323753795 ], [ 79.15580654435621, 24.344680634388904 ], [ 79.145673345208039, 24.330972240866174 ], [ 79.150973617740917, 24.326247115091263 ], [ 79.181356851882342, 24.315500463976047 ], [ 79.18801146476325, 24.317628754317983 ], [ 79.170955618354455, 24.304972986786613 ], [ 79.202894698241721, 24.279267431264863 ], [ 79.199881315871167, 24.274681092908839 ], [ 79.179195448334411, 24.279216789339056 ], [ 79.174321098833815, 24.282975796017837 ], [ 79.165757906867711, 24.293665322305287 ], [ 79.152215443864037, 24.297207703781531 ], [ 79.110211792842776, 24.298779266885898 ], [ 79.098100949604131, 24.304245425788668 ], [ 79.042199232109638, 24.347353368209141 ], [ 78.967405727283676, 24.364501771706035 ], [ 78.961058809684431, 24.362211526361566 ], [ 78.946187142840714, 24.385095098274064 ], [ 78.951780984344339, 24.383848247468308 ], [ 78.962919644718511, 24.378176292272517 ], [ 78.970361697455829, 24.376292990464954 ], [ 78.958829052890763, 24.400076267986172 ], [ 78.949153212405619, 24.398234508719394 ], [ 78.919617005897379, 24.408956101025566 ], [ 78.874280666735999, 24.40712512899858 ], [ 78.867481902337119, 24.409757408534798 ], [ 78.906587905287068, 24.421969355370376 ], [ 78.9655606503146, 24.40801012623437 ], [ 78.920467444589775, 24.460360775446265 ], [ 78.806749770901519, 24.462215995172315 ], [ 78.846234914748621, 24.428773276804208 ], [ 78.738101224269116, 24.463067198426717 ], [ 78.73634678464127, 24.431530329358562 ], [ 78.788936535766638, 24.382673735128073 ], [ 78.823429049678651, 24.366967693087101 ], [ 78.831872209219085, 24.347803871616239 ], [ 78.871685146139441, 24.320052261234064 ], [ 78.942907017001403, 24.291824940119561 ], [ 78.986061161382523, 24.24265181052953 ], [ 78.999010726432957, 24.214131597640471 ], [ 79.074188368978469, 24.198186512694036 ], [ 79.136955460950972, 24.154306489609557 ], [ 79.199861034142089, 24.095318019546724 ], [ 79.209205970812022, 24.070575752498559 ], [ 79.195041245643523, 24.039515841054829 ], [ 79.147211508895936, 24.045590282832116 ], [ 78.991792127081041, 24.135901901030504 ], [ 78.943773877295357, 24.167940568466086 ], [ 78.873228742906591, 24.197706617730233 ], [ 78.848078480704118, 24.177663718649999 ], [ 78.780472334961544, 24.193758801964361 ], [ 78.766564674076847, 24.201768475360904 ], [ 78.753129916344321, 24.207905952598715 ], [ 78.7515989748604, 24.210669526559869 ], [ 78.757034159959346, 24.211382159163247 ], [ 78.76174772364557, 24.215211809775873 ], [ 78.683778940771504, 24.252385120290473 ], [ 78.647099953643576, 24.312784380670237 ], [ 78.552080269330077, 24.377549213169878 ], [ 78.635334076996443, 24.390275548009718 ], [ 78.622044165384651, 24.411163629630646 ], [ 78.683377534509319, 24.416733384060834 ], [ 78.643503259523101, 24.432144491409815 ], [ 78.592683014431913, 24.472359814703363 ], [ 78.583367827960487, 24.49559222332174 ], [ 78.625002156207046, 24.502624331018719 ], [ 78.624023572648767, 24.520798412125881 ], [ 78.655459892166917, 24.519551781812126 ], [ 78.748416506969022, 24.498803076388263 ], [ 78.826287282733986, 24.497219880628595 ], [ 78.794184373075268, 24.531254238661578 ], [ 78.829567394845213, 24.554204246199792 ], [ 78.871575506720419, 24.622404566142603 ], [ 78.903931209737564, 24.636954666865176 ], [ 78.899944409331056, 24.68904046281957 ], [ 78.974918551270946, 24.776154368780585 ], [ 78.915361830224526, 24.916495958018043 ], [ 78.926866910255271, 25.041157118939957 ], [ 78.89650875231186, 25.01338968213744 ], [ 78.813723002392138, 25.102995020874431 ], [ 78.718146526807956, 25.118015196567352 ], [ 78.633302374271551, 25.07795027458517 ], [ 78.506513240497569, 25.141596156549014 ], [ 78.478161252688551, 25.191095913979883 ], [ 78.369178845487951, 25.163280449101425 ], [ 78.370450950642947, 25.165323118994856 ], [ 78.384088529821526, 25.255721945594836 ], [ 78.28490229651554, 25.288058712738049 ], [ 78.286110684797123, 25.271642990989765 ], [ 78.224773830688278, 25.261154863903172 ], [ 78.066950194215366, 25.293415596946883 ], [ 77.94750101505403, 25.360860737721044 ], [ 77.905615793350918, 25.33012875143481 ], [ 77.680974332839895, 25.377220941855317 ], [ 77.624745415569507, 25.365558912543044 ], [ 77.527683200852437, 25.453526596605322 ], [ 77.599372161291143, 25.464879077585618 ], [ 77.723745116620805, 25.436479939939009 ], [ 77.863179203853861, 25.438864608015422 ], [ 77.667598198183214, 25.537113265410788 ], [ 77.644181142775423, 25.565720211398034 ], [ 77.600831840483863, 25.572818384640591 ], [ 77.603892557376199, 25.577867421986799 ], [ 77.591679275706369, 25.590717863383833 ], [ 77.573171532178634, 25.597360047759445 ], [ 77.593255813016214, 25.599222148375159 ], [ 77.779722296398361, 25.590865582403492 ], [ 77.763646122021342, 25.637658896018099 ], [ 77.666661952593913, 25.715084702260768 ], [ 77.444695219112674, 25.808056988746351 ], [ 77.444079638194367, 25.840101842183895 ], [ 77.288832315737594, 25.907967685944676 ], [ 77.310334726871091, 25.95782220566122 ], [ 77.217827106053434, 26.035742233093281 ], [ 77.23163485450516, 26.036699018554838 ], [ 77.376021689128621, 26.017353413572049 ], [ 77.684383155873164, 25.97802317324998 ], [ 77.709031675408767, 25.980918961777913 ], [ 77.919972651723, 25.999587188217472 ], [ 77.935520640705946, 26.02251246942506 ], [ 78.248878400839658, 26.110217934294671 ], [ 78.361718586493922, 26.173672127724021 ], [ 78.446020049259658, 26.228811202278127 ], [ 78.607711985634154, 26.360945496743717 ], [ 78.777773761495723, 26.532036831447087 ], [ 78.790042963018536, 26.546602301137117 ], [ 78.820742904476148, 26.584114953061057 ], [ 78.833353040621603, 26.599953941812693 ], [ 79.007560797482739, 26.858140228752987 ], [ 79.106692485190152, 27.043346410080449 ], [ 79.333510625874624, 28.381296482692179 ], [ 79.023131052537565, 29.127631365719335 ], [ 78.989336209830554, 29.168351193150936 ], [ 78.772014994972579, 29.370574625218538 ], [ 78.684798489873103, 29.420643011195242 ], [ 78.488183379385703, 29.542556172512846 ], [ 78.465932615018147, 29.567144248108725 ], [ 78.197301327717938, 29.660820419364562 ], [ 78.152185041180545, 29.83285216840439 ], [ 78.185307436100715, 29.879602144239918 ], [ 78.016899426509042, 30.205675054360565 ], [ 78.044625676801672, 30.304910551918116 ], [ 78.064257087333488, 30.306741619318899 ], [ 78.041982795522316, 30.519247626087765 ], [ 78.101994050566262, 30.630648208337153 ], [ 78.208768498304238, 30.673144022241718 ], [ 78.212764349780997, 30.689624274981636 ], [ 78.20440302300571, 30.695664172234871 ], [ 78.21077327260663, 30.716289169617479 ], [ 78.254468885894966, 30.727704524418396 ], [ 78.312559032330654, 30.838606019027974 ], [ 78.295310426153094, 30.91871390418104 ], [ 78.279056010210667, 30.943616248037763 ], [ 78.3410155933109, 30.936432903013294 ], [ 78.436277877056412, 30.837823498332178 ], [ 78.674316376586447, 30.679691434437988 ], [ 78.63572627199467, 30.571558609355638 ], [ 78.592520088998484, 30.570325044384191 ], [ 78.575210617933379, 30.470552834811905 ], [ 78.584868586387728, 30.361903238516607 ], [ 78.600111170125714, 30.344556256328758 ], [ 78.667938329553451, 30.264284193460554 ], [ 78.682973946710064, 30.195760720736491 ], [ 78.706789043419448, 30.18345462816621 ], [ 78.7231248225049, 30.154849123467148 ], [ 78.751080220751916, 30.136424871054036 ], [ 78.837906906338446, 30.147986425776189 ], [ 78.909454185317642, 29.988467173525319 ], [ 79.006317020858461, 30.08436502343277 ], [ 79.043830699953205, 30.096999451285242 ], [ 79.084499154504456, 30.169977820950702 ], [ 79.202383586201051, 30.08598553805588 ], [ 79.22971408345532, 30.03204989026786 ], [ 79.239683580133487, 30.000804205119039 ], [ 79.305128764610657, 29.909757303151117 ], [ 79.341335880356297, 29.874249337049218 ], [ 79.471149291762345, 29.768967098715223 ], [ 79.517781038305245, 29.742498137593497 ], [ 79.523693108769905, 29.74159163654247 ], [ 79.55143119013789, 29.735712134161748 ], [ 79.493035066153737, 29.62776687346356 ], [ 79.530368209518315, 29.515240263268101 ], [ 79.560816420727008, 29.505913450636825 ], [ 79.602967815220566, 29.384213384867525 ], [ 79.705209986471104, 29.351055439962064 ], [ 79.866632154635013, 29.044314935129737 ], [ 79.949559574562457, 28.985975600886817 ], [ 79.96469291773613, 28.866519824622369 ], [ 80.058606506161965, 28.845425573858005 ], [ 80.068459391806343, 28.850283699894852 ], [ 80.129836627987075, 28.845052908747672 ], [ 80.212144751028916, 28.901906111333695 ], [ 80.339812720215562, 28.652298005857737 ], [ 80.358132874922163, 28.638165393947155 ], [ 80.385533283593816, 28.636568150302523 ], [ 80.419746409965171, 28.70345145406403 ], [ 80.445230472359171, 28.79675213171431 ], [ 80.483217681006892, 28.79298585066643 ], [ 80.701278475806333, 28.499303859325991 ], [ 80.845304591769121, 28.585231548037363 ], [ 80.944709668540639, 28.504066165280086 ], [ 81.001486040376378, 28.410000831232541 ], [ 81.331566550967509, 28.155345333748155 ], [ 81.454340322129013, 28.12655716549466 ], [ 81.470152218068478, 28.025261967744832 ], [ 81.546227074641976, 27.899129735853027 ], [ 81.665718963909157, 27.856304192101689 ], [ 81.687311078320917, 27.747911500763426 ], [ 81.840108495146382, 27.638365384855081 ], [ 81.898518346556784, 27.634471825492749 ], [ 82.083862902022119, 27.471502360334426 ], [ 82.162305596097511, 27.581708474391696 ], [ 82.266965955804721, 27.582845426371115 ], [ 82.313661866979828, 27.509876203520765 ], [ 82.39844305346881, 27.488551814537406 ], [ 82.625703649157657, 27.292182636055934 ], [ 82.886386091285189, 27.362039936126102 ], [ 82.924009469428754, 27.198003669896842 ], [ 82.894515924785523, 27.087409139750505 ], [ 83.083094111560911, 27.100706565687602 ], [ 83.175853267270455, 27.041543924154865 ], [ 83.294911736008373, 27.062457547949251 ], [ 83.446302654551872, 26.926908679808967 ], [ 83.496697850062148, 27.013406268227151 ], [ 83.489152577069632, 27.104703216515496 ], [ 83.673606138850118, 27.106936936956078 ], [ 83.859841702877645, 26.984194198676828 ], [ 83.832494656453349, 26.952587768388916 ], [ 83.837178177161888, 26.943538329774743 ], [ 83.86653590969847, 26.943326014778084 ], [ 83.898112416328729, 26.964431550504337 ], [ 83.908987434650768, 26.934583225285394 ], [ 83.880503883581852, 26.898183746253732 ], [ 83.938307067506727, 26.791816237368586 ], [ 83.896823671292253, 26.668133316425941 ], [ 83.944879189505173, 26.625691133755137 ], [ 83.935670201339775, 26.432344505382549 ], [ 83.990025933248575, 26.398195342951041 ], [ 84.070983818534742, 26.433365533754863 ], [ 84.121715324636241, 26.184687533064235 ], [ 84.192162848222793, 26.110742274159893 ], [ 84.066461012597998, 26.051764679699488 ], [ 83.970365854289383, 26.095497497871268 ], [ 83.912978953586759, 26.046665945877574 ], [ 83.877106359366834, 25.944267846280965 ], [ 83.766595586278541, 25.876051151962024 ], [ 83.759506662809358, 25.793956888252833 ], [ 83.845810149428658, 25.791578694140927 ], [ 83.880356496314079, 25.717850866710634 ], [ 83.969859497055481, 25.701045624370877 ], [ 83.960290238546818, 25.528437886039981 ], [ 83.839141518799124, 25.419087687094322 ], [ 83.885858992904744, 25.287020308438915 ], [ 84.113191544716173, 25.051329402199507 ], [ 84.160690678355721, 25.06432313819608 ], [ 84.244690013169333, 24.954021796931265 ], [ 84.329461369698009, 24.92152388901988 ], [ 84.434761404529226, 24.771521304310745 ], [ 84.411454927624504, 24.601548671257262 ], [ 84.333000595648329, 24.673045385818117 ], [ 84.215189864301493, 24.727303408272661 ], [ 84.240903503016213, 24.641532993365594 ], [ 84.152911033442763, 24.655917211612287 ], [ 84.082431826948138, 24.743414210939516 ], [ 84.00726161776204, 24.72971100520574 ], [ 84.037888832672849, 24.656289285604725 ], [ 83.923092349897288, 24.602385007245594 ], [ 83.838889786511771, 24.466485971794889 ], [ 83.72990673860069, 24.468866040326972 ], [ 83.664843587035293, 24.432582685592465 ], [ 83.637677577526119, 24.42671281965012 ], [ 83.628993395930777, 24.423436602288476 ], [ 83.593328686550763, 24.427090075405101 ], [ 83.586956600663029, 24.423467927416951 ], [ 83.5728114623153, 24.407100452724151 ], [ 83.562712333901487, 24.401734092038755 ], [ 83.456700815997834, 24.376314220458958 ], [ 83.376816353326106, 24.319965151129146 ], [ 83.391209715294053, 24.317060603013772 ], [ 83.355443814567025, 24.188854233955496 ], [ 83.359559959244351, 24.178950481219957 ], [ 83.435282232111973, 23.992216262005918 ], [ 83.552715980175321, 23.957867539154524 ], [ 83.625887152115553, 23.878236975229008 ], [ 83.629505971360459, 23.876113731510198 ], [ 83.560702091487343, 23.802603655291104 ], [ 83.417814004211891, 23.773773299951017 ], [ 83.396260763567184, 23.737358526183002 ], [ 83.44680292750283, 23.660310308140698 ], [ 83.249541771448179, 23.43994373576788 ], [ 83.04501360476263, 23.246561728089198 ], [ 82.96919103257602, 23.202317448111181 ], [ 82.782515483578877, 23.150705603949607 ], [ 82.66910994301459, 23.226815234638764 ] ] ] } },
{ "type": "Feature", "properties": { "gdp": 177163.02252828321, "ENGTYPE_1": "State", "HASC_1": "IN.UT", "GID_1": "IND.35_1", "join_name": "uttarakhand", "ISO_1": "IN-UT", "TYPE_1": "State", "NL_NAME_1": "NA", "CC_1": "NA", "NAME_1": "Uttarakhand", "COUNTRY": "India", "VARNAME_1": "Uttarakhand", "GID_0": "IND", "pop": 177163.02252828321 }, "geometry": { "type": "Polygon", "coordinates": [ [ [ 80.058606506161965, 28.845425573858005 ], [ 79.96469291773613, 28.866519824622369 ], [ 79.949559574562457, 28.985975600886817 ], [ 79.866632154635013, 29.044314935129737 ], [ 79.705209986471104, 29.351055439962064 ], [ 79.602967815220566, 29.384213384867525 ], [ 79.560816420727008, 29.505913450636825 ], [ 79.530368209518315, 29.515240263268101 ], [ 79.493035066153737, 29.62776687346356 ], [ 79.55143119013789, 29.735712134161748 ], [ 79.523693108769905, 29.74159163654247 ], [ 79.517781038305245, 29.742498137593497 ], [ 79.471149291762345, 29.768967098715223 ], [ 79.341335880356297, 29.874249337049218 ], [ 79.305128764610657, 29.909757303151117 ], [ 79.239683580133487, 30.000804205119039 ], [ 79.22971408345532, 30.03204989026786 ], [ 79.202383586201051, 30.08598553805588 ], [ 79.084499154504456, 30.169977820950702 ], [ 79.043830699953205, 30.096999451285242 ], [ 79.006317020858461, 30.08436502343277 ], [ 78.909454185317642, 29.988467173525319 ], [ 78.837906906338446, 30.147986425776189 ], [ 78.751080220751916, 30.136424871054036 ], [ 78.7231248225049, 30.154849123467148 ], [ 78.706789043419448, 30.18345462816621 ], [ 78.682973946710064, 30.195760720736491 ], [ 78.667938329553451, 30.264284193460554 ], [ 78.600111170125714, 30.344556256328758 ], [ 78.584868586387728, 30.361903238516607 ], [ 78.575210617933379, 30.470552834811905 ], [ 78.592520088998484, 30.570325044384191 ], [ 78.63572627199467, 30.571558609355638 ], [ 78.674316376586447, 30.679691434437988 ], [ 78.436277877056412, 30.837823498332178 ], [ 78.3410155933109, 30.936432903013294 ], [ 78.279056010210667, 30.943616248037763 ], [ 78.275417737734898, 30.958033491061762 ], [ 78.287852738178287, 30.969713331871358 ], [ 78.445504991872312, 31.010072433146895 ], [ 78.453105431501328, 31.027874381840839 ], [ 78.390853447681337, 31.098227682520356 ], [ 78.383491522221675, 31.178155566045266 ], [ 78.265517292413904, 31.389392578304456 ], [ 78.28432284598064, 31.498263970246189 ], [ 78.201754398445331, 31.760591661170938 ], [ 78.213596616030003, 31.85577218971164 ], [ 78.348254494325786, 31.812518010034427 ], [ 78.446118342943905, 31.803051842335261 ], [ 78.47507695221681, 31.838460550390252 ], [ 78.54179848755399, 31.803215186944648 ], [ 78.691095276817265, 31.642987812315148 ], [ 78.798790191347123, 31.622947663499943 ], [ 78.872906781673876, 31.554829863687925 ], [ 78.998157169367786, 31.500347876717942 ], [ 79.101009543889703, 31.359727645598667 ], [ 79.119954051942514, 31.343144607730647 ], [ 79.135553533919889, 31.348859488150573 ], [ 79.142907671029121, 31.346638608983202 ], [ 79.205060838089778, 31.323076684276987 ], [ 79.190797229531782, 31.355553794059993 ], [ 79.100661790144088, 31.48999512494154 ], [ 79.081272320391193, 31.508828225301183 ], [ 79.075362540696418, 31.525137615894796 ], [ 79.123633307623095, 31.732468707878404 ], [ 79.20523685376061, 31.669204855794916 ], [ 79.365802171324162, 31.457530037146309 ], [ 79.434061314495096, 31.302395862040701 ], [ 79.522852459138036, 31.230595625259642 ], [ 79.568850758714902, 31.144353663873751 ], [ 79.633578042266393, 31.133530343862208 ], [ 79.721884411923781, 31.031955910511751 ], [ 79.834937369367751, 31.064156219026536 ], [ 79.92323682934672, 31.026954940414516 ], [ 79.952129193157461, 30.975482642843563 ], [ 80.095888592983769, 30.883124714553446 ], [ 80.151655733848102, 30.819994803273765 ], [ 80.199921828643639, 30.838215181900669 ], [ 80.264911947558943, 30.772734589174863 ], [ 80.263356287758256, 30.635630196316807 ], [ 80.317557054875195, 30.621992079853015 ], [ 80.509351416866863, 30.529130181486721 ], [ 80.602390350304418, 30.521177348181574 ], [ 80.774701891205538, 30.428742622722279 ], [ 80.863560582053367, 30.349156685624294 ], [ 81.063544619370631, 30.28503866886221 ], [ 80.940623307025504, 30.199297994750808 ], [ 80.836116619749561, 30.049747850679651 ], [ 80.701028060315593, 30.029833648890321 ], [ 80.672155023689598, 29.933911159760875 ], [ 80.538984403311815, 29.901300197259978 ], [ 80.520077782366798, 29.83460184115523 ], [ 80.595353973859616, 29.727979832353405 ], [ 80.528521534923499, 29.559112669881781 ], [ 80.491582411464961, 29.512124921274733 ], [ 80.557713797151834, 29.404310075836118 ], [ 80.580726398963947, 29.253777503897254 ], [ 80.543127089043253, 29.163757986875588 ], [ 80.471403515343852, 29.154767249498217 ], [ 80.471886448043023, 29.030951762394157 ], [ 80.427689784910868, 28.916917570344406 ], [ 80.445230472359171, 28.79675213171431 ], [ 80.419746409965171, 28.70345145406403 ], [ 80.385533283593816, 28.636568150302523 ], [ 80.358132874922163, 28.638165393947155 ], [ 80.339812720215562, 28.652298005857737 ], [ 80.212144751028916, 28.901906111333695 ], [ 80.129836627987075, 28.845052908747672 ], [ 80.068459391806343, 28.850283699894852 ], [ 80.058606506161965, 28.845425573858005 ] ] ] } },
{ "type": "Feature", "properties": { "gdp": 797299.94860675046, "ENGTYPE_1": "State", "HASC_1": "IN.WB", "GID_1": "IND.36_1", "join_name": "westbengal", "ISO_1": "IN-WB", "TYPE_1": "State", "NL_NAME_1": "NA", "CC_1": "NA", "NAME_1": "WestBengal", "COUNTRY": "India", "VARNAME_1": "Bangla|BengalaOccidentale|Benga", "GID_0": "IND", "pop": 797299.94860675046 }, "geometry": { "type": "Polygon", "coordinates": [ [ [ 86.409073431170924, 21.550059733433987 ], [ 86.293617208762626, 21.666450485620299 ], [ 86.037985010545853, 21.768243510555838 ], [ 86.023153878622139, 21.776010370779399 ], [ 85.931631722830474, 21.870832328628353 ], [ 85.810692534696813, 21.944450788017683 ], [ 85.797907753429101, 21.943750231617873 ], [ 85.755205167613127, 21.911757172181701 ], [ 85.614205860711294, 22.002394905791643 ], [ 85.624208686911359, 22.063965646136456 ], [ 85.580692296031359, 22.1254558149849 ], [ 85.552192505395254, 22.142290781748073 ], [ 85.491787296017478, 22.202850935958327 ], [ 85.227105554747737, 22.38726028107919 ], [ 85.20880528380917, 22.478349638289448 ], [ 85.232586007790005, 22.457619444235057 ], [ 85.245776503145436, 22.475772002337081 ], [ 85.258392149827102, 22.467527866747837 ], [ 85.331272635766894, 22.472532400542423 ], [ 85.318066801941896, 22.50288426511964 ], [ 85.255480610360422, 22.576620097235821 ], [ 85.197552461936723, 22.73401419854666 ], [ 85.165384559334854, 22.772216962724432 ], [ 85.156793704782402, 22.798438181522577 ], [ 85.161469439554963, 22.885031527946339 ], [ 85.113371744348342, 23.055102760946561 ], [ 85.064763339142516, 23.107152160306057 ], [ 85.046258613118525, 23.188107513451929 ], [ 84.990036929408561, 23.249693990089035 ], [ 84.969955210503102, 23.278916173936551 ], [ 84.969763375069064, 23.312339935673911 ], [ 84.977057869116535, 23.353995219491164 ], [ 84.955055021699408, 23.351968571623726 ], [ 84.929216840296249, 23.36472596449126 ], [ 84.915307868494892, 23.359341881586079 ], [ 84.89283161576769, 23.389144031151954 ], [ 84.875557042560445, 23.402916577622523 ], [ 84.849576545371406, 23.397980193597089 ], [ 84.831856850901247, 23.415136576992712 ], [ 84.836269432913667, 23.446648758846155 ], [ 84.832137441958324, 23.489190988471236 ], [ 84.863733773049233, 23.49944061096646 ], [ 84.858803048530731, 23.522724157358393 ], [ 84.885998990060301, 23.510897464998543 ], [ 84.904874034146701, 23.482807691119543 ], [ 84.926715786237452, 23.489934696413506 ], [ 84.924966017051247, 23.518843011742689 ], [ 84.93528899367719, 23.543864117417122 ], [ 84.950279516058572, 23.542541183508668 ], [ 84.98500126519744, 23.569982867954611 ], [ 85.005473249015694, 23.567144341537425 ], [ 85.011519442332101, 23.608614031702356 ], [ 85.038339846777163, 23.6710170626917 ], [ 85.151935343765615, 23.642451807369898 ], [ 85.32219730404006, 23.744945956171893 ], [ 85.397938006897135, 23.867032190685801 ], [ 85.535638161907116, 23.863235868609635 ], [ 85.650592054156434, 23.918726217533489 ], [ 85.932761591012536, 24.087448492176335 ], [ 86.009472434260402, 24.103047968446965 ], [ 86.898024525237147, 24.682483959913359 ], [ 87.059728201623358, 25.048176849131952 ], [ 87.382345531130582, 25.235783221636044 ], [ 87.558557291105785, 25.577669066452135 ], [ 87.395547166134946, 25.561622570426245 ], [ 87.854781606263202, 25.863344875404003 ], [ 87.544632179896013, 25.915709641822879 ], [ 87.487952083420282, 25.913059856445145 ], [ 87.453330683636182, 25.919289527857938 ], [ 87.540817592889354, 26.000660211582314 ], [ 87.642264706661919, 26.062757365679026 ], [ 87.607966027182698, 26.06230954402082 ], [ 87.554312345346077, 26.08527178256594 ], [ 87.887639161142872, 26.204193857727024 ], [ 87.930692029183987, 26.210107764894637 ], [ 88.036489369919067, 26.19571211507154 ], [ 88.127967120003163, 26.283774640320583 ], [ 88.122798779504961, 26.314677500606408 ], [ 87.902080960561733, 26.347988510322935 ], [ 87.930926070538121, 26.394009897218922 ], [ 87.793218987531716, 26.392454196277381 ], [ 87.773355495280668, 26.420994497321541 ], [ 87.798428188593974, 26.431644869638024 ], [ 87.857636369195234, 26.509854449523804 ], [ 88.041848352878489, 26.551444107501599 ], [ 88.167829764859434, 26.622124284340586 ], [ 88.51219919445839, 26.738979048666362 ], [ 88.525290957372917, 26.745760864131107 ], [ 88.47590121317522, 26.82566964248031 ], [ 88.298965561693308, 26.884515515130897 ], [ 88.383497932185648, 26.972333138617312 ], [ 88.42517689288961, 27.073409254341261 ], [ 88.41440167432873, 27.152163152274355 ], [ 88.359956622611492, 27.24643649416354 ], [ 88.270877711570279, 27.276025061519587 ], [ 88.248892526443399, 27.322105041692129 ], [ 88.277703504831635, 27.421200338555892 ], [ 88.299394609760583, 27.4259739330993 ], [ 88.347633418191037, 27.376504967971755 ], [ 88.397040168765457, 27.362932000283134 ], [ 88.425786622824049, 27.357825011192954 ], [ 88.455073298856277, 27.378577042001826 ], [ 88.576673216992248, 27.403079717790451 ], [ 88.724372944404323, 27.369586772666008 ], [ 88.862266154556792, 27.461647166102239 ], [ 88.909576005799835, 27.434661080788455 ], [ 88.931798957382881, 27.42510720097475 ], [ 89.022278851148101, 27.37914738242193 ], [ 89.199787955010805, 27.31983922091678 ], [ 89.223982197281259, 27.223545636538514 ], [ 89.330213218380081, 27.16083513482916 ], [ 89.532493035480883, 27.101406774829634 ], [ 89.597964641631947, 27.027792299056149 ], [ 89.90223636974315, 27.029689898908625 ], [ 90.036256891740237, 26.964167929714616 ], [ 90.152434850426729, 26.944835635897363 ], [ 90.259525662611409, 26.886488069806315 ], [ 90.433207597567346, 26.821376856189129 ], [ 90.545551802490223, 26.79943137221921 ], [ 90.59019590125834, 26.720246698549666 ], [ 90.623693415376124, 26.596447720096041 ], [ 90.627411634111624, 26.58360290722668 ], [ 90.596801167481701, 26.527944045568205 ], [ 90.482696559728041, 26.471535158359821 ], [ 90.47211128853364, 26.422033956827818 ], [ 90.485884184537142, 26.410512417650345 ], [ 90.518631578405405, 26.39842405503218 ], [ 90.35677187886867, 26.436897205808599 ], [ 90.416291994034282, 26.337377266264184 ], [ 90.309401536313203, 26.311344166116086 ], [ 90.066145056503444, 26.36207384818308 ], [ 89.903986264658386, 26.428332005060735 ], [ 89.843189020656723, 26.482625876899647 ], [ 89.752579267494582, 26.504333240922495 ], [ 89.657203769466022, 26.617264034228342 ], [ 89.620019113367746, 26.70885144724225 ], [ 89.415659182473675, 26.757539475192576 ], [ 89.583675485016286, 26.601090148046872 ], [ 89.456694536771124, 26.617255540581741 ], [ 89.090871280908658, 26.727452351584944 ], [ 89.021350507709855, 26.796144297899126 ], [ 88.899564639426188, 26.824036244201743 ], [ 88.794444067047323, 26.892717698150612 ], [ 88.653864437184893, 26.936994663817028 ], [ 88.640988582904924, 26.842335467195664 ], [ 88.763694482127008, 26.836763415579682 ], [ 88.77453889242652, 26.754853583376619 ], [ 88.619439953754011, 26.703855180609171 ], [ 88.617391971344972, 26.66096080249444 ], [ 88.374831771055199, 26.60747698865379 ], [ 88.36378153035983, 26.521919096969846 ], [ 88.290671576752501, 26.499398991271079 ], [ 88.226832947975808, 26.425793921955965 ], [ 88.254431972826183, 26.379296483943186 ], [ 88.438242049865622, 26.380334024462538 ], [ 88.759354345678304, 26.2909930503216 ], [ 88.809466508982808, 26.245725233669425 ], [ 88.980428329938931, 26.178253312218718 ], [ 89.17331732934845, 26.126915310144877 ], [ 89.311112754384467, 26.139552568458534 ], [ 89.426126868875798, 26.100295118938842 ], [ 89.484345877915359, 26.006444769400744 ], [ 89.677051818563896, 25.893917972743566 ], [ 89.661247576923529, 25.846039793667625 ], [ 89.509896254554604, 25.899408608034133 ], [ 89.175989599424838, 25.962929784264762 ], [ 89.116688568305648, 25.956681983417322 ], [ 88.92860382441819, 26.006912634111938 ], [ 88.87893376667958, 25.993484904807236 ], [ 88.922499115439678, 25.903265941608005 ], [ 88.822343514250065, 25.855392926160665 ], [ 88.569785764537826, 25.848470289045146 ], [ 88.476981529717563, 25.903114072116008 ], [ 88.277467423357564, 25.878804444034895 ], [ 88.296467498688244, 25.822781683589213 ], [ 87.842556478305212, 25.548596358717734 ], [ 88.260968906273135, 25.248961043852816 ], [ 88.642849840667154, 25.154771915067187 ], [ 88.944538892475677, 25.195619404364891 ], [ 89.358185920545623, 25.091831912521773 ], [ 89.600469553595048, 25.08221823599116 ], [ 89.69442163309381, 24.982342495663644 ], [ 89.63061596834892, 24.772803084042792 ], [ 89.68812892365851, 24.672981444153265 ], [ 89.655635253560632, 24.405616576641968 ], [ 89.320364792674383, 24.274410611095959 ], [ 89.047428789035095, 24.098557231286744 ], [ 88.988568744111092, 23.965906755568415 ], [ 89.10158491205101, 23.779551457937533 ], [ 89.67037520420007, 23.508292071431633 ], [ 89.422274656901152, 23.196491133949777 ], [ 89.843340220975151, 23.128241357505434 ], [ 89.783471556673305, 23.005339212056455 ], [ 89.623838828474589, 22.858646685794319 ], [ 89.557109202829082, 22.592896030229134 ], [ 89.615450602824666, 22.591520180674749 ], [ 89.458635720529102, 22.438695200708437 ], [ 89.482656075758214, 22.406999087002919 ], [ 89.346796430913358, 22.256018757277442 ], [ 89.170539187446096, 22.141124530189924 ], [ 89.07688196310032, 22.022073459274946 ], [ 89.006626605280502, 21.991737312457044 ], [ 88.894741118925452, 21.895396402396226 ], [ 88.671571932578217, 21.805741610549994 ], [ 88.510499212205943, 21.715859270211986 ], [ 88.516587706165311, 21.682629914408992 ], [ 88.404695641069623, 21.586178418788997 ], [ 88.247633249337142, 21.537891154275691 ], [ 88.132377139502424, 21.556629474379474 ], [ 87.766345602149372, 21.484046397944702 ], [ 87.677601859655979, 21.45756137214881 ], [ 87.578269145347676, 21.518994775133674 ], [ 87.560527138665989, 21.559234017489143 ], [ 87.686794434934356, 21.594221234346872 ], [ 87.598701767144533, 21.614416969974553 ], [ 87.354929629313347, 21.594410439373995 ], [ 87.225676025069603, 21.530724156031145 ], [ 86.904859383573438, 21.48726162057191 ], [ 86.740989393791381, 21.495404471603884 ], [ 86.409073431170924, 21.550059733433987 ] ] ] } }
]
}
