{"type":"FeatureCollection","bbox":[84.49065085074884,151.25103565719397,428.6804027440467,340.2007907444032],"properties":{"note":"Created with cartogram-cpp v25.10. Coordinates are in a custom projection, not EPSG:4326.","projected":true},"features":[{"type":"Feature","properties":{"Level":"ADM1","Shape_Area":11.8854224,"Shape_Leng":24.6095261,"shapeGroup":"USA","shapeID":"USA-ADM1-66186276B71736815","shapeISO":"US-MS","shapeName":"Mississippi","shapeType":"ADM1"},"geometry":{"type":"MultiPolygon","coordinates":[[[[370.56942761246995,203.81252502729296],[370.78750248346995,203.7358718087495],[370.62879686769327,203.76951679454834],[370.56942761246995,203.81252502729296]]],[[[369.93003138353686,204.39182301450398],[369.9654537032072,204.41626613070693],[370.00819009148535,204.35864928074602],[369.93003138353686,204.39182301450398]]],[[[369.61687091774803,203.86277077198076],[369.75454039707546,203.92939809055338],[370.23367286105224,203.8334489851901],[369.61687091774803,203.86277077198076]]],[[[368.85618332662716,204.5375759559994],[369.0341917288722,204.48232600991633],[369.1038026052298,204.43158563346344],[368.85618332662716,204.5375759559994]]],[[[368.5012568320915,203.67839580157795],[368.6488977424983,203.68807857004984],[368.5861834911324,203.59777262990872],[368.5012568320915,203.67839580157795]]],[[[351.80870374697236,214.50523662022937],[351.70729277271937,214.6728512470313],[351.1252768900337,214.86869234696857],[351.00041570007346,214.98880328274154],[351.36315900738555,214.9673832439119],[350.918045502677,215.25010098957645],[350.7146230975935,215.46514054754104],[350.79589641619026,215.31002235704986],[350.0357957233445,215.69624317469757],[349.91938013149417,215.95811955219943],[349.7455220016905,216.05321167975654],[349.9037161566386,215.84318130983252],[349.506212528955,215.8875838233989],[349.6401752951176,215.97447086825784],[349.4404042127657,216.12525855712659],[349.14977602651015,216.22086046191586],[349.38365972913834,216.06107154690758],[349.2124169597911,216.02339507828253],[349.09037822966377,216.22448587001338],[348.5595323882344,216.47733773569936],[348.75193194832207,216.5638578426828],[347.88832444036393,216.92210650640155],[348.01703856379476,216.98480297071052],[348.5510069128214,216.7804491444987],[348.70093185067685,216.81095091881664],[348.3262257377388,216.98242235856276],[347.9697636563144,217.05074787021758],[347.70099123392487,217.24657351365428],[348.2243591140941,217.1400129352718],[348.25678213245044,217.20196759424846],[347.47768061369555,217.5167981371955],[347.3883445500655,217.71656033315472],[346.82846165130064,217.91578638090508],[346.93170165013464,217.9940197518743],[347.3419013851813,217.83733396898384],[346.95974351558283,218.0409519569579],[347.2693541274713,218.04928186423166],[346.9677536914814,218.26940191124461],[346.45694635075876,218.42568241583473],[346.446200666654,218.5358050427967],[346.83494998819344,218.41657653384013],[346.694285517906,218.57115284162168],[346.43747015051076,218.58771022895817],[345.95097820296974,218.83334519100856],[346.45036971628036,218.66313484444282],[346.1634773750828,218.91658256065307],[346.298615966957,218.99426760567525],[345.91278125836754,219.21717405571547],[346.186330771018,219.21531535296072],[346.3848422223373,219.0365720080701],[346.53876609521564,218.9959760048233],[346.22536355446607,219.22589285841167],[346.268667235648,219.39511594752526],[345.9627596249887,219.60643825911285],[346.0233494729951,219.80246260442894],[345.4822266359877,220.28500085145615],[345.55852136356907,220.36569608460425],[345.77412731278264,220.10955256027745],[346.01392195783774,220.2611009656796],[345.5909429192958,220.3749459760756],[345.40921333533345,220.50934390102756],[345.5091314162753,220.5510757423125],[345.35980617975446,220.69135442747177],[345.4628786489931,220.7346253839111],[345.6278061233168,220.47129999958125],[345.9180232428615,220.4395250887346],[345.41755561476947,220.99186823487526],[345.5022687724995,221.06424740638073],[345.80029427902656,220.793952329938],[346.1049955864793,220.8506100197693],[346.28074265831617,220.75947632770524],[346.1977482959214,220.8801271655733],[346.39227989770626,220.98841941036977],[346.2475451363776,221.1978911539771],[345.88643997650223,221.4141025497183],[347.15657874842907,221.22222456836553],[351.4918905258022,221.08112428287723],[355.48122244538706,221.2809214540788],[356.1702438794349,220.84997021371998],[356.6271399884382,219.78418575671628],[357.6690634118894,218.09039434236684],[358.7117226952262,216.11002586494624],[362.53556740986835,213.02768727550742],[363.07425040485157,212.59320970781627],[365.7964520315576,209.88641309108243],[367.52753793922903,207.96710621342197],[369.6507481273577,205.8152664999938],[370.4470744191244,204.6131354407887],[370.5037404593536,204.48698594322173],[370.3227796237957,204.51437606947374],[370.2439344633475,204.33245478215747],[369.7411182517146,204.55325718600594],[369.3750871358875,204.3903718932271],[368.7665222918217,204.76151050644268],[368.8942431730924,204.5541387722331],[368.22056016485067,204.3779263682058],[367.7371331555606,203.97703594207758],[367.70348437782934,204.17458302274946],[367.44134626898665,204.32532908757094],[367.3546324733586,204.20071797000287],[367.61755391419786,203.9619653367967],[367.4723172765298,203.68299549842783],[367.5622114517041,203.29741886876968],[367.34662217824626,203.27216043659456],[367.20446482738396,203.25452003378643],[366.6238583296697,203.78399728935278],[366.61254138205936,203.90139286731517],[365.9153546522179,204.51837817427446],[365.39324377961964,204.76851436980363],[364.5595809211301,205.41521686690675],[364.10471987181114,206.25193249425755],[363.8664567204754,206.8100378719887],[363.7198791245711,206.95441075217542],[361.8885735953015,206.8529895056658],[359.264959325869,206.49153902692058],[358.20891827483564,206.3463589716807],[358.269716127281,206.627527900814],[357.8573301964778,206.89082651804762],[357.7670201568907,207.18626350511755],[357.36246857661047,207.45872810175584],[357.32544928625805,207.5796574763093],[357.6636631736898,207.65256631105137],[357.2312763539689,208.14195834037966],[357.17834180756336,208.11268743892043],[357.06171223069407,208.37255534044667],[357.32870364008045,208.11503914640184],[357.49167676312226,208.08020393801257],[356.8247647569619,208.815360144394],[357.0247527394763,209.00785562125412],[356.96266261827816,209.0921200723178],[356.73899731136197,209.04518908815646],[356.52677656819355,209.14543391960132],[356.4665485348675,209.29911772824704],[356.85971911902027,209.21795701925964],[356.5508518067303,209.60929946909403],[356.5137156005209,209.7888375326691],[356.7995886709923,209.79813947274755],[356.76119027963625,209.8961410990299],[356.4640673730929,209.84819990000972],[356.2402622695989,210.18248428480848],[356.3403857131819,210.26505955755005],[356.53466442734947,210.08521878176361],[356.5903807342277,210.16159168340874],[356.443251558603,210.24279682583273],[356.47770452916507,210.51765991442662],[356.292800386191,210.67488382433294],[356.424523145961,210.9056923314369],[355.95454596203297,211.07987247023408],[356.2890934647338,211.02853040548854],[356.0963620627544,211.45728122681066],[355.8402381259311,211.5071630155445],[356.085870498303,211.3061815981284],[355.69427322431295,211.30102753776617],[355.4312519749782,211.5301852570683],[355.65507417926256,211.73277402814685],[356.00087455565824,211.56775708101978],[355.64501131330144,211.9395727146216],[355.7673269436574,211.9110801245415],[355.66720088677107,212.25842825919273],[355.68049255703914,212.1276761301012],[355.36370346910036,212.15890333750974],[355.1799654332983,212.40877453003367],[354.96956134288143,212.5085340742563],[354.9244558591338,212.43572930164518],[354.4437322457269,212.5902396318006],[354.23959006220423,212.82236405788038],[354.66407199470143,212.63608380675052],[354.8059887821362,212.66770388115745],[354.25194983030065,212.8509955206893],[354.22192079808804,213.096781287436],[354.0474056252625,213.17351595039247],[354.1368095766975,213.03326290455038],[354.004392853545,212.93765606096315],[353.65100912833856,213.12547516606668],[353.5874985070118,213.43682018402103],[353.0927272809686,213.51075152454325],[352.6969411674239,213.88083138840142],[352.73265989782783,214.06968997435274],[352.1651018215219,214.4347849085729],[352.0577980256984,214.41791561817112],[352.3780657601513,214.10455660392626],[352.02212918424533,214.22733262775736],[351.80870374697236,214.50523662022937]]]]}},{"type":"Feature","properties":{"Level":"ADM1","Shape_Area":12.7821986,"Shape_Leng":41.2633337,"shapeGroup":"USA","shapeID":"USA-ADM1-66186276B35837013","shapeISO":"US-NC","shapeName":"North Carolina","shapeType":"ADM1"},"geometry":{"type":"MultiPolygon","coordinates":[[[[424.366529295713,249.12177859948474],[424.86603579264863,249.2405324759735],[425.4934101672362,248.99045741449024],[425.08532776630096,248.92826402089804],[425.0635106024667,249.06391761244436],[424.366529295713,249.12177859948474]]],[[[425.97066018123246,246.72995803418914],[426.55191981572784,247.42370516750663],[426.86823415128674,247.624687559111],[426.76094575542544,247.99224133154723],[426.5144797185749,248.83846855511618],[426.0112672369347,249.12762014857321],[426.32224919331145,249.0264687498236],[426.6047966440424,248.77827442029246],[426.7997155824685,247.9922597931332],[426.931093139563,247.46389312233228],[426.68699334884457,247.36916066089955],[425.97066018123246,246.72995803418914]]],[[[425.00707209376645,245.70128658691576],[425.05282532117485,245.90872976262443],[425.59864623281607,246.38676172655045],[425.7265123359368,246.4990032680582],[425.6127660418774,246.37265748205039],[425.00707209376645,245.70128658691576]]],[[[422.8951871661865,245.84077791523438],[422.89796755569944,245.8981992460535],[423.0359454237529,245.87035311821487],[422.8951871661865,245.84077791523438]]],[[[423.9870683241975,244.22117573660668],[424.78156494811384,245.5822678274694],[424.92056147841663,245.61720490804652],[423.9870683241975,244.22117573660668]]],[[[423.268200170991,243.2130096909883],[423.3826188920373,243.27827966081855],[423.3962901193446,243.24284653752744],[423.268200170991,243.2130096909883]]],[[[423.3893346709539,242.9240728766535],[423.50486124037764,242.94155262354457],[423.6818096407153,243.6897987077572],[423.9687201234035,244.15007958075094],[423.5226493430204,242.87388769551728],[423.3893346709539,242.9240728766535]]],[[[423.0714014575794,243.12255192039407],[423.40722806353153,243.19198671818822],[423.1383246378936,243.08660547767496],[423.0714014575794,243.12255192039407]]],[[[422.6208800039716,242.82919634156585],[423.15015006282994,242.98139846109436],[423.45437838895725,242.99879244756994],[422.6208800039716,242.82919634156585]]],[[[419.61709045492273,241.8536204267893],[422.30893115778247,242.8026146741114],[422.5231905578239,242.8058188134102],[422.0361307633177,242.5592182486775],[419.61709045492273,241.8536204267893]]],[[[379.582009525531,240.83855166910573],[382.2860850397221,241.9008119773831],[384.01998365285084,242.50625696912093],[384.421473855701,242.64714869965644],[385.821833267118,242.96121345327674],[388.801166821111,243.19735272240808],[389.46411133493586,243.24943797652998],[391.82608793905223,243.14101950347035],[392.0163531180933,243.14641376788694],[394.9173199319664,243.23115487529532],[396.651444775541,243.34892528822786],[398.03938814387413,243.44254630669525],[400.0135227080586,243.97134880593882],[400.46744915445737,244.09320951335775],[403.4023035148117,244.5988826314662],[404.3978395016916,244.76892064089762],[405.3826631781525,245.0143904038987],[406.5541254574592,245.73433486351843],[407.03662104570486,245.9634124600795],[410.50985346274,246.75641618767312],[411.68406589582446,247.3308059330682],[413.0122374112197,247.98182200034768],[413.40028978084416,248.17300432915582],[414.0957990159826,248.45160504760992],[415.5710397193215,248.85327569739582],[416.0043154761767,248.97059206188135],[418.37323131713674,249.61609887355706],[419.9996521529665,250.0549533086099],[420.34853756543635,250.1497985329625],[421.47356978797075,250.5619100261984],[422.97630372419917,250.03231963592413],[423.8247878949629,249.66486132116816],[423.99386386121716,249.62206600194912],[425.97660302276756,249.12154370519787],[424.45834978197433,249.40941397864876],[424.1257953103427,249.32282622565782],[424.0609259466688,249.48422639435034],[423.9381213487115,249.4079327985715],[423.1410168695453,249.84572033330454],[422.2569670728943,249.98812261040564],[422.46032669541466,250.02242843387933],[422.02761674137207,250.24835979941923],[421.7251198398685,250.26055454022068],[421.416384127931,250.27278402902095],[420.6868122393455,250.05713921598363],[420.4687802499284,250.1386312485555],[420.2495838242436,250.0786657467135],[420.6442586828182,249.88894064403922],[421.2984881809707,249.90114147069957],[421.39182626304,250.04438435841058],[422.1146116621094,249.7476587277967],[422.3231508181399,249.81426470900794],[422.2959245135918,249.68504827994917],[423.45777263037365,249.39081878378053],[422.74326619352826,249.3519216904391],[421.9239544138274,249.53274350184137],[421.576634618919,249.4749128908781],[421.83882708176856,249.34944667210195],[422.2901351716098,249.35456365978519],[421.4483132432862,249.18077518878343],[420.29021767043383,249.22043567969376],[419.9992429645356,249.15640733539215],[419.7841803650128,249.10951024432129],[419.9992128197266,249.0902116791528],[421.29177300067414,248.97647853218984],[420.47696010838945,248.60614307678594],[419.99898851649914,248.59765923500424],[419.59746342448386,248.5912691414266],[419.99897133694043,248.55993425998116],[420.4489458290021,248.5256112484671],[419.9989034976071,248.4109643597447],[419.66117581592493,248.32560846439364],[419.12648794733985,248.1890775555491],[418.3668131291577,248.15742099398753],[419.2165948533429,248.12956481944377],[419.66644496648007,248.22320564691975],[419.24950767954505,247.98668637405004],[419.14144108852656,247.9256667083381],[418.966904854923,247.6090355521973],[418.16866756242734,247.2904480068639],[417.8074972727849,247.3782674273662],[417.3430461135963,247.1927566957553],[416.6124955497943,247.44203832624868],[416.48742066992247,247.96024161366373],[416.2341858831612,247.9448978115166],[416.3765001552182,247.37043589358336],[417.51328395511484,247.0016882444819],[417.3683147215023,246.75127867220021],[418.6364340997404,247.11353732993112],[419.5399356783517,247.63546529751272],[419.91867032090016,247.5587819423559],[420.14635027385367,247.6921638888848],[420.6498331832902,247.98797976190914],[421.094527346122,248.2495192810717],[421.8734533537259,248.49378493605192],[422.3051979180001,248.51819179267468],[422.45323388739814,248.00465224228802],[423.2575058105112,247.4602966469977],[423.46245562182025,247.56378483391975],[423.1134800438389,247.99014898390845],[422.80363332421143,248.36933095082463],[423.07237894607783,248.65677393577238],[422.8081419010246,248.67534907129493],[423.1440332526248,248.84036670995454],[423.26033789483535,248.89735554800868],[423.74386502648724,248.98194588344546],[423.9933776100796,248.9319528133056],[424.75863939715634,248.77908434548866],[425.24081230531806,248.31248485177034],[424.92758754269806,248.3005144372886],[425.34410224401404,248.147718496422],[425.2424968162467,247.87963061237105],[424.95122651102514,247.68468040657424],[424.4863630281305,247.65510733890207],[424.5456370159991,247.41791310563028],[424.31520249370914,247.26458400547398],[424.2561718305707,246.7138083642132],[423.9768088813151,246.71886612722952],[424.1118755233665,246.55091623896251],[423.99255009522733,246.44311707757888],[423.7765790146316,246.24738152248815],[423.21745676074914,246.04532155803398],[422.86462141421885,246.04201902642342],[422.90318442230245,245.94311460574687],[422.1691183436795,245.91548999570466],[422.382736080207,245.7672911056165],[422.17046801643625,245.65653513003645],[422.07546788281365,245.72495153258345],[421.88140001648026,245.5972727092157],[421.7638970482559,245.68634020941326],[422.1275340093006,245.75689182213043],[421.670565693308,245.90739585032165],[421.4142872804161,245.6260407502532],[421.1867918237806,245.59680252684694],[421.380401585606,245.53026325489878],[421.2299587140253,245.52521677751713],[420.4440358515396,245.49951492350309],[420.53377663365626,245.5918267554485],[420.07192275003774,245.6273586756693],[420.7383938128119,245.88609216772574],[420.705152515632,246.12700299203783],[420.59216087222705,245.96389289055793],[419.8715434841282,245.69263072925008],[419.692060746672,245.51907907606918],[420.1049498639273,245.5122951821886],[420.5977466653511,245.26812978452946],[418.92360599543815,244.96829818523014],[418.46230666160216,244.92149960250944],[417.28867794355375,244.80135934183136],[416.6132574404487,244.88018800258604],[417.57460616294395,244.65832561516632],[417.8224535893833,244.77095588375568],[418.39491100682835,244.78701101348437],[419.12772313510004,244.80691101062519],[420.2697960302596,244.91831570826648],[421.3646779702217,245.25581180406215],[421.5091614013261,245.30052767511222],[421.81210176506625,244.98747799548778],[421.5387512077228,244.9077086653398],[421.32468435537817,244.84549889494792],[421.70666542830395,244.77633674393132],[421.2388837120926,244.65843898218776],[421.07453973092987,244.39293959399913],[421.3872601120079,244.58951743230406],[421.7506150530545,244.60863100942464],[421.64572421813557,244.22673291862503],[420.445291292749,243.3700007743427],[418.9861283662706,243.40507559773965],[418.0283930807143,243.57884367130612],[419.11386870861577,243.2378649269669],[420.02195147427113,243.1856212313408],[421.1003987531319,243.29095269834],[421.73693788928676,243.86282511452436],[422.0064571588779,243.97241320043526],[422.7439260722409,244.27330284127981],[422.506569969643,244.58735019582502],[422.8120053654317,244.62641707035405],[423.29147773391355,244.30719424008552],[423.82067226815735,244.58329679011584],[423.36554150577484,244.73274953232195],[423.9923835159407,244.87545042112706],[424.111778403131,244.90242613190395],[424.0675755389594,244.78848494779862],[423.8510050005475,244.72613785106813],[424.02479943718913,244.70383548463747],[424.0008286947224,244.5395795725359],[423.79416579524474,244.45841265434012],[423.9579785286247,244.44376330447182],[423.7443646859636,244.11044824826956],[423.6049646268785,244.14966677916775],[423.6556295173011,243.95356770821613],[423.34090976248393,243.438800837627],[423.4477794371089,243.4106160919394],[423.11367701780347,243.17427605332276],[422.90552938273964,243.33381740775417],[422.58250800502975,243.27498618816134],[422.8836977663757,243.00491808251746],[422.5370823622981,242.9112948950184],[421.21092967589914,242.55465439608366],[419.5578856714723,241.9531942882976],[419.322882391651,241.95933910802773],[418.9540672514106,241.43067545009836],[417.3120045073757,240.00154464317544],[417.1559274608986,239.86539672361025],[416.83470697735584,239.06317944271962],[417.3885010410126,237.86159741264674],[416.0266615090437,237.8285351968314],[414.1544504275271,237.39123547722534],[413.2659846250659,237.0089001412423],[409.1696800252517,237.45366028982286],[406.799132832347,237.5826530042833],[403.06769640646564,237.78248628492577],[400.2619670363352,237.828549276618],[397.70522623245023,237.30455390080238],[395.84593664881186,237.01475731975466],[393.76295400559553,236.48588427722814],[392.8050527739258,236.24319800837054],[391.8012937191758,235.83258071476848],[391.3637891694631,236.25026013256797],[390.20754853272473,236.3710965677388],[389.6421470834331,236.43002277762633],[389.286496857795,235.94484492976267],[388.81247924017896,236.26876623334368],[386.6439535454426,235.1356647416522],[383.35640714867964,233.72025058915756],[382.0065960118643,233.06585718355797],[381.670315318377,232.6832326014339],[381.44590090386237,232.79156775663964],[381.43439617550683,232.44091896321896],[380.50558614870795,231.7343915689843],[380.22363656004416,231.25903838993173],[380.17688952572337,231.33001238272774],[378.8921664898881,230.28156371105004],[378.1643033216575,229.80695646935584],[376.5097279222721,228.50211787099818],[375.6111531408954,227.96389372395376],[374.09744766935495,227.32368263120236],[373.18024429327085,226.62669401223707],[372.5755420911645,227.67817448525756],[372.7571992629437,228.09332913833668],[373.0215403833158,228.1053449574303],[373.4351856060198,228.46389484517687],[373.67180887923314,228.87166896988253],[373.3459828311847,229.32470853302385],[373.7048815786715,230.09502252224067],[374.13536809680795,230.4821013361913],[374.69997603465873,230.6870431295136],[375.51259661729296,231.10585980225932],[375.77432773556154,231.7379223948579],[375.8915582233447,232.02155074147998],[376.06877380801967,232.12422901742195],[376.0565285365582,232.57953489690746],[376.45255100340995,233.39850673777994],[376.8090260491798,233.59855691287336],[376.8690579946437,234.19692194659658],[376.55909023616044,234.57640292332053],[376.5965170890876,234.84129544834576],[376.9166156212772,234.8887778481587],[376.78678535272536,235.39761470999431],[377.10454036358965,236.1851469634532],[377.34160675662037,236.15961604170116],[377.56780390195314,235.8270991206202],[377.8283275276545,235.94627287443444],[378.03885769737917,236.49594910163117],[377.9748861964721,236.98741257109054],[378.5362229143299,237.8627703649945],[378.9210601555156,237.99110038445036],[379.1673657490053,237.82169872734943],[379.58497850378524,238.10111819961787],[379.4903918412736,239.20622519132706],[379.80871382115185,239.73086842836585],[380.32370605977934,239.80151262100318],[379.94590326804916,239.9998960640618],[379.582009525531,240.83855166910573]]]]}},{"type":"Feature","properties":{"Level":"ADM1","Shape_Area":18.0050088,"Shape_Leng":27.2111179,"shapeGroup":"USA","shapeID":"USA-ADM1-66186276B94009153","shapeISO":"US-OK","shapeName":"Oklahoma","shapeType":"ADM1"},"geometry":{"type":"MultiPolygon","coordinates":[[[[310.5906119795169,226.80698308874452],[311.9706701127529,227.24297498878997],[314.4710140654207,228.21900542532902],[315.67931375128336,228.58004435499728],[317.8185625564701,229.0808672873935],[319.3459969718792,229.5875107299741],[320.8840517077686,229.8363242004862],[326.8469520678978,229.45922485055266],[328.26549114074044,227.5943560898951],[329.9208249541642,225.44960023499723],[331.4798200536274,223.8670982144355],[333.4411675854227,221.33162426159635],[334.35399006196735,220.2758042911899],[336.4622546321268,218.2056555745608],[337.40199929697224,217.14903424555104],[337.36922055536377,217.04908644216738],[337.30991702902907,217.1345633450841],[337.1994932485916,217.09095939830803],[337.13092419042357,217.23137630618623],[337.096204109578,217.14979718887383],[336.96921234821446,217.3020515017883],[336.7435166991288,217.24890689368533],[336.6579414767834,217.36025574337535],[336.57243662673375,217.3248153507074],[336.40146887125263,217.4401502747722],[336.52814868859093,217.32759145255613],[336.3668851205447,217.3919354774307],[336.35875825646394,217.47248737174624],[336.13497227934204,217.52601270015685],[336.0867595758923,217.63618719926848],[336.1104316287483,217.5123263118498],[335.90817499657345,217.66381115717553],[335.98490818394293,217.54049047849793],[335.47304979170883,217.76361476745103],[335.3534293898149,217.90110722833293],[335.2635324986778,217.86302675453288],[335.0209009900285,218.03717897825754],[334.7636624501613,218.03145375295628],[334.4840817580233,218.18727168718306],[334.5685844995983,218.10441752827512],[334.4024464610847,218.23008784531208],[334.35809474651137,218.18369133852798],[334.2397840089888,218.28051150302176],[333.7707527488261,218.39397068524082],[333.95175113594973,218.1138019141572],[333.7960377870377,218.16916294904883],[333.93568465317355,218.0414057726741],[333.17849124190036,217.96821932460495],[333.0718770099127,218.04834516687885],[333.0324255686472,217.96825536735633],[332.81322808443815,218.15260583634557],[332.6234473023983,218.19393985925794],[332.6559126754581,218.04247337812413],[332.2927539991067,217.94985434092604],[332.42585481910567,217.7591503160083],[332.2525650971285,217.81074740140198],[332.26417885051774,217.69926195972752],[331.7545924204693,217.85534329586056],[331.6311464306567,217.65968101840184],[331.2250503703309,217.60915606292565],[331.4143824672148,217.2948699882284],[331.0013437014641,217.2936681446563],[331.2046462479387,216.9919594091307],[331.11991996367965,216.94998996330924],[330.5752914762455,217.28708718208316],[330.3452476797154,217.25405228288923],[330.105554704381,217.4458221094668],[329.6846050062393,217.55075278379007],[329.7010875992251,217.71097996128515],[329.35121887373214,217.7859433752571],[329.5004531046327,217.52622804208102],[329.3628323216197,217.4049594764034],[328.97898005584125,217.59569977067983],[329.01125604827917,217.47816714558172],[328.4181121718045,217.92098896172072],[328.3398387342537,217.8136649177428],[328.24928472985795,217.89688521722675],[328.46262861312096,217.60923819409467],[328.42571363611233,217.40319150173946],[328.2894336255736,217.484185208073],[328.28792055982166,217.40395045542903],[328.49099769147506,217.3120478320807],[328.39458717488503,217.26761953301798],[328.62163124009544,216.91062150696712],[328.48313890502817,216.89829932760344],[327.9908071891449,217.29644752414316],[328.0456192677509,217.38048956216096],[327.65875264475824,217.681876829643],[327.65984795096404,217.4319178323391],[327.45493549382627,217.540514758188],[327.48317048689756,217.40845328206157],[327.42370783644407,217.50403479173926],[327.46022260609004,217.25165329427705],[327.0946974417181,217.3246159723787],[326.9681017857213,217.5306284001499],[326.7122459123408,217.6363064201548],[326.478504141146,217.55403915001622],[326.3205584178378,217.75091779272154],[325.9211595206399,217.8972425149693],[325.7472601058952,217.27875595105613],[325.36597756743413,217.39186572316407],[325.10051653360824,217.83257784374723],[324.71449328053353,217.8431830295541],[324.27677760505645,218.41102741953873],[324.22297121007205,218.24214257772456],[323.6413070479517,218.34324023653602],[323.6885551167139,218.06803009343253],[323.5655682313008,217.95736582436803],[323.05305912436086,218.30883973293658],[322.75107243095823,218.14983594773994],[321.94309192804855,218.48258787472173],[321.8686319155919,218.38697536780137],[321.4688787864565,218.42777987033605],[320.84285983520556,219.13139837062354],[320.6860430187344,219.14411169682285],[320.4204749432065,219.3175644620175],[320.5551378200841,218.99629847710568],[320.0228271710348,219.14133413515165],[320.07223028132944,218.98073100122897],[319.82892337826695,218.98381136823238],[318.7523156153235,219.71911355804718],[318.66413958968093,219.64184973232628],[315.6854276425799,225.65603946035702],[315.45135195343533,226.57611516821913],[311.2640066948483,225.1816407826533],[310.5906119795169,226.80698308874452]]]]}},{"type":"Feature","properties":{"Level":"ADM1","Shape_Area":10.6857842,"Shape_Leng":33.6140678,"shapeGroup":"USA","shapeID":"USA-ADM1-66186276B80854263","shapeISO":"US-VA","shapeName":"Virginia","shapeType":"ADM1"},"geometry":{"type":"MultiPolygon","coordinates":[[[[415.16623030751464,252.61934024578125],[415.4394444733915,252.70482559911477],[415.3218949341878,252.6042557565776],[415.16623030751464,252.61934024578125]]],[[[417.8764498510469,254.06344453141145],[417.94731612825194,254.19571740804759],[418.7064704809869,254.5752519098142],[419.68179581077607,255.06244629941364],[420.4115387410194,255.37193946412074],[421.389115823996,255.89704684966935],[421.2051509831523,255.0648744432914],[421.0197402066637,254.84523479061306],[420.8326962444143,254.88527132769715],[421.1104168404271,255.0798856194465],[420.494968596125,254.84185568006896],[419.94816657270275,253.9922189538607],[420.3890042830659,253.60591355221533],[420.0739210093486,253.15411085271106],[420.30934277455367,253.23106053825967],[419.95592560930424,252.57919786707572],[420.0642927863641,252.28617657219576],[419.73849725409593,251.98693836175136],[419.64252548082374,251.89907563744669],[418.9803970936859,251.68580597327568],[419.33879758067553,251.70717877052977],[418.9350301217265,251.5979887321987],[417.61180007719577,251.7925649792677],[417.1350660673155,252.62275276738208],[417.46995132890714,252.69267454437875],[417.18250926580447,252.72771750221753],[417.6344841120182,253.23620589306142],[417.19101949470047,253.1867418022605],[417.43824173676757,253.27396969233448],[418.13880433859237,253.5206659531489],[418.0207580875085,253.6602758618894],[418.26593727033094,253.69905177551084],[418.02903360052903,253.81485950026266],[417.2865061979648,253.6286979448271],[418.09648273403434,254.02850684012907],[417.8764498510469,254.06344453141145]]],[[[413.94323200387157,252.70482816587926],[414.4418261287894,252.83257176076637],[414.19027863328574,252.73058829956477],[413.94323200387157,252.70482816587926]]],[[[421.47356978797075,250.5619100261984],[420.34853756543635,250.1497985329625],[419.9996521529665,250.0549533086099],[418.37323131713674,249.61609887355706],[416.0043154761767,248.97059206188135],[415.5710397193215,248.85327569739582],[414.0957990159826,248.45160504760992],[413.40028978084416,248.17300432915582],[413.0122374112197,247.98182200034768],[411.68406589582446,247.3308059330682],[410.50985346274,246.75641618767312],[407.03662104570486,245.9634124600795],[406.5541254574592,245.73433486351843],[405.3826631781525,245.0143904038987],[404.3978395016916,244.76892064089762],[403.4023035148117,244.5988826314662],[400.46744915445737,244.09320951335775],[400.0135227080586,243.97134880593882],[398.03938814387413,243.44254630669525],[396.651444775541,243.34892528822786],[394.9173199319664,243.23115487529532],[392.0163531180933,243.14641376788694],[391.82608793905223,243.14101950347035],[389.46411133493586,243.24943797652998],[388.801166821111,243.19735272240808],[385.821833267118,242.96121345327674],[384.421473855701,242.64714869965644],[384.01998365285084,242.50625696912093],[382.2860850397221,241.9008119773831],[379.582009525531,240.83855166910573],[379.6594337628668,240.97950022411848],[378.2882586570349,240.4070363771401],[378.3060029618925,240.30630139086335],[377.7851857162114,239.9835802310637],[374.0670022400185,237.68128529160148],[370.76538726831325,235.36178240574296],[371.0736497300247,236.0023454027523],[371.46148093195717,236.2770692019716],[372.3859612197565,237.43307538510544],[372.2673117083695,237.88019250869382],[372.9420151769272,238.392493475898],[372.98787767411864,238.65505449490382],[372.7793667256757,238.7755641600419],[373.19647345556723,239.36125340527914],[372.9463714524371,239.55250968878028],[373.3081329700972,239.98744390982742],[374.19729148114834,241.05733260334267],[374.8668423628697,242.31163363743988],[375.26900743352763,242.91169932912658],[375.54641408720846,242.95157519525645],[375.3731632162059,242.64960973479197],[375.72425473082706,242.72757723568327],[375.8778988753426,242.5757833554547],[376.563659992264,242.52958960169605],[377.05929898460556,242.72078663170277],[377.69405209075677,242.731595654474],[378.29827330178915,243.06309830278155],[378.7939923631799,243.5722477685735],[378.859317534537,243.82989830024985],[379.83382976098767,243.802047281128],[380.750732550776,244.38521041576985],[381.02048911278064,244.7376291180348],[380.77945353932193,244.76783890481562],[380.7222311075092,244.9162124215187],[381.20334747583274,244.9360006882457],[381.69194770942886,245.59928612965615],[382.00395144583416,245.48804800119782],[382.23843358174327,245.95106432561454],[382.0788687655579,245.9111957888435],[381.98948810900254,245.98273548801336],[382.1116670659794,246.24542512883653],[381.6577085148122,246.33204537712567],[381.5698753196588,246.9847296740084],[381.7059650040852,247.4023185458951],[381.6259929571489,247.7795924008724],[381.454882171138,247.98224083337976],[381.5908992590714,248.33989159774842],[381.44010983503733,248.44282266980778],[381.5391772659037,248.7676589107922],[381.30646297256,249.33976955362664],[381.1151870971586,249.81059517413706],[381.5288646543091,249.8062170387021],[381.97120079849617,249.48754896961924],[382.5305665840075,249.5472370908546],[382.54018724092293,250.05831148957907],[382.24986919834924,250.93136862333023],[382.3196847878122,250.96987582793395],[382.0573403311718,251.6117235720943],[382.09046780982356,252.09533144274178],[382.5558813808966,251.77044033401006],[382.6081140959912,253.03478636936174],[382.66467412728514,252.84414120684434],[382.7412047533434,253.57198907350264],[382.8350758368705,253.4600394258629],[382.8259353164303,254.0008034297201],[382.7409106178909,254.06179808410235],[382.810352264231,255.50195886804124],[382.65570599674885,255.66968137422867],[382.53119827101017,257.23344770542184],[382.46940864930576,257.23903024420184],[382.4124413421965,258.3345149137614],[382.68461422343063,257.8948301415025],[384.34034537501833,256.51692114369854],[384.3021957010118,258.64921419415293],[384.7546685090528,259.0517633215778],[385.27516602742895,258.80170144083104],[385.16207652164235,257.68371829524744],[385.27045368476774,257.4892297660281],[385.52059072265683,257.31567631454664],[385.6636946540983,257.1323555561176],[386.4071971266005,257.3840775450641],[387.1314083511806,257.9082674693775],[387.28283231758655,257.62467509966785],[387.7056756003206,256.83504223881266],[388.15464097934057,256.9964120647841],[388.48886037995453,257.25641889498013],[389.49234374302006,256.7129731571332],[389.69118555865236,256.5035974384343],[390.3617870895802,255.99526597402576],[390.44510675343685,255.93184803240348],[390.9986392470988,255.37455383423088],[391.2305572449289,255.22985947392002],[392.0217498605921,254.99316349896097],[392.67673649974813,254.7963263082449],[393.3206184633599,254.47739734173337],[394.3490980733919,253.76251455980884],[394.81345266072935,253.5802508701818],[395.67065278659356,253.24497194796376],[397.14367325862116,252.75554401395806],[397.6519326298317,252.72067011234788],[397.99016599618244,252.6972073616186],[399.0135442512834,251.76635316441588],[399.77799906135596,251.37800687142203],[400.01456574922855,251.23382110269404],[400.622737530908,250.86384677714403],[400.8219420345236,250.5324410293784],[399.80383141848245,249.9941095159732],[398.7916920904219,249.58819635284166],[398.09667995826567,249.3879315167079],[398.88252771890564,249.29744943659813],[396.76388206405534,248.86917653270154],[396.4334626200809,249.00282355590977],[395.7654306701367,248.96513191616592],[394.7929088548759,249.04685588857603],[395.35001393396766,248.80305866245766],[396.2931139204295,248.16301978159163],[398.73564539571566,247.97937534314875],[399.56109596936403,248.17959040266874],[401.02038962341555,248.75763796104297],[402.492352939316,249.45721555851716],[402.99982195759907,249.74894366640996],[403.75620874963954,249.9900167173985],[403.15216845531904,249.56012194531147],[403.8837265351774,249.93463444856874],[404.368934643452,250.07578390002118],[404.81690299968983,250.05512005298328],[406.3524148091507,250.67138266882392],[406.87930770230787,251.05413565779602],[407.2039614123797,251.14496518147985],[407.3117230854918,251.33076235359962],[408.06230717109486,251.46432550773685],[407.90069460712226,251.51730857792214],[408.1999592559255,251.6625455467989],[409.27534893207473,251.76471042561286],[409.5175884254726,251.74437410139015],[409.39878471466716,251.60148851408326],[412.5884451402619,252.14532423952403],[412.7515788852719,251.99028746031362],[412.3367598695365,251.80827129487983],[413.0839407909187,251.5291399981794],[412.850758680979,251.42612338494405],[413.28992530593405,251.36100483962716],[413.6741319623428,251.44230877439054],[413.0248301038311,251.26406671025472],[411.8061484650085,251.07646644968716],[411.6798847863194,251.11116619302183],[411.6042245468221,250.94000750388517],[410.93196480534937,250.9119427727972],[410.29579604189706,250.88516005776052],[408.9901635131014,250.58814945036184],[408.0115300691382,250.49723932441],[407.5259797914343,250.45236463761876],[407.0942775953551,250.3404109017962],[406.2682619325044,249.997924689221],[407.08217274419377,250.26471525069508],[408.01155926290255,250.3728445607229],[408.9710009954708,250.48493031232232],[410.12247404911113,250.7510138554663],[410.8154552140819,250.7950450636364],[411.5552416777224,250.8417932529433],[412.45413823127524,251.09890908167966],[412.74656435430927,251.09681993947004],[413.65417512652334,251.2841657611381],[413.81155505288154,251.31676809208088],[413.4412296711106,251.15557279974172],[413.9484034348284,251.1645988829363],[414.1633275778332,251.27687019522693],[414.4180358556563,251.267028867076],[414.1168124336084,251.2177735592245],[414.3827401698368,251.23716869539209],[414.684731705068,251.25877416516664],[415.104250225477,251.05944336985226],[414.5014747645343,250.99897070142498],[413.5522325261372,250.9024028759621],[413.7205371567493,250.83136918541325],[413.2932814933988,250.7633847232196],[413.909446239887,250.79503876702938],[413.7334551241404,250.7080418910388],[414.57034115044945,250.82749186693079],[413.44661532262876,250.45453372430555],[414.40732422446143,250.66291939653317],[414.53462102262324,250.5392280943356],[414.7068747112486,250.586910043005],[414.9711884598876,250.6596759065834],[416.0038738513286,250.7296337229352],[416.1623361516024,250.7406418302876],[416.2365216161502,250.52701668497758],[416.00393466944416,250.4873882979001],[415.83366401623095,250.45867105773243],[415.4148250230652,250.20944930854574],[414.90482364132015,250.1897971529402],[413.74199183905915,250.1433951862777],[412.97582439094543,249.97769919103484],[412.98048172155876,250.0685243153361],[412.3961017355482,250.0352587331889],[411.64170328501734,249.6812665883615],[411.2108383351681,249.63704699242783],[410.34517298787085,249.34608833343455],[410.02348858380043,249.15062705725228],[410.5859616022741,249.2843538177097],[411.2478681642018,249.57293883236122],[412.14784682368315,249.74014484226052],[412.19259369802967,249.89655025545215],[412.99937624478355,249.74487644544263],[413.6247997561461,249.93535940230703],[413.7924467506718,249.90714170708986],[414.7444723343369,250.03267423185594],[415.0351480732179,249.8901566107874],[415.91839767398153,250.1491953300196],[415.82658114438823,250.2019227851998],[416.0040022027632,250.2183954586646],[416.6359621872497,250.2781597594557],[416.203738404129,250.4151101154851],[417.3731750657404,250.61813195981597],[418.71145417140497,250.84728927384083],[419.47095074890456,251.15919663062175],[420.00008286663194,251.0007670225797],[421.47356978797075,250.5619100261984]]]]}},{"type":"Feature","properties":{"Level":"ADM1","Shape_Area":6.493883,"Shape_Leng":20.1969884,"shapeGroup":"USA","shapeID":"USA-ADM1-66186276B27950674","shapeISO":"US-WV","shapeName":"West Virginia","shapeType":"ADM1"},"geometry":{"type":"MultiPolygon","coordinates":[[[[384.3021957010118,258.64921419415293],[384.34034537501833,256.51692114369854],[382.68461422343063,257.8948301415025],[382.4124413421965,258.3345149137614],[382.46940864930576,257.23903024420184],[382.53119827101017,257.23344770542184],[382.65570599674885,255.66968137422867],[382.810352264231,255.50195886804124],[382.7409106178909,254.06179808410235],[382.8259353164303,254.0008034297201],[382.8350758368705,253.4600394258629],[382.7412047533434,253.57198907350264],[382.66467412728514,252.84414120684434],[382.6081140959912,253.03478636936174],[382.5558813808966,251.77044033401006],[382.09046780982356,252.09533144274178],[382.0573403311718,251.6117235720943],[382.3196847878122,250.96987582793395],[382.24986919834924,250.93136862333023],[382.54018724092293,250.05831148957907],[382.5305665840075,249.5472370908546],[381.97120079849617,249.48754896961924],[381.5288646543091,249.8062170387021],[381.1151870971586,249.81059517413706],[381.30646297256,249.33976955362664],[381.5391772659037,248.7676589107922],[381.44010983503733,248.44282266980778],[381.5908992590714,248.33989159774842],[381.454882171138,247.98224083337976],[381.6259929571489,247.7795924008724],[381.7059650040852,247.4023185458951],[381.5698753196588,246.9847296740084],[381.6577085148122,246.33204537712567],[382.1116670659794,246.24542512883653],[381.98948810900254,245.98273548801336],[382.0788687655579,245.9111957888435],[382.23843358174327,245.95106432561454],[382.00395144583416,245.48804800119782],[381.69194770942886,245.59928612965615],[381.20334747583274,244.9360006882457],[380.7222311075092,244.9162124215187],[380.77945353932193,244.76783890481562],[381.02048911278064,244.7376291180348],[380.750732550776,244.38521041576985],[379.83382976098767,243.802047281128],[378.859317534537,243.82989830024985],[378.7939923631799,243.5722477685735],[378.29827330178915,243.06309830278155],[377.69405209075677,242.731595654474],[377.05929898460556,242.72078663170277],[376.563659992264,242.52958960169605],[375.8778988753426,242.5757833554547],[375.72425473082706,242.72757723568327],[375.3731632162059,242.64960973479197],[375.54641408720846,242.95157519525645],[375.26900743352763,242.91169932912658],[374.35974453118126,242.47518347118597],[374.2334134609241,242.57295094488106],[373.7597832475211,242.51347396076932],[373.7058523654306,242.39654622392493],[373.14648969885053,242.25602065561895],[372.9917770496667,242.29923568347363],[372.87517623587235,242.49763566672297],[372.54919798184545,242.6376732467185],[372.34701016129736,242.8293967454197],[371.9876525844191,242.812353413946],[372.0476163878109,243.0751727464277],[371.8285120188676,243.02113943456314],[371.1038966293305,243.31173721071085],[371.2277934143559,243.4043486990006],[371.1557440264452,243.67739073874657],[371.2408361073501,243.72001718563328],[370.9824164248797,244.30909891658723],[371.0892927391563,244.29844555426394],[372.0616900906108,244.95886692469315],[372.21190889627763,245.72456954464292],[372.5821908230405,245.90611754160386],[372.5411187768915,246.42030618301686],[372.32478492528213,246.68553605731086],[372.62470704366024,247.07747235844107],[372.59732362995777,247.3346512436128],[373.0399026852597,248.28990157418957],[373.4346345811251,248.19031357229392],[373.62407744810395,247.94698341993308],[373.5268277423257,247.75569878329713],[373.7058393050082,247.7509514314163],[373.9469337705409,248.24882344442761],[374.22506758501913,248.33223785575132],[373.74592358823736,249.14815574807977],[373.9913572633492,249.43692311175263],[373.77069844221273,250.0192605395704],[373.9028190579057,251.02011269990413],[374.35111768100785,251.21087724710634],[374.2344190346355,251.77905338884392],[374.49720309645954,252.54092607302798],[375.0020529757445,252.21008976594538],[375.1623019026615,252.4147225399755],[375.5152405274869,252.8660273910418],[376.07908432040574,255.1087161802751],[376.2779568073621,255.26222971321704],[376.2530797076955,255.98773683266302],[375.96049697951895,256.4003574386029],[375.8617792666878,257.3475247920711],[375.50401576501184,257.767216749269],[375.6972112743055,257.78399701664915],[374.74214958964086,259.33510438581516],[373.7183265707763,261.8238972717344],[373.26130852498267,262.467561873446],[372.9956733033144,263.30763443493817],[372.3195119957437,264.0478299380336],[372.240689581697,264.4938042526531],[372.46815903948215,264.883167525841],[373.991369880203,261.85659181022777],[375.4650491674269,259.72118752368397],[376.46400136462154,258.2740307948742],[377.24850407567027,256.5872248081887],[378.07042387710334,257.19695876560417],[379.47267959258033,258.49957069485663],[379.6198254780851,258.0795727884591],[380.18582346518707,255.82710876580683],[380.5200258875306,254.1363324174575],[380.7771158131018,255.3500035601369],[380.87189219922857,256.1396139788045],[380.80832888288506,257.0148709808979],[381.15693125750954,256.93241803906983],[381.2569393815502,258.3779409811996],[381.2413313578107,259.11051144928007],[381.4177714887011,259.02639692696096],[381.345444316157,258.8171396478699],[381.69244607869723,258.41319571108653],[382.10369406841744,258.58727590279284],[382.16192867604343,259.10066655367183],[382.0668480742082,259.3178256229679],[382.19139519040573,259.46559791844743],[382.0540199321626,259.6596471455034],[382.19997148554864,259.73238887721226],[382.1597877105538,260.02083682095076],[382.4083999383299,260.016543438894],[382.3739845811615,260.8883655608956],[382.67800080976076,260.8446769590754],[383.0100970327176,260.4096229333869],[383.23223092677335,260.4511777122266],[383.1780573653856,260.7842769052987],[383.5035639193264,260.90967123072073],[383.547811740493,260.603623244487],[383.4452400073077,260.2447169657992],[383.56251758921127,259.9577377777074],[383.6454398986737,260.19745622234313],[383.6327199459778,259.85346971935246],[383.8676632608131,259.9889731977703],[383.8643749190421,259.41129165196975],[384.0493346973267,259.4380973119472],[384.18879055860407,258.63759991637096],[384.3021957010118,258.64921419415293]]]]}},{"type":"Feature","properties":{"Level":"ADM1","Shape_Area":11.5442143,"Shape_Leng":38.8045848,"shapeGroup":"USA","shapeID":"USA-ADM1-66186276B70819959","shapeISO":"US-LA","shapeName":"Louisiana","shapeType":"ADM1"},"geometry":{"type":"MultiPolygon","coordinates":[[[[369.87008948190226,202.8452561162636],[370.39415368194415,202.26886420785365],[370.67129738205654,201.69003127363183],[370.73633051194895,201.35443741659617],[370.5143611487938,201.97684187309414],[369.87008948190226,202.8452561162636]]],[[[368.28010594063613,202.71320631908893],[368.4736372093836,203.18889086894987],[368.48722481738605,202.96782653428346],[368.8855594463078,202.69731211169318],[368.80116477836646,202.5983936691771],[368.9160549865466,202.46895294757115],[368.82612161378574,202.45248603467326],[368.56966642572854,202.7544525745522],[368.38038068613383,202.58925055398117],[368.28010594063613,202.71320631908893]]],[[[367.736272232193,203.06846158279842],[367.7874208143093,203.1215675714727],[367.7938331102603,203.03939100671974],[367.736272232193,203.06846158279842]]],[[[368.881726360858,200.02208500141666],[369.05538490071876,200.08568777642293],[369.0548180860184,199.90077532970696],[368.881726360858,200.02208500141666]]],[[[368.5986583024572,198.89196660820994],[368.68172157249893,198.92417728152233],[368.74832316107853,198.88351674596873],[368.5986583024572,198.89196660820994]]],[[[368.3025549590243,198.8817420816153],[368.38112897838727,198.84241647774985],[368.34613622149965,198.8254293658328],[368.3025549590243,198.8817420816153]]],[[[367.5907998267845,197.7434588535807],[367.6565205254276,197.82846768032155],[367.6600413462026,197.7800566871423],[367.5907998267845,197.7434588535807]]],[[[367.0540884508088,197.59717840405813],[367.5358495632835,197.5006378275991],[367.5128755357037,197.45767542341696],[367.0540884508088,197.59717840405813]]],[[[366.50343286535906,197.30208883137095],[366.6053200699771,197.4016117106773],[366.7661231759619,197.42243293113887],[366.50343286535906,197.30208883137095]]],[[[366.1505401187984,197.28617692685964],[366.293412777855,197.31465330221226],[366.28388725238386,197.24902759228326],[366.1505401187984,197.28617692685964]]],[[[360.99241876183487,198.91550340251376],[361.25061486361164,199.27836341531756],[362.0822143059758,199.06648320900456],[362.1049802616194,198.671854434063],[361.8788622236025,198.56809863158355],[360.99241876183487,198.91550340251376]]],[[[351.80870374697236,214.50523662022937],[352.02212918424533,214.22733262775736],[352.3780657601513,214.10455660392626],[352.0577980256984,214.41791561817112],[352.1651018215219,214.4347849085729],[352.73265989782783,214.06968997435274],[352.6969411674239,213.88083138840142],[353.0927272809686,213.51075152454325],[353.5874985070118,213.43682018402103],[353.65100912833856,213.12547516606668],[354.004392853545,212.93765606096315],[354.1368095766975,213.03326290455038],[354.0474056252625,213.17351595039247],[354.22192079808804,213.096781287436],[354.25194983030065,212.8509955206893],[354.8059887821362,212.66770388115745],[354.66407199470143,212.63608380675052],[354.23959006220423,212.82236405788038],[354.4437322457269,212.5902396318006],[354.9244558591338,212.43572930164518],[354.96956134288143,212.5085340742563],[355.1799654332983,212.40877453003367],[355.36370346910036,212.15890333750974],[355.68049255703914,212.1276761301012],[355.66720088677107,212.25842825919273],[355.7673269436574,211.9110801245415],[355.64501131330144,211.9395727146216],[356.00087455565824,211.56775708101978],[355.65507417926256,211.73277402814685],[355.4312519749782,211.5301852570683],[355.69427322431295,211.30102753776617],[356.085870498303,211.3061815981284],[355.8402381259311,211.5071630155445],[356.0963620627544,211.45728122681066],[356.2890934647338,211.02853040548854],[355.95454596203297,211.07987247023408],[356.424523145961,210.9056923314369],[356.292800386191,210.67488382433294],[356.47770452916507,210.51765991442662],[356.443251558603,210.24279682583273],[356.5903807342277,210.16159168340874],[356.53466442734947,210.08521878176361],[356.3403857131819,210.26505955755005],[356.2402622695989,210.18248428480848],[356.4640673730929,209.84819990000972],[356.76119027963625,209.8961410990299],[356.7995886709923,209.79813947274755],[356.5137156005209,209.7888375326691],[356.5508518067303,209.60929946909403],[356.85971911902027,209.21795701925964],[356.4665485348675,209.29911772824704],[356.52677656819355,209.14543391960132],[356.73899731136197,209.04518908815646],[356.96266261827816,209.0921200723178],[357.0247527394763,209.00785562125412],[356.8247647569619,208.815360144394],[357.49167676312226,208.08020393801257],[357.32870364008045,208.11503914640184],[357.06171223069407,208.37255534044667],[357.17834180756336,208.11268743892043],[357.2312763539689,208.14195834037966],[357.6636631736898,207.65256631105137],[357.32544928625805,207.5796574763093],[357.36246857661047,207.45872810175584],[357.7670201568907,207.18626350511755],[357.8573301964778,206.89082651804762],[358.269716127281,206.627527900814],[358.20891827483564,206.3463589716807],[359.264959325869,206.49153902692058],[361.8885735953015,206.8529895056658],[363.7198791245711,206.95441075217542],[363.8664567204754,206.8100378719887],[364.10471987181114,206.25193249425755],[364.5595809211301,205.41521686690675],[365.39324377961964,204.76851436980363],[365.9153546522179,204.51837817427446],[366.61254138205936,203.90139286731517],[366.6238583296697,203.78399728935278],[367.20446482738396,203.25452003378643],[367.34662217824626,203.27216043659456],[367.09851825155494,203.1201422478939],[367.0381014635335,202.5333018253638],[367.15454125811414,202.41127730964993],[366.7856649850917,202.46569972824557],[366.77246835889474,202.23529997692208],[366.9945670545209,201.94764911703936],[367.38395965230546,201.98478989777976],[367.3258799704986,201.8906561910808],[367.6175251086305,201.6244232389862],[367.95420681327954,201.6767955031942],[367.69481354772097,202.26099914701203],[367.8495402180931,202.54157126901623],[367.75189007553195,202.71267507766518],[368.0614938136581,202.5472951061173],[368.1968274755235,202.63812800105168],[368.2259889545122,202.43016854715736],[368.0773501888943,202.5217016790657],[368.0739282007858,202.3511976545998],[368.38468982637227,202.19515972836663],[368.71302005532556,201.8305999524531],[368.7048086752891,202.3800185793871],[368.9378775590269,202.2818165195363],[368.987507385661,202.08862083478095],[368.7951681875218,201.7972216444416],[369.0904031695352,201.84386861598975],[369.1156858849675,201.64672199822894],[368.9738901937518,201.65025992328992],[369.01903799096624,201.4914324583881],[368.953978032157,201.59441625219466],[368.78060108655495,201.5550407144829],[368.98805420461844,201.35788821506918],[369.2078519637438,201.38104231278794],[369.28486418592604,201.16555058209235],[368.8898747234838,201.29055795877989],[369.00520934051326,200.9092773014914],[369.24552864513896,200.7635955052387],[369.070586594804,200.83911293308387],[369.16314340922247,200.6392466846147],[369.07095192365955,200.60937739558992],[368.7996207031574,200.93115671020885],[368.64689448053576,200.95322379605437],[368.95796518519114,200.54401549542933],[368.43058372923383,200.53748816298238],[368.82175792351046,200.24625165332807],[368.4463407996649,200.4396082497966],[368.7101431368449,200.20653541292842],[368.60390455541136,200.13961016851698],[369.07565370993325,199.8145512121504],[369.1960137590488,199.84512813703896],[369.643013446003,199.4158054226958],[369.5172142908897,199.38182012291145],[370.31462767082263,199.38091773632306],[370.32277246999706,199.30454384282143],[370.45734205151325,199.29661965448983],[370.37310242229825,199.4188837758383],[370.87705016766984,199.05219628642521],[370.87468661469217,199.2446772141263],[371.4306125654196,198.84479620093683],[371.55860374638456,198.60981045469532],[371.8399417146448,198.69324399034204],[372.0235029590516,198.49319955054304],[371.71784449156667,198.41890575730102],[372.0316761056267,198.32403963815204],[372.0736948125219,198.1081081756093],[371.8731574461241,198.21845981350364],[371.9563203391705,198.01369805895627],[371.86368741806075,197.98903178721184],[372.1115494424673,197.6160932313367],[371.7386851878193,197.76324311276807],[371.50797965278866,198.02192292471233],[371.35751762660817,197.25345779513236],[371.22552634304964,198.2603678388765],[370.98974814931256,198.5436211054914],[370.90302189335557,198.5488276069779],[371.00815810630155,198.1995248310942],[370.8609827812717,198.15570179610944],[370.3120240512916,198.5581400642418],[369.7845971429093,198.6994358388639],[369.562885952767,198.86225213057583],[368.7906883656093,198.92455535665374],[368.7431748371344,199.10344919177857],[368.94034679132847,198.9889590432698],[369.28526427919144,199.26557268224022],[369.4535051374247,199.13076578059895],[369.5183574191873,199.1855588187809],[369.1717999194306,199.4255472870787],[368.8374133998433,199.28849833118198],[368.4852337295215,199.41410716431034],[368.4654758626062,199.6085050775715],[368.27589790566753,199.63872770984761],[368.31004235322183,199.46090628969202],[367.89538777114586,199.49676624777138],[368.02351552894527,199.41543137030374],[367.96356923065997,199.08508875736348],[368.11072757026943,199.11348671575516],[368.247067362068,198.97978398511512],[368.1003029510424,199.01245884975145],[368.25222595503647,198.67734695755996],[368.0634412536861,198.7303948718221],[368.0422433024161,198.5709694414498],[368.4461237688779,198.31183746018039],[368.58812031218486,198.6196802793815],[368.1690664690306,197.6826587102109],[368.0547283438404,197.71920323991785],[367.7174810248178,198.203004811456],[367.10560813125824,198.67962271983765],[367.13264444441035,198.35713148779922],[366.94890326750294,198.68772383331128],[366.6970534894801,198.86295277480895],[366.7291552434229,198.57685595303187],[366.49917374024045,198.52071852128773],[366.3501163615069,198.64382950945406],[366.4819632258786,198.32094577445204],[366.58804162762306,198.29235942194484],[366.4354656810083,198.2646966678399],[366.50486646369086,197.9453971709318],[366.4201039984154,197.94036483224025],[366.4650219095084,197.65203772640854],[366.3785039833398,197.7359961051534],[366.2523417283337,197.4943154168631],[366.31628527182585,197.37230225622625],[366.1556824422597,197.37505767550846],[365.53953548538243,197.83140453629116],[365.40326435063656,197.74668650580278],[365.22182586814597,197.8853970877496],[365.20613504237554,197.74541831155415],[364.2895966405782,197.92472161590834],[364.003232395728,198.13298818967397],[364.1539193235611,198.46881480754],[364.44782419071595,198.21003617563213],[364.4841639139453,198.32005359597767],[364.70635039828267,197.9323082991691],[364.8419922276677,198.03555010565344],[364.56700970191366,198.41885190294525],[364.1376765331968,198.61907803412916],[364.0420387257458,198.79557430729727],[363.78109149953775,198.51850103743305],[363.70240982250436,198.68262301627686],[363.6442088998784,198.6516409316278],[363.57244840267987,198.94676036803136],[363.38262943652785,199.06156042664736],[363.16107869110004,198.79554215262556],[362.9405394161525,199.00988653438094],[362.7492456516232,198.9919556704751],[362.4152706514608,199.47451180320942],[362.1102802112454,199.41340394462952],[361.8684870354834,199.94017561570718],[361.47772420182383,199.9229632956493],[361.10548523888673,199.67671115695563],[361.1383195842843,199.75766007033133],[361.0159326132104,199.83303750702848],[361.08802553006336,200.03059431899825],[360.93878097978734,200.26851964076022],[360.463407149925,200.21831743033366],[360.52167613209576,200.0488600177236],[360.21400768204785,199.53342815713367],[360.11382028279047,199.78017326267545],[359.9092459867105,199.68355228399608],[360.1776509121381,199.44225664085684],[360.40021236467123,199.4697655460485],[360.39620781270196,199.2758828643375],[360.64533985554164,199.04410438646588],[360.9033425815657,199.1132260594947],[360.7973344030575,199.0045160352047],[360.9316850486822,198.94323546857254],[360.58162198457313,198.89627883866459],[360.141648555983,198.54519824281977],[358.95542323292443,198.6745320532864],[357.3288438515367,199.17072166176214],[356.24036811346434,199.33398924486394],[355.6039300132716,199.17515329222354],[354.6853498522907,198.94621742427424],[354.4804018636913,198.6918707716928],[353.7899184644949,199.24469036995274],[353.86809610058174,199.4988060068395],[353.72647867728347,200.1703653310416],[353.8370346212681,200.5881272965574],[353.64746369131666,200.76379515901567],[353.13365799167855,201.73857004020002],[352.9462797973421,201.7830312401539],[352.62743162713656,202.18429741299155],[352.69816213030316,202.44387161043392],[352.15385321349424,203.07579613306353],[352.2729783671399,203.20694807626992],[352.10629431431755,203.427945136733],[352.11911003263583,203.86665352658832],[351.9833500076627,204.02201715212783],[352.02476267108,204.3023957566411],[351.70025560132154,204.6684747284288],[351.6164684610739,205.05059084092082],[351.4270220120637,205.08377444915112],[351.28410258589537,205.30009552778603],[351.46250101033473,205.41048343125402],[351.04356162509333,205.73109320742418],[350.7933917943756,206.14973587725197],[350.6448746286552,206.023746210139],[350.1186031177908,206.5165765803196],[349.7585381525464,206.62573659604016],[349.67603666340773,206.9967062816924],[349.59725873824164,206.95351994539317],[349.2105653630778,207.32364773978517],[348.8614080154665,207.47110694860663],[348.8388097805682,207.71538945804218],[348.5225203621102,207.758597501563],[347.9843289356524,208.12081867636815],[347.73585344136245,208.62837628030826],[347.3848013272472,208.83294382062962],[347.31865429024543,208.95963023509438],[346.4484682818566,209.55782581541416],[346.3867509695111,209.51657133504006],[345.44046822297247,210.0105314049751],[344.53344323458566,210.92839015983157],[341.14395983147034,214.70700517447258],[343.33005258713865,214.91582252252556],[346.9543945717808,214.68104714886735],[351.80870374697236,214.50523662022937]]]]}},{"type":"Feature","properties":{"Level":"ADM1","Shape_Area":17.0547778,"Shape_Leng":58.0994819,"shapeGroup":"USA","shapeID":"USA-ADM1-66186276B44610526","shapeISO":"US-MI","shapeName":"Michigan","shapeType":"ADM1"},"geometry":{"type":"MultiPolygon","coordinates":[[[[343.50209566068736,285.9437877204514],[343.582079365483,286.0806401667998],[343.5696049803,285.9273991781175],[343.50209566068736,285.9437877204514]]],[[[343.4746739296598,285.2322262509047],[343.4152983764619,285.59595345607704],[343.62035308756526,285.5209221739116],[343.60119275965883,285.8551200642384],[343.7337584281893,286.14547051962455],[343.6542599536738,286.3584773636366],[343.48266591886676,286.3531787039517],[343.81859045950347,286.7484933259885],[344.160530047473,286.5180289738296],[344.35090419246103,286.60534880350656],[344.4279397421931,286.18083560078816],[344.1595208633953,285.83126118529947],[344.08266314602065,285.96566728357925],[344.0167391443374,285.67685970824505],[343.8102026041359,285.54230973867914],[343.80664919974555,285.3452474678095],[343.4746739296598,285.2322262509047]]],[[[342.86706527136226,285.36405447042534],[342.8940103681614,285.4326150512973],[342.97703659147294,285.3952511901847],[342.86706527136226,285.36405447042534]]],[[[341.3701680770706,282.9942234030432],[341.4219860267333,283.0676063142202],[341.4420946232174,282.9896483769163],[341.3701680770706,282.9942234030432]]],[[[341.70075327078825,282.2629793170356],[342.5464402383011,282.7913056939291],[342.4635500449468,282.35581695792456],[342.1643126444337,282.18445045298057],[341.70075327078825,282.2629793170356]]],[[[341.15992205037134,282.8585107554146],[341.2770311813962,282.9342070230719],[341.2331933861388,282.80678846902447],[341.15992205037134,282.8585107554146]]],[[[341.3870303568613,282.3081158448632],[341.35163833683384,282.4309621838466],[341.5702725960549,282.411084294086],[341.3870303568613,282.3081158448632]]],[[[340.279844403816,280.48155205764857],[340.39248482024277,280.6538068271737],[340.3856143337833,280.58992817489985],[340.279844403816,280.48155205764857]]],[[[339.3526072699531,279.35712565651306],[339.45660608383173,279.7447756778467],[339.50228898775237,279.47268822250817],[339.3526072699531,279.35712565651306]]],[[[339.03649277734604,279.071634161455],[339.0360390333848,279.2588534351156],[339.28701424315204,279.2420536095181],[339.03649277734604,279.071634161455]]],[[[339.0946252333951,277.83478864746394],[339.01685500883144,278.75819903887094],[339.22230224887585,278.9478474352557],[339.470219837352,278.324462198725],[339.3337741056281,277.92710254292626],[339.0946252333951,277.83478864746394]]],[[[338.6868838403161,278.2134954037454],[338.8190584272461,278.3672038609789],[338.7553196471245,278.03746832819616],[338.6868838403161,278.2134954037454]]],[[[338.7924643197988,276.76471492490754],[338.84918553714976,276.8229783521814],[338.88769365010955,276.70667506541736],[338.7924643197988,276.76471492490754]]],[[[338.4383733002598,276.27802036425686],[338.68284598899345,276.3322226104114],[338.72064583219196,276.1767219598834],[338.4383733002598,276.27802036425686]]],[[[337.96233647376164,274.3774565565427],[338.25342504492204,274.65486499841893],[338.3428336832251,274.2060103768305],[337.96233647376164,274.3774565565427]]],[[[337.786629085846,273.56355864502615],[337.87918123936197,273.8234997883388],[338.0403692127769,273.7230152008973],[337.786629085846,273.56355864502615]]],[[[335.0651484157447,274.50134600611847],[335.20153657725837,274.5798280401312],[335.13562903943625,274.3840591669582],[335.0651484157447,274.50134600611847]]],[[[334.885246068933,274.49684795190916],[334.9133942061046,274.57635419218417],[335.01712804585054,274.6019198045609],[334.885246068933,274.49684795190916]]],[[[334.1860789631995,278.68175689902466],[334.3890135598862,278.9189943769212],[334.4667673962584,278.61116823743953],[334.6089626639375,278.7483292232765],[334.5803444097735,278.5441503218868],[334.4286503794451,278.4943810798049],[334.3974370074926,278.370893792944],[334.1860789631995,278.68175689902466]]],[[[334.641567130757,273.7826447720985],[334.7388567111827,273.87027590640815],[334.7316638177096,273.7337140018854],[334.641567130757,273.7826447720985]]],[[[340.6089443515059,257.56975210562894],[340.9420103679381,258.1441829081492],[341.1738388323084,258.72121011277017],[341.6471106237053,260.9087187511766],[341.40725109299774,262.79259878679557],[340.5080610153469,264.60134915588367],[339.35522370574307,265.6686941391807],[338.3640392461176,266.5859749871219],[338.51566775976636,267.729974417157],[337.8077167598672,268.5025018583995],[338.05739920546597,269.0024716944192],[338.36521024460836,270.42538762436163],[338.2189570342866,271.4336566077863],[337.8914834343466,271.85398548147333],[338.47563676425074,272.57943470616374],[338.3109640658031,273.3666687443929],[338.61109726724374,273.5671646459563],[338.80090708792056,274.0913818667048],[339.0289481353128,274.10572852585574],[339.27006854310287,274.3428362798436],[339.7248638845738,275.97377467678507],[339.91613008075785,276.3490108739568],[339.9921445828392,276.22730010864836],[339.83060993771153,275.6970383648671],[340.0770525364195,275.5645663679659],[339.8846020246546,274.9269153054575],[340.0314201672334,275.06523325407056],[340.21906359534285,274.0084260320979],[340.4181611890933,274.0820742351834],[340.4765728708444,274.87012070986333],[340.39751879438415,274.7484256234675],[340.41773499792725,275.2681269389797],[340.5454609851463,275.5325168753959],[340.68457148627397,274.74383221025124],[340.50701148581237,274.09683719470763],[340.7300680571234,274.1607383755127],[340.95979020151714,275.26245145146686],[340.70452118412095,276.4592742801558],[340.34907764417204,277.1922265520088],[340.73692152742876,278.16863014841897],[341.26753283306493,278.68107539941775],[341.6129787752209,279.23695414120397],[341.5261327625393,279.35435104517205],[341.11850126171936,279.0503429293517],[340.82444583962376,279.09231540059886],[340.527173195955,279.4596738471402],[340.76388835127625,280.73989012996384],[340.4620330998157,280.6582535839626],[341.13710763734923,281.2513727291624],[341.1170568059211,281.46843171612295],[341.3088185568785,281.70876071316246],[342.60668987916995,281.9691919177838],[342.5552603693413,282.05418729795247],[343.3176290968927,282.5913512047229],[344.1501013346222,282.3827789895758],[344.64900525938623,282.8509378109372],[345.2797370573736,282.9179684032996],[345.41045446739156,283.1321105787078],[345.92378311984424,283.29199340659727],[345.96427998272213,283.44905658354344],[346.5569669832075,283.55255393653346],[346.52440606590665,283.372534933471],[347.06564432941286,283.1676873479293],[347.3471329261571,282.76784318543514],[347.5113857678746,282.77356240171525],[347.11510919815896,282.6565625620842],[347.04039303017345,282.32407616847314],[347.3569756398497,281.8172688335363],[347.7908112282069,281.9265728509039],[348.3669556433409,281.28130793349374],[349.2623860647535,279.22606512175844],[349.1288955948396,278.6856437095152],[348.8572700414896,278.43512564453846],[349.1851017536507,276.92715968845556],[348.8962744022615,276.50221522795437],[349.01761722589873,276.2115531567913],[348.52119189282917,275.68620844761733],[348.4643845933071,275.00284080830704],[348.71630937275756,273.93525995173],[349.06216163348347,273.59364994565965],[350.12582777517406,273.99197769607224],[350.2598809819329,275.22670620131805],[350.3921462353638,275.3502716503296],[350.33634458438854,276.11884803892315],[350.17976459104244,275.9744437752784],[350.1088707103127,276.3224720390342],[350.2939061651184,276.3493529274449],[350.40554398094497,276.8448275850074],[350.10147178420834,276.79950890837046],[350.3770284311913,277.12569432876967],[350.39144100817083,277.61463683761906],[350.60993334516496,277.9540100651989],[350.8085952259015,278.49611001038943],[350.76170188375806,278.83495503079746],[350.8629522587079,279.28953354696426],[351.4813255341681,279.481292667359],[352.3975272835472,278.70372212275134],[353.24144177842277,277.46861495661904],[353.7081088622341,277.00587278273827],[354.4500050644201,275.89434864347567],[355.6318058511366,274.9540612947934],[355.74465633414593,274.5478570119358],[356.78444902479,272.5563737456469],[356.8128833088827,271.93132742942845],[356.57786227177644,271.68203873462164],[356.5463929375739,271.9988644727086],[356.3443169894121,271.81470546727564],[356.41570613561066,272.3362973893675],[356.3158846216757,272.5562731456187],[356.1059480809575,272.3926440667225],[355.87713757771456,271.568777931039],[356.1789899562049,271.39804861175463],[355.99338837502927,271.16470143403325],[355.99566231042854,270.5643565719072],[356.1835416353765,270.3383403771878],[356.23245305132485,269.477378595388],[355.68904934443856,268.7991342917014],[355.54848557677894,268.2144298807367],[355.81250920507046,267.4328281745025],[355.58764544051894,266.9515330791544],[355.77387304251147,266.9647142928206],[355.5260906588685,266.3414188697133],[355.29515943572676,266.1813828148368],[354.9147946545821,265.1488855940954],[354.9892825034956,264.65311837195384],[352.0089217717168,262.69562177838685],[349.0488248046968,260.75117214810723],[348.85815234375445,261.15209252573794],[345.35998015609994,259.1996254886117],[344.5642218477141,258.82776641516523],[342.23966799276326,258.1285238859727],[340.6089443515059,257.56975210562894]]],[[[329.90953648192783,279.9110791863744],[330.11568938545605,280.07963101767916],[330.1151385730974,280.00496556494454],[329.90953648192783,279.9110791863744]]],[[[323.24919518324947,277.52888798600475],[323.42193127379704,277.7654820227337],[323.29751462413935,277.6685515630985],[324.2420698649881,278.9949482631085],[325.82172317086736,281.03919513749537],[326.29204380093694,281.4526368070209],[325.46486408370447,279.9278932751598],[324.2360645449088,278.5059587261144],[324.64976975196,278.7859588232462],[323.6757097244901,277.6107697026477],[323.3723876183469,277.52643408010306],[323.48444431550286,277.7871243648063],[323.24919518324947,277.52888798600475]]],[[[320.0879712732916,267.90847278109374],[321.47376791377815,269.2919959886497],[322.21289213943317,270.63128345009835],[323.54150578722175,271.8866503456172],[324.1727912232609,272.89652843367037],[324.4943893782755,273.6521695807875],[325.09509683840406,274.29224207494497],[325.2660471355749,274.91271117845776],[326.40788095812434,276.5450382617487],[326.89968071769835,277.53486793979334],[327.66362428529897,278.50193281759266],[329.27352244769133,279.75682876674165],[329.6350716368444,279.8351696256562],[329.67988931654094,279.66380261548983],[328.72951622817516,278.9187507850826],[328.833344044647,278.77797902724984],[327.86232598931133,277.36996651896214],[327.7794793550776,276.9240108744694],[327.1283749174485,275.6017815578496],[327.1687565794303,274.4513498674742],[327.4231590631467,275.25227775529936],[327.580689385488,275.30964161493944],[328.3523970673201,276.4101165552875],[328.01857861672556,275.81724204454883],[327.91918639915247,275.37393347296324],[328.09561403861295,275.8534223018513],[328.60256317434664,276.36339039404885],[329.3424842725748,276.8230645713488],[329.99894675135783,277.05546791830557],[330.08292017886225,276.9170166730893],[330.28084876703855,277.11372410258],[330.6415704982712,277.11277175927796],[330.70468906967506,276.9004194801621],[331.55768313764156,276.816377163952],[331.7127263800742,276.5401422258155],[332.6533109071604,277.22910736114915],[333.16892561575594,277.7916664803664],[333.34080049744296,277.6373758286078],[333.85055076467575,277.8781522113983],[334.0749931538924,278.26163325991445],[334.2839753835981,278.225304213762],[334.4663089080873,278.3840865729138],[334.5546289249313,278.29812722440005],[335.1081721186837,279.44252289263477],[335.67947258194,280.18400719079796],[336.0095260707891,281.04311505716555],[336.08294714651987,281.0323850148499],[336.64647117889893,281.998634988802],[337.6763629488436,283.2815069793097],[338.12488927481667,284.37215979814584],[338.8470489982591,285.45805407993134],[338.8009585448045,284.88677921941354],[339.0228331416739,284.01284825515717],[339.20731458254414,283.93792948857316],[339.61192730341554,284.40979322395174],[339.69276539414466,284.3720400346995],[340.1548472752423,285.23965707023024],[340.36425998126526,285.04199948063996],[340.62170449815017,285.5078163663769],[340.6459352209807,286.0113122428295],[341.1136790306699,286.4678217168267],[341.21854195217543,286.90274792573507],[341.388887309573,287.0633820606843],[341.6614402156539,286.4794047041973],[342.20767105994116,285.86886514405967],[342.19755410411796,285.6632153255978],[341.8852681803784,285.4794519638107],[341.7862298454935,285.0699578617425],[342.04178817965203,285.0504467739051],[342.1596597707578,285.2963433821825],[342.70776119288405,285.50957163415353],[342.68164354870186,285.18131425720514],[343.16887220551206,285.1676207469509],[343.2078418578088,285.31288309152455],[343.41624907913365,285.2432719434466],[343.2478803126299,284.7274965759578],[342.7989822727982,284.53025318009423],[342.2974851915867,284.05971021978365],[342.39502784832274,283.93833138810123],[341.884437888796,283.4612064174637],[341.85608703157095,283.6680113343542],[341.6421899221,283.5215366605392],[341.7016171558515,283.3756698531028],[341.53194682934276,283.395720922446],[341.5149592266261,283.1792937808659],[341.3506727954529,283.39361333725606],[340.9246001691572,283.1883290428314],[341.0167438965432,282.70815567358784],[340.90983777738506,282.42556070986257],[341.2413079072164,282.06724588010064],[341.12501515436173,281.8916333746186],[340.053196277962,281.82386223039083],[339.0270748248267,281.060040473989],[338.9738089173287,280.8631615651865],[338.8015788074042,280.8202089625292],[338.6062995215905,280.524546307136],[338.3608419310972,279.25433005476646],[337.8030776699049,278.6105102171243],[337.75915767646666,278.3386341516671],[337.3037567630769,278.0689747628014],[336.372957598247,277.30352495230863],[336.1991873780609,276.98938393381684],[336.1562025966105,276.3863034978073],[335.86863685500714,276.16474709617944],[335.7685330228907,275.9195832331092],[335.45723113285055,275.6447911873838],[335.46673880401414,275.45888460748284],[335.3230124770258,275.39333387652397],[335.1365782159298,274.9668602207423],[335.20444784176436,274.81309308731795],[334.77544782696987,274.7257701820116],[335.08701373402187,275.5510006164076],[335.3238962410094,275.68886355630644],[335.2282330196885,275.69386483318544],[335.39313389412575,276.13510480867683],[335.22864567662083,276.24528508379746],[334.8772739191284,275.6416908172351],[334.39053326870663,275.3909455539872],[334.4299943718063,275.0914678486697],[334.2535334034825,274.5758945578815],[333.8505036826857,274.0851858008499],[333.54195349068965,274.58367657547825],[333.71016239954366,275.05357265638736],[333.4562742243218,274.65956238793257],[333.5546048321439,274.6742625507482],[333.40476122408853,274.48925817497906],[333.36136153670265,274.0756272451648],[333.47712412877036,274.089253002764],[333.030798572178,273.3132515411003],[332.5888033452994,271.17670370781855],[332.12642877267433,269.87337161107075],[332.22832977816137,269.6628151510823],[331.9615565427409,269.52375865713447],[331.54361891366784,269.66653864115983],[331.70230758146573,270.51945515928116],[331.4688008800123,270.59887946929905],[331.301616424201,270.259881832567],[330.80605874884697,269.9442794938315],[330.9647481614058,270.7761712638694],[330.7421310905274,270.9589584342234],[330.8935434768603,271.06186228710294],[330.6428425829337,271.3674254292124],[330.78023341097287,271.52858649547136],[330.33344855830524,271.5984483671925],[329.9114318895316,271.3526221152513],[329.87575026268337,271.4462760073268],[329.45925129433596,271.11526385336794],[329.30497692945676,271.1526851841196],[329.4762538316638,271.54852709954844],[329.33165497881805,271.6533854688461],[328.6903293046379,271.410564288736],[327.80250371470373,270.86447523850285],[327.6654343936882,270.90163448224575],[327.3516696661547,270.62593863263135],[327.3330127513374,270.4555905346325],[326.8349976469098,270.24190182138517],[326.70274920388954,270.06928624027205],[325.42257460243127,269.6334158707975],[323.1064275276947,268.4205505297291],[321.43711935892406,267.73904700318224],[320.9148082200674,268.11873465197925],[320.55491116766945,267.97308932614203],[320.4452692113895,268.05722629343023],[320.2180736090486,267.83193713063883],[320.0879712732916,267.90847278109374]]]]}},{"type":"Feature","properties":{"Level":"ADM1","Shape_Area":2.318549,"Shape_Leng":17.6297362,"shapeGroup":"USA","shapeID":"USA-ADM1-66186276B74118476","shapeISO":"US-MA","shapeName":"Massachusetts","shapeType":"ADM1"},"geometry":{"type":"MultiPolygon","coordinates":[[[[425.98518398405156,301.9848204406892],[426.1264142651529,303.01640518264793],[425.4760428841794,304.0665396065549],[426.4865467858456,303.4739910484294],[426.7838553647425,303.0528473492023],[426.63569311713104,302.2362056491852],[425.98518398405156,301.9848204406892]]],[[[425.64715664407413,301.9886538384599],[425.7542981690968,302.11543816867453],[425.9298267395478,301.93420343685113],[425.64715664407413,301.9886538384599]]],[[[422.11538397556046,300.1378569518607],[421.64536352873387,301.80602464904905],[421.9457422284594,301.73166723074183],[422.11538397556046,300.1378569518607]]],[[[424.8071201377815,297.4603896544448],[424.90966717869276,297.68602842682463],[424.9964541865171,297.5315302668902],[424.8071201377815,297.4603896544448]]],[[[419.82221930347913,302.1089329238524],[419.86312751535263,302.23629177070546],[420.0560758535811,302.00217262090314],[419.82221930347913,302.1089329238524]]],[[[423.6262903980969,298.33023517930576],[423.8594052983883,298.7712364877951],[422.8162989558358,301.46923744352057],[422.58683622024193,301.95438122513144],[422.9921519899967,301.613631034385],[422.87858315175663,302.0233090982802],[424.17219632162573,301.41527856571804],[423.8512803354624,302.08795685377214],[424.6938739183699,301.4143327109413],[424.15985884182226,299.0233675840149],[424.4705202442126,298.31083765388337],[423.6262903980969,298.33023517930576]]],[[[422.05051401878256,299.79593840228586],[422.24149909277503,299.9890669607345],[422.2605832571972,299.69207002775886],[422.05051401878256,299.79593840228586]]],[[[422.1280002766698,298.92313146000413],[422.09733871777155,299.4610274637811],[422.3048977038061,299.4284519236111],[422.1280002766698,298.92313146000413]]],[[[422.1001662186766,298.40435479254216],[422.04368373065904,298.67499632054455],[422.2047328686275,298.53363693983346],[422.1001662186766,298.40435479254216]]],[[[391.1037915372241,303.3293021765086],[391.7060286913393,304.0038105655538],[392.06814890035133,304.40902491782674],[393.49859186099553,305.8698022737464],[394.93996396704233,306.75701577972137],[396.7795153171395,307.9485261036461],[397.8028777766672,308.69285321100284],[399.30366981254053,309.6835285973449],[400.677963755565,310.77103165262616],[401.9561861463101,311.5978256784731],[401.899646496469,312.1034928704804],[402.25187130314333,312.333737436854],[401.85630864657463,312.6851664379315],[401.89042104274455,313.11540176275906],[402.339748709598,313.2875180825287],[402.0523394785639,313.7168871058816],[402.238207925172,313.9838785388737],[402.58034622028134,314.32176118436354],[403.07542050208883,314.4664387934791],[405.1021202703279,313.44761204588536],[405.90010143298105,313.4575864528218],[405.81819397222523,313.8616874557605],[406.61684746491176,313.5692793303906],[406.88680650834067,313.0709170281069],[406.54081583481343,313.22450955481725],[406.69575766210295,312.8329089579231],[406.0038264876116,312.01096464142216],[406.29572255208836,311.6351596251854],[406.4694511408674,311.8713307378139],[406.7368448027156,311.26647966401083],[406.49628401036745,311.1912000148539],[406.91305750710114,310.7449705749685],[406.4839599116138,311.0329309242037],[406.67770977301046,310.3926899765806],[407.130025362111,310.2329684366958],[407.2126313051635,310.2036826891459],[407.57799701050305,309.3683365355621],[408.0109848007311,309.35674826644834],[408.8036225132645,309.33633455340777],[408.8243328164527,309.6461713780425],[409.38592031930995,309.54560912386546],[408.5715981585565,310.118702145783],[409.32312385912513,309.86934901023824],[410.1440715160537,310.0514212043776],[413.11013952822145,309.04581910865704],[414.0839849373566,308.1415596325048],[413.8882149823659,308.0365334012029],[414.9857065024753,307.69990253173376],[415.93235439251913,307.84971061615954],[417.0239362366906,307.0884725764559],[417.60420684926675,306.5848532339999],[418.7944482829479,306.2340475783919],[420.3868104701494,306.744225113396],[420.1300335337264,308.29629210877846],[418.9279785962219,309.3392721276145],[418.2657019483287,309.657210453195],[418.5224762813022,309.2125743446705],[416.5293729355882,310.40043546191936],[415.8099559961627,310.4838895138987],[416.0024253086793,309.99738490795266],[415.2369199705274,310.3919332873011],[415.8576420896982,310.49179043711763],[416.5959296603462,310.6042508778719],[418.57829764237243,309.67121124771063],[419.6291501503691,309.1190630303541],[421.82959224067133,307.61369224382105],[423.2636044337466,306.0629533310756],[422.1546948090611,307.1753322978269],[421.6762965477165,307.26472171017133],[421.45346409222185,306.29615025491205],[421.7698367696456,305.4685084711665],[421.39768444336613,305.6946692629735],[421.39284973385753,304.50506583796295],[421.91204607897316,303.64648066610425],[421.9180905861747,302.95018423956844],[421.9252474593223,302.07340320780713],[421.5782230981549,302.0907270389454],[421.12394937804856,302.9131009533471],[420.2558560170292,303.7813250769569],[418.8549476924448,304.83324413893536],[417.90733785132176,304.5734126503676],[418.73986412009634,303.93004058133573],[418.4768735474626,303.8521876723607],[419.3995151336969,303.1128209843308],[418.946504091972,302.8893841610354],[419.40215594001035,302.8126537195544],[419.27649000436776,302.35990851921656],[419.92763890806805,301.7752368120882],[419.0595961929341,302.320787888607],[418.93264505233395,301.8722129602695],[419.514180210989,301.5787811988389],[418.9006367783833,301.6139753673628],[420.2733410409971,300.161221301632],[419.7053299580879,298.1353793669802],[418.1057956041877,299.0181141499506],[417.0552101470017,299.9204990419544],[416.5429900012678,300.5232115327847],[415.79220061218217,300.1845755932722],[414.96711121234904,300.5627873891681],[413.01537108944297,300.998776806613],[412.70094130755706,301.06854886900015],[412.00974314545886,301.7846351180934],[411.71934017482687,302.08627947452135],[410.79928672766914,302.78053782483323],[410.5990141403398,302.9311881002004],[410.2604386504512,302.5357536388634],[408.7407994937778,303.86304448565943],[408.62361198226904,303.99110503336607],[408.25824698062434,304.3915224885189],[408.013931001831,304.1741986419165],[407.8082152930344,303.9916053762799],[407.1779767145235,303.4329122036693],[405.49659221888646,301.7940459651933],[405.22909707026827,301.58060981957635],[404.6853828038137,301.147133655896],[404.01906024329276,300.73988842815453],[402.81450807477785,300.00326112818726],[401.4243892016815,299.15248782756305],[399.95390702713325,298.093944383828],[399.07201535620044,297.5872074153077],[398.3638660121578,297.27612073435165],[398.5618595922173,296.8064785361466],[398.2986054614794,296.6087284253552],[398.01132858986944,297.12873570367253],[395.61996393760523,296.00084187663066],[393.54063590151327,295.0192758061885],[393.21692431766326,295.42203668368774],[393.02142472204855,296.361288614311],[391.7687357663744,301.30001753200054],[391.1037915372241,303.3293021765086]]]]}},{"type":"Feature","properties":{"Level":"ADM1","Shape_Area":24.456468,"Shape_Leng":30.7882222,"shapeGroup":"USA","shapeID":"USA-ADM1-66186276B79996397","shapeISO":"US-ID","shapeName":"Idaho","shapeType":"ADM1"},"geometry":{"type":"MultiPolygon","coordinates":[[[[278.82413743103075,254.13434441640462],[278.6177449601824,254.24074178518623],[278.76667378533233,254.51135714808464],[278.41398077857076,254.9848900921363],[278.4656426173392,256.0015946140285],[278.5057882622553,256.78525675303035],[278.4809011886059,257.7089838237073],[277.96768643922366,259.6067370220025],[276.45189881957515,261.6835322924264],[276.16981359338695,262.23672965939693],[275.4153009342241,264.43602882783154],[277.66480562241577,263.5808128223038],[277.9433976887553,263.5344616929889],[278.0865789739652,263.3026028440322],[280.585323838893,260.33557335730933],[281.2213390271782,259.94275912531987],[281.45247167866773,259.5996899317731],[281.74094360932463,259.40996578457947],[281.89448836510184,259.15452938853457],[281.78848628942967,259.0269954144235],[281.96447395852357,258.90950141084284],[282.0881378060176,258.90491362110583],[281.8341302889724,258.74949959976226],[282.32035021762175,258.6242780355873],[282.363677358183,258.5216871856085],[282.67527395173465,258.4868902797538],[282.7188483721607,258.3346711086397],[283.15033641132914,257.9561102132531],[283.358586578742,257.96522309270495],[283.3418020307395,257.8456993088533],[283.6602618233149,257.8162340776941],[283.63801484007865,257.7211685583988],[283.69974385195144,257.7214162241591],[283.8240213100021,257.86323200931844],[283.9356450533659,257.7318951876187],[284.162833728976,257.8362792599276],[284.3087979606766,257.98333562449875],[284.374856798383,257.9782434082351],[284.3736563897701,257.7154820886736],[284.30302908406196,257.6681637648906],[284.35850248262165,257.58983872373875],[284.29465779898607,257.45737884837797],[284.3116746818186,257.2871524357581],[284.2466943547854,257.2144929682688],[284.30518864113236,257.07878829396395],[284.21317719790994,257.01483548595627],[284.2007356228042,256.9369780995325],[284.2994984263675,256.93892832053024],[284.24238858408813,256.786096610138],[284.38127227154195,256.7546517740004],[284.3857287486835,256.5155450524606],[284.2909213786106,256.47230251522467],[284.1855668418448,256.27180264403285],[284.2989742943268,256.2364266177396],[284.30647853053114,256.13979910734497],[284.212352707332,256.01883835985484],[284.23886376506306,255.89072798544797],[284.32442255388844,255.93154901096014],[284.4034092101791,255.75797690557138],[284.4817550643962,255.95013552754682],[284.5222098957727,255.94634769654925],[284.65302607048676,256.2894641057192],[284.7067403383948,256.31026496972044],[284.8078202690686,256.1224731881355],[284.782541074443,255.99664977609905],[284.832124660573,256.0120544546959],[284.8420956456614,255.6388673266283],[285.03176761078134,255.18448432992835],[285.0236278211921,254.95209548523303],[284.97784737798594,254.89846726327963],[285.06517734720813,254.56881136846903],[285.14693358497794,254.68183103218527],[285.34835779179684,254.39758445478176],[285.3173912888934,254.32507193057356],[285.42990179670005,254.1113444552036],[285.59852962545204,254.02645675140514],[285.5999629603003,254.15007455366535],[285.7016420133354,254.35512531648894],[286.03082975188534,254.43044896558683],[286.08896551657904,254.69227754934712],[286.26086952911606,254.69708873210737],[286.43779989922575,254.8759653845405],[286.50571370599437,254.7919392585956],[286.5905705336734,254.91733063670856],[286.81651692993756,254.94330569264875],[286.73383432954773,255.0499243806774],[286.72195893736716,255.23507166275627],[286.7863497415784,255.2744035352963],[286.7924514464425,255.36364151376486],[287.01943209206627,255.07991365053482],[287.22639220588286,254.9465719204445],[287.77293688033615,253.06856382427003],[287.8248005036179,250.7038292766165],[288.0952236693032,248.302142053736],[286.720822130929,248.32825272403494],[286.08234392022945,248.28123664832657],[284.5508851674273,247.64767736966485],[283.9369090579308,247.28087619325325],[282.61091146096635,246.84649255391224],[281.2059152314577,246.5029049332041],[280.2690909924702,246.42064650666515],[279.683753756921,247.67598372074747],[279.3468146360567,248.39821870386277],[279.0611800888687,249.83070509229506],[279.1540294892934,249.8855448780567],[279.14028341306334,250.07806375582004],[279.2323138678578,250.13467037684887],[279.10580550271425,250.26870007058008],[279.18860338625933,250.31928537387734],[279.26740386432857,250.5166862225159],[279.09135815880546,250.47752777550843],[279.0698574147444,250.55760997112074],[278.90243295677794,250.4521000579745],[278.74208924587174,250.47923105088987],[278.56954193784816,250.36532044174243],[278.41640129836617,250.37796878462024],[278.4934459745185,250.48710128669566],[278.3324894692811,250.53847024057964],[278.35385830661056,250.7068461481198],[278.5138151086,250.8686515056577],[278.7761650136518,251.41880500129693],[279.0516560368301,251.6173479990848],[279.27983566716136,252.09948269628097],[279.2217267588438,252.0513105754512],[279.219035214543,252.14707140939552],[279.53798384311347,252.53319054484348],[279.6763572925892,252.98402597391706],[280.22898230411164,253.83053076190305],[279.9728117613095,254.03926526231265],[279.51840222793726,254.01786136207176],[279.3201725312578,253.93706771058328],[278.82413743103075,254.13434441640462]]]]}},{"type":"Feature","properties":{"Level":"ADM1","Shape_Area":13.9348557,"Shape_Leng":43.6491073,"shapeGroup":"USA","shapeID":"USA-ADM1-66186276B90748468","shapeISO":"US-FL","shapeName":"Florida","shapeType":"ADM1"},"geometry":{"type":"MultiPolygon","coordinates":[[[[428.43794840412147,198.1315840737678],[428.67842172277176,199.31042444109556],[428.6804027440467,198.68256774031187],[428.43794840412147,198.1315840737678]]],[[[426.499513127023,195.2905638802268],[426.6171758539792,195.42666775207618],[426.6163139873466,195.2612792073733],[426.499513127023,195.2905638802268]]],[[[426.4766307041965,193.9530416705237],[426.59076930207453,194.0679491616941],[426.51950812995045,193.9524283796488],[426.4766307041965,193.9530416705237]]],[[[425.950955209345,193.30854096865227],[426.12260575429696,193.61098167510616],[426.26607943125344,193.66635251311212],[425.950955209345,193.30854096865227]]],[[[424.55952628537307,191.66350736776556],[425.507585563149,192.74723454242942],[424.6877655129123,191.65472818763874],[424.55952628537307,191.66350736776556]]],[[[423.3514983958535,190.89685014443668],[423.4497506753764,191.0175075440856],[423.45689914574984,190.96090266943898],[423.3514983958535,190.89685014443668]]],[[[420.6255185583911,194.5283395576664],[420.7055240525989,194.64170751869887],[420.7814139180715,194.58267034015097],[420.6255185583911,194.5283395576664]]],[[[420.4616114780065,188.07160278722444],[421.01484582800913,188.6562289590737],[420.63155156590335,188.53717609234965],[422.457805220347,190.71863781599214],[423.0294580192432,190.93420603875654],[423.67545773601273,190.72755226008115],[423.1344847379635,190.17923995026328],[422.4433642227232,189.86419396006514],[422.4875190089532,189.74205468916983],[421.41184163132715,188.67273516771354],[420.4616114780065,188.07160278722444]]],[[[418.0252474650601,186.63296847193402],[418.35033833473864,186.81527083614463],[418.4057951022199,186.7523532510439],[418.0252474650601,186.63296847193402]]],[[[411.49440357844435,194.62492062500013],[412.1779930473507,194.28230099658043],[412.98677800687483,194.42260197079668],[413.55919743736706,194.76086279111522],[413.19842398298385,194.3017119650154],[412.3309966044198,194.11343968483993],[411.49440357844435,194.62492062500013]]],[[[410.9372669099459,194.89780895897596],[410.9799156777671,195.0916017494906],[411.2868557355054,194.76282089286963],[410.9372669099459,194.89780895897596]]],[[[405.9866616906682,200.81058988531203],[406.0144731332199,200.96666802181159],[406.0663392608426,200.8746272959249],[405.9866616906682,200.81058988531203]]],[[[401.1415639230107,204.99169564585287],[401.37413865553765,205.07050759469269],[401.3491852640842,204.90864940025062],[401.1415639230107,204.99169564585287]]],[[[402.3163843133525,201.04775740680697],[402.384621702957,201.04939234878438],[402.4398791727331,200.83113853398328],[402.3163843133525,201.04775740680697]]],[[[387.9376341023363,206.5132004782438],[388.2661451381649,206.88235796745863],[388.15349848717966,206.61186313013312],[387.9376341023363,206.5132004782438]]],[[[386.33850854404125,204.7335019120912],[386.73459217289394,204.65503763219044],[387.68932692778765,205.70622446283326],[387.9513505475721,206.33542766146132],[387.75868471214903,205.78499393946032],[387.0032324086903,204.84670988878642],[386.6815648374323,204.576859408706],[386.33850854404125,204.7335019120912]]],[[[385.6300723754008,204.878279056724],[386.30607836943494,205.03350972236774],[386.3211290824711,204.77270200369637],[385.6300723754008,204.878279056724]]],[[[382.16649543683087,212.23154150832764],[382.88063944767777,211.85502871843286],[383.4286922216562,211.31768898139984],[383.8037735145188,211.23413023248128],[387.99510656751414,212.9262315441881],[391.51896972050145,214.76384497333402],[396.61967159988376,217.2329225360921],[397.490943714021,217.6544096209414],[398.98097299428287,218.6241986725514],[398.8689884907747,218.31350427140745],[399.32242009831026,218.19872413426577],[399.5502314164812,217.67648573368604],[399.9382474502336,217.58819663422022],[400.9264321659486,218.22411411210948],[400.638430231985,219.35718871350227],[399.8234713723742,219.67046045221161],[399.5393574807302,220.1615194241997],[399.8716491868056,220.26475652584247],[399.82669825794153,220.47924546448309],[400.2210049358685,220.7135891264606],[400.640310646938,220.6848755311263],[401.26541911625793,220.94513572820162],[401.4604941234827,220.89791793398624],[401.55638719980584,221.02544570509653],[402.0547783563736,221.08396387691784],[404.4345065373614,222.05321126564024],[405.4662397194043,221.31270852523542],[405.7513303481385,221.37976757476582],[407.48307649412794,220.681989115857],[409.765256458902,219.06159373119738],[414.50050909238996,217.3329403258465],[415.29789293365155,217.11313553129548],[419.11444179547175,215.66004988521905],[419.82451829779666,215.10112525510385],[419.4655882160939,214.5691324793736],[419.97875134139326,213.3060467530727],[421.4217259841191,212.34121741741646],[422.7265857486329,211.28427774239515],[424.5094529385526,209.5686576770356],[427.57840032016225,207.28888108970534],[428.59219725989544,200.37958603572383],[428.4190623757588,200.3574635395438],[428.5040596380332,200.6672430470919],[428.15078969689193,200.56708354071554],[427.959266512483,200.20758895318306],[427.74368336468507,198.59224541651764],[428.1171691855122,198.0921863873499],[427.9951261510108,197.56297311614492],[427.826431692244,197.44093153197173],[427.73908350530735,196.5270607360465],[428.1061386180197,196.85212958256858],[428.14589905990647,197.2600222989697],[427.9693392698098,197.2731850076273],[428.39957306676024,198.05220002400142],[428.1559101630692,196.51674840254282],[427.3066253660061,194.97668767370146],[426.881723325778,194.41676473668684],[427.1212640212583,194.92515939394147],[427.27094331392107,194.98517769107272],[427.80014945264395,196.05351258242246],[427.5935798066236,196.06169986394622],[427.5945885263978,196.374218435239],[427.0958505972755,196.24266808591898],[426.86307719204655,195.95313240187104],[426.8351103097321,196.03370317967753],[426.3827819586912,195.6707362862448],[426.467985276594,195.480878728347],[426.4275779337389,195.54907789241645],[425.9526861852429,195.1574819468413],[425.46322204734497,195.08310901284418],[425.43461981486234,194.95114118005117],[425.0116888086687,194.6680473245392],[425.0493240845644,194.5664321457261],[424.0149494875928,193.6375083586305],[423.27525915909445,193.68464793593975],[423.1892568773987,194.5433828133912],[422.9703048025489,194.42659732986618],[422.61658932012193,194.6449760036083],[422.21563801656595,194.56151936992097],[421.7092443222642,194.77038708318605],[421.47516509910974,194.64060418572228],[421.13777661893323,194.81841833080122],[420.3142835343233,194.5658742999766],[420.2409653263829,194.68878016519133],[418.3299496830339,193.9330497098474],[417.8825263819124,193.5248805657358],[417.930309564151,193.37516459274224],[417.12279694977855,193.4886422206585],[416.34908043815204,193.8440428818802],[414.92669055347335,195.12131323405038],[413.4371762723324,194.9547635073404],[413.28021976376635,195.17033404883225],[412.8850348571173,195.06770506754452],[413.0849545281761,194.77702914893683],[412.73068380282587,194.53958493068131],[411.50392911569736,195.41056969320235],[411.87226814414396,195.59100263312052],[412.2514202848716,195.4176415486258],[411.7641190906153,196.83626978064396],[411.33121797092485,196.8804705236715],[411.5607906030038,197.2250114734574],[411.0273444676622,197.07506983845826],[410.95284715801495,196.695775859373],[410.64288927067923,196.62904995242963],[411.42459849246563,195.99363438079024],[410.7565596044447,195.38620099812292],[410.8054305263276,195.15119064755132],[410.3504596819502,195.538902567746],[407.22842445671836,196.90790050315468],[405.0913815907162,197.61822244560636],[405.4153119406612,197.54501552732634],[405.7661493882263,197.9550542891556],[406.3572713575156,200.82879952906046],[406.02299532740733,201.10161199761632],[405.7033296478345,200.94721218236026],[405.61640052000155,201.12500624613267],[405.49219801009986,200.8920125710976],[405.90339770157595,200.3989534903411],[405.3070038414509,200.19294017837043],[405.369118135011,200.47213758888643],[404.93988317424106,200.89296496115767],[403.8921686250137,200.66115845117116],[404.05184386696646,200.59422366122868],[403.983110589093,199.99716315265746],[404.59886494575983,200.16843937503523],[405.14245510152307,199.94217199706193],[405.2098110482985,198.9799572850199],[404.7505371188673,198.67889934146405],[405.0405105567064,198.3467357996663],[404.88062544647727,198.02823805423972],[404.57744414681804,198.5726790226114],[403.302019855238,199.13284375680462],[403.014894000953,200.23394922100454],[403.3555954389209,199.80635106106607],[403.2222605467302,200.36879149399067],[402.7929383984558,200.3286641250486],[403.224121652483,200.40752594403222],[402.71088218317846,201.04285543834848],[402.8317630275658,201.6797293956248],[402.5171678954518,203.95322690930539],[402.06451315836193,204.42901518109767],[402.14204038447576,204.6417854468906],[401.6278578214455,204.60398046624002],[401.744172902001,204.87332616401773],[401.5696172511597,205.19737221727848],[401.1780595952954,205.22482167048454],[401.09782983639207,205.56659180912425],[401.2811255432891,205.82092071995936],[400.4813257878597,206.2283794510563],[400.46069922716526,206.44401625583137],[399.9456129661976,206.4743272925869],[399.67778862442526,207.05170399504743],[398.5673874693459,206.34258886871257],[398.3644057687995,205.81455012041943],[397.9028972957725,206.493203360446],[397.2858518707986,206.36852957174239],[396.55294203553797,206.99839024558204],[396.0247936945922,206.85202796838297],[395.03037128991593,207.03254826841265],[394.4224166186626,208.00620209808488],[393.3644413200384,208.0156281875918],[392.1968869104245,208.7839528139536],[391.94505154603354,208.80024858903744],[389.5785072056608,209.49368781269922],[388.9718638566647,209.09223201896003],[388.76559341124187,209.26075781926667],[388.8714867309438,209.12860549417314],[388.53708838206546,209.1077322811269],[388.6335479686356,208.83442807477593],[388.44000637526716,208.38295518983875],[388.69296175431873,208.19205377310888],[388.2092482592665,208.1311500978702],[388.3086270840733,207.9641878195659],[388.80063641281265,208.04564871569158],[388.9494661652037,207.718289104294],[388.163605930578,207.5798883147578],[387.55463954844134,206.34964329062754],[387.08545199513753,205.67701335314115],[386.9926678739424,206.18620250639313],[386.48677623659773,205.32939361162835],[386.0579664836987,205.2530157217887],[385.6007501053039,204.8585850466771],[384.99889485765823,204.68617057519018],[384.66705378991406,205.01846107619286],[384.3499385276109,205.45423607719624],[384.3461498844041,205.6723675542583],[384.58388108585314,205.14222285102605],[384.9976594387209,204.7132020999586],[385.19212426784713,204.83716104361403],[384.9093300338682,205.51470333812478],[384.1135865577181,206.0721528026102],[383.73444609811895,206.07404974549112],[380.476796459978,206.6347312039578],[378.44542189398044,206.51965138959847],[377.04954672294923,206.12425563467323],[376.41648215584905,205.75661931142824],[374.5899974666206,204.90311440095056],[373.69265637170895,204.55156160973416],[373.875417072083,204.75712120980614],[373.65982564267,204.693144628433],[373.62335903864954,205.25298660973073],[373.76768294687326,205.4285448227497],[373.3029942550631,205.57747274217039],[373.08032543325896,205.79005046322158],[372.9205793930057,206.33144838369364],[372.7269063990468,206.54167996099648],[372.1103690945582,206.82039252965063],[371.36992589899853,207.32085593300877],[370.9659447100669,207.89606284994386],[372.4179080451732,208.18552734136756],[374.88010997694585,209.1287824768943],[375.34046559264357,209.34770124577426],[375.90998887463957,209.61882944789863],[381.54173586234333,211.93028571745333],[382.16649543683087,212.23154150832764]]]]}},{"type":"Feature","properties":{"Level":"ADM1","Shape_Area":21.6144646,"Shape_Leng":24.1940232,"shapeGroup":"USA","shapeID":"USA-ADM1-66186276B64800444","shapeISO":"US-NE","shapeName":"Nebraska","shapeType":"ADM1"},"geometry":{"type":"MultiPolygon","coordinates":[[[[294.03692476635257,252.53934766045398],[295.11935131542987,252.62223120145012],[296.7532484932565,252.3079472278055],[297.8009379342259,252.18400312337533],[301.47891102124845,252.04452679169685],[302.04013278371485,252.08454312996162],[302.40637574013215,251.93421598113713],[303.4228113530886,251.79596828959066],[303.9372450594822,251.6677047604782],[304.1125383451422,251.70349843033173],[303.9727670214919,251.90764824269718],[304.99282668058703,251.9783263479142],[304.98261579506334,252.0329220098717],[305.4922945734995,252.01523846696102],[305.9376718174807,251.84331569962444],[306.3044983732914,251.82971792741577],[306.46596463641436,251.7199867490478],[306.541855442553,251.76580294627257],[306.8506928167596,251.69636951019044],[306.9575273999087,251.6081364597295],[307.21810573412165,251.5842936795972],[307.34962237407274,251.42590101972803],[307.84463570387084,251.15730711535716],[307.91306121431484,251.20943374588032],[308.1151522558888,251.10891139966253],[308.20755287373447,251.1389525448768],[308.3263688388139,251.12771836476628],[309.01839209112467,250.34547036728839],[308.9876872911063,250.28090512185744],[309.29055770431563,249.94469824974288],[309.39261611997165,249.70988808882163],[309.4847305990305,249.67441983482635],[309.5150158420186,249.55226212595684],[309.5927630225041,249.57387520135853],[309.6194443926709,249.49899152313952],[309.74359769760906,249.45207271238917],[309.7959349191234,249.21328757772312],[310.11887411294913,248.8457338255668],[310.13128594801515,248.67587850414986],[310.24404960441177,248.53241865187425],[310.1854350859861,248.49736431410784],[310.3076252946399,248.21984518795745],[310.61825942855165,247.83651745322607],[310.5931960531911,247.9731293664841],[310.71173097006874,247.8529619964374],[310.7238357860597,247.7594518307464],[310.95150456613266,247.63786699279834],[311.1304980114061,247.19406043531046],[311.38157565228323,246.9672312725651],[311.3653178450723,246.9066533566456],[311.2736519589271,247.00683498028246],[311.46780943483145,246.62969245352122],[311.6649748916661,246.5156628571894],[311.63592787019616,246.440463315572],[312.2690137632521,245.38325305371117],[312.2646487873001,245.29370032813856],[312.4513296432989,244.97368293199958],[312.4539414822833,244.83044211547025],[312.7701932148818,244.49682603489964],[312.9625261774111,244.17110301515692],[313.0769894432007,243.9300866440179],[313.19000299361255,243.8751382877075],[313.1458496219093,244.07133976615611],[313.2652521898042,243.85854132382812],[313.23985860488233,243.79906484413607],[313.72993780223607,243.02857613267727],[313.74479388932724,242.8991707972226],[313.92896443971,242.83866911891488],[314.11938655145525,242.67494126579277],[314.2145564031383,242.47182254553627],[314.4677756122363,242.22596712692564],[314.712884688305,241.81650119790453],[314.92924831290276,241.70652656494408],[312.52131513342806,241.1197634073046],[307.9497701873038,241.0130083078505],[305.96862897876434,241.06154734349008],[305.17119812735893,242.64415843111266],[303.96254066110413,244.27267369965145],[302.2389948994429,245.98352488747958],[299.184078327118,245.87374314999778],[298.45326244031276,245.93543858906463],[297.9451392563356,246.55560278057692],[297.23286674081663,247.61960390221776],[296.49214014573283,248.91048697573888],[295.5200859264186,250.0975620381593],[294.7740660812296,251.42473520331978],[294.03692476635257,252.53934766045398]]]]}},{"type":"Feature","properties":{"Level":"ADM1","Shape_Area":20.8996409,"Shape_Leng":47.9612604,"shapeGroup":"USA","shapeID":"USA-ADM1-66186276B31990508","shapeISO":"US-WA","shapeName":"Washington","shapeType":"ADM1"},"geometry":{"type":"MultiPolygon","coordinates":[[[[256.37501997564925,265.77016770238043],[256.52236325719593,265.76347077538287],[256.54960677825215,265.6577649435718],[256.37501997564925,265.77016770238043]]],[[[256.73643195565217,264.8954060212885],[256.66177717712816,265.0798311201776],[257.06713808162226,264.783818089732],[256.8407395177934,264.7655167990538],[256.73643195565217,264.8954060212885]]],[[[258.9058557557236,258.68303594582204],[259.28390555663634,258.4589304550341],[259.2458947636933,258.37763821272426],[258.9058557557236,258.68303594582204]]],[[[256.3931169875227,265.301326867078],[256.4700891964059,265.3383794427485],[256.55143411824014,265.21781560329345],[256.3931169875227,265.301326867078]]],[[[256.6644502132982,264.54087148642077],[256.7371449576668,264.58000626750464],[256.7722863519852,264.5120243476416],[256.6644502132982,264.54087148642077]]],[[[256.054242487695,265.90310844293543],[256.0409453732689,265.9917982038593],[256.6715936983371,265.4222484979926],[256.054242487695,265.90310844293543]]],[[[258.73343388718183,258.41047608662694],[258.8039721103192,258.5042999766184],[259.0949126160071,258.32660623845806],[258.73343388718183,258.41047608662694]]],[[[256.3155587364772,265.12459278269307],[256.3742652340814,265.24289982856106],[256.6204684064828,265.01270547785015],[256.48795531942744,264.87894731899496],[256.3155587364772,265.12459278269307]]],[[[258.7222040638015,258.1801520869069],[258.8821775510197,258.3063438985698],[258.9485452371632,258.01653915476504],[258.7222040638015,258.1801520869069]]],[[[257.0243866432855,263.16085719441577],[257.0310520082454,264.0990150807438],[257.2220762957631,264.13139727474066],[257.40083652898244,263.80995346535326],[257.8929085841757,263.44115022024965],[257.4613056515284,263.470790498938],[257.48551374230505,263.3451306559434],[257.3389217943086,263.4258693201399],[257.42012384672466,263.20721915284383],[257.17472436962765,263.1360292825793],[257.5902092270121,263.06881318652916],[258.37543957663047,261.99162966530594],[258.2545220982104,262.35953465225685],[258.9848236044895,262.00132420819284],[259.22272522340927,261.6408973884735],[259.1386820549884,261.41707794299225],[258.65496293166666,261.8374258298248],[258.3773300543388,261.77660740919964],[258.0174453631033,262.0993060552794],[257.80699981067573,262.68456904169636],[257.5470300912305,262.7098363602007],[257.0243866432855,263.16085719441577]]],[[[255.99303838434,265.09531773753815],[256.0343458133858,265.17457346315376],[256.26357818015424,264.9985285043646],[256.15860695655266,264.8762383316077],[255.99303838434,265.09531773753815]]],[[[255.22406962410687,266.1268912473706],[255.41315582304549,266.0779273902027],[255.35290522333491,266.05929653006547],[255.22406962410687,266.1268912473706]]],[[[255.76248116052574,264.6359453588191],[255.69752523735298,265.01609828169813],[255.87592161947117,265.0139078026129],[256.13847834817693,264.50433420378704],[256.26498618629626,264.49393150684233],[256.11376264591047,264.830414586336],[256.37044312912633,264.74553041526923],[256.24388525370614,264.63462300150576],[256.4105651768973,264.27386395315034],[256.183191877914,264.2839118867213],[256.17520738407984,264.3954784777312],[255.943135655174,264.4375381220842],[255.76248116052574,264.6359453588191]]],[[[256.54608798492507,262.68463670781824],[256.58975005624285,262.7255906924338],[256.6423400107561,262.6887019575146],[256.54608798492507,262.68463670781824]]],[[[255.23855728452222,265.27702380221064],[255.70491713807252,265.1433077692691],[255.61585370539635,265.01208829737925],[255.23855728452222,265.27702380221064]]],[[[255.10200116697322,265.498010712849],[255.2733548495532,265.8838145917706],[256.13512767786443,265.53935930713817],[255.92575410607296,265.2524494268696],[255.47436093267316,265.780781242156],[255.39639883373493,265.7473014507406],[255.78476197323354,265.3216249114211],[255.75170404122667,265.2047545256134],[255.4888296143251,265.2806954865575],[255.26799238228173,265.5342984156917],[255.37253131817795,265.3054274652861],[255.10200116697322,265.498010712849]]],[[[254.80660945470632,265.91468878254017],[254.9774135531611,265.9923847494646],[255.00122443863333,265.76302989986465],[254.80660945470632,265.91468878254017]]],[[[254.06635904841195,267.6072826736841],[254.270793658599,267.5648318576116],[254.37695663117532,267.4121797036142],[254.15573129278877,267.43143074333324],[254.06635904841195,267.6072826736841]]],[[[254.52413679494572,265.43742138667295],[254.55586385827633,265.5661961896715],[254.83492963540064,265.5123768747921],[255.5658934559862,264.87725697480425],[255.40005106442615,264.89041275607883],[255.75967983865775,264.4948828068469],[255.0008922171683,264.8437358068838],[254.52413679494572,265.43742138667295]]],[[[254.20676641173267,265.9588033404492],[254.56865217149672,265.80391357632226],[254.435688876268,265.78855614770634],[254.20676641173267,265.9588033404492]]],[[[275.4153009342241,264.43602882783154],[276.16981359338695,262.23672965939693],[276.45189881957515,261.6835322924264],[277.96768643922366,259.6067370220025],[278.4809011886059,257.7089838237073],[278.5057882622553,256.78525675303035],[278.4656426173392,256.0015946140285],[278.41398077857076,254.9848900921363],[278.76667378533233,254.51135714808464],[278.6177449601824,254.24074178518623],[278.82413743103075,254.13434441640462],[277.86948746866153,253.71413634845263],[275.1091608300759,253.13243775032979],[273.6078550568295,252.9754043539626],[273.32502790770087,252.7474195012257],[272.5060141252579,252.64861694145992],[272.2304595185477,252.6708509842081],[272.0872473093759,252.49396475878308],[271.26777769807626,252.4913815554002],[270.44059095023664,252.23872398853513],[269.34394288492007,252.17459059640592],[268.6736919398403,252.348886055449],[267.64625414742784,252.08868026763383],[266.9462952204438,252.1532636953646],[266.58787103661183,252.05717151307184],[266.3950153350426,252.25345015533716],[265.8696709213405,252.38190711942303],[265.62326256849065,252.3629708847086],[265.0606206886391,252.49414388462435],[264.2746747425283,252.45012003942333],[263.95222031121267,252.50391795620948],[263.61269605424764,252.37308476583883],[262.28971286205973,252.26620668505356],[261.8056339758474,252.4378009657564],[261.58883790990944,252.44625606698543],[260.1811149942767,252.92919285611072],[259.63773397438536,253.79948070246516],[259.16694741083575,254.2281842540995],[258.0300642251518,254.711157525408],[257.62601101179104,254.65995250389432],[257.26270967484515,254.72703498832124],[256.98965183407444,254.86575884536302],[256.95248457184186,254.99582223497285],[256.7041268257201,255.14131251403734],[256.44506866216625,255.16046733975693],[255.9560526617236,255.26999939555438],[255.87829493612767,255.35666580486694],[255.42292944621096,255.43594345852466],[255.14348906748788,255.40515664106402],[254.46648764224707,255.7605599412081],[254.29304866926347,255.67261987588083],[253.94066235245307,257.1756271539067],[254.45443023802477,255.93840582799785],[254.6597165909591,255.92086571536794],[254.38354927575722,256.3941928431037],[254.59993505264515,256.21196715823686],[254.7369661444748,256.33661703003787],[254.33121798591463,256.9524003348655],[254.77722108386206,257.067409122388],[254.47741453892843,257.33561251718663],[254.40933495766495,257.27059347760945],[254.1863860721202,257.3937472065347],[254.20424471559787,257.26038510838015],[253.68183279670473,257.6294420504886],[253.43873788267422,258.36404425530077],[253.64089236112866,258.08924210309453],[253.6986216956152,258.18147893932917],[254.40451783720678,258.1767226066585],[253.6981762211555,258.5664881392597],[253.62834234488577,258.74368860633183],[253.24854017523256,258.9349406262417],[253.15974967433536,258.89030695057056],[253.42489053456933,258.4483355673006],[253.17921411536292,258.5213606528531],[252.5316523360173,260.19638491676557],[252.15020501694352,260.63443954008574],[251.44643777084943,262.5020149334864],[250.760728947367,263.2899351439981],[250.13020143839805,264.69538025701326],[250.05068023427128,265.54198454134206],[249.78472949731537,265.8321395872135],[250.06812058150916,265.7546611473963],[252.10222552649668,264.139042670398],[253.01972004342156,263.66396793606725],[253.5719126642927,263.5479721016803],[254.0296532746546,263.27536985879783],[254.15610229707087,263.30435954186834],[254.80147791752387,262.9749088464172],[255.40913239877932,262.84087700895566],[255.74120506820475,263.0359098694394],[256.2193105502298,262.5433540968251],[256.6779559422366,262.5484233498943],[256.71716483390276,262.3774372021969],[256.946870576301,262.2615869891758],[256.9749444770789,262.0591600311977],[257.0916781727318,262.28022991293085],[256.7963630619686,262.5828811291305],[257.2483827688053,262.68744050619364],[257.32380112200525,262.56223651153323],[257.14909323067053,262.4534948207149],[257.42382943702086,262.1656967519301],[257.5395297625712,262.47415076233875],[257.7764808151062,262.06717928839697],[257.52255268454684,262.1083104921256],[257.9247470728578,261.6173658427324],[258.19969125477127,261.45915950256597],[257.9196804301115,261.39456302170504],[258.01254327561924,261.27703371447245],[257.803390822554,261.1286782486781],[257.88059539006605,260.6268348227272],[257.6344718818305,260.6425533541085],[257.47392666463156,261.327164081353],[257.38697597910505,261.07182239103844],[257.2998231460255,261.1902969145256],[257.3899986567104,260.4806882509372],[256.84882564106744,259.7454007105238],[256.89833625370414,259.2544013931236],[257.1835932362869,259.22526272226474],[257.46596157804936,259.2631507591031],[257.7778065447816,259.3091755024847],[257.906872609324,259.43635462253275],[257.35807071167636,259.2492537512252],[256.98775268604174,259.3524715949417],[257.236477947318,260.2388004146047],[257.99793106120853,260.51647402945116],[257.9383508814502,260.8132656552287],[258.44426766766605,261.28674889283946],[258.180669159569,261.68222584496004],[258.558356595717,261.5140665853663],[259.05247670999404,260.74155329896155],[258.73064815656153,260.7482254312929],[259.2710467023824,259.9987146830873],[259.124994908692,259.74254455166613],[259.3502437010742,259.6529668582356],[259.2667604971322,258.82187257466273],[259.40953572301913,258.6537377516111],[259.2800982923252,258.53359716256756],[258.78212146729885,258.7424988566112],[258.9435315878208,259.1356522542084],[258.5504477579184,258.80634191784594],[258.7497759046289,258.4677497015908],[258.584692833014,258.2545705043597],[258.25128337478816,258.6347899947657],[258.3788520811284,258.86009945161885],[258.1447818426231,259.33059034250954],[258.2219570254705,258.9606320667783],[258.05902718546474,258.79960196534626],[258.36151480957614,258.07826790823765],[258.3655928314675,258.3299624073037],[258.56203648030476,258.07884613770113],[259.03976804764255,257.90009150322265],[259.47999902400346,258.6776102302866],[259.37784898724334,258.8020911785901],[259.8821017461966,258.4796730084316],[259.8678169435126,258.7373273203731],[260.27918841068833,258.8041353008494],[259.9207237126377,259.31306502330193],[259.9616575815269,259.4495032519517],[259.5548583137147,259.91846932698525],[259.8616274958479,259.9497124054168],[259.3806986134563,260.30344398109673],[259.5044296225323,260.5982805893779],[259.280575223191,260.96560363928506],[259.4496767312137,261.12153770379314],[259.41816531770746,261.57568905886893],[259.7062821234232,261.6383926501959],[259.67038250054935,261.8597312213049],[258.90401898403087,262.3877469163341],[258.4937675551614,263.0114499831699],[258.258039654232,263.0282293270366],[258.2567464665603,262.8079126044394],[258.96535490603304,262.0983788021111],[258.37696037582765,262.4525332645096],[258.0373483427443,262.80904569148476],[257.90682210503627,263.1808928051258],[258.1111734390919,263.26494426565813],[258.4222773487581,263.14147139234353],[258.22605863037694,263.5427444555996],[257.74810693429106,263.79119410512783],[257.38945268689827,264.27486149186774],[257.0499667710331,264.1303704067845],[256.8232360812607,264.56422384398275],[256.67532106788923,264.6096958891293],[256.9489640532274,264.73110670301025],[257.24450681622005,264.4161643805347],[257.2277112309275,264.5850990593031],[257.3772369998236,264.4044771036647],[257.605938017023,264.3881634618105],[257.1147466962698,264.99524953627554],[257.4346859115167,264.86325151583856],[257.5061944355357,265.07272701168637],[257.0280846537316,265.4560377479121],[256.90364340832946,265.9136810176816],[256.55975113220387,266.08995271001066],[256.37484773024903,265.797491721645],[256.2242848832092,266.15844301090794],[255.46567962198938,266.7562996305865],[255.51228639137113,266.98390615193335],[255.2229946842664,267.0635974034215],[255.30979474417015,267.37637739334184],[256.00171214209246,267.3094602097741],[265.84266413308796,266.3561438382249],[269.78783153711885,266.10567399053286],[271.9435142903557,265.8494565947793],[275.4153009342241,264.43602882783154]]],[[[259.2476867984881,259.82459580402656],[259.3633481202586,259.790495019616],[259.34289251175784,259.7383819860502],[259.2476867984881,259.82459580402656]]],[[[259.4264642667816,258.97732486484836],[259.4265435132917,259.64761319305],[259.7478865615772,259.1443164015861],[260.03366056858994,259.0191676268441],[259.6390700842021,258.9107821324884],[259.74313809029616,259.130709143039],[259.5992500780757,258.8340362273174],[259.4264642667816,258.97732486484836]]]]}},{"type":"Feature","properties":{"Level":"ADM1","Shape_Area":30.8929287,"Shape_Leng":23.6745299,"shapeGroup":"USA","shapeID":"USA-ADM1-66186276B18590767","shapeISO":"US-NM","shapeName":"New Mexico","shapeType":"ADM1"},"geometry":{"type":"MultiPolygon","coordinates":[[[[310.5906119795169,226.80698308874452],[311.2640066948483,225.1816407826533],[311.2078167314875,225.1637433863578],[311.9545364910688,223.25617348094787],[312.1815287877778,222.89415170565653],[313.4405653355315,218.14517047996085],[313.6920311213562,216.05090745263047],[314.26183730335714,214.08085795916898],[314.94455156539277,212.56431740113848],[316.4194351168555,210.06193626185177],[316.7303415814459,209.45276149940378],[314.1139810923208,209.57299478199553],[310.86137521754296,209.45923384890384],[310.8895479585882,208.95948180664215],[310.984332120772,208.62695721390628],[311.169659221875,208.42291257483265],[309.3363640651852,208.47719996849173],[309.2317948452569,208.36418112092952],[309.29183550845795,207.66292175528963],[309.30382012763505,205.77258190941106],[308.22259910151007,204.35876682593698],[308.46837277544347,206.91491696208004],[308.44340355968217,209.7876937614645],[308.0790127082694,212.90173443716188],[307.5173879096536,216.037465340608],[307.200388132422,216.7813502972756],[306.28018533034503,218.6219411466988],[305.5452229557738,220.45547153881165],[304.42235876665353,222.40907727727165],[303.3389987425661,223.9928785075559],[302.1531718241455,225.7268265403798],[302.0348029471155,226.002297181966],[302.37099934377255,225.90103495308207],[304.72090551813255,225.6845110133114],[305.21021763667176,225.68264298061882],[305.97853655661095,225.84712334772223],[307.9634411819363,226.0389948138436],[310.5906119795169,226.80698308874452]]]]}},{"type":"Feature","properties":{"Level":"ADM1","Shape_Area":22.5783404,"Shape_Leng":23.3987874,"shapeGroup":"USA","shapeID":"USA-ADM1-66186276B15045919","shapeISO":"SU-SD","shapeName":"South Dakota","shapeType":"ADM1"},"geometry":{"type":"MultiPolygon","coordinates":[[[[308.20755287373447,251.1389525448768],[308.1151522558888,251.10891139966253],[307.91306121431484,251.20943374588032],[307.84463570387084,251.15730711535716],[307.34962237407274,251.42590101972803],[307.21810573412165,251.5842936795972],[306.9575273999087,251.6081364597295],[306.8506928167596,251.69636951019044],[306.541855442553,251.76580294627257],[306.46596463641436,251.7199867490478],[306.3044983732914,251.82971792741577],[305.9376718174807,251.84331569962444],[305.4922945734995,252.01523846696102],[304.98261579506334,252.0329220098717],[304.99282668058703,251.9783263479142],[303.9727670214919,251.90764824269718],[304.1125383451422,251.70349843033173],[303.9372450594822,251.6677047604782],[303.4228113530886,251.79596828959066],[302.40637574013215,251.93421598113713],[302.04013278371485,252.08454312996162],[301.47891102124845,252.04452679169685],[297.8009379342259,252.18400312337533],[296.7532484932565,252.3079472278055],[295.11935131542987,252.62223120145012],[294.03692476635257,252.53934766045398],[293.4228203618451,253.568968213758],[292.0713773949981,256.1918857044915],[291.2752131113724,257.76258797542835],[291.79654729274125,257.8212314199207],[293.2321235619653,258.43474817809897],[293.88310240284426,258.7777889671918],[296.2654371022369,259.71252361376867],[297.4285148789754,260.1022520948269],[300.92066598153826,260.670314635566],[300.7766355567229,260.3119930083767],[300.545697705835,260.06952570561634],[300.0333940020327,259.7042943240381],[299.98896137970854,259.5542907561114],[300.4373803009485,258.996112067209],[300.897850054831,258.9042902930023],[300.99346736660505,258.7295832905772],[301.0855670988258,258.08560610776067],[301.4084054380857,256.8761937600118],[301.65099756452275,255.69333195198215],[304.90576018901163,253.69966268863465],[304.5785314146051,253.65637433903623],[304.7488554366971,253.54846556496062],[305.1203917485723,253.4539409912104],[305.45540907194544,253.24696017427442],[305.3391592578449,253.22059424652937],[305.5802979888017,253.10645041114086],[305.85652576395967,253.09990633058527],[306.30379181652086,252.84074988580437],[306.4268751799556,252.70923272647732],[306.36648693202227,252.66391951006844],[306.69723098359793,252.4344340652042],[306.7264086668286,252.33765090431098],[306.9655557487315,252.1417868476371],[307.0085543903138,251.9439541776697],[307.2251232864759,251.72447529986354],[307.89210718876564,251.3712206442029],[308.1492369661098,251.13185923286326],[308.20755287373447,251.1389525448768]]]]}},{"type":"Feature","properties":{"Level":"ADM1","Shape_Area":65.3276988,"Shape_Leng":71.976608,"shapeGroup":"USA","shapeID":"USA-ADM1-66186276B54030652","shapeISO":"US-TX","shapeName":"Texas","shapeType":"ADM1"},"geometry":{"type":"MultiPolygon","coordinates":[[[[352.16568323884917,196.63080998604428],[352.12264315067665,196.77111872391347],[352.2892070597568,196.68219603491727],[352.16568323884917,196.63080998604428]]],[[[350.8682703705259,197.83979422683473],[350.98588575123796,197.80080089738775],[350.9716152359554,197.76914090340114],[350.8682703705259,197.83979422683473]]],[[[350.31397620480794,198.29242719809068],[350.43539636177996,198.2717740314888],[350.69125501483313,198.01094345540295],[350.31397620480794,198.29242719809068]]],[[[351.83019662969446,195.4241181807176],[352.0916696386852,196.45347271871324],[352.4801311410566,196.69563295038708],[351.83019662969446,195.4241181807176]]],[[[348.2887273804622,188.66758888178092],[348.40719331051946,188.99271156914844],[348.51177157650795,188.7224424156218],[348.2887273804622,188.66758888178092]]],[[[348.23200369427315,187.85847056826563],[348.34169723594687,187.87386538924522],[348.3706845148035,187.6664141163448],[348.23200369427315,187.85847056826563]]],[[[350.41254891830835,182.55230993028877],[350.8107082639048,182.65721760132564],[351.44764840058417,181.9443819728583],[352.42256401621813,180.6151285625309],[351.4856795182658,181.86685189144902],[350.7736678033477,182.5863490369157],[350.41254891830835,182.55230993028877]]],[[[349.5733132770957,183.9128094564422],[348.6190415124429,186.12825460398224],[348.3691724228966,187.62702870193795],[348.47893567069065,187.68647581259717],[348.4391924904321,188.37371145621577],[348.31672986254245,188.6056252638788],[348.5968648931625,188.6732626476018],[348.5411277665677,187.59265243429013],[348.92495958480924,185.50660754919906],[349.57357538836266,184.12932440201945],[350.7786461455919,182.66646309915427],[350.64731349323364,182.6433442825278],[349.5733132770957,183.9128094564422]]],[[[311.2640066948483,225.1816407826533],[315.45135195343533,226.57611516821913],[315.6854276425799,225.65603946035702],[318.66413958968093,219.64184973232628],[318.7523156153235,219.71911355804718],[319.82892337826695,218.98381136823238],[320.07223028132944,218.98073100122897],[320.0228271710348,219.14133413515165],[320.5551378200841,218.99629847710568],[320.4204749432065,219.3175644620175],[320.6860430187344,219.14411169682285],[320.84285983520556,219.13139837062354],[321.4688787864565,218.42777987033605],[321.8686319155919,218.38697536780137],[321.94309192804855,218.48258787472173],[322.75107243095823,218.14983594773994],[323.05305912436086,218.30883973293658],[323.5655682313008,217.95736582436803],[323.6885551167139,218.06803009343253],[323.6413070479517,218.34324023653602],[324.22297121007205,218.24214257772456],[324.27677760505645,218.41102741953873],[324.71449328053353,217.8431830295541],[325.10051653360824,217.83257784374723],[325.36597756743413,217.39186572316407],[325.7472601058952,217.27875595105613],[325.9211595206399,217.8972425149693],[326.3205584178378,217.75091779272154],[326.478504141146,217.55403915001622],[326.7122459123408,217.6363064201548],[326.9681017857213,217.5306284001499],[327.0946974417181,217.3246159723787],[327.46022260609004,217.25165329427705],[327.42370783644407,217.50403479173926],[327.48317048689756,217.40845328206157],[327.45493549382627,217.540514758188],[327.65984795096404,217.4319178323391],[327.65875264475824,217.681876829643],[328.0456192677509,217.38048956216096],[327.9908071891449,217.29644752414316],[328.48313890502817,216.89829932760344],[328.62163124009544,216.91062150696712],[328.39458717488503,217.26761953301798],[328.49099769147506,217.3120478320807],[328.28792055982166,217.40395045542903],[328.2894336255736,217.484185208073],[328.42571363611233,217.40319150173946],[328.46262861312096,217.60923819409467],[328.24928472985795,217.89688521722675],[328.3398387342537,217.8136649177428],[328.4181121718045,217.92098896172072],[329.01125604827917,217.47816714558172],[328.97898005584125,217.59569977067983],[329.3628323216197,217.4049594764034],[329.5004531046327,217.52622804208102],[329.35121887373214,217.7859433752571],[329.7010875992251,217.71097996128515],[329.6846050062393,217.55075278379007],[330.105554704381,217.4458221094668],[330.3452476797154,217.25405228288923],[330.5752914762455,217.28708718208316],[331.11991996367965,216.94998996330924],[331.2046462479387,216.9919594091307],[331.0013437014641,217.2936681446563],[331.4143824672148,217.2948699882284],[331.2250503703309,217.60915606292565],[331.6311464306567,217.65968101840184],[331.7545924204693,217.85534329586056],[332.26417885051774,217.69926195972752],[332.2525650971285,217.81074740140198],[332.42585481910567,217.7591503160083],[332.2927539991067,217.94985434092604],[332.6559126754581,218.04247337812413],[332.6234473023983,218.19393985925794],[332.81322808443815,218.15260583634557],[333.0324255686472,217.96825536735633],[333.0718770099127,218.04834516687885],[333.17849124190036,217.96821932460495],[333.93568465317355,218.0414057726741],[333.7960377870377,218.16916294904883],[333.95175113594973,218.1138019141572],[333.7707527488261,218.39397068524082],[334.2397840089888,218.28051150302176],[334.35809474651137,218.18369133852798],[334.4024464610847,218.23008784531208],[334.5685844995983,218.10441752827512],[334.4840817580233,218.18727168718306],[334.7636624501613,218.03145375295628],[335.0209009900285,218.03717897825754],[335.2635324986778,217.86302675453288],[335.3534293898149,217.90110722833293],[335.47304979170883,217.76361476745103],[335.98490818394293,217.54049047849793],[335.90817499657345,217.66381115717553],[336.1104316287483,217.5123263118498],[336.0867595758923,217.63618719926848],[336.13497227934204,217.52601270015685],[336.35875825646394,217.47248737174624],[336.3668851205447,217.3919354774307],[336.52814868859093,217.32759145255613],[336.40146887125263,217.4401502747722],[336.57243662673375,217.3248153507074],[336.6579414767834,217.36025574337535],[336.7435166991288,217.24890689368533],[336.96921234821446,217.3020515017883],[337.096204109578,217.14979718887383],[337.13092419042357,217.23137630618623],[337.1994932485916,217.09095939830803],[337.30991702902907,217.1345633450841],[337.36922055536377,217.04908644216738],[337.40199929697224,217.14903424555104],[337.52369006361425,217.14234506676712],[337.60683526472906,216.99744138282193],[337.8922184758719,216.88946369354733],[337.91879894121905,216.95424688325681],[337.9601603987255,216.85522620717063],[338.15756501101373,216.80239872735785],[338.0933834474855,216.90274694112418],[338.25796932137695,216.84742199704135],[338.1900144635433,216.96509786389876],[338.28324626713277,216.88051495043499],[338.3249478717105,217.0067832926149],[338.4096121397842,216.88234101691262],[338.44926901656913,217.0488778805754],[338.79269191713826,216.9000860182677],[338.89113764216063,216.97687770604023],[339.02566451245684,216.91709204853248],[341.14395983147034,214.70700517447258],[344.53344323458566,210.92839015983157],[345.44046822297247,210.0105314049751],[346.3867509695111,209.51657133504006],[346.4484682818566,209.55782581541416],[347.31865429024543,208.95963023509438],[347.3848013272472,208.83294382062962],[347.73585344136245,208.62837628030826],[347.9843289356524,208.12081867636815],[348.5225203621102,207.758597501563],[348.8388097805682,207.71538945804218],[348.8614080154665,207.47110694860663],[349.2105653630778,207.32364773978517],[349.59725873824164,206.95351994539317],[349.67603666340773,206.9967062816924],[349.7585381525464,206.62573659604016],[350.1186031177908,206.5165765803196],[350.6448746286552,206.023746210139],[350.7933917943756,206.14973587725197],[351.04356162509333,205.73109320742418],[351.46250101033473,205.41048343125402],[351.28410258589537,205.30009552778603],[351.4270220120637,205.08377444915112],[351.6164684610739,205.05059084092082],[351.70025560132154,204.6684747284288],[352.02476267108,204.3023957566411],[351.9833500076627,204.02201715212783],[352.11911003263583,203.86665352658832],[352.10629431431755,203.427945136733],[352.2729783671399,203.20694807626992],[352.15385321349424,203.07579613306353],[352.69816213030316,202.44387161043392],[352.62743162713656,202.18429741299155],[352.9462797973421,201.7830312401539],[353.13365799167855,201.73857004020002],[353.64746369131666,200.76379515901567],[353.8370346212681,200.5881272965574],[353.72647867728347,200.1703653310416],[353.86809610058174,199.4988060068395],[353.7899184644949,199.24469036995274],[354.4804018636913,198.6918707716928],[353.931559933639,198.59319147097392],[352.51338410704466,197.38626952803014],[352.2053577248976,196.82414790063703],[352.1030422347406,197.00892264258323],[352.2080583694965,197.3808975163484],[352.43207314492577,197.472141435327],[352.3993405315143,197.67288044953258],[352.6979676751919,197.61597558220865],[352.6748467016371,197.8492715786264],[352.54657383367345,197.75975954838302],[352.36691861945684,197.9052427083615],[351.73235893775546,197.61647008425908],[351.5611121413838,197.70537660212676],[351.67865567796986,197.75866593258337],[351.41670868147804,198.4356523621075],[351.03739253716316,198.76909247827848],[350.6881220770404,198.69822457519717],[350.77520569362895,198.26975072442391],[350.6192571446069,198.1921065872192],[350.4482186283481,198.3489772203926],[350.1417023341964,198.4046517250306],[350.32340506902136,198.25933916296472],[350.3519223412618,198.04012981711895],[350.59123308492184,197.90507501023265],[350.6169562686234,197.67549594547657],[351.2461514226656,197.43626598765235],[351.16717701944964,197.3114608170649],[351.548766627952,197.1497905982131],[351.87259667702637,196.8356081267017],[351.94759166216215,196.40387300767222],[351.76366882294803,196.3886452718515],[351.62759045178274,195.8483318058739],[351.3660246302685,195.9491218230387],[351.5539757653349,195.5767701761824],[351.88390194110536,195.3344689126633],[351.56039782100436,194.3103812897639],[349.7741775706206,191.99630513952],[349.57116696929575,191.26132215322409],[349.28395765932936,190.94890723754526],[348.7437776961882,189.84914473621126],[348.580619911119,188.696883060767],[348.5010259255341,189.19541858110642],[348.3870262968836,189.1239270068548],[348.5216464893911,189.2448866842769],[348.48399144726017,190.17917697654303],[348.65548006103364,190.07461021098044],[348.71272966086445,190.2635240752572],[348.5849151746537,190.40422236992873],[348.9380202676184,190.5750477804081],[349.05710862591803,191.06522556872963],[349.48744768615717,191.48598611418936],[349.34860641058646,191.47508994696847],[349.3876804216897,191.735855588795],[348.92011299751096,191.16838330223231],[348.7116454790484,191.13253275955526],[348.4047631987994,191.55376507667626],[348.2438049587028,191.55824487609186],[347.89112734242303,191.8952955409236],[347.80377747660003,191.8110565358664],[348.17474641172555,191.56651990906636],[347.85405388278843,191.63912297840682],[347.846506400287,191.5104376839197],[348.1892085536304,191.32206816166482],[348.5623881002673,190.67943885501464],[348.29979971506964,190.10714064792364],[348.19482045146236,190.10567310645848],[348.0176359153777,190.78617209812938],[347.9256005384704,190.5503593473748],[348.06587273392097,190.44820359329185],[348.1099960334217,190.0888191627675],[347.99069227579906,190.12369761160747],[347.79780993064895,190.4479866012375],[347.3626202333314,189.75495050996662],[347.8870561400773,189.59342791048329],[347.7533085404043,189.65237399767162],[347.9186411660154,190.03147127493565],[348.19097817237497,189.62600122912755],[348.10556774164974,188.55597616488976],[347.97356987259275,188.55527984559996],[347.767140259224,188.7807821324048],[346.96425543354684,188.60355761049317],[346.86111160955915,188.71321907064382],[346.8630187992651,188.5463241267347],[347.12174878524365,188.43588558120084],[347.35373065740725,188.54836507317606],[347.7007480783345,188.05745981162102],[348.17221093420073,187.92286572033782],[348.4814502377962,186.10832101886785],[348.236885153794,185.80111312054893],[348.0856703639743,185.82895195511878],[348.19373653755594,185.97684230293865],[348.0548628369725,186.34435575306685],[347.8530396510338,185.81501612664607],[347.2602664160604,186.24137822439812],[347.63974765862616,185.88081611994576],[347.4771272933861,185.64257714297062],[347.73305638083775,185.74716132052097],[347.87008068501706,185.59163248468866],[348.2660289342795,185.57347094564676],[348.58638513082656,185.75658774265727],[349.3278582255129,183.95662302941233],[349.5163090188265,183.9220756499567],[349.3476531748461,183.91029680697008],[349.5859186322391,183.69675305233744],[349.42432599386314,183.58625155288007],[350.4690376722112,182.19083878711632],[350.5945852990923,182.2145151009638],[351.68421550641267,181.14993904989043],[351.3455340953491,181.44172503129505],[351.9408140582894,180.6214086494359],[352.29952592767114,180.60688132570584],[352.35237387213647,180.49856700578732],[352.4769330436118,180.6136182296659],[352.7481463974599,180.14064583406991],[352.2295217974827,180.02746109380934],[352.32050927154387,179.95205629315174],[352.0382259200377,179.74101856630045],[352.198689105328,179.46145745928072],[352.0087295795481,179.4192490562735],[351.7352544351196,179.58801615898477],[351.538384168054,179.53532036887665],[351.3251470433463,179.7206739849731],[351.0532730968383,179.77612802454013],[350.7130007277576,180.04508933057772],[350.2003449004654,179.9459789216507],[350.033578005803,180.06002688120583],[349.15277088506156,179.88256184650004],[349.1783131483101,179.7924236859354],[348.96263336465734,179.8566000676066],[348.76054153587125,179.74731346485635],[348.5748541733187,179.8321274833034],[348.5721532459743,179.72759911490758],[348.1166814743991,179.90814199458424],[348.1447670338934,179.97057283189108],[347.9599636335166,179.96873718160893],[347.7685256412286,180.1936818809033],[347.64361006109806,180.1276526391301],[347.2994392917708,180.40380849654974],[346.76198285093903,180.42372039089514],[346.7195520364977,180.51220512195144],[346.43715672062734,180.3960595664476],[346.17384084233277,180.54981455534352],[346.2087718674406,180.62049213179202],[345.64237182212753,180.97668999511885],[345.35659933905674,180.86746821103128],[345.19268026253644,180.99842476364162],[345.1393696875753,180.92865130873219],[345.04699250101305,181.0474073457075],[344.5926672388921,181.00638624564175],[344.3942025867904,181.17935085265043],[344.38763417491094,181.36378043436807],[343.97653502949,181.64073085255112],[342.9269581313643,183.06846295816376],[342.6293962142137,183.22218990423332],[342.5640531557013,183.3962596447337],[342.32401622741844,183.46654416032234],[342.2372625762937,183.65527507809242],[341.94910360949,183.813788468042],[341.75200507118296,184.05593442799125],[341.7691862341379,184.19894612255212],[341.34610778322156,184.9565324537453],[341.0858098812521,185.05495982520782],[341.012451034331,185.2158388202051],[340.8160522143047,185.27782963573847],[340.88614198304447,185.38891618790197],[340.5916852727738,186.15238970633533],[340.38968023942147,186.19216591455398],[340.2817263495068,186.52135285821078],[339.9845458455204,186.75658350988869],[339.92210278105864,186.68941528406242],[339.7286155658121,186.87973616751327],[339.5088049748628,186.8332560196366],[339.4343587900993,186.95127543383722],[339.31289716690776,186.9170097144875],[338.5907729650299,187.47795776575555],[338.5366191558138,187.417482828306],[338.2756395043296,187.59399238980717],[337.9001833364682,188.14041151226505],[337.68578879950235,188.27158036237677],[337.5999859515665,188.4733423487828],[337.3389816947008,188.5252515435023],[336.60430542063864,189.24280047159473],[336.0183979441965,189.4414316210254],[335.51449711940205,189.83546461487197],[335.0758835302226,190.35869878735264],[335.0187845046887,190.56150296835426],[334.8522325421193,190.7042418692858],[334.90317300774893,190.83528704415994],[334.7051504368285,190.87503119140973],[334.5121157070681,191.21011478347975],[334.324852435795,191.2857054148295],[334.23786733577884,191.44535331064122],[334.04678747577503,191.50036503010344],[333.5274296760943,192.2578144069216],[333.2058453434476,192.6071077766853],[333.11018437282485,192.5941546938239],[332.53214949717267,193.6211919208032],[332.064256876311,193.94176763211453],[331.75115902790026,194.3851660208316],[330.9106635328424,194.9369396226935],[330.55406438430117,195.49665656337854],[330.24490402641015,195.57276403758826],[330.0821802283246,195.82090567000353],[329.83679553082084,195.8165619324957],[329.5720566479582,196.538659935466],[329.5976932200108,196.1517962256404],[329.35574677422824,196.6895184596519],[329.20249000761567,196.6550181201458],[328.7779892254028,197.29826813753914],[328.75697347173366,197.46930404764188],[328.66126704358555,197.3267148140423],[328.524451202515,197.57041789827744],[328.3853484879939,197.33802835383477],[328.2319925182644,197.66912167865206],[328.254877145092,197.36752900016754],[328.1089352188675,197.23351023405417],[327.5385008345896,197.34423757881018],[327.43539932094063,197.52881418074824],[327.49105154842346,197.35969517039078],[327.35239860985325,197.486522165344],[327.1816380355305,197.29013420027948],[326.9549792378141,197.47099872442936],[326.6348825617639,197.24725885609354],[326.27010505864604,197.50606219285442],[325.75724882044216,197.65952756034147],[325.9175704706714,196.97207711467993],[325.4978691929206,196.99110785577454],[325.525024468322,196.70509679216178],[325.38961577999663,196.8802219503966],[325.3333159348784,196.61354772159612],[325.1607262820811,196.6429191021146],[325.3917237179523,195.56190765465598],[325.3233275533629,195.56470856366553],[325.6260036837272,193.88948796962814],[325.5215555762345,193.84161279890918],[325.62688734895454,193.18634464668276],[325.8176828540387,192.93210297929855],[325.56325470023836,192.64286790654816],[325.55829268575695,192.05664759872155],[325.45198628457047,191.96729864534154],[325.5560714315904,191.3643280811849],[325.08255780236175,191.34204985222337],[325.0833428365989,191.23021498028757],[324.75355933937215,191.62167191936018],[324.75960802743725,191.4452936222056],[324.3399846365791,191.69742636785844],[323.92300459072,192.2212070061307],[323.6286710870571,192.18701410031562],[323.14982359364285,192.55160878168786],[323.02833970938343,192.8515885444518],[322.4050987917382,192.9866109412244],[321.66938881567336,193.57236711270733],[321.32100552623604,194.17662007433904],[320.84273877580193,194.39446829818507],[320.0309857955095,195.15241789666285],[319.6700138158249,195.8258686941475],[318.7901837372983,197.0239157918134],[317.897428050378,199.18947573598658],[317.2104612833317,200.2317500847153],[317.16560623311176,200.43865128738025],[316.59456127061753,201.6877905329196],[316.46319689944954,201.74738509166534],[316.18890854158803,202.29642276701142],[316.1211072950554,202.23943358470694],[315.4310300255929,203.0860018019701],[315.3732478180755,202.9990687821048],[315.2191854007668,203.2142552898137],[315.2301615998937,203.0935688830254],[314.3550242668984,204.29282922761104],[313.97599237074536,204.9344724903863],[313.55436716497246,205.3133911349523],[313.0950289051877,205.9812652247985],[312.92872829323824,206.11545912958871],[312.77644805855533,206.39818820050291],[312.1820229150285,206.91080934175258],[311.47042732409267,208.19718904896425],[311.3150560331467,208.34198828034164],[311.28176379361673,208.26254425250372],[311.169659221875,208.42291257483265],[310.984332120772,208.62695721390628],[310.8895479585882,208.95948180664215],[310.86137521754296,209.45923384890384],[314.1139810923208,209.57299478199553],[316.7303415814459,209.45276149940378],[316.4194351168555,210.06193626185177],[314.94455156539277,212.56431740113848],[314.26183730335714,214.08085795916898],[313.6920311213562,216.05090745263047],[313.4405653355315,218.14517047996085],[312.1815287877778,222.89415170565653],[311.9545364910688,223.25617348094787],[311.2078167314875,225.1637433863578],[311.2640066948483,225.1816407826533]]]]}},{"type":"Feature","properties":{"Level":"ADM1","Shape_Area":41.668284,"Shape_Leng":44.1177583,"shapeGroup":"USA","shapeID":"USA-ADM1-66186276B57333321","shapeISO":"US-CA","shapeName":"California","shapeType":"ADM1"},"geometry":{"type":"MultiPolygon","coordinates":[[[[277.52604407684163,197.16260555375666],[278.7631479316225,196.8820981350947],[279.02467076675674,196.20543473494405],[278.14183068562915,196.1572807734301],[278.1107364108593,196.83896371173466],[277.7079304950929,196.87185459764976],[277.52604407684163,197.16260555375666]]],[[[277.02962286379926,193.87671513199226],[277.2012212008678,193.91019429756207],[278.3517690842646,192.9536934425676],[277.91947237026324,192.80666893373683],[277.5177438931195,192.99809055850923],[277.02962286379926,193.87671513199226]]],[[[275.004233104666,196.61327868320424],[275.12731340268476,196.7978509168045],[275.1218321235952,196.6560706754622],[275.004233104666,196.61327868320424]]],[[[271.9467907553276,194.9750735918578],[272.19485091798333,195.01009611949496],[272.659460574114,194.63185427863579],[272.1034812136282,194.70280018171297],[271.9467907553276,194.9750735918578]]],[[[270.35497605602677,199.9476303419049],[270.4321205540799,200.08688567316838],[272.17094267788667,200.0100926944807],[272.3537095606127,200.28787430205267],[272.79222121272346,200.27382793611562],[272.5092178528153,199.93288214020257],[271.49071203033225,199.45341281915393],[270.5962860531734,199.41687456980895],[270.62915863985285,199.79462009849863],[270.35497605602677,199.9476303419049]]],[[[268.6988380741328,199.51250535354848],[269.6953290272336,199.66531973098574],[269.6511824928564,199.41220305007192],[270.0032273593554,199.32349074112142],[270.02455299357797,199.05115316989688],[269.3497930753735,198.81481834722766],[268.6988380741328,199.51250535354848]]],[[[267.75951152144364,199.788923987519],[268.173157301651,199.98291103552202],[268.4286323956667,199.69922889826643],[267.75951152144364,199.788923987519]]],[[[261.71368666711555,222.7078784610204],[261.8076795870675,222.62583997928505],[261.74338316585226,222.6184378521424],[261.71368666711555,222.7078784610204]]],[[[261.36664376876115,222.8374930865127],[261.4481641943554,222.9163696542073],[261.5082748229577,222.80929564522663],[261.36664376876115,222.8374930865127]]],[[[256.2150947534367,243.8024362869952],[260.6490313713971,244.95190593881813],[262.0171440488583,245.2170213028742],[265.0334556092557,245.46549404838328],[266.12807958158623,245.47957576499527],[270.8732818050918,245.8457708412095],[272.78727077560404,245.88879179835817],[274.2414787501768,246.25764100121518],[275.47493271624927,243.46703911036985],[276.38027992069016,241.41764871805725],[276.63907334181164,240.63465538905513],[276.7294535968025,239.85830909854323],[276.8094480855926,236.2396477576192],[277.94557726365,236.3107137199607],[279.99586675035493,236.21958440794566],[281.5456880006318,235.69798641990064],[281.95963275485616,235.34329743937423],[283.3781152439849,234.44799834204173],[285.39857613062844,232.70529842539605],[286.4949538649797,231.5331685354799],[287.15348875093025,231.01368494087632],[287.803865344868,230.34528632156642],[288.7052366058649,229.28214541605865],[289.4499600273032,228.23239572994646],[291.12205457128437,225.19101257357113],[292.22916518482737,223.0319506850605],[293.04852366117825,221.884233610497],[294.40347227783104,219.77704806060999],[295.77309947444263,218.39141926417244],[296.2715813658152,217.5959883375057],[297.2048198622466,216.75713529620975],[297.9975047413625,215.69118840599276],[298.1582923436374,215.2228433029739],[298.8503238294654,214.9352846641666],[299.1297457826464,214.52807811356683],[299.0342579563811,213.9651310779397],[298.4431479277129,212.50594670377956],[298.41134705141314,211.98025994191255],[298.0650831813077,211.0235263412245],[298.1531835340657,210.57954604268184],[298.0593785627541,210.3504846696473],[298.0885262765603,209.27192039084235],[297.9450491974289,208.97550352990345],[297.8724755268996,208.09786325365116],[297.423992641926,206.855598054844],[297.1133958009965,206.46227262630052],[297.155875205259,206.15571565960488],[297.0178288332162,205.61848806271632],[297.1867399661311,205.4330758036692],[296.9788968633407,204.02823971502903],[297.10830752215907,203.73604009665792],[297.55409286881434,204.0806806075913],[297.6494230302849,203.8190052053036],[297.5729884972684,202.84874353433415],[297.3526607943167,202.19905066776704],[297.3464074907048,201.9401600793563],[297.05467484289846,201.39517752974393],[296.80241394834786,201.26811774464053],[296.71500460583184,200.98971811830228],[295.0518977903346,199.45670981015945],[288.8844758165852,194.34296329319173],[287.5375574446768,193.3171726517543],[287.1845126261536,193.14294900561623],[285.124619709114,192.51136752164533],[284.9272246268511,193.19478468976433],[284.6856512017821,193.23907354972016],[284.50723788318066,193.08784691115238],[284.3612222683494,193.8964946466071],[284.5509427149046,194.22432591848263],[284.32687743264194,195.84002792911375],[283.54797247461124,197.24716379935342],[282.69386338381815,198.02334279497063],[282.5001780303102,197.96929828301796],[282.1917269898375,198.50999406689397],[280.2745311508834,199.76149850889257],[280.1386992716804,199.4403148248079],[279.533994538491,199.19757356801648],[278.95327910479773,199.31461873900943],[278.8263169859063,199.5724410768372],[279.1022876760351,200.09294098657202],[278.8954398399916,200.91024386761643],[278.4708617349471,201.43821049939908],[277.41428003250553,201.2015577404784],[276.9681447175599,200.88168766784972],[274.7622370604999,201.51389083124008],[274.50283804989124,202.32575205249412],[272.916559129814,203.04552389837627],[271.00596632433354,202.5742111654447],[270.3048606603768,202.82612970888755],[267.7078841761497,202.30988900920593],[267.55141415454125,202.78838496525162],[266.8624561244612,203.03866387077875],[267.218080415405,203.9525641923345],[267.0799617098235,204.34272128934094],[267.2986154836433,204.99334252005463],[266.99083494942136,205.2305703251274],[267.36285035617635,206.35801555120332],[267.3297829472656,206.88724858643428],[266.7737404912217,206.9362174979497],[266.0586643304922,207.22754520813533],[266.39567186572754,207.959831626601],[266.2471390330487,208.4526108025617],[265.72214957862286,208.41890507835836],[265.029589771398,209.3250701873989],[264.4933149829651,209.46199160445667],[264.48631233839177,210.23046449080562],[264.0516482974534,210.88722361985603],[264.07301664684206,211.62115504015844],[263.80585619408714,211.7289864901116],[263.422579363408,212.85072585667547],[262.77684127611025,213.5438691917359],[263.052800687406,215.1799214425816],[262.883315676247,215.294117710134],[263.1931170599387,215.67827729893946],[263.4140759115508,215.49271166309333],[263.7184184615214,215.851451684775],[264.14544449674304,216.830562484461],[264.0187246861418,217.63693828589442],[263.74918033802874,217.89498539397547],[263.1963108422385,217.6447058935868],[262.65694536790863,217.67132529159176],[262.22869027137426,218.18144578504538],[261.48331614289924,218.81044066567108],[261.49226330678994,219.8709413860503],[261.15465135528865,220.66373746545693],[260.92986424179634,220.7537411128225],[260.96264287997093,221.50625410672876],[260.99768164463194,222.30494515418036],[261.1919879149988,222.51251480330822],[261.55619159660085,222.5709630703177],[261.8001609069918,222.1205000228787],[261.60757973009635,221.96070403156668],[261.75356117667826,221.2986983453828],[262.8834770734484,220.9506483496999],[262.97184642817484,220.72405195197712],[263.3362800081513,220.6654534845861],[263.2964034756659,220.9358277600537],[263.02062685109354,220.9264234478621],[262.7817151144061,221.89515952683251],[261.8919154117351,222.57667767627493],[262.1309996289795,222.7592736088117],[262.0073258388632,223.20080834438755],[261.66411692276813,223.16827779660932],[261.47445527811544,223.47462524309717],[261.6102840802464,223.43230870575815],[261.7964300837272,223.7763760304508],[261.98182547173747,223.76609605055916],[262.3487287839022,224.07820619454355],[262.1576443351639,224.3969467842871],[261.7002510902888,224.56511627317312],[261.197606293811,224.30466957670467],[261.13641325099144,223.74515936693518],[261.38837085018014,223.5746203806128],[261.1591214910511,223.2558494930876],[261.41241244633534,222.96293544269707],[261.2541633771163,222.86283612561226],[261.0921322738865,222.9903200215677],[261.18969412683333,222.59901929914506],[260.17396537762914,222.92826607492057],[260.04464414710276,222.83250427146098],[259.25753992096395,223.44050616839414],[258.82392389417333,223.4646016609992],[258.3737472052206,223.17683670970774],[258.7976010731634,224.24375756924036],[258.7161447490856,224.7490414886246],[258.44388509934276,225.0544559230218],[258.28763714784475,224.96471165337036],[257.9003654794535,225.77999665908087],[256.79954103552126,226.31448217598998],[256.2589013298971,227.07839901239277],[255.39323693080505,227.70741968447481],[254.98697121787526,228.30466607668652],[255.27108552107322,228.71808820340232],[254.80699468805378,230.56684356724344],[255.31902382075,231.76676091916687],[255.18763380102578,233.3258364676767],[254.3798367327564,234.2319598604928],[254.19344402477597,234.62433259813434],[253.16260292228844,235.2651784048918],[253.30205529891566,235.57328586062013],[253.17235835683047,236.22738994523556],[255.42171842178368,239.5617914740339],[255.2540680175444,239.7346293318643],[255.9970243311845,240.97403686424366],[256.310124798536,241.4960005958594],[256.24549228871496,242.64016036799177],[255.84671076087287,242.85494573181518],[256.0592665523361,243.17775535118307],[256.2150947534367,243.8024362869952]]]]}},{"type":"Feature","properties":{"Level":"ADM1","Shape_Area":12.8918729,"Shape_Leng":18.9856185,"shapeGroup":"USA","shapeID":"USA-ADM1-66186276B56976950","shapeISO":"US-AL","shapeName":"Alabama","shapeType":"ADM1"},"geometry":{"type":"MultiPolygon","coordinates":[[[[371.1406040566807,205.42523142375595],[371.1540832631604,205.50667935498672],[371.2856817003694,205.35705923155635],[371.1406040566807,205.42523142375595]]],[[[371.0962644162187,203.94415085248107],[371.62968519093846,204.13686632774096],[371.59574920106513,204.28639827632702],[371.86532742313824,204.1312766366677],[371.0962644162187,203.94415085248107]]],[[[370.4470744191244,204.6131354407887],[369.6507481273577,205.8152664999938],[367.52753793922903,207.96710621342197],[365.7964520315576,209.88641309108243],[363.07425040485157,212.59320970781627],[362.53556740986835,213.02768727550742],[358.7117226952262,216.11002586494624],[357.6690634118894,218.09039434236684],[356.6271399884382,219.78418575671628],[356.1702438794349,220.84997021371998],[355.48122244538706,221.2809214540788],[359.6844062283942,221.6950449704214],[365.25428159067593,222.54894828877616],[367.59600744866196,223.1581311125346],[371.21378479173626,219.91794042913344],[374.90954635467597,217.62024101611922],[375.4165930383891,217.53482751076982],[375.34379109002924,217.44454152444888],[375.8538724007534,217.21148904549352],[377.21102534020747,216.93900143394478],[377.2085261033631,216.57453960356818],[378.0473397890448,216.6667938533093],[377.7082895342876,216.27509622318644],[377.8256225411363,216.27953808308655],[377.4878743401358,215.8345453241124],[378.17925799960904,215.3122792808408],[378.1340403410011,215.0601102648086],[379.0264222389993,214.5961094903576],[379.6911819875824,214.5789462889908],[380.14048918857293,214.42815807199116],[380.2654449719612,214.3115715971642],[380.7359508559948,213.2218715167011],[381.1710624182739,212.73270751809756],[381.6557070025221,212.62435714526802],[382.16649543683087,212.23154150832764],[381.54173586234333,211.93028571745333],[375.90998887463957,209.61882944789863],[375.34046559264357,209.34770124577426],[374.88010997694585,209.1287824768943],[372.4179080451732,208.18552734136756],[370.9659447100669,207.89606284994386],[371.36992589899853,207.32085593300877],[372.1103690945582,206.82039252965063],[372.7269063990468,206.54167996099648],[372.9205793930057,206.33144838369364],[373.08032543325896,205.79005046322158],[373.3029942550631,205.57747274217039],[373.76768294687326,205.4285448227497],[373.62335903864954,205.25298660973073],[373.65982564267,204.693144628433],[373.875417072083,204.75712120980614],[373.69265637170895,204.55156160973416],[372.8238009299706,204.14018367530156],[372.1449327993022,204.02632565660417],[372.2818254277659,204.24642400202578],[372.49047888466316,204.15241282927747],[372.8279470562427,204.31847332869648],[372.7798348051973,204.46709406639084],[371.9226903552054,204.9971834574158],[371.594977863784,205.3552165479545],[371.50034919369944,205.70450075172045],[371.0580701299844,206.21713614953694],[370.7533083371277,206.29798637274172],[370.6913819489571,206.09346321386852],[371.4423766391611,204.4645066647412],[371.2737781119073,204.42976896539807],[371.14767115545897,204.65862724744431],[370.7348748801141,204.6542883057116],[370.4583665051284,204.8052620933547],[370.4470744191244,204.6131354407887]]]]}},{"type":"Feature","properties":{"Level":"ADM1","Shape_Area":14.6684691,"Shape_Leng":20.6975254,"shapeGroup":"USA","shapeID":"USA-ADM1-66186276B41679076","shapeISO":"US-GA","shapeName":"Georgia","shapeType":"ADM1"},"geometry":{"type":"MultiPolygon","coordinates":[[[[373.18024429327085,226.62669401223707],[374.09744766935495,227.32368263120236],[375.6111531408954,227.96389372395376],[376.5097279222721,228.50211787099818],[378.1643033216575,229.80695646935584],[378.8921664898881,230.28156371105004],[379.06794686177636,230.0314712159129],[378.6393658899972,229.46172443494282],[378.58572434168866,228.5859730167605],[379.0116282449932,228.58794141311728],[379.4658469693202,228.50668868048382],[379.77474567290494,228.62492039299167],[381.00482197552765,228.534317669358],[381.437109220308,228.83605825726897],[382.9279965460421,228.46536638043546],[383.4686264078379,228.1307510708433],[383.74116260198105,228.17643670321303],[385.02396322445435,227.9509818339946],[386.0902580284171,228.14575984452728],[387.36519167237657,228.37830788194307],[388.06887277765895,228.2101032641009],[389.11094630519705,228.50940392652544],[390.27239826100487,228.6577679657055],[390.4730641653656,228.31024425529654],[391.07115979938436,228.53126669050093],[391.2983760620463,228.3651322740704],[391.85713135659216,228.59572587459868],[392.09673004438343,228.46241659293915],[393.2334210007872,228.8272537763282],[394.1626089711111,228.98888562647605],[394.202537710643,228.81584509905525],[394.79179968665227,228.70467034627825],[395.30056395896423,228.79319984046404],[395.7761252488607,228.45601514844827],[396.1814627555026,228.46540102758777],[396.1088014712517,228.31755101041864],[396.8888571445179,228.46811166744408],[397.7289962806311,228.55230054045555],[398.3556901463397,228.6154480648911],[398.39630818875014,228.4756748821519],[399.6254667588788,228.34028418983127],[399.49997299840834,228.1567660968583],[400.4346055209523,227.9305168243248],[401.23404104788995,228.03865636275245],[401.35255997622517,228.11986971512263],[402.0967480131991,228.18573010770336],[402.7846800499493,228.24603044446735],[403.23585839995525,228.31932533559234],[403.2861488871088,228.1414448281627],[402.83647201426146,227.9209444342039],[402.68962716873585,227.9668707746992],[402.31944961806374,227.79751843312152],[402.9551230557023,227.84302295207732],[402.55110224662326,227.55779491736502],[401.88979556815843,227.43351787097055],[402.0341390485045,227.25138967929308],[402.4380602198527,227.3301878775379],[402.0517039374403,226.69372922436696],[401.5447732088038,226.45364384654863],[402.22853227728444,226.6381156074862],[402.5545698370951,226.04566103349202],[401.916932066478,225.73711913436946],[401.95086968783045,225.62390438191042],[402.7231816889782,225.8870692084242],[402.48714833954404,224.9572297201973],[403.23104264991287,224.45364660475147],[402.9628805087342,224.00259772361306],[402.74898423045767,223.64239071996116],[403.1563467438472,223.23133774100486],[402.76201198362526,222.80283427376617],[403.39074759622383,222.99315433940507],[403.43675834318833,223.14091820300155],[404.15451174826023,222.10627193966423],[404.4345065373614,222.05321126564024],[402.0547783563736,221.08396387691784],[401.55638719980584,221.02544570509653],[401.4604941234827,220.89791793398624],[401.26541911625793,220.94513572820162],[400.640310646938,220.6848755311263],[400.2210049358685,220.7135891264606],[399.82669825794153,220.47924546448309],[399.8716491868056,220.26475652584247],[399.5393574807302,220.1615194241997],[399.8234713723742,219.67046045221161],[400.638430231985,219.35718871350227],[400.9264321659486,218.22411411210948],[399.9382474502336,217.58819663422022],[399.5502314164812,217.67648573368604],[399.32242009831026,218.19872413426577],[398.8689884907747,218.31350427140745],[398.98097299428287,218.6241986725514],[397.490943714021,217.6544096209414],[396.61967159988376,217.2329225360921],[391.51896972050145,214.76384497333402],[387.99510656751414,212.9262315441881],[383.8037735145188,211.23413023248128],[383.4286922216562,211.31768898139984],[382.88063944767777,211.85502871843286],[382.16649543683087,212.23154150832764],[381.6557070025221,212.62435714526802],[381.1710624182739,212.73270751809756],[380.7359508559948,213.2218715167011],[380.2654449719612,214.3115715971642],[380.14048918857293,214.42815807199116],[379.6911819875824,214.5789462889908],[379.0264222389993,214.5961094903576],[378.1340403410011,215.0601102648086],[378.17925799960904,215.3122792808408],[377.4878743401358,215.8345453241124],[377.8256225411363,216.27953808308655],[377.7082895342876,216.27509622318644],[378.0473397890448,216.6667938533093],[377.2085261033631,216.57453960356818],[377.21102534020747,216.93900143394478],[375.8538724007534,217.21148904549352],[375.34379109002924,217.44454152444888],[375.4165930383891,217.53482751076982],[374.90954635467597,217.62024101611922],[371.21378479173626,219.91794042913344],[367.59600744866196,223.1581311125346],[368.18724557557994,223.37526241617644],[368.9217991002306,223.77626766325878],[369.2588641126116,223.99229945081186],[371.9248317622355,225.69869777957618],[373.18024429327085,226.62669401223707]]]]}},{"type":"Feature","properties":{"Level":"ADM1","Shape_Area":12.535844,"Shape_Leng":17.3341508,"shapeGroup":"USA","shapeID":"USA-ADM1-66186276B18522154","shapeISO":"US-PA","shapeName":"Pennsylvania","shapeType":"ADM1"},"geometry":{"type":"MultiPolygon","coordinates":[[[[379.47267959258033,258.49957069485663],[378.07042387710334,257.19695876560417],[377.24850407567027,256.5872248081887],[376.46400136462154,258.2740307948742],[375.4650491674269,259.72118752368397],[373.991369880203,261.85659181022777],[372.46815903948215,264.883167525841],[372.124756274814,265.4353963260468],[370.92207633188525,267.076615339669],[369.1854410695868,270.126282356853],[368.4101084609384,271.2846889996451],[366.0927337745175,274.3108172774647],[365.22458634653714,275.1655945864647],[365.5040077173272,276.9932430773159],[365.2843714240956,277.5058185798707],[365.39881608828864,277.59164945057057],[365.55040891011816,277.406745009843],[365.69581835861436,278.99767186556755],[367.40467050895535,277.1478474381649],[368.0082702192923,277.66486234298475],[369.60479895062394,279.03190501601637],[372.12784255997235,280.28526977932233],[376.58231423699044,282.80349674808605],[378.97109821496906,284.225505591725],[379.7488508153178,284.82681556166665],[381.70422005542645,286.1747381227719],[383.0001005839149,287.0016832269732],[383.9096946041554,286.08567836327455],[384.133355847944,286.32140474084594],[385.08322390044384,286.2483459939381],[385.00944257088497,285.7946512828944],[385.3054184913142,285.886268493613],[385.9189401181476,284.6373195554489],[385.7944322676988,284.34022633234576],[386.80420225499034,283.55374703718775],[387.2915077288836,283.7871677442807],[387.5460099865965,283.5573283816544],[388.5247840715308,284.12172314259794],[389.00456716309344,283.7551089867451],[389.36320950631693,283.56944523126725],[389.2009180627324,283.1074685260207],[388.79682943197446,282.34573684449674],[388.92161909906827,281.7321464679054],[389.12463114047273,279.988052592557],[388.4567099708048,278.755457315913],[390.30726017745343,277.788557096828],[390.2512071620811,276.7017989441234],[389.8554402693202,276.6460978890392],[390.1947987450564,275.790427835194],[390.473023702064,275.53268938757486],[391.66786836211145,274.94961605240877],[392.5816462656246,275.19904638634756],[393.3537413077836,274.79933023468544],[394.6055794911576,274.29022624530614],[394.84179840569004,274.3257081100389],[395.9814028447011,274.4977667329375],[396.9240184407467,274.1790355854489],[400.0105513392364,274.05161629332025],[403.59871192865444,273.9047084979203],[402.43128199046686,273.2400157322137],[401.2351104349954,271.6459195313877],[400.38120640092995,270.7162551951092],[401.3260220097377,270.32608483507016],[400.01104953307197,269.7183043353412],[399.8778924639462,269.65697941683914],[399.6440766358894,269.59180409779935],[398.82350592245166,269.5204988744281],[398.36627993379886,269.1913561888629],[398.15950452474306,269.2407928008713],[397.3084250894449,269.39739842229153],[396.58918263414466,269.5306878829398],[396.01572726133134,269.5332253933254],[395.39825393622425,269.5349943565871],[394.60800558968225,269.34750306330966],[394.52573221757024,268.7143829477284],[393.5639057606503,268.6100516273253],[392.44517740405576,268.4189508880246],[392.015915463657,268.3458993548198],[391.2682743206907,268.2183308211769],[390.0969646342052,267.8307606967534],[388.1610244652718,266.81302328484514],[386.75430740314334,265.7533095334165],[386.22192347869503,265.0971224425761],[385.4583028554805,264.1554796520966],[384.70484547756666,263.51448524327657],[384.1699373039129,262.8479447437042],[384.0133782804652,262.7142806550776],[383.18728402656217,262.00820071498765],[382.41499927879033,261.4457257094099],[380.00270201200055,258.9296392455247],[379.47267959258033,258.49957069485663]]]]}},{"type":"Feature","properties":{"Level":"ADM1","Shape_Area":18.6154533,"Shape_Leng":24.7133018,"shapeGroup":"USA","shapeID":"USA-ADM1-66186276B92994625","shapeISO":"US-MO","shapeName":"Missouri","shapeType":"ADM1"},"geometry":{"type":"MultiPolygon","coordinates":[[[[328.26549114074044,227.5943560898951],[326.8469520678978,229.45922485055266],[326.2269801596088,230.25642148542101],[325.29664553418405,230.94424130831925],[323.12601027081047,233.06799945107306],[322.7030173676037,233.42450477691887],[321.2456853984084,235.02295677272974],[320.01388452756544,236.60545454862657],[318.69379893071016,238.30105791595443],[318.36918213124284,238.41760433274615],[318.2875311771681,238.36211112887193],[317.98521417080866,238.50658578507165],[317.5441161387435,238.84883082142957],[317.30884371150717,239.19527822787842],[317.1834554077797,239.19073713528135],[316.4043771635145,239.73787944601997],[316.29732057288805,239.88729571280317],[316.36047817219486,239.92508880637538],[316.1687519066607,240.32578293338582],[316.2139841130787,240.40763571708797],[316.08167523969837,240.64984919120275],[316.27255855506314,240.54467257657535],[316.18844413013767,240.76532836440686],[316.03471706122434,240.78376609827424],[316.01931128587205,241.0016817555804],[315.78919201978147,241.17642491804122],[315.7212442910002,241.3267664324885],[315.5981811912803,241.32068255983927],[315.5951885225792,241.13898809702957],[315.3496405819452,241.2861069503299],[314.92924831290276,241.70652656494408],[314.712884688305,241.81650119790453],[314.4677756122363,242.22596712692564],[314.2145564031383,242.47182254553627],[314.11938655145525,242.67494126579277],[313.92896443971,242.83866911891488],[313.74479388932724,242.8991707972226],[313.72993780223607,243.02857613267727],[313.23985860488233,243.79906484413607],[313.2652521898042,243.85854132382812],[313.1458496219093,244.07133976615611],[313.19000299361255,243.8751382877075],[313.0769894432007,243.9300866440179],[312.9625261774111,244.17110301515692],[314.3276947917167,244.19091550216393],[317.46851502020866,244.41330615997052],[320.0140090738669,244.74777890270877],[321.33934341273357,244.92213142268082],[322.2902322745787,244.97936733358935],[322.7412634791085,244.68005041169835],[323.0409009057744,244.64074234859666],[323.5865533759653,244.2559668171947],[323.8267497988202,244.2297608380069],[324.03601978453105,243.97593290589967],[324.66093590473866,243.81320086353165],[324.85322849974796,243.08975943165876],[325.79301123649094,242.08811545343474],[326.6026417461318,241.61716862216917],[326.8619983526447,241.19033939219446],[327.4600794328675,240.95560617908995],[327.6618826961809,240.65439617076095],[329.17317907753966,240.0999141558617],[329.41288976960305,239.77952674474452],[329.6684913536229,239.75275336694207],[330.1320758420143,239.31294464450713],[332.06506657217153,238.4168915444812],[332.5824285811219,237.63438940657102],[332.4764876518308,237.4614484343049],[332.8910278068505,236.77334986114914],[333.35786114989895,236.4483084674043],[333.87098839983935,236.96778170052488],[334.93018478149514,236.71440823428867],[335.7456904807534,236.38953825123684],[335.7697105910365,236.11631385532746],[335.43104886217634,235.63255917696148],[335.743206955337,235.24082129392733],[335.3954802393757,234.3213097098804],[335.37685069737626,233.94707674138138],[335.5609197582795,233.54596892890814],[336.09225242861606,233.1624022776205],[338.5943093373429,232.27734963443066],[339.00230915455074,232.2495689714176],[338.8318193516293,232.12854188121156],[339.1093686099958,231.94431342257678],[339.4053109018356,231.90302305600943],[339.60036890225126,232.057834789994],[340.95768730938846,231.60897911456172],[341.06281607712424,231.46605843665364],[342.0643715142205,231.24482266675057],[342.5402662077006,230.90642902882402],[342.3384349496823,230.86143233965868],[343.42814242567164,230.160523152908],[343.47577086112096,230.00075584563902],[343.22941593166263,229.93110409468989],[343.23271738554644,229.73638274986226],[343.63704518267815,229.65526673734684],[343.67000080644027,229.55711834764801],[344.43584641237396,229.24224278228508],[344.69172148005237,229.02665196458966],[345.38010532747836,228.94577851339614],[345.37676503923126,229.0767615441146],[344.98140412240537,229.1881128127498],[345.25834934657706,229.24256171891673],[345.87106740186033,228.99309443902467],[346.183835931704,229.0529967666081],[346.44074589242234,229.0159775823],[346.4409342192349,228.45209329497118],[346.8892730972683,228.38445656916886],[346.5608756935431,228.19265903777583],[346.9818450790847,227.97072279315302],[346.9340805834313,227.6069311271413],[346.72508990994004,227.5089985433124],[346.17128899606024,227.68937688476245],[345.9815219774743,227.62718647141975],[346.06054777282344,227.1217201506085],[345.79278969886195,226.92167827063167],[345.6951171626318,227.05250726103606],[345.4868703544883,227.32293989772023],[345.1037821144585,227.279756035272],[345.0712758534903,227.17288335602672],[345.40175322211815,227.0041000394097],[345.91589696782853,226.606687778151],[345.9245718891012,226.45245311931018],[345.53224195705315,226.40398517303078],[345.60166612158974,226.28287148396936],[346.17492274073356,226.14634950194687],[345.3509827530009,225.969067866996],[346.18969952085865,225.74133123687488],[345.96903841832864,225.48543065113375],[346.1176311216238,225.14990589434373],[345.9962985187492,225.1345446247963],[343.20145645369587,225.11155719544809],[343.192446775645,225.50986219136234],[343.3271867353073,225.56351831382094],[343.2661367716876,225.75564043998324],[343.5126484880572,225.91070677024283],[343.53096837784085,226.1683510943606],[343.2692186312689,226.44562956570056],[342.80634699376765,226.60818395361818],[342.54803280936756,226.87020224274733],[333.0571763318305,227.21587149127885],[330.1026219468432,227.40320170271187],[328.26549114074044,227.5943560898951]]]]}},{"type":"Feature","properties":{"Level":"ADM1","Shape_Area":28.039261,"Shape_Leng":22.0192036,"shapeGroup":"USA","shapeID":"USA-ADM1-66186276B60168298","shapeISO":"US-CO","shapeName":"Colorado","shapeType":"ADM1"},"geometry":{"type":"MultiPolygon","coordinates":[[[[311.9706701127529,227.24297498878997],[310.5906119795169,226.80698308874452],[307.9634411819363,226.0389948138436],[305.97853655661095,225.84712334772223],[305.21021763667176,225.68264298061882],[304.72090551813255,225.6845110133114],[302.37099934377255,225.90103495308207],[302.0348029471155,226.002297181966],[301.2548475780181,227.85199182595693],[300.33512096364484,229.79405936174146],[297.8192650407634,233.9721410075868],[297.41347218917196,234.95445896235844],[295.00805781034444,239.3819556579459],[293.8577200376028,240.94898269651895],[293.15070949499324,242.1641068733563],[292.65174904685955,242.68907760977243],[291.9068659494756,243.8592724072147],[291.21593590521434,245.48231973072964],[292.5335707126616,245.92800960268906],[293.7961962991547,246.06361468306244],[296.6226497521265,246.04111492324378],[297.3493258719423,246.07763939825372],[298.45326244031276,245.93543858906463],[299.184078327118,245.87374314999778],[302.2389948994429,245.98352488747958],[303.96254066110413,244.27267369965145],[305.17119812735893,242.64415843111266],[305.96862897876434,241.06154734349008],[306.3566509197887,240.31280106349806],[308.4696154773235,235.65476267843653],[310.19547387930817,232.52370918469558],[310.74366788396145,231.32186869834953],[311.37235293075383,229.03303725240912],[311.9706701127529,227.24297498878997]]]]}},{"type":"Feature","properties":{"Level":"ADM1","Shape_Area":22.9751241,"Shape_Leng":20.0012182,"shapeGroup":"USA","shapeID":"USA-ADM1-66186276B24553861","shapeISO":"US-UT","shapeName":"Utah","shapeType":"ADM1"},"geometry":{"type":"MultiPolygon","coordinates":[[[[283.9369090579308,247.28087619325325],[284.5508851674273,247.64767736966485],[286.08234392022945,248.28123664832657],[286.720822130929,248.32825272403494],[288.0952236693032,248.302142053736],[288.1679613429208,247.44436410876222],[288.6327206450245,245.08185039152454],[289.7670692463472,245.15507670421005],[291.21593590521434,245.48231973072964],[291.9068659494756,243.8592724072147],[292.65174904685955,242.68907760977243],[293.15070949499324,242.1641068733563],[293.8577200376028,240.94898269651895],[295.00805781034444,239.3819556579459],[297.41347218917196,234.95445896235844],[297.8192650407634,233.9721410075868],[300.33512096364484,229.79405936174146],[301.2548475780181,227.85199182595693],[302.0348029471155,226.002297181966],[300.7053295127995,226.45600777826257],[297.948897803149,227.90740561405408],[296.62126404689946,228.45717311008266],[295.11947719132263,229.2141583364825],[293.55704282413535,230.45272569590324],[292.79195529592363,230.91991673840178],[290.77317805250516,231.84790108962886],[288.6366952390624,235.1595639305485],[287.74995695897337,236.72337452857272],[287.4891902997183,237.35504608704815],[286.6244938021887,238.59397207310076],[285.359705500611,240.68953011318501],[284.72579218592455,242.36175737442792],[284.1788128732604,244.30350299061323],[283.9729236672494,245.35650114467148],[283.8950439541417,246.8088612516337],[283.9369090579308,247.28087619325325]]]]}},{"type":"Feature","properties":{"Level":"ADM1","Shape_Area":10.889277,"Shape_Leng":22.3742859,"shapeGroup":"USA","shapeID":"USA-ADM1-66186276B95079267","shapeISO":"US-TN","shapeName":"Tennessee","shapeType":"ADM1"},"geometry":{"type":"MultiPolygon","coordinates":[[[[355.48122244538706,221.2809214540788],[351.4918905258022,221.08112428287723],[347.15657874842907,221.22222456836553],[345.88643997650223,221.4141025497183],[345.8426048504377,221.60158675204974],[346.25982617808,221.4759046527568],[346.27370902377464,221.89963052128144],[346.5140415375675,221.78786620454545],[346.6178235104299,221.8533599526565],[346.22804418654925,222.1638821716586],[346.3836143546795,222.19060883850918],[345.77979674302657,222.5588230989724],[345.98045097356555,222.6330171956003],[345.93930064244,222.95048827659275],[345.63649320660005,223.10744966131736],[345.6950033439846,222.9546243614314],[345.4881938762072,223.01626474404807],[345.5978029967694,223.34577152841467],[345.79826444350476,223.2849622440602],[346.0159384879501,222.96210073596347],[346.0064483916781,223.2572657197556],[345.7358428386198,223.59410804280768],[345.92581647555636,223.62718351100403],[346.32997433640685,223.40856694811288],[346.29835921025784,223.54592160044973],[346.0000952488277,223.73355479170274],[346.3361876590171,223.877340147818],[346.2502342830439,224.0056463028672],[346.0422382347652,223.9559494190063],[345.7887922090686,224.10073821648976],[345.7168759334075,224.27172024398794],[345.86654449216826,224.33918928009652],[346.04180046080205,224.2721416800934],[346.2739811510759,224.44800808395888],[346.61627006714184,224.5261517221414],[346.2390065155468,224.69134070197433],[346.2604333328724,224.82098487272705],[346.68672953917775,224.7712464182748],[346.7268355530789,224.84852075256032],[345.9962985187492,225.1345446247963],[346.1176311216238,225.14990589434373],[345.96903841832864,225.48543065113375],[346.18969952085865,225.74133123687488],[345.3509827530009,225.969067866996],[346.17492274073356,226.14634950194687],[345.60166612158974,226.28287148396936],[345.53224195705315,226.40398517303078],[345.9245718891012,226.45245311931018],[345.91589696782853,226.606687778151],[345.40175322211815,227.0041000394097],[345.6951171626318,227.05250726103606],[345.79278969886195,226.92167827063167],[346.06054777282344,227.1217201506085],[347.1548695196096,227.31442230439643],[348.12559478859157,227.3832012608082],[351.7019496175019,228.64832940445027],[352.0112976588469,228.71447955880132],[353.20875931947046,228.97003916173026],[353.20424548685764,229.19066453461548],[352.76800177234156,229.6669383063541],[353.7883934119399,229.83235864521134],[353.8296803670812,229.71913582834898],[355.6768795169577,230.2574479355775],[358.3881502373704,230.7760590578006],[359.1476095679096,230.98704970782984],[359.2694142954418,230.92286767465407],[359.4560568103515,231.06662919555552],[361.3392210144224,231.29897966267737],[363.5562290237025,232.03425021892718],[366.77726689702945,233.32444315602953],[367.5911707492645,233.75773711381242],[368.0184733641943,233.93879441792384],[369.82043503205864,234.70100498632976],[370.77086194461856,235.25152828070955],[370.76538726831325,235.36178240574296],[374.0670022400185,237.68128529160148],[377.7851857162114,239.9835802310637],[378.3060029618925,240.30630139086335],[378.2882586570349,240.4070363771401],[379.6594337628668,240.97950022411848],[379.582009525531,240.83855166910573],[379.94590326804916,239.9998960640618],[380.32370605977934,239.80151262100318],[379.80871382115185,239.73086842836585],[379.4903918412736,239.20622519132706],[379.58497850378524,238.10111819961787],[379.1673657490053,237.82169872734943],[378.9210601555156,237.99110038445036],[378.5362229143299,237.8627703649945],[377.9748861964721,236.98741257109054],[378.03885769737917,236.49594910163117],[377.8283275276545,235.94627287443444],[377.56780390195314,235.8270991206202],[377.34160675662037,236.15961604170116],[377.10454036358965,236.1851469634532],[376.78678535272536,235.39761470999431],[376.9166156212772,234.8887778481587],[376.5965170890876,234.84129544834576],[376.55909023616044,234.57640292332053],[376.8690579946437,234.19692194659658],[376.8090260491798,233.59855691287336],[376.45255100340995,233.39850673777994],[376.0565285365582,232.57953489690746],[376.06877380801967,232.12422901742195],[375.8915582233447,232.02155074147998],[375.77432773556154,231.7379223948579],[375.51259661729296,231.10585980225932],[374.69997603465873,230.6870431295136],[374.13536809680795,230.4821013361913],[373.7048815786715,230.09502252224067],[373.3459828311847,229.32470853302385],[373.67180887923314,228.87166896988253],[373.4351856060198,228.46389484517687],[373.0215403833158,228.1053449574303],[372.7571992629437,228.09332913833668],[372.5755420911645,227.67817448525756],[373.18024429327085,226.62669401223707],[371.9248317622355,225.69869777957618],[369.2588641126116,223.99229945081186],[368.9217991002306,223.77626766325878],[368.18724557557994,223.37526241617644],[367.59600744866196,223.1581311125346],[365.25428159067593,222.54894828877616],[359.6844062283942,221.6950449704214],[355.48122244538706,221.2809214540788]]]]}},{"type":"Feature","properties":{"Level":"ADM1","Shape_Area":27.9707242,"Shape_Leng":21.9955393,"shapeGroup":"USA","shapeID":"USA-ADM1-66186276B48068458","shapeISO":"US-WY","shapeName":"Wyoming","shapeType":"ADM1"},"geometry":{"type":"MultiPolygon","coordinates":[[[[288.0952236693032,248.302142053736],[287.8248005036179,250.7038292766165],[287.77293688033615,253.06856382427003],[287.22639220588286,254.9465719204445],[287.10963704438825,255.39664202582313],[286.9222069887245,255.84672095163174],[287.59296439715325,255.9979732464396],[288.5366810652768,256.0949319749355],[291.14072163005886,256.2111205262877],[292.0713773949981,256.1918857044915],[293.4228203618451,253.568968213758],[294.03692476635257,252.53934766045398],[294.7740660812296,251.42473520331978],[295.5200859264186,250.0975620381593],[296.49214014573283,248.91048697573888],[297.23286674081663,247.61960390221776],[297.9451392563356,246.55560278057692],[298.45326244031276,245.93543858906463],[297.3493258719423,246.07763939825372],[296.6226497521265,246.04111492324378],[293.7961962991547,246.06361468306244],[292.5335707126616,245.92800960268906],[291.21593590521434,245.48231973072964],[289.7670692463472,245.15507670421005],[288.6327206450245,245.08185039152454],[288.1679613429208,247.44436410876222],[288.0952236693032,248.302142053736]]]]}},{"type":"Feature","properties":{"Level":"ADM1","Shape_Area":14.0069757,"Shape_Leng":30.8682429,"shapeGroup":"USA","shapeID":"USA-ADM1-66186276B94662956","shapeISO":"US-NY","shapeName":"New York","shapeType":"ADM1"},"geometry":{"type":"MultiPolygon","coordinates":[[[[414.3981738981599,287.783018704718],[413.9356280413926,288.0328432039897],[414.7509946723056,288.37718570603596],[414.3981738981599,287.783018704718]]],[[[417.19603782893773,286.53498612476534],[417.8428888690437,286.7881523807023],[418.5429517329152,286.53326493661314],[418.73866126415015,286.4622112185103],[418.48389573732595,286.4740829638715],[417.19603782893773,286.53498612476534]]],[[[414.2818844792549,286.7686698302622],[414.26719971769273,286.90429904178956],[414.78442970091515,286.7065856556581],[414.2818844792549,286.7686698302622]]],[[[404.38518023846945,278.46124268682553],[404.1472454470428,279.01327154909086],[403.17674921809635,279.70358304703836],[404.4157664575653,280.1128284395644],[405.57812392046384,279.90591690068095],[405.62758047809785,279.06199677053166],[404.38518023846945,278.46124268682553]]],[[[370.9969586768053,297.73286680765545],[371.0345531542753,297.95061546005513],[371.14118323077867,297.98402542107635],[370.9969586768053,297.73286680765545]]],[[[370.20571006701516,298.5060604097353],[370.3581802437741,298.7359585692502],[370.3935565833785,298.6386863183239],[370.20571006701516,298.5060604097353]]],[[[370.46516214519556,297.5588352600093],[370.636274880464,297.87236302404426],[370.7029762600542,297.80526401645477],[370.46516214519556,297.5588352600093]]],[[[391.1037915372241,303.3293021765086],[391.7687357663744,301.30001753200054],[393.02142472204855,296.361288614311],[393.21692431766326,295.42203668368774],[393.54063590151327,295.0192758061885],[394.78825529032497,292.60130537032916],[395.2137693409469,291.96087018485525],[396.85703778375756,290.4172151809606],[397.28564807209636,290.01426883230215],[398.5183709022197,288.74396110057484],[399.3953634181598,287.9910590233209],[399.6463901864797,287.77582196687956],[400.01103927786653,287.38808508381203],[400.4508865223878,286.92094053056087],[401.8921218900931,286.133827899526],[401.3843167131514,284.6822301281775],[402.22550073018573,284.41569243536685],[402.8329228928725,284.223004289594],[403.1890872522181,284.05282460463536],[403.8692872226087,283.83566223323805],[404.73864476400587,282.4740052559518],[405.96496499988746,282.1610493112929],[406.73412882356496,281.90536679513207],[405.5121884093122,282.44493508191636],[406.40766807786554,282.28253039979154],[405.3249876938432,282.81303576836956],[406.5331396495819,282.53066147044007],[405.6372358241302,283.14611546508917],[406.45594368114934,283.404020575242],[407.03815540756625,283.00714052337213],[407.21473568438887,283.20805424298874],[408.0224976370686,282.9235417696218],[406.9164363432667,283.44218913033916],[406.3420756144635,283.7113014423285],[407.5949260731112,283.36636820700835],[408.169224134679,283.5196448433326],[407.59714306230774,283.56344611269094],[407.075339365495,283.80890040885924],[408.4200797292589,283.5838415065317],[409.9002550678374,283.3364197960354],[410.3114925695391,283.573483652423],[409.562141589273,283.94967293986736],[412.02813995026946,284.02619242283873],[412.52036584691086,284.04133237889533],[412.9268633273599,284.00528058573127],[413.57768792049836,284.0428335070816],[414.0840055562762,284.2279044935687],[414.8234216639721,284.62248583394575],[413.70809373390273,286.11486670267425],[414.4809064414323,286.5519263036995],[414.8395325204506,286.18702826421315],[414.20291774506865,286.21676141336184],[414.5215229838171,285.9847268593752],[415.4095225100492,285.9087986982156],[416.01045075634806,285.8965952316199],[417.3371456812413,285.86834570587894],[418.10659104233844,286.23651688330085],[419.81966400052664,286.0552262178948],[420.08405214494087,286.8937178295855],[419.6807393111378,287.02758277641703],[420.31229917887123,287.3879942378091],[420.5075315802532,287.4991361540047],[420.33671438677874,286.81452792897414],[419.243437161912,284.15878368808876],[418.55096726503,283.24010816936845],[417.4818791695933,282.135237206494],[417.1694591538886,281.681786847227],[416.4944878601957,281.24558195736523],[414.5444332934586,280.5824815182715],[412.7791410224419,280.2092653202492],[409.7282703005432,280.15370387812334],[408.31559686653884,279.6265256014599],[407.8508079904817,279.9666158082595],[406.6541586253191,279.7859563696377],[405.38299631668644,280.1004233961615],[404.73315184065575,280.80668572810885],[404.2554680263706,280.78232191689284],[403.36002479316926,281.5261006736839],[403.14907234729947,281.8327097726532],[402.5245761519558,282.5339002238692],[401.67897616016324,283.3225845133707],[401.5001417833649,283.48920843049103],[400.0107175694919,283.535483926142],[399.7557827689644,283.5435625940153],[398.0176589247782,283.6941567588701],[395.63337415053064,283.61111835527413],[393.6805840273206,283.5428715780779],[392.65478148173185,283.61743429775555],[392.01009611380135,283.6079074596903],[389.36320950631693,283.56944523126725],[389.00456716309344,283.7551089867451],[388.5247840715308,284.12172314259794],[387.5460099865965,283.5573283816544],[387.2915077288836,283.7871677442807],[386.80420225499034,283.55374703718775],[385.7944322676988,284.34022633234576],[385.9189401181476,284.6373195554489],[385.3054184913142,285.886268493613],[385.00944257088497,285.7946512828944],[385.08322390044384,286.2483459939381],[384.133355847944,286.32140474084594],[383.9096946041554,286.08567836327455],[383.0001005839149,287.0016832269732],[381.70422005542645,286.1747381227719],[379.7488508153178,284.82681556166665],[378.97109821496906,284.225505591725],[376.58231423699044,282.80349674808605],[372.12784255997235,280.28526977932233],[369.60479895062394,279.03190501601637],[368.0082702192923,277.66486234298475],[367.40467050895535,277.1478474381649],[365.69581835861436,278.99767186556755],[365.64383989816235,280.9050837045809],[365.46722575907484,281.4981581004916],[365.7692651267051,282.3710470640713],[365.29969230651795,283.5169294419152],[365.36792901455243,284.5793715497285],[364.0929502505259,285.44890578491385],[363.5582229804941,285.4722934541775],[363.2844968981729,285.9157849738683],[362.8963149404427,285.8662130401923],[362.6381425445179,286.36759958687475],[361.88694464163234,287.07305519097156],[362.52500042364426,288.0685507985216],[363.47260303631515,289.18802535857844],[364.8706297598021,290.0773539903546],[366.3207117945538,290.75137203210335],[367.73038298582253,290.6557807902396],[368.1070236182735,291.20125560528203],[370.3558849638921,292.5546059186633],[371.18820340397696,293.73542433670644],[371.1857650736112,294.34691797173116],[371.95942457630804,295.5341826879936],[372.6111479804638,295.7731358277904],[372.8862433087201,296.1341500618666],[372.5918286327642,296.9658715492888],[371.8520880155101,297.75600979682423],[371.3977707651153,297.8021217206085],[371.6488781033934,298.21354339624145],[371.7357822562416,298.094939978252],[372.1355074606955,298.61342700376156],[371.9028103456608,298.81284194345324],[372.14453963634617,299.3304766269211],[371.7218422679432,298.84380639515405],[371.3948304499219,298.7659092713024],[371.595178729783,299.39906266989],[371.3656507941681,299.22572496993985],[371.3107851849167,299.4303739149651],[370.78158048901196,298.9978802080063],[370.85033832132956,298.746193259012],[371.20192282711605,299.0824440706177],[371.0703370483261,298.43231693035494],[371.00648666164426,298.6725915080779],[370.73372754611546,298.6516282102636],[370.5875561255249,298.9220203115334],[370.17228352469647,298.8014552969184],[369.92160375403927,299.62761707833386],[370.5431058585399,300.35241020850276],[370.3871306765483,300.5846911225019],[371.2039971106413,301.44459466164847],[371.69414314590534,302.2801573110079],[371.6868153342183,302.81641273620454],[372.24826639474986,303.9973681573978],[372.82922051922975,305.85366130065665],[373.43469042665964,306.97371810938284],[373.8668457697352,307.52211492305696],[374.7177850539179,308.24646964824706],[375.1569152008573,308.38938453155004],[376.22187590552164,309.25755581914655],[377.2916456516793,310.0178219662339],[380.2408583713612,311.463787986746],[381.40249627325545,312.1610103481098],[381.9081834648368,312.5251401068999],[382.4650381585651,311.9047184926534],[382.79612890413284,311.94424348789425],[383.32226340854885,311.220934549998],[384.4032149856755,311.01757091067964],[384.48464647715855,310.69446090589827],[384.901921316257,310.4982051779799],[384.88263688684486,310.0125036211595],[385.1746724566854,309.4593379959966],[386.1117457106619,309.0150489361905],[386.10992663939817,308.84792845298335],[386.4570804908243,308.8190905838102],[386.8342710387608,307.616269921755],[387.05211899530343,307.6882487584309],[386.9650168648686,308.0807823230541],[387.2116375292935,308.37557244721717],[387.6917061708102,308.30286646416914],[390.27031957596034,304.44418053451636],[390.5195557063194,304.00366470869363],[390.70200260194025,303.68084949878187],[391.1037915372241,303.3293021765086]]]]}},{"type":"Feature","properties":{"Level":"ADM1","Shape_Area":22.0043369,"Shape_Leng":21.4055439,"shapeGroup":"USA","shapeID":"USA-ADM1-66186276B4749492","shapeISO":"US-KS","shapeName":"Kansas","shapeType":"ADM1"},"geometry":{"type":"MultiPolygon","coordinates":[[[[326.8469520678978,229.45922485055266],[320.8840517077686,229.8363242004862],[319.3459969718792,229.5875107299741],[317.8185625564701,229.0808672873935],[315.67931375128336,228.58004435499728],[314.4710140654207,228.21900542532902],[311.9706701127529,227.24297498878997],[311.37235293075383,229.03303725240912],[310.74366788396145,231.32186869834953],[310.19547387930817,232.52370918469558],[308.4696154773235,235.65476267843653],[306.3566509197887,240.31280106349806],[305.96862897876434,241.06154734349008],[307.9497701873038,241.0130083078505],[312.52131513342806,241.1197634073046],[314.92924831290276,241.70652656494408],[315.3496405819452,241.2861069503299],[315.5951885225792,241.13898809702957],[315.5981811912803,241.32068255983927],[315.7212442910002,241.3267664324885],[315.78919201978147,241.17642491804122],[316.01931128587205,241.0016817555804],[316.03471706122434,240.78376609827424],[316.18844413013767,240.76532836440686],[316.27255855506314,240.54467257657535],[316.08167523969837,240.64984919120275],[316.2139841130787,240.40763571708797],[316.1687519066607,240.32578293338582],[316.36047817219486,239.92508880637538],[316.29732057288805,239.88729571280317],[316.4043771635145,239.73787944601997],[317.1834554077797,239.19073713528135],[317.30884371150717,239.19527822787842],[317.5441161387435,238.84883082142957],[317.98521417080866,238.50658578507165],[318.2875311771681,238.36211112887193],[318.36918213124284,238.41760433274615],[318.69379893071016,238.30105791595443],[320.01388452756544,236.60545454862657],[321.2456853984084,235.02295677272974],[322.7030173676037,233.42450477691887],[323.12601027081047,233.06799945107306],[325.29664553418405,230.94424130831925],[326.2269801596088,230.25642148542101],[326.8469520678978,229.45922485055266]]]]}},{"type":"Feature","properties":{"Level":"ADM1","Shape_Area":282.0108767,"Shape_Leng":566.6599617,"shapeGroup":"USA","shapeID":"USA-ADM1-66186276B57266289","shapeISO":"US-AK","shapeName":"Alaska","shapeType":"ADM1"},"geometry":{"type":"MultiPolygon","coordinates":[[[[132.6939588305713,316.92556448385415],[132.9908802255096,316.89577851231604],[133.13141907510993,316.88183113015424],[133.2230021553689,316.62696281758645],[132.99029244157703,316.59149877309835],[132.7511879199733,316.55538046255003],[132.55518378343288,316.7102527065067],[132.6939588305713,316.92556448385415]]],[[[130.14295022778992,317.0737719441465],[130.28430877697735,317.0765728182342],[130.66960887742812,316.67786286755893],[130.730963344328,316.2632007810153],[130.8502843156971,316.12717422972014],[130.79699015953912,315.987372251788],[130.9859115599071,315.8218952255341],[131.14218996975183,315.68440609078743],[130.9857543569174,315.7418936666753],[130.71079924492622,315.8423825769161],[130.60511079307406,316.37094568953705],[130.5749022406093,316.5228780740515],[130.30777955209714,316.7668492240675],[130.14295022778992,317.0737719441465]]],[[[130.63329983446295,317.91896852151046],[130.86337366503727,317.7110739323863],[130.54956136010628,317.708551199931],[130.63329983446295,317.91896852151046]]],[[[129.82005473761245,317.8667089256224],[129.96472416019728,317.6177717062475],[129.8355951819435,317.68945083157263],[129.82005473761245,317.8667089256224]]],[[[130.0473846966771,318.4073137184464],[130.14563550804365,318.4165179601082],[130.17169650568937,318.24899349763956],[130.007473600146,318.2789810285386],[130.0473846966771,318.4073137184464]]],[[[127.84827664456412,319.2085232972252],[128.71834669420377,319.01185598110703],[129.3049475896936,319.14122139694615],[129.33768072662292,318.97410852864664],[128.73103487704364,318.92973030493533],[128.8456932202689,318.8150404343135],[128.76760388640534,318.7647610635405],[128.37360476195659,319.010695607543],[128.17686216287848,319.0426114858687],[127.88875191779215,318.95651218853345],[127.84827664456412,319.2085232972252]]],[[[126.15847302754435,322.44381713160925],[126.33173358742553,322.2569665914062],[126.14744182954573,322.2863249725783],[126.15847302754435,322.44381713160925]]],[[[123.34805412355058,326.2752007149358],[123.4245796413215,326.25444663467],[123.44915737832652,326.06681758510024],[123.34805412355058,326.2752007149358]]],[[[123.16381422359534,326.49117190016483],[123.24237182478286,326.33618256358073],[123.18199936490828,326.3357952419408],[123.16381422359534,326.49117190016483]]],[[[123.05476092325989,326.68140884328807],[123.13803102631536,326.54310633073027],[123.04525221888241,326.5795157803947],[123.05476092325989,326.68140884328807]]],[[[121.13799339639561,326.50710151877485],[121.45080252230116,326.5058331662354],[121.59624395975112,326.37008052731886],[121.91514080114104,326.37403657146695],[122.19521456815077,326.17224029463455],[121.9865442875497,326.13881661029853],[121.8822140588046,326.12237387499533],[121.7139551964567,325.84580830010145],[121.56685291936668,325.9682947531133],[121.57642987948454,326.16040734700545],[121.29375001251438,326.2967251849783],[121.13799339639561,326.50710151877485]]],[[[120.72444545445023,329.2659037133536],[120.9831231529611,329.2197638175595],[121.28569342690747,329.16601005952253],[121.98941137602054,328.5485923789205],[122.17596033145693,328.38464009357506],[122.32560888700122,328.0180283519148],[122.37686376916866,327.4607070203011],[122.12692853092636,327.6255804046889],[122.07217996303416,327.82005427837305],[121.72435311958797,327.7818636732689],[121.49316606215557,328.03153473313165],[121.21699647822999,328.0968263387188],[121.08442057781531,328.492487858548],[121.19695038609545,328.6476894607814],[121.08436446063612,328.9624683837075],[120.98253917770043,329.02854438906934],[120.70026171450432,329.21256103739967],[120.72444545445023,329.2659037133536]]],[[[222.83965742737306,304.64092420653054],[222.87278227784145,304.6259063816403],[222.9323156594716,304.4833028109214],[222.83965742737306,304.64092420653054]]],[[[222.88950519123324,304.1495898180848],[222.8797110489843,304.2146277840099],[223.0288906128107,304.00785580874776],[222.88950519123324,304.1495898180848]]],[[[222.92641348764963,304.03391290159533],[222.9745717175578,304.0188989839736],[222.98749947717224,303.9915490279763],[222.92641348764963,304.03391290159533]]],[[[222.33136990407058,304.9375658763963],[222.44553432408526,304.828371178626],[222.4186822119957,304.8407038626884],[222.33136990407058,304.9375658763963]]],[[[222.75908157210068,304.0109894758016],[222.7022524399532,304.12892804728085],[223.0184663748603,303.95661035384677],[223.30487338804605,303.6147320488742],[223.37295783165825,303.45516992598937],[222.75908157210068,304.0109894758016]]],[[[222.55573828637787,304.34852698724967],[222.62689765137054,304.2517646629745],[222.66164095060884,304.1452389884527],[222.55573828637787,304.34852698724967]]],[[[222.56602374718878,304.2195853568922],[222.54780029331798,304.29343836648934],[222.64269922303944,304.098289137049],[222.56602374718878,304.2195853568922]]],[[[222.35139803167348,304.644887586432],[222.34160968740434,304.7831030845382],[222.39960423696817,304.7122379833369],[222.12495587174124,305.1060833366285],[222.2348587804516,304.98457582207493],[222.62925420390724,304.54916692109157],[222.58664570667537,304.58454405452153],[222.7600300321563,304.1522757355289],[222.49953956362208,304.5119614279371],[222.47382809298023,304.4238321208106],[222.35139803167348,304.644887586432]]],[[[221.9349722898526,305.3138108746516],[221.971976119044,305.2826261487951],[222.03060310745389,305.2206774291057],[221.9349722898526,305.3138108746516]]],[[[220.88176797056886,306.6899361133649],[220.92016956190963,306.70928191125677],[221.13959244103765,306.4652489935581],[220.88176797056886,306.6899361133649]]],[[[221.47918851347708,305.88863078018153],[221.47001155681664,305.9101192191281],[221.51567986618375,305.8620851054403],[221.47918851347708,305.88863078018153]]],[[[221.29608578561184,306.0229872911263],[221.44361588367462,305.9137777432208],[221.46237863584815,305.83531195490605],[221.29608578561184,306.0229872911263]]],[[[219.99242733421102,307.6008650827337],[219.9579034787101,307.6737612165052],[220.13414842076023,307.4322219340877],[219.99242733421102,307.6008650827337]]],[[[221.13599162530184,306.0644501122001],[221.15726093344438,306.0491290518364],[221.1680625736495,306.0292433811499],[221.13599162530184,306.0644501122001]]],[[[220.864800972809,306.33741972034363],[220.90395441154706,306.30366418898006],[220.93448390191583,306.26496048900356],[220.864800972809,306.33741972034363]]],[[[219.4458063822259,308.2973640269179],[219.43144779463358,308.32489913644883],[219.45584614778474,308.2982152340887],[219.4458063822259,308.2973640269179]]],[[[219.4106594171441,308.35450563537944],[219.4152359027256,308.3817056410211],[219.4245904854936,308.342247073565],[219.4106594171441,308.35450563537944]]],[[[219.4974422396831,308.17107781439717],[219.49253445982055,308.2114484005874],[219.5487624993743,308.1146100435634],[219.4974422396831,308.17107781439717]]],[[[219.40553729106938,308.32425977226006],[219.3967960209821,308.3543261959089],[219.42514712751077,308.29934759062365],[219.40553729106938,308.32425977226006]]],[[[219.4027036494963,308.30593575434807],[219.4193196248726,308.29918756950497],[219.43235825591915,308.2765828118509],[219.4027036494963,308.30593575434807]]],[[[219.40539442269755,308.28424555417126],[219.41395866806982,308.2857344010122],[219.4507441620433,308.2371629205026],[219.40539442269755,308.28424555417126]]],[[[221.75437842671283,304.764466550212],[221.7594845595069,304.8326678179877],[222.20804014057975,303.9266357879567],[221.75437842671283,304.764466550212]]],[[[221.6325964363162,304.97695125919245],[221.65151703438056,304.98390116516634],[221.72318921530822,304.82513814523946],[221.6325964363162,304.97695125919245]]],[[[221.4628250505663,305.2303050463496],[221.4352725459654,305.29927429418376],[221.51430691602002,305.15802759413555],[221.4628250505663,305.2303050463496]]],[[[219.52809600755234,307.9398144122624],[219.5217140510712,307.95864183286346],[219.57509047069362,307.9013437107749],[219.52809600755234,307.9398144122624]]],[[[219.4597419842458,308.0281724865334],[219.47449183995636,308.0219418623816],[219.5226880133667,307.9675509177739],[219.4597419842458,308.0281724865334]]],[[[219.41991503382442,308.09567227048035],[219.42448575609572,308.1077141529169],[219.43871276421382,308.07961266568583],[219.41991503382442,308.09567227048035]]],[[[219.44084561723096,308.05895734889174],[219.42943170137545,308.07917665669186],[219.4788775322362,308.0240108691158],[219.44084561723096,308.05895734889174]]],[[[219.46394264137612,308.0166654892108],[219.49535280317974,307.97953484185143],[219.4888655644833,307.9788205480079],[219.46394264137612,308.0166654892108]]],[[[221.28006730721987,305.48459097316106],[221.27795487430328,305.5141369754273],[221.29592273443023,305.4858151552767],[221.28006730721987,305.48459097316106]]],[[[219.3282894771619,308.21298179264903],[219.3071314067048,308.3014780322155],[219.3980476092405,308.2675571455412],[219.5379035061966,308.0582282492189],[219.48687803889484,308.04397679165436],[219.3282894771619,308.21298179264903]]],[[[219.49794481526052,307.92387130372555],[219.50637697667418,307.9444771908651],[219.5620139405133,307.8627011027137],[219.49794481526052,307.92387130372555]]],[[[219.23730658034154,308.34396098482523],[219.2490076533624,308.3476689021695],[219.2633865588186,308.3255716918062],[219.23730658034154,308.34396098482523]]],[[[220.49606626380955,306.45694549720565],[220.4832826182863,306.52552924631794],[220.56481123054903,306.395701899756],[220.49606626380955,306.45694549720565]]],[[[220.1601394415306,306.8724662429671],[220.12453675438195,306.95828980541614],[220.4010552611635,306.57416234638015],[220.1601394415306,306.8724662429671]]],[[[219.49396425416307,307.72698961400704],[219.50860159250297,307.7200527973371],[219.5020918690547,307.7139989839618],[219.49396425416307,307.72698961400704]]],[[[218.25289081036664,309.4433715809469],[218.29082874769335,309.4188767706129],[218.37414155421652,309.3136038363055],[218.25289081036664,309.4433715809469]]],[[[221.58852898121205,304.5541829294399],[221.56434480780342,304.6192942684223],[221.7464325968367,304.23742025243075],[221.77647132510472,304.1747325645261],[221.74418663502416,304.23966448479445],[221.58852898121205,304.5541829294399]]],[[[220.2571100115258,306.6384211375165],[220.13324609761997,306.87347471871914],[220.38375485654376,306.5474591309899],[220.2571100115258,306.6384211375165]]],[[[219.88029988038448,307.17756105900065],[219.91237827991438,307.1602779896158],[219.74333804518437,307.3597876721714],[219.85599974984416,307.2483924316839],[219.92770777591718,307.14057025440405],[219.9863894615715,307.04251576380466],[219.88029988038448,307.17756105900065]]],[[[220.3049308031637,306.54361138238846],[220.27244822171568,306.60191074836973],[220.30157611654045,306.5767241771385],[220.3049308031637,306.54361138238846]]],[[[220.57032717917372,306.14710327798576],[220.32073367331014,306.5608382161176],[220.4459488396726,306.48104995714914],[220.7630562236456,305.90057077887843],[220.57032717917372,306.14710327798576]]],[[[219.419619365555,307.7643068547433],[219.44161298477928,307.7451950388174],[219.46216005789321,307.707876230991],[219.419619365555,307.7643068547433]]],[[[219.7637654588744,307.30285185422844],[219.76788994718407,307.3175806899028],[219.81735694704085,307.25178996230954],[219.7637654588744,307.30285185422844]]],[[[219.9069193102348,307.10391215740833],[219.89027966323462,307.13107713084395],[219.95832361840397,307.0442099954899],[219.9069193102348,307.10391215740833]]],[[[219.31789303847273,307.87427348248286],[219.27259204001868,308.00687268161624],[219.3454949898933,307.97749271670926],[219.24790154174997,308.0778822265944],[219.28528104223741,308.05789872994745],[219.1050387521274,308.28328285339904],[219.2887956688224,308.2136318179387],[219.53129778251414,307.8628784964577],[220.256504501616,307.11420184033324],[220.57062721315089,306.7012433160198],[220.52689961182057,306.7836451727437],[221.11739921510434,306.09129875345565],[220.6058383534326,306.60805267416276],[220.81690223981334,306.3338198331687],[220.75077353119724,306.42376971942514],[221.05852356913505,306.11905500158383],[221.0248668312789,306.1130961022774],[221.13041473876945,305.9944106210269],[221.12784021389962,306.0333904223558],[221.53369664663364,305.5261318060117],[221.4785338136233,305.5674879609512],[221.6106642817462,305.4280154883269],[221.52795901645158,305.5765937229944],[221.8219910881618,305.18183388299553],[221.877617378778,304.94795653604],[221.9474103329354,304.8825727612843],[221.89049069648271,305.03761494597967],[222.30146804317684,304.29857206424595],[222.16264927769004,304.5198424623916],[222.52391914205407,303.8514077265228],[222.4795188774229,303.900151679655],[222.7376388955995,303.50103437602775],[222.42325382352135,303.72174570308096],[222.25763935235028,304.04045357160385],[222.21110620926197,304.0286714100498],[222.12275274051686,304.2735660896213],[222.15643858569592,304.29199403938003],[221.9396256946415,304.6605255598107],[221.94368250522703,304.6024746822315],[221.51934214373483,305.3461400716169],[221.61093629816475,305.16304788588525],[221.450259325899,305.4537087810967],[221.28640073614292,305.6630769158311],[221.46179354009502,305.39321669173233],[221.295462175485,305.56458262953487],[221.64217442948592,305.07765113772297],[221.61456806611,305.0557033940651],[221.21544112435322,305.62391118896693],[221.00562275425918,305.8298953019303],[221.45298781496228,305.225967078149],[221.39363446848915,305.27189775385955],[221.5413026618517,305.09307119711093],[222.1216910197839,303.9770410739811],[222.24589474190074,303.73856459896115],[222.35221360874948,303.53523482587946],[222.21592708660367,303.76848128158616],[222.09452894535144,303.97691796356264],[221.3629827339443,305.2346237483589],[221.39187954886336,305.20779448341466],[221.28453255881723,305.34779477388105],[221.32957123786025,305.33754723331214],[220.91585726636947,305.89835275466373],[221.01319363902397,305.6997696613293],[220.92657488781128,305.79818778553215],[220.96360575721206,305.7308204091413],[220.7735508773922,305.9760516064753],[220.8019356542914,305.9568762380197],[220.6637717636013,306.1375445875964],[220.6751650862903,306.194985361916],[220.89450139949471,305.9310076857657],[220.63650122880694,306.30719930189616],[220.72458662468253,306.21643050763873],[220.6210355914062,306.40769995615096],[220.11145675520436,306.98583265614235],[219.90881740541747,307.2162591503138],[219.94829832056064,307.18533046671826],[219.6586912773774,307.5053803365711],[219.80603043287263,307.3269182889893],[219.5119800947327,307.6693358538506],[219.67878171927038,307.5445603103095],[219.390837475392,307.9132911481506],[219.40630145465866,307.77832700850456],[219.31789303847273,307.87427348248286]]],[[[220.1807802091161,306.6432776460484],[220.02459300329858,306.9109593297331],[220.04031783952135,306.9616032445636],[220.26328479472798,306.6041492259623],[220.1556539776186,306.7248750777334],[220.1807802091161,306.6432776460484]]],[[[218.97279389031723,308.33945259841096],[219.00984597536512,308.3212410680866],[219.00413802372657,308.3121910338112],[218.97279389031723,308.33945259841096]]],[[[218.92443194774285,308.4100955005836],[218.97205872595774,308.38239418752676],[218.96983953459713,308.3740365976475],[218.92443194774285,308.4100955005836]]],[[[217.46224786065892,310.1447048068029],[217.41619363239195,310.2314539647768],[217.54526441174477,310.09722266697975],[217.46224786065892,310.1447048068029]]],[[[219.30938381410692,307.804293006417],[219.30446743858653,307.8523157768067],[219.38955951981055,307.7348965350554],[219.30938381410692,307.804293006417]]],[[[218.5054958223738,308.882272724612],[218.59025033804141,308.8011639496819],[218.58773956133146,308.7977569845907],[218.5054958223738,308.882272724612]]],[[[219.18119338050482,307.8401208085769],[219.17014673674,307.8802109386146],[219.20842929079208,307.8151998639866],[219.18119338050482,307.8401208085769]]],[[[215.056879707654,312.80443828276475],[215.0851572478614,312.78210333953814],[215.0910562842634,312.76929773913486],[215.056879707654,312.80443828276475]]],[[[215.08794044475513,312.6720346041677],[215.33183382704982,312.40515559005485],[215.13802213176993,312.60795748215367],[215.08794044475513,312.6720346041677]]],[[[215.02273665556203,312.75064861069916],[215.11119259086865,312.66397364138805],[215.0724869678491,312.68873550043133],[215.02273665556203,312.75064861069916]]],[[[219.11876453654543,307.7717056953343],[219.2190577334708,307.80439239695306],[219.2312259135834,307.6899262301253],[219.11876453654543,307.7717056953343]]],[[[217.75634214104775,309.45135938156477],[217.73924559158093,309.535021396699],[218.01066311828478,309.27950755315175],[218.27023559898925,309.03479021312853],[218.01074202229336,309.29194787628046],[217.75774008369044,309.5423073460888],[218.0205198457897,309.2919583778661],[217.98475887804392,309.3601948467065],[218.75520430313722,308.60422996812446],[218.69011137920512,308.6976039662665],[218.75440797293214,308.6840923352647],[218.39236780446623,309.02291409553857],[218.4449582981236,308.9866394666034],[218.2277117473436,309.20529816617284],[218.0115740805199,309.4231335205888],[217.83766869265895,309.5980523419943],[218.01176336423447,309.4529767518168],[218.264380186796,309.2420173107014],[218.63806830755902,308.930388661866],[218.89199711587634,308.902727309199],[219.37915849806163,308.37975944931554],[219.3329858175052,308.32471182368243],[219.2127693743696,308.4164855034377],[219.21735351097104,308.34165402525343],[219.0969939344684,308.42731449597125],[219.13220711727303,308.39166995743096],[219.0423635779623,308.35890613490255],[218.91563762308542,308.52352571498477],[218.92520440383328,308.4749752256343],[218.81732301932584,308.52021902026337],[218.9675871374927,308.3468397337573],[218.93046271415156,308.35303320368905],[219.04789128444048,308.19270401496885],[218.96343566250042,308.2625178076778],[219.13247155908434,307.9972311610715],[218.93594579244188,308.22687583664924],[218.98837862430344,308.0621742362334],[219.132678973769,307.9037976217171],[218.879531706492,308.16947985817404],[218.88894424878276,308.22683955204724],[218.86286370290725,308.19083228775844],[218.77220767004326,308.3801882155954],[218.8714927269035,308.28792061165586],[218.7362371255009,308.44477186835815],[218.67897858562213,308.4519335797124],[218.0100123385897,309.17690301073185],[217.75634214104775,309.45135938156477]]],[[[213.2816946983376,314.3882967268327],[213.71510993862816,313.9951793916093],[213.89745228792327,313.8286878970626],[213.8380782033637,313.87454557459176],[213.70816426817663,313.9951226270314],[213.2816946983376,314.3882967268327]]],[[[213.02091867007223,314.6782361276097],[213.14839205172387,314.5568117786229],[213.13527933872086,314.56547318224636],[213.02091867007223,314.6782361276097]]],[[[213.51038032993551,314.1438936018291],[213.4248689340603,314.2363726065697],[213.68736761839628,313.99495266315876],[213.9059803224722,313.7925437390718],[213.783589637993,313.90760862147636],[214.44612100158204,313.2878192722024],[215.01925109002374,312.8357448951615],[215.21123780491473,312.60177111417073],[215.42369929922017,312.40844932080734],[216.0113105833822,311.87518559962683],[216.40524906612927,311.5173550160351],[216.63104629264225,311.2112799111377],[216.38677212164401,311.508869714962],[216.01092665566324,311.8200764298562],[215.67507115526854,312.09794087100414],[215.39893864784293,312.38368019703256],[214.97338325593685,312.8252887588662],[215.04332308558236,312.7419845202921],[214.97591150807253,312.8063887185778],[215.05338396235646,312.66356554577357],[215.37274180898098,312.35747439435016],[215.71993389857028,312.025624608166],[215.6865734561049,312.0309842706746],[216.3555175402567,311.4945164471262],[216.96395880887172,310.76047951098104],[216.67094115221738,311.07255003195945],[217.1875324550893,310.47337489663977],[216.70230386977897,310.9184018809216],[216.78787491258106,310.80426569046904],[216.38616082909283,311.24079764821613],[217.01451632192476,310.54174579140226],[217.0420116779123,310.4266960126552],[216.9402881893993,310.5301047578245],[217.03395880047162,310.40606311613567],[216.8528282113017,310.5406203837103],[216.99989774138203,310.3880778857966],[216.90941573636815,310.4267835969653],[217.00786728807137,310.3158710899023],[216.6716674827045,310.6261654201826],[216.36452337991926,310.99158062511],[215.9904188630452,311.43705867911365],[216.11826178550172,311.3095534842771],[215.70581660837513,311.78189571824515],[215.94984304111608,311.58051254089725],[215.5486897268357,311.96752129162667],[215.2821851097092,312.2668867091263],[214.63658481571082,312.99417193548777],[214.1048036529617,313.59369925578216],[213.67222374336018,313.99482889747173],[213.51038032993551,314.1438936018291]]],[[[212.8968440306175,314.7553435719569],[213.13474283528393,314.5298771547151],[213.2345891640977,314.4220375651281],[212.8968440306175,314.7553435719569]]],[[[211.46060259827857,315.94190816464027],[211.61215606713984,315.8206033033366],[211.62753061151656,315.7874934519435],[211.46060259827857,315.94190816464027]]],[[[215.77000972013724,311.3895838675676],[215.8071101358077,311.36122142271995],[215.79790355983397,311.3533527901692],[215.77000972013724,311.3895838675676]]],[[[215.8916605195341,311.1528444334979],[216.02632564333237,311.0136840284938],[215.92434303984973,311.1095165329703],[215.8916605195341,311.1528444334979]]],[[[215.49519215385646,311.6739824029438],[215.5044205687089,311.681618850529],[215.57680379039272,311.6017374310195],[215.49519215385646,311.6739824029438]]],[[[215.19874574212477,312.02165370653756],[215.27302366480606,311.9778182109993],[215.35862214054447,311.8557552328837],[215.19874574212477,312.02165370653756]]],[[[215.93227716573287,311.0285372839991],[216.05480339610006,310.9263904563192],[216.04856568614278,310.9142924476532],[215.93227716573287,311.0285372839991]]],[[[214.68824755755787,312.53358444390597],[214.9550844912652,312.320282547882],[214.4914077536184,312.81414536054564],[214.55893847065104,312.81162355040544],[214.85456047122221,312.4750645267837],[214.917896855536,312.46886642686974],[215.21635364741772,312.2010327211625],[215.43611130626755,312.0043590543333],[215.70246131062595,311.6900800688251],[215.44671461526974,311.9302361949269],[215.6964269801988,311.6646701017211],[215.62654528839082,311.74927241697594],[216.28315968404485,310.9910634499897],[217.1513434220692,309.989337815889],[218.00888049410435,308.99845185992604],[218.16655003186068,308.815990623145],[218.03402227820308,308.9379347010501],[218.6760052736546,308.22218907486535],[218.7740514369198,308.0388242392265],[218.00777953436128,308.7687273717098],[217.82265868045826,308.9447269647769],[217.25030391895612,309.6697865301642],[217.356304723657,309.5915181851834],[217.06745745779367,309.8401676917913],[216.42699289706388,310.60259273502027],[216.47105501991464,310.5335094830889],[216.11345749668078,310.86727944826157],[216.23656161746516,310.78527423113064],[216.0388111655273,311.0130413452389],[216.14228576893166,310.92417611135926],[215.84428950853987,311.26664923016267],[215.9259234371974,311.1791082199691],[215.8101311836063,311.32782654954144],[216.0169971077175,311.1458794272726],[215.50412577440613,311.71004634363425],[215.55592400777653,311.68523566444344],[215.32020372818312,311.9433373818065],[215.1331086896567,312.1177592793214],[214.68824755755787,312.53358444390597]]],[[[212.04401224355757,315.1362517123229],[212.17810856491818,315.07681600735634],[212.39932898957858,314.9795457884219],[212.1982073992792,315.0427778006306],[212.1583135951008,315.0668295423449],[212.04401224355757,315.1362517123229]]],[[[214.8123859178136,312.3153845468602],[214.57409619355374,312.58526257121605],[215.1499776599362,312.05868362360627],[215.03509820603924,312.16151617526026],[215.1030161549846,312.0876564478316],[215.27472641956496,311.9014194064399],[215.18440747222832,312.0320932069672],[215.44577203444464,311.7558977044047],[215.36423837209844,311.8403548050642],[215.38916719462304,311.7937175890304],[215.30544249772643,311.87301569135343],[215.54889872192888,311.5562954086898],[215.36264631338292,311.6875420908227],[215.17449144190977,311.92820049803606],[215.20895214580824,311.91162078606305],[215.06912212901898,312.0537508242848],[214.8123859178136,312.3153845468602]]],[[[214.2552127115724,312.9036834228409],[214.22859396513783,312.93753914688585],[214.30042289351948,312.8782332630473],[214.2552127115724,312.9036834228409]]],[[[211.24919878115207,315.6704242442137],[211.2961495413527,315.6525633833209],[211.30080679499508,315.63797819434546],[211.24919878115207,315.6704242442137]]],[[[210.8407860303944,315.9883187276847],[210.874680844833,315.9788542784394],[210.99813567144963,315.8520941796253],[210.8407860303944,315.9883187276847]]],[[[211.66835878603234,315.2232225989366],[211.7568489752813,315.20857038698404],[211.85561476617465,315.1274853434567],[211.66835878603234,315.2232225989366]]],[[[210.53411528477466,316.25461816203574],[210.54360199449775,316.26057521155053],[210.67363522895553,316.1325382713942],[210.53411528477466,316.25461816203574]]],[[[212.87300033483493,314.093499261504],[212.8988406558494,314.0898967458705],[212.9783341153838,314.00962958209794],[212.87300033483493,314.093499261504]]],[[[211.31722545859805,315.39701514749333],[211.53732820146809,315.27692381022024],[211.57204124923246,315.22704240152416],[211.31722545859805,315.39701514749333]]],[[[211.69862901726614,314.9620902736696],[211.57645867819411,315.09543695577497],[211.8762738026589,314.9808854415712],[211.5254685275526,315.24617939778386],[211.85312754192924,315.02661735678186],[211.80226647647558,315.102792761054],[212.0784361126421,314.96338309626907],[212.17138855291506,315.0111090870067],[212.81772214942376,314.58517386594394],[212.94874593937158,314.3928865050026],[212.87715233547019,314.42309685683483],[213.09503123890417,314.25211704227473],[213.06500846584476,314.31593903424874],[213.10442396417557,314.34571913411065],[213.16266904085282,314.2958447377758],[213.51883746382708,313.993575324115],[214.3928342262917,313.2469302129915],[214.5376405007135,313.0688916952998],[214.20861292076944,313.34206641849096],[214.6052508756946,312.96266465169737],[214.46866846104678,313.0416594098031],[214.67005454065094,312.89393339676553],[215.24234641531024,312.22703438304814],[215.2881132506647,312.173858178464],[215.20109499146008,312.26363091441397],[215.2988742230103,312.1526423912525],[215.23029777136108,312.2149816163924],[214.3774459836866,312.9923842706018],[214.00126859600562,313.33551388245206],[214.27683125969634,313.0741775621916],[214.22344451789394,313.0901002138369],[214.56312031028023,312.73600153443886],[214.65246667069994,312.5676523162296],[213.35455306965065,313.71600499743533],[213.43239377263137,313.6303628674],[213.00621131659915,313.9851010282096],[213.02317859267637,314.01845275691164],[212.7953307832285,314.1855827801526],[212.86561293744873,314.1085225490898],[212.00858973104783,314.73568574807393],[211.69862901726614,314.9620902736696]]],[[[209.20964063893575,317.3891241502921],[209.23892433010897,317.37239327543483],[209.26452959131097,317.33956531005464],[209.20964063893575,317.3891241502921]]],[[[208.53182964375492,317.8746697830177],[208.62065802187522,317.82485627793886],[208.76696192356712,317.69927378968987],[208.53182964375492,317.8746697830177]]],[[[200.10704952335936,324.23405813828447],[200.16637924631053,324.22355133763324],[200.4776179470544,324.0502455287479],[200.10704952335936,324.23405813828447]]],[[[200.17778085987018,324.11783403384914],[200.33750438193124,324.0389937073057],[200.29175336078382,324.0542075283602],[200.17778085987018,324.11783403384914]]],[[[199.82342740674304,324.2602493089091],[199.96553392301385,324.2271004946792],[200.14154692178982,324.0935312388477],[199.82342740674304,324.2602493089091]]],[[[189.9249200392755,331.22814712638467],[190.02749156720398,331.09384185844004],[190.00646372855365,331.11097891368973],[189.9249200392755,331.22814712638467]]],[[[189.82923192007462,331.4200242183331],[189.90488401449326,331.28641506140815],[189.84943377163214,331.3559260914627],[189.82923192007462,331.4200242183331]]],[[[190.11225082028344,330.76714663540275],[190.06033665025745,330.88420895340784],[190.06146769448293,330.9416690239136],[190.0645360965858,331.07430502919766],[190.1568684480996,331.0143053012183],[190.130883670166,330.87199001049976],[190.11225082028344,330.76714663540275]]],[[[189.70419819526964,331.66764975734424],[189.70546153088918,331.6937046665878],[189.70765729814906,331.6849207123754],[189.70419819526964,331.66764975734424]]],[[[189.63220697624232,331.75676652166055],[189.6541293397102,331.70658366797323],[189.6432036872435,331.71318404080375],[189.63220697624232,331.75676652166055]]],[[[189.59532486691842,331.8155450660588],[189.62025364420646,331.7849380652887],[189.62206553776593,331.7615370850066],[189.59532486691842,331.8155450660588]]],[[[189.56371710480667,331.89714874962743],[189.62054628301496,331.93712195381084],[189.57381004613825,331.8766185224967],[189.56371710480667,331.89714874962743]]],[[[189.5245337804776,331.8833064559623],[189.53573151234048,331.93869228042723],[189.58832203889654,331.8008527757745],[189.5314279270583,331.7750720240771],[189.5245337804776,331.8833064559623]]],[[[189.52092831472834,332.2462598113604],[189.52386922579916,332.24649817507424],[189.52526403994665,332.2328609440887],[189.52092831472834,332.2462598113604]]],[[[189.51919217764947,332.1932557361358],[189.52709061291253,332.227669272988],[189.52756551032795,332.17891119493487],[189.51919217764947,332.1932557361358]]],[[[191.99965165754801,337.76515332043925],[192.04480146740485,337.80994392784964],[192.038059788567,337.7936785666869],[191.99965165754801,337.76515332043925]]],[[[189.4723447351338,332.2895235304019],[189.4824029228141,332.30103727304726],[189.48862010700282,332.2530222724853],[189.4723447351338,332.2895235304019]]],[[[189.45956074297908,332.179426621226],[189.46528132298977,332.1822365925976],[189.46313678965384,332.1631574723468],[189.45956074297908,332.179426621226]]],[[[189.4596055339604,332.3067379375852],[189.46319771522315,332.29992703423045],[189.46326736434153,332.29196090898625],[189.4596055339604,332.3067379375852]]],[[[189.45409454824622,332.2061507200928],[189.4638720171585,332.20016709585553],[189.46072880198378,332.18967778243194],[189.45409454824622,332.2061507200928]]],[[[189.45048934088135,332.1569620263356],[189.4571960702356,332.1802236523434],[189.4647944070467,332.12117147997924],[189.45048934088135,332.1569620263356]]],[[[189.4478212841999,331.8840063206293],[189.46426089655313,331.89723625452973],[189.45023186381405,331.8600324497296],[189.4478212841999,331.8840063206293]]],[[[189.40174321694772,331.6085713559795],[189.48875812770183,331.9217484590199],[189.44240405443458,331.59889700743577],[189.40174321694772,331.6085713559795]]],[[[189.40189069837697,331.9322561642696],[189.42172251972556,332.0709898699445],[189.4221019204806,332.0376119040677],[189.44265879386785,332.1137172024918],[189.43383382730445,331.99871954803143],[189.4216675193556,331.84301366684247],[189.40189069837697,331.9322561642696]]],[[[189.40896662817943,332.2765032853122],[189.41482852425764,332.28717254801313],[189.41231283600175,332.21279835743064],[189.40896662817943,332.2765032853122]]],[[[189.39351971482432,331.8799082017469],[189.395973549635,331.89281118113394],[189.39505278199366,331.86878986824894],[189.39351971482432,331.8799082017469]]],[[[189.3904797445943,331.7358493356777],[189.41202133604335,331.80100205889585],[189.40938620214246,331.7428646184776],[189.3904797445943,331.7358493356777]]],[[[189.38414835724893,331.99660158158576],[189.39866205084206,332.0292995319809],[189.39500237749755,331.95774400198854],[189.38414835724893,331.99660158158576]]],[[[189.3814547337717,331.7801765387826],[189.40190171523506,331.8598157172953],[189.40844983719705,331.8221947815199],[189.3814547337717,331.7801765387826]]],[[[189.37126424007553,331.7507673899238],[189.39751655845683,331.7878268992423],[189.38129702866019,331.73834064524607],[189.37126424007553,331.7507673899238]]],[[[189.27203091879232,331.8822221884052],[189.27654823042687,331.898964512801],[189.2734499535773,331.8733810814101],[189.27203091879232,331.8822221884052]]],[[[189.26653035654329,331.8505233227937],[189.26822286810935,331.8615200570242],[189.26920062314474,331.83929476617857],[189.26653035654329,331.8505233227937]]],[[[189.2402830935938,331.754960198219],[189.24467242932153,331.72756827131514],[189.24026503836046,331.7401461503315],[189.2402830935938,331.754960198219]]],[[[189.22679191993413,331.79011368952047],[189.22948144948433,331.76626813573046],[189.23078447983931,331.7270319062647],[189.22679191993413,331.79011368952047]]],[[[189.33422113033873,332.7865506790243],[189.34357576769793,332.8041240797969],[189.34454601249195,332.79591928340005],[189.33422113033873,332.7865506790243]]],[[[189.17037369767084,331.6615356610757],[189.17433976873372,331.6548898525363],[189.17362009877525,331.6411268405252],[189.17037369767084,331.6615356610757]]],[[[189.14246148915805,331.6776677375529],[189.15196718012737,331.7375287303855],[189.14562046592138,331.6467118111718],[189.14246148915805,331.6776677375529]]],[[[189.09221036178252,331.94800284082476],[189.09421398172583,331.95181476586123],[189.09459492170356,331.9353495884874],[189.09221036178252,331.94800284082476]]],[[[189.07756118240928,331.6771004753251],[189.08083814552538,331.65709909785096],[189.08005258492452,331.6333999306131],[189.07756118240928,331.6771004753251]]],[[[189.06101338952763,331.68714674828584],[189.06771694426544,331.67436497943703],[189.06483403623994,331.661146110901],[189.06101338952763,331.68714674828584]]],[[[189.05021583635946,331.7428240302447],[189.0573934196043,331.74471072303226],[189.05629353277078,331.71402771134274],[189.05021583635946,331.7428240302447]]],[[[188.95013526640972,330.7560570535497],[188.94867811087963,330.84087484333895],[188.96386361336346,330.68759638960773],[188.95013526640972,330.7560570535497]]],[[[189.01121200727275,331.5717984160151],[189.01537422675352,331.57240995101444],[189.01432093273542,331.557953112144],[189.01121200727275,331.5717984160151]]],[[[189.01020221133405,331.589773277101],[189.01764206470153,331.5996978892646],[189.00857186907177,331.57323999779305],[189.01020221133405,331.589773277101]]],[[[189.15469097151305,332.51198396360786],[189.18320709307866,332.5916799954239],[189.18334606543144,332.56715392195116],[189.15469097151305,332.51198396360786]]],[[[188.9103040679431,330.23935428707125],[188.92186501398686,330.2697953265556],[188.92452341734912,330.2542721541704],[188.9103040679431,330.23935428707125]]],[[[188.85388418593186,329.61069923531886],[188.86749377751264,329.6379903705239],[188.86764246622545,329.60641329525095],[188.85388418593186,329.61069923531886]]],[[[188.99511825466155,331.63997318615964],[189.00605988204512,331.66174127526716],[189.01089264647186,331.62412537948535],[188.99511825466155,331.63997318615964]]],[[[188.90496381976925,330.305951503719],[188.9111450833296,330.3211718568982],[188.9044149313459,330.2698863186003],[188.90496381976925,330.305951503719]]],[[[188.93060507520346,331.4373915849118],[188.93285000970138,331.437578435134],[188.93114914760682,331.4294377404708],[188.93060507520346,331.4373915849118]]],[[[189.11038420619028,332.46395012441513],[189.1137758519319,332.47222619866915],[189.10384042688747,332.42045337092384],[189.11038420619028,332.46395012441513]]],[[[188.79912569463443,330.82896332127746],[188.82221551805102,330.8084485123323],[188.82585976570715,330.72945865488737],[188.79912569463443,330.82896332127746]]],[[[188.77146628677303,331.09750000698233],[188.79633226492024,331.14360927166786],[188.80073933906368,331.0621655507956],[188.8147899790201,331.185111303621],[188.8194244549875,331.13487613538075],[188.83894914088884,331.2372501646694],[188.84660006534796,331.1731803078015],[188.85001467600216,331.2392982011227],[188.85295956033823,331.1843478061245],[188.89272980877777,331.31369199063136],[188.89723515673342,331.2715348723408],[188.92608028136289,331.4187273216213],[188.8777142791109,331.13305009371635],[188.8998984407996,331.20351217384393],[188.89283854895132,331.0400072519519],[188.89641801059844,330.90935013585374],[188.89382459540212,331.02637967696205],[188.9040896648411,330.94457322923574],[188.90254974987795,331.0381242506105],[188.9156322619121,330.7780660721123],[188.86420943673176,331.0104487986629],[188.87487164304767,330.90752311135344],[188.86558484567826,330.94387985027237],[188.88797906074316,330.826553595602],[188.84922602110825,330.92057399360624],[188.8374372470305,330.8888673018064],[188.84037759983286,331.01873183160325],[188.82168544500757,330.89744629319944],[188.81044759985818,330.9466712259758],[188.80931250398132,330.84647822996425],[188.77146628677303,331.09750000698233]]],[[[188.87299384227595,331.6097435357758],[188.87683777754003,331.6165305351724],[188.87423787820975,331.6031424904312],[188.87299384227595,331.6097435357758]]],[[[188.9628789497387,332.12348124788434],[188.9739636663121,332.12545087471165],[188.95723733587513,332.0881799110285],[188.9628789497387,332.12348124788434]]],[[[188.5088851346404,329.2978046042492],[188.54235781151698,329.3179217827114],[188.50851827748136,329.26990811515805],[188.5088851346404,329.2978046042492]]],[[[188.30668543841014,328.9563250254347],[188.32359812733952,328.98384930197784],[188.3050287783936,328.93870505523955],[188.30668543841014,328.9563250254347]]],[[[188.16677932879395,328.8871846960185],[188.25354950323793,328.95086676330556],[188.22624188705205,328.8673336896404],[188.16677932879395,328.8871846960185]]],[[[187.91211972202177,328.57456422912276],[188.06124790043634,328.7342242970669],[188.11981488389836,328.71693382664847],[188.07357165547924,328.5557086524419],[188.15347393673852,328.51398264759115],[188.0422948715578,328.3289710109552],[187.87826221493754,328.45593413400326],[187.91211972202177,328.57456422912276]]],[[[188.66569487204947,331.2350179588898],[188.67351178018728,331.22752189438916],[188.66393645950848,331.2187668043653],[188.66569487204947,331.2350179588898]]],[[[187.58515819246952,328.31276035636483],[187.75330491558532,328.59667470288593],[187.91511829963173,328.749929484201],[187.9466226633059,328.6930526058786],[187.57681531336618,328.1976840604559],[187.58515819246952,328.31276035636483]]],[[[188.3392927764849,330.20736050386034],[188.61410989573525,330.7370774844344],[188.6696552520496,330.7310871926409],[188.65878577117533,330.50972423915573],[188.68916305028426,330.7275299828749],[188.70616913359487,330.6905031261953],[188.72643052310076,331.0013458421356],[188.71942557919263,330.73583058756907],[188.7316002712561,330.8685694563222],[188.74982084505154,330.7844975552142],[188.7501084643897,331.0198638427474],[188.77223445710104,330.7570489280576],[188.7656376086694,330.9927638753586],[188.82683433891845,330.46523442806676],[188.83161669095148,330.6313995060199],[188.8509866507577,330.5416705445417],[188.85289501256838,330.6562267053359],[188.86995189753455,330.5950744792847],[188.8736104423975,330.6600730795475],[188.916144512607,330.4741116319417],[188.89339342564125,330.5426461152599],[188.90045414812937,330.3038137556778],[188.8938390415584,330.34274012496087],[188.87975934263457,330.03591572319414],[188.8973861099583,330.0919867018783],[188.92522509886143,329.9603817065695],[188.8726540669959,329.716065325458],[188.86078441268594,329.85878711308317],[188.85356450121625,329.81724111848456],[188.7961045730273,330.11439416998286],[188.82099254481065,329.7417790119881],[188.78107718587566,329.6697819534045],[188.78878119370978,329.74093715282993],[188.76725741027218,329.70572459014784],[188.78805362960915,329.8562887730295],[188.7437056757766,329.91962186201397],[188.71905874510583,329.7342305154939],[188.7118739909271,329.78911796242295],[188.7155334921826,329.5400089416253],[188.65530620939973,329.5182524023336],[188.63212401316844,329.39896869836974],[188.67593585804184,329.65165053916076],[188.70158686538727,329.8005315754352],[188.64953099298842,329.6827101270863],[188.65722032541194,329.75289985580287],[188.6286933640905,329.61228996018775],[188.62767854066607,329.6879651625262],[188.5596430416539,329.63304196671567],[188.59856384951684,329.57902070100073],[188.53267605559859,329.36346259922124],[188.4976332108021,329.3929723278796],[188.4303987742458,329.2517470305495],[188.47213475588637,329.2547354189377],[188.27036223302994,329.0223065950072],[188.2727596965905,329.0740455651875],[188.22379670023759,329.06109340916066],[188.44837141297486,329.4897735516816],[188.4020873913368,329.46746230606686],[188.58510722571341,329.82585675480743],[188.45757939937914,329.66018843340544],[188.21626106514287,329.29050151542924],[188.2070806442298,329.6171120819264],[188.33981628812683,330.10582884785515],[188.2964851320284,330.11462863473923],[188.3392927764849,330.20736050386034]]],[[[186.3100294013592,326.2106985835921],[186.58884527047482,326.46732528576024],[186.2539441866537,325.9055008814424],[186.22647951875376,326.01438367736574],[186.3100294013592,326.2106985835921]]],[[[187.89425768463656,330.1808813733022],[187.90414152769478,330.18469722362306],[187.8906573249233,330.16828488429576],[187.89425768463656,330.1808813733022]]],[[[187.8619873486419,330.136586627467],[187.87409448800966,330.15116198488886],[187.87010654407703,330.1357736398377],[187.8619873486419,330.136586627467]]],[[[187.57733929186276,329.6861092637919],[187.58970759220682,329.7037810908664],[187.58381610374252,329.6788692271382],[187.57733929186276,329.6861092637919]]],[[[186.17520405098213,326.8976214468016],[186.3371220952659,327.11649494255124],[186.1228762149006,326.76246283488706],[186.17520405098213,326.8976214468016]]],[[[186.42681640836554,327.4119937591599],[186.52669749365134,327.60693839317105],[186.41989674643088,327.36291464108467],[186.42681640836554,327.4119937591599]]],[[[186.62957538200746,328.23743713439467],[186.77622059726258,328.4241646686128],[186.87342312693806,328.54853729890476],[186.8970105667248,328.5058283022853],[186.78962069396312,328.39769252872986],[186.62957538200746,328.23743713439467]]],[[[186.71963805999746,328.4850165442328],[186.73626360043855,328.4919563193084],[186.70858015564528,328.4597341264519],[186.71963805999746,328.4850165442328]]],[[[186.2698041069376,327.8062436804215],[186.3070093258569,327.8688397921644],[186.30615480229858,327.85644434048794],[186.2698041069376,327.8062436804215]]],[[[185.94759809738179,327.34145353079947],[186.0342669594574,327.426068899383],[185.94959535194596,327.2953103157372],[185.94759809738179,327.34145353079947]]],[[[185.44187778964405,326.73774666362306],[185.48470914961246,326.76775184033363],[185.4596065958358,326.7354297771329],[185.44187778964405,326.73774666362306]]],[[[184.02811436533898,325.1315526613584],[184.3375569122673,325.4745185550286],[184.19219917111457,325.21806520390936],[184.26102145888632,325.36084746887184],[183.99957193652634,325.0573258161547],[184.02811436533898,325.1315526613584]]],[[[183.82241075417903,325.0464090079368],[183.97932135886353,325.24861892665524],[183.82636178261237,324.99707233053834],[183.82241075417903,325.0464090079368]]],[[[181.39030697179106,322.3253322897742],[181.4111428270728,322.31822786277445],[181.38019433574541,322.29378761815735],[181.39030697179106,322.3253322897742]]],[[[180.8992048429487,321.83017796261424],[180.99826143809076,321.92253445542974],[181.135194900007,322.0498736239389],[181.13979612954307,321.9882227239547],[180.99839045279134,321.86000437516265],[180.85182342143756,321.7266957337816],[180.8992048429487,321.83017796261424]]],[[[183.48912977093727,324.6541904292841],[183.6100858216643,324.8162779352756],[183.41405684873092,324.48026949612466],[183.48912977093727,324.6541904292841]]],[[[183.2003734009322,324.21989449320574],[183.4131095065922,324.5352478600893],[183.42855288482863,324.5248032446449],[183.2003734009322,324.21989449320574]]],[[[181.32437991199,322.33194319273247],[181.36311230295735,322.34495282703347],[181.312230965731,322.31279459627666],[181.32437991199,322.33194319273247]]],[[[181.08439216661134,322.1505731300146],[181.274056161514,322.2991118368863],[181.33262236172405,322.28412350279416],[181.21751763106604,322.2275680270852],[181.15828651226448,322.112451746148],[180.86646392415048,321.88605964815395],[180.98050435814176,321.9977372137056],[181.23088913017023,322.24236193675654],[181.08439216661134,322.1505731300146]]],[[[180.29328136132577,321.30626930378213],[180.33888462663748,321.26059499414913],[180.12581130297482,321.1074230154357],[180.29328136132577,321.30626930378213]]],[[[181.19937361951983,322.361230349666],[181.27929811803568,322.36945034090917],[181.75428637210535,322.7288313456113],[181.51162368995114,322.54296066259815],[181.57036997656215,322.5708647706065],[181.11376256273246,322.20682372498607],[181.20281513499748,322.3112024589214],[180.9443011903303,322.1197156769011],[181.19937361951983,322.361230349666]]],[[[180.94271753193374,322.2015892315825],[181.1357607263913,322.3390137788581],[181.0107526397674,322.2348805969711],[180.94271753193374,322.2015892315825]]],[[[179.98963661222638,321.1877603993813],[180.20327328862467,321.3101883230073],[179.98352726629315,321.12716109951947],[179.98963661222638,321.1877603993813]]],[[[180.7673495730822,322.07144500152503],[180.89274591724913,322.1614047376097],[180.76857042722915,322.04850617075914],[180.7673495730822,322.07144500152503]]],[[[180.64721284591482,321.9518856851836],[180.63069845775053,321.8922911269284],[180.59332002534066,321.86192962160686],[180.64721284591482,321.9518856851836]]],[[[187.4186218133407,331.33711026767065],[187.42666231044765,331.3295151019274],[187.4048931223134,331.3100781885091],[187.4186218133407,331.33711026767065]]],[[[181.92501018909016,323.22189260882317],[182.00919671700333,323.2838750895504],[181.96672257557117,323.24610408124835],[181.92501018909016,323.22189260882317]]],[[[181.3049482903137,322.70164776853017],[181.4146684138206,322.7653307834489],[181.31499818071336,322.6690784543565],[181.3049482903137,322.70164776853017]]],[[[187.53456043030317,331.61137072621887],[187.5457082400132,331.60080208855805],[187.52869515658375,331.5867155529401],[187.53456043030317,331.61137072621887]]],[[[179.68024291145113,321.2695097904866],[179.84864390449667,321.4415226499973],[179.99458273768462,321.54271790188704],[180.36549925804624,321.7990231287445],[180.27216403966935,321.78416115072366],[180.384253720454,321.84499570624206],[180.46252832805905,321.99307537794135],[180.5218764277667,321.9870925533712],[180.66898612088488,322.1690807645607],[180.66038491921287,322.079423210299],[180.7752195665505,322.2039084338905],[180.88558146746902,322.3230701875232],[180.8809003631701,322.26659867418823],[181.48455442772868,322.720740841314],[180.89470653960868,322.22850112332486],[181.15352927944699,322.4079503349535],[180.82641957605605,322.15248734053324],[180.78447864553715,322.11958865294775],[180.80736546432726,322.18849547806485],[180.60270015230645,321.9650084893086],[179.99467211119608,321.5222557280005],[179.9114740467415,321.4614629890918],[179.66264256954562,321.1947737608159],[179.68024291145113,321.2695097904866]]],[[[187.30419231750787,331.3471619898372],[187.35550682804134,331.4081208394727],[187.28657511985307,331.29957824510865],[187.30419231750787,331.3471619898372]]],[[[181.30561703863313,322.83081760244875],[181.67935333588684,323.0351921257873],[181.40819986889036,322.8105011542142],[181.37311502138382,322.84334673997597],[181.2233879905986,322.74838992281866],[181.30561703863313,322.83081760244875]]],[[[187.2274777008398,331.3063250532359],[187.31837303620077,331.4085304297224],[187.27952214192226,331.3474224746633],[187.2274777008398,331.3063250532359]]],[[[180.64862345535025,322.38301812668897],[181.07861764165028,322.63414800378916],[180.6739955467218,322.3025623793359],[180.64862345535025,322.38301812668897]]],[[[180.1628078089807,322.1795345303716],[180.56319286396896,322.41685067692845],[180.72143010704366,322.5101783734194],[180.58136588188796,322.39859918713336],[180.37598529818268,322.23427274205596],[180.59747934873445,322.38241614164133],[180.87161880822438,322.5649146996021],[180.61784817400593,322.36195936290284],[180.28209869974623,322.0922699634096],[180.35531803853974,322.1164185160701],[180.3030044184849,322.02964454483333],[179.96989779101506,321.8187721088894],[180.01717639869156,321.9118133542559],[179.62054703610175,321.61378170782996],[179.9759333979208,321.98473020420346],[180.1628078089807,322.1795345303716]]],[[[181.94560058321792,323.8636800907125],[182.23588767800044,324.08609975500787],[182.14086272496743,323.98097011496407],[181.94560058321792,323.8636800907125]]],[[[182.07083104088022,324.09610898545964],[182.16041068856686,324.18067923482755],[182.23238930278472,324.229545918512],[182.07083104088022,324.09610898545964]]],[[[186.7333798136282,330.9404816682113],[186.77109863974397,330.99510927117865],[186.86012192555992,331.12488058336703],[187.21350860608294,331.41149013090944],[186.81568214920114,330.99505761853845],[186.69578415087602,330.87026370803324],[186.7333798136282,330.9404816682113]]],[[[179.02088320328124,321.4405129049659],[179.20948242918587,321.5705825221893],[179.02161989231513,321.3716558455],[179.02088320328124,321.4405129049659]]],[[[178.41680092554395,320.8942184500167],[178.54796246241247,321.0348199328055],[178.45719888455847,320.90092714402897],[178.41680092554395,320.8942184500167]]],[[[179.69156075549003,322.2577809862605],[179.739633442497,322.2989048816819],[179.726669112647,322.27835640738465],[179.69156075549003,322.2577809862605]]],[[[178.71936716105282,321.28916238745046],[179.06115679326095,321.54299119217103],[178.87722113888003,321.3679054108174],[178.71936716105282,321.28916238745046]]],[[[178.25545412677582,320.92290863029893],[178.46743203814808,321.10498231633505],[178.54075405461828,321.0552870013996],[178.45989229094437,320.9826066770636],[178.19981849625879,320.7494283615133],[178.4211737168203,321.04242585713774],[178.2749488239666,320.87778172194635],[178.25545412677582,320.92290863029893]]],[[[177.75208843045215,320.4702566303337],[177.74391259537055,320.4203699179351],[177.66442275857926,320.3578399165049],[177.75208843045215,320.4702566303337]]],[[[178.11087467389603,320.80230505226166],[178.1806727929593,320.8115392788736],[178.08774995007798,320.7499007509537],[178.11087467389603,320.80230505226166]]],[[[177.92013503327064,320.6717126836938],[177.8236081444478,320.54811621845477],[177.77776489152896,320.5171520854449],[177.92013503327064,320.6717126836938]]],[[[175.54218132670948,319.0189931318214],[175.6180791065604,319.0581158856247],[175.55415510855985,319.01057910267207],[175.54218132670948,319.0189931318214]]],[[[176.51357379678518,319.7839156282464],[176.94240797833743,320.01659166626723],[176.68404170852145,319.7703872537523],[176.34835147616178,319.55443721046],[176.51357379678518,319.7839156282464]]],[[[174.7168439632843,318.44871129721065],[174.79138024811587,318.4039449208907],[174.6745112502362,318.3658387051695],[174.7168439632843,318.44871129721065]]],[[[174.5622036898128,318.3497907248868],[174.61378144975936,318.3611774848344],[174.60796199173967,318.3448664560218],[174.5622036898128,318.3497907248868]]],[[[188.6745705083091,334.4409757580478],[188.73513239520477,334.461833769589],[188.71883931881177,334.40764632279024],[188.6745705083091,334.4409757580478]]],[[[174.11879155624644,318.35449969944546],[174.35719551076423,318.5081471421489],[174.52289738350584,318.50900368099906],[174.64190166843065,318.5100191201867],[174.65312917434602,318.42704419897],[174.53868042530934,318.3559707617958],[174.33549971112652,318.3206068232463],[174.12321382074052,318.2842754833629],[174.11879155624644,318.35449969944546]]],[[[177.4511144424108,320.9711037130857],[177.87036945612255,321.2261247208238],[177.8022988499368,321.1783154683541],[177.4511144424108,320.9711037130857]]],[[[177.11744345790984,320.95956446629083],[177.22308049615987,321.03253382234993],[177.13461372267173,320.9309817091447],[177.11744345790984,320.95956446629083]]],[[[186.00041267509687,331.5264077988176],[186.08344325137568,331.5118898584923],[186.06838962796874,331.50034574134156],[186.00041267509687,331.5264077988176]]],[[[187.90084905265314,334.14271517099877],[187.9211491511686,334.14719687742553],[187.91743000676757,334.13854779804916],[187.90084905265314,334.14271517099877]]],[[[187.90810978808432,334.1648823470802],[187.93043581062406,334.17933101651414],[187.9258166307699,334.16554147053716],[187.90810978808432,334.1648823470802]]],[[[169.65979088091234,317.048381217561],[169.93627815373418,317.1415282164264],[169.90642559227635,317.1113509810355],[169.65979088091234,317.048381217561]]],[[[187.65407378975902,333.94648569396645],[187.6689601916998,333.95179569982565],[187.67197827729902,333.9432639911739],[187.65407378975902,333.94648569396645]]],[[[187.63054546103314,333.9368170742459],[187.6619672236192,333.9388753462069],[187.6537924858385,333.9028116806947],[187.63054546103314,333.9368170742459]]],[[[170.70923610646196,317.98729544759686],[170.98972598296703,318.1015390368194],[171.17731960836505,318.17833380897446],[171.41774972416192,318.27651327132855],[171.9897617501156,318.59576775054165],[172.4266925765516,318.8402313429569],[172.79537191713027,318.9797319966604],[172.85776541255484,318.9295934388679],[172.98774715824203,318.98062226118395],[174.1478080104653,319.43456160900973],[174.53663866694473,319.53813998625844],[175.01886454669187,319.6662362989021],[174.8826133198015,319.4914058700493],[174.41633740628237,319.1440795432922],[174.27193687012678,318.95797580438943],[174.66493778727406,319.06495094111216],[174.61619744694667,318.9837087230798],[174.54931117579133,318.8727576211151],[174.36656544057982,318.838890566665],[174.49393391005833,318.899337264508],[174.2187685361092,318.84466895125524],[174.25641071345544,318.94151490215023],[173.98369206189506,318.8396547347691],[173.7834945274341,318.6868678140839],[173.6439646698184,318.63763889335036],[173.33850454453827,318.53017986256174],[172.99019429253022,318.4772390939883],[172.5241962083139,318.406192577756],[171.93317666149272,318.21040904126085],[171.44306320534267,317.9238862350004],[170.9910508638465,317.7501034106215],[170.66568276712567,317.624787025065],[170.4020793809078,317.61856194009226],[170.70923610646196,317.98729544759686]]],[[[186.45089201657572,332.6200899957924],[186.52355639656912,332.6568407477023],[186.5828011088517,332.6202648141823],[186.45089201657572,332.6200899957924]]],[[[187.58071525800221,333.9150440354704],[187.60081885539034,333.9257514518231],[187.60460298654482,333.9030990841662],[187.58071525800221,333.9150440354704]]],[[[187.5516149294746,333.8999096449716],[187.5688559576505,333.90618069430093],[187.57349534818806,333.89856117560953],[187.5516149294746,333.8999096449716]]],[[[168.80849208070305,316.70567059912383],[169.05688884203036,316.8108967201707],[169.19094754461634,316.8009068297944],[169.4166779710306,316.8799893723384],[169.2166213809652,316.71724299183046],[168.80849208070305,316.70567059912383]]],[[[168.2855237581701,316.5421721842521],[168.71242490334868,316.6642596970126],[168.69799964114185,316.6016702814281],[168.54317957910985,316.5150647144378],[168.53372562534366,316.5819909666525],[168.2855237581701,316.5421721842521]]],[[[168.044673661761,316.4217145002543],[168.18443335276083,316.5010759368417],[168.20532676562627,316.4557478767846],[168.036124982562,316.37964660377287],[168.044673661761,316.4217145002543]]],[[[168.32801256899828,316.92595179671446],[168.56288806192936,317.0805059755094],[168.83000679417242,317.1111983635447],[168.58494121859772,316.99864046775804],[168.5122861265282,316.9023143723217],[168.74516282851727,316.93275177572855],[168.66107709750668,316.83817515017665],[168.54631315718348,316.82998771991015],[168.2575774218878,316.6224209741923],[168.15967028648856,316.661420405743],[168.31825203511542,316.7676585829854],[168.2963946956988,316.8093782897476],[168.4628682068554,316.91059454274335],[168.32801256899828,316.92595179671446]]],[[[167.04298106057468,316.1176535025044],[167.0975861753645,316.11108755324983],[167.04798327062176,316.082985505153],[167.04298106057468,316.1176535025044]]],[[[167.2937655210553,316.448580385677],[167.74762647590586,316.76903126723835],[167.92864323953472,316.78894404713105],[167.83629404081609,316.69360152452816],[168.01246679623557,316.65735503799567],[167.843435478858,316.57395941355685],[168.08443708768488,316.6326039662638],[167.98018002012378,316.5211715569801],[167.7562866511841,316.41644426194466],[167.66071823043228,316.43064268333586],[167.48677428116602,316.28920789983147],[167.42663301112535,316.35723219803117],[167.2179413848064,316.2556944153065],[167.2937655210553,316.448580385677]]],[[[186.57080558745082,333.4718037680026],[186.60676084410267,333.4846013043167],[186.56146728217362,333.4537652078119],[186.57080558745082,333.4718037680026]]],[[[166.8132032042942,316.0467391020836],[166.99706540050173,316.0410022673223],[166.75663307816237,315.97674847538553],[166.8132032042942,316.0467391020836]]],[[[187.50030938869392,335.6183853035908],[187.52070530231958,335.60833420053837],[187.49910753501885,335.6010249205669],[187.50030938869392,335.6183853035908]]],[[[166.12183983317553,315.5001393319521],[166.30287777454836,315.57007309505207],[166.22951425197567,315.48767828195025],[166.43453293651834,315.643923238454],[166.64864669414732,315.6832835660278],[166.45471031814049,315.51803651021515],[166.2779568622523,315.46602466533386],[166.29762556631388,315.4239520296686],[166.1120694445932,315.31137121045947],[166.03448035298754,315.37398687963395],[166.12183983317553,315.5001393319521]]],[[[181.4957177042932,332.435573060952],[181.549257937479,332.42703291869196],[181.97181287064072,332.36067701626394],[182.4305275534943,332.28799007093846],[182.39979705531044,332.2723501629268],[182.6624074319043,332.2345423772778],[182.72505789825325,332.2747483315693],[182.9753197702764,332.25082230404394],[183.22696289426366,332.22627752946744],[183.54212082238206,332.26757513976696],[183.97894445906283,332.21029208718113],[184.0823440825196,332.1965984853588],[184.17687976576022,332.2348410033787],[184.10255259062384,332.13414812488685],[184.5969371172407,332.07703403124043],[184.6495785261683,332.0078064678389],[184.52164077304735,331.99972906111503],[184.49855263872502,331.94898419420156],[184.35844095921743,331.9233611922172],[184.4217076568006,331.90942971156727],[184.20047822211262,331.83099038855903],[184.12850131641238,331.74644701880226],[184.25824668775084,331.71274160990333],[184.08085722017864,331.66051546537045],[183.64932515778835,331.67239175649297],[182.9766243727748,331.6906234567525],[182.92295870304912,331.63246185062314],[182.73828926764412,331.64577459866393],[182.67700943012468,331.70430583379067],[182.56321796262927,331.8121703229866],[182.2013195077745,331.8847343542202],[182.02105148434998,332.0028641291002],[181.93056867135567,332.06237215954343],[181.62624513747963,332.13086176539025],[181.39120283233729,332.2599706110986],[181.50917154110587,332.32215329567924],[181.4957177042932,332.435573060952]]],[[[161.9774877627039,314.20793592598807],[162.51961644558443,314.38135055847664],[162.63756847226338,314.35879509014694],[162.75863924226326,314.4122285489667],[162.8429810397777,314.35645579110576],[162.8657255441201,314.4198892530102],[163.04792094232977,314.51206665524717],[163.14258428405162,314.4458742785635],[163.18898430915652,314.5007431493602],[163.24507797773504,314.4323661489504],[163.35264081266678,314.5615991067068],[163.3564548357985,314.50091656006293],[163.44721409361253,314.5923521005566],[163.70925387306167,314.5961502839599],[163.80462301664429,314.74386458470474],[164.03435974141357,314.73321272338626],[163.98969770852565,314.84288253671264],[164.1162720371996,314.9932837797944],[164.28040151503978,315.03321388316795],[164.28734680723065,314.9558394670413],[164.37576859825668,315.03844513352897],[164.40565200580323,315.01300337345856],[164.51778109204773,315.1970912944038],[164.85473863281487,315.24418424444184],[164.74795739572215,315.0775334543157],[164.8469328551246,315.1196668520375],[164.8150880580492,315.0343041937298],[164.95122285079088,315.22720723690867],[165.04395147257435,315.1913323011212],[165.10491743723566,315.2644278303743],[165.2381511029296,315.26678629736125],[164.88081503383728,315.3842821613664],[164.74153346839847,315.3300099436075],[164.72617728583145,315.56640839073964],[165.2524716708303,315.8337716878906],[166.02736361874722,316.026817089309],[166.04027874186517,315.9013257247058],[165.83234018233316,315.7878776325768],[165.73723839717942,315.67296987403404],[165.85518617472027,315.68500912686034],[165.7120712106418,315.56195677157353],[166.09250780973161,315.8181915912677],[165.9371508711929,315.6783350312066],[166.15046067046464,315.7682323282977],[166.5584874561266,316.06612578007275],[166.38791600127257,315.9027221095899],[166.66760988472427,316.0170282230252],[166.53145209979112,315.84330811064],[166.6340073199034,315.8849502131465],[166.48493422302434,315.7617443166329],[166.30508421023814,315.74923335642904],[165.9636814930136,315.51984898891897],[165.74144784097768,315.4659162667897],[165.70311881048133,315.3913080457124],[165.44411042064084,315.3120584629648],[165.54454181346554,315.3148488505898],[165.42482666107745,315.236913058241],[165.87216539802358,315.41346960982855],[165.8692987909961,315.35041313488887],[166.0665649173219,315.48755850077384],[165.9541284213246,315.3473516267625],[166.00082916263887,315.29036686554343],[165.7173792294681,315.166457509206],[165.75182604280144,315.2188884949376],[165.48183108571453,315.06716191592574],[165.408570289391,315.10300312041886],[165.23413641089147,315.01575625517347],[165.22473919540084,314.9214166908548],[165.17085765921007,314.9749969553063],[164.94883718217565,314.82127359244015],[164.97900814547444,314.94360995841896],[164.8160190815094,314.7571538324695],[164.7138289126306,314.77906102270947],[164.7614596831394,314.71869284241296],[164.6696024739859,314.65841248966944],[164.6173364914926,314.8478581223428],[164.40800414323388,314.5582919174294],[164.3802861316558,314.6255146010463],[164.2602956952843,314.5396880709735],[164.24221256273938,314.59877471345123],[164.13849734472197,314.51997942123734],[164.07227298408577,314.59983490547813],[163.98700685796032,314.54137195334374],[163.91676026964205,314.4929478654867],[163.98031404163692,314.5571988427019],[163.1795168522693,314.32822599885435],[163.06169296976813,314.23605767690293],[162.75159295746852,314.2108284981884],[162.52571665226762,314.0764976521366],[162.36917596965927,314.13567479978775],[162.17142635677777,314.0504494439692],[161.9774877627039,314.20793592598807]]],[[[186.24208948098348,336.88031490773125],[186.30394092496726,336.8625486847839],[186.28916324563235,336.8463615484729],[186.24208948098348,336.88031490773125]]],[[[186.66979605022533,337.39515699912613],[187.9912584553096,336.92053439847894],[188.14442403439506,336.864930611276],[188.86178755491255,336.8144286306582],[188.997435374907,336.6201564392095],[189.2684795737534,336.23120506831117],[189.2790120810835,336.1744217718915],[189.23719037939583,336.2735903693486],[189.26133480966158,336.2070893805586],[189.17383181836732,336.0859679735776],[189.1128389498508,336.14724832908604],[189.14063973012028,335.93308085130496],[189.26005158731073,335.73011232737264],[189.34419273689832,335.695985028714],[189.37338610327862,335.61874360868575],[189.4828839129155,335.7033986318014],[189.52529217852464,335.6331940890137],[189.55656460917038,335.69206303921953],[189.44130245156026,335.7811545675892],[189.42998383998432,335.7728647544017],[189.4840534981984,335.84651522694867],[189.44614578938416,336.00220679542116],[189.47844800019834,336.1042818762841],[189.52633602833512,335.96012518909345],[189.4862454266193,335.91326540223747],[189.5120314793284,335.78271183110957],[189.5739756987522,335.7868919224708],[189.5304577671544,335.92327953286747],[189.6414644433009,335.9711218879889],[189.47762893461018,336.24874367691405],[189.4768131579974,336.20579047034704],[189.41666886650407,336.4839412579512],[189.49656804121696,336.82701272381144],[189.32192132254215,338.0354466191212],[189.20413879351034,338.86368522720613],[189.1412834474683,339.04027350693053],[188.99398682691816,339.4570768618907],[188.94189243212313,339.60492079801816],[188.99410937716607,339.5132767460175],[189.25457275653113,339.0572777149542],[189.36117906497157,339.23479495352785],[189.3666668221087,339.66653607938235],[189.47647360746907,339.3728761787062],[189.5529255619802,339.0406685295634],[189.63724897048704,338.67826768424453],[189.78669433616946,338.03460045080374],[189.87367808773968,337.6640684329296],[190.01237474151384,337.5852083685319],[190.0898146447804,337.64458646341654],[190.21586085748166,338.14111661091204],[190.4375260025865,339.0081917121586],[190.4163794358987,338.6665615100088],[190.48647835357536,338.70975402173076],[190.64996744873343,339.1790292498328],[190.68771170456955,339.17795837115386],[190.661281909757,339.0146116135584],[190.65495370050064,339.07756942535286],[190.64442094978943,338.8571942368791],[190.66105739162174,338.9926680323186],[190.66832102264289,338.6193785617231],[190.83612703270379,339.040375161253],[191.04290952143043,339.5597523551902],[191.07638310051436,339.64340739507713],[191.0663318712317,339.57141150053246],[190.98650147579178,338.98923840109217],[191.02861512339814,339.07412711072516],[191.04737200694885,338.89690619550424],[190.9211766909939,338.4930106671511],[190.8801660089101,338.3610683121244],[190.81950389028356,338.3136220333571],[190.73739750105807,337.96374390736577],[190.773930620876,337.91125016380784],[190.97479648146532,338.4231014977674],[190.95332733839055,338.3082748839649],[191.02114466076054,338.54288638623143],[191.06327347894887,338.68782754201305],[191.0457564008956,338.57657742506075],[191.11260646427726,338.8287301345483],[191.08741100958662,338.5759477938627],[191.0624930259172,338.3225271473352],[190.93270352592685,337.8832268820271],[190.97282416361804,337.89446759719755],[190.9472569891025,337.80698423173953],[191.07059952909358,337.96950504304795],[191.21532652409405,338.04140526603646],[191.21808047837825,337.96620721904424],[191.28057569880147,338.0213767978415],[191.28664696516853,337.94424538903417],[191.08061381895118,337.6826924954938],[191.11623478222245,337.66449971722227],[191.00554606650502,337.5901011893622],[191.16152411890687,337.6579531625945],[191.0186078084985,337.48795154203947],[191.0892754081173,337.51599025407654],[191.11052783312337,337.46835781344794],[191.3313684873839,337.6300591555894],[191.29193807587,337.56471771001867],[191.55592701576347,337.80011351046676],[191.75843893287112,337.9803162966173],[191.74025851838888,337.9395503565595],[191.7865107718027,337.9869349536773],[191.7986596997387,337.9213274114484],[191.876377750313,337.9295089824756],[191.79547630705724,337.77414942945046],[191.88684662094101,337.8601903752727],[191.84405980382323,337.79257237603997],[191.92183060440433,337.87521609663537],[191.93513610654978,337.8134393663343],[191.84944819419616,337.72211242265394],[191.93036543168768,337.6897507961147],[191.98380565656095,337.7451763522704],[191.93786237914432,337.66807471593734],[192.01929413861635,337.7094884845599],[192.3790318091082,337.8933295673155],[192.4395271337612,337.8715803968976],[192.61628579245104,337.9569183120167],[192.5514364283208,337.91788544570113],[193.06703245797985,338.15867691539495],[193.29386740975684,338.29997089868596],[194.19258902265236,338.8591738743275],[194.46786323872777,339.0298892390691],[194.90352494538416,339.2997878785829],[195.5917925245488,339.548648189693],[195.60618578989204,339.50654905395277],[196.34747426078005,339.8505892301747],[196.51545075037058,339.8188368637392],[196.78326945186438,340.0256404030635],[196.8732847742615,340.09488348893285],[197.09511755509564,340.2007907444032],[197.02757706532856,340.128647335793],[196.93009436781833,340.02485355909687],[195.68491043846393,338.6933769181922],[194.81027030164506,338.2378142746514],[194.42155133765414,338.0346242242948],[194.02660611490185,337.88718980033536],[193.69273788014897,337.7621232318098],[193.12497827686104,337.39138345709455],[192.76640605866888,337.0164904162461],[192.12318806540105,336.34694906637725],[192.02593089505424,336.21110236135166],[191.88396817271686,336.01348084840464],[191.32844367997905,335.2430103254499],[191.257800760088,334.7278399211123],[190.92944158156013,334.30508659645164],[190.84671837053418,334.0072135350229],[190.77798560554473,333.76146058913594],[190.5655977993809,333.0048761733527],[190.470498935058,332.6698938700268],[190.95159317940323,331.9790900940417],[191.63700958715077,331.1964579353481],[191.75793726908037,331.0000295942499],[191.95744186077297,330.67442724921057],[192.77568252003272,329.75012851045],[193.44380006320625,328.9940014522725],[194.06335066736273,328.2919845821781],[194.8890465228426,327.77641695878214],[194.70349731396337,327.9682436887178],[195.01690481671602,327.780242946779],[195.4222777813152,327.53673959178684],[196.01620710903296,327.1186409435112],[196.19094573339657,326.9958425117398],[196.4484117851041,326.81462945570445],[197.01032733911524,326.57044353574076],[198.01686964959018,325.9102538733199],[198.59742980729166,325.52866845167],[199.55741108421114,325.06384834842083],[200.01528493835877,324.6856504872612],[200.21661053552165,324.5196068587817],[200.88990902849767,324.123768621888],[201.01480534433256,324.05018714240003],[201.20197832904665,323.9403356172869],[202.01475029253606,323.1583901069233],[202.29544635273447,322.8886842610166],[202.70427707577767,322.36413901397873],[203.21637423918068,321.83805210936],[204.31055344448794,320.9529851017511],[205.01338764268124,320.4351713307623],[206.13407115308956,319.61034743222274],[207.01034114176582,318.84314253852745],[207.5473412911532,318.371387129],[207.76725003968951,318.45494071629867],[208.71182072565017,317.92764673266015],[208.83371440841893,317.92033122763814],[208.6055034353213,318.17704827548823],[209.00263927378813,317.9198648907173],[209.00486781581898,318.0127034891827],[208.7182725324973,318.30910326334526],[209.01300483479798,318.1053546394494],[209.16511296172456,318.00069562111116],[209.49355883228702,317.77423363476817],[210.01462864446415,317.4825229125727],[210.3516390794452,317.2945214096167],[210.94869431743743,316.66864095501234],[211.62867057995325,316.0922644301943],[211.5397830459931,316.12148996718986],[211.78497801965332,315.9490369314691],[211.7424473813518,315.9505655445616],[212.01516984614003,315.780592249985],[212.607277212309,315.40796401402827],[212.69319498661244,315.3366745762536],[213.16935632367085,314.9443853956423],[213.3689064448917,314.7064083536818],[213.8636418480661,314.12103505973585],[214.00525046215944,313.99755061041134],[214.74094682102088,313.35158497394923],[215.69065148338507,312.6754928484912],[216.29509064076626,312.2462794889046],[216.13115402786866,312.3164714476871],[216.43453567157226,312.08475049737905],[216.8003179285747,311.6991412725791],[216.90524856616491,311.4449450063905],[217.5353365262294,310.65364273378594],[218.01632305322346,310.1871568370777],[218.21300607637897,309.9960347413738],[218.62080992894437,309.5989399234886],[218.86378527029814,309.36267492516515],[219.11503652165337,308.91380595354366],[219.28477388763983,308.7977359298892],[219.36881828697895,308.620415328357],[219.64390313695546,308.43880324616214],[219.62114746758928,308.4067207192419],[219.8945745510635,308.1468915975967],[220.37690034292072,307.86073930095904],[220.9793033603263,307.3227815577536],[221.2791845905482,306.99345105197125],[222.0193790606094,306.1820068609456],[222.19209364170564,305.99225951345926],[222.53194525536924,305.6183205427169],[223.42721628659655,304.99062725525926],[223.59551167189045,304.87276526571634],[223.72916810020666,304.6950999751077],[223.8725927284259,304.5048547723167],[223.79842399292562,304.43779726806395],[224.0243760905112,304.125472309247],[224.12448542550135,303.9865324179312],[224.38710745836073,303.62299688071926],[224.84895174821787,302.98303786841774],[225.02539898830176,302.7391956403056],[225.05699178243788,302.69529619616816],[224.96161577307728,302.6439398325866],[224.96229132366764,302.234216542477],[224.81620893773155,302.26022340405297],[224.7830489997135,302.0870802786343],[224.8895439573673,301.8676887378198],[224.80821871150488,301.9774484956364],[224.36189913831106,302.58175769828443],[224.47359639484915,302.40996800589517],[224.4325219444275,302.3937610520375],[223.98912928648065,302.97904795911825],[223.38057849630934,303.7835757535139],[223.58514974881368,303.69582668240116],[223.79335111280676,303.46600762459616],[223.90667533240966,303.40357548390784],[223.81028243773196,303.5334829888673],[223.79972729013662,303.4883004306263],[223.58215013178886,303.730294939848],[223.3337666522722,303.8435174914344],[223.12005875635083,304.0859374543368],[222.9407474288883,304.2896444712651],[223.04573743298124,304.3674591317308],[223.19403128414262,304.2413870076165],[222.73474685761784,304.9063467084786],[222.79497077150006,304.8599778259222],[222.6902176230827,304.9868868517761],[222.24325573225153,305.5293228623433],[222.0169871018704,305.76443412047877],[221.79931416452106,305.9900474018291],[221.59020461976274,306.206460166772],[221.6593358804405,306.21082079997933],[221.38259941636272,306.3535772661031],[221.73642798600514,305.9896697776592],[222.01660957138682,305.7010756578079],[222.35062130091006,305.3561697231677],[222.60337725791078,305.02020593100053],[222.526158340258,305.0914464163294],[222.82275647846376,304.6704508872426],[222.7178254470111,304.7829455464208],[222.8725293670985,304.44394171244045],[222.76877766041807,304.4305125040359],[222.55143967878877,304.7362435052252],[222.6013724866062,304.7463479324747],[222.5022858376064,304.93253511104786],[222.38266222144037,305.01460825411664],[222.53855087851886,304.7857991976477],[222.25168138521323,305.02902139709335],[222.30504834674161,305.0421874719976],[222.15426421884368,305.1439784164975],[222.1536116955461,305.1035557842009],[222.01388405354407,305.24366989057796],[221.90070433437586,305.356880440518],[221.8769589365102,305.373078136382],[222.0695355701368,305.1605067281574],[221.96960194417827,305.2554046872296],[222.0642813883731,305.10254516367803],[221.92921646024672,305.23305599706407],[222.1403766081481,304.96879772094314],[222.01313697924803,305.11829331581833],[221.5447481810532,305.66756435699995],[221.6075021135589,305.6193181019251],[221.51442725179368,305.7309130812623],[221.74564982790116,305.5128173609503],[221.47613717356703,305.806407398037],[221.55549992359994,305.79414280422964],[221.5389598770718,305.8883089321989],[221.11269785668543,306.3712642531396],[221.44150361601234,306.14988389781007],[220.93512833660793,306.62482583323276],[221.35074537260195,306.27809004152374],[220.90944964124003,306.7434522189115],[220.4768629485327,307.0434200213128],[220.84725402862625,306.68875756708223],[220.95208138089603,306.4999360530326],[220.8731016159685,306.56830747555125],[221.06982944100994,306.2910184905395],[220.74302339491624,306.63353082725837],[221.11754200264798,306.1476542898686],[220.39988686612594,306.9918091863914],[220.50743581686362,306.8813895382782],[220.38615876039106,307.0452004650314],[220.44060983428778,307.01838860218527],[220.27711544156864,307.2545340060623],[219.9251829503702,307.7635888623817],[220.4691704736481,307.41050517184],[219.94328407022974,307.8025811286738],[219.90163676290106,307.78668218637375],[219.91941088186692,307.71483336968925],[219.82984034723012,307.8160865375707],[219.93152763238032,307.6837017186169],[219.90094280304882,307.7100198712398],[219.91567901819712,307.68007376826284],[219.87822203222026,307.70707148305144],[220.1722433431288,307.3351682753831],[220.05630816410135,307.4690059889841],[220.18550958563998,307.2447944578513],[219.70717711383693,307.80532455713865],[219.7574507565804,307.72053480852003],[219.55685670274673,307.9973743508239],[219.5458804192441,308.1042250167739],[219.79638610777974,307.8634065349597],[219.50844547569102,308.2442128455084],[219.7218476469727,308.04837540847285],[219.4362350997575,308.39716546910375],[219.38971034077613,308.39092589906977],[218.96251848341026,308.9000218029529],[219.03656016122102,308.8579387208375],[218.93770149970146,309.00585131088536],[218.9701537224204,308.9339034957243],[218.75858169633239,309.02448496480287],[218.7309334673173,308.9916253504849],[218.35006309831536,309.2976130057616],[218.38644139720157,309.30709270136066],[218.30103038286677,309.42781508663506],[218.16197708669245,309.55986874620703],[218.39054259788264,309.36835417902546],[218.62161833464012,309.17504109302627],[218.35977447427734,309.4792846054462],[218.01375831940837,309.7675094028958],[217.92160407440068,309.84410815382523],[217.97912541151948,309.80672317698674],[217.80960947204025,309.99356340127315],[217.42989727148034,310.4111887703103],[216.72904859281675,311.18270937427474],[216.56465363060283,311.4472864075689],[216.99642747346255,310.99559722086656],[218.01762180637138,309.92818977098875],[218.40249750104834,309.60821503340145],[218.01575233552128,309.9375851278044],[217.50669176236576,310.4879491750222],[217.0371467732557,310.9958560464833],[216.5105813155908,311.56580492208417],[216.57064675646097,311.51346779764555],[215.9744625520063,312.0796841773959],[216.12935515813922,311.91038262163704],[216.02639198976055,311.99414229196975],[216.35146880006985,311.69227919574627],[216.01207853743992,311.9854180951026],[215.46005636557385,312.4617500992571],[215.6249375207483,312.3826479923806],[215.75564772997336,312.245513498157],[215.59104602475338,312.4450941652765],[215.39789989854467,312.5143749595715],[215.1354915572273,312.7269854951343],[215.04011221341733,312.9069586835239],[215.14804981649283,312.8573795480779],[215.00824556266588,312.9912449067833],[215.04132249151218,312.8838882934895],[214.41548384415904,313.3705355803573],[214.4895764262655,313.32527838007263],[213.78128387364302,313.9957202084418],[213.25867610435742,314.48696917191353],[212.68180214376252,315.03388612500964],[212.80705776695237,314.92955391573594],[212.46999046744855,315.2240689930379],[212.40056073775477,315.28516604637804],[212.39431719575896,315.24359542382155],[212.0134204246744,315.5175122622681],[211.98624400684278,315.53688364833044],[211.4767065612715,315.99793721385254],[211.1929055526703,316.25445229342677],[211.1246993453979,316.39978316350226],[211.01535468692407,316.4874670498589],[211.1234679980181,316.31147674940894],[210.85226721319174,316.50322467575927],[211.4835218253009,315.96479875056843],[210.75201767619353,316.5355650275644],[211.3754761801301,315.99722632595495],[212.01294586319005,315.4461471670543],[212.08027771131879,315.38748434853846],[212.38185188622128,315.1796035118727],[212.5848607442452,315.0406742420157],[212.37600847057314,315.1766555373895],[212.249825411838,315.2594125746098],[212.37110441560546,315.1741814657541],[212.61456420685164,315.00431567683586],[213.2157342067896,314.4014833172914],[213.52647886956404,314.0924755263283],[213.42408281629076,314.1719050197209],[213.60737046240178,313.99429887389107],[213.81106764452016,313.7955508886507],[213.59237075049262,313.99417628639975],[213.19240275512928,314.35503662541885],[212.52316096641,314.9641176144238],[212.26590488003575,315.121108816951],[212.04886951334083,315.25453427843547],[212.25214918712084,315.11416913746325],[212.41713416273615,315.00106750561133],[212.2225816291984,315.0992524497699],[212.0651329434358,315.1793251945274],[212.01127193193145,315.19441948244753],[211.7737527405575,315.2597751551555],[211.10895731462773,315.8110991013189],[211.30127326853193,315.7268835181284],[211.01089883974328,315.9831390945819],[209.8753772211575,316.98398577938667],[210.43963050997985,316.4062253291631],[210.07867095324153,316.63166943920464],[209.6784916291078,316.9941744950916],[209.00880861476514,317.6016065957168],[209.1389970298342,317.46299320241746],[209.009898974983,317.56936180020625],[208.6260643051852,317.8864467907047],[209.00975796652676,317.54673876974766],[209.12291524892203,317.4468044782787],[209.00970513252753,317.5382622201427],[208.8674032966075,317.65352734383555],[207.77924504619654,318.42899441189365],[208.4610671703582,317.89541366246146],[208.27505438368343,317.9849392913844],[208.36694228228197,317.8568171174508],[208.36418712110446,317.9313210030969],[208.95645481239018,317.54711389308653],[209.6151177930215,316.993734889903],[209.7958702172513,316.8420895374222],[209.67670022915797,316.92549438465],[210.29784230675443,316.41708188922615],[210.24975245874055,316.34775313313014],[210.40238311949187,316.25308721447067],[210.41888215785303,316.33249559668803],[211.0223160325269,315.7872497616771],[211.61262906858144,315.34315392794394],[211.3864097767983,315.40628019891176],[211.09577615477826,315.60263933133797],[211.28562260129428,315.44479886146996],[211.0084793166582,315.6103972945608],[210.77648120414378,315.74869290943303],[211.0081785022751,315.5640550648376],[211.13303218984026,315.4643648697238],[211.03904393609793,315.47849641569667],[210.5213846256022,315.90679684277967],[210.58113972066957,315.83776773898387],[209.9158565861149,316.28596393574446],[209.0068389282613,317.0784158524541],[208.7345675794883,317.31662470405894],[208.05972585268066,317.7381177284841],[207.7459879072104,317.992828917945],[207.0085914729882,318.5922866085136],[206.7469617121859,318.80432790019984],[206.4850561413458,318.99389964846216],[205.01060846543834,320.0600583741442],[204.0112348695373,320.7839315202257],[203.72521393092427,320.99064630063015],[202.93650082527006,321.5611025214367],[201.48339030961796,322.99233603028915],[201.01086996276115,323.45832314205256],[200.83171121848994,323.63527470741735],[200.01115760432208,324.10824274451454],[199.76736080870094,324.24914233776417],[200.0113067755418,324.12911157085364],[200.2837909163227,323.99532155254576],[200.11095679418972,324.14699088047985],[200.4436902847858,323.9360772294134],[200.73769718075198,323.9005701089425],[200.01285042708426,324.34506606951896],[199.24456859948882,324.81715504190265],[199.40804313569149,324.8166138738901],[198.9467544301359,325.0937314960557],[199.11520237237784,324.9231827961888],[198.82100460309096,325.0451670715114],[198.95496305579601,324.89593699689783],[198.01279313354883,325.33757909686085],[197.76833035767805,325.45195502779666],[197.0135306804522,325.9590300790988],[196.01319953828894,326.6306857237698],[195.6851545222728,326.85067052337956],[195.0287270792163,327.20217934781317],[194.51264636251233,327.5620887997097],[194.3282253765959,327.73911485937606],[194.51224936660296,327.5660187282881],[194.58914595419637,327.59739308034943],[194.13859134403071,328.00293286517376],[194.21432954201794,328.01945296299925],[194.05331036557064,328.17205563023975],[194.15348382665564,328.06706447618154],[194.06691284552963,328.07501422085096],[193.73265636121542,328.4071706923577],[193.7407044055087,328.3700775112767],[193.47331904881534,328.6167564331308],[194.18358548442586,327.9416077785534],[194.07947984773324,327.9388841922792],[192.86797020897166,328.99013404640965],[192.41204806716482,329.3853526845646],[191.6527325346286,330.04276039504106],[191.28511156846074,330.25988240212627],[190.4457675105741,330.7567130363741],[190.19498646045724,330.9918829270777],[190.07506463869134,331.10384901201667],[190.22456746560806,331.00838042541903],[190.01302047302116,331.2331873932836],[189.85303489998026,331.4036108817649],[189.70341514466966,331.7176100829188],[189.70311329460006,331.65758576596244],[189.60053918877935,331.85668093976483],[189.6319704160887,331.9650976394863],[189.61286088781227,332.00077124827084],[189.6035403115665,331.96573275394235],[189.60442228625422,332.017367026826],[189.57304246824503,331.9989768041293],[189.59271305168386,332.08898591597693],[189.58159165430445,332.05755565133165],[189.56720375579988,332.1040977587581],[189.54869552547342,332.05583644444073],[189.53799720221292,332.1310115889422],[189.58694049898122,332.1281669206182],[189.57504494182783,332.17463200463976],[189.55813909749037,332.1448925988422],[189.5283841339095,332.2854502981064],[189.5418408013706,332.24132506894784],[189.54335979461456,332.3544420615018],[189.57687413062553,332.3177361059555],[189.5470777958919,332.38907847310037],[189.5070989873753,332.2875312948766],[189.4970232284717,332.44377406702216],[189.48741746120433,332.3108590624944],[189.48597246065984,332.3602832501086],[189.4689384387824,332.29899744901013],[189.46982286590952,332.39575235046425],[189.45584177198958,332.32488279358415],[189.46341604151746,332.4540361952098],[189.4670055531176,332.5176886599845],[189.45901392589622,332.4496489840391],[189.4419143481037,332.306716672298],[189.44148685266399,332.3917319385293],[189.42833575597265,332.3118850075616],[189.42275235994435,332.38315366955044],[189.40303403937585,332.34916527710385],[189.41347307755623,332.40426232549703],[189.4571702548672,332.63745698113337],[189.41707107360628,332.4940498638569],[189.41880976957864,332.59095717926755],[189.38913542965884,332.52179398284],[189.4138979563848,332.55455078013574],[189.3845775745881,332.391467880595],[189.3688144415033,332.4412115728764],[189.35538751699528,332.3248441991318],[189.37381697495303,332.3838957932816],[189.37466027005894,332.2714207716497],[189.39147212966634,332.33917988522546],[189.37465047881926,332.1835144704562],[189.36626984432047,332.23550772607933],[189.34352123673483,332.170906589822],[189.36661038480597,332.211591867965],[189.37501071672818,332.10076107317434],[189.38818333820836,332.1808320860032],[189.38654934459484,332.14642032888156],[189.39805965209004,332.19153182110693],[189.36589291312765,331.97168958219015],[189.36401299717204,332.0072569957097],[189.35480575163035,331.94432935279093],[189.37843764119094,331.9660885263016],[189.3779206531165,331.88842468005896],[189.38520376701808,331.94472823223714],[189.38617049625347,331.8675578882668],[189.39343737773214,331.90798516360275],[189.3789305183511,331.80031713971334],[189.36551725058138,331.91913837874745],[189.35367191804426,331.7783362609529],[189.34288932271264,331.8498374967786],[189.33290293296403,331.7805633313287],[189.30038278111147,331.9471948690207],[189.27697123723985,331.85821518867886],[189.278539071719,332.04333411341804],[189.2531558427633,331.7707166769562],[189.24856019974965,331.9681408958956],[189.23891355587625,331.8816762378275],[189.23354825080503,331.91712476468615],[189.23426943511825,331.7555152506317],[189.21590539644478,331.9502154153979],[189.2094007849162,331.7825608731902],[189.2049848566924,331.84681354897725],[189.197482217533,331.80716567555004],[189.172686262068,331.6726246397498],[189.19045304911847,331.8142062748411],[189.20034112654793,331.89015088919666],[189.18573578488096,331.81893121032243],[189.16855181927167,331.73304784857663],[189.1685856086732,331.84429622102544],[189.11908701130847,331.6150252034466],[189.12153212757778,331.7174797263697],[189.1008943166062,331.75961234966695],[189.11400410965925,331.66579951610674],[189.09046931809365,331.73884837786056],[189.07473695782534,331.704198878745],[189.05574502300917,331.89613383694905],[189.06478152969547,331.8587173168634],[189.0596981398212,331.9387416637444],[189.07393850901587,331.8935406302743],[189.08027772863792,331.94295826687625],[189.09558837025915,331.89487881736795],[189.13284324600184,332.06899971575933],[189.09758265710153,332.0243011468367],[189.0764231643647,332.18562541095736],[189.24430845559945,332.6739193068007],[189.3152815683241,332.74604398335305],[189.29965332419079,332.6222066736034],[189.3199665628268,332.66486842879897],[189.33977709599233,332.5122309046117],[189.3451686534629,332.7819967831705],[189.42462367533727,332.92804426536753],[189.36348816627387,332.8227509276297],[189.35389360957166,332.90699553987787],[189.2203070678674,332.67901828314325],[189.22464328781342,332.73315334689676],[189.1186350638709,332.4920967230897],[189.11339145991872,332.5280219743947],[189.0125945894592,332.23107115947727],[189.02764686849474,332.3244923478281],[189.00114514739485,332.2543749873009],[189.0081485913716,332.2937777715697],[188.9448753770983,332.1208952128987],[188.89612617360507,331.98709564875753],[188.93102234417037,331.7561637254867],[188.87955952116147,331.6445182966127],[188.85974010875856,331.6846985658978],[188.7737174938088,331.46153332885046],[188.78744205378507,331.49693050154804],[188.70987791255916,331.2602896548537],[188.70910498595845,331.3688121166353],[188.64271163405684,331.18804115364554],[188.63739555020624,331.2223692647938],[188.57702712796768,331.1765181600125],[188.364571951048,330.72715586446515],[188.36567303451048,330.84255000143844],[188.1976961045866,330.4496055986517],[188.19000754155724,330.48218338193567],[188.14179805175542,330.43190597270416],[188.1267801388162,330.46997394149736],[188.02925807369283,330.2857922533474],[188.02253852178117,330.348924908511],[187.76569192438996,330.0575610420363],[187.84903939775444,330.12210629873096],[187.56433363133215,329.7051796930771],[187.5239524507285,329.6001165300654],[187.52620806530422,329.6791450351759],[187.3747404613225,329.4269394894317],[187.41734296085602,329.5374148298272],[187.28735809362192,329.3405608173939],[187.07287502073464,329.0150070903994],[187.05647439191375,329.1276021652359],[186.71428204231785,328.54652543415637],[186.67995445271015,328.4884762766858],[186.72237038566897,328.5264538880327],[186.48797452878668,328.19844195541117],[186.53685544338114,328.3448591759934],[186.28550949415194,327.98559974736366],[186.05577915317716,327.6555149985361],[186.29613242151112,327.9235470457665],[186.1686825598637,327.6882684501527],[186.02249982304744,327.61196860081054],[185.9509774848828,327.4918039235855],[185.83677583251176,327.4447497219128],[185.53102635354776,327.0918775961603],[185.49350009707757,326.96788222380326],[185.59335729191162,327.07436085076057],[185.63643303889813,327.05910080758497],[185.39939004342273,326.8324879683393],[185.4415379538477,326.82549074722164],[185.35712113195208,326.7231357658414],[185.6071091176059,326.96978400696855],[185.26151832208268,326.5904872941898],[185.3225804955208,326.69868572496927],[185.121280401193,326.4147951449137],[185.16935864859317,326.5133610309324],[184.98160885753853,326.24943867609244],[185.07284937520242,326.35074444344286],[184.90446583400646,326.1310330540583],[184.98090404717558,326.275659596814],[184.79959191985878,326.0180943573318],[185.01838255393403,326.34434085287677],[184.88662431501808,326.218760001081],[184.9944224228665,326.34035034247125],[184.96274615036256,326.32490963343093],[185.28359030290193,326.6914296162745],[185.17325442604943,326.6296732571644],[184.97787153600348,326.3755783796671],[185.01354047185325,326.44697773936],[184.76382371621284,326.1347427127481],[184.80073854587553,326.14535703429897],[184.70464008251537,325.98181276460605],[184.58783251733064,325.7823796816243],[184.54571950785422,325.7819749366453],[184.6655566409174,326.0202715606272],[184.56288739101467,325.86648684189936],[184.58321126907546,325.94608319734175],[184.32858814088488,325.5621364380771],[184.1367769963278,325.36956943169645],[184.17264066972234,325.4708731728095],[183.75538382970632,325.04701311022495],[183.80949120743222,325.14665470452024],[183.4191801834718,324.583524814664],[183.7538481778165,325.15648927938304],[183.5758576032998,324.9535133989782],[182.85749617383303,323.811252136584],[182.59243816191008,323.5439729355849],[182.48011044611363,323.51802673710205],[182.77989580376055,323.77227989822893],[182.74923301109843,323.80555472175604],[182.96091003132628,324.0205851547508],[183.31074253318843,324.5615051807277],[183.31260729052673,324.72835600816586],[183.00419591250505,324.2839687230371],[183.05383917350736,324.4310532945308],[182.89408608123443,324.204724364048],[182.93850799494226,324.28057753577343],[182.54393161750886,323.82502232505567],[182.55924457033237,323.8875424510466],[182.34888339793383,323.6551309494089],[182.1077672670687,323.52240435492644],[182.03863702445526,323.5386165589782],[181.21025033151489,322.856140486732],[181.5648243047808,323.2101417140558],[181.0814328933046,322.87610890789466],[181.19538604397925,322.9119688033188],[180.96605553829122,322.7252452305364],[180.76414338863347,322.64923343232704],[180.91632750606482,322.7682522300519],[180.48417369880445,322.49621105025983],[179.77077204832645,322.04499666566517],[179.73648859290032,322.0702951031399],[179.43819300990012,321.8919375789041],[179.94160569474178,322.36524173683165],[180.35359488367885,322.6273537103471],[180.53388552966766,322.74151205173666],[180.34877473158966,322.6937291017995],[179.86820811984649,322.4220365698083],[179.38878315442327,321.98807050673554],[178.99083863931105,321.6275702356397],[178.4384138671228,321.1274476870558],[178.373455749816,321.14375003196255],[178.24803307911753,320.98386359571384],[178.132118468708,320.83650454594397],[177.99164227177417,320.7421847437132],[177.7395233120269,320.5722889490098],[177.76908991464018,320.675366766417],[177.94410624350752,320.8056544265756],[177.44449924268824,320.43558032927797],[177.0977228900529,320.17894989441925],[177.2042591558618,320.3029040791126],[176.91259255600076,320.1250616928547],[177.0909351702205,320.3720215285522],[177.3761536370525,320.49057123126755],[177.364958494938,320.5885775611371],[177.6677756895748,320.8796649162788],[177.55781961014839,320.8790673358686],[177.74358996512007,320.98058106792666],[177.60081120733895,320.9376092879618],[177.23711981195345,320.6743768996764],[177.08987282342605,320.42584898189983],[176.60426311304562,319.9835605912778],[176.40587639477548,319.80328189911756],[176.4419247095781,319.8789411827587],[175.99167820387535,319.6848954550305],[175.87516379592824,319.6344557180152],[175.8859272977171,319.74099624322355],[176.04424865416078,319.8456240977607],[176.1483622015061,320.02343531975436],[175.9273291787362,319.9583327793834],[175.62298257526098,319.76679799553517],[175.61345124438083,319.6086567279095],[174.99116347444624,319.33184246110795],[174.47311152021894,319.1011149383336],[174.52224660468906,319.2010052520448],[174.74351945407727,319.2857623219297],[175.03990916783744,319.49501893231616],[175.23195343529608,319.5062504494307],[175.20721742550018,319.5588583102251],[175.7505087379755,319.9262220479777],[175.3538898169401,319.7757247051023],[176.38290445891363,320.2392191920715],[176.71389395031804,320.44436802601587],[176.39023716564992,320.22014630647044],[176.56640730084203,320.2372463940864],[177.00646101057578,320.5618735404677],[177.0114860665558,320.6233338972121],[177.58349074375997,320.98805774878963],[177.9085368397051,321.195142495138],[177.97235372242807,321.17160454690753],[178.42673063803318,321.53952221725433],[178.27370116855963,321.4625950335145],[178.89953499610777,321.9908224054008],[178.98833643080076,322.06558188446866],[179.6294621388549,322.60677752526215],[180.10123622966003,322.88080205993003],[181.08291224891974,323.4483646950572],[181.57429646792144,323.7833988700561],[181.831137836321,323.958246405901],[181.6699633929876,323.83090451629334],[181.54594462839492,323.7326922595054],[181.88063202001484,323.8957702686664],[181.99129190619956,323.9864239078408],[182.26984931863052,324.21392224058775],[182.1305372612988,324.0122265076056],[182.1435099537498,324.05482478030467],[181.99178422148123,323.9235564779256],[181.77910336666184,323.73908473354146],[181.89201362386584,323.7981960215284],[181.7423441588182,323.646956415834],[181.7917892178853,323.5342379297254],[181.84627601808475,323.5970885647892],[181.83686859717932,323.51148099328617],[182.00970203137987,323.69865640377554],[181.95445490569207,323.7072701783409],[182.1270952658791,323.93571986769615],[182.19976853455756,323.92708064823614],[182.47817336433113,324.10104916901986],[182.35595301966566,323.8670688675099],[182.47781399730894,323.9891480348488],[182.44224060147468,323.913500087788],[182.55412463678633,323.96625317505504],[182.61317587129844,324.1099165483272],[182.78948996118456,324.2750451689946],[182.61052091252589,324.3585105484706],[182.72771977212685,324.5102005802357],[182.67954110389965,324.47976983473825],[182.98993464152113,324.8450438086331],[183.98806680352075,326.0172721913636],[184.0614182512839,326.10329452473803],[184.4630296355519,326.511954834839],[184.9296726905079,326.98768701464854],[185.83576251203317,327.9105335284257],[185.93491207790393,328.0111476589416],[185.90423116853782,327.93591682605614],[185.96076916314865,327.9383583268631],[185.9914479565548,327.9896303462648],[186.53768971200788,328.8953868621498],[186.91637852213603,329.5259627565879],[187.02202243381436,329.70141279418215],[187.67402686616538,330.40889780681186],[187.6401810499225,330.3039630529594],[187.98157358567008,330.99370686415466],[188.1132288212091,331.2603979656826],[188.1165303180922,331.351685455084],[188.42978381546263,331.8756722314908],[188.08447313098446,331.54940872515874],[188.0804260082019,331.6725634454606],[188.15361003997467,331.81419389177984],[187.98492095427906,331.60760867404053],[187.942297993055,331.45374926021185],[187.76362858466564,331.36154909829224],[187.8364414789234,331.68737849415885],[187.80448996215316,331.7084282543504],[187.84991663678903,331.7655181588684],[187.64960717026003,331.60186190122243],[187.6874027202786,331.71344287191323],[187.594943318319,331.6544479205964],[187.65226222270985,331.7298303786688],[187.5708269084684,331.6670148602317],[187.61675309962249,331.73851733251047],[187.5814427273521,331.7209157364293],[187.68031535174822,331.8767959738094],[187.1502121608355,331.39447730163744],[187.18161662090236,331.45194443027924],[186.78852465630655,331.15182097045266],[186.6545256895631,330.99524432785597],[186.31536545767398,330.60128008092113],[186.366496896568,330.7126925550448],[186.1881956621843,330.6117472883584],[186.32482995111354,330.7408050752176],[186.31489229287985,330.7012450089841],[186.54008262700063,330.9953769169321],[186.58196234723883,331.05041896028706],[186.75172001866056,331.3796684259385],[186.9055934710231,331.67688343775205],[187.24877168368118,332.0013049995222],[187.37571950821203,332.1218906535131],[187.41578350100795,332.29250108859077],[187.48053374217312,332.57063287302765],[187.22402393235123,332.38872643564116],[186.67965253958067,332.0019267793199],[186.1942305245962,331.658523076116],[186.0611397344972,331.66409558846334],[186.10986514337444,331.7655818563651],[186.26947670651668,331.8133399735795],[186.261711023453,331.8629534802846],[186.12743372918936,331.8773643720369],[186.12927489725956,331.9989415882224],[186.0273925643507,332.05283289185195],[186.08900282056658,332.1172221934447],[185.85477799266596,332.0897389393901],[185.71347833071067,332.13843544152905],[185.69416005444882,332.220573568818],[185.98174336174276,332.31231457893],[186.06908034661532,332.3399394556102],[185.98172274857623,332.32828593982174],[185.47486723532614,332.2599120588541],[185.49576942005882,332.30478864688274],[185.981597713024,332.42516518082004],[186.37042591634165,332.5206373517649],[186.38433084256843,332.57627363879305],[186.60618220835744,332.62402600245673],[186.60095845623007,332.68001634308223],[186.67649266598363,332.7347911375322],[186.56263454271112,332.7206129954586],[186.44628729055052,332.70593530478163],[186.48364099411714,332.75638848693325],[186.6813088987941,332.78239181622735],[186.77879491998183,332.8724072584391],[186.667511898532,332.8423460397719],[186.7000202342261,332.9018439691032],[186.62816042137348,332.93740984238053],[186.44125785888323,332.8491634452866],[186.20424569039034,332.87621482045654],[186.48670107507618,333.03941737782384],[186.2262855500439,333.0634189525823],[186.32268906292148,333.1620982896334],[186.59194301004206,333.22134647329557],[186.52220694176685,333.2825647233658],[186.17410910430124,333.25126155911937],[186.37028942839083,333.3622967545249],[186.82084317444907,333.39016267718324],[186.6542765477369,333.4347859637156],[186.68332570034786,333.52361386392295],[187.07143789039435,333.51712044008593],[187.06441259735203,333.65008797780445],[187.15039109462234,333.6852184630844],[187.66537652070377,333.8946597972474],[187.72681950141745,334.0236090121583],[187.92127860888962,334.1330390714444],[188.06718427586156,334.25746102958675],[188.23628768007973,334.22465537509856],[188.28868717479085,334.11097712848823],[188.6338732307529,334.2583727057314],[188.72447093268073,334.4061828416511],[188.72553671128188,334.3315805203645],[188.88949137038895,334.36220696541403],[189.0807160399645,334.77256458133354],[189.0358722796443,334.89117105202524],[189.0901597497229,334.942767522169],[189.14021693422586,334.8998577776943],[189.22768899494133,334.9797991843135],[189.22284788643572,335.10577227839707],[189.1172713291105,335.0474098405395],[189.10868903772214,335.08089343122185],[188.9114917267073,335.0334836306623],[188.8286080068888,334.9310351195526],[188.8504745353667,335.13078053933236],[188.8052499733917,335.1104080895491],[188.83354462913846,335.051295596763],[188.79034368998487,334.9807491735258],[188.75674004823537,335.10213492493773],[188.14808935557312,335.23970666208766],[187.9906499139385,335.367800984885],[187.48005862062905,335.7821298798609],[187.514246200449,335.9207936012949],[187.6092480964955,335.94957797397797],[187.46208413675646,336.1595778986438],[187.4900328272045,336.18673980223895],[187.3698877457648,336.37935630556046],[187.4626076786048,336.4156442845219],[187.51269278777278,336.4179353405906],[187.38743874779067,336.3593394372369],[187.66438322475003,336.1657094828032],[187.8811538284075,336.1995001933073],[187.47736318866083,336.5188408097662],[187.16777685870917,336.7645792034132],[186.6741192719458,337.3113038311918],[186.66979605022533,337.39515699912613]]],[[[159.83700735635404,313.48295266553333],[159.904312729145,313.508296097133],[159.85676065656128,313.469389182732],[159.83700735635404,313.48295266553333]]],[[[185.85158925534512,338.01327953723484],[185.9242955530981,337.98710005299154],[185.9098301794207,337.9649248024243],[185.85158925534512,338.01327953723484]]],[[[158.08632923994278,313.17402586403597],[158.3114759462452,313.2684248106679],[158.5610607481022,313.2923092765425],[158.73878489745198,313.419938080797],[158.95666266420318,313.4212412465322],[159.1612193637938,313.5892089316137],[159.33231337132725,313.6161962210312],[159.57397646192064,313.75205586510657],[159.64086376691284,313.8663544215833],[160.00112969147452,314.00422731454245],[160.40223284364265,314.1572308358708],[160.49824526791463,314.1012997009859],[160.72970227986514,314.1497806124606],[160.8475985080407,314.09699432423076],[161.00662732549227,314.19347046361355],[160.9094976630719,314.26360892970854],[160.98889708349338,314.3215775709184],[161.21439925659894,314.48673275467763],[161.88082637107271,314.73592988786515],[162.3932739130086,314.80941126680307],[162.4054613729316,314.7321346722857],[162.68138073177843,314.70407898808986],[162.3228388424409,314.50773357889847],[162.20666052340354,314.38229054716487],[161.9889056235938,314.32164692308623],[160.98970807141686,314.04417163718915],[160.78964123603834,313.9888464709228],[160.6279968503664,313.87145257369735],[160.58617777443035,313.89697328869687],[160.5291138931093,313.8253364315417],[160.1100658565286,313.64999251481026],[159.98861003562,313.6214035088794],[159.0998984541861,313.4109582486609],[159.0796920171012,313.3384798835656],[159.0287681973631,313.3808984321056],[158.08632923994278,313.17402586403597]]],[[[157.61721317943426,313.0528088781328],[157.940126473552,313.1238888257493],[157.75569217407195,313.06413364416824],[157.61721317943426,313.0528088781328]]],[[[157.17162228501033,313.59905429752473],[157.34360810604565,313.7117758140776],[157.4924709702532,313.7132539836143],[157.16956372612222,313.5002945873435],[157.17162228501033,313.59905429752473]]],[[[166.8584639010302,323.8400061065938],[167.41688883841883,323.669773121268],[167.0306056501533,323.52524546112227],[166.8584639010302,323.8400061065938]]],[[[157.28309770727267,313.8008184644802],[157.42055941911428,313.85617913420697],[157.37063966014478,313.759009587987],[157.28309770727267,313.8008184644802]]],[[[156.22428123199694,313.2822737815521],[156.34289294150724,313.3416341724611],[156.5758850437322,313.3002406533923],[156.8735651810192,313.3827786798822],[157.04987674163823,313.3248203640696],[156.7350974342727,313.1225930220247],[156.54542670149516,313.2448982925579],[156.2985989812993,313.16397491212945],[156.22428123199694,313.2822737815521]]],[[[156.1516421397833,313.48751622028027],[156.28753099097963,313.5370991162048],[156.44455674725194,313.4629893569728],[156.21579637715496,313.36570877968273],[156.1516421397833,313.48751622028027]]],[[[155.56083596553597,313.05630582603425],[155.7378039429722,313.2026669244598],[155.96982668037168,313.13400032625424],[155.761686153312,313.0211287592776],[155.56083596553597,313.05630582603425]]],[[[167.21571473506611,325.66514700156387],[167.37672442619044,325.7786776493098],[167.76126604535295,325.78497939680346],[168.07198618787072,325.78952379371754],[167.52622609183936,325.5500674900125],[167.35231363200862,325.47357129720217],[167.41721985576606,325.5966231317373],[167.21571473506611,325.66514700156387]]],[[[153.6649049760792,312.8298553691305],[153.90852898348805,313.0112916902565],[154.42641415660714,313.1338837957447],[154.57460844326727,313.0188767336202],[154.2945447559451,312.8618945986757],[154.14071933980085,312.8822999902784],[153.72393295171608,312.7690388092968],[153.6649049760792,312.8298553691305]]],[[[152.90918136504706,312.95159859084686],[153.05863979249463,312.9995390319427],[153.03442492037195,312.91373555669185],[152.90918136504706,312.95159859084686]]],[[[152.40461403010448,312.79414765879415],[152.67405742067805,312.88284297886287],[152.70097742377462,312.7771233444249],[152.49360672167808,312.6842484547295],[152.40461403010448,312.79414765879415]]],[[[178.07459671771073,337.81100704795756],[178.15081661451876,337.8430277602416],[178.29420113594165,337.9035857841652],[178.52954116089285,337.9198407940982],[178.7140647817428,338.05622194125107],[178.8727833536038,338.01062889469205],[178.79549348438448,337.8934225407005],[179.37599147661888,337.62229938480937],[179.97696734400367,337.34187728467],[180.07948095543918,337.29416609121114],[181.02035539330316,337.1069746401881],[181.34392496316156,336.9768848580446],[181.5719930497561,336.79817809769406],[181.5273102712772,336.6635720716451],[181.79774295443403,336.4713221447591],[182.15317126559862,336.3173916388772],[182.26518995641268,336.19713727566057],[182.98506223654718,335.9340422760594],[183.12233462264183,335.88375426379747],[183.73044966814408,335.6599701189793],[183.38304341834993,335.6214130009657],[183.28140568731607,335.6099284133727],[182.98419246219592,335.69557173460885],[182.33340542708623,335.88243614037015],[181.8437370592996,335.89327496230595],[181.90006929145173,335.81408805845143],[181.64031195053906,335.84882017165296],[181.4251657827645,335.9608698158299],[181.4221985817279,336.1096366322844],[181.1650567708635,336.3356346714582],[180.7298908182977,336.5165488698974],[180.72912518760998,336.6401671164858],[179.97581713023524,337.0862430825698],[179.80458572137297,337.18785781292183],[179.46704031814977,337.28769861799185],[178.63285906657654,337.3656858372089],[178.11627109319738,337.6106327345989],[178.07459671771073,337.81100704795756]]],[[[148.9418399113667,312.73018222885196],[149.1450990126267,312.8426276279855],[149.26018803086356,312.90599471196924],[149.5526003910826,312.95962187213627],[149.84109382289364,312.85396769127044],[149.80591550105,312.7534251407057],[149.31752171088547,312.66880239919635],[149.09171935069304,312.62916612251195],[148.9418399113667,312.73018222885196]]],[[[170.08966380173337,334.2008205586994],[170.3295036264862,334.2819191535441],[170.73854198378717,334.308109912332],[170.4777562640398,334.14726457731933],[170.7152534204044,333.9133352184463],[171.08354714281714,333.855869538126],[171.28145820780335,333.6762843559623],[171.0673862659305,333.6725185404639],[171.1080292234925,333.72602683209084],[170.5068020462728,333.73993270434863],[170.26543423239187,334.1373596832326],[170.08966380173337,334.2008205586994]]],[[[170.33546859843307,334.46911877437674],[170.52422343362767,334.52417960883565],[170.4484518893374,334.3850235052501],[170.33546859843307,334.46911877437674]]],[[[145.5915157156826,312.97639298293404],[145.9455389599517,312.9169148554017],[146.00041484905603,312.7636110302066],[146.17018466697274,312.85041719821305],[146.76614077466817,312.7935536213073],[146.62400915648834,312.72576556643304],[147.48587574862424,312.49855952894393],[147.80379556598183,312.414522424114],[147.55663456852062,312.427081280357],[146.38347047522845,312.48604462735887],[146.3481501870101,312.58033815988387],[145.65214970929887,312.7339054121735],[145.5915157156826,312.97639298293404]]],[[[144.4668495423236,312.9008285520979],[144.5183588886509,312.9413277943221],[144.51328554168433,312.89724456923034],[144.4668495423236,312.9008285520979]]],[[[144.48815431586755,313.36253135404337],[144.54929698116737,313.38030635389],[144.53532284222925,313.35094915817086],[144.48815431586755,313.36253135404337]]],[[[142.85323223409077,313.36535067840344],[143.34129259791595,313.33831217107127],[143.31319136382973,313.27134077092074],[143.57117272947318,313.33641623879487],[143.61296447480228,313.2694389825187],[143.89806007056706,313.35578800796293],[143.83697597845577,313.27729045088427],[143.90414673879005,313.31171099892515],[144.080263398506,313.2089750786526],[144.2033779104001,313.2850724181503],[144.4822792268056,313.16096387309284],[144.5283160203066,313.26727213746494],[144.73177834599278,313.2403915786641],[144.68283721654933,313.3348469091034],[144.9676347522892,313.2441586621203],[144.98849419595447,313.38895230288597],[145.1782496715503,313.2802568470853],[145.48376615867883,313.33892079501067],[145.5625805156167,313.4248680956616],[145.26089804293906,313.5384211974213],[145.2211951852897,313.6302583936815],[145.4019371371663,313.5786176911734],[145.60734506469169,313.71203176520004],[146.0864307506177,313.7416305971736],[146.2302319839904,313.532245810814],[146.08681483493206,313.34517333189854],[145.79954316813766,313.21366314212673],[145.59001709284306,313.2932405346479],[145.48043273849848,313.256540585861],[145.53456308970277,312.98247569008566],[145.43378326191706,312.93315271522715],[145.3983681093878,313.0077025093302],[145.1795504424838,312.9637615197886],[145.06194111132865,313.07782371196885],[144.9113756390481,313.07520802383647],[144.67258492951674,312.90482932949385],[144.54132312976134,313.1012847604052],[144.52787884815143,313.0382011098561],[144.43502260868237,313.0722010860406],[144.45568972400474,313.0025546538934],[144.1009111405098,313.0594703959357],[143.99356096560604,313.00805630689564],[143.94433386660603,313.0942967764412],[143.50285063257175,313.2189979129097],[143.43051606955842,313.1565239202848],[142.85323223409077,313.36535067840344]]],[[[142.45403139369887,313.33800953635455],[142.5691563938384,313.3428146862208],[142.59079941765498,313.31108304512605],[142.45403139369887,313.33800953635455]]],[[[142.82052636980134,313.84114375035756],[142.88437611427108,313.8086558510098],[142.81359036894455,313.78988404634407],[142.82052636980134,313.84114375035756]]],[[[141.91010769892242,313.41855011828943],[141.98987944455362,313.4591027122907],[142.11824421399018,313.3801599031466],[141.90685680627394,313.3613950201924],[141.91010769892242,313.41855011828943]]],[[[141.6268402324341,313.48512768925],[141.8207407704818,313.4678092326629],[141.7940852409135,313.35524083787453],[141.6268402324341,313.48512768925]]],[[[141.55566996663305,313.6249594639068],[141.87470114054778,313.54868473648287],[141.65856474371034,313.53806915185],[141.55566996663305,313.6249594639068]]],[[[141.38204894172296,313.61070345452237],[141.42929800518613,313.593149410212],[141.3669023579414,313.57737464068487],[141.38204894172296,313.61070345452237]]],[[[141.2422714174822,313.573864998576],[141.3399655071662,313.605253085678],[141.30074183682444,313.555709610732],[141.2422714174822,313.573864998576]]],[[[141.00824660507433,313.5132370492241],[141.32295516051823,313.4888902628928],[141.21108220696357,313.4681470534515],[141.3379178965667,313.407986112598],[141.21996488381018,313.33518936617344],[141.00824660507433,313.5132370492241]]],[[[141.22663963391432,313.93662771576294],[141.49072704120178,314.00869453077183],[141.64950051423872,313.9400640430173],[141.61672352274115,313.7299570681293],[141.45327888260516,313.74902052211553],[141.42328103073245,313.657165582424],[141.27067661926176,313.66918361105127],[141.30190834047633,313.73369611922004],[141.12893957868357,313.79090316784175],[141.22663963391432,313.93662771576294]]],[[[140.62727704384605,313.4606486164758],[140.77200461799683,313.5485976708799],[140.87774642877426,313.5299121732125],[140.86626952169996,313.4150104259788],[141.08202690331336,313.3689339189839],[140.98285557595736,313.32608356297413],[140.86160665446516,313.3927585908704],[140.8222668154811,313.29848892141166],[140.77854425217265,313.34137742792717],[140.63985370363974,313.288656508677],[140.62727704384605,313.4606486164758]]],[[[138.67842392966776,313.5287875069745],[138.96381058964357,313.63910064850154],[139.0108698313342,313.6086417412517],[139.21222566559612,313.70751661747784],[139.18559326250227,313.8133748892756],[139.37653460018223,313.8505421672515],[139.36662187267933,313.79765171695067],[139.51483786631928,313.78323138049376],[139.82454146526877,314.06819106487785],[140.07430120840897,313.9735398040464],[140.32151719484284,314.0340568643258],[140.18044602435793,313.8291954626243],[140.03651683466117,313.84687233874524],[139.84886240213226,313.7630680399676],[140.06898850741692,313.6316244977405],[140.61760076899282,313.5872787569585],[140.45261081127396,313.47716335449286],[140.44871816924626,313.3758100578238],[140.15418452007768,313.31377850328596],[140.07453815835564,313.36632828346256],[140.18638586638028,313.49015792842647],[139.92285034426052,313.39103121738515],[139.95284611441843,313.4358118562724],[139.58502100987192,313.39037804526305],[139.38933582593847,313.3663671999114],[139.57065057168012,313.41410761866206],[139.32290683021307,313.4646901784323],[139.1877812515815,313.34712596670204],[139.13911322569635,313.3987324755899],[138.98813828608115,313.3708184644677],[139.2048466306078,313.61010387173155],[138.9874566603447,313.53300139209335],[138.67719321482076,313.4224693011505],[138.67842392966776,313.5287875069745]]],[[[138.40371437732398,314.4091882820776],[138.4913285000515,314.42729847626777],[138.48880056671862,314.3732005499413],[138.40371437732398,314.4091882820776]]],[[[137.4811815185341,314.17065531438345],[137.68697863768398,314.1952754042921],[137.89076925481223,314.077254663365],[138.71019572843983,314.0586871630725],[139.04162880554804,314.29321534308383],[139.17868014429934,314.22597873215653],[139.18283633981002,314.10934000841837],[138.87414740333293,314.03221387942864],[138.5575607769922,313.7853197736127],[138.35953532325442,313.8625705820895],[138.2418911935071,313.81705322228913],[138.2010634978504,313.98915386448175],[137.84795869916118,314.0165736317485],[137.66498484685516,314.1000946291826],[137.43344084645454,314.0475691996454],[137.4811815185341,314.17065531438345]]],[[[136.86962305296834,314.8745838539978],[137.00335337934146,314.9138631879126],[137.48953753518794,314.7600669604642],[137.46569135791867,314.524917857783],[137.93642055031688,314.36813356114436],[137.454950824101,314.4141763234596],[137.4750709078956,314.3369409133473],[137.27702372395495,314.31281696491357],[137.21019620532917,314.22696990173034],[137.07028645662723,314.25606646282006],[136.9100127627904,314.19435157421333],[136.85102867254867,314.0738567716823],[136.84448087704305,314.1998381124186],[136.72944853375878,314.22250714688823],[136.74298330805215,314.3235035991709],[136.60436398586683,314.3867011847771],[136.69873172057152,314.44840363552515],[137.02061764602212,314.3720967942427],[137.1412286858632,314.4768116088867],[136.9667435312091,314.5613766262499],[136.86962305296834,314.8745838539978]]],[[[135.77155862384407,314.1038432105786],[135.83535483975123,314.0905382501275],[135.79468390987373,314.0701182710672],[135.77155862384407,314.1038432105786]]],[[[135.32010204879228,314.61849795380704],[135.54393298429216,314.5270739251747],[135.4804448479702,314.507986908519],[135.32010204879228,314.61849795380704]]],[[[134.9140865736583,314.6834731851135],[135.08611723220992,314.5265674375934],[134.91030906998245,314.5804374819858],[134.9140865736583,314.6834731851135]]],[[[135.39892043789152,315.1314458576936],[135.5844294214881,315.2109597933911],[135.65757843781944,315.02834065365437],[135.41754209273097,315.0087240020187],[135.39892043789152,315.1314458576936]]],[[[134.18111691279745,314.3881833934702],[134.29962273805052,314.3807401282944],[134.23931427459235,314.2221040090142],[134.02109271751087,314.2236034827331],[134.18111691279745,314.3881833934702]]],[[[134.55620440754302,314.85707251832923],[134.56075931032055,314.79887455262667],[134.52200338435586,314.82738660329755],[134.55620440754302,314.85707251832923]]],[[[133.6175097006494,314.2625774544991],[133.70082070029287,314.2708361179266],[133.79550043007526,314.2805643219261],[133.7554964370274,314.15684180764435],[133.52746194301469,314.1580001226863],[133.6175097006494,314.2625774544991]]]]}},{"type":"Feature","properties":{"Level":"ADM1","Shape_Area":29.9396769,"Shape_Leng":23.8186927,"shapeGroup":"USA","shapeID":"USA-ADM1-66186276B77129723","shapeISO":"US-NV","shapeName":"Nevada","shapeType":"ADM1"},"geometry":{"type":"MultiPolygon","coordinates":[[[[280.2690909924702,246.42064650666515],[281.2059152314577,246.5029049332041],[282.61091146096635,246.84649255391224],[283.9369090579308,247.28087619325325],[283.8950439541417,246.8088612516337],[283.9729236672494,245.35650114467148],[284.1788128732604,244.30350299061323],[284.72579218592455,242.36175737442792],[285.359705500611,240.68953011318501],[286.6244938021887,238.59397207310076],[287.4891902997183,237.35504608704815],[287.74995695897337,236.72337452857272],[288.6366952390624,235.1595639305485],[290.77317805250516,231.84790108962886],[291.8784173939087,230.11896576072849],[293.19454879934665,227.27255959499774],[293.524228244693,225.9343269791313],[293.40365313007754,225.86312066687145],[292.79776340507556,226.9462109143421],[292.59511953449174,226.93344275233397],[292.4165682037189,227.18406052163442],[292.29476424072084,226.7152374106933],[293.05760580022417,224.72982491816842],[293.0356836432715,224.55503270570443],[293.2185925811262,223.97353569336468],[293.6070038774447,223.0755067968197],[293.7883910105588,222.78966654257417],[294.02878137373744,222.0957081177459],[294.8511385643198,220.2304201375571],[295.4389794388884,219.22513049512912],[295.3981102165772,219.04266030004536],[295.5738163128655,218.86881660870108],[295.77309947444263,218.39141926417244],[294.40347227783104,219.77704806060999],[293.04852366117825,221.884233610497],[292.22916518482737,223.0319506850605],[291.12205457128437,225.19101257357113],[289.4499600273032,228.23239572994646],[288.7052366058649,229.28214541605865],[287.803865344868,230.34528632156642],[287.15348875093025,231.01368494087632],[286.4949538649797,231.5331685354799],[285.39857613062844,232.70529842539605],[283.3781152439849,234.44799834204173],[281.95963275485616,235.34329743937423],[281.5456880006318,235.69798641990064],[279.99586675035493,236.21958440794566],[277.94557726365,236.3107137199607],[276.8094480855926,236.2396477576192],[276.7294535968025,239.85830909854323],[276.63907334181164,240.63465538905513],[276.38027992069016,241.41764871805725],[275.47493271624927,243.46703911036985],[274.2414787501768,246.25764100121518],[274.6137683725414,246.38751405366366],[277.38228430901535,246.4536841817466],[279.13094034318635,246.37701736882042],[280.2690909924702,246.42064650666515]]]]}},{"type":"Feature","properties":{"Level":"ADM1","Shape_Area":15.4082178,"Shape_Leng":21.4398955,"shapeGroup":"USA","shapeID":"USA-ADM1-66186276B89424837","shapeISO":"US-IL","shapeName":"Illinois","shapeType":"ADM1"},"geometry":{"type":"MultiPolygon","coordinates":[[[[346.183835931704,229.0529967666081],[345.87106740186033,228.99309443902467],[345.25834934657706,229.24256171891673],[344.98140412240537,229.1881128127498],[345.37676503923126,229.0767615441146],[345.38010532747836,228.94577851339614],[344.69172148005237,229.02665196458966],[344.43584641237396,229.24224278228508],[343.67000080644027,229.55711834764801],[343.63704518267815,229.65526673734684],[343.23271738554644,229.73638274986226],[343.22941593166263,229.93110409468989],[343.47577086112096,230.00075584563902],[343.42814242567164,230.160523152908],[342.3384349496823,230.86143233965868],[342.5402662077006,230.90642902882402],[342.0643715142205,231.24482266675057],[341.06281607712424,231.46605843665364],[340.95768730938846,231.60897911456172],[339.60036890225126,232.057834789994],[339.4053109018356,231.90302305600943],[339.1093686099958,231.94431342257678],[338.8318193516293,232.12854188121156],[339.00230915455074,232.2495689714176],[338.5943093373429,232.27734963443066],[336.09225242861606,233.1624022776205],[335.5609197582795,233.54596892890814],[335.37685069737626,233.94707674138138],[335.3954802393757,234.3213097098804],[335.743206955337,235.24082129392733],[335.43104886217634,235.63255917696148],[335.7697105910365,236.11631385532746],[335.7456904807534,236.38953825123684],[334.93018478149514,236.71440823428867],[333.87098839983935,236.96778170052488],[333.35786114989895,236.4483084674043],[332.8910278068505,236.77334986114914],[332.4764876518308,237.4614484343049],[332.5824285811219,237.63438940657102],[332.06506657217153,238.4168915444812],[330.1320758420143,239.31294464450713],[329.6684913536229,239.75275336694207],[329.41288976960305,239.77952674474452],[329.17317907753966,240.0999141558617],[327.6618826961809,240.65439617076095],[327.4600794328675,240.95560617908995],[326.8619983526447,241.19033939219446],[326.6026417461318,241.61716862216917],[325.79301123649094,242.08811545343474],[324.85322849974796,243.08975943165876],[324.66093590473866,243.81320086353165],[324.81699039145224,243.9025917965108],[324.3481946256384,244.5217346561502],[324.01768789174685,244.718241744765],[324.0305826241089,244.9782209439582],[324.90810022239623,245.47901554206427],[324.41413376840717,246.2467232686343],[324.59008436955736,246.9793270986721],[323.91186393283556,248.0065129227676],[322.678843832515,248.2986803355093],[322.45042917789,249.02123164036013],[324.04206972930035,249.87818975400174],[324.15831402218873,250.16264493657417],[324.73261516680975,250.42575935131475],[325.0616607996225,250.87122997945335],[324.69871930236286,251.48610946392222],[325.0623598522895,252.02945056819445],[324.64184205071723,252.78916994285692],[324.1685971439138,253.16230915875332],[322.83319705420126,253.05457521512676],[322.495890873719,253.1610503379686],[322.39199214341744,253.35798009315295],[321.53944168104545,253.41159841174053],[321.10258892301124,253.56239466955054],[321.07105878618324,253.6943108743011],[321.84809576937596,253.9985327014616],[322.98372402152575,254.51484476201998],[326.65053431759105,256.1803708356711],[329.3618171844617,257.08410964374366],[332.51510180921025,257.9908092808212],[334.99570200245614,259.3839466229302],[335.2495595751523,258.62203719213824],[335.56966752916634,258.3521217716343],[336.36690812707843,257.9162925249637],[337.5131588534245,256.67244866014056],[338.17060007029204,256.1897477422123],[340.05318556705174,254.00516189313208],[341.3779842526513,252.36660575721072],[344.4009654413701,249.00224672228813],[346.6052734240685,246.87620935202492],[347.04674234928353,246.29382740189521],[348.16545118061276,245.20879550066522],[350.9438900428622,242.27023195888526],[350.70380134143386,242.00207458247507],[351.31081676977715,241.60301570772594],[351.11363682191563,241.10591295523338],[351.8477056924102,240.8308187144461],[351.9639388967835,240.44799274365357],[352.38559788659313,240.38040373865041],[352.28312909087214,239.80386099457115],[352.722008756693,239.30274340190118],[352.5530407007403,238.888696564135],[352.2494074757196,238.67948771259012],[351.9724760331832,237.90363232872275],[352.14691699066873,237.807375062944],[351.57307614636903,237.3127678936911],[351.7177983585629,237.3406369855192],[351.18284423785764,236.2466744320343],[351.07810825627485,236.38992474350508],[350.9166188200737,236.1117823040261],[350.7182902168659,236.18717295881882],[350.52217073418285,235.6736125691977],[350.97716536642656,235.6406878408979],[350.8575806668883,235.35725845610736],[350.4790899659359,235.10725479465873],[350.5567523052536,235.03022492099893],[350.8020016200379,235.1957380540103],[350.7995004283842,235.03106543251906],[350.37198244618617,234.77036296015743],[350.5396183271396,234.76533631588532],[350.58186837942446,234.2443095246685],[350.36140176022474,234.1579127117998],[350.72155753167135,234.12021665214212],[350.20616825954573,233.96866235792126],[350.71612081892283,233.8005520873449],[350.338176133409,233.59514380609477],[350.74066419542294,233.63945444710478],[350.1282980823961,232.67738772937201],[350.489078907121,232.4637135734602],[351.0436327262594,232.38071394017408],[351.01059296910387,232.24607998341162],[349.98427456200636,231.8285058588341],[349.652790927384,231.52432645988137],[349.3537894861731,231.527457340147],[349.12962883624147,231.39976932020505],[349.1013497728611,230.90338800983022],[349.9205152188166,230.65654919845144],[349.9145927463934,230.35281031458555],[349.53039207367016,230.20362005396913],[346.44518164102465,230.06506413762855],[346.14185107497246,229.92989144974499],[345.7510530328497,229.19115736421452],[346.183835931704,229.0529967666081]]]]}},{"type":"Feature","properties":{"Level":"ADM1","Shape_Area":2.7979549,"Shape_Leng":9.5712569,"shapeGroup":"USA","shapeID":"USA-ADM1-66186276B85461608","shapeISO":"US-VT","shapeName":"Vermont","shapeType":"ADM1"},"geometry":{"type":"MultiPolygon","coordinates":[[[[394.93996396704233,306.75701577972137],[393.49859186099553,305.8698022737464],[392.06814890035133,304.40902491782674],[391.7060286913393,304.0038105655538],[391.1037915372241,303.3293021765086],[390.70200260194025,303.68084949878187],[390.5195557063194,304.00366470869363],[390.27031957596034,304.44418053451636],[387.6917061708102,308.30286646416914],[387.2116375292935,308.37557244721717],[386.9650168648686,308.0807823230541],[387.05211899530343,307.6882487584309],[386.8342710387608,307.616269921755],[386.4570804908243,308.8190905838102],[386.10992663939817,308.84792845298335],[386.1117457106619,309.0150489361905],[385.1746724566854,309.4593379959966],[384.88263688684486,310.0125036211595],[384.901921316257,310.4982051779799],[384.48464647715855,310.69446090589827],[384.4032149856755,311.01757091067964],[383.32226340854885,311.220934549998],[382.79612890413284,311.94424348789425],[382.4650381585651,311.9047184926534],[381.9081834648368,312.5251401068999],[383.36765400583664,313.5711820398748],[384.1090069036892,313.9955958640662],[386.1653660358616,315.68775531765596],[388.6102913993793,317.6976385205645],[388.8758164524536,317.91627220820425],[388.8221051136793,317.7808748869702],[389.27480203581945,317.7748454937606],[389.37857229243684,317.1778967793592],[390.3174393276232,317.25911117063004],[390.2006741695272,317.0545737444802],[390.460836310844,316.92152044158155],[390.3999965428495,316.61244965090765],[390.0180540895245,316.09782054571446],[390.1308428068422,316.03957141299736],[389.4812384992083,315.1768014263954],[389.5460381463509,314.93091496883244],[390.34960997994546,314.65883612344555],[390.44211440942354,314.06803194654617],[390.6401115141592,314.0543239728451],[390.63044197962427,313.46316484215674],[390.828120138307,313.315800895161],[390.74763625927187,312.52404340809744],[391.0121597488934,312.13928332724777],[390.9203215045044,311.9229700257787],[391.6264681801478,310.991066109571],[391.75459883507256,311.0600439866407],[392.5109096181296,309.89091843689226],[392.8827098213512,309.6558072979835],[392.92727722917994,309.2912164482077],[393.24733812380316,309.1165178743255],[393.1016249604726,308.2967451331449],[393.36012138826743,307.7097796507588],[394.38956485091273,306.88020730062567],[394.93996396704233,306.75701577972137]]]]}},{"type":"Feature","properties":{"Level":"ADM1","Shape_Area":45.079813,"Shape_Leng":36.3101264,"shapeGroup":"USA","shapeID":"USA-ADM1-66186276B96322354","shapeISO":"US-MT","shapeName":"Montana","shapeType":"ADM1"},"geometry":{"type":"MultiPolygon","coordinates":[[[[287.22639220588286,254.9465719204445],[287.01943209206627,255.07991365053482],[286.7924514464425,255.36364151376486],[286.7863497415784,255.2744035352963],[286.72195893736716,255.23507166275627],[286.73383432954773,255.0499243806774],[286.81651692993756,254.94330569264875],[286.5905705336734,254.91733063670856],[286.50571370599437,254.7919392585956],[286.43779989922575,254.8759653845405],[286.26086952911606,254.69708873210737],[286.08896551657904,254.69227754934712],[286.03082975188534,254.43044896558683],[285.7016420133354,254.35512531648894],[285.5999629603003,254.15007455366535],[285.59852962545204,254.02645675140514],[285.42990179670005,254.1113444552036],[285.3173912888934,254.32507193057356],[285.34835779179684,254.39758445478176],[285.14693358497794,254.68183103218527],[285.06517734720813,254.56881136846903],[284.97784737798594,254.89846726327963],[285.0236278211921,254.95209548523303],[285.03176761078134,255.18448432992835],[284.8420956456614,255.6388673266283],[284.832124660573,256.0120544546959],[284.782541074443,255.99664977609905],[284.8078202690686,256.1224731881355],[284.7067403383948,256.31026496972044],[284.65302607048676,256.2894641057192],[284.5222098957727,255.94634769654925],[284.4817550643962,255.95013552754682],[284.4034092101791,255.75797690557138],[284.32442255388844,255.93154901096014],[284.23886376506306,255.89072798544797],[284.212352707332,256.01883835985484],[284.30647853053114,256.13979910734497],[284.2989742943268,256.2364266177396],[284.1855668418448,256.27180264403285],[284.2909213786106,256.47230251522467],[284.3857287486835,256.5155450524606],[284.38127227154195,256.7546517740004],[284.24238858408813,256.786096610138],[284.2994984263675,256.93892832053024],[284.2007356228042,256.9369780995325],[284.21317719790994,257.01483548595627],[284.30518864113236,257.07878829396395],[284.2466943547854,257.2144929682688],[284.3116746818186,257.2871524357581],[284.29465779898607,257.45737884837797],[284.35850248262165,257.58983872373875],[284.30302908406196,257.6681637648906],[284.3736563897701,257.7154820886736],[284.374856798383,257.9782434082351],[284.3087979606766,257.98333562449875],[284.162833728976,257.8362792599276],[283.9356450533659,257.7318951876187],[283.8240213100021,257.86323200931844],[283.69974385195144,257.7214162241591],[283.63801484007865,257.7211685583988],[283.6602618233149,257.8162340776941],[283.3418020307395,257.8456993088533],[283.358586578742,257.96522309270495],[283.15033641132914,257.9561102132531],[282.7188483721607,258.3346711086397],[282.67527395173465,258.4868902797538],[282.363677358183,258.5216871856085],[282.32035021762175,258.6242780355873],[281.8341302889724,258.74949959976226],[282.0881378060176,258.90491362110583],[281.96447395852357,258.90950141084284],[281.78848628942967,259.0269954144235],[281.89448836510184,259.15452938853457],[281.74094360932463,259.40996578457947],[281.45247167866773,259.5996899317731],[281.2213390271782,259.94275912531987],[280.585323838893,260.33557335730933],[278.0865789739652,263.3026028440322],[277.9433976887553,263.5344616929889],[278.29843718407255,263.4791781060372],[280.71103727400305,263.4900462720562],[281.2551459240619,263.4154728994311],[283.1248394479729,262.84186348343957],[285.12764198992147,262.5683972057241],[286.87134186536343,262.7155986583305],[288.78236524329884,263.1292159530265],[291.38504416035846,264.23149820930445],[292.81779213306953,265.10665595347444],[292.55426107776947,264.1698337644464],[291.81742196750133,262.135333409745],[291.50339612215254,260.62657068749803],[291.1180379671767,257.9957578977097],[291.2752131113724,257.76258797542835],[292.0713773949981,256.1918857044915],[291.14072163005886,256.2111205262877],[288.5366810652768,256.0949319749355],[287.59296439715325,255.9979732464396],[286.9222069887245,255.84672095163174],[287.10963704438825,255.39664202582313],[287.22639220588286,254.9465719204445]]]]}},{"type":"Feature","properties":{"Level":"ADM1","Shape_Area":15.8572457,"Shape_Leng":20.2465096,"shapeGroup":"USA","shapeID":"USA-ADM1-66186276B89556088","shapeISO":"US-IA","shapeName":"Iowa","shapeType":"ADM1"},"geometry":{"type":"MultiPolygon","coordinates":[[[[312.9625261774111,244.17110301515692],[312.7701932148818,244.49682603489964],[312.4539414822833,244.83044211547025],[312.4513296432989,244.97368293199958],[312.2646487873001,245.29370032813856],[312.2690137632521,245.38325305371117],[311.63592787019616,246.440463315572],[311.6649748916661,246.5156628571894],[311.46780943483145,246.62969245352122],[311.2736519589271,247.00683498028246],[311.3653178450723,246.9066533566456],[311.38157565228323,246.9672312725651],[311.1304980114061,247.19406043531046],[310.95150456613266,247.63786699279834],[310.7238357860597,247.7594518307464],[310.71173097006874,247.8529619964374],[310.5931960531911,247.9731293664841],[310.61825942855165,247.83651745322607],[310.3076252946399,248.21984518795745],[310.1854350859861,248.49736431410784],[310.24404960441177,248.53241865187425],[310.13128594801515,248.67587850414986],[310.11887411294913,248.8457338255668],[309.7959349191234,249.21328757772312],[309.74359769760906,249.45207271238917],[309.6194443926709,249.49899152313952],[309.5927630225041,249.57387520135853],[309.5150158420186,249.55226212595684],[309.4847305990305,249.67441983482635],[309.39261611997165,249.70988808882163],[309.29055770431563,249.94469824974288],[308.9876872911063,250.28090512185744],[309.01839209112467,250.34547036728839],[308.3263688388139,251.12771836476628],[308.20755287373447,251.1389525448768],[308.1492369661098,251.13185923286326],[307.89210718876564,251.3712206442029],[307.2251232864759,251.72447529986354],[307.0085543903138,251.9439541776697],[306.9655557487315,252.1417868476371],[306.7264086668286,252.33765090431098],[306.69723098359793,252.4344340652042],[306.36648693202227,252.66391951006844],[306.4268751799556,252.70923272647732],[306.30379181652086,252.84074988580437],[305.85652576395967,253.09990633058527],[305.5802979888017,253.10645041114086],[305.3391592578449,253.22059424652937],[305.45540907194544,253.24696017427442],[305.1203917485723,253.4539409912104],[304.7488554366971,253.54846556496062],[304.5785314146051,253.65637433903623],[304.90576018901163,253.69966268863465],[307.2010041185299,254.05683410513677],[311.6863921798752,254.5474838615453],[312.55646845244286,254.7506087055679],[318.21053681955544,256.65375263842265],[318.3327508641352,256.1676765154372],[318.96382947005213,255.96066179107478],[318.6633107198007,255.34177618758633],[318.9279934033777,254.50900476650506],[319.0877298562713,254.48328323493706],[319.2072029864667,254.257308017082],[319.4512395802647,254.04893437088],[319.8427630709429,253.9782886350212],[320.63024748348647,254.02782815731746],[321.07105878618324,253.6943108743011],[321.10258892301124,253.56239466955054],[321.53944168104545,253.41159841174053],[322.39199214341744,253.35798009315295],[322.495890873719,253.1610503379686],[322.83319705420126,253.05457521512676],[324.1685971439138,253.16230915875332],[324.64184205071723,252.78916994285692],[325.0623598522895,252.02945056819445],[324.69871930236286,251.48610946392222],[325.0616607996225,250.87122997945335],[324.73261516680975,250.42575935131475],[324.15831402218873,250.16264493657417],[324.04206972930035,249.87818975400174],[322.45042917789,249.02123164036013],[322.678843832515,248.2986803355093],[323.91186393283556,248.0065129227676],[324.59008436955736,246.9793270986721],[324.41413376840717,246.2467232686343],[324.90810022239623,245.47901554206427],[324.0305826241089,244.9782209439582],[324.01768789174685,244.718241744765],[324.3481946256384,244.5217346561502],[324.81699039145224,243.9025917965108],[324.66093590473866,243.81320086353165],[324.03601978453105,243.97593290589967],[323.8267497988202,244.2297608380069],[323.5865533759653,244.2559668171947],[323.0409009057744,244.64074234859666],[322.7412634791085,244.68005041169835],[322.2902322745787,244.97936733358935],[321.33934341273357,244.92213142268082],[320.0140090738669,244.74777890270877],[317.46851502020866,244.41330615997052],[314.3276947917167,244.19091550216393],[312.9625261774111,244.17110301515692]]]]}},{"type":"Feature","properties":{"Level":"ADM1","Shape_Area":7.8564032,"Shape_Leng":15.9258808,"shapeGroup":"USA","shapeID":"USA-ADM1-66186276B48877258","shapeISO":"US-SC","shapeName":"South Carolina","shapeType":"ADM1"},"geometry":{"type":"MultiPolygon","coordinates":[[[[378.8921664898881,230.28156371105004],[380.17688952572337,231.33001238272774],[380.22363656004416,231.25903838993173],[380.50558614870795,231.7343915689843],[381.43439617550683,232.44091896321896],[381.44590090386237,232.79156775663964],[381.670315318377,232.6832326014339],[382.0065960118643,233.06585718355797],[383.35640714867964,233.72025058915756],[386.6439535454426,235.1356647416522],[388.81247924017896,236.26876623334368],[389.286496857795,235.94484492976267],[389.6421470834331,236.43002277762633],[390.20754853272473,236.3710965677388],[391.3637891694631,236.25026013256797],[391.8012937191758,235.83258071476848],[392.8050527739258,236.24319800837054],[393.76295400559553,236.48588427722814],[395.84593664881186,237.01475731975466],[397.70522623245023,237.30455390080238],[400.2619670363352,237.828549276618],[403.06769640646564,237.78248628492577],[406.799132832347,237.5826530042833],[409.1696800252517,237.45366028982286],[413.2659846250659,237.0089001412423],[411.84755433005955,236.31363940787466],[411.1327481855442,235.1599681511555],[411.2785209857037,234.6380180005879],[411.8352640143125,234.20487679802068],[411.24372561766324,233.84122702479766],[411.3813964905596,233.58828630699833],[411.219456055765,233.56559794413704],[409.9080332474157,233.3831112910778],[409.65003352261897,233.0422235884792],[410.1407977153765,233.0366339352396],[409.4842389842938,232.5006543677875],[408.6744717588027,232.15430829469892],[408.19273036494087,232.1726384443493],[407.98318152662466,232.0142135749864],[408.4259256896562,232.09359312956806],[408.67926148073616,231.92014805731966],[408.05229173427995,231.52440286358427],[407.0800149793703,231.27293998535947],[405.66800250713766,230.53190092031076],[405.5203350134118,230.55041818903672],[405.03341799312875,230.34383564169124],[404.60219022816244,230.35617033649925],[404.4415338566215,230.16076900203245],[405.1037399712171,230.15619235131922],[405.361424898081,229.90363204894007],[403.9170800505663,229.3240231357183],[403.7822103163892,229.39826818569844],[402.93471968310064,229.30377333421237],[402.6872739313927,229.12913113610824],[403.81909928199,229.18920773951805],[403.69635219213103,228.91155817420292],[402.79530832500006,228.5412551481541],[402.5390470627567,228.2318993049584],[402.7846800499493,228.24603044446735],[402.0967480131991,228.18573010770336],[401.35255997622517,228.11986971512263],[401.23404104788995,228.03865636275245],[400.4346055209523,227.9305168243248],[399.49997299840834,228.1567660968583],[399.6254667588788,228.34028418983127],[398.39630818875014,228.4756748821519],[398.3556901463397,228.6154480648911],[397.7289962806311,228.55230054045555],[396.8888571445179,228.46811166744408],[396.1088014712517,228.31755101041864],[396.1814627555026,228.46540102758777],[395.7761252488607,228.45601514844827],[395.30056395896423,228.79319984046404],[394.79179968665227,228.70467034627825],[394.202537710643,228.81584509905525],[394.1626089711111,228.98888562647605],[393.2334210007872,228.8272537763282],[392.09673004438343,228.46241659293915],[391.85713135659216,228.59572587459868],[391.2983760620463,228.3651322740704],[391.07115979938436,228.53126669050093],[390.4730641653656,228.31024425529654],[390.27239826100487,228.6577679657055],[389.11094630519705,228.50940392652544],[388.06887277765895,228.2101032641009],[387.36519167237657,228.37830788194307],[386.0902580284171,228.14575984452728],[385.02396322445435,227.9509818339946],[383.74116260198105,228.17643670321303],[383.4686264078379,228.1307510708433],[382.9279965460421,228.46536638043546],[381.437109220308,228.83605825726897],[381.00482197552765,228.534317669358],[379.77474567290494,228.62492039299167],[379.4658469693202,228.50668868048382],[379.0116282449932,228.58794141311728],[378.58572434168866,228.5859730167605],[378.6393658899972,229.46172443494282],[379.06794686177636,230.0314712159129],[378.8921664898881,230.28156371105004]]]]}},{"type":"Feature","properties":{"Level":"ADM1","Shape_Area":2.683568,"Shape_Leng":9.527985,"shapeGroup":"USA","shapeID":"USA-ADM1-66186276B69506066","shapeISO":"US-NH","shapeName":"New Hampshire","shapeType":"ADM1"},"geometry":{"type":"MultiPolygon","coordinates":[[[[403.07542050208883,314.4664387934791],[402.58034622028134,314.32176118436354],[402.238207925172,313.9838785388737],[402.0523394785639,313.7168871058816],[402.339748709598,313.2875180825287],[401.89042104274455,313.11540176275906],[401.85630864657463,312.6851664379315],[402.25187130314333,312.333737436854],[401.899646496469,312.1034928704804],[401.9561861463101,311.5978256784731],[400.677963755565,310.77103165262616],[399.30366981254053,309.6835285973449],[397.8028777766672,308.69285321100284],[396.7795153171395,307.9485261036461],[394.93996396704233,306.75701577972137],[394.38956485091273,306.88020730062567],[393.36012138826743,307.7097796507588],[393.1016249604726,308.2967451331449],[393.24733812380316,309.1165178743255],[392.92727722917994,309.2912164482077],[392.8827098213512,309.6558072979835],[392.5109096181296,309.89091843689226],[391.75459883507256,311.0600439866407],[391.6264681801478,310.991066109571],[390.9203215045044,311.9229700257787],[391.0121597488934,312.13928332724777],[390.74763625927187,312.52404340809744],[390.828120138307,313.315800895161],[390.63044197962427,313.46316484215674],[390.6401115141592,314.0543239728451],[390.44211440942354,314.06803194654617],[390.34960997994546,314.65883612344555],[389.5460381463509,314.93091496883244],[389.4812384992083,315.1768014263954],[390.1308428068422,316.03957141299736],[390.0180540895245,316.09782054571446],[390.3999965428495,316.61244965090765],[390.460836310844,316.92152044158155],[390.2006741695272,317.0545737444802],[390.3174393276232,317.25911117063004],[389.37857229243684,317.1778967793592],[389.27480203581945,317.7748454937606],[388.8221051136793,317.7808748869702],[388.8758164524536,317.91627220820425],[388.545213797276,318.48327490195277],[388.2777034189519,318.3917184783568],[388.4813647954341,318.56180499472634],[388.5942789234408,318.94066449375936],[388.9666365871641,319.05881061803757],[389.37307714914056,319.28875343399574],[389.3705036207424,319.4375117131882],[389.863460372482,319.36607056756657],[393.99293335874347,318.39149586598455],[395.43540478332733,318.00174575524613],[397.62001268713095,317.1309286288105],[398.3209437201606,316.64963257199827],[398.9898432988153,316.4817419645901],[400.3777708874817,316.43936719961516],[400.96472729372357,315.8845207265098],[401.9352689159051,315.92231162589235],[402.2603477079106,315.4302110213198],[403.07542050208883,314.4664387934791]]]]}},{"type":"Feature","properties":{"Level":"ADM1","Shape_Area":28.9192297,"Shape_Leng":23.8419117,"shapeGroup":"USA","shapeID":"USA-ADM1-66186276B42992060","shapeISO":"US-AZ","shapeName":"Arizona","shapeType":"ADM1"},"geometry":{"type":"MultiPolygon","coordinates":[[[[302.0348029471155,226.002297181966],[302.1531718241455,225.7268265403798],[303.3389987425661,223.9928785075559],[304.42235876665353,222.40907727727165],[305.5452229557738,220.45547153881165],[306.28018533034503,218.6219411466988],[307.200388132422,216.7813502972756],[307.5173879096536,216.037465340608],[308.0790127082694,212.90173443716188],[308.44340355968217,209.7876937614645],[308.46837277544347,206.91491696208004],[308.22259910151007,204.35876682593698],[305.38672219005167,200.96380253575563],[304.1775853196664,201.51745418733685],[302.3333461106277,201.74220212113488],[299.37366841977524,200.59272597469192],[296.83709375301714,199.37084311402526],[295.91188392721153,199.01360668311253],[296.13613182934216,199.84906925574086],[296.71500460583184,200.98971811830228],[296.80241394834786,201.26811774464053],[297.05467484289846,201.39517752974393],[297.3464074907048,201.9401600793563],[297.3526607943167,202.19905066776704],[297.5729884972684,202.84874353433415],[297.6494230302849,203.8190052053036],[297.55409286881434,204.0806806075913],[297.10830752215907,203.73604009665792],[296.9788968633407,204.02823971502903],[297.1867399661311,205.4330758036692],[297.0178288332162,205.61848806271632],[297.155875205259,206.15571565960488],[297.1133958009965,206.46227262630052],[297.423992641926,206.855598054844],[297.8724755268996,208.09786325365116],[297.9450491974289,208.97550352990345],[298.0885262765603,209.27192039084235],[298.0593785627541,210.3504846696473],[298.1531835340657,210.57954604268184],[298.0650831813077,211.0235263412245],[298.41134705141314,211.98025994191255],[298.4431479277129,212.50594670377956],[299.0342579563811,213.9651310779397],[299.1297457826464,214.52807811356683],[298.8503238294654,214.9352846641666],[298.1582923436374,215.2228433029739],[297.9975047413625,215.69118840599276],[297.2048198622466,216.75713529620975],[296.2715813658152,217.5959883375057],[295.77309947444263,218.39141926417244],[295.5738163128655,218.86881660870108],[295.3981102165772,219.04266030004536],[295.4389794388884,219.22513049512912],[294.8511385643198,220.2304201375571],[294.02878137373744,222.0957081177459],[293.7883910105588,222.78966654257417],[293.6070038774447,223.0755067968197],[293.2185925811262,223.97353569336468],[293.0356836432715,224.55503270570443],[293.05760580022417,224.72982491816842],[292.29476424072084,226.7152374106933],[292.4165682037189,227.18406052163442],[292.59511953449174,226.93344275233397],[292.79776340507556,226.9462109143421],[293.40365313007754,225.86312066687145],[293.524228244693,225.9343269791313],[293.19454879934665,227.27255959499774],[291.8784173939087,230.11896576072849],[290.77317805250516,231.84790108962886],[292.79195529592363,230.91991673840178],[293.55704282413535,230.45272569590324],[295.11947719132263,229.2141583364825],[296.62126404689946,228.45717311008266],[297.948897803149,227.90740561405408],[300.7053295127995,226.45600777826257],[302.0348029471155,226.002297181966]]]]}},{"type":"Feature","properties":{"Level":"ADM1","Shape_Area":0.0183736,"Shape_Leng":0.6457344,"shapeGroup":"USA","shapeID":"USA-ADM1-66186276B12132824","shapeISO":"US-DC","shapeName":"District of Columbia","shapeType":"ADM1"},"geometry":{"type":"MultiPolygon","coordinates":[[[[399.77799906135596,251.37800687142203],[399.0135442512834,251.76635316441588],[397.99016599618244,252.6972073616186],[397.6519326298317,252.72067011234788],[397.14367325862116,252.75554401395806],[395.67065278659356,253.24497194796376],[394.81345266072935,253.5802508701818],[394.3490980733919,253.76251455980884],[393.3206184633599,254.47739734173337],[392.67673649974813,254.7963263082449],[392.0217498605921,254.99316349896097],[391.2305572449289,255.22985947392002],[390.9986392470988,255.37455383423088],[390.44510675343685,255.93184803240348],[390.3617870895802,255.99526597402576],[389.69118555865236,256.5035974384343],[389.7431112628771,257.0573578522464],[390.1323340200907,258.9189118950326],[390.47744360401305,260.08543886654985],[391.4941072482688,260.40659286621104],[392.01977966832504,260.4529445701677],[394.60959400028867,260.68209376448345],[394.9665502329205,260.66145577626224],[396.01687417996476,260.4180232046061],[396.8734027403215,260.2200926722198],[397.6525036782963,260.11018027930226],[397.95393757533844,259.99640930418485],[399.30147106709387,259.27564259524667],[399.60746801066125,259.1115569829797],[400.08755527676874,258.94250706651025],[401.1998839068365,258.36503379264377],[401.70089251697266,257.9426773597639],[401.8770496803112,257.0612843641809],[401.90112100651356,256.39991588188286],[401.8488465206447,255.99222510571636],[401.59286904320817,253.98541720936748],[401.4892139021034,253.52769682377442],[401.1844950313618,252.86251522235534],[400.7942663165471,252.26688639897966],[400.2172067657719,251.68980900312886],[399.77799906135596,251.37800687142203]]]]}},{"type":"Feature","properties":{"Level":"ADM1","Shape_Area":2.1309536,"Shape_Leng":8.7147378,"shapeGroup":"USA","shapeID":"USA-ADM1-66186276B39591271","shapeISO":"US-NJ","shapeName":"New Jersey","shapeType":"ADM1"},"geometry":{"type":"MultiPolygon","coordinates":[[[[398.36627993379886,269.1913561888629],[398.82350592245166,269.5204988744281],[399.6440766358894,269.59180409779935],[399.8778924639462,269.65697941683914],[400.01104953307197,269.7183043353412],[401.3260220097377,270.32608483507016],[400.38120640092995,270.7162551951092],[401.2351104349954,271.6459195313877],[402.43128199046686,273.2400157322137],[403.59871192865444,273.9047084979203],[400.0105513392364,274.05161629332025],[396.9240184407467,274.1790355854489],[395.9814028447011,274.4977667329375],[394.84179840569004,274.3257081100389],[394.6055794911576,274.29022624530614],[393.3537413077836,274.79933023468544],[392.5816462656246,275.19904638634756],[391.66786836211145,274.94961605240877],[390.473023702064,275.53268938757486],[390.1947987450564,275.790427835194],[389.8554402693202,276.6460978890392],[390.2512071620811,276.7017989441234],[390.30726017745343,277.788557096828],[388.4567099708048,278.755457315913],[389.12463114047273,279.988052592557],[388.92161909906827,281.7321464679054],[388.79682943197446,282.34573684449674],[389.2009180627324,283.1074685260207],[389.36320950631693,283.56944523126725],[392.01009611380135,283.6079074596903],[392.65478148173185,283.61743429775555],[393.6805840273206,283.5428715780779],[395.63337415053064,283.61111835527413],[398.0176589247782,283.6941567588701],[399.7557827689644,283.5435625940153],[400.0107175694919,283.535483926142],[401.5001417833649,283.48920843049103],[401.67897616016324,283.3225845133707],[402.5245761519558,282.5339002238692],[403.14907234729947,281.8327097726532],[403.36002479316926,281.5261006736839],[404.2554680263706,280.78232191689284],[404.32034847724,280.09023707533544],[403.08377164846104,279.67922411452173],[403.1032586517856,279.506778512896],[404.0324495737995,279.0286640975133],[403.7319160597715,278.734151141372],[404.99911515018704,278.1302016161284],[406.1594848673012,278.12638519870563],[406.2006859794949,278.35232897303473],[408.0104950274668,278.30696913641395],[409.7580925780094,278.26346928032],[408.3429658654526,278.89547385702457],[411.39030958958324,277.7753725953105],[415.80258213629384,275.8694324174739],[418.5327496509661,274.37191257635095],[419.1351054964161,273.8858326282844],[419.40398596973034,272.9115239195097],[419.8046508257883,270.94868527716187],[419.4974732273167,270.82191718839954],[420.1299689276552,270.25491079353503],[419.9927289428735,269.023462872679],[419.1235938710256,267.8134473984794],[419.3257352495628,264.95120728465923],[419.2825420154278,263.9840114657339],[419.252554340379,263.31906643674364],[418.2097156317538,262.5919186568433],[416.7870830628435,264.7915120054209],[415.8797710988189,264.6293009363818],[414.2223817919432,264.5598915606027],[412.91722226366176,264.21574480518643],[412.8240443392682,263.70737659616134],[412.00483331132546,263.8556687500769],[411.9479400868991,263.8660831015653],[411.320341581894,263.9797760426585],[409.46180066580746,264.31746308883993],[408.9675806234877,264.0122920779705],[408.00741548291865,264.2222469591634],[407.3047094625696,264.37687983686294],[406.88094629888997,264.2032830007216],[406.23270111568223,264.4279953423348],[405.69366160223626,264.61386828037246],[405.51219890456247,264.6768746213748],[403.9908320847812,265.5644770410746],[402.74286583681874,265.9759768517596],[402.30581727522883,266.42433361262863],[401.77710274958054,266.80279067278775],[401.71510570065556,266.83678075853504],[401.04177833053467,267.20419708637866],[400.0125249878286,267.47274028656125],[399.8469374078625,267.51606484237664],[399.646464144295,267.61817507177057],[399.35120447806395,267.76928923713547],[399.20178525965275,267.98449268904847],[398.51164887912057,268.98206573891053],[398.36627993379886,269.1913561888629]]]]}},{"type":"Feature","properties":{"Level":"ADM1","Shape_Area":2.7722998,"Shape_Leng":28.7194261,"shapeGroup":"USA","shapeID":"USA-ADM1-66186276B58948317","shapeISO":"US-MD","shapeName":"Maryland","shapeType":"ADM1"},"geometry":{"type":"MultiPolygon","coordinates":[[[[414.4418261287894,252.83257176076637],[413.94323200387157,252.70482816587926],[413.56411796724774,252.88506701040126],[413.82083724208775,252.97768479114092],[414.0061163128744,252.9344985092336],[414.4418261287894,252.83257176076637]]],[[[413.06674535572074,253.01694519639892],[413.13636961417563,253.15847216120181],[413.5697513532927,253.09017631017085],[413.06674535572074,253.01694519639892]]],[[[412.34855054082016,253.11526127274203],[412.43339803353894,253.3169991895654],[412.91824101158136,253.210855198613],[412.34855054082016,253.11526127274203]]],[[[397.14952589651944,265.37629917434845],[396.74428850851035,265.6181240111787],[396.94566541042764,265.555185982886],[397.14952589651944,265.37629917434845]]],[[[396.3621409675531,265.2335998961907],[396.4053899170134,265.3520453853333],[396.9717894762458,265.0111284121019],[396.3621409675531,265.2335998961907]]],[[[406.78991123521513,255.65669185434444],[406.76344213602044,255.97521815646178],[406.98895688748314,255.4193057500117],[406.78991123521513,255.65669185434444]]],[[[421.389115823996,255.89704684966935],[420.4115387410194,255.37193946412074],[419.68179581077607,255.06244629941364],[418.7064704809869,254.5752519098142],[417.94731612825194,254.19571740804759],[417.8764498510469,254.06344453141145],[416.7253956774844,253.63209900216805],[416.56871767101995,253.5732760258262],[415.8135589099212,253.08935021340267],[415.5874343787735,253.14742192042758],[415.895168108005,253.2565534750545],[415.4036542964857,253.18607572776466],[415.17446186083816,253.35769217705214],[415.99115596540884,253.7648304453948],[414.9393644781976,253.3960268594853],[414.860951763628,253.6311304189602],[415.29488772333366,253.82924513121003],[414.0059057111016,253.46835748495704],[413.60170735651104,253.35505654094192],[413.4373347363692,253.52710383221074],[414.3370546241833,253.9500182297984],[413.85985984254154,253.86702612854992],[414.18963374427284,254.04945315764942],[413.9967768764012,253.98848332269446],[413.6591244544604,253.88132913721583],[413.5756352231382,253.7616877089876],[413.15104099214693,253.83786732269851],[413.05387651924366,254.34779818757133],[412.6602606342578,254.0865780619201],[413.0660351141572,253.64295608699138],[412.0770559611713,253.72690606613537],[412.3496081595435,253.88952284399176],[411.95355082484883,254.01475166119664],[411.8016806965501,253.57921671280988],[412.40856422857496,253.40198519708156],[411.17820697029276,253.4067353903641],[411.1682179791481,253.28369114616083],[411.0667682003907,253.41280034224667],[410.51453811202225,253.28312792159187],[410.72257201597364,253.37659303424584],[409.9173423510701,253.475150041357],[410.3506847891966,253.21103096574655],[411.5363306185724,253.24027707314457],[411.12991530732586,253.15429194893704],[410.2932275134162,253.19541411526896],[409.19296687473155,253.44060565144645],[408.6679276514306,253.61181961684156],[409.10157864942585,254.28352202338849],[408.4041268794808,254.32438495510266],[408.15044567745133,254.718443513998],[408.66906780186827,254.79429793835226],[408.74583886463705,254.99953119821237],[409.1300178233828,254.814746287202],[410.15723894744633,254.82509432593477],[409.53899805463504,255.04891267570304],[409.32353966150583,255.12674099529173],[408.86730324495954,255.1096330256001],[408.23021627002385,255.4764304519817],[408.268872613599,255.3349060628385],[407.77588098887765,255.5465873862405],[407.7946577951889,255.79467649468455],[407.4223473016548,255.89223379950622],[407.34775496240337,255.48939232481106],[407.22231621012685,255.66145817303226],[407.39675919399093,254.9845224067509],[407.07539924148523,255.54541162356904],[406.57361184840613,257.0427871075891],[407.1512731054918,256.39406997218845],[407.87534785673716,255.96452440388444],[407.06038443376576,256.73860499725015],[406.66991462427944,257.32240628157376],[405.9761039404325,258.35864527383865],[405.4157156260882,258.994943972194],[405.86122271965905,258.2256043019773],[405.75017940866894,257.9843343526187],[406.23967120695715,257.2040616898917],[406.19662487623145,257.0086922781126],[405.1771805875504,258.8840372450868],[404.3661131034289,259.99228962800606],[404.21766612419424,260.19421297874317],[404.01551236197724,260.4712059659349],[403.79908766460176,260.766893946058],[404.01554251974284,260.5240428683289],[404.2658265821078,260.2423188822997],[404.48948370822,259.9923861861158],[404.9590217647164,259.4655303667258],[405.55184949481634,259.05937714243026],[405.16658268989454,259.71424209549593],[404.9469706363724,259.99274424606926],[404.53576441748226,260.5119509422379],[404.3800821135843,260.70995602647656],[404.14410672677536,261.1503679528306],[404.01598612249245,261.3012421974356],[403.8519566441175,261.49379025579015],[403.5280032615737,261.5372450458091],[404.0519661964746,261.0528349205686],[404.4670566204078,260.44332097477405],[404.77626442179064,259.9926106399365],[404.8435301571535,259.8941002436485],[404.7548537948902,259.99259388254393],[404.4041747182168,260.38051030283896],[404.3152262607931,260.47962032277235],[403.9726570633717,260.9688573604333],[403.22345465992197,261.5946895920138],[402.9122374081928,261.8550476598328],[401.7367737243545,262.73628651268785],[400.0167692299748,263.73679348197413],[399.58111980532533,263.99033634821177],[399.37789662269824,264.1083517878406],[398.6559619155448,264.6288457618061],[398.0171772140602,265.0915732744918],[396.9800577930737,265.8410959326204],[396.8952840361975,265.99067686994925],[396.6924000689862,266.3467661530175],[397.99290604743993,266.0790011189653],[397.0201835520452,266.4552826134188],[396.76180427447844,266.73460463734307],[396.4510533691001,267.07255101914205],[396.16718008354934,267.06193892185024],[396.017391414421,267.1511874802239],[395.70282328327244,267.3378251292257],[394.51731867928845,267.8755727423634],[394.5675488293841,267.56065385258694],[393.6248303689289,267.4707343108255],[394.1552577656082,267.18334024563615],[395.5948018033907,267.01907601818704],[395.656638735253,266.1706023732471],[393.63882359194326,266.8428338180219],[394.72646302176065,266.27545245281647],[395.6743619583521,266.05541194078756],[396.07799864743475,265.74797232611564],[395.74068660899184,265.85206548712773],[394.34252104401054,266.28285588842067],[393.43516169462896,266.3130270655667],[395.329695426996,265.80933789002415],[394.5834489522378,265.7477540717172],[395.1969211547039,265.5800946275439],[395.77711718804943,265.42123095707353],[395.8190130785277,265.2098272118534],[396.704036670358,264.99830563697606],[396.360204327445,264.78558497084384],[395.55264907980506,265.05870105531613],[394.45535084861604,265.1741244202396],[393.63843715338993,265.13450038698187],[394.43426489262697,265.1075789241114],[395.56908546067973,264.91019127139486],[396.0173191642439,264.7675525085608],[398.016946403376,264.13194409665783],[398.12472030299415,264.09753205132944],[398.4641634641589,263.9898885980086],[399.1228448908744,263.7806237450255],[399.595945027849,263.57670261478506],[400.914303917209,262.8094897088655],[402.41674274454243,261.6224996499609],[402.7142542255216,261.3397841788387],[403.67131921614276,260.4316372671147],[403.76287067587197,259.92405157031885],[404.4753240980305,259.10846506508767],[405.0775994067231,258.2626951932676],[404.7378629632999,258.53583402126685],[405.3550558258054,257.67092896913823],[405.4153067420806,257.1380723654957],[405.878524394093,256.7473866394546],[406.073792017923,256.0806198656707],[406.10814490725596,255.27036218972972],[406.5738231365334,254.3613189602607],[407.2763318099242,253.47632543351696],[407.5634419209648,253.31898390539092],[408.0119551671461,253.25046590172695],[408.5956738006643,253.1615037641167],[408.85224712323685,253.12225263033778],[408.92318513147814,252.81073350168938],[408.5424709586897,252.7489572715845],[408.7838210120649,252.64949773629888],[409.3496621367622,252.83961429759003],[409.3863301097641,252.65292664903782],[410.5693311566547,252.47138817865613],[411.0009730610959,252.27209314214622],[409.9783593337102,252.1465849929194],[409.59265872732385,252.26949637566187],[409.40646107736706,252.1901872150135],[409.6621023513861,252.05700966788888],[409.0399902763842,252.00143708798322],[408.57028339134615,252.04853181048907],[408.0112116561008,251.8539987352125],[407.33584372469534,251.6193310394355],[406.8191319394797,251.3387567444255],[406.7577411535826,251.19564226354396],[406.3052000924083,251.0135978719932],[406.0436021610544,251.00609664351114],[405.55647663154207,250.9917223134382],[405.8142667229026,250.89117735497695],[405.983552286189,250.82488787684127],[404.85260309111214,250.454033814261],[403.28663900567665,250.08728389363],[402.7900532570156,249.74693463059782],[401.9225846287829,249.29609752258196],[400.0630737674769,248.46971123835434],[399.57554200491313,248.34004047371383],[398.9280436055009,248.24890262887413],[398.09043667049394,248.2726381742986],[396.98253237097947,248.3852235767308],[396.80362570889247,248.6319927295669],[397.7185348487554,248.87021976265703],[398.88252771890564,249.29744943659813],[398.09667995826567,249.3879315167079],[398.7916920904219,249.58819635284166],[399.80383141848245,249.9941095159732],[400.8219420345236,250.5324410293784],[400.622737530908,250.86384677714403],[400.01456574922855,251.23382110269404],[399.77799906135596,251.37800687142203],[400.2172067657719,251.68980900312886],[400.7942663165471,252.26688639897966],[401.1844950313618,252.86251522235534],[401.4892139021034,253.52769682377442],[401.59286904320817,253.98541720936748],[401.8488465206447,255.99222510571636],[401.90112100651356,256.39991588188286],[401.8770496803112,257.0612843641809],[401.70089251697266,257.9426773597639],[401.1998839068365,258.36503379264377],[400.08755527676874,258.94250706651025],[399.60746801066125,259.1115569829797],[399.30147106709387,259.27564259524667],[397.95393757533844,259.99640930418485],[397.6525036782963,260.11018027930226],[396.8734027403215,260.2200926722198],[396.01687417996476,260.4180232046061],[394.9665502329205,260.66145577626224],[394.60959400028867,260.68209376448345],[392.01977966832504,260.4529445701677],[391.4941072482688,260.40659286621104],[390.47744360401305,260.08543886654985],[390.1323340200907,258.9189118950326],[389.7431112628771,257.0573578522464],[389.69118555865236,256.5035974384343],[389.49234374302006,256.7129731571332],[388.48886037995453,257.25641889498013],[388.15464097934057,256.9964120647841],[387.7056756003206,256.83504223881266],[387.28283231758655,257.62467509966785],[387.1314083511806,257.9082674693775],[386.4071971266005,257.3840775450641],[385.6636946540983,257.1323555561176],[385.52059072265683,257.31567631454664],[385.27045368476774,257.4892297660281],[385.16207652164235,257.68371829524744],[385.27516602742895,258.80170144083104],[384.7546685090528,259.0517633215778],[384.3021957010118,258.64921419415293],[384.18879055860407,258.63759991637096],[384.0493346973267,259.4380973119472],[383.8643749190421,259.41129165196975],[383.8676632608131,259.9889731977703],[383.6327199459778,259.85346971935246],[383.6454398986737,260.19745622234313],[383.56251758921127,259.9577377777074],[383.4452400073077,260.2447169657992],[383.547811740493,260.603623244487],[383.5035639193264,260.90967123072073],[383.1780573653856,260.7842769052987],[383.23223092677335,260.4511777122266],[383.0100970327176,260.4096229333869],[382.67800080976076,260.8446769590754],[382.3739845811615,260.8883655608956],[382.4083999383299,260.016543438894],[382.1597877105538,260.02083682095076],[382.19997148554864,259.73238887721226],[382.0540199321626,259.6596471455034],[382.19139519040573,259.46559791844743],[382.0668480742082,259.3178256229679],[382.16192867604343,259.10066655367183],[382.10369406841744,258.58727590279284],[381.69244607869723,258.41319571108653],[381.345444316157,258.8171396478699],[381.4177714887011,259.02639692696096],[381.2413313578107,259.11051144928007],[381.2569393815502,258.3779409811996],[381.15693125750954,256.93241803906983],[380.80832888288506,257.0148709808979],[380.87189219922857,256.1396139788045],[380.7771158131018,255.3500035601369],[380.5200258875306,254.1363324174575],[380.18582346518707,255.82710876580683],[379.6198254780851,258.0795727884591],[379.47267959258033,258.49957069485663],[380.00270201200055,258.9296392455247],[382.41499927879033,261.4457257094099],[383.18728402656217,262.00820071498765],[384.0133782804652,262.7142806550776],[384.1699373039129,262.8479447437042],[384.70484547756666,263.51448524327657],[385.4583028554805,264.1554796520966],[386.22192347869503,265.0971224425761],[386.75430740314334,265.7533095334165],[388.1610244652718,266.81302328484514],[390.0969646342052,267.8307606967534],[391.2682743206907,268.2183308211769],[392.015915463657,268.3458993548198],[392.44517740405576,268.4189508880246],[393.5639057606503,268.6100516273253],[394.52573221757024,268.7143829477284],[396.01705492468113,268.2272322847497],[396.57809412005855,268.0427960154953],[397.3685476327725,267.69530944848884],[397.58879911245384,267.56137181679026],[398.01558746176295,267.3035485392515],[398.16884248603037,267.2104599699366],[398.7744579877302,266.74711188957673],[399.06133415597793,266.528555704565],[399.8551395852278,265.9890367031425],[399.950689028772,265.9237485900702],[400.0158710602432,265.8794239906824],[401.45527223910995,264.8976480945266],[402.382814628471,264.02067636577954],[403.17137896313125,263.528692847008],[404.014599809837,263.11121960132505],[404.1605694911691,263.0387021389572],[404.7466861847844,262.6677956834242],[405.18474563183446,262.2479793955022],[405.39467777998516,261.989835596821],[405.67178755140645,261.64668723184485],[405.96481823121457,261.2864487874667],[406.01526375475976,261.23795662376074],[406.6402432333776,260.6337249467874],[407.47778547998627,259.99238985757313],[407.6721682008086,259.84312826843404],[408.0149010257916,259.4764756516952],[408.73031276071265,258.70958035606174],[409.399645050054,257.99548748616303],[409.694753659858,257.67938480577186],[410.01328757396925,257.4712526212903],[410.9037026095807,256.8879988551125],[412.01048659459866,256.1672759380868],[412.2689520149439,255.99848684853265],[412.4819753531112,255.85889874022263],[413.92100540617685,255.06630880810604],[414.87572626552367,255.30084246777622],[415.67686963233257,255.6737176420377],[416.19761315967554,255.91584561102394],[416.3321054295606,255.99721436662855],[417.3698277712689,256.6221464183001],[417.79617207506794,256.87971966104675],[417.99600825780635,257.01844167577127],[419.40070927797734,257.9924769864364],[419.7508466820934,258.23468004397165],[419.9935668982491,258.402891565933],[420.9048667633391,259.03312130701323],[420.98873394432815,258.4889916905121],[421.15444184958784,257.4118027560529],[421.389115823996,255.89704684966935]]]]}},{"type":"Feature","properties":{"Level":"ADM1","Shape_Area":9.7532104,"Shape_Leng":37.6034856,"shapeGroup":"USA","shapeID":"USA-ADM1-66186276B30978217","shapeISO":"US-ME","shapeName":"Maine","shapeType":"ADM1"},"geometry":{"type":"MultiPolygon","coordinates":[[[[404.70754908813745,322.98387958516577],[404.82675459522335,322.99867811785833],[405.02522679302007,322.9813455807781],[404.70754908813745,322.98387958516577]]],[[[405.0568820754895,322.8466724984853],[405.2354956536213,322.88097420308986],[405.32533817340504,322.8101929642616],[405.0568820754895,322.8466724984853]]],[[[404.8861847353937,322.79897439536416],[404.95359955946765,322.8535106036809],[405.3058080832109,322.7361906601675],[404.8861847353937,322.79897439536416]]],[[[404.03712141603546,322.6844394595796],[404.17463074221314,322.66363457158656],[404.1394204941372,322.65776458625095],[404.03712141603546,322.6844394595796]]],[[[404.39629261044666,322.5116750588444],[404.39010888652285,322.534701919805],[404.59259384921984,322.49721945116664],[404.39629261044666,322.5116750588444]]],[[[403.5184065598394,322.35584533857866],[403.4659983556965,322.3839326305229],[403.5934224488457,322.34549288842845],[403.5184065598394,322.35584533857866]]],[[[403.7618871087274,322.26876371098604],[403.7217622359434,322.30333988540576],[403.8479245457569,322.25583739464844],[403.7618871087274,322.26876371098604]]],[[[404.0233063571353,321.9859557118494],[404.11441736115944,321.9960478079505],[404.24182034227806,321.9591810947183],[404.0233063571353,321.9859557118494]]],[[[404.1404493901736,321.8413525232453],[404.1244896452244,321.8732797512289],[404.1784367072344,321.86469961060953],[404.1404493901736,321.8413525232453]]],[[[404.1730162134347,321.8125458895227],[404.20253224862836,321.8275635548223],[404.2553649635122,321.7972701232748],[404.1730162134347,321.8125458895227]]],[[[404.45710532807135,321.68734802499677],[404.46936060495057,321.72600704782104],[404.6603141441318,321.69533819659455],[404.45710532807135,321.68734802499677]]],[[[404.05610377980844,321.8142137539726],[404.10506435206895,321.8406965552428],[404.11501039768257,321.80457030242417],[404.05610377980844,321.8142137539726]]],[[[402.9115143972068,322.044726081843],[402.8694754314265,322.1074191459381],[403.0568670207493,322.0168175636565],[402.9115143972068,322.044726081843]]],[[[403.5662545069019,321.78488812059624],[403.52390647514926,321.8055282014958],[403.6101063324028,321.8022405028379],[403.5662545069019,321.78488812059624]]],[[[403.79576359052515,321.6959772997278],[403.7656961926058,321.7848475371883],[403.9499314021033,321.7520123410734],[403.92258835867744,321.796676206389],[404.2030801460761,321.7564271683774],[404.22446032276906,321.66139341200386],[403.9408549355468,321.7187733805067],[403.79576359052515,321.6959772997278]]],[[[403.9562788770478,321.6173982001295],[403.9388956173784,321.6490514086552],[404.0568201712453,321.60244140174905],[403.9562788770478,321.6173982001295]]],[[[402.6965224013602,321.9906706797088],[402.5719341297511,322.08031874498886],[402.96727522482047,321.97212154785166],[402.6965224013602,321.9906706797088]]],[[[403.5517247829784,321.47883834912784],[403.80987825567536,321.53111206601096],[404.13424710511055,321.41152446439355],[404.04064020200997,321.3620071412712],[403.5517247829784,321.47883834912784]]],[[[402.44934204192424,321.6880735869935],[402.41153540391224,321.8124848237555],[403.3665644718775,321.7303011461969],[403.0596285400639,321.7171991730395],[403.22805201423034,321.5826605264467],[402.44934204192424,321.6880735869935]]],[[[402.0281265065832,321.7874064823692],[402.3287459011658,321.81515366789677],[402.3398706912205,321.7780801965259],[402.0281265065832,321.7874064823692]]],[[[403.84990729976784,320.9255097768981],[403.768085488368,320.9889948613398],[403.90895431287026,320.9598655251265],[403.84990729976784,320.9255097768981]]],[[[402.354909132987,321.3789091125865],[402.27597093911635,321.42577677444893],[402.57210867508184,321.4821565805763],[403.0600304104043,321.43421550020764],[402.97461831814934,321.3044472251521],[402.354909132987,321.3789091125865]]],[[[401.34450493175916,321.6152013535681],[401.12999944501337,321.80206901532904],[401.64949412937005,321.57061652195415],[401.40097126360047,321.62497998890643],[401.34450493175916,321.6152013535681]]],[[[402.1521630336234,321.3770562238278],[402.2646938161592,321.56789658398105],[402.4825103246428,321.5271752482321],[402.1521630336234,321.3770562238278]]],[[[401.3921024576811,321.5578942945474],[401.408629930004,321.60767791292795],[401.5021384239037,321.5627872451819],[401.3921024576811,321.5578942945474]]],[[[402.14057162022834,320.56219311934007],[402.04614351971856,320.61427683639994],[402.1902029748338,320.57370272773585],[402.14057162022834,320.56219311934007]]],[[[402.75016952650026,320.3499651892632],[402.7104291811492,320.4021991688563],[402.77962269507714,320.39210011450183],[402.75016952650026,320.3499651892632]]],[[[401.4255134662282,320.5435073621281],[401.31339197010954,320.6120865676278],[401.39259447050546,320.604798211911],[401.4255134662282,320.5435073621281]]],[[[399.9452349318621,319.68406502033395],[399.99945381507064,319.72714294590327],[400.0028076669177,319.67918218808586],[399.9452349318621,319.68406502033395]]],[[[399.98233464553,319.27060001183804],[399.9347073382876,319.43949150016664],[400.0693851036427,319.33587047042886],[399.98233464553,319.27060001183804]]],[[[399.7305636984519,319.33585918462325],[399.63705854318016,319.4055006638036],[399.8444465452805,319.40990141503164],[399.7305636984519,319.33585918462325]]],[[[400.06571867017146,319.1937667992253],[400.12085208791115,319.2758100438024],[400.16968223030176,319.2233678840041],[400.06571867017146,319.1937667992253]]],[[[400.13405997299515,319.0913617579323],[400.06534504545493,319.1544840813381],[400.1919412901491,319.14369824402803],[400.13405997299515,319.0913617579323]]],[[[399.99753929914044,319.0986796211862],[399.98150222082796,319.19563173836644],[400.04328737293093,319.14440619811063],[399.99753929914044,319.0986796211862]]],[[[401.9352689159051,315.92231162589235],[400.96472729372357,315.8845207265098],[400.3777708874817,316.43936719961516],[398.9898432988153,316.4817419645901],[398.3209437201606,316.64963257199827],[397.62001268713095,317.1309286288105],[395.43540478332733,318.00174575524613],[393.99293335874347,318.39149586598455],[389.863460372482,319.36607056756657],[389.3705036207424,319.4375117131882],[389.61957330934115,319.63559002132797],[389.5256687643888,319.62962595540387],[389.7835470725728,319.7546764017353],[390.3059178012793,319.81204174594177],[390.57020201716455,319.9422004077678],[390.1094318158815,320.1565943118605],[390.8330572286789,320.42733840702164],[390.77026923399006,320.49906654763294],[390.1189557661381,320.3706629862019],[390.1032030800229,320.591508520306],[390.52662981624155,321.10407262298037],[390.2373250102219,321.14770357470695],[390.3850264069672,321.50114136178667],[390.2958091797159,321.5600011565966],[390.0333435865256,321.4799177776977],[389.99843754138544,321.54028877705457],[389.82288955430477,321.51229841917296],[389.80771821603594,321.6100918152267],[389.7120252554401,321.56577214677054],[389.66377631874207,321.74703843615777],[389.34967179101886,321.71154098602466],[389.16245683529877,321.9681007050051],[389.33809486213,322.27951372332814],[388.5979696963799,322.6944971393281],[388.32658437326495,325.23924200044854],[388.90307163128864,325.47518068632775],[389.49923559201034,325.1857066272516],[390.1444219149937,325.3074201926502],[390.7956363452762,325.90577140704397],[390.7512624871012,326.0341348583268],[391.31441681656395,326.36558831246725],[391.1469729465068,326.513709779637],[391.51120504653767,326.7317740465384],[392.9491571478617,326.9306430655813],[393.46919113639484,326.8782520769692],[393.9539824157796,326.9481562513124],[396.771359018589,325.6721375385541],[397.8477259567638,325.10612604573714],[397.9712161222842,325.1116962292499],[397.9392265261767,324.987220815221],[398.3033071003225,324.8922881374819],[398.2596507625035,324.8191674935536],[398.6190606986701,324.682111620256],[398.6841422083502,324.58654726684256],[399.04528760207313,324.65528876700927],[399.516120885926,324.6016856062814],[400.049740771781,324.69084302418383],[400.10612529376823,324.7784144937232],[400.61992607285794,324.6004125356972],[400.47489408351083,324.50483199920586],[401.2228103325775,324.3737724426172],[401.4504984300277,324.15654440074275],[402.5753301373032,324.00965758259366],[402.43418289741555,324.158131161173],[402.94637770477664,324.2179118347497],[403.60842067040466,324.11051310774536],[403.58540813773857,324.0678576618682],[404.782175153474,323.9592550428287],[405.33429373002866,323.7973189785293],[405.5569402512588,323.36567043786863],[405.3981187198226,323.3102408724785],[405.2763888995506,323.3495034886414],[405.35143717170774,323.24906093074685],[404.8246459466194,323.34922562304916],[404.7077933925965,323.237295164143],[405.0154934945258,323.20685737271015],[405.1232565670419,323.1030279503003],[404.79783214051884,323.1495802708427],[404.93913957898644,323.10870658995816],[404.77430452016796,323.049523353342],[404.56888892333563,323.083553696472],[404.50324115083794,323.0394272052994],[404.9389694967008,322.87884960042015],[404.50593153538216,322.7819278174271],[404.66647816589546,322.70769636863133],[404.22369641744285,322.7578962291233],[404.3288654396724,322.688154162659],[403.8499550980507,322.7233540557687],[404.59315323670734,322.4144490678266],[404.2444881256914,322.50270070464535],[404.3896888812538,322.4227761587964],[403.9285481900511,322.5032769660011],[403.6641853364482,322.4940058457353],[404.36543122514894,322.38657857560327],[404.3572835250652,322.3491510967807],[404.1406040110209,322.38395561794056],[404.33240535742937,322.2233317188725],[403.10725635058293,322.45934514945293],[403.24306430162426,322.4101721192457],[402.8471343554442,322.4703478404533],[402.9605995155046,322.3688945807464],[402.78741843777533,322.34247235351916],[402.9451936683582,322.314545874164],[402.66059714806255,322.28567363242735],[402.87067097845795,322.2318090989837],[402.87443223726007,322.28689133092604],[403.1620260749577,322.29919316283764],[403.9704032402847,322.1616126576991],[404.0282679490665,322.0653039379915],[403.6907914602873,322.0354293991161],[404.03434066181035,321.9564849764262],[403.99067405742795,321.8929515929708],[403.176757763917,322.00284512834685],[402.9380543835313,322.16342205028405],[402.6910371042626,322.23153274388363],[402.7152145662905,322.14794167123046],[402.2780963007078,322.2942237671032],[402.187144549165,322.25445931123306],[402.65356249510523,322.0910712070245],[402.3659297114549,322.18493841232987],[402.26455889393094,322.0481979638191],[403.3138592468508,321.8130160252096],[401.8934231077826,321.83432579791287],[401.65554567601833,321.7395919541783],[400.75341177650944,322.05614740995816],[400.88444461321944,321.8566869435589],[400.60549191927475,321.86814019736096],[400.4888908669953,321.76636452099865],[400.98218724703634,321.7094269150168],[401.25605866172225,321.422352948623],[401.6977440728123,321.2218499797814],[401.80197324892185,321.2689325952592],[401.9470551066751,321.0728910874945],[402.1237415968526,321.04489753752097],[401.9537847534515,320.9591258653893],[402.0148878571253,320.71951501665745],[401.7254186721353,320.78732258894297],[401.52507349326265,320.75501447512096],[401.541714936052,320.6790156094099],[401.50432079503514,320.7707279864844],[401.4171982789012,320.7181294704055],[401.2715611500515,320.7789152798292],[401.11232010418274,320.6634354179417],[401.6490912805827,320.3236514457889],[401.2563316590176,320.3567797646251],[401.49965515436287,320.2652763660017],[401.42283814190546,320.1665188465482],[401.1885495887309,320.2539462136336],[401.4069914222058,320.0404649151849],[400.59681755406115,320.31064695221045],[401.30787616802235,319.8554015431082],[401.1772698728044,319.6618723569065],[400.7260531233907,319.7942814518353],[400.47583267741305,319.7371287858433],[400.50087196216646,319.5928808615988],[400.23717911984915,319.5160373589127],[400.0133388652356,319.82972925832536],[399.84168425168997,319.70114058932523],[399.7449282298046,319.81161752971457],[399.47094078452744,319.33262685979656],[399.72082680287264,319.07384547693346],[400.6562032889624,318.93365933142104],[400.1975420677247,318.61855168951047],[400.2912559743796,318.38971315055625],[400.59145952644906,318.2928237791993],[400.7212612009521,318.37561366703704],[400.7727991090972,317.96963589814607],[401.01225380415434,317.9031482307127],[400.7249655756445,317.60201484283],[401.0892260678927,317.0739936856909],[401.35568919222885,317.0114301193858],[401.9352689159051,315.92231162589235]]],[[[405.30277270338013,323.2004562389182],[405.4521447991217,323.23482168642255],[405.408137286876,323.1876868272211],[405.30277270338013,323.2004562389182]]]]}},{"type":"Feature","properties":{"Level":"ADM1","Shape_Area":1.4482632,"Shape_Leng":14.6190098,"shapeGroup":"USA","shapeID":"USA-ADM1-66186276B76280160","shapeISO":"US-HI","shapeName":"Hawaii","shapeType":"ADM1"},"geometry":{"type":"MultiPolygon","coordinates":[[[[129.6665144274712,157.31677247937944],[130.011222175666,157.7031557500191],[131.01095146859632,158.10737889910752],[131.51624108189705,158.31217783406026],[131.6069724058521,158.3926286159433],[132.0079698178737,158.74725451748702],[132.21505276116542,158.93078854590905],[133.0472858079919,159.2895368915892],[133.4559233755968,159.81235683332164],[133.29824852219087,160.60165622416054],[133.5744389798451,160.98652575587442],[134.18548781688614,161.8390697006825],[134.79434328944598,161.96392662219424],[135.21065764840057,161.59357870782935],[135.8939229589622,160.9844062540995],[135.9897161629395,160.8992527163344],[136.3851716252868,160.54852473372443],[136.77165453987,160.6209559832219],[136.98640948341009,160.47722644807914],[137.72094771925535,159.9862590120317],[138.18944442986617,159.6734461954893],[138.54692803264322,159.35064457403584],[138.73307837531664,158.74249832735117],[138.96233954669648,157.99197540791835],[139.04786029198297,157.71325261016037],[138.60264287909575,156.33946043019523],[139.05863605699568,156.3966955084058],[138.8169894960896,155.44270423544333],[139.27438936591105,154.2710211692745],[139.04506499019797,153.82818091350322],[138.2049747304497,153.0094711023942],[137.81076573341468,152.62496951597598],[137.360585803164,152.39540398278447],[136.32282475131916,152.00855061337063],[135.61937499993195,151.89898369784876],[135.30955027021247,152.01453003583364],[135.0455673181457,152.1127217971089],[134.7521524190282,152.22158509890545],[133.9985367543476,152.14517048425978],[132.98682587756917,152.0416326508195],[132.47084884403986,151.9884368782018],[132.189977396745,151.8268790574808],[132.00336336221136,151.71987309476714],[131.55616073557292,151.46280894393325],[131.24632075548158,151.28495679236377],[131.00625322295656,151.27547053621228],[130.39891242273058,151.25103565719397],[130.44342076355701,151.37558962185088],[129.7786456701286,152.01046257891912],[129.09815205714946,152.65966707098687],[129.0537258513223,152.96798011807473],[129.00700135248408,153.2908983445345],[129.92755370220527,154.57285547795829],[129.9689418022521,155.00143746631812],[130.0101494639756,155.43005279920496],[129.78039760759444,155.58195695795794],[129.87355857653853,156.5685426835736],[129.62705030862725,156.7541785055154],[129.6665144274712,157.31677247937944]]],[[[130.70939349083176,167.8511418810426],[131.56076815823235,168.61223944486176],[132.38399746292345,168.82270190925306],[132.5953843779247,168.582518602449],[132.71223104520612,168.44932576449582],[132.6146917381552,167.69417673464739],[132.87592830774722,167.7466526581636],[133.9861730846276,167.97038061725812],[134.26433246491175,168.02678781305536],[134.38321825016075,167.98073685869798],[134.89684587582641,167.78230075253168],[135.44252607884692,166.95066229476467],[135.98639927374933,166.5526718014414],[136.2393512880225,166.3683402696564],[136.0534656110742,165.98743697433792],[135.9778064793998,165.8319268696489],[134.0353884976814,165.06717203679003],[133.61964874376554,165.19476930067646],[132.9308711646027,164.9929181114008],[132.3311164717202,164.81656934681777],[131.26711629576792,164.85960445725914],[131.25337301888894,165.39869936805533],[131.63178219844352,165.9912650775604],[132.0597249380068,166.6609231580387],[131.74374330764132,166.80341907332286],[131.32697366918774,166.6226405503403],[130.77928173465884,166.90607091063146],[130.70939349083176,167.8511418810426]]],[[[128.17597184885665,164.47582757701176],[128.43452464651693,164.57144291099485],[129.93356544394783,165.124881196132],[129.98219441460373,164.78245020111927],[129.61216703385196,164.49538646978743],[129.7880134965446,164.4673076205345],[129.52376127574271,164.28035700306435],[128.75789856123689,164.24758602243764],[128.30599228266072,164.22790763572564],[128.17597184885665,164.47582757701176]]],[[[127.24049877425351,167.7389291342002],[127.58867944512704,167.9105058183469],[127.90443453950635,167.88420898677438],[128.86531154796535,167.8049159163608],[129.10259624856934,167.02486284793707],[128.51565134165565,166.56295483054498],[128.0105172839373,166.46671861702032],[127.36025957697208,166.34237029695163],[127.05371001904027,166.28388540364915],[127.27334281038107,166.99223413908462],[127.37720800481074,167.32830171851273],[127.24049877425351,167.7389291342002]]],[[[126.44770852545471,169.48161337078847],[127.26299907536189,170.03878956075081],[127.43867177350285,170.3799740412366],[129.00243816642825,170.15006160760365],[129.14893378545247,170.1286549850278],[129.56143182715482,170.06794000400382],[130.04741709228364,170.3666821642862],[130.01937842883675,170.02005274547693],[131.02310882448302,169.9518144263867],[132.0204452327869,169.88504870951448],[131.42665927457168,169.5480161841814],[130.79371865565986,169.18936423639525],[129.8598506212141,168.9582981990645],[129.17626412735635,169.15721183227842],[128.18353739227481,169.44570276855242],[127.0086416642984,169.38970509216034],[126.42246655617737,169.36141160933892],[126.44770852545471,169.48161337078847]]],[[[123.41282495601197,173.95837875556205],[123.86019384330541,173.8378983466255],[124.116579814272,173.7689986835174],[124.88395801154752,174.3071273941871],[125.21820082965638,174.35128835827808],[125.19921084831302,173.98295811589898],[125.14289854729478,172.8688129384593],[124.9575696465142,172.53958868565456],[125.11018430128021,172.18823691068164],[125.24589794948241,172.42876694913042],[125.62592239723074,172.52659100951573],[125.38089892412872,172.2635778643617],[125.33599742654823,171.98803682713702],[125.26827343279174,171.57077224904177],[125.4151187001237,171.36280570958183],[125.00619020001469,171.1260833400068],[124.8199890900455,171.01814316488878],[124.88182577193061,171.215095778848],[124.37437491169594,171.1978193246746],[124.3301145790378,171.35067173547216],[123.97322424435123,171.90297649358013],[123.26716457342626,171.91306450182438],[123.30697920052899,173.28668459467752],[123.48302019178222,173.61432412647378],[123.41282495601197,173.95837875556205]]],[[[118.28556802286538,178.92185013096594],[118.81396048373313,179.39999176761623],[119.04728014375394,179.46208405160655],[119.76561204590972,179.65367690736056],[119.90017172058553,179.4507950870997],[120.06233607245795,179.5457866035356],[120.41570032034232,179.4022305698105],[120.64341085059705,178.99694649349317],[120.50094080602719,178.52817752986664],[120.2088887361754,178.3070269708783],[120.05741334139768,177.98942989170183],[119.9775917105875,177.82167667954346],[119.26610330126549,177.55243284537013],[119.0045358585376,177.79595043107344],[118.79520206573211,177.9906155845543],[118.62341593498962,178.15011587065234],[118.58839573183624,178.42106189278155],[118.27468765856155,178.64591741179987],[118.28556802286538,178.92185013096594]]],[[[115.84071919767982,178.469645244019],[116.08916534971425,178.73217545249832],[116.67319313448053,178.9276211745527],[116.8345944310736,179.10482700433946],[117.07695072791722,179.03283767168847],[116.75422168102833,178.61191022882653],[116.30257893535884,178.53831254863712],[115.89133475732788,178.17278590696876],[115.84071919767982,178.469645244019]]],[[[84.49065085074884,212.29830705147376],[84.57358345726547,212.29343290975035],[84.49874990799057,212.22557247012787],[84.49065085074884,212.29830705147376]]]]}},{"type":"Feature","properties":{"Level":"ADM1","Shape_Area":0.5415904,"Shape_Leng":4.2850795,"shapeGroup":"USA","shapeID":"USA-ADM1-66186276B36238984","shapeISO":"US-DE","shapeName":"Delaware","shapeType":"ADM1"},"geometry":{"type":"MultiPolygon","coordinates":[[[[399.35120447806395,267.76928923713547],[399.646464144295,267.61817507177057],[399.8469374078625,267.51606484237664],[399.62430311832304,267.5960380103995],[399.28533795604346,267.7184903387261],[399.35120447806395,267.76928923713547]]],[[[394.52573221757024,268.7143829477284],[394.60800558968225,269.34750306330966],[395.39825393622425,269.5349943565871],[396.01572726133134,269.5332253933254],[396.58918263414466,269.5306878829398],[397.3084250894449,269.39739842229153],[398.15950452474306,269.2407928008713],[398.4199379047849,268.798466734978],[398.8969287466745,267.9851628797479],[399.1771639789664,267.5092074493722],[399.44992056215847,267.42184402891417],[400.0130342934658,267.242568788375],[400.54941867064105,267.0722017753522],[401.1987283970715,266.5791222729039],[401.64070293870475,266.24197599642423],[402.12581827099746,266.08811634329817],[403.2616542724462,265.4619057277607],[404.0121695239913,264.998153672255],[405.4933039054174,264.0808211105478],[405.9311242933819,263.9032143128558],[406.51034856881677,263.6695457866955],[407.01682985758026,263.3633177256573],[407.27791639821754,263.25087845248197],[408.00904905335983,262.93456067896307],[409.13439950519194,262.45086830108215],[410.7726373614629,261.51381579981205],[410.82986449911726,261.48094944285],[411.2015935835383,261.2057600768464],[412.0060477054213,261.10133948218476],[412.9956972638128,260.97482520978076],[413.15100533663247,260.95477395563415],[413.8336812905452,260.4339541987098],[414.82105485043417,260.32361946231066],[416.0005296348724,260.3438231288553],[417.6248065354171,260.37341280922817],[417.92345894290895,260.810956639221],[418.2937454630857,260.5763517630325],[419.2257856773092,259.9849283256773],[419.3994275762427,259.8751962239351],[419.99382817536474,259.542210933696],[420.9048667633391,259.03312130701323],[419.9935668982491,258.402891565933],[419.7508466820934,258.23468004397165],[419.40070927797734,257.9924769864364],[417.99600825780635,257.01844167577127],[417.79617207506794,256.87971966104675],[417.3698277712689,256.6221464183001],[416.3321054295606,255.99721436662855],[416.19761315967554,255.91584561102394],[415.67686963233257,255.6737176420377],[414.87572626552367,255.30084246777622],[413.92100540617685,255.06630880810604],[412.4819753531112,255.85889874022263],[412.2689520149439,255.99848684853265],[412.01048659459866,256.1672759380868],[410.9037026095807,256.8879988551125],[410.01328757396925,257.4712526212903],[409.694753659858,257.67938480577186],[409.399645050054,257.99548748616303],[408.73031276071265,258.70958035606174],[408.0149010257916,259.4764756516952],[407.6721682008086,259.84312826843404],[407.47778547998627,259.99238985757313],[406.6402432333776,260.6337249467874],[406.01526375475976,261.23795662376074],[405.96481823121457,261.2864487874667],[405.67178755140645,261.64668723184485],[405.39467777998516,261.989835596821],[405.18474563183446,262.2479793955022],[404.7466861847844,262.6677956834242],[404.1605694911691,263.0387021389572],[404.014599809837,263.11121960132505],[403.17137896313125,263.528692847008],[402.382814628471,264.02067636577954],[401.45527223910995,264.8976480945266],[400.0158710602432,265.8794239906824],[399.950689028772,265.9237485900702],[399.8551395852278,265.9890367031425],[399.06133415597793,266.528555704565],[398.7744579877302,266.74711188957673],[398.16884248603037,267.2104599699366],[398.01558746176295,267.3035485392515],[397.58879911245384,267.56137181679026],[397.3685476327725,267.69530944848884],[396.57809412005855,268.0427960154953],[396.01705492468113,268.2272322847497],[394.52573221757024,268.7143829477284]]]]}},{"type":"Feature","properties":{"Level":"ADM1","Shape_Area":0.3077632,"Shape_Leng":5.8000378,"shapeGroup":"USA","shapeID":"USA-ADM1-66186276B92124739","shapeISO":"US-RI","shapeName":"Rhode Island","shapeType":"ADM1"},"geometry":{"type":"MultiPolygon","coordinates":[[[[414.7311784344698,298.16199287730535],[415.734188494596,298.0472615542043],[416.00557646745006,297.55397845250246],[416.2307841957333,297.14499639908297],[416.0057045628663,297.28724839605366],[415.0172059481491,297.9129863764409],[414.7311784344698,298.16199287730535]]],[[[415.79220061218217,300.1845755932722],[416.5429900012678,300.5232115327847],[417.0552101470017,299.9204990419544],[418.1057956041877,299.0181141499506],[419.7053299580879,298.1353793669802],[419.8102612993931,297.6755181595895],[419.9055595231811,296.8243136494883],[418.5901884304403,297.5977334921216],[418.19102002413,297.8044313397105],[417.35451738737197,298.23825427831946],[416.3581682349031,299.04126127374616],[417.2327499427462,298.1115770369436],[418.1496473163279,297.4688467583429],[418.90447634428807,295.47763132954424],[418.1478132218059,295.13480208040676],[418.3355738330016,295.8062446781101],[417.3964313467751,296.2398025661803],[416.5333248465584,297.3842694528924],[415.9149828970217,298.4558503098873],[416.17925101995013,299.3309243915919],[415.88000945550345,299.99037782295943],[415.79220061218217,300.1845755932722]]],[[[417.8267131534215,294.65962259181197],[416.6137200655299,295.9977679906884],[416.0329841429364,296.6381261371819],[416.97264180821986,295.99769925381884],[417.93509849395116,295.34138384784836],[417.8267131534215,294.65962259181197]]],[[[421.07566010521504,289.55061082505944],[420.1332366427647,290.4461828134687],[421.6913970226672,290.14122329906365],[421.07566010521504,289.55061082505944]]],[[[404.6853828038137,301.147133655896],[405.22909707026827,301.58060981957635],[405.49659221888646,301.7940459651933],[407.1779767145235,303.4329122036693],[407.8082152930344,303.9916053762799],[408.013931001831,304.1741986419165],[408.25824698062434,304.3915224885189],[408.62361198226904,303.99110503336607],[408.7407994937778,303.86304448565943],[410.2604386504512,302.5357536388634],[410.5990141403398,302.9311881002004],[410.79928672766914,302.78053782483323],[411.71934017482687,302.08627947452135],[412.00974314545886,301.7846351180934],[412.70094130755706,301.06854886900015],[413.01537108944297,300.998776806613],[414.96711121234904,300.5627873891681],[415.2275248303092,299.990931564513],[415.47167286259594,299.4575181618448],[415.71992898465135,298.91386293665295],[415.0134681255971,298.822462033073],[414.9507041746102,298.93652942718677],[414.4519696386325,299.8410575248517],[413.9005633824428,299.9920577116516],[412.416443077085,300.3994541835833],[411.99318936514084,300.5149922493696],[412.26312211251275,300.2460322017143],[412.51592474960887,299.9932328074593],[414.1762366298332,298.3386114840181],[413.1227974257718,298.1520688173697],[413.72783783974626,297.71361603690195],[415.2508339425437,296.6084974320104],[414.9993554871283,295.919040723898],[415.3835481876846,295.68661396066784],[416.0067703095667,295.3091205776626],[417.6350129237743,294.3250416678859],[418.4477787611472,292.56452283754163],[417.980028414705,292.00086702049714],[417.33142953970685,291.21992012491035],[416.0097626700185,290.1505149784167],[415.829703604373,290.00444935131],[414.73878646660216,289.11772268369174],[414.70849042635245,289.3095938111511],[414.6662763094685,289.5746502100194],[414.04479363265136,290.0048332040229],[413.32473731749786,290.5019661871281],[413.6854851128843,290.79747348293967],[412.01975685261965,292.090338170056],[411.95694056007227,292.1388466101989],[411.19992761272874,292.9521838199646],[411.0825289207942,293.0677506406154],[410.1357970638205,294.00628486437495],[410.0220149563225,294.1186296408369],[409.0707388066716,295.0541743886929],[408.844881579819,295.2778833471068],[408.2662831542695,296.00567055013533],[408.156432299489,296.1432719037446],[408.0231082561772,296.2823205947619],[407.4442597055763,296.8835535680136],[407.2080508407928,297.1901559172693],[406.58502100871874,298.00433195810575],[406.3406246472869,298.32204639622023],[406.0137181015737,298.7482162203111],[405.56916433901347,299.55015777825474],[405.3195156236251,300.0023734444188],[404.6853828038137,301.147133655896]]]]}},{"type":"Feature","properties":{"Level":"ADM1","Shape_Area":10.6679456,"Shape_Leng":22.4636544,"shapeGroup":"USA","shapeID":"USA-ADM1-66186276B38509612","shapeISO":"US-KY","shapeName":"Kentucky","shapeType":"ADM1"},"geometry":{"type":"MultiPolygon","coordinates":[[[[375.26900743352763,242.91169932912658],[374.8668423628697,242.31163363743988],[374.19729148114834,241.05733260334267],[373.3081329700972,239.98744390982742],[372.9463714524371,239.55250968878028],[373.19647345556723,239.36125340527914],[372.7793667256757,238.7755641600419],[372.98787767411864,238.65505449490382],[372.9420151769272,238.392493475898],[372.2673117083695,237.88019250869382],[372.3859612197565,237.43307538510544],[371.46148093195717,236.2770692019716],[371.0736497300247,236.0023454027523],[370.76538726831325,235.36178240574296],[370.77086194461856,235.25152828070955],[369.82043503205864,234.70100498632976],[368.0184733641943,233.93879441792384],[367.5911707492645,233.75773711381242],[366.77726689702945,233.32444315602953],[363.5562290237025,232.03425021892718],[361.3392210144224,231.29897966267737],[359.4560568103515,231.06662919555552],[359.2694142954418,230.92286767465407],[359.1476095679096,230.98704970782984],[358.3881502373704,230.7760590578006],[355.6768795169577,230.2574479355775],[353.8296803670812,229.71913582834898],[353.7883934119399,229.83235864521134],[352.76800177234156,229.6669383063541],[353.20424548685764,229.19066453461548],[353.20875931947046,228.97003916173026],[352.0112976588469,228.71447955880132],[351.7019496175019,228.64832940445027],[348.12559478859157,227.3832012608082],[347.1548695196096,227.31442230439643],[346.06054777282344,227.1217201506085],[345.9815219774743,227.62718647141975],[346.17128899606024,227.68937688476245],[346.72508990994004,227.5089985433124],[346.9340805834313,227.6069311271413],[346.9818450790847,227.97072279315302],[346.5608756935431,228.19265903777583],[346.8892730972683,228.38445656916886],[346.4409342192349,228.45209329497118],[346.44074589242234,229.0159775823],[346.183835931704,229.0529967666081],[345.7510530328497,229.19115736421452],[346.14185107497246,229.92989144974499],[346.44518164102465,230.06506413762855],[349.53039207367016,230.20362005396913],[349.9145927463934,230.35281031458555],[349.9205152188166,230.65654919845144],[349.1013497728611,230.90338800983022],[349.12962883624147,231.39976932020505],[349.3537894861731,231.527457340147],[349.652790927384,231.52432645988137],[349.98427456200636,231.8285058588341],[351.01059296910387,232.24607998341162],[351.0436327262594,232.38071394017408],[350.489078907121,232.4637135734602],[350.1282980823961,232.67738772937201],[350.74066419542294,233.63945444710478],[351.26114959176505,233.7257329440111],[351.4450353092826,233.95912554744842],[351.1611062951503,234.23497128687512],[351.4480768083341,234.5602814050736],[351.8119386026841,234.4461920281995],[352.6809717504853,234.886744322926],[352.66176846500184,234.60081215953238],[352.9810222252512,234.68263440776235],[353.08644485315597,234.95633029823742],[352.8421682936387,235.110118931375],[353.0067847948551,235.41197226496476],[353.3823940881458,235.21547407392478],[353.78377450350257,235.56690399566435],[354.9590005189011,235.49402014166824],[355.19249738218844,235.29090203744641],[355.38772169561133,235.45068487424032],[355.44968882502775,235.9652881432961],[356.2388735164001,236.62964254321338],[356.6810913609289,236.21877239725018],[356.9673460191645,236.3645321143209],[357.03213339961377,236.04276886035214],[357.20767245086756,236.20926999936492],[357.18545549496775,236.46671829222043],[357.4638641071575,236.56001739771952],[357.2934346833432,237.0751358912691],[357.5249827297039,237.19952972712105],[357.4425569947332,237.56100252894186],[357.6386014166161,237.5001916370086],[357.87213070155235,237.7781133362975],[357.64504870610625,237.8376311931965],[357.6818279302777,237.98508381833796],[357.97909841482635,237.8623831008013],[358.1701410985236,237.4089001694437],[358.5656340180441,237.32373855019995],[358.9070691759788,237.41682224403658],[359.1035683998519,237.27414476528975],[359.1349287262543,237.43692164317514],[359.4792108944839,237.6933165843389],[359.3464737415871,238.3685892385231],[359.478488643603,238.89888914376726],[359.8169633019635,238.97447954938718],[360.02281556918115,239.20043900275994],[360.0513958693754,239.798117321142],[360.4441940466829,240.1152458173322],[360.6432950490485,240.4783323407462],[360.2434426353617,241.3781822383285],[360.98590614344187,241.66468264658155],[361.29094373591704,241.51418962652667],[361.87678547436036,242.29076350760755],[362.5379204922771,242.60169164565497],[362.3971053549006,242.81126910263015],[362.45944097663596,243.15130691631634],[362.00240448616813,243.241606205426],[362.07640844430944,243.58361500714105],[361.6186300068108,243.95593055125954],[361.7972776970706,244.35605707058744],[361.96019172264124,244.67698693918237],[362.60417461123086,244.4586206544984],[363.13676596299524,244.93506821950797],[363.4740707218425,244.61799678853237],[363.92128432159603,244.59142735509062],[364.7243855447904,243.45454850979942],[365.2880549265852,243.41101243269497],[365.582900088177,243.60824445779568],[366.03917084674356,243.57399380989565],[366.4963896478464,243.10794953393972],[366.8770204797247,243.10421806637038],[366.95134877803287,243.40576115313735],[367.2819640032343,243.660494649702],[368.0348718361366,243.71919821391265],[368.13801342362177,243.5971936673766],[368.7089358465056,244.04100320580906],[369.02599750175875,244.72645854490565],[369.53024058146826,245.15409606432854],[369.85693391634504,244.51347176047076],[370.32436344137665,244.6133491680161],[370.86639590204715,244.47597534467064],[370.9824164248797,244.30909891658723],[371.2408361073501,243.72001718563328],[371.1557440264452,243.67739073874657],[371.2277934143559,243.4043486990006],[371.1038966293305,243.31173721071085],[371.8285120188676,243.02113943456314],[372.0476163878109,243.0751727464277],[371.9876525844191,242.812353413946],[372.34701016129736,242.8293967454197],[372.54919798184545,242.6376732467185],[372.87517623587235,242.49763566672297],[372.9917770496667,242.29923568347363],[373.14648969885053,242.25602065561895],[373.7058523654306,242.39654622392493],[373.7597832475211,242.51347396076932],[374.2334134609241,242.57295094488106],[374.35974453118126,242.47518347118597],[375.26900743352763,242.91169932912658]]],[[[345.40175322211815,227.0041000394097],[345.0712758534903,227.17288335602672],[345.1037821144585,227.279756035272],[345.4868703544883,227.32293989772023],[345.6951171626318,227.05250726103606],[345.40175322211815,227.0041000394097]]]]}},{"type":"Feature","properties":{"Level":"ADM1","Shape_Area":11.3199183,"Shape_Leng":17.9352622,"shapeGroup":"USA","shapeID":"USA-ADM1-66186276B30510951","shapeISO":"US-OH","shapeName":"Ohio","shapeType":"ADM1"},"geometry":{"type":"MultiPolygon","coordinates":[[[[358.8139801109551,266.10603489953024],[359.02091903888146,266.3272093471073],[359.13282129784204,266.1316198052176],[358.8139801109551,266.10603489953024]]],[[[358.09197213369373,266.3081778357185],[358.1927944014411,266.39766864957016],[358.21978471483465,266.30445222560775],[358.09197213369373,266.3081778357185]]],[[[357.9933050688885,266.4165023047631],[358.0723825778836,266.5488635564518],[358.1264364296661,266.48387096877303],[357.9933050688885,266.4165023047631]]],[[[358.08929527155124,266.0561115598572],[358.2711690378904,266.21922819805695],[358.205898292042,265.97815225709604],[358.08929527155124,266.0561115598572]]],[[[372.46815903948215,264.883167525841],[372.240689581697,264.4938042526531],[372.3195119957437,264.0478299380336],[372.9956733033144,263.30763443493817],[373.26130852498267,262.467561873446],[373.7183265707763,261.8238972717344],[374.74214958964086,259.33510438581516],[375.6972112743055,257.78399701664915],[375.50401576501184,257.767216749269],[375.8617792666878,257.3475247920711],[375.96049697951895,256.4003574386029],[376.2530797076955,255.98773683266302],[376.2779568073621,255.26222971321704],[376.07908432040574,255.1087161802751],[375.5152405274869,252.8660273910418],[375.1623019026615,252.4147225399755],[375.0020529757445,252.21008976594538],[374.49720309645954,252.54092607302798],[374.2344190346355,251.77905338884392],[374.35111768100785,251.21087724710634],[373.9028190579057,251.02011269990413],[373.77069844221273,250.0192605395704],[373.9913572633492,249.43692311175263],[373.74592358823736,249.14815574807977],[374.22506758501913,248.33223785575132],[373.9469337705409,248.24882344442761],[373.7058393050082,247.7509514314163],[373.5268277423257,247.75569878329713],[373.62407744810395,247.94698341993308],[373.4346345811251,248.19031357229392],[373.0399026852597,248.28990157418957],[372.59732362995777,247.3346512436128],[372.62470704366024,247.07747235844107],[372.32478492528213,246.68553605731086],[372.5411187768915,246.42030618301686],[372.5821908230405,245.90611754160386],[372.21190889627763,245.72456954464292],[372.0616900906108,244.95886692469315],[371.0892927391563,244.29844555426394],[370.9824164248797,244.30909891658723],[370.86639590204715,244.47597534467064],[370.32436344137665,244.6133491680161],[369.85693391634504,244.51347176047076],[369.53024058146826,245.15409606432854],[369.02599750175875,244.72645854490565],[368.7089358465056,244.04100320580906],[368.13801342362177,243.5971936673766],[368.0348718361366,243.71919821391265],[367.2819640032343,243.660494649702],[366.95134877803287,243.40576115313735],[366.8770204797247,243.10421806637038],[366.4963896478464,243.10794953393972],[366.03917084674356,243.57399380989565],[365.582900088177,243.60824445779568],[365.2880549265852,243.41101243269497],[364.7243855447904,243.45454850979942],[363.92128432159603,244.59142735509062],[363.4740707218425,244.61799678853237],[363.13676596299524,244.93506821950797],[362.60417461123086,244.4586206544984],[361.96019172264124,244.67698693918237],[361.7972776970706,244.35605707058744],[361.6390873845203,244.7381842252974],[359.6808341016186,247.84903844548134],[358.73211375166755,249.5666903929845],[358.22770228097573,250.27323085479455],[356.14690551081344,252.22743017110255],[354.1122578157249,254.01512572711135],[352.4272850515202,255.84983734709044],[352.1775782863873,256.1621234618363],[350.9787468312414,257.66247256049786],[349.0488248046968,260.75117214810723],[352.0089217717168,262.69562177838685],[354.9892825034956,264.65311837195384],[354.94513355653345,264.4086243681264],[355.6077966344012,264.87664145637046],[357.33702760830295,265.0191320435149],[358.201613799062,264.8310043783624],[358.51513612198517,264.9535829282055],[358.4539973403736,265.692007438759],[358.95384578692335,265.51937691285144],[359.25781013364,265.73814957170356],[359.39672922591666,265.50258730433734],[358.4855057424379,264.6323531804996],[358.32579527726773,264.16009115345776],[358.9417409788956,264.1955511967858],[359.2390482031457,264.81635018107136],[359.6649765893287,264.94885745059275],[359.79412784643785,265.25675151399787],[361.2915165264098,265.35583414667514],[361.5499002172219,266.00350397331414],[361.96601709899363,266.27254623674145],[362.5929098373779,267.58593978820454],[363.4300399924932,267.7707912491961],[363.87896495723555,268.1282787310236],[363.8072582421934,271.56758971996646],[363.9748251447762,271.9926145996949],[365.22458634653714,275.1655945864647],[366.0927337745175,274.3108172774647],[368.4101084609384,271.2846889996451],[369.1854410695868,270.126282356853],[370.92207633188525,267.076615339669],[372.124756274814,265.4353963260468],[372.46815903948215,264.883167525841]]]]}},{"type":"Feature","properties":{"Level":"ADM1","Shape_Area":16.4900817,"Shape_Leng":28.3847645,"shapeGroup":"USA","shapeID":"USA-ADM1-66186276B73572291","shapeISO":"US-WI","shapeName":"Wisconsin","shapeType":"ADM1"},"geometry":{"type":"MultiPolygon","coordinates":[[[[334.2070586003452,272.61260763458483],[334.2159625433708,272.9680828335593],[334.26902819201035,272.89973866632164],[334.5636615041385,273.30674806580674],[334.6822385889139,273.30267088974676],[334.3978644606364,272.55886402746285],[334.2070586003452,272.61260763458483]]],[[[332.8975455296247,270.64718515010367],[333.0091166893437,270.8779199609451],[333.1170111215973,270.6812569811191],[332.8975455296247,270.64718515010367]]],[[[319.72519658871886,269.6934115100563],[319.77321413283454,270.0321890423005],[319.9066108607766,270.2015620018001],[319.8885248287188,269.9195422690993],[319.72519658871886,269.6934115100563]]],[[[319.55552072294927,269.03198339454366],[319.719639565195,269.2258001120234],[319.67128072680055,269.0981142235564],[319.55552072294927,269.03198339454366]]],[[[319.43402086688,269.65461860848666],[319.51319949549577,269.62994869404014],[319.45824859056927,269.5048013639129],[319.43402086688,269.65461860848666]]],[[[319.29266767237846,269.4371049792678],[319.3449961167958,269.48238130465296],[319.3096448858932,269.38327689033076],[319.29266767237846,269.4371049792678]]],[[[319.19353880913417,269.0171101964138],[319.5453112596865,269.43383198692345],[319.5461271069189,269.27600454156163],[319.19353880913417,269.0171101964138]]],[[[319.13610206740884,269.1327023512718],[319.2620350898818,269.3112399557289],[319.15292052670617,269.1100083198964],[319.13610206740884,269.1327023512718]]],[[[319.11474790978343,269.4489748768805],[319.17973192514603,269.5316862556936],[319.1512542222847,269.4402444940795],[319.11474790978343,269.4489748768805]]],[[[319.0532789423704,268.7762765708289],[319.12287163576457,268.85755617082174],[319.13263418195555,268.8079808943914],[319.0532789423704,268.7762765708289]]],[[[319.05320548480057,269.22003368394473],[319.09956176664537,269.34010484748546],[319.1717675812612,269.34703003178555],[319.05320548480057,269.22003368394473]]],[[[318.8709922929461,268.4677286394154],[318.95930178774296,268.65686981670865],[318.999665524771,268.6499501556399],[318.8709922929461,268.4677286394154]]],[[[318.8976522934662,268.9447138325364],[318.96937073136473,269.0662357143651],[319.0979952244453,268.93779359053406],[318.96736445995487,268.84111187746373],[318.8976522934662,268.9447138325364]]],[[[318.8851439572339,269.2777858602862],[318.9873595868447,269.296774248314],[318.904041412013,269.19282834254045],[318.8851439572339,269.2777858602862]]],[[[318.7755378056213,268.25618243151695],[319.28482349999285,268.8612280096674],[319.4052776252768,268.8249708005877],[319.1154455966391,268.5170315985826],[319.15296046768833,268.4078774158733],[318.7750990973254,268.13933677266937],[318.7755378056213,268.25618243151695]]],[[[318.5998027676552,268.94972725886896],[318.6588604490755,268.96725863785394],[318.64757391819853,268.91439448394885],[318.5998027676552,268.94972725886896]]],[[[318.31000086398774,268.806126956423],[318.4586200103596,268.9216136160202],[318.4423831568461,268.77420264297996],[318.31000086398774,268.806126956423]]],[[[320.0879712732916,267.90847278109374],[320.2180736090486,267.83193713063883],[320.4452692113895,268.05722629343023],[320.55491116766945,267.97308932614203],[320.9148082200674,268.11873465197925],[321.43711935892406,267.73904700318224],[323.1064275276947,268.4205505297291],[325.42257460243127,269.6334158707975],[326.70274920388954,270.06928624027205],[326.8349976469098,270.24190182138517],[327.3330127513374,270.4555905346325],[327.3516696661547,270.62593863263135],[327.6654343936882,270.90163448224575],[327.80250371470373,270.86447523850285],[328.6903293046379,271.410564288736],[329.33165497881805,271.6533854688461],[329.4762538316638,271.54852709954844],[329.30497692945676,271.1526851841196],[329.45925129433596,271.11526385336794],[329.87575026268337,271.4462760073268],[329.9114318895316,271.3526221152513],[330.33344855830524,271.5984483671925],[330.78023341097287,271.52858649547136],[330.6428425829337,271.3674254292124],[330.8935434768603,271.06186228710294],[330.7421310905274,270.9589584342234],[330.9647481614058,270.7761712638694],[330.80605874884697,269.9442794938315],[331.301616424201,270.259881832567],[331.4688008800123,270.59887946929905],[331.70230758146573,270.51945515928116],[331.54361891366784,269.66653864115983],[331.9615565427409,269.52375865713447],[332.22832977816137,269.6628151510823],[332.2406577535811,269.0673444520007],[331.5769324446665,268.4193658158098],[331.6172334657828,268.1594096447337],[331.25702820785,267.017516058801],[331.3472161779598,266.7417737129009],[331.2845037102783,266.7989749237255],[331.244076947716,266.2468073260951],[331.6965183139414,266.42243531323],[331.8603267958572,266.95310554684033],[332.1729114335161,267.2933015239393],[332.49570255578647,268.5519258076698],[332.6994414543902,268.77695017966215],[332.7103650930506,268.6494188302694],[333.0489729179453,269.22598708146427],[333.3170347375164,269.1542807689691],[333.1608879966646,269.4107705589498],[333.4226528830841,270.34757494894205],[333.4317995081475,270.9900105241102],[333.69200946309616,271.10008489787896],[333.6538557115218,271.182526587192],[333.83141341941325,271.41513512433283],[333.7839897216435,271.7191400773928],[333.9040109878987,271.79083490333437],[333.88263944238616,272.0025602191019],[334.1898986371933,272.2607277791073],[334.3026998671413,271.92298440674693],[334.1255419118729,271.8615654419774],[334.15795283875786,271.38819124012826],[334.0624617584596,271.3991947108858],[334.22906659020805,271.2242693427547],[334.0858718855049,271.11625930340176],[334.160940846705,270.9833374185064],[334.0304280561445,270.95041144642823],[333.87401091584763,270.29873592991765],[333.98865239048354,270.196695812799],[333.8587735698029,269.96670164116216],[333.9421197126417,269.8719115627368],[333.76493985026633,269.6066081372296],[333.43931269640314,268.0839423202494],[333.4109003430163,266.59902378033115],[333.6937503092714,266.08750023936534],[333.3160481140801,265.44865052765147],[333.2755494697103,264.3723782450768],[333.6198989126501,263.7434106185867],[333.41181516790954,263.17881173668695],[333.3299259824598,261.8503635423098],[333.81421359506953,261.3081621197461],[333.75119483733744,261.0633286811399],[334.0678574178916,260.95731268527913],[334.35608589192714,260.55029501671754],[334.72379846135414,260.49514312429386],[334.74037192920633,259.7531994936635],[334.99570200245614,259.3839466229302],[332.51510180921025,257.9908092808212],[329.3618171844617,257.08410964374366],[326.65053431759105,256.1803708356711],[322.98372402152575,254.51484476201998],[321.84809576937596,253.9985327014616],[321.07105878618324,253.6943108743011],[320.63024748348647,254.02782815731746],[319.8427630709429,253.9782886350212],[319.4512395802647,254.04893437088],[319.2072029864667,254.257308017082],[319.0877298562713,254.48328323493706],[318.9279934033777,254.50900476650506],[318.6633107198007,255.34177618758633],[318.96382947005213,255.96066179107478],[318.3327508641352,256.1676765154372],[318.21053681955544,256.65375263842265],[317.9570931368663,257.0182513254003],[317.9137254641471,257.5849925636576],[317.09683673954106,258.1010159211063],[316.54037410950394,258.02254009205797],[315.36777855157874,258.2504870020788],[315.13763731120736,258.6344525689023],[313.9051182093387,258.6958781627997],[313.74794612380174,258.89974691256486],[313.08196699440987,258.7524733414951],[312.36891773489475,259.0947412833907],[312.51662583106906,259.4402464301286],[312.58285922092693,260.0926174651055],[312.482656601378,260.19798244831395],[312.6739340132616,260.4334984855723],[312.66223674337704,261.00248397344905],[313.00881834026626,261.51127303187485],[313.01671288525563,261.70455553690556],[312.7225334412519,261.9628012803218],[312.40705767800966,261.86822282607],[312.4910999640314,262.3765485731735],[312.7414102179507,262.6303383624994],[312.9851642400991,263.18800961713725],[313.5132684748276,263.74870726673277],[313.6568248961849,263.75796371231974],[313.86111229173144,264.0147886627309],[314.05004858702864,264.0384595792859],[314.22855958660165,264.2904999287905],[314.4001057388924,266.3720862208242],[314.54669725454227,266.341759138233],[314.7618420339818,266.54798456123433],[314.6748711263871,266.55456218739755],[315.0469901872107,266.8379117723325],[315.25669075058545,266.75289034262966],[315.4627609941241,266.7296595971649],[316.73685995852287,267.4273915738475],[317.67860843071645,268.1598761907801],[317.74191132617966,268.0790531239886],[318.34376303520287,268.66655132818937],[318.48294298101484,268.6820153986105],[318.6325012285819,268.8451263376036],[318.92366189904385,268.7231645747371],[318.5036829467855,268.048488273012],[318.57006492628375,267.8460382399445],[318.27690245851016,267.397586453457],[318.9608918391315,267.8955283413628],[318.79578054272054,268.0280138631645],[319.4552624611259,267.7582939789458],[320.0879712732916,267.90847278109374]]]]}},{"type":"Feature","properties":{"Level":"ADM1","Shape_Area":28.1784609,"Shape_Leng":25.9604835,"shapeGroup":"USA","shapeID":"USA-ADM1-66186276B96756536","shapeISO":"US-OR","shapeName":"Oregon","shapeType":"ADM1"},"geometry":{"type":"MultiPolygon","coordinates":[[[[278.82413743103075,254.13434441640462],[279.3201725312578,253.93706771058328],[279.51840222793726,254.01786136207176],[279.9728117613095,254.03926526231265],[280.22898230411164,253.83053076190305],[279.6763572925892,252.98402597391706],[279.53798384311347,252.53319054484348],[279.219035214543,252.14707140939552],[279.2217267588438,252.0513105754512],[279.27983566716136,252.09948269628097],[279.0516560368301,251.6173479990848],[278.7761650136518,251.41880500129693],[278.5138151086,250.8686515056577],[278.35385830661056,250.7068461481198],[278.3324894692811,250.53847024057964],[278.4934459745185,250.48710128669566],[278.41640129836617,250.37796878462024],[278.56954193784816,250.36532044174243],[278.74208924587174,250.47923105088987],[278.90243295677794,250.4521000579745],[279.0698574147444,250.55760997112074],[279.09135815880546,250.47752777550843],[279.26740386432857,250.5166862225159],[279.18860338625933,250.31928537387734],[279.10580550271425,250.26870007058008],[279.2323138678578,250.13467037684887],[279.14028341306334,250.07806375582004],[279.1540294892934,249.8855448780567],[279.0611800888687,249.83070509229506],[279.3468146360567,248.39821870386277],[279.683753756921,247.67598372074747],[280.2690909924702,246.42064650666515],[279.13094034318635,246.37701736882042],[277.38228430901535,246.4536841817466],[274.6137683725414,246.38751405366366],[274.2414787501768,246.25764100121518],[272.78727077560404,245.88879179835817],[270.8732818050918,245.8457708412095],[266.12807958158623,245.47957576499527],[265.0334556092557,245.46549404838328],[262.0171440488583,245.2170213028742],[260.6490313713971,244.95190593881813],[256.2150947534367,243.8024362869952],[255.68286006503578,244.1290647110111],[255.58088284575248,245.32780410044117],[255.85966283076505,245.9034444734878],[255.57542429741378,246.35329571457834],[255.2260887211117,246.51192923491698],[255.56210875257653,246.8180202712767],[255.94626107538204,247.69127818883976],[255.85534389948722,247.77325177185537],[256.21318635112874,248.03564168106902],[256.5786924427837,248.8664678142153],[256.5225939699378,250.30649048830932],[256.3700204697205,250.9634387822042],[256.2652940895422,251.07432417797276],[256.1425836394858,252.3571545912489],[255.9464089705405,252.76633014662266],[255.80963206625492,252.78127955615875],[255.92020859468283,252.8208841394564],[255.51187808174808,253.97369392771054],[255.3212527275745,254.09672016325854],[255.03597822377245,254.6571378836559],[255.2126241904382,254.7257807287536],[255.0016143063209,255.12398191401053],[254.563882653853,255.50614973566044],[255.3868782306819,255.15115900083833],[255.2801332749451,255.22442790511334],[255.66408910243743,255.20432487353233],[255.85398228039196,255.10242682154168],[256.44506866216625,255.16046733975693],[256.7041268257201,255.14131251403734],[256.95248457184186,254.99582223497285],[256.98965183407444,254.86575884536302],[257.26270967484515,254.72703498832124],[257.62601101179104,254.65995250389432],[258.0300642251518,254.711157525408],[259.16694741083575,254.2281842540995],[259.63773397438536,253.79948070246516],[260.1811149942767,252.92919285611072],[261.58883790990944,252.44625606698543],[261.8056339758474,252.4378009657564],[262.28971286205973,252.26620668505356],[263.61269605424764,252.37308476583883],[263.95222031121267,252.50391795620948],[264.2746747425283,252.45012003942333],[265.0606206886391,252.49414388462435],[265.62326256849065,252.3629708847086],[265.8696709213405,252.38190711942303],[266.3950153350426,252.25345015533716],[266.58787103661183,252.05717151307184],[266.9462952204438,252.1532636953646],[267.64625414742784,252.08868026763383],[268.6736919398403,252.348886055449],[269.34394288492007,252.17459059640592],[270.44059095023664,252.23872398853513],[271.26777769807626,252.4913815554002],[272.0872473093759,252.49396475878308],[272.2304595185477,252.6708509842081],[272.5060141252579,252.64861694145992],[273.32502790770087,252.7474195012257],[273.6078550568295,252.9754043539626],[275.1091608300759,253.13243775032979],[277.86948746866153,253.71413634845263],[278.82413743103075,254.13434441640462]]]]}},{"type":"Feature","properties":{"Level":"ADM1","Shape_Area":21.8398049,"Shape_Leng":24.8454545,"shapeGroup":"USA","shapeID":"USA-ADM1-66186276B16202794","shapeISO":"US-ND","shapeName":"North Dakota","shapeType":"ADM1"},"geometry":{"type":"MultiPolygon","coordinates":[[[[300.92066598153826,260.670314635566],[297.4285148789754,260.1022520948269],[296.2654371022369,259.71252361376867],[293.88310240284426,258.7777889671918],[293.2321235619653,258.43474817809897],[291.79654729274125,257.8212314199207],[291.2752131113724,257.76258797542835],[291.1180379671767,257.9957578977097],[291.50339612215254,260.62657068749803],[291.81742196750133,262.135333409745],[292.55426107776947,264.1698337644464],[292.81779213306953,265.10665595347444],[293.74074561918866,265.72397047826786],[295.1988978417989,266.5458017526526],[297.6866115923947,268.10350685421014],[299.3879028528093,268.91163980770415],[300.6016216652944,269.2441348799587],[302.3065406554476,269.96022225725676],[302.3146176345725,268.8641917602736],[302.04496362143374,268.4484946672617],[301.9991043274305,267.9134986611847],[301.9167742949786,267.8533126480926],[301.8957229218389,267.51348098199645],[301.69453999482266,267.19664061413283],[301.6737639438396,266.29525637152506],[301.821866958113,265.5720290215428],[301.20033204968774,263.73414435943823],[301.25149946729414,263.5227461751872],[301.3246877119087,263.5652991033404],[300.9162194958732,262.6580347984201],[300.95055865779557,262.1215175263967],[301.1874741578115,261.85176906863313],[300.92066598153826,260.670314635566]]]]}},{"type":"Feature","properties":{"Level":"ADM1","Shape_Area":13.5854548,"Shape_Leng":21.8590608,"shapeGroup":"USA","shapeID":"USA-ADM1-66186276B90178972","shapeISO":"US-AR","shapeName":"Arkansas","shapeType":"ADM1"},"geometry":{"type":"MultiPolygon","coordinates":[[[[345.88643997650223,221.4141025497183],[346.2475451363776,221.1978911539771],[346.39227989770626,220.98841941036977],[346.1977482959214,220.8801271655733],[346.28074265831617,220.75947632770524],[346.1049955864793,220.8506100197693],[345.80029427902656,220.793952329938],[345.5022687724995,221.06424740638073],[345.41755561476947,220.99186823487526],[345.9180232428615,220.4395250887346],[345.6278061233168,220.47129999958125],[345.4628786489931,220.7346253839111],[345.35980617975446,220.69135442747177],[345.5091314162753,220.5510757423125],[345.40921333533345,220.50934390102756],[345.5909429192958,220.3749459760756],[346.01392195783774,220.2611009656796],[345.77412731278264,220.10955256027745],[345.55852136356907,220.36569608460425],[345.4822266359877,220.28500085145615],[346.0233494729951,219.80246260442894],[345.9627596249887,219.60643825911285],[346.268667235648,219.39511594752526],[346.22536355446607,219.22589285841167],[346.53876609521564,218.9959760048233],[346.3848422223373,219.0365720080701],[346.186330771018,219.21531535296072],[345.91278125836754,219.21717405571547],[346.298615966957,218.99426760567525],[346.1634773750828,218.91658256065307],[346.45036971628036,218.66313484444282],[345.95097820296974,218.83334519100856],[346.43747015051076,218.58771022895817],[346.694285517906,218.57115284162168],[346.83494998819344,218.41657653384013],[346.446200666654,218.5358050427967],[346.45694635075876,218.42568241583473],[346.9677536914814,218.26940191124461],[347.2693541274713,218.04928186423166],[346.95974351558283,218.0409519569579],[347.3419013851813,217.83733396898384],[346.93170165013464,217.9940197518743],[346.82846165130064,217.91578638090508],[347.3883445500655,217.71656033315472],[347.47768061369555,217.5167981371955],[348.25678213245044,217.20196759424846],[348.2243591140941,217.1400129352718],[347.70099123392487,217.24657351365428],[347.9697636563144,217.05074787021758],[348.3262257377388,216.98242235856276],[348.70093185067685,216.81095091881664],[348.5510069128214,216.7804491444987],[348.01703856379476,216.98480297071052],[347.88832444036393,216.92210650640155],[348.75193194832207,216.5638578426828],[348.5595323882344,216.47733773569936],[349.09037822966377,216.22448587001338],[349.2124169597911,216.02339507828253],[349.38365972913834,216.06107154690758],[349.14977602651015,216.22086046191586],[349.4404042127657,216.12525855712659],[349.6401752951176,215.97447086825784],[349.506212528955,215.8875838233989],[349.9037161566386,215.84318130983252],[349.7455220016905,216.05321167975654],[349.91938013149417,215.95811955219943],[350.0357957233445,215.69624317469757],[350.79589641619026,215.31002235704986],[350.7146230975935,215.46514054754104],[350.918045502677,215.25010098957645],[351.36315900738555,214.9673832439119],[351.00041570007346,214.98880328274154],[351.1252768900337,214.86869234696857],[351.70729277271937,214.6728512470313],[351.80870374697236,214.50523662022937],[346.9543945717808,214.68104714886735],[343.33005258713865,214.91582252252556],[341.14395983147034,214.70700517447258],[339.02566451245684,216.91709204853248],[338.89113764216063,216.97687770604023],[338.79269191713826,216.9000860182677],[338.44926901656913,217.0488778805754],[338.4096121397842,216.88234101691262],[338.3249478717105,217.0067832926149],[338.28324626713277,216.88051495043499],[338.1900144635433,216.96509786389876],[338.25796932137695,216.84742199704135],[338.0933834474855,216.90274694112418],[338.15756501101373,216.80239872735785],[337.9601603987255,216.85522620717063],[337.91879894121905,216.95424688325681],[337.8922184758719,216.88946369354733],[337.60683526472906,216.99744138282193],[337.52369006361425,217.14234506676712],[337.40199929697224,217.14903424555104],[336.4622546321268,218.2056555745608],[334.35399006196735,220.2758042911899],[333.4411675854227,221.33162426159635],[331.4798200536274,223.8670982144355],[329.9208249541642,225.44960023499723],[328.26549114074044,227.5943560898951],[330.1026219468432,227.40320170271187],[333.0571763318305,227.21587149127885],[342.54803280936756,226.87020224274733],[342.80634699376765,226.60818395361818],[343.2692186312689,226.44562956570056],[343.53096837784085,226.1683510943606],[343.5126484880572,225.91070677024283],[343.2661367716876,225.75564043998324],[343.3271867353073,225.56351831382094],[343.192446775645,225.50986219136234],[343.20145645369587,225.11155719544809],[345.9962985187492,225.1345446247963],[346.7268355530789,224.84852075256032],[346.68672953917775,224.7712464182748],[346.2604333328724,224.82098487272705],[346.2390065155468,224.69134070197433],[346.61627006714184,224.5261517221414],[346.2739811510759,224.44800808395888],[346.04180046080205,224.2721416800934],[345.86654449216826,224.33918928009652],[345.7168759334075,224.27172024398794],[345.7887922090686,224.10073821648976],[346.0422382347652,223.9559494190063],[346.2502342830439,224.0056463028672],[346.3361876590171,223.877340147818],[346.0000952488277,223.73355479170274],[346.29835921025784,223.54592160044973],[346.32997433640685,223.40856694811288],[345.92581647555636,223.62718351100403],[345.7358428386198,223.59410804280768],[346.0064483916781,223.2572657197556],[346.0159384879501,222.96210073596347],[345.79826444350476,223.2849622440602],[345.5978029967694,223.34577152841467],[345.4881938762072,223.01626474404807],[345.6950033439846,222.9546243614314],[345.63649320660005,223.10744966131736],[345.93930064244,222.95048827659275],[345.98045097356555,222.6330171956003],[345.77979674302657,222.5588230989724],[346.3836143546795,222.19060883850918],[346.22804418654925,222.1638821716586],[346.6178235104299,221.8533599526565],[346.5140415375675,221.78786620454545],[346.27370902377464,221.89963052128144],[346.25982617808,221.4759046527568],[345.8426048504377,221.60158675204974],[345.88643997650223,221.4141025497183]]]]}},{"type":"Feature","properties":{"Level":"ADM1","Shape_Area":9.8737536,"Shape_Leng":17.1805788,"shapeGroup":"USA","shapeID":"USA-ADM1-66186276B11129925","shapeISO":"US-IN","shapeName":"Indiana","shapeType":"ADM1"},"geometry":{"type":"MultiPolygon","coordinates":[[[[340.6089443515059,257.56975210562894],[342.23966799276326,258.1285238859727],[344.5642218477141,258.82776641516523],[345.35998015609994,259.1996254886117],[348.85815234375445,261.15209252573794],[349.0488248046968,260.75117214810723],[350.9787468312414,257.66247256049786],[352.1775782863873,256.1621234618363],[352.4272850515202,255.84983734709044],[354.1122578157249,254.01512572711135],[356.14690551081344,252.22743017110255],[358.22770228097573,250.27323085479455],[358.73211375166755,249.5666903929845],[359.6808341016186,247.84903844548134],[361.6390873845203,244.7381842252974],[361.7972776970706,244.35605707058744],[361.6186300068108,243.95593055125954],[362.07640844430944,243.58361500714105],[362.00240448616813,243.241606205426],[362.45944097663596,243.15130691631634],[362.3971053549006,242.81126910263015],[362.5379204922771,242.60169164565497],[361.87678547436036,242.29076350760755],[361.29094373591704,241.51418962652667],[360.98590614344187,241.66468264658155],[360.2434426353617,241.3781822383285],[360.6432950490485,240.4783323407462],[360.4441940466829,240.1152458173322],[360.0513958693754,239.798117321142],[360.02281556918115,239.20043900275994],[359.8169633019635,238.97447954938718],[359.478488643603,238.89888914376726],[359.3464737415871,238.3685892385231],[359.4792108944839,237.6933165843389],[359.1349287262543,237.43692164317514],[359.1035683998519,237.27414476528975],[358.9070691759788,237.41682224403658],[358.5656340180441,237.32373855019995],[358.1701410985236,237.4089001694437],[357.97909841482635,237.8623831008013],[357.6818279302777,237.98508381833796],[357.64504870610625,237.8376311931965],[357.87213070155235,237.7781133362975],[357.6386014166161,237.5001916370086],[357.4425569947332,237.56100252894186],[357.5249827297039,237.19952972712105],[357.2934346833432,237.0751358912691],[357.4638641071575,236.56001739771952],[357.18545549496775,236.46671829222043],[357.20767245086756,236.20926999936492],[357.03213339961377,236.04276886035214],[356.9673460191645,236.3645321143209],[356.6810913609289,236.21877239725018],[356.2388735164001,236.62964254321338],[355.44968882502775,235.9652881432961],[355.38772169561133,235.45068487424032],[355.19249738218844,235.29090203744641],[354.9590005189011,235.49402014166824],[353.78377450350257,235.56690399566435],[353.3823940881458,235.21547407392478],[353.0067847948551,235.41197226496476],[352.8421682936387,235.110118931375],[353.08644485315597,234.95633029823742],[352.9810222252512,234.68263440776235],[352.66176846500184,234.60081215953238],[352.6809717504853,234.886744322926],[351.8119386026841,234.4461920281995],[351.4480768083341,234.5602814050736],[351.1611062951503,234.23497128687512],[351.4450353092826,233.95912554744842],[351.26114959176505,233.7257329440111],[350.74066419542294,233.63945444710478],[350.338176133409,233.59514380609477],[350.71612081892283,233.8005520873449],[350.20616825954573,233.96866235792126],[350.72155753167135,234.12021665214212],[350.36140176022474,234.1579127117998],[350.58186837942446,234.2443095246685],[350.5396183271396,234.76533631588532],[350.37198244618617,234.77036296015743],[350.7995004283842,235.03106543251906],[350.8020016200379,235.1957380540103],[350.5567523052536,235.03022492099893],[350.4790899659359,235.10725479465873],[350.8575806668883,235.35725845610736],[350.97716536642656,235.6406878408979],[350.52217073418285,235.6736125691977],[350.7182902168659,236.18717295881882],[350.9166188200737,236.1117823040261],[351.07810825627485,236.38992474350508],[351.18284423785764,236.2466744320343],[351.7177983585629,237.3406369855192],[351.57307614636903,237.3127678936911],[352.14691699066873,237.807375062944],[351.9724760331832,237.90363232872275],[352.2494074757196,238.67948771259012],[352.5530407007403,238.888696564135],[352.722008756693,239.30274340190118],[352.28312909087214,239.80386099457115],[352.38559788659313,240.38040373865041],[351.9639388967835,240.44799274365357],[351.8477056924102,240.8308187144461],[351.11363682191563,241.10591295523338],[351.31081676977715,241.60301570772594],[350.70380134143386,242.00207458247507],[350.9438900428622,242.27023195888526],[348.16545118061276,245.20879550066522],[347.04674234928353,246.29382740189521],[346.6052734240685,246.87620935202492],[344.4009654413701,249.00224672228813],[341.3779842526513,252.36660575721072],[340.05318556705174,254.00516189313208],[338.17060007029204,256.1897477422123],[338.6115752090059,256.00704245678634],[338.80611800783066,256.1665571765245],[338.8927135380412,255.88517526493922],[339.64041300216365,255.89589783656822],[340.202408528965,256.4180228696727],[340.6089443515059,257.56975210562894]]]]}},{"type":"Feature","properties":{"Level":"ADM1","Shape_Area":25.5398223,"Shape_Leng":35.078204,"shapeGroup":"USA","shapeID":"USA-ADM1-66186276B58587953","shapeISO":"US-MN","shapeName":"Minnesota","shapeType":"ADM1"},"geometry":{"type":"MultiPolygon","coordinates":[[[[321.9326363606763,276.9853721843036],[321.983173336801,277.1093659175734],[322.0669521009165,277.1402315677391],[321.9326363606763,276.9853721843036]]],[[[304.90576018901163,253.69966268863465],[301.65099756452275,255.69333195198215],[301.4084054380857,256.8761937600118],[301.0855670988258,258.08560610776067],[300.99346736660505,258.7295832905772],[300.897850054831,258.9042902930023],[300.4373803009485,258.996112067209],[299.98896137970854,259.5542907561114],[300.0333940020327,259.7042943240381],[300.545697705835,260.06952570561634],[300.7766355567229,260.3119930083767],[300.92066598153826,260.670314635566],[301.1874741578115,261.85176906863313],[300.95055865779557,262.1215175263967],[300.9162194958732,262.6580347984201],[301.3246877119087,263.5652991033404],[301.25149946729414,263.5227461751872],[301.20033204968774,263.73414435943823],[301.821866958113,265.5720290215428],[301.6737639438396,266.29525637152506],[301.69453999482266,267.19664061413283],[301.8957229218389,267.51348098199645],[301.9167742949786,267.8533126480926],[301.9991043274305,267.9134986611847],[302.04496362143374,268.4484946672617],[302.3146176345725,268.8641917602736],[302.3065406554476,269.96022225725676],[305.5944503209085,271.1791512262698],[307.67117208933695,272.1954635318043],[307.922152203461,273.9106624171339],[308.14296171685896,273.8961553106372],[308.4127396438672,274.11470140765454],[308.74026190235327,274.0815891990474],[308.76893609851487,272.1393559493711],[308.7266936356534,271.89342578832503],[308.96417988921087,271.76506649579096],[309.7750282131467,272.0971961535107],[309.8008296835911,271.94406656240255],[310.8207250157169,272.34881090516586],[310.8298022380422,271.9840976507438],[311.26206606355186,272.1727425569837],[311.72205930016753,272.49101292319057],[311.751291591906,272.66528966799063],[312.41192145697147,273.1793097070446],[312.47963151199656,273.1286889480954],[313.0518320394259,273.47783355278625],[313.0464632000477,273.35624745371905],[313.6040274074993,273.39494136810765],[313.87439097838626,273.586008773882],[313.8481406235845,273.3526567983437],[313.6657635324275,273.2135065624728],[313.61028139576274,273.019150865837],[313.761502754579,272.9846124235297],[314.19873234493116,273.32014920082025],[314.33063881472503,273.23693476729494],[314.25102618479025,272.97430651280445],[314.52825754279434,272.3989981747784],[314.7741842164565,272.67555918162],[314.7207393577595,273.0004449888488],[314.86684806431197,273.28634517915793],[315.45069002136137,273.7260749116101],[315.5894802254977,273.6363364673684],[315.5550541694698,273.31593749362537],[315.67857472462686,273.24276642605065],[315.8557516428686,273.4066742816388],[315.92622412620335,273.3012393150883],[316.3326082927423,273.57989593407035],[316.31691861972274,273.1226386628207],[316.7530800507985,273.3857153064366],[316.69922172208237,273.0231341310644],[317.0292890556128,273.40354902546574],[317.0819056060088,273.332506581334],[317.58762532799796,273.90051850397197],[318.04677217997187,274.7766858142114],[318.6815135459632,275.607156232522],[318.71451784551186,275.2450170890572],[318.8671799277769,275.29447617878725],[318.9277741701522,274.95139282478203],[319.4656149630864,275.4980961138043],[319.4610909093249,275.37939618458256],[320.55205921224297,276.4548271781045],[320.82506715165334,276.56940353451097],[320.9618888476627,276.31443650354186],[321.20010578481345,276.3849648525505],[321.335546844678,276.6801093973118],[322.07376561465793,277.3048785850025],[321.86499691981004,277.001494577979],[321.8458745591617,277.07391060161],[321.78755949733034,276.81468816358944],[321.69629070561206,276.7566044814723],[321.3986679198098,276.05879588710866],[319.48173343801295,273.24356785049014],[317.61105135839057,269.66442788975496],[317.00407553548246,268.8549951950015],[316.6807818608968,268.58718200216725],[316.4883417299769,268.2803336689996],[315.0425388459687,266.97723550550506],[315.25669075058545,266.75289034262966],[315.0469901872107,266.8379117723325],[314.6748711263871,266.55456218739755],[314.7618420339818,266.54798456123433],[314.54669725454227,266.341759138233],[314.4001057388924,266.3720862208242],[314.22855958660165,264.2904999287905],[314.05004858702864,264.0384595792859],[313.86111229173144,264.0147886627309],[313.6568248961849,263.75796371231974],[313.5132684748276,263.74870726673277],[312.9851642400991,263.18800961713725],[312.7414102179507,262.6303383624994],[312.4910999640314,262.3765485731735],[312.40705767800966,261.86822282607],[312.7225334412519,261.9628012803218],[313.01671288525563,261.70455553690556],[313.00881834026626,261.51127303187485],[312.66223674337704,261.00248397344905],[312.6739340132616,260.4334984855723],[312.482656601378,260.19798244831395],[312.58285922092693,260.0926174651055],[312.51662583106906,259.4402464301286],[312.36891773489475,259.0947412833907],[313.08196699440987,258.7524733414951],[313.74794612380174,258.89974691256486],[313.9051182093387,258.6958781627997],[315.13763731120736,258.6344525689023],[315.36777855157874,258.2504870020788],[316.54037410950394,258.02254009205797],[317.09683673954106,258.1010159211063],[317.9137254641471,257.5849925636576],[317.9570931368663,257.0182513254003],[318.21053681955544,256.65375263842265],[312.55646845244286,254.7506087055679],[311.6863921798752,254.5474838615453],[307.2010041185299,254.05683410513677],[304.90576018901163,253.69966268863465]]]]}},{"type":"Feature","properties":{"Level":"ADM1","Shape_Area":1.3966796,"Shape_Leng":6.7065742,"shapeGroup":"USA","shapeID":"USA-ADM1-66186276B81236687","shapeISO":"US-CT","shapeName":"Connecticut","shapeType":"ADM1"},"geometry":{"type":"MultiPolygon","coordinates":[[[[393.54063590151327,295.0192758061885],[395.61996393760523,296.00084187663066],[398.01132858986944,297.12873570367253],[398.2986054614794,296.6087284253552],[398.5618595922173,296.8064785361466],[398.3638660121578,297.27612073435165],[399.07201535620044,297.5872074153077],[399.95390702713325,298.093944383828],[401.4243892016815,299.15248782756305],[402.81450807477785,300.00326112818726],[404.01906024329276,300.73988842815453],[404.6853828038137,301.147133655896],[405.3195156236251,300.0023734444188],[405.56916433901347,299.55015777825474],[406.0137181015737,298.7482162203111],[406.3406246472869,298.32204639622023],[406.58502100871874,298.00433195810575],[407.2080508407928,297.1901559172693],[407.4442597055763,296.8835535680136],[408.0231082561772,296.2823205947619],[408.156432299489,296.1432719037446],[408.2662831542695,296.00567055013533],[408.844881579819,295.2778833471068],[409.0707388066716,295.0541743886929],[410.0220149563225,294.1186296408369],[410.1357970638205,294.00628486437495],[411.0825289207942,293.0677506406154],[411.19992761272874,292.9521838199646],[411.95694056007227,292.1388466101989],[412.01975685261965,292.090338170056],[413.6854851128843,290.79747348293967],[413.32473731749786,290.5019661871281],[414.04479363265136,290.0048332040229],[414.6662763094685,289.5746502100194],[414.70849042635245,289.3095938111511],[414.73878646660216,289.11772268369174],[414.0151757256168,289.0310060366734],[413.43917287134224,288.9617931008533],[413.1089386047489,288.58385846559577],[412.4995281866728,288.1392426398327],[411.4347112859336,288.40643531359126],[411.8651435770911,287.9674040683498],[410.72855450919974,287.82459085940707],[410.43232878825256,287.996745417901],[410.1194576231081,288.1788249833753],[410.40311758729183,287.99672004951736],[410.94763704834634,287.64763405370655],[410.2347888393606,287.73006487584064],[409.53949414468474,287.2868840736832],[408.6715039237706,287.561291347562],[408.00964955154853,287.2072666356097],[407.2081478547069,287.46508421493854],[406.239654466444,287.1622756579499],[405.4618848343846,287.74448545828056],[406.02104322934457,286.6121427184123],[405.586621639261,286.6615822972348],[406.2599203658441,285.9661461745182],[405.1999420787625,285.92483635706793],[405.0829604003536,285.42300425514134],[404.30258849601574,284.0616787687826],[403.90696994891164,284.1639289239329],[403.8692872226087,283.83566223323805],[403.1890872522181,284.05282460463536],[402.8329228928725,284.223004289594],[402.22550073018573,284.41569243536685],[401.3843167131514,284.6822301281775],[401.8921218900931,286.133827899526],[400.4508865223878,286.92094053056087],[400.01103927786653,287.38808508381203],[399.6463901864797,287.77582196687956],[399.3953634181598,287.9910590233209],[398.5183709022197,288.74396110057484],[397.28564807209636,290.01426883230215],[396.85703778375756,290.4172151809606],[395.2137693409469,291.96087018485525],[394.78825529032497,292.60130537032916],[393.54063590151327,295.0192758061885]]]]}}]}
