{"type":"FeatureCollection","bbox":[57.49189177496113,41.56094119973844,196.384798452126,208.53994520426684],"properties":{"note":"Created with cartogram-cpp v25.10. Coordinates are in a custom projection, not EPSG:4326.","projected":true},"features":[{"type":"Feature","properties":{"level":3,"name":"Drenthe","regioFacetId":"tcm:106-353397-1024"},"geometry":{"type":"MultiPolygon","coordinates":[[[[173.19794894429572,186.35013821299722],[172.13733652390414,187.86409493942972],[171.9107198439555,188.18761451816613],[171.9122349675301,188.2273696801906],[171.8933155628386,188.84970735441192],[171.8865926830528,189.10681885881422],[171.51645746367677,189.20010339126952],[170.53077767754763,189.47342225511414],[170.52079316815255,189.47619521683615],[170.34016757388247,189.5254482662472],[170.38790398051424,189.61654215629306],[170.51733080749753,189.86389528309846],[170.9303229542688,189.7448826834668],[171.01498980194856,189.72256859869344],[171.24156756753254,189.66171438379325],[171.31745004178993,189.8733583123444],[171.44315732552928,190.21752275686202],[171.605611346761,190.230817226752],[171.59632192972498,190.6383791065362],[171.87443303344688,191.3983200255696],[171.82893131712518,191.50753129595168],[172.1106673743171,191.7878694418978],[172.27848089509098,191.8890566216572],[172.29842429249925,192.00354097599677],[172.3288742152484,192.17873142080455],[172.34201624594493,192.1833246810428],[172.8643818721379,192.36553958461218],[173.13416525425671,192.45784345276593],[173.21247810991224,192.69418676699823],[174.07419906026036,192.89759800633038],[174.25315868890516,192.83195464431896],[174.3050929432283,192.7461790996447],[174.59571610304792,192.79952825784588],[175.17388004270344,192.67736453888887],[175.28587984286986,192.42516819229044],[175.3125008582659,192.3655047174518],[175.51364318415068,192.21505569197217],[175.65493277545215,192.2843016420038],[175.7160513691851,192.22159250288735],[175.7252833514329,192.21192945875498],[175.81658763161477,192.11604262755574],[175.92027947895207,192.0067644159837],[175.97736644557892,191.94632363059975],[176.01360299783803,191.8691369362228],[176.0148695191707,191.86640665898938],[176.1285661674958,191.6208167188994],[176.52056226817015,191.77519805415096],[176.5951195289084,191.6127603866028],[176.68530882302883,191.5640092271729],[176.6373636766112,191.48938749118716],[176.7553064265584,191.2596191772431],[177.04128199533343,191.23086331960857],[177.42246343278583,190.9623894272143],[177.41776180913303,190.88233672783016],[177.54955806175803,190.84631522497082],[177.64204394428447,190.69343045976822],[177.88423988620394,190.4904081188272],[177.83533839874147,190.39206231717955],[178.0042141225465,190.3249164088077],[178.0467838063608,190.29825516284407],[178.0160270948694,190.25283725796191],[178.06870847942153,190.1329718658945],[178.02205678642048,190.06398229470065],[178.81653001694838,190.32956517235004],[179.37227007726952,190.4242017641351],[180.33961590840246,190.23796185032398],[180.47943379081147,190.11644353610868],[180.60823279365968,189.979616050628],[182.766484843976,187.65386505055847],[182.95156267692897,187.45735415245645],[183.1884283483966,187.2069370366612],[185.3051811615417,184.94820787763803],[186.70042586764296,183.07048025050568],[187.17534939784366,182.7084370879719],[187.70639151570964,182.30130667587775],[188.09094245667325,182.1166371423106],[188.57726020762777,182.047214409092],[188.81492137476548,182.01565533059838],[188.69896873986158,181.8162158972453],[187.83944852128812,180.42430564569253],[188.77894152535572,180.4401513791831],[188.92644967749987,180.1623446226017],[189.03294842709164,180.1877818810947],[189.68752933460615,179.67459307889345],[189.80389453389265,179.68406063469857],[189.84037331764108,179.64987016911294],[189.95114255808238,179.54558863721883],[190.1836835215189,179.63789432809082],[190.05634365619326,179.45587911519104],[190.08196538028062,179.20613934251142],[190.82029977063314,179.22468347793034],[190.82597490422086,179.22488316462304],[190.82048945778772,179.2168897708932],[190.41269260835256,178.56362829248337],[190.1618656044833,178.18501790938242],[190.16224518947473,178.07060087779797],[190.16918821568248,177.7409090795499],[190.17224197114072,177.394335381939],[190.19899270482736,176.88301110594253],[190.22832136445322,176.31154566667055],[190.2464279139654,175.9698672571626],[190.2868225476688,175.21635570501869],[190.29201175792173,175.10578511620565],[190.31407371174083,174.6181479913148],[190.40869481168966,172.51664797830034],[191.00892581446848,169.60503730855544],[190.6783145724756,168.98275994116898],[190.39422883611113,169.18278393429645],[189.50157676854485,169.51055822809855],[189.01145286137267,169.95970637920686],[188.66780688789035,169.99928927732705],[188.1025400679849,170.3866853676791],[187.99271068447993,170.47881315523978],[187.84582768790574,170.22160680954167],[187.6006983809507,170.28449156633832],[187.49181005467938,170.13495508609938],[187.25077677632956,170.21701831535339],[187.0908406733397,170.16196916924545],[186.75945104082993,170.39751907760433],[186.49483111675684,170.4473792098753],[186.36943126154696,170.60358020368494],[186.36459868161873,170.6175756941625],[186.25406871116786,170.93706130270618],[186.17677510098378,170.98616298306467],[185.94845110705276,171.12535489886108],[185.7785173709054,171.32756377366496],[185.3900547436939,171.33508044834105],[185.19723007985854,171.53478261362136],[185.03579258100922,171.34588328586668],[184.7269478497625,171.31964585765274],[184.3782538411386,171.58254928084887],[184.08161036413003,171.43275531660873],[183.9775201672844,171.38061490798864],[183.70063720043152,171.51143272856854],[183.56471629131147,171.7011592403138],[183.453392185273,171.67771864673796],[183.35834600117408,171.65771683256986],[183.22866366612467,171.80992710878513],[182.94269323724274,171.78209950740168],[182.757916398208,171.51110915664256],[182.5216938418265,171.66903702823555],[182.42011882630294,171.49684219481856],[182.3817466704705,171.64792759992156],[182.14821259630236,171.50829137985107],[181.93002008992445,170.91408195879092],[181.88639372847354,170.79571358273125],[181.48335380655794,170.45545868943745],[181.31439348028198,170.58343548449793],[181.3155396002441,170.60605488688884],[181.34807606747768,171.26932097906985],[181.19794773604139,171.4281795521269],[181.2906257473462,171.5223069065441],[181.3105826229289,171.84436032934994],[180.63176983436324,172.28615554290576],[180.26267551000956,172.59184418774515],[180.24266961701193,172.60897870299823],[178.9202338802947,173.72012622360265],[177.5414824877945,173.39951823788527],[177.32198491928642,173.1099650863552],[176.66955027527516,172.35000655992553],[176.87948239791234,170.98852037218631],[177.00206008496798,170.35119560910312],[176.83047972077347,170.34864069308003],[176.60138401887366,170.59517040071813],[176.34065855270148,170.7289030711174],[176.25028322302347,170.77282197994248],[176.0097537163266,170.78061939016612],[175.99172277940818,170.78122985812217],[175.89317713253112,170.78317249452218],[175.86569993491625,170.8290412831969],[175.6445455856931,171.18676345029345],[175.47141715181075,171.11190754062332],[175.42871243345922,170.71211973481024],[175.41910535727337,170.646837744395],[175.29312329965987,170.63314777686347],[175.24909654123198,170.5393683134066],[174.93070024624657,170.66578934354845],[174.73057127996177,170.91180538744146],[174.71441815920485,171.0566795145829],[174.66573093612163,171.35363694164295],[174.62306246648612,171.4203753014836],[174.5909703319725,171.47285500917235],[174.51496265591197,171.46282700731672],[174.4900451327611,171.25461043456383],[174.4193494916067,171.19901412202688],[174.32679164014746,171.12253283037768],[174.29637292050174,170.95598487462956],[174.2912295984358,170.91925117864363],[174.2738856299857,170.92397066951443],[174.13815907451635,170.95093219538643],[174.05274403283588,171.0806460473656],[173.9696310062577,171.01541929879443],[173.98475046460328,170.83813943034252],[173.90565141324146,170.74428792333566],[173.70847810436393,170.83237350182188],[173.59282818937166,170.63047125360058],[173.39631358916114,170.4845970506593],[173.37023018868143,170.69517880356523],[173.30692493940688,170.65195600220974],[173.20994746423963,170.76866743178053],[173.21648461932202,170.84686225016065],[173.2277591099516,170.9790196478981],[173.12904916594314,171.19025610303515],[173.17969974979184,171.40952777334806],[173.08645662252536,171.67641178535956],[173.02798998104868,171.69237530925],[173.03634027321374,171.8727128688791],[173.03636554460417,171.8996852542528],[172.86625892258465,172.10715649612365],[172.8915583378531,172.34196256555487],[172.76936349886705,172.48069984641535],[172.60923103204217,172.5066753742941],[172.60377986341484,172.6125631554039],[172.4434250383527,172.692111322464],[172.29311937058435,172.97899047871167],[172.10830001492246,173.01561950363862],[172.0694829408145,173.13364654950072],[171.9065922299071,173.26456872804607],[171.88698502491326,173.48663142444917],[171.9655833636992,173.629842057847],[171.85637075680148,173.87525666950057],[171.84869647291873,173.89239494664326],[171.64435746525086,173.8939940194643],[171.47773975800965,173.7168324216475],[171.1757816106172,173.70109448562073],[171.14074432477577,173.51694772114433],[171.1314494899661,173.46864234083546],[171.08053634328326,173.48680202282213],[170.93286380754392,173.53939005393988],[170.8736402345263,173.74458488309836],[170.81924566436686,173.78476648318698],[170.71357533127758,173.86343479790918],[170.6039660009664,173.67692326644942],[170.5744911100091,173.6258840405439],[170.5004811808074,173.6250830892902],[170.49679787248047,173.62503538850677],[170.3875545666677,173.74498253137753],[170.37365064062874,173.87702731080094],[170.25118753381003,173.95323090800258],[170.04162276071622,173.9232339970523],[169.91995117910824,174.09235485741704],[169.94151542448736,174.25167233098972],[169.82229569682954,174.43048808064032],[169.65940043811815,174.3670355040075],[169.552152294486,174.45797922303598],[169.54541901762087,174.59165486831853],[169.25555874746175,174.6727016376015],[169.1939846975994,174.76203451742248],[169.2186386500518,174.8399319340234],[169.18220093667546,174.85904733221076],[169.14070085433016,174.88181586896593],[169.05434611659385,174.79582336703857],[169.0411376082185,174.78253810410038],[169.0279338569328,174.78276255490908],[168.77697078623174,174.7881654491453],[168.67603541633954,174.6087494458372],[168.6182997920199,174.50292238469464],[168.60363409528418,174.33569435558206],[168.5503161342802,174.32516143030333],[168.53010246256719,174.4903061691076],[168.46427200698662,174.50403284298147],[168.4416350045591,174.50898157097066],[168.3927584867473,174.6761815879867],[168.26343045300018,174.62681276707985],[168.33024468422195,174.4377565869812],[168.35526331082698,174.37364256034138],[168.29971708075533,174.35542411672031],[168.33287274498218,174.25200076788923],[168.15274956235217,174.3499855870598],[168.09106925652713,174.38508608480282],[168.01045839931265,174.4247197476382],[167.93750249800104,174.4607736941162],[167.93576625811062,174.461616682732],[167.83876189767258,174.50617221984083],[167.85232388708917,174.53781785516009],[167.93987452702285,174.75932574792898],[167.99012857134306,174.88926960211674],[167.9426521986853,174.9606119956672],[167.79094304195092,175.18026216042978],[167.64212585525394,175.2151279015124],[167.58806017462416,175.43375836083914],[167.56296179620261,175.51100394031346],[167.42401783850204,175.94190138617734],[167.4170478880812,175.95879587518118],[167.25877773818945,176.34249910152212],[167.08159135348012,176.773084218479],[166.66748096043167,177.7571398915258],[166.6724072419944,177.85708375862396],[166.83046718680725,178.05286804446172],[167.01603945470472,178.11515211752572],[167.62884919734057,178.32473762120074],[167.82409516436354,178.4959240364184],[167.86187408491494,178.50564731173716],[167.93874228099082,178.52420700970282],[167.9771046762972,178.62674811144876],[168.00294019507248,178.69693474830615],[168.03788372921093,178.791451620682],[168.19386692473884,178.97379924715233],[168.51497606073335,179.34410175050795],[168.6794250102133,179.62979987908398],[168.69332057643612,179.65387355909877],[168.34549905176146,180.1424066079137],[168.2941316117045,180.2145216900907],[168.1783976824558,180.37439704856152],[168.13287278415146,180.4371519498049],[168.059111433904,180.5391784307474],[168.00155470918867,180.56241997967106],[167.98924612403047,180.56743427191432],[167.92314429717894,180.593684622303],[167.56401874372762,181.0257652424167],[167.3536875881038,181.17321999291212],[167.41922457535662,181.19026113095663],[166.8663590266531,181.84462116865814],[166.82460141951364,181.9918399847483],[166.82017651769118,182.00923424520352],[166.607475596085,182.26288675734588],[167.32984870205843,182.78025241228195],[167.69086093170665,183.06136918248882],[167.99187162598122,183.2601538710832],[168.0028692970216,183.26736571310292],[168.14640510851922,183.3613229475161],[168.6273564578392,183.65194959131432],[168.79115934635246,183.90101421703233],[168.85067700749528,183.98231530690458],[169.10434089584652,184.32842393728012],[169.17021564910513,184.4162484484396],[169.44667785843498,184.5914324626133],[169.5000829459566,184.72678270774682],[169.7004789042154,184.8361200418734],[170.78376087876555,184.5918852159916],[171.04853434897782,184.3258918271482],[171.38721702980666,183.98291571253725],[171.53551039929613,183.83264656955765],[171.80201431882972,183.9830138961364],[172.40716736240702,184.3241223486977],[172.86383342658198,184.5769135329326],[173.31237730442007,185.38866280058488],[173.42261158212926,185.5811777297449],[173.56199925581734,185.8303865328257],[173.19794894429572,186.35013821299722]]]]}},{"type":"Feature","properties":{"level":3,"name":"Flevoland","regioFacetId":"tcm:106-353410-1024"},"geometry":{"type":"MultiPolygon","coordinates":[[[[152.5598033075061,175.52810454803569],[152.55605248500612,175.69945328388607],[152.5524003385939,175.86067369580027],[152.58691094552722,175.9944588265788],[152.6132559191157,176.09613539975993],[152.675113751822,176.349338948799],[152.75135774401835,176.65784751797392],[152.9188118345487,177.1954889539321],[153.42061532946013,178.99864338439076],[153.50850638724629,179.29652850686426],[153.6050449678637,179.6354734115854],[153.75458591072098,180.14499226885346],[153.9337867211348,180.80735691495016],[154.03600346869732,180.8738958769914],[154.4124950988757,181.11819472594993],[154.5473856853246,181.21831258804445],[154.81228595614715,181.39230755344528],[154.93223613457963,181.47389054571732],[155.38765786164515,181.77063117532293],[155.62055196990937,181.84726292023527],[156.05591036194488,181.9537902407893],[156.20214242853336,181.98991383432315],[156.5445429880072,182.08179041718427],[156.60356087552907,182.09505202907616],[157.59786675208025,182.29000119417876],[158.22056677812864,182.44404410980434],[158.49640524601276,183.0075072420288],[158.70947771127607,183.42141192753456],[158.77119626703183,183.54767796692727],[158.77214904917108,183.54968942816203],[158.88316163417335,183.55199165985087],[158.93035707135962,183.55351361515105],[159.16850779479435,183.52131867120224],[159.43565724815846,183.47933291780174],[159.44220375900503,183.56079594701475],[159.45444676178653,183.4763779444353],[159.53977184862828,183.46296532527947],[159.60209560711394,183.5795284660771],[159.83833882426086,183.30285697481335],[159.7930296549652,183.7511214551185],[159.99984594620963,183.58330263290213],[160.0697418403302,183.5262400895044],[160.1676618147195,183.44870387621728],[160.6464721732886,182.47272634346018],[160.69628052729217,182.37009845291067],[160.71047190881342,182.2396866545189],[160.7558844131586,181.78156064855972],[160.80451602772968,181.82841541736997],[160.84838710628853,181.87057208653877],[160.89872297453317,181.70099908039273],[160.94611009522,181.51612323084947],[160.9979296518708,181.31591028879248],[161.08456510575112,181.14222140039126],[161.1110305355065,181.08975079204228],[161.1898035491516,180.93368953307484],[161.1854708646398,180.8137030199197],[161.18421500272137,180.80652552915515],[161.19257829508228,180.80519243601077],[161.4612430058829,180.7517798287687],[161.474924894304,180.74914848146977],[161.69514473710956,180.63589869867624],[161.84334189811514,180.47191334383834],[161.86211079662712,180.4511728887859],[161.8645752328611,180.44720442897625],[161.93324275430604,180.33734550679839],[161.97922748005686,180.26595782882248],[162.07061204716004,180.124139468904],[162.16333533136563,179.9809270440332],[162.16903277060914,179.97210779876838],[162.42306499382948,179.4291228680314],[162.48672763373116,179.3364570032785],[162.5884760108066,179.3085036614613],[162.74645925583977,178.9681158492966],[162.8206760006187,178.78103994477328],[162.83137845301553,178.75416797882085],[162.8501959631963,178.2760825539686],[162.86467062129114,177.9353289990445],[162.88815149787294,177.25621829954184],[162.89448778634545,177.08903178602537],[163.03058761312133,176.90967333689267],[163.0682059989284,176.68639201409647],[163.02815624572952,176.53822509830232],[163.108277017405,176.51985531270063],[163.1456013594013,176.34403070146465],[163.16000106919716,176.2851210827265],[163.17202883055805,176.23723404162448],[163.1653745434234,176.1906081076512],[163.1473121947698,176.01756407364505],[163.11861005819463,175.9691012545967],[163.06445251370985,175.87752580111987],[162.78909267366532,175.69228610408854],[162.66683674320518,175.60494355714135],[162.4055976155117,175.31273608180686],[162.38210434174553,175.21219559175907],[162.35871134131128,175.1105229151404],[162.3827433608797,175.00068451390794],[162.40548049154032,174.98868081905044],[162.47053913374768,174.95371122741562],[162.4933371429583,174.98728701160292],[162.5191691691925,175.02508905502793],[162.84782286901682,174.78752755293323],[163.00177458249146,174.6760388257669],[163.22052694126356,174.23687984112013],[163.2560721596554,174.1241252566907],[163.27730891375893,174.05993875770076],[163.55852132257888,173.73479630432158],[163.6750967360295,173.44342632977143],[163.78097084083606,172.959472372779],[163.81492769134562,172.8220288791243],[163.7733183288375,172.76134759774737],[163.66877671419962,172.60130414203388],[163.63468801198385,172.54876979659028],[163.5021474339425,172.46365293823604],[163.24133360924782,172.29641710375748],[163.13723624211468,172.227558403819],[162.47446908738226,172.2888581518037],[162.448289157552,172.29120439096843],[162.44808860729333,172.28859812049984],[162.44185533115706,172.20027228147904],[162.4399571198548,172.15864170250356],[162.09696797134032,171.95973474886745],[162.08579894874978,171.9532761038895],[161.92679708393868,171.85967275614001],[161.85298611930386,171.87877636246913],[161.59789928257334,171.94350454713958],[161.59491855789346,171.96043679058414],[161.5550636575615,172.18970073999773],[161.540924013229,172.27965623652267],[161.54021782402924,172.28414092755636],[161.46349134793502,172.4347253268853],[160.54061997281883,172.47702066583275],[160.20909798544236,172.49236026909392],[160.1190802715189,172.3242786335004],[160.10806154251478,172.33038754366527],[160.0257477569897,172.3766119194513],[159.94358211946863,172.4226380532745],[159.86793284718516,172.46625288356944],[159.60406547185949,172.6183514197505],[159.49461200518505,172.64896321750422],[159.144842486011,172.7451569841357],[159.13004393942958,172.6463562929774],[159.09581856739769,172.42837268079654],[159.07993737232027,172.32783880395277],[159.06606191192628,172.24366962745805],[158.9353677589038,171.42189601883297],[158.9201000116768,171.3259081503196],[158.88396709969308,171.0900518421932],[159.3027903002034,170.81253265229884],[159.40912742164846,170.6237445873577],[159.50769594936656,170.00154748325394],[159.79603899555775,168.45088569236],[159.81643354643336,168.34739192895032],[159.84634821113718,168.21510149511968],[159.8440940139668,168.18495350259133],[159.8409996641494,168.13420383709095],[159.83213203986855,167.9675316715084],[159.79177795337105,167.262240517698],[159.7303116956247,166.12810841434734],[159.74612901733047,165.9537920826078],[159.75269043573837,165.89920144389086],[159.74950675843763,165.88540234593694],[159.71574625257753,165.72930908498753],[159.53305713448466,164.7096259109435],[159.43394381640883,164.50371270359076],[159.4183527006562,164.47221886459772],[159.36424294847708,164.12757454814331],[159.28409473148918,163.6010332925538],[159.25469073953352,163.38994472584562],[159.16377808307433,163.03997429651577],[159.13873573566812,162.97213826170542],[158.99397164662824,163.22459932800666],[158.87605448285984,162.856694717158],[158.7479215787033,162.4931115494311],[158.71746751868318,162.4213925002651],[158.80686490694973,162.01604189025147],[158.73499694466162,161.8892008255011],[158.59371226372545,161.63377573711642],[158.6206136325408,161.56074029042665],[158.50851593400617,161.47633658673269],[158.49883989815987,161.46899000699136],[158.1476825919924,160.98685491586565],[158.07419167845757,160.9070455686433],[157.42220594400075,160.14922123541132],[157.25993825470044,159.9616783611331],[157.2082121910972,159.90219567486736],[157.19887428926347,159.96161373202662],[157.16856598058257,160.15255969624508],[157.13150626125818,160.375242719105],[157.05664920254307,160.32263114238063],[157.0760165134023,160.153777851173],[157.0966169629316,159.96150550453788],[157.10144093077463,159.9157502257553],[156.74719083556636,159.50240359664883],[156.59176521760787,159.56256030966176],[156.42998460399917,159.33079231855638],[156.05897691986334,159.48067463128223],[155.993609855738,159.39971280559445],[155.78734429789313,159.14092272480687],[155.60122006483203,158.92872299641903],[155.5458256383829,159.4890637713455],[155.54205821990348,159.5886785461737],[155.1072633055938,159.65209347624065],[155.05003692892845,159.48969309164747],[155.04006663941578,159.6771702908448],[155.0296945716177,159.88557815356972],[155.03035951621317,159.94251433562002],[155.02412947276324,159.95931201753262],[154.9519075408904,160.15352217018568],[154.8627848790661,160.1592783210216],[154.77727717640354,159.95905075308258],[154.61843617880828,159.5898462582109],[154.5755800356079,159.43663418946213],[154.4142039055183,158.8472746756665],[154.15094534590713,157.56972844261225],[154.05330950703203,157.19304823367236],[153.81869732795622,156.29705335490792],[153.78638693080404,156.17248621789278],[153.77821622092793,156.14101782525506],[153.72926376512578,155.96328427770095],[153.62100372499776,155.60843524687544],[153.25022896702822,154.03434332479287],[153.2306337629538,153.94212633998404],[153.15159971962822,153.54619691582025],[152.61086004835533,153.66142800141833],[152.39303102765538,153.87440496366594],[152.41675045102028,154.02189506981236],[152.43016184175585,154.08858186698126],[152.40843147830017,154.18828445032938],[152.31830399239644,154.2050959611236],[152.26035583515443,154.0192570248464],[152.25959743849185,154.01642941923456],[152.25717191476915,154.0192033188726],[152.20310009474935,154.08158736346783],[152.09679682559232,154.20376418483173],[151.79232617496268,154.00962178546575],[151.54733373261536,153.84504529841195],[151.44130966315473,153.7681177292069],[151.1417769403455,153.55455853875176],[151.15573870039438,153.99497312902122],[151.1778983997149,154.3193701483409],[151.18548528074308,154.45501347553014],[151.05757090600986,155.6044822314151],[150.9125986960977,156.19842241165378],[150.7802426686759,156.72991378719914],[150.66722828644228,157.18569190717724],[150.64330952917373,157.2806331422855],[150.6208924716524,157.3690913900671],[150.41927875545454,158.1184796696749],[150.40550982814284,158.1523676895736],[150.38135054355692,158.21035211902065],[150.3438313884544,158.29992295015228],[150.28888172964668,158.4297664843624],[150.25647364872242,158.4584597123771],[150.01168227635895,158.670784313026],[149.8024722911434,158.83180311718522],[149.37149617825494,158.80545541410044],[148.8552663704195,158.78824898714095],[148.49248366893346,158.77345360827596],[148.29900363890428,158.73890554120564],[148.25037219115828,158.72979179934873],[147.9734045395483,158.54765594097904],[147.26380403971888,158.08329542623022],[147.16349139815944,158.03012502599984],[146.62241225575508,157.70792081130776],[146.33201021843473,157.5415128902348],[145.69779624776044,157.16198606000944],[145.5524782131855,157.15877969712614],[145.3595669627511,157.87704547687417],[145.28529003776865,158.0831475515568],[145.25786436948943,158.1591429448423],[144.3435627882101,158.2004292221764],[143.95264601724486,158.22037400878122],[143.31372042446273,158.25282212096457],[143.01711204104373,158.20211250670934],[143.20402220569883,159.0683656952767],[143.4717872709387,159.29943484408633],[143.95071242187177,159.69952757424707],[144.21130330059006,159.9160499067931],[144.27467421041163,159.96346614085786],[144.3682971730566,160.0336530649994],[144.51363427423323,160.14659055057703],[145.54960735822195,160.96292388194294],[146.10335335684883,161.38432037470199],[146.36414041497466,161.61749559634782],[146.37031709696342,161.62319571441037],[146.526532756233,161.7760837031226],[146.62904121423315,161.87658664308594],[146.6745733157715,161.92113170524567],[146.70433937223373,161.95427470763204],[147.04589404979822,162.144622289856],[147.08319042496973,162.165950579054],[147.83245711746338,162.65538481085827],[148.29037600529108,162.945539572247],[147.94826486001693,163.46819867147445],[147.89016935507306,163.8952079944042],[147.85574463108708,164.14867958124518],[147.822296682132,164.38756443468438],[147.75003205057527,164.88116371177264],[147.29813434010987,165.48867108759006],[147.144042667186,165.6981739386269],[146.94157639917205,165.72487911701313],[146.81565673721366,165.73551959383187],[146.6841403768484,165.75036418094192],[146.52510354352458,165.7122550211077],[146.37431169072838,165.67233430597085],[145.86324939514296,165.53733562271714],[145.67185438340556,165.53286587136466],[144.37648371346197,165.50750358459064],[143.94904396975926,165.5021840407018],[143.8764573950197,165.50123376975077],[143.04481042373075,165.45057736212058],[142.80761800846628,165.43279695499928],[142.6730552857815,165.43021264557422],[141.8575936178794,165.36990422871517],[141.3998752209475,165.25400332023753],[140.3410025298913,164.98490275124394],[140.32665278050803,164.9813193799559],[140.3409968039856,164.99068110706423],[140.69044676459453,165.22177841954908],[141.91886671031418,166.05151425269224],[142.2379952178168,166.24050525505425],[142.7958003427205,166.55699143420534],[143.94860729032794,167.33020806770645],[144.00280947143568,167.3663218693182],[144.2968716784011,167.5965795300878],[144.38500914237852,167.65892134052984],[144.5383838922923,167.77032212084356],[144.82887086074354,167.98401623735646],[144.94716847089992,168.07114555623542],[146.167715042072,168.97338097027767],[146.37868082956874,169.14092335660825],[146.87610120876766,169.54618791896883],[146.92245679996938,169.5831749974665],[147.41982953782696,170.04942523274033],[147.58358119263147,170.2091020378177],[147.91280709743046,170.4959427045026],[148.3149166976934,170.83045063483854],[148.35698310445002,170.86602946462193],[148.4461280117746,170.94475317788766],[148.65090071984207,171.14550064214257],[148.67354872483725,171.16491694433512],[148.84173578821705,171.31676324527186],[149.01028817141025,171.49801013953694],[149.4978286981521,172.05984788353834],[149.57737932387738,172.1533853870488],[149.63454466176705,172.2141865972141],[149.6332095876952,172.45702362747352],[149.3258077005052,172.91034979883256],[149.14035537072007,173.17464764589442],[149.101131376715,173.23085073064422],[149.13127906464106,173.27162621859867],[149.74217430756008,174.0585303910952],[149.9304635516827,174.30639656290273],[149.90330171821117,174.41745099182216],[150.3350063630614,174.73042087462395],[150.55121017614326,174.8942178400479],[150.71393462930212,174.97182564799513],[151.1676615239368,175.21540588700296],[151.1971446570455,175.23057176401176],[151.44468064132917,175.3574256764437],[151.96389189295635,175.57697152349988],[151.98691379963023,175.58663367291902],[152.10157700462298,175.63054407134004],[152.28950000943476,175.58785619750756],[152.5598033075061,175.52810454803569]]]]}},{"type":"Feature","properties":{"level":3,"name":"Friesland (Fryslân)","regioFacetId":"tcm:106-353417-1024"},"geometry":{"type":"MultiPolygon","coordinates":[[[[142.5270911419972,198.91984256110504],[141.92643983528248,199.34436203687827],[141.34847837156164,199.7712202284193],[141.29055028028074,199.8244791521236],[141.1180954692881,200.004937045889],[142.18082375280127,200.2092147396708],[142.90870957140118,200.33382540581448],[142.29632027589892,201.29374224557571],[143.85573095198384,201.1444324102461],[143.98118179192528,201.13598132879724],[144.24909338436427,201.118132201173],[144.28497737035374,201.11528820591178],[146.1415440367066,200.93478211949562],[147.57821837951712,200.8049821954089],[147.62308053776985,200.8008927716813],[147.66233876904943,200.79743066656675],[147.84350029097743,200.80747701702947],[149.9062168831723,200.91673669884045],[150.58705691233948,200.96010498933197],[151.80345872446043,201.11135920044057],[152.2789984970369,201.47846980809243],[152.53213282038675,201.67466572058837],[153.57650636868874,201.22938509830388],[153.93686567723265,201.0875105213057],[154.37075377226006,200.9261049754211],[154.63856674751986,200.80922804684928],[155.30675309510121,200.5990207143308],[155.47188127256484,200.5433632323143],[156.2432193929396,200.50631837709923],[157.3587731714109,200.45316518975238],[158.8227587339506,200.40397493028814],[159.01310084040978,200.4066734571949],[159.16105936548837,200.41064634061792],[159.99624454435929,200.43923400099408],[160.15294060274363,200.4445470125024],[160.70909747919166,200.46437559568787],[161.12541836315688,200.48244190819634],[161.71331337797108,200.52380594688972],[162.7205461215376,200.75696279649787],[162.87814857392863,200.7541635972758],[163.64502104951896,200.71661063221524],[163.86001992694128,200.70589564940224],[164.10005772162816,200.71361055666887],[164.855547631649,200.81351108958893],[165.33759683934682,200.90566685665218],[165.48135038012651,201.86375047550382],[165.50448131520017,201.99292132394203],[165.6013160093919,202.44364982948525],[165.61740239411085,202.5468644623527],[165.9926110984493,202.45131706201562],[167.39925037380624,202.1384119465827],[167.7525572305624,202.23884712179995],[168.10534355254248,202.37903622455266],[168.40493174945672,202.49908124871376],[168.58439723246994,202.58184933932878],[170.9251377539004,203.73878660801847],[171.06207531220076,203.8933783818416],[171.58786153205057,204.3962193881283],[171.81213266987746,204.60487225811391],[171.74778647659156,204.23679076194793],[171.65517270190202,203.68883800732132],[172.0631596755548,203.88613313559964],[172.10310988816622,203.8825700772409],[172.2677269308742,203.86638284604155],[172.42881510068406,203.85823880532163],[172.57981389092114,203.6774955423671],[172.6814702811847,203.30600459422192],[172.6919892600409,203.26759531748394],[172.65390775710267,203.03590109418997],[172.52126026238156,202.77893171558557],[172.43023410658196,202.6919307680484],[172.3226979978779,202.5928182816568],[172.2212238332351,202.5042489364223],[172.1998120082807,202.48482227725094],[171.84140197559313,202.49489656157922],[171.46418182455753,202.39649793923303],[171.0762250118308,200.1597148490824],[171.03841439638543,199.9537271022839],[171.0369942180027,199.94619520762004],[169.76081226465539,199.1796921087869],[169.47365086049908,199.1054351527747],[169.06699383555141,198.999510642809],[168.42822900734478,198.83253663198792],[168.0987897252544,198.74361589988013],[167.39681084921406,198.55333946600624],[167.24388882823712,198.51249383864018],[166.63914346201275,197.8929282534935],[166.6902616964987,197.46156574251205],[166.7777872496518,197.34467265457457],[166.90353782179344,197.17594990217907],[167.7790204661571,197.01371544705353],[167.91537325682305,196.932771285945],[168.03542912696298,196.67701407251613],[168.08517475467437,196.6463764557208],[168.10541378195146,196.63400184799036],[168.23567672921928,196.6350811004068],[168.3614090414254,196.71638625182533],[168.42811363025103,196.75855024187035],[168.57894879733072,196.79133628846427],[169.03331458154176,196.70922065002767],[169.3403892482237,196.60937159761514],[169.1759108734304,195.8286693743071],[169.40555014899905,195.7933718862706],[169.49593361394437,195.71504159235943],[169.38494619270207,195.6294209191474],[169.12292768876196,195.56439713635194],[168.89071553215555,195.20781124835858],[168.81961006507066,195.24562097305787],[168.68639616429138,195.23958236374165],[168.52955917074635,195.15193695797382],[168.48189917915064,194.86285968317043],[168.5736162354602,194.64095455145073],[168.49033861104428,194.59694464722682],[168.33294150637508,194.6003544053618],[168.293495934592,194.56561671960324],[168.184041753571,194.4671992069276],[168.15594800604157,194.3277672014966],[168.06999783946986,194.3085362804231],[168.0269293101205,194.2988633112901],[168.0695648390511,194.24183723379096],[168.09350605369593,194.21003240331433],[168.06902547348582,194.15875378298853],[168.06028609072965,194.1403381031289],[167.96369923660694,194.11205786535703],[168.01846264434133,194.0422020497796],[167.99677528962204,193.98420595637833],[167.69790731979788,193.89344687008435],[167.85529876115882,193.806471994513],[167.63991433746764,193.75866343662898],[167.6660633697017,193.68781337568208],[167.6101451090402,193.67925161464382],[167.8450941905552,193.5737566567688],[167.85469571741584,193.47388729697352],[167.86025152800173,193.4518471688568],[167.9810894265569,193.37324233907808],[167.99363436995282,193.24841622252916],[167.88642005527524,193.1599499952154],[167.8971937069786,193.08942773324588],[167.83742407319963,193.00040866437888],[167.78973968694024,192.92988041307643],[167.6155539076357,192.78529491394707],[167.59783381153318,192.77058902553009],[167.38435366267004,192.7325640352346],[167.39945535656045,192.59742391735165],[167.26817154711307,192.48817264931452],[167.17216519998553,192.23757475239375],[167.13578299672395,192.14037076397634],[167.0829921824414,191.99935094607048],[167.0825430680209,191.99814764236325],[167.01239357938803,191.92857668746197],[167.08078745931758,191.06975422974196],[167.41886888603884,190.81852156009214],[167.4418409556577,190.80137606872572],[167.83508853681167,190.51607089868446],[168.0077749130216,190.50132707026552],[168.0421317562696,190.4984169803563],[168.20069619344375,190.4851613268034],[168.5699487005511,190.44508455935113],[169.15046609884533,190.45129106986042],[169.4667773935767,190.3582190179921],[169.70216771720317,190.2330349900929],[169.9106464373594,190.0380469068556],[169.98985071445458,190.01528135941658],[170.51733080749753,189.86389528309846],[170.38790398051424,189.61654215629306],[170.34016757388247,189.5254482662472],[170.52079316815255,189.47619521683615],[170.53077767754763,189.47342225511414],[171.51645746367677,189.20010339126952],[171.8865926830528,189.10681885881422],[171.8933155628386,188.84970735441192],[171.9122349675301,188.2273696801906],[171.9107198439555,188.18761451816613],[172.13730653949284,187.86412497551106],[173.56199925581734,185.8303865328257],[173.42261158212926,185.5811777297449],[173.31237730442007,185.38866280058488],[172.86383342658198,184.5769135329326],[172.41409742769733,184.3241133230071],[171.8182042706634,183.9830177283402],[171.56234221765303,183.83641669861058],[171.4118730489123,183.98292154868122],[171.0594089178944,184.32587766415114],[170.78376087876555,184.5918852159916],[169.7004789042154,184.8361200418734],[169.5000829459566,184.72678270774682],[169.44667785843498,184.5914324626133],[169.17021564910513,184.4162484484396],[169.10434089584652,184.32842393728012],[168.85067700749528,183.98231530690458],[168.79115934635246,183.90101421703233],[168.6273564578392,183.65194959131432],[168.14640510851922,183.3613229475161],[168.0028692970216,183.26736571310292],[167.99187162598122,183.2601538710832],[167.69086093170665,183.06136918248882],[167.33082604621188,182.7793276629225],[166.64182939279073,182.28296307658366],[166.3212380989392,182.10901929248922],[166.04312788866264,181.98531457141632],[165.9884346532825,181.9580857336277],[165.95255389862382,181.94022853828812],[165.92726654149382,181.89663688691604],[165.87084551132511,181.79954033377146],[165.84074320796185,181.80971644906504],[165.48047983185182,181.93042749470385],[165.3202492194526,181.89929497839978],[165.40107079235412,181.63453301171907],[165.4592024175492,181.4264245530307],[165.47383735237725,181.37320601613578],[165.30653972065306,181.27306120101855],[165.15464610056793,181.18217633968183],[164.92656346756976,181.04980461925408],[164.813750555581,181.42344293332968],[164.47522905845892,181.40540025884945],[164.31608346293046,181.33688795041087],[164.26040214557887,181.30928833695023],[164.16958328775056,181.56530026445972],[164.0990953240713,181.59112927735976],[164.01711203986233,181.9448001468964],[164.01024365054408,181.97027103905174],[163.97574085513423,182.09800499124697],[163.94810573514306,182.20240505022048],[163.93380205112132,182.32394201124202],[163.92730840476986,182.37854697729597],[163.92377561480436,182.40664858356106],[163.90754042889057,182.52333236659427],[163.85461602796659,182.5348631832668],[163.8077857640247,182.52144975156483],[163.78899490916865,182.51550672597853],[163.64897046841472,182.47016114653746],[163.60580182015087,182.3994964298539],[163.60232109700402,182.31536823695438],[163.59899306929842,182.23228956671085],[163.53857897556048,182.31371954325093],[163.43891616460877,182.44599909428197],[163.1122554866596,182.3840789976143],[163.16297105975906,182.3040044225155],[163.17029259676633,182.29226768474774],[163.03494295534387,182.28093600458072],[163.09133391124902,182.1654975282413],[163.0302649005746,182.14470916191857],[163.04337709950818,181.97808876204635],[162.88559137865005,181.8575814217271],[162.88201530807046,181.8546401590972],[162.77431647176164,181.6421992030871],[162.65804676556508,181.59989215398443],[162.62152648413633,181.5866480848107],[162.56428654905883,181.42101292218211],[162.29479166037885,181.32518534444372],[162.22228546658368,181.20734926240448],[162.05590867783226,181.34245763352035],[162.0091214311514,181.44389745494806],[161.9650053864233,181.45487967753132],[161.90870364857733,181.46935114757213],[161.8723405005628,181.60299927234763],[161.8291106188583,181.53810990607036],[161.64529650354245,181.5734723522335],[161.63922183903873,181.6178740517937],[161.62876319035698,181.6945298089059],[161.52982203609614,181.64377348199704],[161.55074000861498,181.74950240325416],[161.54970529083164,181.7528334049138],[161.49544395409498,181.90491556181203],[161.3423321268998,182.0136899546959],[161.27629777842554,182.19677822628262],[160.80386541680483,181.8196606340607],[160.7558844131586,181.78156064855972],[160.71047190881342,182.2396866545189],[160.69628052729217,182.37009845291067],[160.1676618147195,183.44870387621728],[160.0697418403302,183.5262400895044],[159.99984594620963,183.58330263290213],[159.7930296549652,183.7511214551185],[159.83833882426086,183.30285697481335],[159.60209560711394,183.5795284660771],[159.53977184862828,183.46296532527947],[159.45444676178653,183.4763779444353],[159.44220375900503,183.56079594701475],[159.43565724815846,183.47933291780174],[159.16850779479435,183.52131867120224],[158.93035707135962,183.55351361515105],[158.88316163417335,183.55199165985087],[158.77214904917108,183.54968942816203],[158.77119626703183,183.54767796692727],[158.70947771127607,183.42141192753456],[158.49640524601276,183.0075072420288],[158.22056677812864,182.44404410980434],[157.59786675208025,182.29000119417876],[156.60356087552907,182.09505202907616],[156.5445429880072,182.08179041718427],[156.20214242853336,181.98991383432315],[156.05591036194488,181.9537902407893],[155.62055196990937,181.84726292023527],[155.38765786164515,181.77063117532293],[154.93223613457963,181.47389054571732],[154.81228595614715,181.39230755344528],[154.5473856853246,181.21831258804445],[154.4124950988757,181.11819472594993],[154.03600346869732,180.8738958769914],[153.9337867211348,180.80735691495016],[153.92182327662348,180.83384443486938],[153.73043462399568,181.35073099745648],[153.40097571047852,182.22907226405167],[152.76177086656241,183.1013352919776],[152.56822349902797,183.35138841004084],[152.3340942063934,183.64991792637412],[152.26329249817616,183.73726908514925],[152.12856912573986,183.90866783588885],[152.06517415308156,183.98927486813395],[151.9669103914268,184.11462176202636],[151.91543342871722,184.18045374808864],[151.31600887981446,184.92403052616208],[151.0090402165969,185.3007623464352],[150.9577902425182,185.3625914916051],[150.92928635113356,185.39478879910442],[150.81551959596095,186.2089996874942],[150.7142497215541,186.47513299449162],[150.48451570727417,186.9733232061668],[150.35121986956565,187.18841262714864],[150.05661487882642,187.62827506698673],[149.8121107388446,188.00154619140528],[149.31424861183604,188.8840104045317],[149.2226487610719,189.0998479115263],[149.14259251911474,189.25757992652933],[148.9743678604627,189.62582854934263],[148.87025212379888,189.8262627504744],[148.6748259581069,190.09211434885043],[148.6677127142048,190.09511676700413],[148.45126241619636,190.207455155516],[148.32521310763457,190.36223523630161],[148.3064854875269,190.37961968700975],[147.71953154056592,191.01835268659556],[147.45234307881688,191.27000635547063],[147.34439782026095,191.3850088840314],[146.96880971345882,191.83609280347986],[146.8345465107382,191.98416451391643],[146.66587583872843,192.17024871363375],[146.60711105702336,192.23402201505024],[145.94103510232168,192.92320047511149],[145.43189896871138,193.40809007599117],[145.28018921622981,193.5717885868372],[144.8970472844424,194.11497041328462],[144.58673810968918,194.49998069915972],[144.48597721608732,194.64656506261565],[144.44365470384156,194.70130740459888],[144.4307840834918,194.74911806960893],[144.41786488564725,194.76834461383058],[144.31211631262158,194.89736925847376],[144.13789110432134,195.10357989043018],[143.97471500005506,195.16036408054543],[143.4191474759562,195.35427757521205],[143.28210268115708,195.407504690876],[142.7789157531754,195.56453757632306],[142.2014276485641,195.72114143293385],[141.16658551691702,196.03120566264414],[139.52151995617433,196.43755522956732],[138.89906854241923,196.59154039485855],[138.55281748028455,196.66915115698419],[138.49961284696195,196.68132918454256],[138.21178697067612,196.75011259659462],[136.60276608480854,197.084061942243],[134.84289745402776,197.29354827229798],[134.2147315962634,197.39954534428725],[133.5467366190168,197.47233221950802],[130.95780272720424,197.73593133160165],[130.63090666940778,197.78694145175655],[131.10485438943925,197.85651974486262],[132.6691440450227,198.13737826562726],[132.75703379866778,198.19692319247474],[133.14874418498724,198.25197851810339],[134.15886937546114,198.3883561130292],[136.36976298639217,198.56659747697557],[136.48312151564505,198.5792968875307],[137.2696875701504,198.6930435491501],[137.397437405916,198.71154238302847],[138.39346132625727,198.9143677994135],[139.43340436561533,199.08695222724114],[139.7229683375151,199.11870912153324],[140.01948481923077,199.15286273990546],[141.4909164872172,199.00839214801394],[142.5270911419972,198.91984256110504]]]]}},{"type":"Feature","properties":{"level":3,"name":"Gelderland","regioFacetId":"tcm:106-353445-1024"},"geometry":{"type":"MultiPolygon","coordinates":[[[[154.85444051537144,126.23683769115587],[154.40061415368098,126.71310170891849],[154.4339029077495,127.28341264977277],[154.28992622907822,127.63963556554133],[154.34012647361786,127.89609561479992],[154.3482294868293,127.95390712075938],[154.3585984669149,128.02672174100675],[154.45021107648307,128.04375286740796],[154.45217807677204,128.06220789990763],[154.490916638076,128.46255892628204],[154.38809533098973,128.4477093602605],[154.39388868030508,128.800237174284],[154.40022711058964,129.2248338743999],[154.41596772566,129.42057824726226],[154.51342068354924,129.44050870727796],[154.54149051042492,129.73834141948362],[154.47074680736864,129.76968418088157],[154.10919635427322,129.9699951890855],[153.80473173537774,130.1433749794254],[153.9640723900093,130.95436632801417],[153.52940436666753,130.9115792963728],[153.5466025700951,131.08126622468],[153.73015498757533,132.89468099716012],[153.6985837071656,133.25032261634416],[153.85924779937423,134.05099709006663],[153.82678546026708,134.66623927460992],[153.69411361340764,134.73809010383252],[153.71622670371636,134.8859072458038],[153.63965971752657,134.83152596335623],[153.67326094015863,135.75360673441688],[153.6416738642525,135.7758933528409],[153.53148916699345,135.84259310770852],[153.66351760000194,136.16796654296328],[153.69349197893735,136.25054940281734],[153.6736495798296,136.34982543829423],[153.66765588597818,136.37510694191784],[153.66263242319536,136.398302814211],[153.55405209303495,136.75490019864063],[153.47788801691001,136.71029025563786],[153.37551010086014,136.62375553105014],[153.40322626435898,136.4147160571546],[153.3117739154709,136.33437619590998],[153.22653661283906,136.5099645573577],[152.83116631578184,136.23732118546013],[152.8435134154729,136.1533824511917],[152.86745469489676,136.0051586459779],[153.10070243177955,135.84516585093576],[152.91507437605716,135.28389954732717],[153.0384492850221,135.29873178971667],[152.97067173353716,134.86368453903975],[152.73423918783124,134.91383125922772],[152.5434735285833,134.35820683416455],[152.71888554768412,134.30685374125727],[152.70798832457845,134.14684113251872],[152.34803812310832,133.54409521669032],[152.23298768544308,133.68654606863484],[152.22874240413475,133.6851700220808],[151.8580657158882,133.56495929894658],[151.81790555438573,133.33902878409165],[151.65506227457874,133.28809131376497],[151.61557402830246,132.9093568106176],[151.4191841524471,132.64714131483652],[151.1866731715281,132.64039769201736],[151.177883705851,132.63278030096825],[150.7297813411273,132.2076079685366],[150.0610401453226,132.5972866301572],[150.02392010639778,132.89870249446807],[149.77560130160686,132.99793711274228],[149.81836654928935,133.2116849102688],[150.02474377446023,133.41094137533116],[150.29670742058883,133.96429676893666],[150.4223834958679,134.23737376837073],[151.0048324713864,134.83913795491264],[151.00367434183187,135.65716328263105],[151.0040373295994,136.0986183106103],[151.4242679884734,136.9895942427221],[151.35336196949618,137.1932205123051],[151.14699326280686,137.23127119749893],[151.64068418603145,137.44052625101867],[151.82465466312362,137.23534508742847],[151.97307878672495,137.2959836903374],[151.97748641976847,137.49184560810346],[151.834124155699,137.55709720960888],[151.9157472894957,137.93192740985432],[151.58329683421636,137.81879792243177],[151.5266911342075,138.37568033400265],[151.60843134356273,138.4111181709191],[151.68638444398775,139.04160001366083],[151.98139806321117,139.22961518941162],[152.19095805521192,139.30374666056758],[152.23701521524822,139.64078905687063],[152.23954962246714,139.65960701235548],[152.2370446877809,139.66200641264783],[151.66913301549948,140.19477459440427],[151.6909480879999,140.7510808710497],[151.23843821285624,140.99083149380806],[151.1078009081874,141.06027972983898],[151.1663109919411,141.76502398146914],[151.07544511708954,141.78933062639987],[151.0880066133634,141.92898467144266],[150.98766322194354,142.07797046650632],[150.76536420743884,142.2233990423661],[150.98944788325713,142.49392140388886],[149.9912057720406,142.698762115099],[149.96509567119523,142.72779539112972],[149.91684148333078,142.780317821012],[149.9120370739002,142.84599877892538],[149.8994751906241,142.9066887949757],[149.83727538799565,143.0296885791165],[149.7981580945099,143.10609207181926],[149.81368518297677,143.16342877050965],[149.9458389578579,143.77758951581845],[149.9769676335642,143.96521569229827],[149.9963872834211,144.08249527236876],[150.1312469023947,144.87845130758762],[150.23141654445848,145.34041759294746],[150.67478416059916,147.29194881721753],[150.74431843777822,147.61738199482153],[150.6803372040972,147.4858481961041],[150.62021172731352,147.68311386094507],[150.428744360316,149.51698338299144],[150.29370552967606,149.01739420827528],[150.22688049223305,148.8180508257202],[150.01137234302675,149.68421346255803],[150.41336392134798,150.93871626708844],[150.60175344149025,151.6724816497245],[150.69402310560366,151.93513251408461],[150.7519813354092,152.14805903326487],[150.8105934850537,152.35800170555757],[151.1731136233384,153.55600388442707],[151.4471505504909,153.75589424554897],[151.5363913834934,153.82216678835306],[151.80928643797603,154.00997966752595],[152.0950429196674,154.19654722184765],[152.2031194916812,154.07839942169744],[152.2570545696871,154.01920133951032],[152.25959743849185,154.01642941923456],[152.26035583515443,154.0192570248464],[152.31830399239644,154.2050959611236],[152.40843147830017,154.18828445032938],[152.43016184175585,154.08858186698126],[152.41675045102028,154.02189506981236],[152.39303102765538,153.87440496366594],[152.61086004835533,153.66142800141833],[153.15159971962822,153.54619691582025],[153.2306337629538,153.94212633998404],[153.25022896702822,154.03434332479287],[153.62100372499776,155.60843524687544],[153.72926376512578,155.96328427770095],[153.77821622092793,156.14101782525506],[153.78638693080404,156.17248621789278],[153.81869732795622,156.29705335490792],[154.05330950703203,157.19304823367236],[154.15094534590713,157.56972844261225],[154.4142039055183,158.8472746756665],[154.5755800356079,159.43663418946213],[154.61843617880828,159.5898462582109],[154.77727717640354,159.95905075308258],[154.8627848790661,160.1592783210216],[154.9519075408904,160.15352217018568],[155.02412947276324,159.95931201753262],[155.03035951621317,159.94251433562002],[155.0296945716177,159.88557815356972],[155.04006663941578,159.6771702908448],[155.05003692892845,159.48969309164747],[155.1072633055938,159.65209347624065],[155.54205821990348,159.5886785461737],[155.5458256383829,159.4890637713455],[155.60122006483203,158.92872299641903],[155.78734429789313,159.14092272480687],[155.993609855738,159.39971280559445],[156.05897691986334,159.48067463128223],[156.42998460399917,159.33079231855638],[156.59176521760787,159.56256030966176],[156.74719083556636,159.50240359664883],[157.10144093077463,159.9157502257553],[157.0966169629316,159.96150550453788],[157.0760165134023,160.153777851173],[157.05664920254307,160.32263114238063],[157.13150626125818,160.375242719105],[157.16856598058257,160.15255969624508],[157.19887428926347,159.96161373202662],[157.2082121910972,159.90219567486736],[157.25993825470044,159.9616783611331],[157.42220594400075,160.14922123541132],[158.07419167845757,160.9070455686433],[158.1476825919924,160.98685491586565],[158.49883989815987,161.46899000699136],[158.50851593400617,161.47633658673269],[158.6206136325408,161.56074029042665],[158.59371226372545,161.63377573711642],[158.73499694466162,161.8892008255011],[158.80686490694973,162.01604189025147],[158.71746751868318,162.4213925002651],[158.7479215787033,162.4931115494311],[158.87605448285984,162.856694717158],[158.99397164662824,163.22459932800666],[159.13873573566812,162.97213826170542],[159.16377808307433,163.03997429651577],[159.25469073953352,163.38994472584562],[159.28409473148918,163.6010332925538],[159.36424294847708,164.12757454814331],[159.4183527006562,164.47221886459772],[159.43394381640883,164.50371270359076],[159.53305713448466,164.7096259109435],[159.71575046059985,165.7287084330817],[159.74600932660204,165.86852606662947],[159.77969971242976,165.88511758235563],[159.79118043712597,165.89091376922934],[160.01766263122337,165.9960783782923],[160.0350233007942,165.95209178766413],[160.06372875119783,165.87873618943956],[160.21722627341634,165.52074235196858],[160.53536670005872,164.2126212466035],[160.54646507587768,164.12012572228565],[160.59332407720223,163.71030270404012],[160.7149242247247,162.8190450537234],[160.74098934551017,162.601726023336],[160.86444128425921,162.26270488275523],[161.14811042616418,162.42403872927514],[161.19420714180964,162.3627306256575],[161.2559220032718,162.419103334612],[161.65163199294133,162.780393914997],[161.82350753874854,162.71818042551598],[162.04283668551471,162.23635481783128],[162.44234012706949,162.75424390791272],[163.23968107368697,163.76490324110543],[163.39429541096843,163.8618366662682],[163.62582040938975,163.80209300956162],[163.71194853149993,163.78389432850625],[163.7769277047354,163.89452583044806],[163.85183973198517,164.0237001106613],[163.85891588476468,164.03561014899108],[164.31223067539105,163.7515883638041],[164.69642919069673,163.3460397989785],[164.83458438341086,163.02323512014078],[165.13124986788188,162.3422812402049],[165.47512396851258,162.08489809584256],[165.75219322632134,161.8785622550967],[165.7885600170365,161.8520046185817],[165.93436228537533,161.65373990897075],[166.11707437950048,161.40503549808278],[166.15857978382604,161.15925374914517],[166.24471270874665,160.562332285417],[166.24254748933183,160.08127688094564],[166.242424567121,159.9680717894234],[166.24217198677667,159.87024005939708],[166.50792897145882,159.42115545797793],[166.72975664004588,159.06107063007533],[166.6676026062132,158.91408705047428],[166.65790038266502,158.88956386595783],[166.7306018571621,158.64542379613826],[166.65433469627726,158.22334429528868],[166.6504649801213,158.19998706976745],[166.7110598978063,157.8224614688458],[166.64685940063052,157.397938674703],[166.723814611161,157.3546109734454],[166.76496540665246,157.33151088772283],[166.90511890901038,157.0321282772165],[167.15566714776003,156.80508604085517],[167.23376854726615,156.82070419216518],[167.1389842836487,156.3653897153979],[167.17846625571661,156.06468462108012],[167.21374510801127,155.79684929317455],[167.1402058754148,155.51672295583808],[166.9434282785956,155.34940903445815],[166.65333169991533,155.2593118495399],[166.55081551114296,155.229268650392],[166.1234470571618,155.0805566154741],[165.99290151589707,154.89364007822257],[166.06429579381447,154.44990851986714],[166.12903047940225,154.41973357619875],[166.41214895777037,154.28392562869897],[166.57411596971974,154.0338643847282],[166.37435895663583,153.83684297874004],[166.11448244948554,153.75032739082673],[166.07196107638492,153.62816088315915],[166.1083246643562,153.3714764260293],[166.18608687799056,152.81519085897713],[166.1390677655151,152.5325250921544],[166.19500261702706,152.44961880545424],[166.16392761397015,152.009490234604],[166.14490077925223,151.69228784833712],[166.1437696234185,151.67466999579034],[166.12272314683284,151.66684485831303],[166.04342759474525,151.6373636946937],[166.04053788687526,151.57255892599667],[166.0359882838906,151.4795535559796],[166.0550975928863,151.40195307655318],[166.21410450678866,151.35252323306204],[166.44601799904444,151.3694338900852],[166.52731633541845,150.97890151178396],[166.63957719642747,150.9628387024403],[166.62362913861648,150.64952727825926],[166.7046743512498,150.2684546581106],[166.91654099041665,150.15143209744247],[167.10280788258166,150.1962302865633],[167.19660914330387,150.21193800865817],[167.2355468538379,150.08363527630718],[167.31480167074577,149.83044481790824],[167.38509041023661,149.56500547852005],[167.5579028561558,149.23571023471288],[167.65853651154256,148.46412000119625],[167.72012418342717,148.3531428401837],[167.7832167155086,148.24825338644348],[167.95983055688953,147.9571324835436],[168.10531116904608,147.35007655555904],[168.27742711175097,147.13400566347804],[168.16000804765022,146.85779925929853],[168.1598695826173,146.46033471175855],[168.5082257772733,146.2941248495982],[168.76663036856075,146.0342945358473],[168.94306983618432,146.16083863089105],[169.00256249213916,146.09931956280127],[169.0594453258537,146.03616447645263],[169.0692504098875,145.82692303865352],[168.77379256399485,145.43918973753804],[168.790516751644,145.0606680916214],[168.89297041080152,144.81989451045823],[168.98515004398556,144.62093040009088],[169.39245307288652,144.37347371270113],[169.4821426986648,144.1639525412076],[169.49677367533332,143.98357103735216],[169.50555149594024,143.876025452758],[169.50799864081358,143.84831165748656],[169.52297894906116,143.87569691477958],[169.5812428221913,143.98371548406652],[169.62434882451532,144.06331517731465],[169.40573425020324,144.59561679689193],[169.56495191886373,144.46004305138504],[169.57854394244518,144.53352475278515],[169.41717408321733,144.63731568703645],[169.4897125801501,144.79535419901237],[169.49478707938056,144.80675944590155],[169.83483972894322,144.96364537187833],[169.95372190762072,144.96439168429387],[170.06022178257518,144.77189268710757],[170.15668756959852,144.6106602482407],[170.51978789338284,144.5934254141386],[170.97289699220647,144.33553116342705],[170.88206121423283,144.70880648675117],[171.10825046335745,144.49669375792362],[171.25742672227318,144.54632247277374],[171.5580861108241,144.3597830305868],[171.56321091232985,144.36071419063157],[171.7465760711446,144.397309164384],[171.9202958185692,144.2863955646069],[172.11674226391423,144.2978740031574],[172.18631589641853,144.42604846011628],[172.3247123693316,144.33604443332135],[172.5214775662611,144.20403114259193],[172.50672480565194,144.31268196404943],[173.11205453267533,144.47663266629596],[173.12505939617913,144.37732047266346],[173.24050539777446,144.3324519475044],[173.28426483022992,144.07932274368451],[173.94061170096464,144.03936062928204],[174.01313217495127,144.08990242584667],[174.05702310229285,144.1178372859611],[174.42020047176172,144.07847207196883],[174.33802216843762,144.64779493296527],[174.33214982486194,144.69557013449602],[174.4228280835977,144.6658891695973],[174.4095810141388,144.78250185544042],[174.62851352453973,144.83466356730335],[174.64776207124797,145.0352922473165],[175.08599195855803,144.96205317579071],[175.4227246032659,145.20043577527045],[175.46558866840385,145.23079706718195],[175.52264851187846,145.0747674023091],[175.70157826594115,144.95005146972545],[175.70899424273125,144.94522736750193],[175.83239189171732,144.94876757539018],[176.02513048472983,144.95654191511184],[176.0620023194084,144.95805013588333],[176.46446357755576,144.83756206236916],[176.48893398963207,144.6221975598607],[176.50689384908551,144.48866921733133],[176.51182394548744,144.48059452346521],[176.72615524058935,144.1285275746425],[176.77819890076034,143.994009044605],[176.8419135070484,143.82935567808155],[176.94836832830734,143.56119041404526],[177.54363981393016,142.7850065341573],[177.81437412558893,142.2376154017114],[177.85053489427665,142.1650050128852],[177.9387660551037,141.98733931386064],[178.08176825963648,141.93314849884624],[178.3312599381415,141.83821183017454],[178.3321006650778,141.8190557505507],[178.34058662680744,141.6736326444273],[178.3493576914363,141.51831844646375],[178.50994040234477,141.1101495691616],[178.7281447607793,140.725383657133],[178.74245550692805,140.6990322527172],[179.08765721977022,140.50459704602176],[179.1586140315103,140.33470137210546],[179.54664651316733,140.46432255832244],[179.7397529977319,140.5285273170461],[179.8296668391191,140.49899729987578],[180.152853611171,140.3983968268442],[180.96660481628743,140.0768694592589],[180.9894347755525,140.06990319366048],[181.99442132711812,140.27663675783168],[182.39620390510674,139.82143453271794],[182.55412033709013,139.6483195750637],[182.48640641862306,139.42015077562914],[182.64112569786823,139.15983269013415],[182.8200320427714,139.03071734563633],[183.05779727478637,139.31747769290826],[183.15338772101705,139.32116480571338],[183.12758498541837,139.5290565485055],[183.24654933824556,139.51231932702197],[183.27537110477795,139.602386049098],[183.41803769054889,139.501962330926],[183.4608760646234,139.43870532014478],[183.61960904019315,139.1920948805676],[183.70339045920767,139.59109388079673],[183.8528934610805,139.48273550133925],[184.5713473808902,138.9861250369247],[184.69601811575473,138.61802346230422],[184.71713404955403,138.5281175056876],[184.6068872992529,138.3904614650238],[184.70807903907559,138.27844091111527],[184.73128055538155,138.07462588644398],[184.66213358859684,137.96579544594698],[184.7458310646433,137.80498200817595],[184.77245598602906,137.5669817656089],[184.78604425066658,137.41083384023023],[184.46452770475423,136.54773605007045],[184.93102697843761,136.19252300183098],[185.53610770691432,135.9501318090825],[185.63949043479158,135.86891072441222],[186.09707217032636,135.50896446104196],[187.41222513581994,135.39392264575542],[187.30760190700096,133.7312556289211],[187.15831548004954,133.78659381637607],[186.9924370450327,133.61441573606058],[187.20149551484673,133.01740865631305],[187.11305652548697,132.87752189693904],[187.03585924137877,132.7556535528098],[186.7763266167187,132.33217737618412],[185.5958194181204,132.13720060188038],[185.66873074587477,131.95507597204804],[185.64990420540667,131.7404030827029],[185.4911906750173,131.20948927050048],[185.41322706564057,131.1533292808513],[185.49637392100826,130.03912043717838],[186.2669879563211,129.95850395568053],[187.25415276296957,129.14927751602292],[187.4667559466802,129.01034892080978],[187.72668105837542,128.72543382723785],[187.861398837571,128.5815054737761],[187.9597911661632,128.34144407359406],[188.1510369905479,128.27248250338135],[188.40891952204547,128.01600287216803],[188.45759317596458,127.96688463369235],[189.54707894581298,126.86703471070416],[189.4746360957601,126.69818269418022],[189.45836926243234,126.66034465526319],[190.06253996033743,126.53292467575986],[190.23938261429888,126.02961729120771],[190.26989229642837,125.57225702249966],[190.4320115572983,125.05027727481212],[190.3866360807017,124.72950986088745],[190.35909704295196,124.5347147515001],[190.28852572742653,124.53337488714376],[189.89961479633013,124.52595211234183],[189.8706440512771,124.40607393549485],[189.46688102361077,124.21821940413909],[189.54586382789566,123.12284642872007],[189.53736104623744,123.03170192293535],[189.5004678802527,122.63583040996267],[189.2803834184238,122.37030419242893],[189.38632226011714,122.26164728761944],[188.89697122675287,121.37945089029768],[188.66398877319313,121.2857205649677],[188.43519511096207,121.1936413643153],[188.37569331720837,120.80234408861921],[187.94982165379676,120.65182942389855],[187.8508699659427,120.25539658133303],[187.8503415382871,120.25511977730025],[187.54142260314256,120.09624283067139],[186.86878839057374,120.83072991223959],[186.8454175967609,121.05414294274766],[186.66623279452355,121.07632788579878],[186.54495797683362,121.48598419356355],[186.37286023749007,121.43562275893905],[186.19443608750922,121.52329513009087],[186.17451615878673,121.62368660769033],[184.8256249569925,120.829410991184],[184.7419145973786,120.60349867215658],[184.45576529280882,120.68453976381322],[183.44766530710223,120.29917059897059],[183.26943545344608,120.23090865724352],[182.77267242216544,119.86119402039262],[182.51550386280988,119.58715079207164],[182.5084301360983,119.4552375267919],[182.3599251712065,119.43600164064057],[182.23985458544797,119.74847153181409],[182.11409555644687,119.69791669353327],[182.1585228440785,119.54233344199287],[181.98334993071262,119.65512763680725],[181.85924446329568,119.40645979045078],[181.39548016348627,118.93450707982899],[181.24100449274272,118.93705665077674],[181.11592498547748,118.93124684123433],[181.07981146084632,118.8898219181873],[180.75272601306494,118.52196666758728],[180.69050447784394,118.55674629219867],[180.7298812222899,118.31901573956998],[180.676433963544,118.14942269510964],[180.41384568286773,117.96399997843935],[180.14914576888464,117.7756403526246],[179.98219670380627,117.75963377760863],[179.8442922635788,117.55708269189472],[179.51525670840374,117.73562064083292],[179.17071344006519,118.35694270825466],[179.03365488008623,118.34051051025637],[178.9464218792611,118.17632988035774],[178.60695085169567,117.94563333245883],[178.51501190869143,118.0390033020459],[178.44197737449835,118.40002206637448],[178.1634907332628,118.50149566365889],[177.97062290783813,118.76692597522556],[177.8824582832758,118.65015875762249],[177.79934088115044,118.73845090511355],[177.67552375911762,118.6294015504927],[177.5467610509616,118.75845444508661],[177.49827358096732,118.71334053393579],[177.3798992223449,118.95878831309284],[177.30275674801896,118.96825652836128],[177.26015359996214,118.67145882398313],[177.20683541834083,118.30054308342908],[177.2459883303729,118.12225781469192],[177.90267350165203,117.52160050222662],[177.7178385266529,116.90368965021682],[177.91001293969939,116.29705866871657],[177.75025352692046,116.34483007927456],[177.9045151141781,115.74940683962089],[177.73251347568578,115.69136419271828],[177.30017009235425,116.14239868625668],[176.95323529936329,116.23289071668768],[176.70650054664384,116.1120978859824],[176.54097038960964,116.24510337977085],[176.5565639698164,116.483168003152],[176.4276924274228,116.99190620913576],[176.01988483562914,117.33465316553382],[175.9958723273283,117.33672783185796],[175.97204831022373,117.33878714700705],[175.19873437036165,117.40416541419364],[174.76813009005627,117.22131480285577],[174.73436071687374,117.4025660917028],[174.5667262937144,118.30420938754789],[174.49444528501425,118.40485961474361],[174.51511695518604,118.53700090477977],[173.9907034444269,118.9235773983334],[173.92022851615087,118.97557756348108],[173.61184361734598,118.9777417720866],[173.42229421940127,118.63802570066026],[173.37836132591855,118.55954523477628],[173.29433131236823,118.57374098511784],[172.81337514855426,118.65546292626742],[172.51656701752782,118.70385879974486],[171.9505727024081,118.52317688652164],[171.43319466661796,118.93723306716012],[171.1713757033611,119.28096888911696],[171.02329882420085,119.48865395230204],[170.9430737513219,119.78006261769642],[171.2189200215939,119.89057064019704],[171.19927073048547,119.929607782619],[171.16349958191478,120.00064408420711],[171.2101895888973,120.18917237314257],[171.18443463203752,120.20521022702162],[170.9605538900542,120.34389864445095],[170.69176701022008,120.70892600873525],[170.58626545605537,120.86050659904942],[170.49381183295634,120.71160776688806],[170.4648489980781,120.66658051459866],[170.43732349106722,120.71237303139642],[170.19164116309523,121.14583005537827],[169.46230443010106,120.72558190702175],[169.2969216003417,120.6343445703289],[169.2064781603161,120.72904766222038],[169.0698763993121,120.87999570367859],[169.02268184284327,120.73153760605334],[168.97980508249194,120.59984724137269],[168.89292238257858,120.67696941836644],[168.8444950438462,120.40688263684795],[168.64822499798578,120.23507748146903],[169.0563829227346,120.20629849787825],[169.08024150550256,120.20461443865925],[169.43503756506723,119.92840317390164],[169.6307663812908,119.7759675642045],[169.81712794806117,119.11402254888415],[169.8421263187205,118.66275163601311],[169.99718693742082,118.43833925775303],[170.49649908980987,118.10205072851602],[170.45471505632335,117.87637217700669],[170.39879765097447,117.55034317536904],[170.40213760032645,117.52173209098243],[170.40587231706508,117.47115712440865],[170.43338643307072,117.13648833110646],[170.47511253640087,116.61952877083412],[169.9374265604277,116.85129219732838],[169.89957792113117,116.86831899094518],[169.5243151849716,117.0374989735011],[169.50091117081308,117.04787663701603],[168.42174357305424,117.13183419246717],[168.0732865357753,117.37214806714195],[168.062890546116,117.38406947188541],[168.00078952953328,117.46172600491921],[167.97922628010042,117.48873539394675],[167.38082053105015,118.2369121364892],[167.24197554704983,117.67044502208824],[167.0070461649949,117.58469497648831],[167.1011039392481,117.2851425115741],[167.02840275138604,117.21175746611482],[166.6917074423935,116.87527345670838],[166.50221449741406,116.55023643756422],[166.44363291370578,116.6007239510583],[166.4158317836378,116.52362664717856],[166.32673002782184,116.7143947530046],[165.9894637084776,116.43646613995992],[165.9392719046699,116.26273225397097],[165.91439376582534,116.17218517595806],[165.6692133456942,115.9147815755132],[165.51317724371626,115.75103275034628],[165.06484733856885,115.58753287774601],[164.6261871003264,115.75017435862716],[164.4770042468993,115.91503364380057],[164.40924681874534,115.98987542372228],[164.36772521284877,115.9150567486225],[164.35191977133016,115.8865968639694],[164.1730161072941,115.57720025434278],[164.0051321780184,115.28551817743849],[163.97701091115948,115.23668464045376],[163.84229311584258,115.00007229121545],[163.97435469425363,114.83007513152907],[164.00522736397818,114.79031291205453],[164.19110771628826,114.55128494112324],[164.03017604606342,114.38876816853183],[164.0053005106033,114.40976735696952],[163.97179417208991,114.4381144233223],[163.90038441018618,114.4982765265191],[163.8454966372382,114.28310361678268],[163.92270301703184,114.2145607052462],[163.8878941284314,114.12313790669518],[163.96958628186064,114.10013405737793],[164.00536201200026,114.08980613913673],[164.11274434542787,114.05898246103783],[164.29297404326186,113.85404634278112],[164.71446725436044,113.20974429232251],[164.57207787318868,113.0563654012027],[164.63534806352942,112.96430481307203],[164.49721303554614,112.61999294764645],[164.56415541434373,112.56877893232117],[164.53516741114527,112.30988555029255],[164.5342719859317,112.30138915934572],[164.55095703810798,112.30984859223841],[164.68131605011052,112.37574158305297],[164.71072645772276,112.30947462730086],[164.73835219653807,112.24816225698873],[164.8131420389701,112.30923490785678],[164.82534774706272,112.31915157564313],[164.83092094170772,112.30919329359625],[164.90981722357213,112.16991069878536],[164.97881784160487,112.21070955796257],[164.7888321197566,111.89980231029328],[164.7669983421759,111.8642595837064],[164.71737914326712,111.50305911112895],[164.97807043167137,111.24040989665922],[164.92361757808504,110.98744548898961],[164.91778775811397,110.97965275427939],[164.73287811717557,110.73097262588914],[164.7204497259246,110.71537057460603],[164.54859116518682,110.49596257819718],[164.3748816540546,110.41039929322793],[164.2035937569461,110.21919890474842],[164.00498950561268,110.00049566809223],[163.9550267030059,109.94561961784366],[163.9063574371187,109.89099148110076],[163.57095401861986,109.51548008819353],[163.5678747526798,109.45179989520085],[163.55439332953839,109.1855529603715],[163.27392004407068,109.01102494624755],[162.97726230685566,108.82731811459892],[162.96371945715546,108.84505861619303],[162.8054033571118,109.05070074488364],[162.9431667208385,109.33737263159524],[162.94827680913727,109.34835958954656],[162.92176756259033,109.3584492334787],[162.37704261144577,109.56187784465553],[162.35118958062554,109.89496551513759],[162.34918163084512,109.92275233393505],[162.325080622942,110.2055889481168],[162.316183215878,110.3055959444886],[162.29712796151645,110.33025600022407],[162.1507174782912,110.51821743492602],[162.01475404878875,110.89416249130967],[161.94852920068342,111.07789466198133],[161.84869597953443,111.35770506813137],[161.62418441112877,111.37338321019881],[161.33969528747025,111.2233550654322],[161.14042027856047,111.11827928952515],[160.99408655614624,111.04131163836153],[160.98294334189603,110.86477051401026],[160.94724346278136,110.3122242688871],[160.93414181934645,110.09884888653308],[160.84036219868636,109.90089149216033],[160.73392554316376,109.67716994771675],[160.53853196709724,109.68609736075994],[160.214784818631,109.70262198700304],[160.1967126582777,109.70315165709596],[160.02812057276466,109.64494575636974],[159.92059366102248,109.60780675289061],[158.8293597391272,109.2239442900709],[157.93608164422363,108.75805100076393],[157.6518224713775,108.7237892899573],[157.4146222296467,108.69546225944576],[157.1216083194393,108.8526168352973],[156.83962744293413,109.0000238503023],[156.51567505031147,109.85535953320428],[156.38628202699286,109.99542520668933],[156.01970802945561,110.05510653941964],[155.9730703576271,110.06266597355454],[155.60261524759483,110.12404203078896],[155.24787727302822,110.95252479970577],[155.23671580149093,110.99988827944293],[155.12991384599474,111.03416165136031],[154.53602873868027,111.22475727039058],[154.47588966446887,111.42400651370029],[154.33261973642834,111.752763440912],[154.32633784998683,111.92349019153426],[154.31609531740557,112.20243065410098],[154.3036661349541,112.54510494882913],[154.13639330104064,112.74416067252616],[153.5351519890675,112.5459900069772],[153.50383855106196,112.56735812710205],[153.03016506290646,112.85605537322452],[152.62876443877443,112.84265247357479],[152.57098042693667,112.80818615674379],[152.02892875148123,112.48409245002375],[152.01142223803606,112.4736321438468],[151.83250593287903,112.36681126758727],[151.81713861949382,112.35754286239117],[151.48958406590208,112.21041813305447],[151.44568314437151,112.16761180443132],[151.24323070521945,111.96863738707938],[151.21846334174472,111.93088973009192],[150.89386417287815,111.43693054744864],[150.51390745819592,111.18975912648779],[149.7644914737513,111.1757808316344],[149.53060870972553,111.63198395033419],[149.14041764896885,111.68908489757179],[148.8978472573695,111.55663092780225],[148.6208759072044,111.28452952519334],[148.19614799647155,110.50888901754342],[147.95473563931242,110.21086172394283],[147.9188539141071,110.18693459106035],[147.74500669972625,110.07181614937718],[147.31627112154692,109.78776803690644],[146.7964628150691,109.57107444568419],[146.7625065072864,109.56540300067775],[146.35674905049223,109.4521930187044],[146.12381389621146,109.54564795936388],[145.96070275870994,109.97948390831627],[145.59209944980842,109.7989932047383],[145.56883928683857,109.76563953392413],[144.02456773584964,107.68887331291579],[144.01527614791127,107.67648377031652],[143.77428243025173,107.35485161326241],[143.44781200004184,106.9626318951505],[142.9454302723826,106.1925240153717],[142.68324861717582,105.63282269538365],[142.5893868571556,105.32515044755496],[142.51168270056914,105.07048313859178],[142.42217796274957,104.90617341762723],[142.35360290500714,104.77727907882691],[142.31267252804247,104.7005757454557],[142.0040058261106,104.37437334385513],[140.7646892793372,103.4055915049931],[139.77503814320718,102.44507127377196],[139.54870463235198,102.33501563408215],[139.17245772069904,102.41196524631746],[138.99120897907085,102.35791188894873],[138.78099033423518,102.30613571147454],[138.3976777848745,102.11665696936302],[137.94938308032192,101.73363343335252],[137.62392108603024,101.5576906486796],[137.10586876898662,101.91866592350794],[137.06181951857698,101.92072985145482],[136.69202671574337,101.89980439499556],[135.68822389134908,101.3137835271404],[135.04865128036226,101.23199048171105],[134.5292842885735,101.04194558496694],[133.74227536568094,100.58364317103059],[133.7162558927156,100.56849541589816],[133.6902523026799,100.55336247541462],[132.76640919352735,100.03915859432234],[132.73017063672484,100.15252501398825],[132.90497456151894,100.55799012168292],[133.4706593047979,101.05808660975512],[133.496218984007,101.08069005859036],[133.6057171681239,101.1775678400036],[133.61509726445996,101.18661844737561],[133.90895101712852,101.57966001928258],[133.76029560815337,101.8446475889163],[134.12836803400052,102.54907996433755],[134.12945078009685,102.5849219081586],[134.15624926467277,102.77153513744537],[133.67101249658242,102.82261580529834],[133.4917344012085,102.82679131555082],[133.37702758323368,102.92482751940088],[133.10595320110536,103.12679018494899],[132.73980568752927,103.13376379293524],[132.56049092339524,103.04466400833365],[132.53263243161,103.0271857906049],[132.49479328867176,103.0034532450596],[132.2608881377031,102.85680136612],[131.72847789744412,102.29383456753393],[131.1933751947409,102.08949092866001],[130.9972940651317,102.2916650819331],[130.76848643725938,102.95628106921473],[129.42999757234577,103.16259623242519],[129.3975481351351,103.20477709582778],[129.2395661912118,103.35888403732446],[129.27109756935695,103.71534411986468],[128.82839993338087,103.82349999349158],[129.64252910722837,103.95584132339778],[130.15410074319595,104.09274338960259],[130.45041097982022,104.74703496232277],[130.88043330854578,105.36766780833923],[130.9454961232658,105.76817661245617],[130.01531317834406,105.62037465205476],[129.1200621728127,105.52114636632365],[129.07636083387249,106.25786298609617],[128.82322670196757,106.71827808275656],[128.9323915809034,106.78272316957009],[129.48791514607151,106.62467799290802],[130.01571408899235,106.83807794251324],[130.12445845688376,106.88884752161938],[130.495116199707,106.98976389218834],[130.56199275299917,107.00798202962757],[130.95679968148633,107.11552021860419],[132.5950401528783,107.45390513096152],[132.91237095971496,107.73738816847961],[132.26736704961212,107.97201390337827],[132.29424771532882,108.16281923333919],[132.28840911964318,108.22040315435214],[132.4402377227034,108.51932329600993],[132.78999798074716,108.65238298536714],[133.21817947385148,108.76785477930596],[133.8342052431947,109.04763857932141],[133.8600472341355,109.05940911512062],[133.88493951887588,109.10504065366874],[134.04533167519617,109.3922805592428],[134.13080639584183,109.54563328879682],[134.1820417637781,110.04909462877907],[134.29956311866027,110.20998797225562],[134.3234034871994,110.23292497456319],[135.61289769585795,110.42651116687429],[135.91938703784678,110.82112757007214],[135.89186410296293,111.19500747835015],[136.03943427789213,111.26099089320407],[136.19648740664792,111.51137414275891],[136.23166496059207,111.5779210732835],[136.24788458122833,111.63992060154328],[136.32764613901148,111.96154885304884],[136.33803010570125,112.00340334217414],[136.4796730599051,112.57332513235039],[136.69789927830044,112.58887175322509],[136.58521848493083,112.8519540945335],[137.00839799166624,113.80493149190208],[136.93415777524842,114.04018197595228],[137.07830391269107,114.13708781981421],[137.12886299081762,114.31611814886915],[137.19248313211352,116.46896070497306],[137.194019547504,116.57063656865763],[137.1959734271313,116.68698577879003],[137.16594944303066,117.18142148742547],[137.8276547616888,116.88717880916143],[137.93466543809242,116.83945180617293],[138.11722419806014,116.76006799488978],[138.75718288038007,116.80060415574148],[139.00602249847344,117.2723201406391],[139.00369224497905,117.3731009051948],[139.00000370076725,117.47284379671359],[138.9927581401688,117.6777061261792],[139.17329646248956,118.29696801048217],[139.26520907052986,118.63139443812085],[139.64201085793704,118.95286885863503],[140.47030330073278,118.20735463065407],[140.54324760888875,118.14163386204123],[140.56601740740686,118.12129042146938],[141.03976525722075,117.94292540914566],[142.46058372214657,118.02670284459779],[142.75710149792732,117.92574540094725],[143.16718102727546,117.80907154216663],[143.4263487463611,117.86581359189132],[143.84191858858574,118.28242811941719],[143.8769492628869,118.40861209229803],[143.99008130477029,118.8244753443819],[144.00044800862867,118.86257151570909],[144.08953934865062,119.06206649160488],[144.17178396913275,119.16861210172749],[144.2513501686956,119.27277539616401],[144.34473204232785,119.40966852464837],[144.5716335897873,119.5713276421221],[144.66449903218424,119.63687852104002],[145.2744407705788,119.68737582753539],[145.68966429743278,119.91799553548933],[145.73578040880943,119.9611644891271],[145.7513253609301,119.97569355779787],[146.95602451668043,121.14280855847765],[147.28939437535783,121.68110949128264],[147.82020194151193,122.3700723819712],[148.0918743988447,122.40937092240668],[148.15615712354492,122.41804651871757],[149.21068596119815,122.69999628990554],[149.38140955664522,122.80633169715897],[149.7813181999432,123.04748449340477],[150.8592574787944,122.45238405640804],[151.73565220189244,122.41143957851932],[151.93043757455612,122.42800166130866],[151.99031161380375,122.37101679923933],[152.1537354253571,122.21578228011217],[152.3956060326383,121.9851986891587],[152.52338086270743,121.93620805923406],[152.66997257924734,121.84035246448185],[153.4243008584839,121.84535027900623],[153.83365305835903,121.88344731019173],[153.89548377740607,121.85098014856922],[154.36104562927312,121.60526742519863],[154.81185227893153,122.29826741815135],[154.95806417624232,122.27241454513421],[154.97177998227974,122.53899314536837],[155.25565070593248,122.75314657114012],[155.22931897355784,123.18529991328964],[155.22085003514883,123.32218230193233],[155.086591065146,123.76924021485034],[155.00978898052364,123.70874242512907],[155.16189497580888,123.95450657893217],[155.30143310662316,124.20196685536641],[155.3930154126937,124.57001470322078],[155.13495563812768,125.12133983993851],[155.07036499361672,125.25762165884586],[155.10914850015936,125.99175715206088],[155.00028176871538,126.25777553982985],[154.85444051537144,126.23683769115587]]]]}},{"type":"Feature","properties":{"level":3,"name":"Groningen","regioFacetId":"tcm:106-353502-1024"},"geometry":{"type":"MultiPolygon","coordinates":[[[[169.3403892482237,196.60937159761514],[169.03331458154176,196.70922065002767],[168.57894879733072,196.79133628846427],[168.42811363025103,196.75855024187035],[168.3614090414254,196.71638625182533],[168.23567672921928,196.6350811004068],[168.10541378195146,196.63400184799036],[168.08517475467437,196.6463764557208],[168.03542912696298,196.67701407251613],[167.91537325682305,196.932771285945],[167.7790204661571,197.01371544705353],[166.90353782179344,197.17594990217907],[166.7777872496518,197.34467265457457],[166.6902616964987,197.46156574251205],[166.63045406879723,197.8641905192914],[167.24388882823712,198.51249383864018],[167.39681084921406,198.55333946600624],[168.0987897252544,198.74361589988013],[168.42822900734478,198.83253663198792],[169.06699383555141,198.999510642809],[169.47365086049908,199.1054351527747],[169.76081226465539,199.1796921087869],[171.0369942180027,199.94619520762004],[171.03841439638543,199.9537271022839],[171.0762250118308,200.1597148490824],[171.46418182455753,202.39649793923303],[171.84140197559313,202.49489656157922],[172.1998120082807,202.48482227725094],[172.2212238332351,202.5042489364223],[172.3226979978779,202.5928182816568],[172.43023410658196,202.6919307680484],[172.52126026238156,202.77893171558557],[172.65390775710267,203.03590109418997],[172.6919892600409,203.26759531748394],[172.6814702811847,203.30600459422192],[172.57981389092114,203.6774955423671],[172.42881510068406,203.85823880532163],[172.2677269308742,203.86638284604155],[172.10310988816622,203.8825700772409],[172.0631596755548,203.88613313559964],[171.65517270190202,203.68883800732132],[171.74778647659156,204.23679076194793],[171.81213266987746,204.60487225811391],[172.31015461057132,205.00324311405544],[173.07327528203598,205.66679035739847],[173.94897235294604,206.39437902561411],[173.96239614818478,206.39737745234663],[175.3899825457056,206.7613921574804],[176.00770402810906,206.9195925602561],[176.01286676695668,206.9209101187998],[176.03798092478465,206.92789170681752],[178.5185432632702,207.64850015256522],[178.67516150908693,207.84692825106544],[178.78862715630095,207.99505388182007],[179.2058396236086,208.53994520426684],[179.72500460673592,207.9948242713331],[179.82365008986068,207.89137928914215],[179.86934292083194,207.8555889580203],[181.47470935419108,206.6267487334606],[182.197932498664,206.13782104039524],[183.2073392237196,205.44969297100403],[183.236140094192,205.41262998157873],[184.0085001813988,204.4371089281932],[184.41436026313744,204.3338134028654],[184.85350289631108,204.46644567551408],[184.93471432913475,204.45153322284202],[185.2630569513507,204.38934618682381],[185.451080792784,204.23176540052938],[185.7380789981563,203.38229330794783],[185.88684197939236,201.87589190125456],[185.94639893979377,201.27112078138524],[186.6731409484144,199.36763653469404],[186.71602752512888,199.2571726981561],[186.61628468360854,198.64786481265702],[186.63442048059852,198.4436826221513],[186.87230278721893,198.25124200038857],[186.8791055742937,198.25069249699467],[187.34630022506587,198.1697937361168],[188.9140061158456,198.23900480311204],[190.6869762566249,198.68842601856767],[190.80121269216306,198.71648350720864],[191.8616548365129,198.80882082864295],[191.97789895818096,198.8182617125457],[192.00740283582795,198.82194411109813],[193.2239999796701,198.97482839591402],[193.85308424238758,198.9815584812371],[193.90081372966097,197.9897514418684],[194.09987455412025,193.88649099938894],[194.0203819742112,193.89216542798928],[194.18421322475845,193.24160334170995],[194.18194398722136,193.22269716992713],[194.24849528301706,192.6315214662257],[193.89359463033864,192.2831789548022],[193.88866937142723,192.27802772030262],[194.40865911742372,192.11143434839173],[194.70210211841473,192.01797504011054],[194.5937210475264,191.9897273038264],[194.11918554339974,191.86590781803986],[193.76443642626597,191.83290268472504],[193.31991405029635,191.26768428858023],[193.3301612402716,190.75696772028158],[193.10733587182344,190.4592081041697],[192.94489558261142,190.3807896769556],[193.07324875873434,190.00228946960584],[193.2872392306148,189.88037156180337],[193.1790675635363,189.7841720022019],[194.0140839735931,189.51924061524065],[194.01473577912148,188.33949551627828],[194.88420572443948,185.78661777367915],[195.08143435473235,185.65529701003925],[194.7940601680782,185.39994556074035],[193.93069375243368,183.18490873682697],[192.01639927655978,181.10522328201847],[191.9310439168024,181.0125376401879],[191.17785419018003,180.18902727023553],[190.80480299058047,179.8614022056634],[190.58078851218175,179.64667374934058],[190.8200715266703,179.2340613748308],[190.82597490422086,179.22488316462304],[190.82029977063314,179.22468347793034],[190.08196538028062,179.20613934251142],[190.05634365619326,179.45587911519104],[190.1836835215189,179.63789432809082],[189.95114255808238,179.54558863721883],[189.84037331764108,179.64987016911294],[189.80389453389265,179.68406063469857],[189.68752933460615,179.67459307889345],[189.03294842709164,180.1877818810947],[188.92644967749987,180.1623446226017],[188.77894152535572,180.4401513791831],[187.83944852128812,180.42430564569253],[188.69896873986158,181.8162158972453],[188.81492137476548,182.01565533059838],[188.57726020762777,182.047214409092],[188.09094245667325,182.1166371423106],[187.70639151570964,182.30130667587775],[187.17534939784366,182.7084370879719],[186.70042586764296,183.07048025050568],[185.3051811615417,184.94820787763803],[183.1884283483966,187.2069370366612],[182.95156267692897,187.45735415245645],[182.766484843976,187.65386505055847],[180.60823279365968,189.979616050628],[180.47943379081147,190.11644353610868],[180.33961590840246,190.23796185032398],[179.37227007726952,190.4242017641351],[178.81653001694838,190.32956517235004],[178.02205678642048,190.06398229470065],[178.06870847942153,190.1329718658945],[178.0160270948694,190.25283725796191],[178.0467838063608,190.29825516284407],[178.0042141225465,190.3249164088077],[177.83533839874147,190.39206231717955],[177.88423988620394,190.4904081188272],[177.64204394428447,190.69343045976822],[177.54955806175803,190.84631522497082],[177.41776180913303,190.88233672783016],[177.42246343278583,190.9623894272143],[177.04128199533343,191.23086331960857],[176.7553064265584,191.2596191772431],[176.6373636766112,191.48938749118716],[176.68530882302883,191.5640092271729],[176.5951195289084,191.6127603866028],[176.52056226817015,191.77519805415096],[176.1285661674958,191.6208167188994],[176.0148695191707,191.86640665898938],[176.01360299783803,191.8691369362228],[175.97736644557892,191.94632363059975],[175.92027947895207,192.0067644159837],[175.81658763161477,192.11604262755574],[175.7252833514329,192.21192945875498],[175.7160513691851,192.22159250288735],[175.65493277545215,192.2843016420038],[175.51364318415068,192.21505569197217],[175.3125008582659,192.3655047174518],[175.28587984286986,192.42516819229044],[175.17388004270344,192.67736453888887],[174.59571610304792,192.79952825784588],[174.3050929432283,192.7461790996447],[174.25315868890516,192.83195464431896],[174.15907686187666,192.87899080463473],[173.99914173848964,192.89293368629404],[173.21247810991224,192.69418676699823],[173.13416525425671,192.45784345276593],[172.8643818721379,192.36553958461218],[172.34201624594493,192.1833246810428],[172.3288742152484,192.17873142080455],[172.29842429249925,192.00354097599677],[172.27848089509098,191.8890566216572],[172.1106673743171,191.7878694418978],[171.82893131712518,191.50753129595168],[171.87443303344688,191.3983200255696],[171.59632192972498,190.6383791065362],[171.605611346761,190.230817226752],[171.44315732552928,190.21752275686202],[171.31745004178993,189.8733583123444],[171.24156756753254,189.66171438379325],[171.01482542466218,189.72248664939667],[170.9305828340045,189.74464218897901],[169.98992142768105,190.015210524335],[169.9106464373594,190.0380469068556],[169.70216771720317,190.2330349900929],[169.4667773935767,190.3582190179921],[169.18826510356962,190.44420552029118],[168.56778905929258,190.4452103086086],[168.2006955637692,190.48510614344113],[168.04213148978502,190.49838562091577],[168.00777489471713,190.5013008912395],[167.83508853681167,190.51607089868446],[167.4400935936677,190.79811715495978],[167.41711024747391,190.8150004247917],[167.0842725236807,191.05843356266072],[167.00508071404315,191.89753299746357],[167.04991355682847,191.9993376443981],[167.11211519688,192.1401945445832],[167.15502797074595,192.2373509078059],[167.26817154711307,192.48817264931452],[167.39945535656045,192.59742391735165],[167.38435366267004,192.7325640352346],[167.59783381153318,192.77058902553009],[167.6155539076357,192.78529491394707],[167.78973968694024,192.92988041307643],[167.83742407319963,193.00040866437888],[167.8971937069786,193.08942773324588],[167.88642005527524,193.1599499952154],[167.99310810647077,193.24641579440635],[167.9810894265569,193.37324233907808],[167.86025152800173,193.4518471688568],[167.85493798086998,193.47388996375295],[167.84660174466208,193.57170780575734],[167.6163754609149,193.66976329405614],[167.6660633697017,193.68781337568208],[167.62228181521894,193.73146024246168],[167.85529876115882,193.806471994513],[167.69790731979788,193.89344687008435],[167.7230771078899,193.91429494973698],[167.99797789825234,193.98525682176165],[168.01846264434133,194.0422020497796],[167.96369923660694,194.11205786535703],[168.06028609072965,194.1403381031289],[168.06902547348582,194.15875378298853],[168.09350605369593,194.21003240331433],[168.06950536867947,194.23267646415033],[168.0189439468102,194.28071317112204],[168.0699342949261,194.2987479284841],[168.15760750746028,194.3296114359433],[168.1855824869161,194.46882491037198],[168.29325406113168,194.55795672445228],[168.36621584940346,194.61708553965545],[168.44354423315016,194.59116955197234],[168.5736162354602,194.64095455145073],[168.48189917915064,194.86285968317043],[168.52955917074635,195.15193695797382],[168.68639616429138,195.23958236374165],[168.81961006507066,195.24562097305787],[168.89071553215555,195.20781124835858],[169.12292768876196,195.56439713635194],[169.38494619270207,195.6294209191474],[169.49593361394437,195.71504159235943],[169.40555014899905,195.7933718862706],[169.1759108734304,195.8286693743071],[169.3403892482237,196.60937159761514]]]]}},{"type":"Feature","properties":{"level":3,"name":"Limburg","regioFacetId":"tcm:106-353526-1024"},"geometry":{"type":"MultiPolygon","coordinates":[[[[162.24066743506208,106.95013871740524],[162.02886623460898,106.97635592254328],[161.89543576121608,106.99231879902513],[161.59554228100316,107.02870430515762],[161.37637700199616,107.25326126120369],[161.21585332440623,107.41893591434717],[161.2037546100848,107.90548462426558],[161.1922106518126,108.30655643727538],[161.1719231590364,109.0490916575407],[161.17188436511213,109.05062164568584],[161.16904367460734,109.1743382365038],[160.73392554316376,109.67716994771675],[160.84036219868636,109.90089149216033],[160.93414181934645,110.09884888653308],[160.93258808026008,110.31200382641627],[160.93044233483545,110.70399430066063],[160.97907956524364,110.86088688945014],[161.0507886109528,111.09293399468142],[161.1278984646953,111.13059367416932],[161.36071982781334,111.24448760713605],[161.62418441112877,111.37338321019881],[161.84869597953443,111.35770506813137],[161.94852920068342,111.07789466198133],[162.01475404878875,110.89416249130967],[162.1507174782912,110.51821743492602],[162.29712796151645,110.33025600022407],[162.316183215878,110.3055959444886],[162.325080622942,110.2055889481168],[162.34918163084512,109.92275233393505],[162.35118958062554,109.89496551513759],[162.37704261144577,109.56187784465553],[162.92176756259033,109.3584492334787],[162.94827680913727,109.34835958954656],[162.9431667208385,109.33737263159524],[162.8054033571118,109.05070074488364],[162.9533488574987,108.8346436269569],[162.95571744418442,108.83115429471032],[163.25420362491786,108.93343779327046],[163.30742911349407,108.97775435100303],[163.55439332953839,109.1855529603715],[163.5610209150738,109.30421595888937],[163.60737127991644,109.45300478706852],[163.5364875119863,109.04513465341336],[163.59826902851339,108.71676312219134],[163.95126650033342,108.82668929045903],[164.00690628416402,108.8430411811012],[164.20923668524634,108.90324518549633],[164.84399143261373,108.94852698646224],[165.16792880315387,108.72069612120694],[165.30263345766758,108.62618501660361],[165.6402011950939,108.33258839618867],[165.64338459245832,108.32996613680226],[165.92468057475125,108.09301707461134],[165.98974898630377,107.96323186027931],[166.02444774342797,107.89416431765035],[166.06004504577447,107.82331452727998],[166.07808263678953,107.78752292825564],[166.0792523096021,107.53280462062304],[166.17001636132608,107.56312538386112],[166.16029809210812,107.69656122050345],[166.3496461784443,107.50140352850498],[166.36529217128972,107.4862167697171],[166.27003815309024,107.22153354743416],[165.9894540248374,107.18063902847271],[165.94923533398043,107.1748451964423],[165.79310154644764,106.88320570389189],[165.77289323583076,106.84944586959921],[165.86736675210543,105.8967154756994],[165.87882685177726,105.7845088776665],[165.8909833950041,105.66453847634561],[165.75440379071864,105.42652207316277],[165.7553180114872,105.4237958790718],[165.86315151308798,105.0823365890688],[165.73487382448323,104.56127087031905],[165.88613741674135,104.36400231473625],[165.78056245849262,104.30840698675537],[165.77245054445638,104.30409330637983],[165.9929930110022,104.20960024292819],[166.2126524537811,104.11699128734664],[166.71588123975883,103.90262346451576],[166.7282180284255,103.89562416809147],[167.10783369839686,103.68120390362387],[167.21258733095658,103.7601992163302],[167.3312264645295,103.66900337115186],[167.32397362337858,103.53244972326665],[167.50512012471714,103.64099961544399],[167.5160634811528,103.60802767534017],[167.5843983673347,103.42169775128367],[167.97351816847933,103.3154752807408],[167.98027497826524,103.313657156402],[168.03903891191206,103.40707703924133],[168.09110297682633,103.49217669041089],[168.5823415426068,103.17734092763894],[168.50161449181974,102.97477547645232],[168.54554453048212,102.79432218675936],[168.2820212245062,102.50461117974807],[168.35259351061342,102.35113531795935],[168.22827449544502,102.1434341793065],[168.17355465675587,101.90044802826483],[168.1361481152989,101.73447476347005],[168.10074861908151,101.57624368737345],[168.0455113095404,101.3692997582026],[167.9708757391478,101.09924944352036],[167.89845733930372,100.83544562211881],[167.78872294811896,100.59952825924185],[167.6835056958881,100.68638269657605],[167.68246312622654,100.6598733311296],[167.66416353165525,100.30454192556503],[167.6593386989964,100.18731326674421],[167.5950829259954,99.90009711893426],[167.58768980663677,99.86692853075863],[167.51161710476535,99.52314565469224],[167.96974732583095,99.0853341160421],[168.05228929808106,99.00697712234],[168.465348527233,98.60473982087075],[168.67529151967963,97.8996478384818],[168.71166186386455,97.77670411361689],[169.20815159880055,97.04098223651982],[169.23813858636305,97.01464370883583],[169.52423219219347,96.75957852574463],[169.643952482067,96.2997027342006],[169.67646217909035,96.1750044728147],[169.7475594786739,95.9037740632923],[169.94386593786277,95.15454677834984],[170.05890701816043,94.71811515918603],[170.28953458623494,94.46334715898752],[170.79079305753197,93.92216364391919],[170.79423780023495,93.91230769314372],[171.14360533072357,92.90820271318252],[171.15206819662302,92.69757482611656],[171.17060806009508,92.25754533824436],[171.1746810902973,92.13948061991596],[171.1494472664924,91.92265047059317],[171.07404594760916,91.27791980613355],[171.10831549184297,91.19197809304642],[171.25831737368148,90.81678764762108],[171.36734215993351,90.07962696408794],[171.34370923844847,89.61638913172798],[171.27347347063767,89.23566568497345],[171.16073856441866,88.62092665443551],[171.1577471128407,88.51439377998443],[171.1651280444765,88.20293526050217],[171.1697813340878,88.0038129466166],[170.9294991862984,87.95421982769784],[170.9297980332185,87.94113983170843],[170.94919014896524,87.08371320548153],[170.92509048235667,86.92411503479981],[170.66101926113745,85.21269502793882],[170.57106964639803,84.63341663445706],[170.7924883232271,84.75334227012225],[171.1139821541367,84.75728222216593],[171.3426895930468,84.76030108390833],[171.25817646179016,84.61230801955492],[170.9979338541753,84.15813239773489],[170.89157220939035,83.96915848914789],[170.91076085434457,83.95535068500408],[170.96093358323586,83.9192948653897],[170.90156889045147,83.82079978834213],[171.07604100547954,83.00350603298641],[171.17727850644133,82.49483573881224],[171.28927819741753,81.94510809548893],[170.32172544324234,80.78839234482136],[169.95341315973727,80.34657074424514],[170.0253219748899,80.19720079600626],[170.06803252790388,80.10959605080386],[170.10228470495906,80.03963855477465],[169.92526484277067,79.99763183942035],[169.90865119720368,79.99363917126327],[169.8655642442568,79.98317816705503],[169.8445015812134,79.97872803152991],[169.16503842492455,79.83475464018538],[169.180626285097,79.59286058659399],[168.8610573315994,79.04105900713961],[168.78528989736077,78.91181632716899],[168.78344787473162,78.89015353348157],[168.76513325972425,78.63814259761303],[168.56450946347832,78.31828736471006],[168.5371109743301,78.06968859082102],[168.49109153283365,77.9817761155751],[168.29767759804344,77.60742107227246],[168.19669203640296,77.41461023121062],[168.18606306597698,77.3994983781866],[167.92226528714576,77.03548285701297],[167.56041493558064,76.53091782512973],[167.41345374596543,75.98529510845164],[167.35776841398382,75.77619185504764],[166.82332598327218,75.09052109461567],[165.95206751884928,73.98625264616348],[165.9424121888096,73.9738955771671],[165.93009548905317,73.95825599862876],[165.83387948745317,73.83463374770344],[165.55261271133497,73.61728341020533],[165.3163099988215,73.44245067908685],[165.51138149690263,72.9292185962832],[165.76078538114973,72.15430549319215],[165.76386920845454,72.14472497563139],[165.46210072265902,72.11215099752833],[165.27344611486473,72.08403685807082],[165.25180335489372,72.0692599515019],[165.13129910512833,71.98616775502406],[165.0489087403368,71.92917240487236],[165.08788735557206,70.83735337649978],[165.11161278685503,70.14278104595155],[165.11646367756128,69.99171472173738],[165.13689809976773,69.38038615611424],[165.23642404336326,69.1705519885538],[165.28176366490814,69.07609008987605],[165.44981327448792,68.6618085491242],[165.88696327825508,68.61850971170361],[165.92789539156493,68.61452562938848],[166.10397262208,68.59767628517457],[166.18322320922397,68.72238223344782],[166.52963596322058,68.89904417990238],[166.75034554019317,69.1706097822029],[166.81979463765384,69.25568734835073],[166.96604688834486,69.43533654588661],[167.8517760221256,69.99092601991663],[167.91849680942508,70.03305159973189],[168.22592150871571,70.22725928831582],[168.57439393584676,70.45618913525949],[169.07216492604852,69.99271990049985],[169.10268483681227,69.96442344404099],[168.40774784068054,69.50411459266068],[168.22801045848388,69.38618718852251],[167.9176851979429,69.19040373035466],[167.5383661413381,68.94980934571318],[167.91718963431487,68.68902289810877],[168.22967433685344,68.47436474446538],[168.8153608315958,68.06567709533932],[168.75316298444503,68.0086901860284],[168.7504786894931,68.0062447314634],[168.34156713221032,67.63178375294669],[168.34341525603116,67.36456288671984],[168.22774252806795,67.35252328728882],[167.91759961208584,67.3235002576647],[167.76939874703749,67.30958436080553],[167.27315331882073,67.03213546751621],[167.1771957323449,67.02452119637678],[166.9534598977292,67.00467623756862],[166.77979572718243,66.82321607395491],[166.77479057148935,66.70377024046223],[166.59011566053417,66.56644239648082],[166.35801200031966,66.45214721170998],[166.20312792791336,66.375615084436],[165.9255509689924,66.24409389012736],[165.83907374591064,66.20296395448132],[165.7386046490248,66.20723996584695],[165.68135865530482,66.20962386762726],[165.58703719980196,66.01959343847157],[165.56291717423176,65.97047320070165],[165.48097752324503,65.80417710751983],[165.53792349704707,65.71394643367016],[165.3714863468918,65.57353992991713],[165.46152217641023,65.48480490255076],[165.33050843634055,65.42661491801744],[165.24146231921873,65.56018706288373],[165.21601698171497,65.29911526950971],[165.0446975897687,65.20914910976255],[165.03169429357166,65.20239094045375],[165.03381722824327,65.08491555099721],[164.92140236700862,65.03318263819136],[164.37180022152012,64.78387049194608],[164.3001129583239,64.66623104826682],[164.16960975407486,64.48147436876759],[164.12526107698136,64.41912769123586],[164.17020364675273,64.3670994959003],[164.18748495375144,64.34703257865839],[164.17039336356498,64.33056286715463],[163.93643409722156,64.1068742070412],[163.89620210643855,64.06807558276351],[163.85227830939573,64.02606224649669],[163.77256297513583,63.949212870557375],[163.74322318410415,63.921147730378465],[163.24598635314788,63.44479112996538],[162.73701161991485,63.233850464071494],[162.53343960728915,63.15069115351312],[162.4032742876497,63.24638611201405],[162.2396969373812,63.040809532460514],[162.129129006114,63.010705710145885],[162.03690285353457,62.98599971267846],[161.95133729874127,62.91471681598749],[161.62108104880173,62.63678414609082],[161.49880197081012,62.534167280356],[161.47637920361214,62.50234279968628],[161.138530978888,62.023649509759515],[161.09138433698644,61.95618029950526],[161.05452549104388,61.90400430050053],[160.68792152604962,61.73227811596737],[160.74134648605548,61.562732824214656],[160.58663470700498,61.397562351892574],[160.19262440080288,60.98121183851566],[160.21838234687783,60.81914208885405],[160.16391064859684,60.75005526832851],[160.09135860425576,60.65933998493004],[160.16430053479073,60.59855513237757],[160.18399983206874,60.582124579019165],[160.1644398925347,60.54440415834995],[160.08892036971952,60.40057100393696],[160.08017070522766,60.38407875861979],[160.0896985235997,60.29505542300667],[160.10790035865784,60.12338534404395],[160.09115155467074,60.09802830347227],[160.04002978313758,60.02143246014586],[160.01027486309442,59.97640456137735],[160.00408358606927,59.96703974504008],[159.995272587952,59.953778594635665],[159.96587279921343,59.93804395746059],[159.5773364049715,59.728558219349644],[159.64049100362632,59.5646987100209],[159.61879999031302,59.51022941129121],[159.55137505063715,59.34340192976796],[159.47120747592035,59.367914322420106],[159.20290760370727,59.45381976078542],[158.69157798644812,59.305884755198846],[158.67325525148203,59.300622064731215],[158.6592243297864,59.33879211145016],[158.53835987598117,59.66638657337906],[158.2678025234832,59.983746928817595],[158.23842588410983,60.018086974163],[158.19313708582908,60.070833449390896],[158.15854702423022,60.186299553050524],[157.9304231361103,60.94740001769863],[157.91144217256138,61.0099271119204],[157.67362350708632,61.17307045841108],[157.50103322392334,61.01429503800459],[156.89291671175485,60.45608712864572],[156.67303187840565,60.255480235527116],[156.3422249562132,60.19540562173596],[156.01470840264165,60.13674849929826],[155.95712854873153,60.12649129514219],[155.93312046952985,60.12216790335577],[155.51212496247578,60.0461111791548],[155.51558128740405,60.00806484061215],[155.51573943195683,60.00633186419701],[155.5376967398498,59.75004701498953],[155.59967081427317,59.67923751640542],[155.93710797117052,59.296973307766045],[155.98851084907906,59.2382599253773],[155.93782678554592,59.100764217128955],[155.7986481234299,58.723691934203046],[155.94166595616755,58.05281609272895],[155.94301461059072,58.046461428749126],[155.95569676779294,58.03166927648307],[155.97857606165894,58.00505672872765],[156.00827119608675,57.97059183700131],[156.1701925326524,57.782854818659615],[156.24365095232065,57.7671000938],[156.67656303737658,57.6750623640783],[156.647816904921,57.358428975037924],[156.64029984822633,57.27541232655114],[156.760197136462,57.24479606099574],[157.08222508478826,57.1631403752712],[157.06742334798764,57.062927727860696],[157.0503322079055,56.951426905390036],[156.94244826340727,56.247194772233605],[156.66683580290055,56.00648768611944],[156.66125695010587,56.001633051668534],[156.41697180169973,55.7825548150626],[156.59418031997126,55.45930317014569],[156.97457517896305,55.482531880938154],[157.56691085390514,55.72073405364407],[157.94514090764864,56.0016875103483],[157.95051321965428,56.005557739599986],[157.971073340586,56.02042243467235],[157.98580658410188,56.031124194955765],[158.2842837657394,56.247359659438324],[159.24987638364036,56.51318918590774],[159.33507997510225,56.31416397156181],[159.76867844792187,56.01159084614686],[159.90023461784492,56.07068199475962],[159.9647327904409,56.09974969169764],[160.09892383881296,56.160238918859925],[160.1539107488606,56.18521901741594],[160.20529541730315,56.20910952167251],[160.39402765025093,56.296545845003536],[160.51440799780633,56.240254878277234],[161.58189902998754,56.3742777892071],[161.94486657539227,56.419394828561195],[162.36469957251325,56.47213980968052],[162.15987209945746,56.0082150814683],[162.15305892310317,55.99279904569048],[162.0946172382363,55.85655893820095],[161.9438242148326,55.50474604272455],[161.78506999753392,55.132562672159764],[161.32621774263106,54.74381998154394],[161.81770497028887,54.53103324050954],[161.72361501877387,54.23398928883276],[161.7211976532241,54.22636708433905],[161.74313692712883,54.01302379821188],[161.76198727522137,53.83078980030783],[161.7845132488351,53.61514166564069],[161.80670062195452,53.41796838010749],[161.94396249510476,53.39621285190294],[162.74367174386995,53.27025206587351],[162.98891471675503,53.123049036784586],[163.11294329419692,53.193047590776146],[163.22826711940962,53.25816013935216],[163.45086333590348,53.10991689928578],[163.3390393268567,52.79727421460145],[163.93012048228542,52.759547985156345],[163.95631473210014,52.75792182099616],[164.12437951594052,52.92671351644084],[164.1565329818929,52.9254059809437],[164.19419989281795,52.921590177077306],[164.34363870734649,52.90486012993367],[164.78199506300277,52.6760358553703],[164.9680988353355,52.81956102478543],[164.72890851458132,52.48316372257045],[164.4383671759464,52.07570407444205],[164.42298103208333,52.02254143703955],[164.40161158710677,51.94854962418388],[164.35478414301195,51.790072435709575],[164.19541759368735,51.23713750897748],[164.1415406494464,51.05475002769023],[164.19380856984455,50.90572591204294],[164.2732698073711,50.674717943834644],[164.26584951757854,50.39266979410712],[164.2948481390348,50.39922491305322],[164.3762472113474,50.417473853805724],[164.5196339418478,50.23558394627487],[164.4462679072837,50.037592132630884],[164.44683481924005,50.036197456778524],[164.5443242117026,49.79767283261674],[164.33616542844925,49.309028528706875],[164.18659243155497,49.14407859152507],[164.08759281370976,49.03820351692477],[163.93485434766097,48.27361498166628],[163.90801338655075,48.13878024817255],[163.7961671495793,48.18073681936529],[163.18214869753774,48.351832816584505],[163.2198760922006,48.63360704278142],[163.13699560371577,48.73407347507975],[162.54842446159836,48.29807526024035],[162.3552234597606,48.25602324096462],[162.20349410707863,48.223934964186796],[162.0347591909562,48.10259746689478],[161.9629584178686,48.05170197346257],[161.94443759760043,48.038549544055165],[161.9077174066701,48.01227394126363],[161.51003912899512,47.8895739671283],[161.50428051385722,47.86183292621945],[161.34288887894795,47.1098542648012],[161.43388471753582,46.85944865005844],[161.7132330878021,46.76924518166002],[161.59666171872112,46.68354599665706],[161.72900828547196,46.28969366209547],[161.72160730857627,46.28169519476149],[161.71293650729837,46.272366362517836],[161.52912340011116,46.070107953300386],[161.5381113155771,46.05835841847154],[161.6477725742512,45.91521606526939],[161.5605824997263,45.83714869900298],[160.78473490158143,45.158517003084484],[160.65129078411047,45.038022926300854],[160.10552566355835,45.386159934926525],[160.10105444478418,45.3890167538138],[159.96253993069166,45.477919915526414],[159.89022902509038,45.524459464338584],[159.69678261891232,45.384422030621586],[159.41858028401134,44.9722950709055],[159.36044086418698,44.69927532352133],[159.57286694788894,44.54074306832071],[159.94090686624241,44.50350836882445],[159.96354968517107,44.48813349124942],[160.09553853807802,44.398748934915524],[160.09565296434684,44.39867152652671],[160.21378233818012,44.31905899867497],[160.26122535083954,44.28696239140616],[160.24788566809494,44.122052532468295],[160.33105302414754,44.06688157432696],[160.6954917357134,43.82598650580108],[160.7371776251249,43.80805457018797],[161.41084589762363,43.52241924670959],[161.58487388195758,43.44823222146749],[161.12686803601912,42.74096289373323],[161.2015394118072,42.195237374948285],[160.87111644892315,42.20923930377266],[160.4242228972315,42.07554144336797],[160.2398312265208,42.02015583111007],[160.0714690800853,41.999992647631316],[160.05985936860534,41.99872435230343],[159.97097014568558,41.98968402707624],[159.8730743748389,41.9795293136567],[159.52144772638633,41.94291396361973],[159.12797600918182,42.05539652852068],[159.13632047254492,42.08020821222346],[159.18460737360076,42.22341867210384],[159.09024361343214,42.32242369840328],[158.55974435699625,42.44904233426802],[158.21532317537788,42.313357144987926],[157.9860201487738,42.22273881648237],[157.69729755790544,42.10862712197375],[157.63650838339413,42.083754009782226],[157.44143427771286,42.00344151377463],[157.21681526506813,41.9919310957622],[157.00608068573447,41.80992700011757],[156.7936494743009,41.62769992316124],[156.53160684418805,41.56094119973844],[156.55106839510808,41.821075081984915],[156.46077547996612,41.88043036189161],[156.28967827675206,41.783513723009634],[156.25967790193224,41.870703628809],[156.12124112556555,41.83849753658875],[156.00289143696128,41.639454217922875],[155.98328622223946,41.60647732748617],[155.9776439302137,41.60977251715427],[155.50450186830216,41.89209893464957],[155.50876425986107,42.08517417621856],[155.51524203068672,42.360917405307134],[155.40332454042507,42.685438372661665],[155.39473599580145,42.71030099321],[155.3848709560519,42.703918685947095],[154.96730425752668,42.434385650253006],[154.4601261859167,42.301387816269816],[154.4268257690636,42.29266930167491],[154.16775995052552,42.08502365982134],[154.08476757012085,42.017951120332725],[154.0181181824091,41.96420384529453],[154.00002150076935,41.94957219805086],[153.82770822304653,41.68994549427259],[153.74662201927603,42.08467609479331],[153.68217323783952,42.39705334859177],[153.39460557223907,42.27182321608958],[153.19227731314064,42.08400093406172],[153.08372492934356,41.98244974399849],[152.7399879554937,41.990087572038384],[152.4055017157574,41.82708513017204],[152.29229207669465,41.82211440612116],[152.12735836118102,41.814825999198234],[152.03352302774684,41.949519138925105],[151.94087991540786,42.08235453871245],[151.88857862967475,42.15693857950465],[151.73328129697916,42.38325519992464],[151.553043345373,42.645633845759335],[151.4986552109268,42.61797688807172],[151.19341342020078,42.46302403705578],[151.0070556943994,42.885393351460294],[150.99950179308058,42.932125993233726],[150.9598237208687,43.15702793350859],[150.9176673823347,43.39362023968428],[150.76167419932253,43.40933305969446],[150.71417812469258,43.40277362185252],[150.4409087911755,43.36497713728276],[150.04875104576607,42.99678646970241],[149.57460720093204,42.549921035995126],[149.5694785745796,42.54508609376001],[149.38455814487972,42.199147928942985],[149.4264869527439,42.09003926477069],[149.42008607997874,42.074758228902745],[149.32500756745654,41.84557424375583],[148.9629711985591,41.86192956961087],[148.76196406707743,42.07181774787852],[148.55140654991058,42.29075369795429],[148.40244774405852,42.07021143338818],[148.35669020306727,42.00190770934554],[148.21983822931205,42.06491659445694],[148.13059050213337,41.998814997975536],[148.06056782957594,41.947279422756516],[148.00114209618215,41.90339717335551],[147.81603458529935,41.93833935328322],[147.81416170712978,41.93538028366454],[147.68491929203503,41.728986579688645],[147.49610584434492,41.69008411059789],[147.2395985371274,41.74405805126057],[147.21212390822404,41.861824650932505],[147.00610330006097,41.84995793904503],[146.96879803000886,41.94654412023171],[147.0031015578617,42.06212340655971],[147.03438728616453,42.16744387250234],[147.4764914397541,42.654348072514544],[147.601282623606,42.79117432173757],[147.5993671284975,42.96460312367087],[147.78515164785279,43.25927737301431],[147.7683188377399,43.48023529987726],[147.5601423200691,43.837254796088374],[147.43703189612958,44.056311052219314],[147.3865804435648,44.14592559609474],[147.6041675664012,44.52502644259766],[147.74027175008888,44.76256544317279],[147.4675648909847,45.0005078715253],[147.51209767510855,45.078823308769316],[147.13003206328156,45.19200063374082],[147.0337676546896,45.14133004145107],[147.00400611393223,45.125596142880404],[146.97259993155194,45.1089629331228],[146.9487354880145,45.180904365535],[146.88491085434111,45.372592443477245],[146.773408078513,45.35635103799703],[146.675684015977,45.34198670980808],[146.52549419734976,45.45158342252999],[146.4503353494049,45.37228865989401],[146.08658660070958,45.507432238315886],[145.89453568519147,45.5783297194269],[145.9887405494677,45.832128891491685],[145.93655803111528,45.8893539311706],[145.8386999001218,45.99913695218714],[145.81528950163855,46.0253357869277],[145.73026593717645,45.99031594322226],[145.69348761777235,45.97497837506916],[145.7150846863779,46.040322371969395],[145.72958198003337,46.084306720401834],[145.8018956209051,46.29809051162363],[145.72719414485388,46.38532156185707],[145.65640679356267,46.47069817487559],[145.50160182381282,46.65733059541563],[145.56809361703156,46.7461617311974],[145.4302285531439,46.83047594187725],[145.31977156850556,47.247739890267766],[145.47662179062553,47.39447116193029],[145.3890097551764,47.60833802464218],[145.38614771906674,47.61521520762322],[145.51766055624805,47.80089797019232],[145.44549153988402,47.84618148366947],[145.5314570131722,47.926907890434826],[145.47155841126295,47.942881670167594],[145.45240285353816,47.94802927182977],[145.48452075932232,48.02405661627126],[145.54629851959,48.171880204489135],[145.45456517693478,48.245892644469144],[145.6838292023051,48.4318205151975],[145.7130744457287,48.455351672181706],[145.77453879197677,48.50388956126535],[145.71278947317498,48.55621708182304],[145.56540600914113,48.68330297956982],[145.71210487496518,48.798529114901115],[145.86116604552475,48.91343754920673],[145.94145622448124,48.84700738536707],[146.0947583590777,48.95627282874828],[146.6143740573085,49.331820483162886],[146.8145470462199,49.293663335956026],[147.0054747022968,49.25725405679391],[147.14766775473106,49.745630620693404],[147.4451668195591,49.97954998048192],[147.4896437652327,50.01434950233211],[147.55392671645632,50.06502798601205],[147.69624655981417,50.310307812032804],[147.7010455241001,50.40060495579561],[147.72232893803292,50.774855075514786],[147.7302033163069,50.909871772635704],[147.8677018136101,51.094021490002305],[148.0894654652663,51.15242352485465],[148.15793422257534,51.17079175105392],[148.54816093769554,50.947672812306706],[148.82740151883397,51.006740191730955],[148.99192527445683,51.24319702546968],[148.9724221464165,51.73132073897756],[149.06775931256345,51.99486287136964],[149.06821215614994,51.99611374400053],[149.0791242143427,52.008991800640416],[149.72232222460224,52.768536225163466],[149.85799730206574,53.306721071295925],[150.36702729523893,53.57315963298977],[150.2906682243769,53.88690384886475],[150.03739642417025,54.11472282203878],[149.88541700558068,54.143333774034865],[149.7972259569375,54.15929812021663],[149.358990352406,53.789130139503655],[149.11115516222458,53.755705532455295],[148.99537109519864,53.814959545181196],[148.86631418811248,53.88092985357695],[148.79831283247472,54.194833549828296],[149.39672326138032,54.81895177938602],[149.52986896949153,55.17545486905329],[149.7174188818921,55.26067006798083],[150.03150410817744,55.40460964484488],[150.05242616634843,55.41500945056656],[150.22099495886533,55.7224035501611],[150.3455463273756,55.95033023763991],[150.39051552076774,55.99794040620448],[150.41388270405562,56.022763860698035],[150.89907207024896,56.54284982295383],[150.88012322594142,57.19538609250982],[150.879768239898,57.20791875449539],[151.349876826533,57.99694640167249],[151.3708036143479,58.03223792380092],[151.22992760736372,58.274562461678244],[150.66690783963247,58.425172156306814],[150.62388530951327,58.692133311565456],[150.920214533318,59.15326339069719],[151.0276467067156,59.319104115137264],[151.21922033436536,59.61238304587166],[151.2843107565244,59.90988810223835],[151.3022804982571,59.99313398970689],[151.39017913712064,60.40889794463864],[151.39477399988857,60.431232074686704],[151.69484928718506,60.47205257212319],[151.75588245733238,60.449156494495256],[151.86590964661312,60.40874359793607],[152.06266663492667,60.33647596692965],[152.07218535840113,60.33292515224589],[152.12177715017694,60.31436654316512],[152.21332897359613,60.279614302997075],[152.2497213449865,60.26587400581742],[152.58122980142275,60.45380616838037],[152.60147852724867,60.53886162791797],[152.6231228169241,60.63088625355547],[152.55575272179016,60.81100750697302],[152.52242597772462,60.902807029507485],[152.45255804213824,61.093756833092286],[152.58238880432506,61.29769196091093],[152.77442066244035,61.41087165820525],[152.81089606302393,61.43252803319055],[152.83551560824577,61.53404957757668],[152.8515223907412,61.600431758950386],[152.50222351208967,62.02055327278195],[152.50099591272414,62.293640783844616],[152.69199034462645,62.474463911476576],[153.0671098106561,62.6341000022727],[153.34405410832346,62.55935066482761],[153.76066650846525,62.447948726133795],[154.14913136507113,62.784670626346426],[154.2309624629201,63.12078410233534],[154.14420041539913,63.23907686992898],[154.08087909014284,63.33725291591911],[153.87547434318716,63.42881364497934],[153.76529151337334,63.40863772828969],[153.4026304748905,63.34363978835697],[153.24413895162434,63.42068674917812],[153.13070850698338,63.67690804400955],[153.25433257122452,63.99784396069466],[153.26621777037957,64.0288046269277],[153.27156548090096,64.03417537182644],[153.3626320722815,64.12524459871749],[154.02904244126583,64.78129090261508],[154.05779013367584,64.78871869262433],[154.78041057444761,64.97747267655109],[154.8214241997694,65.06819311924332],[154.86970378231652,65.17716694895879],[155.05392676923043,65.58931259755346],[155.52677175405648,65.87423507165126],[155.33296198326462,65.99870585558419],[154.734454521215,66.38217709083582],[154.86156657959697,66.60831274534122],[154.72184038141188,66.6687924163666],[154.62196974913758,66.71190422325381],[154.62575128399897,66.7572859769771],[154.63771647250246,66.93270448138998],[154.3045738955609,67.25183440156529],[154.0560961135838,67.03955474058677],[154.04968794989327,67.03409747469881],[153.90098633275375,66.91418776714673],[153.82645176163027,66.63416192284612],[153.40651042844937,66.85517669764667],[153.2136718275611,66.63750381852567],[153.0902362227961,66.500603154516],[152.7812462172207,66.44315083665052],[152.43955919844117,66.16360513970021],[152.0998989370179,66.02678597060131],[152.0915047228801,66.02340412253453],[152.07562498900887,66.18978337430671],[152.0729641208152,66.21752733885445],[151.98930110836807,66.22855852060665],[152.07540383287514,66.33680299130769],[152.23966712925412,66.54408702058032],[152.26810146604907,66.79424444274841],[152.11194339812866,66.76560573096089],[152.14854299884882,66.9121529069651],[152.07454936015915,66.90483720913068],[152.0438189495278,66.90177293882826],[152.05170386591047,66.81693856679222],[151.86184019649318,66.82043948460445],[151.87360945376207,67.12773476681079],[152.0740832638188,67.21468755913516],[152.35221402163774,67.33553612449927],[152.07379071232793,67.40916920165915],[152.06117125058304,67.41247394089126],[152.07375545684968,67.43260624959055],[152.19523418198008,67.62772692013122],[152.2711918638817,67.752010737344],[152.07304419465297,67.9054373394852],[152.02241826907812,67.9443825455615],[151.95674390454286,67.99513133643195],[151.88496403001707,68.05030044289022],[151.86803200154725,68.05059958102598],[151.7602962790618,68.05254002991218],[151.7586222145972,68.05257905572613],[151.75514436444885,68.05265162613114],[151.39783387063383,68.05946279343193],[151.44437562055313,68.12483924849987],[151.12799190742652,68.31147837299838],[150.9830742547452,68.35275739372143],[150.71876857865294,68.13838887186901],[150.69845445618705,68.0542195694989],[150.6898119879297,68.01967785869307],[150.67270688255718,68.05430065591617],[150.63692358404504,68.12921594642306],[150.32536531417531,68.05539453310062],[150.08514843422708,68.00043948667474],[150.0819980863853,67.99971150414824],[150.07393590423973,67.99785504223547],[149.7258308722759,67.9171088719605],[149.32671620389124,67.63333226315345],[149.28037914109964,67.73288840965866],[148.98942661693349,67.7354355821899],[149.01333669710294,67.82065319906846],[148.78780374682287,67.81100501806974],[148.7275996382402,67.7187831354009],[148.4912276765443,67.88021731455237],[148.28692808789387,67.80357124276463],[148.09365134764687,67.731296441751],[147.90685605116366,67.66108403324293],[147.90773761029004,67.78264254845271],[147.69650689579086,67.83334873391026],[147.68879479294256,67.83528917691844],[147.4004872396103,67.84623099345764],[147.1170714190193,67.72741568740982],[146.97158724349435,67.9946007643477],[146.961467597588,68.01308298722365],[146.93172158821233,68.06510934789625],[146.82420201790424,68.25964388714884],[146.99900238988124,68.32238192091803],[147.01675192894146,68.32749146419116],[147.00728723723674,68.39107935463579],[146.98418828701708,68.54433050966466],[146.31772378806096,68.72470993436235],[146.10459432419287,68.78163585505425],[145.67289109324588,68.89656726639286],[145.00457875749936,69.08135993605053],[144.72021531188216,69.15960861884521],[144.10553633929425,69.32213190887661],[143.68592717959987,69.43323719956588],[143.44449968719712,69.49786851711093],[143.68534409858307,69.59969524344686],[144.10662389186982,69.77756165884695],[144.2434004574297,69.83566728755795],[144.56487778211533,69.97146038739248],[144.6845804181673,70.02224240411712],[144.6804708076453,69.97163924575543],[144.67439831237095,69.89971981207327],[144.82842022727468,69.97186816952374],[145.17239457049513,70.13371671869163],[145.5095407642866,70.29078874594072],[145.6618873876586,70.3646682095713],[145.69660737117513,70.38077000860815],[145.7495564110088,70.40505804963094],[145.92934887005416,71.0634128980936],[146.098138987806,71.73303110427199],[146.11021653046936,71.80493103519032],[146.13186662811802,71.93487151268044],[146.13542135574028,71.95622179688928],[146.17176527615115,72.1784160561784],[146.3861678540411,73.38839479687917],[146.42844389116797,73.4457271679596],[146.50232199629556,73.55044245803249],[146.7811903386547,73.94233650226475],[146.9800699598394,74.22285825786777],[147.28006691659596,74.6260439588699],[147.6801204155637,75.18229163233897],[147.79005024688192,75.3300546566955],[148.10028718096132,75.72662338053213],[148.25601408209965,75.92604651514654],[148.51596253489558,76.2596844026796],[148.66348357236743,76.45208010804191],[150.0891846179693,77.00106689115566],[150.74727257694315,77.25626293954858],[151.11647550575506,77.39764832123437],[151.7329062908705,77.67008563058019],[152.08072229885377,77.82174073959783],[152.1437366631805,77.84953061192483],[152.28756076576548,77.91270082207589],[153.17123136516122,78.30480587929938],[153.5288538377794,78.45841098249585],[153.57750397536483,78.47900613503367],[153.75359826881206,78.55662864281936],[154.07101808163299,78.69310778982582],[154.2058978470506,78.75205613530372],[154.92291504581203,79.0586856969401],[155.77783112474148,79.41982786219708],[156.06271681051822,79.53983734598808],[156.94924564588433,79.9174881263344],[157.3068652833951,80.07111611027774],[157.5167362393832,80.28088098445576],[157.60644908955436,80.36940768558595],[157.7959151603202,80.55401835919187],[158.05492069778575,80.80267415282208],[158.60986193920385,81.34169176646158],[158.62272664582412,81.35395494566944],[159.2259687431129,81.92671179685999],[159.55886289750993,82.24533751807033],[159.64662600655745,82.32904609799122],[159.82088308203546,82.49406428409974],[159.8630787554324,82.5334759622689],[159.8195164862232,82.63359720093398],[159.3333260317596,83.78006401850952],[159.26994667248687,83.92914743644701],[159.13723322985956,84.24023710396447],[158.7377177867157,85.20703718118686],[158.70297898734762,85.28952424025321],[158.43368519823497,85.92745452631904],[158.29850953542967,86.2470724708069],[158.1396857194423,86.63313570011667],[158.0722621287685,86.79554625593794],[158.0203034581485,86.9195648621588],[158.0097814618546,87.9232016809342],[158.00586543877534,88.26044522998525],[157.99569184606182,89.8409574803534],[157.99538347772918,89.89248611182897],[157.98900232543076,89.9175306886448],[157.94730548931804,90.07988485083308],[157.89681987456134,90.27610003622365],[157.78245972037402,90.73366210908927],[157.7967596762062,91.52813077118914],[157.7922715589867,91.63251150756672],[157.780441447008,91.90986444405303],[157.76348493908705,92.29188858350892],[157.76336601509655,92.29437294431783],[157.7616664703409,92.34225869054382],[157.72052700851756,93.55644508328574],[157.70883996328996,93.90054684338718],[157.69397980603748,94.31703950928886],[157.6905799872082,94.4177366914181],[157.66513547729357,95.22325439964482],[157.80527268644357,95.21703485035094],[158.05788780457132,95.20513760639332],[158.99569665887822,95.16176180477052],[159.30746261416414,95.14708582894937],[159.65030867752853,95.13102998184537],[159.82534646714294,94.9664681896833],[159.8742122580187,94.9202257684486],[160.0460715521572,94.75375022343505],[160.17789321921114,94.62676606050502],[160.62121522305432,94.73940927372273],[161.28164735129934,94.90409046399171],[162.8773455126867,95.7264946481045],[163.10314554486723,95.8890018599044],[163.4097785272095,96.11074312556286],[163.74509901474815,96.3509425707656],[163.77864299286523,96.37461514571335],[163.8334734504707,96.41320353585296],[163.89651826476327,96.45836746181614],[163.9839383716272,96.51854213817036],[164.0195550374459,96.48951699207899],[164.0320947817408,96.47920435281071],[164.18614278383728,96.34815803304343],[164.45896302266772,96.1137565828278],[164.4930673251416,96.08471962508047],[164.61671838160134,95.89157354080055],[164.90214653560705,95.4460336569777],[164.96665517965408,95.34530804259016],[164.98542285700168,95.4042193959532],[165.09207246560578,95.74127118454925],[165.21070537139138,95.80594469842589],[165.3438283162471,95.71347054443973],[165.4820768146084,95.7959804010909],[165.4252083051817,95.87530895687972],[165.6312273627667,95.88877616198337],[165.6274402620577,95.89461158506742],[165.369905252607,96.29171656859386],[165.3590010181267,96.33679050416944],[165.3093358120113,96.5460858600477],[165.27853720630688,96.67727904865818],[165.31848497864377,97.06761414042703],[165.38682423797036,97.71928351232603],[165.36952992071056,97.75402881080046],[164.92727015192452,98.62015939393049],[164.95922689886922,99.42824518059514],[164.97596422820078,99.87071817451994],[164.9675758938089,99.9017908794308],[164.87587748057206,100.24216443787644],[164.82514815530277,100.29825958011575],[164.81986021955345,100.30428629342613],[164.1200621704835,101.10080441531576],[164.03992387325806,101.22260117008021],[164.02530018480633,101.23203154614689],[163.8939576613785,101.31599683348531],[163.31115034273023,101.69645098113915],[163.22906418735954,101.90437394507073],[163.09969464558833,102.23039505290515],[163.1571720252393,102.82432494173338],[163.22445664913343,103.10007794205289],[163.39794761113055,103.80924166660486],[163.40840656551887,103.90293776620376],[163.4186184986388,103.9962796839935],[163.43765671536445,104.14788647182633],[163.42784384887125,104.29625205024313],[163.39494441842038,104.80496127789252],[163.36831561498875,105.24892550853127],[163.33978855294686,105.73546651943853],[163.34811575009581,105.9032264346499],[163.3673570688004,106.30282173000593],[163.37776397972377,106.514287305907],[163.00959409555543,106.83446216540145],[162.96083240331006,106.84175186190284],[162.24066743506208,106.95013871740524]]]]}},{"type":"Feature","properties":{"level":3,"name":"Noord-Brabant","regioFacetId":"tcm:106-353560-1024"},"geometry":{"type":"MultiPolygon","coordinates":[[[[136.13087527384232,101.55814876062793],[136.57404569824666,101.85027226762968],[136.9107939555598,101.9477455116848],[137.04956011119256,101.8843763208063],[137.62392108603024,101.5576906486796],[137.94938308032192,101.73363343335252],[138.3976777848745,102.11665696936302],[138.78099033423518,102.30613571147454],[138.99120897907085,102.35791188894873],[139.17245772069904,102.41196524631746],[139.54870463235198,102.33501563408215],[139.83736674435158,102.49491026806689],[140.70048420981664,103.34841491256324],[142.0040058261106,104.37437334385513],[142.31267252804247,104.7005757454557],[142.35360290500714,104.77727907882691],[142.42217796274957,104.90617341762723],[142.51168270056914,105.07048313859178],[142.5893868571556,105.32515044755496],[142.68324861717582,105.63282269538365],[142.9454302723826,106.1925240153717],[143.44781200004184,106.9626318951505],[143.77428243025173,107.35485161326241],[144.01527614791127,107.67648377031652],[144.02456773584964,107.68887331291579],[145.56883928683857,109.76563953392413],[145.59209944980842,109.7989932047383],[145.96070275870994,109.97948390831627],[146.12381389621146,109.54564795936388],[146.35674905049223,109.4521930187044],[146.7625065072864,109.56540300067775],[146.7964628150691,109.57107444568419],[147.31627112154692,109.78776803690644],[147.74500669972625,110.07181614937718],[147.9188539141071,110.18693459106035],[147.95473563931242,110.21086172394283],[148.19614799647155,110.50888901754342],[148.6208759072044,111.28452952519334],[148.8978472573695,111.55663092780225],[149.14041764896885,111.68908489757179],[149.53060870972553,111.63198395033419],[149.7644914737513,111.1757808316344],[150.51390745819592,111.18975912648779],[150.89386417287815,111.43693054744864],[151.21846334174472,111.93088973009192],[151.24323070521945,111.96863738707938],[151.44568314437151,112.16761180443132],[151.48958406590208,112.21041813305447],[151.81713861949382,112.35754286239117],[151.83250593287903,112.36681126758727],[152.01142223803606,112.4736321438468],[152.02892875148123,112.48409245002375],[152.57098042693667,112.80818615674379],[152.62876443877443,112.84265247357479],[153.03016506290646,112.85605537322452],[153.50383855106196,112.56735812710205],[153.5351519890675,112.5459900069772],[154.13639330104064,112.74416067252616],[154.3036661349541,112.54510494882913],[154.31609531740557,112.20243065410098],[154.32633784998683,111.92349019153426],[154.33261973642834,111.752763440912],[154.47588966446887,111.42400651370029],[154.53602873868027,111.22475727039058],[155.12991384599474,111.03416165136031],[155.23671580149093,110.99988827944293],[155.24787727302822,110.95252479970577],[155.60261524759483,110.12404203078896],[155.9730703576271,110.06266597355454],[156.01970802945561,110.05510653941964],[156.38628202699286,109.99542520668933],[156.51567505031147,109.85535953320428],[156.83962744293413,109.0000238503023],[157.09729774458398,108.8401188065683],[157.27759393098563,108.72550191595597],[157.6965361908821,108.74601023578737],[157.93608164422363,108.75805100076393],[158.8293597391272,109.2239442900709],[159.92055418697265,109.6050516088554],[160.028128036671,109.64194242179654],[160.21489721931638,109.7059617273997],[160.2452136360571,109.7158849698702],[160.52813944880558,109.69652472002073],[160.71055080220532,109.68500798790916],[160.90623917456765,109.5570500969442],[161.16904367460734,109.1743382365038],[161.17028684568436,109.05222452080542],[161.17034592058616,109.04751243151478],[161.18105635110786,108.30642938985835],[161.18749632746878,107.90552188959887],[161.1916029731836,107.56858977217985],[161.31923616097504,107.24129342195857],[161.34804748496356,107.22491246308286],[161.84294602187933,106.94558323909342],[161.89481545282405,106.94083181356322],[162.0289995797267,106.92868101812748],[162.95983388834568,106.84074778924699],[163.00381015244005,106.8366340211048],[163.37776397972377,106.514287305907],[163.3673570688004,106.30282173000593],[163.34811575009581,105.9032264346499],[163.33978855294686,105.73546651943853],[163.36831561498875,105.24892550853127],[163.39494441842038,104.80496127789252],[163.42784384887125,104.29625205024313],[163.43765671536445,104.14788647182633],[163.4186184986388,103.9962796839935],[163.40840656551887,103.90293776620376],[163.39794761113055,103.80924166660486],[163.22445664913343,103.10007794205289],[163.1571720252393,102.82432494173338],[163.09969464558833,102.23039505290515],[163.22906418735954,101.90437394507073],[163.31115034273023,101.69645098113915],[163.8939576613785,101.31599683348531],[164.02530018480633,101.23203154614689],[164.03992387325806,101.22260117008021],[164.1200621704835,101.10080441531576],[164.81986021955345,100.30428629342613],[164.82514815530277,100.29825958011575],[164.87587748057206,100.24216443787644],[164.9675758938089,99.9017908794308],[164.97596422820078,99.87071817451994],[164.95922689886922,99.42824518059514],[164.92727015192452,98.62015939393049],[165.36952992071056,97.75402881080046],[165.38682423797036,97.71928351232603],[165.31848497864377,97.06761414042703],[165.27853720630688,96.67727904865818],[165.3093358120113,96.5460858600477],[165.3590010181267,96.33679050416944],[165.369905252607,96.29171656859386],[165.6274402620577,95.89461158506742],[165.6312273627667,95.88877616198337],[165.4252083051817,95.87530895687972],[165.4820768146084,95.7959804010909],[165.3438283162471,95.71347054443973],[165.21070537139138,95.80594469842589],[165.09207246560578,95.74127118454925],[164.98542285700168,95.4042193959532],[164.96665517965408,95.34530804259016],[164.90214653560705,95.4460336569777],[164.61671838160134,95.89157354080055],[164.4930673251416,96.08471962508047],[164.45896302266772,96.1137565828278],[164.18614278383728,96.34815803304343],[164.0320947817408,96.47920435281071],[164.0195550374459,96.48951699207899],[163.9839383716272,96.51854213817036],[163.89651826476327,96.45836746181614],[163.8334734504707,96.41320353585296],[163.77864299286523,96.37461514571335],[163.74509901474815,96.3509425707656],[163.4097785272095,96.11074312556286],[163.10314554486723,95.8890018599044],[162.8773455126867,95.7264946481045],[161.28164735129934,94.90409046399171],[160.62121522305432,94.73940927372273],[160.17789321921114,94.62676606050502],[160.0460715521572,94.75375022343505],[159.8742122580187,94.9202257684486],[159.82534646714294,94.9664681896833],[159.65030867752853,95.13102998184537],[159.30746261416414,95.14708582894937],[158.99569665887822,95.16176180477052],[158.05788780457132,95.20513760639332],[157.80527268644357,95.21703485035094],[157.66513547729357,95.22325439964482],[157.6905799872082,94.4177366914181],[157.69397980603748,94.31703950928886],[157.70883996328996,93.90054684338718],[157.72052700851756,93.55644508328574],[157.7616664703409,92.34225869054382],[157.76336601509655,92.29437294431783],[157.76348493908705,92.29188858350892],[157.780441447008,91.90986444405303],[157.7922715589867,91.63251150756672],[157.7967596762062,91.52813077118914],[157.78245972037402,90.73366210908927],[157.89681987456134,90.27610003622365],[157.94730548931804,90.07988485083308],[157.98900232543076,89.9175306886448],[157.99538347772918,89.89248611182897],[157.99569184606182,89.8409574803534],[158.00586543877534,88.26044522998525],[158.0097814618546,87.9232016809342],[158.0203034581485,86.9195648621588],[158.0722621287685,86.79554625593794],[158.1396857194423,86.63313570011667],[158.29850953542967,86.2470724708069],[158.43368519823497,85.92745452631904],[158.70297898734762,85.28952424025321],[158.7377177867157,85.20703718118686],[159.13723322985956,84.24023710396447],[159.26994667248687,83.92914743644701],[159.3333260317596,83.78006401850952],[159.8195164862232,82.63359720093398],[159.8630787554324,82.5334759622689],[159.82088308203546,82.49406428409974],[159.64662600655745,82.32904609799122],[159.55886289750993,82.24533751807033],[159.2259687431129,81.92671179685999],[158.62272664582412,81.35395494566944],[158.60986193920385,81.34169176646158],[158.05492069778575,80.80267415282208],[157.7959151603202,80.55401835919187],[157.60644908955436,80.36940768558595],[157.5167362393832,80.28088098445576],[157.3068652833951,80.07111611027774],[156.94924564588433,79.9174881263344],[156.06271681051822,79.53983734598808],[155.77783112474148,79.41982786219708],[154.92291504581203,79.0586856969401],[154.2058978470506,78.75205613530372],[154.07101808163299,78.69310778982582],[153.75359826881206,78.55662864281936],[153.57750397536483,78.47900613503367],[153.5288538377794,78.45841098249585],[153.17123136516122,78.30480587929938],[152.28756076576548,77.91270082207589],[152.1437366631805,77.84953061192483],[152.08072229885377,77.82174073959783],[151.7329062908705,77.67008563058019],[151.11647550575506,77.39764832123437],[150.74727257694315,77.25626293954858],[150.0891846179693,77.00106689115566],[148.66348357236743,76.45208010804191],[148.51596253489558,76.2596844026796],[148.25601408209965,75.92604651514654],[148.10028718096132,75.72662338053213],[147.79005024688192,75.3300546566955],[147.6801204155637,75.18229163233897],[147.28006691659596,74.6260439588699],[146.9800699598394,74.22285825786777],[146.7811903386547,73.94233650226475],[146.50232199629556,73.55044245803249],[146.42844389116797,73.4457271679596],[146.3861678540411,73.38839479687917],[146.17176527615115,72.1784160561784],[146.13542135574028,71.95622179688928],[146.13186662811802,71.93487151268044],[146.11021653046936,71.80493103519032],[146.098138987806,71.73303110427199],[145.92934887005416,71.0634128980936],[145.7495564110088,70.40505804963094],[145.69660737117513,70.38077000860815],[145.6618873876586,70.3646682095713],[145.5095407642866,70.29078874594072],[145.17239457049513,70.13371671869163],[144.82842022727468,69.97186816952374],[144.67439831237095,69.89971981207327],[144.6804708076453,69.97163924575543],[144.6845804181673,70.02224240411712],[144.56487778211533,69.97146038739248],[144.2434004574297,69.83566728755795],[144.10662389186982,69.77756165884695],[143.68534409858307,69.59969524344686],[143.44449968719712,69.49786851711093],[143.24950126962585,69.5454969943773],[143.21813355954674,69.55324464260855],[143.20083062730305,69.89083002509096],[143.1783553853189,70.39616309900856],[143.1768558941198,70.43205312855483],[143.15471587668836,70.95254442349896],[143.38666200334643,71.95887513441801],[143.42687419373993,72.13502577088136],[143.42179902268938,72.16940042507588],[143.39696037943503,72.3433929361132],[143.38867618478886,72.39842912160942],[142.93426991678754,72.61117877161881],[142.4192029034732,73.11758860883432],[142.3454261970549,73.19040230396382],[142.17541121122915,73.40457078329482],[141.99658900280699,73.62633212448992],[141.90326833340026,73.97807378510484],[140.7527120123615,74.06156991398089],[140.5646848738582,74.0549633460687],[140.56107583295884,73.95653824254447],[140.4358551463794,73.82067062283133],[140.29666783332038,73.67750017036147],[140.236378972397,73.4432491891885],[140.08520786604788,73.30427716771797],[139.74986640609637,72.99520237001312],[139.66973061281695,72.92189217170056],[139.14703058470454,72.7566009671791],[138.67020682765727,72.60762564887246],[138.47551525652506,72.19657820223853],[138.2627515085268,72.18212223650849],[138.2343665018106,72.14606431914167],[138.09504974579926,71.96594251340568],[137.47662016807863,71.16773520831856],[136.73625780910461,71.26645846563508],[136.61756303653019,71.29063361753401],[136.07496361481228,71.40318970101649],[135.78671918127887,71.46300867878291],[134.6295845913815,71.69724543347188],[134.43266621197648,71.09793277203562],[134.17207408665115,70.92744167540972],[133.33992006689164,70.89361059033732],[132.52627511695394,70.71494277390403],[131.21229492428304,70.92770824889749],[130.62530627135146,70.70887356548607],[130.6085051317712,70.70265642147206],[130.15986697677252,70.53628091341011],[129.8631086331069,70.77953707370243],[129.6993884021773,70.88830408774535],[129.7883005450968,71.11150589347302],[129.79470997447055,71.12757269942344],[129.92334971595903,71.45230699471477],[130.1244352012845,71.97302761090624],[130.1788928345156,72.11447005257403],[130.565366525901,73.10275350310684],[130.4507044645212,73.16625781166223],[130.20983761648893,73.2999165563053],[130.09706231675702,73.36200722513789],[128.87024693226743,73.87446122495665],[128.69742631017107,73.71597419032645],[128.0549045327961,73.45455646566597],[127.86040599970414,73.3752684162775],[127.6495983868214,73.29018038274096],[127.58113610870265,73.23569585680232],[127.16351913167844,72.8975047187696],[126.10084771807843,72.97701408904642],[126.04381023331615,72.9812800655417],[125.95283048149871,72.98807036285623],[125.95395281218691,73.0262165631696],[125.95463234193586,73.04963825907853],[126.00825412230336,74.7972896294039],[125.51761970178349,75.20469096494111],[125.42350194372148,75.50207471333982],[124.83849012153635,76.0010363277473],[123.73520457645887,77.09052363953637],[125.60743821935631,79.61381445739663],[125.4994997884342,79.97322247903455],[125.47465919987333,80.05585774694676],[125.46749151525259,80.08034766246568],[125.12391423027668,81.25935444676695],[124.98346749369796,81.81685372012772],[124.55075172499654,81.71960071566848],[123.49873918460455,81.53802431958155],[123.25202233558991,81.96559612843129],[123.4168267951749,82.31955628936159],[123.38232750704827,82.42195187319935],[123.1384065239059,82.39283826879748],[122.59844532679779,81.99631689915333],[122.27810680569156,81.57459692715089],[122.27404376206249,81.5695405215645],[121.95867202680773,81.3483184104233],[121.69471608498127,80.85581420971612],[121.76821045965562,80.36565287534563],[121.65885992445045,80.18441195123916],[121.46493311292193,80.06302490392672],[121.4506928078113,80.05407067682876],[121.42774489316201,79.97742545863434],[121.42679540730403,79.9742605975375],[121.32818381851826,79.62260551649976],[119.11288864800167,77.97554480615446],[118.40781503001827,77.2935270430971],[118.0514675414795,76.97814402958153],[118.04925292969938,76.97618408380842],[117.30350427874191,76.31450016946758],[117.28075054311722,76.50680995164825],[117.11650599352146,76.44161694900615],[117.24808366827673,76.27714055182786],[116.92267283245458,76.15495643366356],[116.60995924312428,76.1997468771698],[116.80214334172754,76.31042668275455],[117.11014991801176,76.3407801097248],[117.10272311230486,76.389490674119],[116.82560065266716,76.36982076059485],[116.73913337111526,76.40392765622633],[116.82882807382504,76.5064648767863],[116.49405587799052,76.56819632292009],[116.51485231870748,76.84316525376822],[116.25607949233384,76.95253765652978],[116.28031729497002,77.0845040127152],[116.21320196240467,76.96393110590635],[116.08810666588803,76.97268562176326],[116.11800193902967,77.07561717101149],[116.25848630401676,77.14256352519524],[116.14204644145556,77.11791255296082],[116.12167258983239,77.18913959775463],[115.97054936621453,77.01822414864618],[115.71076401486067,77.17566481707979],[115.36085341465225,77.21526907415182],[115.20334750427509,77.08949381068044],[115.03767619780413,77.11817722218976],[114.69036870533428,76.96482563348214],[114.56811666138705,76.87752254279978],[114.60173551391358,76.75761994485046],[114.54994191477051,76.76522855772382],[114.29508989050264,76.8058105751498],[114.29405033662816,76.9522318922431],[114.14556595574597,76.90824677251206],[113.84620241581837,76.96952573720182],[113.67668193760343,76.88120743855399],[113.37581846138201,76.95000544645573],[112.03652633369572,76.67955485537954],[111.90820720580331,76.65352620539058],[111.76810529891941,76.62548951849493],[111.43746809492893,76.56554580175681],[111.17281388497435,76.52104957990133],[111.13504764670574,76.57360475222532],[110.97086218612246,76.48261552725603],[110.39031578146654,76.69931216509114],[110.15454166036822,76.66505048499928],[110.04966630429429,76.7351609053621],[110.09806394263865,76.8264989791074],[109.94476202399369,76.97556522644152],[110.0978001226379,77.1708198266023],[110.07857252675377,77.34791735973194],[109.9162901830833,77.53869013317981],[110.9989286394692,77.72057703841652],[111.10857342566561,77.5722160655252],[111.29838342240471,77.52281314210592],[111.44510634746705,77.5322974369099],[111.88374096999556,77.5652894830649],[111.91080090364507,77.56742914690992],[111.95577558321989,77.57107412071178],[112.03604284709964,77.49105654216683],[112.06170840070202,77.46546794947369],[112.41109369005206,77.452219881423],[112.62438237568699,77.30702966629448],[112.8432598753015,77.34981062626544],[112.84249892734607,77.24703085202339],[113.28890741897737,77.16366223489214],[113.26593572321468,77.07887182297694],[113.52579037284477,77.36877435008611],[113.1414334959255,77.2302654715659],[112.92430924392534,77.31094169000241],[112.8976945949243,78.37643330983182],[112.89190236437675,78.68749074461297],[113.14486331711127,78.8295221988531],[113.47807364633326,79.24664890206108],[113.4887076077597,79.25991940619001],[113.50203794826751,79.27655893551172],[113.5473577069281,79.2305892739757],[113.58278585090143,79.19463926477144],[113.63031960844448,79.1464415951258],[113.6513409394091,79.16058855117653],[113.66670514996544,79.17090520978216],[113.9039640381148,79.33020114267228],[113.56112012126262,79.41420759803333],[113.71176200988096,79.81882613780587],[113.77731357376693,79.98532244840708],[113.79480727396096,80.02982920144942],[113.9523038580566,80.42703350483367],[113.97252516880638,80.47486444469341],[113.88804578092716,80.47177630324636],[113.06760619731101,80.50251402522846],[113.05284116716666,80.50307411987006],[113.03216393178586,80.58074362236334],[112.89779206503694,81.08226685683178],[112.36278657187444,81.17145435654659],[112.3152543654519,81.17795393198288],[112.1321308998266,81.27509160631156],[112.03293699603404,81.267898703118],[111.92509956747445,81.25999159645855],[111.89417731421763,81.25777240317441],[111.71995026903632,81.15944942010172],[111.50604778836119,81.18008995099748],[111.31911617784816,81.19554353275036],[111.25354589909605,81.38883254364463],[111.24734909537455,81.41724903113244],[110.87790031347451,81.43467604908874],[110.3876071449204,81.30367798033171],[110.10253363646352,81.22412353331046],[109.99768011939979,81.10102697556036],[109.77795670050531,81.0677270777225],[109.69241257852974,81.05505021549446],[109.46528209067694,80.87512694729031],[109.48637526248356,80.75867471823157],[109.41666303851176,80.66949781641425],[109.2791308570199,80.50013015881635],[108.30436614693488,80.15336819818246],[108.16397379526775,80.00951187915209],[108.14510652028201,79.9898970448268],[107.89071104432423,79.72583923562972],[107.7670455970594,79.59284039185127],[107.50770539053384,79.4564151290798],[107.53910825155724,79.34514275840169],[106.79859483047017,79.19495409360431],[106.83167203536871,79.12181804120812],[106.15593433466788,78.38118052291892],[105.79777364261369,78.33165518226815],[105.34691676402647,78.15743264942424],[104.75049249559493,77.96185182035772],[104.87862825440476,77.14010355765029],[104.20986888649995,77.06667150271473],[103.97661583083934,77.14932334263847],[103.71663864384654,76.98571822408141],[103.44521072163258,76.91827287594678],[102.8889304831485,77.0876420395799],[100.93993243501095,77.27974185166966],[100.04431991729007,77.4544423741013],[98.57142284469671,77.28282273112885],[97.87499095781217,77.20429347969721],[97.67014991413666,78.18108217674614],[97.61725630664371,78.43705176033053],[98.65920652575076,79.43170693111297],[98.5701948194037,79.50957858030922],[98.39004456827561,79.59842214329994],[97.98449782652378,79.80049196881342],[96.14886265409014,79.69728287966187],[96.03496493846684,79.69130619248963],[95.87544076381572,79.68278587500163],[95.34325717426144,79.65258214917019],[94.82976174795087,79.62359514808882],[94.75106670476696,79.62821184874186],[94.53561804759325,79.6355619897603],[94.15565096402085,79.65404805923188],[93.83257872170051,79.53358714839234],[93.45119338627394,79.3944016272449],[92.024849929759,79.31089567291868],[88.4732187766149,78.63487308990305],[88.44001440461716,78.62914148792046],[88.29188492763008,78.663140642755],[88.10547299516507,78.54675492411658],[88.54544533086191,78.49217964085182],[88.59826787097947,78.48648154120232],[88.94018883521271,78.52655588424699],[89.31373667176766,78.35024611443002],[89.26959337493474,78.14757437860271],[89.49513400923358,78.13851321676334],[89.42583203140157,78.01104717863947],[89.10971805402286,78.05256833666968],[89.10798282946152,78.00526801012609],[89.26000271383161,78.0087054165725],[89.3412027027002,77.84691567936788],[89.08316693062045,77.86225565401838],[89.0612367532241,77.75442419025569],[88.93587763318133,77.72082715948565],[88.64412550366268,77.64791183830333],[89.15524955725145,77.28742788138214],[89.18784045661612,77.26484298593726],[89.2936921523249,77.18199229902285],[89.87324237708746,76.91655122210555],[90.92420572779321,76.43610638484053],[91.95209385088243,75.63075693712767],[91.56145109165024,75.50476596276945],[91.68393041283821,75.37194498719518],[91.98326258010394,75.10909541679418],[91.41324682285807,75.24036708642049],[90.30616982917195,75.01690153423553],[90.17694197940588,74.99311245841972],[89.38633629635137,74.97942453997874],[89.09754815274866,75.04690325726075],[88.33220827055679,75.28563646087237],[87.61759338732097,75.41114430768157],[87.24554893043172,75.411339226229],[87.10734940091875,75.41439915505286],[87.01322022691116,75.48600499049112],[86.90988701371658,75.56474705174851],[86.48280328132708,75.90472615339839],[86.23058273885064,76.1046708222735],[86.09456690841454,76.2003989946647],[85.96139392697884,76.20539268022308],[85.34425577604954,76.23224239091158],[84.11313614762447,76.34351385538085],[82.65292470917032,76.44532688554169],[82.26862054386098,76.63259879814298],[81.93480888465672,76.66803363411852],[81.74469602784501,76.74913610317851],[81.84961559673522,76.77560035013686],[81.60727128026035,77.0638280805916],[81.33481248679982,77.22768938465998],[81.02027900816695,77.45332770240107],[80.99037990320976,77.47323463420346],[81.06376064005227,77.54312701732347],[81.1750502286273,77.5647026020661],[81.32088082508372,77.59192965940485],[81.46712934478333,77.61542659905396],[81.47979228090722,77.61845839649354],[81.34307192666758,77.67694265855451],[81.3193694900824,77.6861562599786],[81.25732231290246,77.71532956876823],[79.73577157958407,78.46707557825906],[79.348337226119,78.6679406973986],[79.11401779489408,78.80825875368691],[78.95162332927183,78.92371510943136],[78.35875354832439,79.29281403705575],[77.93689381719872,79.59747932632699],[77.88639799896477,79.64706547458178],[77.76425133542386,79.74207495407725],[77.7590902019018,79.90528605075153],[77.75751221630844,79.99558752181242],[78.23398656805614,80.76904980059277],[78.21850153963913,80.82628723594301],[78.19490907299715,80.86897690347814],[78.11213654452699,81.03519887187096],[77.69569443855208,81.26391889222674],[77.52928841078932,81.31958906736718],[77.4429139646595,81.35047084834966],[77.29733909352632,81.40690527314777],[76.50368397456302,81.69574932409535],[76.09650371731817,81.86267765020827],[75.75592283461447,82.14994091791357],[75.7445434765004,82.15984561828915],[75.73924550805953,82.19340559474433],[75.71825936054805,82.36751810891067],[75.71766834718434,82.38174450298871],[75.75379367593376,82.42832577934482],[75.77682578493355,82.45777608814275],[75.92284695712179,82.64037135288497],[76.20328872130773,82.76956440797554],[76.36472700311585,82.84353955824702],[76.56961047978791,82.89225096596181],[76.80776060436516,82.9726927393057],[77.43080831483672,83.20996540952018],[77.45320840102612,83.21923179924902],[77.8195441878535,83.36079411027272],[78.04498422085219,83.65641528034287],[78.15208899947395,83.79128311035745],[78.3612658478152,84.05455214139228],[78.44692657707054,84.0729492875038],[78.65851957155743,84.12544913815428],[78.94223071279616,84.18911704640311],[79.75500538587801,84.38071187418683],[80.01832750160123,84.4402803780649],[80.59468070049313,84.53947900257597],[80.89745966686456,84.64597946168307],[81.92274254315981,84.96760771352993],[82.41733220813151,85.12035673775694],[83.24000604483514,85.37567774682708],[84.000132542272,85.6215364620503],[84.4453123953369,85.79918953020993],[85.1790983837588,86.09188675684504],[85.89883974682976,86.42828179860624],[86.42310770154148,86.61832430662744],[86.49842491093096,86.64460640847983],[87.03895567415867,86.84608664365658],[87.86242129259426,87.22480978468572],[88.10179418671544,87.33390356046705],[88.25962522613264,87.43147874028985],[88.76065194992665,87.74335294968378],[88.85274476348228,87.82134629415816],[88.89582978124247,87.85855692341008],[89.3913905815902,88.2597354425301],[89.67419450164029,88.71294231387576],[90.54803060965432,89.20059748985243],[90.8845594199511,89.37109616283577],[91.85278700972198,89.77125378062559],[91.9366056370737,89.82347928178618],[93.12949177790989,90.57173715364668],[93.19609016069975,90.54696457653013],[95.02660104431627,89.8634207647996],[95.41332973935745,89.71429190520759],[95.90494522013937,89.59289829817658],[96.02944828104447,89.56217431955419],[96.36680450711401,89.47882597666262],[96.91939555877303,89.41387012062046],[97.59728109747182,89.33620381806327],[98.52081511592229,89.39102641238225],[99.20430496818616,89.49896924337747],[100.33333460921611,89.6812931909312],[100.63255895873702,89.75272376256933],[102.83873909892301,90.29032662893643],[103.23803558593178,90.42099113827436],[103.34480496116961,90.45146203781142],[103.4910021110673,90.50425206373079],[105.37752435667093,91.58467351613963],[108.28866585341848,92.65101952925015],[108.78237030551436,92.76450130849196],[109.15581843267995,92.85022249536155],[109.63042832938116,93.16995361985707],[110.42761106218353,93.47181222875034],[110.46345898641164,93.49041692092494],[111.9299031060089,94.55889650169031],[112.0038965597756,94.6134621739335],[112.00766139386256,94.6162619479815],[112.0160574933171,94.62348758156],[112.33472023034517,94.89727001475316],[112.5550787541188,95.09220640779847],[112.88534822777426,95.29889931437366],[113.0201704719066,95.38664588494058],[113.11584129668991,95.44905087335881],[113.33851422562518,95.59427091120679],[113.67627194258392,95.89581185627605],[113.79045249943178,95.99806300429235],[113.97968379895323,96.16744464727992],[114.27004376558102,96.53702601616156],[114.81506406432575,97.60939734656858],[115.97929258149576,98.65922470244361],[117.40395194955833,99.31953879350343],[117.58134495685275,99.35232091892918],[117.76273386254982,99.41348677282848],[117.94915478825992,99.46196686211312],[119.55017413338395,99.57746897656915],[120.5780418267169,99.96872325851608],[120.6058575678127,99.9830962323959],[120.67802426415244,100.0511734004379],[120.81035046041605,100.16043635983289],[122.2269487559259,101.77088674321075],[122.24634796514017,101.7915710332175],[122.51371075046151,102.0317560934337],[123.55390245981992,102.68433107282807],[123.7353962201104,102.8660577406017],[124.16399938780322,103.19062751167397],[124.30839355880768,103.24940193615885],[125.12296583507484,103.44928023291132],[128.00844917469212,103.646592830898],[128.05958532208817,103.65006215841413],[128.08273909900714,103.65171035941974],[128.47667989334798,103.73820344908657],[128.82839993338087,103.82349999349158],[129.27109756935695,103.71534411986468],[129.2395661912118,103.35888403732446],[129.3975481351351,103.20477709582778],[129.42999757234577,103.16259623242519],[130.76848643725938,102.95628106921473],[130.9972940651317,102.2916650819331],[131.1933751947409,102.08949092866001],[131.72847789744412,102.29383456753393],[132.2608881377031,102.85680136612],[132.49479328867176,103.0034532450596],[132.53263243161,103.0271857906049],[132.56049092339524,103.04466400833365],[132.73980568752927,103.13376379293524],[133.10595320110536,103.12679018494899],[133.37702758323368,102.92482751940088],[133.4917344012085,102.82679131555082],[133.67101249658242,102.82261580529834],[134.15624926467277,102.77153513744537],[134.12945078009685,102.5849219081586],[134.12836803400052,102.54907996433755],[133.76029560815337,101.8446475889163],[133.90895101712852,101.57966001928258],[133.61509726445996,101.18661844737561],[133.6057171681239,101.1775678400036],[133.496218984007,101.08069005859036],[133.4706593047979,101.05808660975512],[132.90497456151894,100.55799012168292],[132.7125456327425,100.03264747630513],[133.68912669837397,100.5616838322057],[133.71292979237276,100.57512592103473],[133.73915698490606,100.58994246490734],[134.5895543607386,101.07048746687832],[135.10376899040412,101.2445752856227],[135.6287067624202,101.29398837130982],[136.13087527384232,101.55814876062793]],[[117.19734157523015,78.87280135487042],[117.21188131826938,78.87568257866914],[117.23504202968819,78.9127407224729],[117.1996033542128,78.90383232959775],[117.19734157523015,78.87280135487042]],[[113.48407853128182,78.73988590140947],[113.45189996808895,78.72969098294604],[113.47067467308807,78.70964751975897],[113.49311590982592,78.73025474154167],[113.48407853128182,78.73988590140947]],[[118.46855914476976,79.78194162902801],[118.45004775908015,79.79787567503215],[118.40703904575071,79.79398752336769],[118.39916852954616,79.77485109037025],[118.46855914476976,79.78194162902801]],[[118.1872603684332,78.81667419615997],[118.26959317864377,78.84419263265164],[118.26795515655338,78.85864243292892],[118.18546838193163,78.83103898677871],[118.1872603684332,78.81667419615997]],[[118.31029100017207,79.15118121698134],[118.3670829377501,79.17587776101396],[118.36214459589328,79.19901264502738],[118.3051509667518,79.17422280174054],[118.31029100017207,79.15118121698134]],[[118.78308404257092,79.75094882721343],[118.82573283735506,79.78978141526423],[118.82513197070952,79.836736125199],[118.78386701550247,79.82249021121137],[118.78308404257092,79.75094882721343]],[[114.99341056835749,77.18338799580188],[114.92407433835677,77.14589944111249],[114.9320206643985,77.12240005963488],[115.01208572814265,77.16170826550956],[114.99341056835749,77.18338799580188]],[[117.7321965426604,79.221947849341],[117.77020506530803,79.24581059249908],[117.73280483986281,79.28664687913748],[117.69035647365604,79.25775912461862],[117.7321965426604,79.221947849341]],[[118.24428687469174,79.0315738906846],[118.2021863082154,79.05877176748085],[118.20664850941272,78.95477052170303],[118.23299780939902,78.95825798030515],[118.24428687469174,79.0315738906846]],[[118.57860671881554,79.69029684213503],[118.47955256974237,79.67249834386435],[118.47475418606098,79.63415324377283],[118.57947361413781,79.67291702875184],[118.57860671881554,79.69029684213503]],[[114.58340612975354,76.97067905279732],[114.65215522529839,76.98114390139563],[114.62295691344474,77.03775363998272],[114.5668964176914,77.02701662866338],[114.58340612975354,76.97067905279732]],[[113.46402160949748,77.10437732137189],[113.4559840224619,77.17581964253439],[113.37405403352483,77.13521483644149],[113.40884024093337,77.12318376292039],[113.46402160949748,77.10437732137189]],[[118.24248077183107,78.73567650739854],[118.28496126433517,78.75216976246105],[118.3502693536804,78.88330505801433],[118.22825889758478,78.81258165751629],[118.24248077183107,78.73567650739854]],[[117.84206860149365,79.29508463327747],[117.91130603058608,79.33714565286652],[117.87274378667229,79.39775589396436],[117.80373472000949,79.33587407163785],[117.84206860149365,79.29508463327747]],[[117.88683457498192,79.18086427477104],[117.99855957410865,79.24349432212814],[117.9693592586722,79.2897178669057],[117.87874265206443,79.23600904374112],[117.88683457498192,79.18086427477104]],[[117.62267144397583,79.05574060628723],[117.58090481783714,79.12703656560367],[117.51395298510391,79.0979005260254],[117.57181080833334,79.02387364291712],[117.62267144397583,79.05574060628723]],[[118.15513043279213,78.6136870235801],[118.18786912433372,78.53337062164766],[118.27703502444821,78.57635098856659],[118.26486966517632,78.65239117532039],[118.15513043279213,78.6136870235801]],[[115.79487090584456,77.61069866306701],[115.8134187421262,77.6947599312684],[115.6762231499402,77.67746743110557],[115.70269387615247,77.61444331160058],[115.79487090584456,77.61069866306701]],[[118.5639986798949,79.2135976457185],[118.429008878206,79.10018645006599],[118.71186793126381,79.14964068938346],[118.70064085877019,79.25641970110968],[118.5639986798949,79.2135976457185]],[[117.55612976353672,76.99306057946038],[117.31281951336551,76.95867609225871],[117.53253756485609,76.88721780198259],[117.3462383845071,76.79662587520684],[117.70628844372456,76.84158852924432],[117.70729219262043,77.05052659672319],[117.55612976353672,76.99306057946038]],[[118.02887998376698,79.25926284551636],[118.22653530482359,79.2676831490383],[118.26309732779234,79.1592605623957],[118.25906953060277,79.2402732655596],[118.46435537561322,79.3982624118358],[118.58665383160174,79.44457762099904],[118.51325550857432,79.35553695738248],[118.66072152168404,79.35499061110245],[118.69461946803591,79.4595075665017],[118.90438760165515,79.56162602436117],[118.899324351107,79.7681995434784],[118.68090475721083,79.54721581526263],[117.97479957568063,79.36335432880237],[118.02887998376698,79.25926284551636]],[[118.15513043279213,78.6136870235801],[118.18771946092903,78.81314317687884],[118.13133918960078,78.71845340984547],[117.92835143233503,78.71568486648798],[118.02510715631573,78.79760790674256],[117.94925788155571,78.92690889040733],[118.12988276485424,78.94464868513111],[118.16445233020937,79.04141822465691],[118.19712442167457,78.95351770890618],[118.16195044887482,79.11564982622563],[118.03097434159298,79.06748230660808],[118.05717587690897,79.19232226753442],[117.93507837097265,78.98541866539034],[117.67755501143864,78.84950709169348],[117.6245636611596,78.66297871078612],[117.55158686057194,78.89646420508726],[117.66909322364786,78.96580280380928],[117.46570037535867,78.94638801993467],[117.47105142789742,79.15024543209522],[117.33655568737782,79.04393854497624],[117.28486280600849,79.08770692099688],[117.22734257885233,79.0150187533898],[117.36243264683608,79.01081866796264],[117.38687591215167,78.86095921702531],[117.21288325602393,78.71457547338274],[117.30599220608059,78.71529672632207],[117.26726612617567,78.50422851887882],[116.95423460265548,78.35996616896296],[117.461996954623,78.36149048375839],[117.55982043538901,78.18335670817083],[117.7941464444436,78.25383663057418],[117.89891958118092,78.18147174980444],[118.08243131694388,78.28789816515035],[118.13130857449065,78.49293137852578],[117.95631352199166,78.46877249624542],[118.15513043279213,78.6136870235801]]]]}},{"type":"Feature","properties":{"level":3,"name":"Noord-Holland","regioFacetId":"tcm:106-353628-1024"},"geometry":{"type":"MultiPolygon","coordinates":[[[[106.34247449587693,160.9804707500446],[107.10034179210682,162.73412725653347],[107.34512015507688,163.46821025669684],[107.51377974872497,163.84453976257333],[107.71430755379808,164.36412001544616],[108.01119530131601,165.14797574378758],[108.37352371523444,166.15939409099974],[109.0179996276191,167.96034585232508],[109.06289758628694,168.39141203554777],[109.56529806274098,169.5062138874166],[109.82928414301806,170.3770705699247],[110.23068403082627,172.04391176402166],[110.32961225465668,172.29057767809408],[110.73779846993905,173.13354341242723],[111.30507014768271,174.1795656859008],[111.95442396585884,175.02514857121992],[112.45052899740516,175.66098808975602],[112.59401958284799,175.83529622832492],[112.77127940121514,176.05038270057534],[112.83700056671793,176.15223550852812],[113.13559955772337,176.6152400982429],[113.25381920137869,176.79659561481884],[113.34318628801304,176.9327255570837],[113.73101539933307,177.5242346399575],[115.94185901458457,180.9000802976841],[114.7145015682589,181.07680114014818],[112.54519672106488,181.3744830292818],[112.26902138661055,181.41349053352658],[112.55694026778755,181.9551981951854],[113.17624170638655,183.10049993109374],[113.28306617974368,183.33276884408303],[113.7351216647555,184.3137055055941],[112.62230805698154,185.14259390693093],[112.0886955598462,185.5484288557697],[112.10197594797276,185.6540321095099],[112.43859283208172,186.5705274508391],[112.65315035351817,186.6222279655977],[117.02798683951981,187.66308799385794],[117.46173549914826,188.8241944822913],[117.60676142065738,189.37747558890044],[117.81933392588694,190.20651957829295],[119.44149425483047,191.97728449059997],[119.61141942822272,192.16291245566842],[119.97669682192532,192.5586218155099],[120.41039396053733,192.9040618614651],[120.56348493676154,193.0247081009837],[120.83778864256276,193.19910480332197],[121.14954900917752,193.39206089788152],[122.05266630041493,193.93480633090195],[126.94264471014992,195.8308076701282],[127.75530384396336,196.15603566789017],[127.98855450704123,196.23645147921025],[128.14402854918376,196.2901517002448],[128.34610878236919,196.3592784090161],[129.81440824152256,196.8331890021814],[129.841681573038,196.84122366779135],[129.87852130145183,196.85087615700928],[130.221452372522,196.9495248550187],[130.3191541677341,197.21221323656363],[130.48768051304546,197.66123971814292],[130.63090666940778,197.78694145175655],[130.95780272720424,197.73593133160165],[133.5467366190168,197.47233221950802],[134.2147315962634,197.39954534428725],[134.84289745402776,197.29354827229798],[136.60276608480854,197.084061942243],[138.21178697067612,196.75011259659462],[138.49961284696195,196.68132918454256],[138.55281748028455,196.66915115698419],[138.89906854241923,196.59154039485855],[139.52151995617433,196.43755522956732],[141.16658551691702,196.03120566264414],[142.2014276485641,195.72114143293385],[142.7789157531754,195.56453757632306],[143.28210268115708,195.407504690876],[143.4191474759562,195.35427757521205],[143.97471500005506,195.16036408054543],[144.13789110432134,195.10357989043018],[144.31211631262158,194.89736925847376],[144.41786488564725,194.76834461383058],[144.4307840834918,194.74911806960893],[144.44365470384156,194.70130740459888],[144.48597721608732,194.64656506261565],[144.58673810968918,194.49998069915972],[144.8970472844424,194.11497041328462],[145.28018921622981,193.5717885868372],[145.43189896871138,193.40809007599117],[145.94103510232168,192.92320047511149],[146.60711105702336,192.23402201505024],[146.66587583872843,192.17024871363375],[146.8345465107382,191.98416451391643],[146.96880971345882,191.83609280347986],[147.34439782026095,191.3850088840314],[147.45234307881688,191.27000635547063],[147.71953154056592,191.01835268659556],[148.3064854875269,190.37961968700975],[148.32521310763457,190.36223523630161],[148.45126241619636,190.207455155516],[148.6677127142048,190.09511676700413],[148.6748259581069,190.09211434885043],[148.87025212379888,189.8262627504744],[148.9743678604627,189.62582854934263],[149.14259251911474,189.25757992652933],[149.2226487610719,189.0998479115263],[149.31424861183604,188.8840104045317],[149.8121107388446,188.00154619140528],[150.05661487882642,187.62827506698673],[150.35121986956565,187.18841262714864],[150.48451570727417,186.9733232061668],[150.7142497215541,186.47513299449162],[150.81551959596095,186.2089996874942],[150.92928635113356,185.39478879910442],[150.9577902425182,185.3625914916051],[151.0090402165969,185.3007623464352],[151.31600887981446,184.92403052616208],[151.91543342871722,184.18045374808864],[151.9669103914268,184.11462176202636],[152.06517415308156,183.98927486813395],[152.12856912573986,183.90866783588885],[152.26329249817616,183.73726908514925],[152.3340942063934,183.64991792637412],[152.56822349902797,183.35138841004084],[152.76177086656241,183.1013352919776],[153.40097571047852,182.22907226405167],[153.73043462399568,181.35073099745648],[153.92182327662348,180.83384443486938],[153.9337867211348,180.80735691495016],[153.75458591072098,180.14499226885346],[153.6050449678637,179.6354734115854],[153.50850638724629,179.29652850686426],[153.42061532946013,178.99864338439076],[152.9188118345487,177.1954889539321],[152.75135774401835,176.65784751797392],[152.675113751822,176.349338948799],[152.6132559191157,176.09613539975993],[152.58691094552722,175.9944588265788],[152.5524003385939,175.86067369580027],[152.55605248500612,175.69945328388607],[152.5598033075061,175.52810454803569],[152.28950000943476,175.58785619750756],[152.10157700462298,175.63054407134004],[151.98691379963023,175.58663367291902],[151.96389189295635,175.57697152349988],[151.44468064132917,175.3574256764437],[151.1971446570455,175.23057176401176],[151.1676615239368,175.21540588700296],[150.71393462930212,174.97182564799513],[150.55121017614326,174.8942178400479],[150.3350063630614,174.73042087462395],[149.90330171821117,174.41745099182216],[149.9304635516827,174.30639656290273],[149.74217430756008,174.0585303910952],[149.13127906464106,173.27162621859867],[149.101131376715,173.23085073064422],[149.14035537072007,173.17464764589442],[149.3258077005052,172.91034979883256],[149.6332095876952,172.45702362747352],[149.63454466176705,172.2141865972141],[149.57737932387738,172.1533853870488],[149.4978286981521,172.05984788353834],[149.01028817141025,171.49801013953694],[148.84173578821705,171.31676324527186],[148.67354872483725,171.16491694433512],[148.65090071984207,171.14550064214257],[148.4461280117746,170.94475317788766],[148.35698310445002,170.86602946462193],[148.3149166976934,170.83045063483854],[147.91280709743046,170.4959427045026],[147.58358119263147,170.2091020378177],[147.41982953782696,170.04942523274033],[146.92245679996938,169.5831749974665],[146.87610120876766,169.54618791896883],[146.37868082956874,169.14092335660825],[146.167715042072,168.97338097027767],[144.94716847089992,168.07114555623542],[144.82887086074354,167.98401623735646],[144.5383838922923,167.77032212084356],[144.38500914237852,167.65892134052984],[144.2968716784011,167.5965795300878],[144.00280947143568,167.3663218693182],[143.94860729032794,167.33020806770645],[142.7958003427205,166.55699143420534],[142.2379952178168,166.24050525505425],[141.91886671031418,166.05151425269224],[140.69044676459453,165.22177841954908],[140.3409968039856,164.99068110706423],[140.32665278050803,164.9813193799559],[140.3410025298913,164.98490275124394],[141.3998752209475,165.25400332023753],[141.8575936178794,165.36990422871517],[142.6730552857815,165.43021264557422],[142.80761800846628,165.43279695499928],[143.04481042373075,165.45057736212058],[143.8764573950197,165.50123376975077],[143.94904396975926,165.5021840407018],[144.37648371346197,165.50750358459064],[145.67185438340556,165.53286587136466],[145.86324939514296,165.53733562271714],[146.37431169072838,165.67233430597085],[146.52510354352458,165.7122550211077],[146.6841403768484,165.75036418094192],[146.81565673721366,165.73551959383187],[146.94157639917205,165.72487911701313],[147.144042667186,165.6981739386269],[147.29813434010987,165.48867108759006],[147.75003205057527,164.88116371177264],[147.822296682132,164.38756443468438],[147.85574463108708,164.14867958124518],[147.89016935507306,163.8952079944042],[147.94826486001693,163.46819867147445],[148.29037600529108,162.945539572247],[147.83245711746338,162.65538481085827],[147.08319042496973,162.165950579054],[147.04589404979822,162.144622289856],[146.70433937223373,161.95427470763204],[146.6745733157715,161.92113170524567],[146.62904121423315,161.87658664308594],[146.526532756233,161.7760837031226],[146.37031709696342,161.62319571441037],[146.36414041497466,161.61749559634782],[146.10335335684883,161.38432037470199],[145.54960735822195,160.96292388194294],[144.51363427423323,160.14659055057703],[144.3682971730566,160.0336530649994],[144.27467421041163,159.96346614085786],[144.21130330059006,159.9160499067931],[143.95071242187177,159.69952757424707],[143.4717872709387,159.29943484408633],[143.20402220569883,159.0683656952767],[143.01711204104373,158.20211250670934],[143.32102313564195,158.2574189536133],[143.9526224210428,158.2384245310831],[144.34391406253502,158.22652598463065],[145.27754015346312,158.20413439299534],[145.30747531583785,158.12652125467403],[145.40184993352165,157.88158785100285],[145.6196201413474,157.13261234306464],[146.33335354263363,157.5553035665057],[146.6158001833674,157.71536661656137],[147.14930195129276,158.02933363058466],[147.26113662673373,158.08793541321802],[147.97230332710927,158.54875378477118],[148.25037219115828,158.72979179934873],[148.29902784331165,158.74549799540588],[148.5075748273306,158.81120892340874],[148.51311720307126,158.81231038148093],[148.87149105133403,158.8046238090597],[149.3864111743273,158.7898938347745],[149.9388371579108,158.78736101435516],[150.01275655286364,158.71824845590908],[150.2564249532535,158.46430337773717],[150.28888172964668,158.4297664843624],[150.34540513009009,158.30155017194375],[150.3852158837756,158.2103089915518],[150.41034386797273,158.15239836518415],[150.42379006097963,158.12055355577988],[150.6419497196466,157.34235756998967],[150.64935520021442,157.31441247549415],[150.2727199883957,156.7756001274344],[149.96340147399388,156.34479438581275],[149.8574121491473,156.204137670035],[149.46469364317977,155.68388819920148],[149.4584906284782,155.6749016662074],[148.59051972017613,155.47104236799004],[148.3007741861619,155.40145492751327],[148.285461270324,155.39766162126176],[148.08956969568874,155.0417248577915],[147.26514146845463,153.807089423406],[147.03173792193024,153.43335120466364],[146.2039762812979,152.1393556919337],[145.92580000392076,151.70363592487774],[144.27575776208158,149.17108299230915],[144.05585007891912,148.83584554416382],[143.9650846577872,148.7051156649096],[143.91169041690964,148.62781307994345],[143.88706582940443,148.58197659217586],[143.83420789713858,148.495512642957],[143.15292321319725,147.31714790597687],[143.23515165275668,147.35429507562884],[142.4911697394152,145.83618086790477],[142.12666685583994,145.09604887150067],[142.0025120902884,144.83379031364328],[141.55074442497397,144.06453917844496],[141.49232770315803,143.96513381755904],[140.31071405247437,141.95776187533184],[139.65301254432242,141.15108359582837],[139.2663462114535,141.13577823260667],[137.66716569529476,141.10166440375042],[136.6531099558229,141.0815185316454],[135.13691834955176,140.4155124747514],[134.15141070486177,139.9782926151975],[133.26376063715492,139.58442731022592],[132.80423850886814,139.31167359970254],[132.81217911596127,139.52972467660786],[133.26861300453064,140.9020106867818],[132.8762153818605,140.91943470642627],[133.5697430765872,141.94498030613636],[133.640537978687,142.19133451853048],[133.09550542253663,142.4638394352554],[133.16591545488527,142.46020891706544],[133.23690569082737,142.6560080736571],[133.78466169417948,142.56617323044395],[134.0744483983008,143.23503107391105],[133.9506533234833,143.2434037418581],[134.12375450582755,143.59506985748789],[134.29871539116766,143.65840961631793],[134.2220069613932,143.67051127540782],[134.37226594887687,143.8369039346714],[134.4273753359244,143.96851719369226],[134.45911222117329,144.04449064898526],[134.6785461636395,144.57094827680297],[134.93660137176525,144.57391325807873],[134.73721639247276,144.66193506265353],[134.96045977963985,144.86309559262523],[135.11357817601723,145.00034215969006],[135.06937940991767,145.08522031258136],[135.11042945802717,145.1311649453491],[135.15959208480822,145.18585781087717],[136.058030597753,145.67261964463563],[135.8597047436741,146.33519948268034],[135.92053741949343,146.45152519919162],[136.1149927397098,146.80922336308538],[136.20713929517183,147.20091705761007],[136.2697562373387,147.46764260229895],[136.208000771116,147.48573615015533],[136.16222389983227,147.49914038840967],[135.80010369622048,147.12373937078038],[135.7316187185971,147.3269897785777],[135.9785991483572,147.79161858663642],[135.88398404693928,148.12223219672242],[136.08508307560447,148.44165149470643],[136.07785056812023,148.8627895119278],[136.21219181641038,148.8713694063002],[136.41484799244483,148.88442351402873],[136.6765800647235,149.19115537813116],[137.17770090495117,149.46273646530827],[137.43420055930522,149.42252115650783],[137.50211405691562,149.52300951611244],[137.6682353379042,149.84373361449622],[137.75605347737792,150.0169501066635],[138.01816256181132,150.29616579126497],[138.37176227718697,150.67509194421854],[138.46346788109287,150.68818719249973],[138.33633734393405,150.33022141061247],[138.40786961876927,150.24170784033964],[138.57084453809142,150.70448375789522],[138.6551909711178,150.83400418037218],[138.7112500715105,151.27740401518219],[138.2316965582179,150.82873916851014],[138.06886948768548,150.64074406374502],[138.02246110836245,150.7515334434837],[137.83093584195842,150.48284743845193],[137.68628386403643,150.28101192056474],[137.40953784786808,149.9050877142742],[137.29485200252617,150.0720884044709],[137.11407882933685,150.36748458178212],[136.52895324246515,149.68171768722624],[136.47156154920307,149.78600117720697],[136.98578898738776,150.89085852273917],[137.10632189139397,151.20535182229355],[137.12232341359163,151.2473010707538],[137.43818575912616,151.70664838357706],[137.4543791516889,151.79856309579117],[136.9825023848075,151.60391557592868],[136.8331355313104,151.47774285563256],[136.82359034301697,151.46973301702207],[136.67221881572857,151.395422424753],[136.49589359782215,151.28942825797964],[136.2189495192343,151.1055847655203],[136.08199643318085,151.01491110273207],[135.6756972250309,150.45151208096388],[135.18341729679182,150.02939128445405],[134.1615854569805,149.86476413184738],[133.23946932114507,149.2370419391134],[133.1477193572892,149.1745603031627],[132.79521724861166,148.93218597689008],[132.4948199468888,148.57322567693873],[132.43893696505964,148.67059868504438],[132.1118012436391,148.52563998822842],[131.93836604186484,148.3192172243952],[131.914916240299,148.31275268272665],[131.38794765912692,148.16694040460078],[130.56126219455783,147.9684482530702],[130.0051898079187,148.04298146311407],[129.40783735739458,147.80166042655588],[129.24654849878678,147.4284909459405],[129.121682762949,147.14481255379002],[129.16474709198968,146.83192107318976],[128.75167392862895,146.6221307116872],[128.47642682703574,146.2444037760127],[128.14446255048716,146.08328702439277],[128.02804186743117,146.02724363289113],[127.98152314005944,145.94208543928698],[127.79683436940105,145.60417138937453],[127.09364012989747,145.0833678888358],[126.52937421079301,144.9990107157313],[126.26775313337237,144.82943926938756],[126.09151387630297,144.71524828513182],[125.63825370718692,144.79915887004114],[125.44533997394483,144.66766696782253],[125.21071314616543,144.50703296386993],[125.02276949860672,144.66383278403242],[124.99969542499139,144.68312834292647],[124.96224405429777,144.66328360776245],[124.3465892201365,144.3358371753307],[124.24122961071473,144.27909527901724],[124.05087219874416,144.44225750335903],[123.9351055820427,144.29160939491732],[123.46409902614161,144.02898929814108],[123.19431621207119,143.87888365094443],[122.9618889830366,143.4373094885823],[122.73441597712339,143.3801032937646],[122.68249944630348,143.1379179285942],[122.46095589683715,143.18078136608247],[122.12342983586133,142.80000399302472],[121.848446262216,142.74930728863848],[121.28261821023546,142.3372055803986],[120.2184182757963,141.88729865207887],[119.74044164287916,141.87360873675323],[119.13530829526326,141.68098525011425],[119.11420710616078,141.67761890827],[118.1877710483557,141.8269730368006],[116.76542689859068,141.0042453292814],[116.17255450168226,140.9478511872154],[116.10995357403635,140.9158091855441],[115.78277350440474,140.74537936992547],[115.48530837533082,140.73119639671728],[115.39641330440892,140.65328144748293],[114.76489940569698,140.09684140717732],[114.20247766401391,140.5891907942086],[114.39920380192162,141.64590894812042],[114.47859838468273,142.06582029511344],[113.93493658826942,142.10804293577905],[113.23504057474918,142.16227011990495],[112.6620945023961,142.0340568653275],[112.39821530008943,141.89195112085002],[112.00642948667395,141.6873426129584],[111.82176104143969,141.5910621244715],[111.26031571662398,141.55214264714286],[110.91202321084604,141.9211140816014],[110.51345325599166,141.67886066994225],[109.12599628334429,141.1594885306198],[108.22598908557738,140.82387425124722],[108.21872084338182,140.82031263063686],[107.37580764244213,140.65258491699618],[106.2478975043539,140.62374596085272],[105.12137641380939,140.9421619617924],[104.84178136848557,140.8756113727425],[104.28209375788533,140.77210765639035],[103.25863300744469,140.94873380035762],[102.82244780441751,141.58797654075144],[103.1080486521515,141.9778870561707],[103.29397628790582,142.0603000361016],[103.75651805604306,142.2663990970504],[103.82070568904574,142.4685655931698],[104.23782875319529,144.050922547159],[104.24114716431373,144.0634889742763],[104.15382579482608,144.57566922410504],[104.13852460375671,144.6693989964003],[104.85657762254573,145.06834881043358],[105.58281620676001,145.51552232781864],[106.24024055337287,146.66758650777712],[106.38070478138673,146.83348861188713],[107.2816829617585,147.7682821733394],[106.2211999997088,148.01306802834216],[105.59538918280404,148.0123758869941],[105.57856918594746,147.94145536940457],[105.28448544237283,148.03956990899462],[104.88069577290617,147.92468660427213],[104.58952980592258,147.87616102398488],[104.31029670684569,147.98343466320713],[103.94810954232526,147.57083369293952],[100.66694024286365,148.83241712575366],[100.46726300490073,148.908625899183],[98.68724712748991,149.94416652534136],[100.40170986989018,151.94833555448903],[101.85595127145731,153.59092843689464],[101.93061897690987,153.6651533461337],[102.4745760503846,154.2778000771746],[103.34786078334139,155.3070323894913],[103.49005449964592,155.51143998611056],[103.56881770181009,156.18962501737053],[103.58572241860233,156.33520242897563],[103.1101523408305,156.4420089625793],[102.62957047066051,156.79599429717598],[102.37151338235147,157.25055521981028],[102.41901438139828,157.69245702645625],[102.70994958433573,157.8659808251811],[103.43107072284724,158.04769303031793],[103.96351438848099,158.04858409684581],[104.36747186771382,157.92758344587241],[104.60212345137543,158.11653351118633],[105.5125483359152,159.34801005590504],[105.6055350465157,159.55516609691597],[105.81877936602372,159.97128259161383],[105.88663443026074,160.10365140657478],[106.23788750855172,160.78584735048736],[106.34247449587693,160.9804707500446]]]]}},{"type":"Feature","properties":{"level":3,"name":"Overijssel","regioFacetId":"tcm:106-353682-1024"},"geometry":{"type":"MultiPolygon","coordinates":[[[[166.4318687760817,159.57322864071614],[166.23487914201488,159.9019080003504],[166.2357870849577,159.96806808919644],[166.23717111918688,160.08122688048707],[166.24471270874665,160.562332285417],[166.18426514228992,161.19182028178665],[166.1565016329439,161.2764265394116],[166.07729284072795,161.4830796646792],[165.94377275071815,161.65381521540812],[165.7885600170365,161.8520046185817],[165.75219046755643,161.87826902012816],[165.47165182548991,162.08487090426675],[165.14016805920704,162.33023714177904],[164.83669090955897,163.02109061021162],[164.69642919069673,163.3460397989785],[164.31223067539105,163.7515883638041],[163.85891588476468,164.03561014899108],[163.85183973198517,164.0237001106613],[163.7769277047354,163.89452583044806],[163.71194853149993,163.78389432850625],[163.62582040938975,163.80209300956162],[163.39429541096843,163.8618366662682],[163.23968107368697,163.76490324110543],[162.44234012706949,162.75424390791272],[162.04283668551471,162.23635481783128],[161.82350753874854,162.71818042551598],[161.65163199294133,162.780393914997],[161.2559220032718,162.419103334612],[161.19420714180964,162.3627306256575],[161.14811042616418,162.42403872927514],[160.86444128425921,162.26270488275523],[160.74408858127487,162.6097657005435],[160.7204343553464,162.82471967168533],[160.60983996154226,163.701735779511],[160.58516377527388,163.93900849007605],[160.543929156312,164.1201445023517],[160.21722627341634,165.52074235196858],[160.06372875119783,165.87873618943956],[160.0350233007942,165.95209178766413],[160.01766263122337,165.9960783782923],[159.79118043712597,165.89091376922934],[159.77969971242976,165.88511758235563],[159.74600932660204,165.86852606662947],[159.74593777966945,165.88543600661072],[159.74720075469506,165.95610932228985],[159.79166367758918,166.99997244090312],[159.8351599120606,167.9675281677317],[159.84194190882664,168.13324927427277],[159.84446465130915,168.18495624652633],[159.84634821113718,168.21510149511968],[159.81643354643336,168.34739192895032],[159.79603899555775,168.45088569236],[159.50769594936656,170.00154748325394],[159.40912742164846,170.6237445873577],[159.3027903002034,170.81253265229884],[158.88396709969308,171.0900518421932],[158.9201000116768,171.3259081503196],[158.9353677589038,171.42189601883297],[159.06606191192628,172.24366962745805],[159.07993737232027,172.32783880395277],[159.09581856739769,172.42837268079654],[159.13004393942958,172.6463562929774],[159.144842486011,172.7451569841357],[159.49461200518505,172.64896321750422],[159.60406547185949,172.6183514197505],[159.86793284718516,172.46625288356944],[159.94358211946863,172.4226380532745],[160.0257477569897,172.3766119194513],[160.10806154251478,172.33038754366527],[160.1190802715189,172.3242786335004],[160.20909798544236,172.49236026909392],[160.54061997281883,172.47702066583275],[161.46349134793502,172.4347253268853],[161.54021782402924,172.28414092755636],[161.540924013229,172.27965623652267],[161.5550636575615,172.18970073999773],[161.59491855789346,171.96043679058414],[161.59789928257334,171.94350454713958],[161.85298611930386,171.87877636246913],[161.92679708393868,171.85967275614001],[162.08579894874978,171.9532761038895],[162.09696797134032,171.95973474886745],[162.4399571198548,172.15864170250356],[162.44185533115706,172.20027228147904],[162.44808860729333,172.28859812049984],[162.448289157552,172.29120439096843],[162.47446908738226,172.2888581518037],[163.13723624211468,172.227558403819],[163.24133360924782,172.29641710375748],[163.5021474339425,172.46365293823604],[163.63468801198385,172.54876979659028],[163.66877671419962,172.60130414203388],[163.7733183288375,172.76134759774737],[163.81492769134562,172.8220288791243],[163.78097084083606,172.959472372779],[163.6750967360295,173.44342632977143],[163.55852132257888,173.73479630432158],[163.27730891375893,174.05993875770076],[163.2560721596554,174.1241252566907],[163.22052694126356,174.23687984112013],[163.00177458249146,174.6760388257669],[162.84782286901682,174.78752755293323],[162.5191691691925,175.02508905502793],[162.4933371429583,174.98728701160292],[162.47053913374768,174.95371122741562],[162.40548049154032,174.98868081905044],[162.3827433608797,175.00068451390794],[162.35871134131128,175.1105229151404],[162.38210434174553,175.21219559175907],[162.4055976155117,175.31273608180686],[162.78128008648054,175.72506730394412],[162.7998864008118,175.71206513561077],[162.84175270576694,175.68285871905252],[163.06445251370985,175.87752580111987],[163.11861005819463,175.9691012545967],[163.1473121947698,176.01756407364505],[163.1653745434234,176.1906081076512],[163.17202883055805,176.23723404162448],[163.16000106919716,176.2851210827265],[163.1456013594013,176.34403070146465],[163.108277017405,176.51985531270063],[163.02815624572952,176.53822509830232],[163.0682059989284,176.68639201409647],[163.03058761312133,176.90967333689267],[162.89448778634545,177.08903178602537],[162.88815149787294,177.25621829954184],[162.86467062129114,177.9353289990445],[162.8501959631963,178.2760825539686],[162.83137845301553,178.75416797882085],[162.8206760006187,178.78103994477328],[162.74645925583977,178.9681158492966],[162.5884760108066,179.3085036614613],[162.48672763373116,179.3364570032785],[162.42306499382948,179.4291228680314],[162.16903277060914,179.97210779876838],[162.16333533136563,179.9809270440332],[162.07061204716004,180.124139468904],[161.97922748005686,180.26595782882248],[161.93324275430604,180.33734550679839],[161.8645752328611,180.44720442897625],[161.86211079662712,180.4511728887859],[161.84334189811514,180.47191334383834],[161.69514473710956,180.63589869867624],[161.474924894304,180.74914848146977],[161.4612430058829,180.7517798287687],[161.19257829508228,180.80519243601077],[161.18421500272137,180.80652552915515],[161.1854708646398,180.8137030199197],[161.1898035491516,180.93368953307484],[161.1110305355065,181.08975079204228],[161.08456510575112,181.14222140039126],[160.9979296518708,181.31591028879248],[160.94611009522,181.51612323084947],[160.89872297453317,181.70099908039273],[160.84838710628853,181.87057208653877],[161.23159868096081,182.18531551319893],[161.27629777842554,182.19677822628262],[161.3423321268998,182.0136899546959],[161.49544395409498,181.90491556181203],[161.54970529083164,181.7528334049138],[161.55074000861498,181.74950240325416],[161.52982203609614,181.64377348199704],[161.62876319035698,181.6945298089059],[161.63922183903873,181.6178740517937],[161.64529650354245,181.5734723522335],[161.8291106188583,181.53810990607036],[161.8723405005628,181.60299927234763],[161.90870364857733,181.46935114757213],[161.9650053864233,181.45487967753132],[162.0091214311514,181.44389745494806],[162.21361021338333,181.2056296475288],[162.29479166037885,181.32518534444372],[162.56428654905883,181.42101292218211],[162.62152648413633,181.5866480848107],[162.65804676556508,181.59989215398443],[162.77431647176164,181.6421992030871],[162.88201530807046,181.8546401590972],[162.88559137865005,181.8575814217271],[163.04337709950818,181.97808876204635],[163.0302649005746,182.14470916191857],[163.09133391124902,182.1654975282413],[163.03494295534387,182.28093600458072],[163.17029259676633,182.29226768474774],[163.1632451674478,182.30401151232692],[163.11376621884614,182.38522535265105],[163.43891616460877,182.44599909428197],[163.5376168657555,182.3136946582245],[163.59764010356156,182.23198848111804],[163.60186800398918,182.315356517677],[163.60639586610245,182.40209690077947],[163.6603695091091,182.4822316034046],[163.79764307832448,182.50694320100223],[163.81876826048676,182.5105798055052],[163.90754042889057,182.52333236659427],[163.92377561480436,182.40664858356106],[163.92730840476986,182.37854697729597],[163.93380205112132,182.32394201124202],[163.94810573514306,182.20240505022048],[163.97574085513423,182.09800499124697],[164.01024365054408,181.97027103905174],[164.01711203986233,181.9448001468964],[164.0990953240713,181.59112927735976],[164.16958328775056,181.56530026445972],[164.26040214557887,181.30928833695023],[164.31608346293046,181.33688795041087],[164.47522905845892,181.40540025884945],[164.813750555581,181.42344293332968],[164.92656346756976,181.04980461925408],[165.15464610056793,181.18217633968183],[165.30653972065306,181.27306120101855],[165.47383735237725,181.37320601613578],[165.4592024175492,181.4264245530307],[165.40107079235412,181.63453301171907],[165.3202492194526,181.89929497839978],[165.48047983185182,181.93042749470385],[165.83830424794309,181.8072662952848],[165.86618599997445,181.79758462209054],[165.9245151363216,181.89387285399553],[165.95255389862382,181.94022853828812],[165.98823664235368,181.95788681391522],[166.04365171736163,181.98531894545923],[166.32122590738308,182.10810506770682],[166.607475596085,182.26288675734588],[166.82017651769118,182.00923424520352],[166.82460141951364,181.9918399847483],[166.8663590266531,181.84462116865814],[167.41922457535662,181.19026113095663],[167.3536875881038,181.17321999291212],[167.56401874372762,181.0257652424167],[167.92314429717894,180.593684622303],[167.98924612403047,180.56743427191432],[168.00155470918867,180.56241997967106],[168.059111433904,180.5391784307474],[168.13287278415146,180.4371519498049],[168.1783976824558,180.37439704856152],[168.2941316117045,180.2145216900907],[168.34549905176146,180.1424066079137],[168.69332057643612,179.65387355909877],[168.6794250102133,179.62979987908398],[168.51497606073335,179.34410175050795],[168.19386692473884,178.97379924715233],[168.03788372921093,178.791451620682],[168.00294019507248,178.69693474830615],[167.9771046762972,178.62674811144876],[167.93874228099082,178.52420700970282],[167.86187408491494,178.50564731173716],[167.82409516436354,178.4959240364184],[167.62884919734057,178.32473762120074],[167.01603945470472,178.11515211752572],[166.83046718680725,178.05286804446172],[166.6724072419944,177.85708375862396],[166.66748096043167,177.7571398915258],[167.08159135348012,176.773084218479],[167.25877773818945,176.34249910152212],[167.4170478880812,175.95879587518118],[167.42401783850204,175.94190138617734],[167.56296179620261,175.51100394031346],[167.58806017462416,175.43375836083914],[167.64212585525394,175.2151279015124],[167.79094304195092,175.18026216042978],[167.9426521986853,174.9606119956672],[167.99012857134306,174.88926960211674],[167.9402571041219,174.78704951016428],[167.82736044995997,174.56037759842235],[167.815162116491,174.53747584122166],[167.89855525942676,174.49603803593072],[167.93598044547005,174.4771379448309],[168.01042575445797,174.43749376635074],[168.0913819692239,174.3945980458501],[168.15924346109608,174.3531968076282],[168.33287274498218,174.25200076788923],[168.29971708075533,174.35542411672031],[168.35526331082698,174.37364256034138],[168.33024468422195,174.4377565869812],[168.26343045300018,174.62681276707985],[168.3927584867473,174.6761815879867],[168.4416350045591,174.50898157097066],[168.46427200698662,174.50403284298147],[168.53010246256719,174.4903061691076],[168.5503161342802,174.32516143030333],[168.60363409528418,174.33569435558206],[168.6182997920199,174.50292238469464],[168.67603541633954,174.6087494458372],[168.77697078623174,174.7881654491453],[169.0279338569328,174.78276255490908],[169.0411376082185,174.78253810410038],[169.05434611659385,174.79582336703857],[169.14070085433016,174.88181586896593],[169.18220093667546,174.85904733221076],[169.2186386500518,174.8399319340234],[169.1939846975994,174.76203451742248],[169.25555874746175,174.6727016376015],[169.54541901762087,174.59165486831853],[169.552152294486,174.45797922303598],[169.65940043811815,174.3670355040075],[169.82229569682954,174.43048808064032],[169.94151542448736,174.25167233098972],[169.91995117910824,174.09235485741704],[170.04162276071622,173.9232339970523],[170.25118753381003,173.95323090800258],[170.37365064062874,173.87702731080094],[170.3875545666677,173.74498253137753],[170.49679787248047,173.62503538850677],[170.5004811808074,173.6250830892902],[170.5744911100091,173.6258840405439],[170.6039660009664,173.67692326644942],[170.71357533127758,173.86343479790918],[170.81924566436686,173.78476648318698],[170.8736402345263,173.74458488309836],[170.93286380754392,173.53939005393988],[171.08053634328326,173.48680202282213],[171.1314494899661,173.46864234083546],[171.14074432477577,173.51694772114433],[171.1757816106172,173.70109448562073],[171.47773975800965,173.7168324216475],[171.64435746525086,173.8939940194643],[171.84869647291873,173.89239494664326],[171.85637075680148,173.87525666950057],[171.9655833636992,173.629842057847],[171.88698502491326,173.48663142444917],[171.9065922299071,173.26456872804607],[172.0694829408145,173.13364654950072],[172.10830001492246,173.01561950363862],[172.29311937058435,172.97899047871167],[172.4434250383527,172.692111322464],[172.60377986341484,172.6125631554039],[172.60923103204217,172.5066753742941],[172.76936349886705,172.48069984641535],[172.8915583378531,172.34196256555487],[172.86625892258465,172.10715649612365],[173.03636554460417,171.8996852542528],[173.03634027321374,171.8727128688791],[173.02798998104868,171.69237530925],[173.08645662252536,171.67641178535956],[173.17969974979184,171.40952777334806],[173.12904916594314,171.19025610303515],[173.2277591099516,170.9790196478981],[173.21648461932202,170.84686225016065],[173.20994746423963,170.76866743178053],[173.30692493940688,170.65195600220974],[173.37023018868143,170.69517880356523],[173.39631358916114,170.4845970506593],[173.59282818937166,170.63047125360058],[173.70847810436393,170.83237350182188],[173.90565141324146,170.74428792333566],[173.98475046460328,170.83813943034252],[173.9696310062577,171.01541929879443],[174.05274403283588,171.0806460473656],[174.13815907451635,170.95093219538643],[174.2738856299857,170.92397066951443],[174.2912295984358,170.91925117864363],[174.29637292050174,170.95598487462956],[174.32679164014746,171.12253283037768],[174.4193494916067,171.19901412202688],[174.4900451327611,171.25461043456383],[174.51496265591197,171.46282700731672],[174.5909703319725,171.47285500917235],[174.62306246648612,171.4203753014836],[174.66573093612163,171.35363694164295],[174.71441815920485,171.0566795145829],[174.73057127996177,170.91180538744146],[174.93070024624657,170.66578934354845],[175.24909654123198,170.5393683134066],[175.29312329965987,170.63314777686347],[175.41910535727337,170.646837744395],[175.42871243345922,170.71211973481024],[175.47141715181075,171.11190754062332],[175.6445455856931,171.18676345029345],[175.86569993491625,170.8290412831969],[175.89317713253112,170.78317249452218],[175.99172277940818,170.78122985812217],[176.0097537163266,170.78061939016612],[176.25028322302347,170.77282197994248],[176.34065855270148,170.7289030711174],[176.60138401887366,170.59517040071813],[176.83047972077347,170.34864069308003],[177.00206008496798,170.35119560910312],[176.87948239791234,170.98852037218631],[176.66955027527516,172.35000655992553],[177.32198491928642,173.1099650863552],[177.5414824877945,173.39951823788527],[178.9202338802947,173.72012622360265],[180.24266961701193,172.60897870299823],[180.26267551000956,172.59184418774515],[180.63176983436324,172.28615554290576],[181.3105826229289,171.84436032934994],[181.2906257473462,171.5223069065441],[181.19794773604139,171.4281795521269],[181.34807606747768,171.26932097906985],[181.3155396002441,170.60605488688884],[181.31439348028198,170.58343548449793],[181.35421850422324,170.5064535172844],[181.48335380655794,170.45545868943745],[181.49172560107948,170.5320460963398],[181.65239928221843,170.43290950364286],[182.0778879456181,169.6311647553331],[182.10890825772407,168.33133875899398],[182.1113182143856,167.9856119240455],[182.47044876856256,167.50836476157252],[183.29425736594163,166.44295693012134],[183.47219497490494,166.19371931783766],[183.4787242215778,166.11850619326327],[183.4899219607511,166.05975857060378],[183.43649821047381,166.04588536290632],[183.14235341786622,165.9287046932011],[182.8259560677082,166.16852343359474],[182.47119381643546,166.29069561385495],[182.40407031108882,165.6034304639874],[182.30196648241682,165.43863617839656],[182.3125119299352,165.31590386519332],[181.41416689830237,165.74384786307567],[181.62046080386003,165.14299790330705],[182.10224058618203,163.75019345754515],[182.2419144348596,163.4445837969908],[182.40088050094107,161.82787007281777],[182.4760629478682,161.05154235810727],[182.4858647641766,160.9412071153487],[183.2166420760261,160.24730150924552],[183.38086252027568,160.09064060352793],[183.4984476163627,159.95985759472038],[183.78645729564477,159.6395395375249],[184.08808003769468,159.3013215892525],[184.39719382129886,158.95388735841084],[185.09546711333005,158.48141316363632],[185.48524718426637,158.3985751027519],[186.05207954036095,158.28581839249466],[187.44082871914145,157.99611544321243],[187.5383371938617,157.29919285269503],[187.78864173661557,157.34615462558153],[188.7638494584205,156.72647991425384],[190.37398264333683,155.70038458602653],[190.52132692895594,155.75206362812548],[190.83952766175287,156.1695886006488],[190.92119075479155,157.1443695066339],[191.01629596562492,157.66374071834096],[191.34714653337105,157.88780390043792],[191.5479022739834,157.68500918176983],[191.90523738307675,156.9862920061421],[191.9963010125386,156.8067641965109],[192.11197217201118,156.57935380410586],[192.41162526129852,155.98549880218224],[192.78695620389206,155.02084502336385],[192.8529679418042,154.79869489778926],[193.29945482838716,154.35798138990057],[193.9257092414175,153.04775797120396],[193.93925370147662,153.01960091612426],[194.52287616445088,152.77503702968414],[194.64939467345857,152.82572584612018],[194.78332209533826,152.7089879706079],[194.79538579142883,152.51133599504314],[194.9811874970161,152.20565194434812],[195.03437571968658,152.12028488310196],[195.47894960538986,151.00789101724502],[195.568101004457,150.4057935444177],[195.68132187624414,149.59022716202466],[195.23745882111797,148.7349132595497],[195.2629662739584,148.3579015177525],[195.04322796948685,147.83542939037363],[195.11011874077275,147.5829149725477],[195.0589701600262,147.36132722919942],[195.12801326305413,147.27412595033454],[194.8430617138681,147.12077594426688],[194.9474613941939,147.02990323855448],[194.9142230925902,146.8058198661918],[194.72337009182897,146.2276341901265],[194.5873325451372,145.83753810228131],[194.61776076135908,145.54456621295594],[194.70893458735605,145.33564878350157],[194.78196566320142,145.16795664426812],[194.739338279005,144.94977809489134],[194.81254642849987,144.67054782634094],[194.95141842389458,144.53589538091057],[195.20773717738132,144.0076780448251],[195.4416516666243,143.52758208095116],[196.12512165710672,142.8026996691347],[196.384798452126,142.52372618353027],[196.27156258907996,142.12367829633774],[195.5342597505042,141.7340106134149],[194.84427534695288,141.63009325185894],[194.26123712962794,141.89770500326094],[194.1126044032875,141.8609093125848],[193.63937465585005,141.7434598665825],[193.6541524278093,141.62514867140155],[193.5259433505902,141.4913600008023],[193.38332046599317,140.513645431866],[193.0415449804785,139.72300950029785],[192.80800832928213,139.04317102652627],[192.02977345688032,138.92998952446098],[191.99922268363702,138.92535104043458],[191.98638937676188,138.9234133241366],[191.56772286020362,138.86235655267905],[191.5401406470439,138.4877542257404],[190.938112089305,137.75481997758786],[190.88068719836363,137.67989838205557],[190.9255113408052,137.67268464718825],[190.80306666681855,136.48478850831756],[190.74572204283402,135.90024122226365],[190.73847724763397,135.83247538537773],[190.55535196847683,135.69809353771333],[190.22802480763164,135.19356874967468],[189.2593375872831,135.15662996798153],[186.09707217032636,135.50896446104196],[185.63949043479158,135.86891072441222],[185.53610770691432,135.9501318090825],[184.93102697843761,136.19252300183098],[184.46452770475423,136.54773605007045],[184.7751182378049,137.2999404966573],[184.76310710401992,137.55778360240862],[184.7458310646433,137.80498200817595],[184.66213358859684,137.96579544594698],[184.73128055538155,138.07462588644398],[184.70807903907559,138.27844091111527],[184.6068872992529,138.3904614650238],[184.71713404955403,138.5281175056876],[184.7045579918596,138.6169462072329],[184.6549601178546,138.830301558377],[184.5713473808902,138.9861250369247],[183.8528934610805,139.48273550133925],[183.70339045920767,139.59109388079673],[183.61960904019315,139.1920948805676],[183.4608760646234,139.43870532014478],[183.41803769054889,139.501962330926],[183.27537110477795,139.602386049098],[183.24654933824556,139.51231932702197],[183.12758498541837,139.5290565485055],[183.15338772101705,139.32116480571338],[183.05779727478637,139.31747769290826],[182.8200320427714,139.03071734563633],[182.64112569786823,139.15983269013415],[182.48640641862306,139.42015077562914],[182.55412033709013,139.6483195750637],[182.39620390510674,139.82143453271794],[181.99442132711812,140.27663675783168],[180.9894347755525,140.06990319366048],[180.96660481628743,140.0768694592589],[180.152853611171,140.3983968268442],[179.8296668391191,140.49899729987578],[179.7397529977319,140.5285273170461],[179.54664651316733,140.46432255832244],[179.1586140315103,140.33470137210546],[179.08765721977022,140.50459704602176],[178.74184371017424,140.69987981091748],[178.72901310669766,140.72624697338057],[178.38463868840262,141.40311022887084],[178.3529947201205,141.6611911126572],[178.3333460692687,141.81905573752815],[178.3312599381415,141.83821183017454],[178.08630294310217,141.92860159490363],[177.94742542659515,141.97962768179798],[177.86690556032661,142.07994097235704],[177.81422104531612,142.19446304365815],[177.80836125271497,142.20729230780736],[177.54363981393016,142.7850065341573],[176.94325449900796,143.57062251063311],[176.841186398989,143.8293509612809],[176.7778706771711,143.9940093616457],[176.72615524058935,144.1285275746425],[176.51182394548744,144.48059452346521],[176.50689384908551,144.48866921733133],[176.48893398963207,144.6221975598607],[176.46446357755576,144.83756206236916],[176.3007408187703,144.91806143583963],[176.02514684020835,144.92993414108437],[175.83232187845047,144.93837302084523],[175.70899424273125,144.94522736750193],[175.70157826594115,144.95005146972545],[175.52264851187846,145.0747674023091],[175.46558866840385,145.23079706718195],[175.4227246032659,145.20043577527045],[175.08599195855803,144.96205317579071],[174.64776207124797,145.0352922473165],[174.62851352453973,144.83466356730335],[174.4095810141388,144.78250185544042],[174.4228280835977,144.6658891695973],[174.33214982486194,144.69557013449602],[174.33802216843762,144.64779493296527],[174.42020047176172,144.07847207196883],[174.05702310229285,144.1178372859611],[174.0106188296802,144.09201917290517],[173.9239043424607,144.03831773007377],[173.28426483022992,144.07932274368451],[173.24050539777446,144.3324519475044],[173.12505939617913,144.37732047266346],[173.11205453267533,144.47663266629596],[172.50672480565194,144.31268196404943],[172.5214775662611,144.20403114259193],[172.3247123693316,144.33604443332135],[172.18631589641853,144.42604846011628],[172.11674226391423,144.2978740031574],[171.9202958185692,144.2863955646069],[171.7465760711446,144.397309164384],[171.56321091232985,144.36071419063157],[171.5580861108241,144.3597830305868],[171.25742672227318,144.54632247277374],[171.10825046335745,144.49669375792362],[170.88206121423283,144.70880648675117],[170.97289699220647,144.33553116342705],[170.51978789338284,144.5934254141386],[170.15668756959852,144.6106602482407],[170.06022178257518,144.77189268710757],[169.95372190762072,144.96439168429387],[169.83483972894322,144.96364537187833],[169.49478707938056,144.80675944590155],[169.4897125801501,144.79535419901237],[169.41717408321733,144.63731568703645],[169.57854394244518,144.53352475278515],[169.56495191886373,144.46004305138504],[169.40573425020324,144.59561679689193],[169.62434882451532,144.06331517731465],[169.58387277491454,143.98371998142494],[169.5291045630125,143.87558143624062],[169.5129056049281,143.84402477197835],[169.50962623211066,143.87594863685297],[169.4993239166664,143.9835753983999],[169.4821426986648,144.1639525412076],[169.39245307288652,144.37347371270113],[168.98515004398556,144.62093040009088],[168.89297041080152,144.81989451045823],[168.790516751644,145.0606680916214],[168.77379256399485,145.43918973753804],[169.0692504098875,145.82692303865352],[169.0594453258537,146.03616447645263],[169.00256249213916,146.09931956280127],[168.94306983618432,146.16083863089105],[168.76663036856075,146.0342945358473],[168.5082257772733,146.2941248495982],[168.1588323021279,146.46220071392457],[168.16000804765022,146.85779925929853],[168.27742711175097,147.13400566347804],[168.10531116904608,147.35007655555904],[167.95983055688953,147.9571324835436],[167.7832167155086,148.24825338644348],[167.72012418342717,148.3531428401837],[167.65853651154256,148.46412000119625],[167.5579028561558,149.23571023471288],[167.38509041023661,149.56500547852005],[167.31480167074577,149.83044481790824],[167.2355468538379,150.08363527630718],[167.19660914330387,150.21193800865817],[167.10280788258166,150.1962302865633],[166.91654099041665,150.15143209744247],[166.7046743512498,150.2684546581106],[166.62362913861648,150.64952727825926],[166.63957719642747,150.9628387024403],[166.52731633541845,150.97890151178396],[166.44601799904444,151.3694338900852],[166.21410450678866,151.35252323306204],[166.0550975928863,151.40195307655318],[166.0359882838906,151.4795535559796],[166.04053788687526,151.57255892599667],[166.04342759474525,151.6373636946937],[166.12272314683284,151.66684485831303],[166.1437696234185,151.67466999579034],[166.14490077925223,151.69228784833712],[166.16392761397015,152.009490234604],[166.19500261702706,152.44961880545424],[166.1390677655151,152.5325250921544],[166.18608687799056,152.81519085897713],[166.1083246643562,153.3714764260293],[166.07196107638492,153.62816088315915],[166.11448244948554,153.75032739082673],[166.37435895663583,153.83684297874004],[166.57411596971974,154.0338643847282],[166.41214895777037,154.28392562869897],[166.12903047940225,154.41973357619875],[166.06429579381447,154.44990851986714],[165.99181485499983,154.6449658826747],[165.99777327313927,154.91223985343663],[166.1234470571618,155.0805566154741],[166.54999880897827,155.2364403641193],[166.64940015592168,155.2675648074832],[167.02615886396853,155.39172445157536],[167.15594430790128,155.54720736862646],[167.21374510801127,155.79684929317455],[167.17657550370336,156.0646861709916],[167.13792855023962,156.34390550294688],[167.23376854726615,156.82070419216518],[167.15566714776003,156.80508604085517],[166.90511890901038,157.0321282772165],[166.76496540665246,157.33151088772283],[166.723814611161,157.3546109734454],[166.64685940063052,157.397938674703],[166.7110598978063,157.8224614688458],[166.6504649801213,158.19998706976745],[166.65433469627726,158.22334429528868],[166.7306018571621,158.64542379613826],[166.65790038266502,158.88956386595783],[166.6676026062132,158.91408705047428],[166.72975664004588,159.06107063007533],[166.51311568640926,159.4288081295061],[166.4318687760817,159.57322864071614]]]]}},{"type":"Feature","properties":{"level":3,"name":"Utrecht","regioFacetId":"tcm:106-353708-1024"},"geometry":{"type":"MultiPolygon","coordinates":[[[[123.95458696317996,137.45800916317071],[123.31856568727243,137.9777548763654],[122.01616643767962,138.61155658688824],[121.32765296900135,138.58999223557186],[120.2909864104489,139.395304487185],[120.2606890280081,139.60181514138137],[119.83700443779402,139.7692658021101],[119.83087169972751,139.89335406541298],[119.82781285215022,139.95541575633897],[119.16829397709637,139.7891092846513],[119.38123913988342,141.05064926023937],[119.07079918663642,141.35314366326543],[118.99630629998661,141.4303030094925],[119.05801203635235,141.68289738408424],[119.13788877971017,141.6940995239576],[119.74044164287916,141.87360873675323],[120.27678546517689,141.90309319051582],[121.28261821023546,142.3372055803986],[121.87186155924579,142.760977961863],[122.1221541590383,142.79920769553928],[122.46095589683715,143.18078136608247],[122.71218691309481,143.16427265939043],[122.73441597712339,143.3801032937646],[122.9618889830366,143.4373094885823],[123.2052640311937,143.88862664147888],[123.45982569064164,144.02898967535003],[123.9351055820427,144.29160939491732],[124.05087219874416,144.44225750335903],[124.24122961071473,144.27909527901724],[124.3465892201365,144.3358371753307],[124.96224405429777,144.66328360776245],[124.99969542499139,144.68312834292647],[125.02276949860672,144.66383278403242],[125.21071314616543,144.50703296386993],[125.44533997394483,144.66766696782253],[125.63825370718692,144.79915887004114],[126.09360546746291,144.71565571060287],[126.2682476802176,144.82919176244877],[126.52937421079301,144.9990107157313],[127.10210382347913,145.0881399423507],[127.79683436940105,145.60417138937453],[127.98152314005944,145.94208543928698],[128.02804186743117,146.02724363289113],[128.14446255048716,146.08328702439277],[128.47642682703574,146.2444037760127],[128.75167392862895,146.6221307116872],[129.16474709198968,146.83192107318976],[129.121682762949,147.14481255379002],[129.24654849878678,147.4284909459405],[129.40783735739458,147.80166042655588],[130.0051898079187,148.04298146311407],[130.56126219455783,147.9684482530702],[131.38794765912692,148.16694040460078],[131.914916240299,148.31275268272665],[131.93836604186484,148.3192172243952],[132.1118012436391,148.52563998822842],[132.43893696505964,148.67059868504438],[132.4948199468888,148.57322567693873],[132.79521724861166,148.93218597689008],[133.1477193572892,149.1745603031627],[133.23946932114507,149.2370419391134],[134.1615854569805,149.86476413184738],[135.18341729679182,150.02939128445405],[135.6756972250309,150.45151208096388],[136.08199643318085,151.01491110273207],[136.2189495192343,151.1055847655203],[136.49589359782215,151.28942825797964],[136.67221881572857,151.395422424753],[136.82359034301697,151.46973301702207],[136.8331355313104,151.47774285563256],[136.9825023848075,151.60391557592868],[137.4543791516889,151.79856309579117],[137.43818575912616,151.70664838357706],[137.12232341359163,151.2473010707538],[137.10632189139397,151.20535182229355],[136.98578898738776,150.89085852273917],[136.47156154920307,149.78600117720697],[136.52895324246515,149.68171768722624],[137.11407882933685,150.36748458178212],[137.29485200252617,150.0720884044709],[137.40953784786808,149.9050877142742],[137.68628386403643,150.28101192056474],[137.83093584195842,150.48284743845193],[138.02246110836245,150.7515334434837],[138.06886948768548,150.64074406374502],[138.2316965582179,150.82873916851014],[138.7112500715105,151.27740401518219],[138.6551909711178,150.83400418037218],[138.57084453809142,150.70448375789522],[138.40786961876927,150.24170784033964],[138.33633734393405,150.33022141061247],[138.46346788109287,150.68818719249973],[138.37176227718697,150.67509194421854],[138.01816256181132,150.29616579126497],[137.75605347737792,150.0169501066635],[137.6682353379042,149.84373361449622],[137.50211405691562,149.52300951611244],[137.43420055930522,149.42252115650783],[137.17770090495117,149.46273646530827],[136.6765800647235,149.19115537813116],[136.41484799244483,148.88442351402873],[136.21219181641038,148.8713694063002],[136.07785056812023,148.8627895119278],[136.08508307560447,148.44165149470643],[135.88398404693928,148.12223219672242],[135.9785991483572,147.79161858663642],[135.7316187185971,147.3269897785777],[135.80010369622048,147.12373937078038],[136.16222389983227,147.49914038840967],[136.208000771116,147.48573615015533],[136.2697562373387,147.46764260229895],[136.20713929517183,147.20091705761007],[136.1149927397098,146.80922336308538],[135.92053741949343,146.45152519919162],[135.8597047436741,146.33519948268034],[136.058030597753,145.67261964463563],[135.15959208480822,145.18585781087717],[135.11042945802717,145.1311649453491],[135.06937940991767,145.08522031258136],[135.11357817601723,145.00034215969006],[134.96045977963985,144.86309559262523],[134.73721639247276,144.66193506265353],[134.93660137176525,144.57391325807873],[134.6785461636395,144.57094827680297],[134.45911222117329,144.04449064898526],[134.4273753359244,143.96851719369226],[134.37226594887687,143.8369039346714],[134.2220069613932,143.67051127540782],[134.29871539116766,143.65840961631793],[134.12375450582755,143.59506985748789],[133.9506533234833,143.2434037418581],[134.0744483983008,143.23503107391105],[133.78466169417948,142.56617323044395],[133.23690569082737,142.6560080736571],[133.16591545488527,142.46020891706544],[133.09550542253663,142.4638394352554],[133.640537978687,142.19133451853048],[133.5697430765872,141.94498030613636],[132.8762153818605,140.91943470642627],[133.26861300453064,140.9020106867818],[132.81914195776218,139.53056812516834],[132.81175440033422,139.30294593025172],[133.28791563503358,139.58735334226444],[134.14764965195624,139.97081086835612],[135.1345577189379,140.41092801219654],[136.6531099558229,141.0815185316454],[137.66716569529476,141.10166440375042],[139.2663462114535,141.13577823260667],[139.65301254432242,141.15108359582837],[140.31071405247437,141.95776187533184],[141.49232770315803,143.96513381755904],[141.55074442497397,144.06453917844496],[142.0025120902884,144.83379031364328],[142.12666685583994,145.09604887150067],[142.4911697394152,145.83618086790477],[143.23515165275668,147.35429507562884],[143.15292321319725,147.31714790597687],[143.83420789713858,148.495512642957],[143.88706582940443,148.58197659217586],[143.91169041690964,148.62781307994345],[143.9650846577872,148.7051156649096],[144.05585007891912,148.83584554416382],[144.27575776208158,149.17108299230915],[145.92580000392076,151.70363592487774],[146.2039762812979,152.1393556919337],[147.03173792193024,153.43335120466364],[147.26514146845463,153.807089423406],[148.08956969568874,155.0417248577915],[148.285461270324,155.39766162126176],[148.3007741861619,155.40145492751327],[148.59051972017613,155.47104236799004],[149.4584906284782,155.6749016662074],[149.46469364317977,155.68388819920148],[149.8574121491473,156.204137670035],[149.96340147399388,156.34479438581275],[150.2727199883957,156.7756001274344],[150.64935520021442,157.31441247549415],[150.65314128390722,157.30025632337419],[150.67541809245424,157.2164928505668],[150.79803424493588,156.74859098063536],[150.9428879808823,156.19822033273752],[151.09179713610814,155.62132400213528],[151.2185656408632,154.57593533503155],[151.20262159841735,154.2676308152711],[151.18522105262878,153.99580028771902],[151.1731136233384,153.55600388442707],[150.8105934850537,152.35800170555757],[150.7519813354092,152.14805903326487],[150.69402310560366,151.93513251408461],[150.60175344149025,151.6724816497245],[150.41336392134798,150.93871626708844],[150.01137234302675,149.68421346255803],[150.22688049223305,148.8180508257202],[150.29370552967606,149.01739420827528],[150.428744360316,149.51698338299144],[150.62021172731352,147.68311386094507],[150.6803372040972,147.4858481961041],[150.74431843777822,147.61738199482153],[150.67478416059916,147.29194881721753],[150.23141654445848,145.34041759294746],[150.1312469023947,144.87845130758762],[149.9963872834211,144.08249527236876],[149.9769676335642,143.96521569229827],[149.9458389578579,143.77758951581845],[149.81368518297677,143.16342877050965],[149.7981580945099,143.10609207181926],[149.83727538799565,143.0296885791165],[149.8994751906241,142.9066887949757],[149.9120370739002,142.84599877892538],[149.91684148333078,142.780317821012],[149.96509567119523,142.72779539112972],[149.9912057720406,142.698762115099],[150.98944788325713,142.49392140388886],[150.76536420743884,142.2233990423661],[150.98766322194354,142.07797046650632],[151.0880066133634,141.92898467144266],[151.07544511708954,141.78933062639987],[151.1663109919411,141.76502398146914],[151.1078009081874,141.06027972983898],[151.23843821285624,140.99083149380806],[151.6909480879999,140.7510808710497],[151.66913301549948,140.19477459440427],[152.2370446877809,139.66200641264783],[152.23954962246714,139.65960701235548],[152.23701521524822,139.64078905687063],[152.19095805521192,139.30374666056758],[151.98139806321117,139.22961518941162],[151.68638444398775,139.04160001366083],[151.60843134356273,138.4111181709191],[151.5266911342075,138.37568033400265],[151.58329683421636,137.81879792243177],[151.9157472894957,137.93192740985432],[151.834124155699,137.55709720960888],[151.97748641976847,137.49184560810346],[151.97307878672495,137.2959836903374],[151.82465466312362,137.23534508742847],[151.64068418603145,137.44052625101867],[151.14699326280686,137.23127119749893],[151.35336196949618,137.1932205123051],[151.4242679884734,136.9895942427221],[151.0040373295994,136.0986183106103],[151.00367434183187,135.65716328263105],[151.0048324713864,134.83913795491264],[150.4223834958679,134.23737376837073],[150.29670742058883,133.96429676893666],[150.02474377446023,133.41094137533116],[149.81836654928935,133.2116849102688],[149.77560130160686,132.99793711274228],[150.02392010639778,132.89870249446807],[150.0610401453226,132.5972866301572],[150.7297813411273,132.2076079685366],[151.177883705851,132.63278030096825],[151.1866731715281,132.64039769201736],[151.4191841524471,132.64714131483652],[151.61557402830246,132.9093568106176],[151.65506227457874,133.28809131376497],[151.81790555438573,133.33902878409165],[151.8580657158882,133.56495929894658],[152.22874240413475,133.6851700220808],[152.23298768544308,133.68654606863484],[152.34803812310832,133.54409521669032],[152.70798832457845,134.14684113251872],[152.71888554768412,134.30685374125727],[152.5434735285833,134.35820683416455],[152.73423918783124,134.91383125922772],[152.97067173353716,134.86368453903975],[153.0384492850221,135.29873178971667],[152.91507437605716,135.28389954732717],[153.10070243177955,135.84516585093576],[152.86745469489676,136.0051586459779],[152.8435134154729,136.1533824511917],[152.83116631578184,136.23732118546013],[153.22653661283906,136.5099645573577],[153.3117739154709,136.33437619590998],[153.40322626435898,136.4147160571546],[153.37551010086014,136.62375553105014],[153.47788801691001,136.71029025563786],[153.55405209303495,136.75490019864063],[153.66263242319536,136.398302814211],[153.66765588597818,136.37510694191784],[153.6736495798296,136.34982543829423],[153.69349197893735,136.25054940281734],[153.66351760000194,136.16796654296328],[153.53148916699345,135.84259310770852],[153.6416738642525,135.7758933528409],[153.67326094015863,135.75360673441688],[153.63965971752657,134.83152596335623],[153.71622670371636,134.8859072458038],[153.69411361340764,134.73809010383252],[153.82678546026708,134.66623927460992],[153.85924779937423,134.05099709006663],[153.6985837071656,133.25032261634416],[153.73015498757533,132.89468099716012],[153.5466025700951,131.08126622468],[153.52940436666753,130.9115792963728],[153.9640723900093,130.95436632801417],[153.80473173537774,130.1433749794254],[154.10919635427322,129.9699951890855],[154.47074680736864,129.76968418088157],[154.54149051042492,129.73834141948362],[154.51342068354924,129.44050870727796],[154.41596772566,129.42057824726226],[154.40022711058964,129.2248338743999],[154.39388868030508,128.800237174284],[154.38809533098973,128.4477093602605],[154.490916638076,128.46255892628204],[154.45217807677204,128.06220789990763],[154.45021107648307,128.04375286740796],[154.3585984669149,128.02672174100675],[154.3482294868293,127.95390712075938],[154.34012647361786,127.89609561479992],[154.28992622907822,127.63963556554133],[154.4339029077495,127.28341264977277],[154.40061415368098,126.71310170891849],[154.73965128274014,126.25171277240366],[155.00028176871538,126.25777553982985],[155.1108177257069,125.97718443737318],[155.07090437168534,125.25504356697493],[155.13632200770925,125.11996499034434],[155.39153441151862,124.5865775475707],[155.30143310662316,124.20196685536641],[155.16189497580888,123.95450657893217],[155.00978898052364,123.70874242512907],[155.086591065146,123.76924021485034],[155.22085003514883,123.32218230193233],[155.22875485936027,123.18473559415517],[155.25378526094968,122.74237086295496],[154.97177998227974,122.53899314536837],[154.95806417624232,122.27241454513421],[154.81185227893153,122.29826741815135],[154.35520910192454,121.60533025846095],[153.89525081592438,121.85074710245499],[153.83365305835903,121.88344731019173],[153.4243008584839,121.84535027900623],[152.66997257924734,121.84035246448185],[152.52338086270743,121.93620805923406],[152.3956060326383,121.9851986891587],[152.1537354253571,122.21578228011217],[151.99031161380375,122.37101679923933],[151.93043757455612,122.42800166130866],[151.73565220189244,122.41143957851932],[150.8592574787944,122.45238405640804],[149.84762595971745,123.0663486731525],[149.38504804330225,122.80267869782367],[149.21068596119815,122.69999628990554],[148.15615712354492,122.41804651871757],[148.0918743988447,122.40937092240668],[147.82020194151193,122.3700723819712],[147.28939437535783,121.68110949128264],[146.95602451668043,121.14280855847765],[145.7513253609301,119.97569355779787],[145.73578040880943,119.9611644891271],[145.68966429743278,119.91799553548933],[145.2744407705788,119.68737582753539],[144.66449903218424,119.63687852104002],[144.5716335897873,119.5713276421221],[144.34473204232785,119.40966852464837],[144.2513501686956,119.27277539616401],[144.17178396913275,119.16861210172749],[144.08953934865062,119.06206649160488],[144.00044800862867,118.86257151570909],[143.99008130477029,118.8244753443819],[143.8769492628869,118.40861209229803],[143.84191858858574,118.28242811941719],[143.4263487463611,117.86581359189132],[143.16718102727546,117.80907154216663],[142.75710149792732,117.92574540094725],[142.46058372214657,118.02670284459779],[141.03976525722075,117.94292540914566],[140.4936969163414,118.09968928534224],[140.4791213260581,118.10962256650052],[140.39336447740706,118.1689186552347],[140.35516303813395,118.19528741646212],[139.86962698848052,118.86575491931805],[139.52189304413568,118.92035729754227],[139.2243961957867,118.54691977465767],[139.17154808340757,118.3456571020093],[138.98529063822377,117.67626240621813],[138.99635624292046,117.4710216529105],[139.001842257655,117.37217740724105],[139.00602249847344,117.2723201406391],[138.75718288038007,116.80060415574148],[138.11722419806014,116.76006799488978],[137.93466543809242,116.83945180617293],[137.8276547616888,116.88717880916143],[137.16594944303066,117.18142148742547],[137.19189607868734,116.69511527418744],[137.1886788874564,116.56796855958964],[137.18626807849137,116.46585820301098],[137.10408145176638,114.31104063644477],[137.0448068260564,114.10764196119209],[136.50551899507752,114.1884006218626],[136.0377179484738,114.2697556536533],[136.00429554536282,114.08570448632152],[135.97176712548887,114.01202611691252],[135.83432534912862,114.05087913583091],[135.5891227638583,114.12435512195358],[135.4607935012248,114.18552835449483],[133.93427435018026,114.77565450023954],[133.872541215934,114.81167390827068],[133.78141032464052,114.86581501646704],[133.17391147985205,115.22596124084724],[132.25703727618304,115.4453603478054],[131.36951799737312,115.66940217421391],[131.44993964861212,116.21054767496977],[131.67521173831307,116.58857769613749],[131.40230967195447,116.9919346718825],[131.02520639485954,117.88820927629962],[130.76234234237307,117.59785484279341],[130.69494934049723,117.88746653633629],[130.31905978372836,117.99277589620092],[130.14097333551177,117.28635408188136],[129.70831430081793,117.03860082200342],[129.3545871931726,117.18913963575574],[129.23909473031395,117.2987811251671],[129.04428507293534,117.49696587708085],[128.81515223134673,117.70263190818882],[128.43671022310383,118.03841724097151],[128.12085260270877,117.82673740243384],[127.99158510931017,117.74037305019743],[127.92309870728715,117.69456164522599],[127.70950200724751,117.57219246489286],[126.99453385938543,116.37834173190699],[126.60701068932126,116.00816654885026],[125.5788146967888,116.4420775013903],[125.10872626709892,116.43945134140759],[124.82290133635345,116.14114474194199],[124.71652515965735,115.90873582929139],[124.53468429684764,115.51298408317496],[124.25723318945349,114.90727024168291],[123.811024194699,114.29665644858736],[123.51258007313348,114.21788307143706],[121.74863299871859,113.75338118363774],[121.49468106687398,115.22778903920974],[121.4459042951101,115.51096447392992],[120.92957392854166,116.90238307742632],[120.24863927677897,117.5639565164237],[120.14031582879294,117.66387598959193],[119.61594479591311,118.84411641980864],[118.71160517100695,120.27984222084879],[119.14677510847754,120.41735289797182],[119.50191990419574,120.52769404614764],[119.91851257147133,120.65671388660837],[120.83929210903884,120.94064454551163],[120.35985446639523,122.18376994129304],[119.60777366345543,122.04983071215582],[119.16852330823161,122.13736946750421],[118.72546898666502,121.83731620016442],[118.66325709922387,121.79515199385484],[118.61496415393923,121.79506173410995],[118.23904063800505,121.78604288668635],[117.98665245583211,121.77984660834016],[117.89844894458878,122.12541274885878],[117.76149264596805,122.66292634337577],[117.83521333910765,122.71828810307537],[118.1624783194548,122.96396001363436],[118.39716685005986,123.14666285854739],[118.28299274200495,123.64990277638137],[118.2406929894249,123.83356372599434],[118.5085918296921,123.91800388973306],[118.5732552707691,124.00067719221542],[118.80048714131853,124.24727961880211],[119.50095269783056,125.5532482918376],[120.50776467565974,126.42191762606622],[120.92551128589972,126.52783632125609],[121.56406937548176,126.94918621625797],[121.86834386373425,127.52614498013247],[120.25113208313505,127.48763045004966],[119.59409643984799,127.24504221369776],[119.84137977346629,127.84161326995184],[119.81443771411534,127.97277147300699],[119.81237308132557,127.98283506281993],[119.79901594132616,128.04749330957162],[119.44486014751035,128.01536958550759],[119.43656935961788,128.23279668525157],[119.3680929319601,129.86765082919987],[119.40039217839623,131.04012571271468],[119.52922245019016,131.23278842845409],[118.09538168090279,132.46629110949178],[117.80185396386264,132.67775006257392],[118.11105249426791,132.91045715476028],[118.19271683439275,132.98458159707616],[118.41379866431534,132.969498825389],[118.69746828446038,133.33337656148572],[118.70871673579586,133.96776380647438],[118.86228366063052,134.32321615486524],[120.07029086510623,134.9858895334656],[120.12891886833846,134.8013853072933],[120.25419064420208,134.8066933225092],[120.2645860893288,134.80840950334496],[120.26471265534315,134.7943899876533],[120.28876181379773,134.58719622572963],[120.38881526180944,134.6492774323272],[120.4562143835346,134.69558522452573],[120.57640116147883,134.4858422068706],[121.09516400618023,134.59346206323218],[121.27899582249603,134.35448341296598],[121.6172758819824,134.46018192633596],[122.42458791399403,134.71124405847277],[122.46325983811144,134.72307057179526],[122.72431495667165,136.6406975727875],[123.95458696317996,137.45800916317071]]]]}},{"type":"Feature","properties":{"level":3,"name":"Zeeland","regioFacetId":"tcm:106-353735-1024"},"geometry":{"type":"MultiPolygon","coordinates":[[[[62.04207141953883,86.17242390920262],[62.34293628341926,86.26136158366396],[62.84304912201428,86.42747981534731],[62.96714594847412,86.46488820381825],[63.11573022221085,86.49820625382198],[63.730258903348584,86.6550252880209],[63.94615642936431,87.20799048456186],[63.99528081847193,87.34432933501964],[64.02232656594578,87.42697841007687],[64.03210317068987,87.45684978938796],[64.13344022273199,87.77527960742852],[64.14972989488376,87.82815451802796],[64.15255130934742,87.83685258843934],[64.25145079534954,88.14330245746238],[64.4567935369487,88.95132897467522],[64.60192436235475,89.5815016953344],[64.65193634760318,89.8299829653746],[64.92372307164587,91.26929422318094],[64.95119844522581,91.41478498360331],[65.0039859964786,91.73553384392496],[65.10818031469975,92.3630471606559],[65.11638066541518,92.43559815769783],[65.12890472040922,92.57021795520848],[65.32544512303492,92.86542530569568],[65.6087345690275,93.30665531982662],[65.6977064123078,93.45414398815592],[65.74009835042524,93.54747485220403],[65.76288060020512,93.59839612847242],[65.76416862788892,93.60155794100744],[66.08360196882977,94.98931296347297],[66.19987162207799,95.49617092044427],[66.27268802436481,95.76485769909823],[66.29282357991315,95.83704443756034],[66.30503798417294,95.76462167434165],[66.35365158119032,95.4928010292897],[66.5308583587906,94.7654590122571],[66.58877336666127,94.52692896737351],[66.60413987958489,94.44727221281937],[66.81676741543458,93.23088081709476],[66.9216874085879,92.76933515570036],[66.97454152347385,92.50374139712387],[67.0642222885471,91.7302322335416],[67.06755051513574,91.7126639298241],[67.0727938264604,91.68639458584019],[67.08105833848082,91.65238929056692],[67.19991269115582,91.16926729161406],[67.22242119524284,91.08654103994347],[67.25190960492567,90.97986937762141],[67.29269600520485,90.90019338037195],[67.6562762201207,90.22566194047029],[67.7038234505575,90.21470881800306],[67.8296800918256,90.24676580573431],[67.87009252856573,90.34266682282443],[68.20972668476624,91.14608685021538],[68.21076524887975,91.1486991559951],[68.32888997940897,91.48228416731149],[68.40551541067433,91.60684173830768],[68.47040084161054,91.70424792704493],[68.78489546785947,92.18394874599649],[68.81662955917731,92.23378094418702],[69.25220914065426,92.52969468559557],[69.28042681434255,92.4855743204992],[69.5740986055888,92.18134435440173],[69.57740733914568,92.17796527692016],[69.57746890814367,92.17432313318099],[69.59031294473108,91.70495628183835],[69.5973766238224,91.49452876077751],[69.6043053115948,91.2086435357204],[69.61489044965725,90.88651519680374],[69.73718832187063,90.73206301999879],[69.79991094449696,90.68442880644389],[70.01698020369494,90.52492958455991],[70.13593622789745,90.5163737886203],[70.31569529670617,90.51158924251777],[70.56043908218246,90.51654369476816],[70.5009374607231,89.84108751623575],[70.49228040727863,89.71904964134782],[70.47065743404451,89.36883136556911],[70.46331024128786,89.17524836805994],[70.46336132855254,89.12388726115847],[70.68413049287516,88.62850506257286],[70.85754188350556,88.22337394102442],[70.86061074872792,88.2187780596905],[70.84234684145267,87.73460022832333],[70.83797170341096,87.57057735708054],[70.83819346352618,87.02319338876504],[70.90434429414682,86.6529982453257],[70.90990596718096,86.63714941191685],[70.93901495786326,86.5551804604798],[71.01233723742665,86.44206013908558],[71.10397713581823,86.26139144553741],[71.18022406163117,86.11415625136178],[71.28453507070155,86.08427222272024],[71.49205614938799,86.05051898513798],[71.78405902923855,86.00532870352947],[72.00737380243281,85.97343038874288],[72.11781851814324,85.95612503760492],[72.7100537252764,85.88254365820089],[72.81087776682085,85.83484948610206],[72.90219899201747,85.74086174701225],[72.91760221455246,85.72570440088128],[72.98516017710415,85.66325177776689],[73.11704139251441,85.57411831611469],[73.47927883154739,85.45471516103265],[73.51737114476171,85.44194347720415],[73.58789494294118,85.42974023805922],[73.76265005206918,85.42438783404438],[73.87201004409576,85.42256528825916],[74.14291826417733,85.42004962241239],[74.62967554171325,85.43841857368973],[74.82304263820421,85.2193997004128],[75.03457014493384,85.03057123077193],[75.62326530475475,84.4860693665311],[75.7448951319736,84.37906796562044],[75.8102442041098,84.32336595836527],[75.89163825748747,84.28782840137923],[76.69224562813598,84.09315326626319],[77.10101961153259,84.06457854595479],[77.48262189719509,84.04065252664637],[77.54505822921631,84.03732869120563],[78.3612658478152,84.05455214139228],[78.15208899947395,83.79128311035745],[78.04498422085219,83.65641528034287],[77.8195441878535,83.36079411027272],[77.45320840102612,83.21923179924902],[77.43080831483672,83.20996540952018],[76.80776060436516,82.9726927393057],[76.56961047978791,82.89225096596181],[76.36472700311585,82.84353955824702],[76.20328872130773,82.76956440797554],[75.92284695712179,82.64037135288497],[75.77682578493355,82.45777608814275],[75.75379367593376,82.42832577934482],[75.71766834718434,82.38174450298871],[75.71954145624683,82.36638834560323],[75.7509403522436,82.20901585049384],[75.75561931838578,82.18962528903428],[75.77387778596218,82.11545227082016],[76.17228838184992,81.8244301697311],[76.51606027429494,81.68517945389235],[77.29583774869049,81.40543999043811],[77.44291596969526,81.34921552862856],[77.52717711154033,81.3195062239609],[77.69569443855208,81.26391889222674],[78.11213654452699,81.03519887187096],[78.19490907299715,80.86897690347814],[78.21850153963913,80.82628723594301],[78.23398656805614,80.76904980059277],[77.75751221630844,79.99558752181242],[77.7590902019018,79.90528605075153],[77.76425133542386,79.74207495407725],[77.88639799896477,79.64706547458178],[77.93689381719872,79.59747932632699],[78.35875354832439,79.29281403705575],[78.95162332927183,78.92371510943136],[79.11401779489408,78.80825875368691],[79.348337226119,78.6679406973986],[79.73577157958407,78.46707557825906],[81.25732231290246,77.71532956876823],[81.3193694900824,77.6861562599786],[81.34307192666758,77.67694265855451],[81.47979228090722,77.61845839649354],[81.46712934478333,77.61542659905396],[81.32088082508372,77.59192965940485],[81.1750502286273,77.5647026020661],[81.06376064005227,77.54312701732347],[80.99037990320976,77.47323463420346],[81.02027900816695,77.45332770240107],[81.33481248679982,77.22768938465998],[81.60727128026035,77.0638280805916],[81.84961559673522,76.77560035013686],[81.74469602784501,76.74913610317851],[81.93480888465672,76.66803363411852],[82.26862054386098,76.63259879814298],[82.65292470917032,76.44532688554169],[81.36142485715136,76.53191473221767],[79.91022074532512,76.65451880706105],[79.74981309879148,76.66545409335687],[79.42294768770287,76.69246897991701],[79.40881883731483,76.6939627053755],[79.42349676389098,76.68401433657749],[79.70697082540195,76.51646826628931],[79.71321426196523,76.51259962770554],[79.75120186189636,76.48726643358688],[79.85641496041464,76.42002077784475],[80.15036856360373,76.28001052648034],[80.26976346401767,76.22476733813181],[81.08129149677735,75.99308108606364],[81.29226898658662,75.92688569434648],[80.31157038975289,74.80312137195469],[79.76981405184301,74.09919710906176],[79.75404561289142,74.07842800339775],[79.7360592072331,74.05306895373737],[78.92764610168356,73.8018678397232],[78.22912902045327,73.58514646814315],[78.05874577647164,73.52618971425211],[77.85372580548268,73.45550005071739],[77.06689235276151,73.13531046576774],[76.8979672539974,73.00349714838293],[76.8031149593356,72.90918066514348],[76.80336272726154,72.79639560176363],[76.45461877987314,72.81079718494895],[76.36451219864998,72.81634474127655],[76.19278114674093,73.0438685585857],[75.98631386347506,72.9547652739337],[75.89096282002282,73.08117845973761],[75.8391329246698,73.15199674751139],[75.70700595147729,73.18247317182397],[75.50865566343127,73.08737798872693],[75.48533294411813,72.97970672223727],[75.3509167811619,72.9698586583747],[75.30714418515777,72.8665117697233],[75.24445117502309,72.91871411596831],[75.21968140280426,72.59536640291216],[74.91759288914115,72.63825707668381],[74.91712761440054,72.33168580118914],[74.91711674572032,72.33158651732712],[74.83719900273205,72.33814153935575],[74.59112290642469,72.35991094472506],[74.35161382318678,72.24248083888585],[74.04399592565774,72.62311831716633],[73.98216311926677,72.502107198975],[73.82211377943409,72.52092210857843],[73.82535888165205,72.4293059504168],[73.7588282627863,72.42939364548917],[73.89461196613705,72.19601611791997],[73.93422780772573,72.12333122582325],[73.83754499801984,72.15349486350341],[73.78142362115804,72.05994374527384],[73.77256196049397,72.04266128113142],[73.49142758256522,71.89387622552535],[73.31941180256067,72.0050423642675],[73.26428415988936,71.9579389793742],[73.14795781767701,71.85284908668848],[73.1094509325886,71.8983313014749],[72.95698090839728,72.10450584466166],[72.86052753699704,72.20599506104945],[72.81170315361382,72.25457179502851],[73.06729601074039,72.47911409195925],[73.08489592872539,72.6675447233449],[72.89394117626794,72.85862183524932],[72.2850592233579,72.40780487224217],[72.08367788264088,72.5086902997642],[72.05832356782831,72.52151284504309],[72.00473160213743,72.46522644004708],[71.98209119375538,72.47187655183214],[71.93485791963279,72.48836858866575],[71.76805255836136,72.54655645894401],[71.65586978595627,72.5837952759855],[71.62160339102847,72.5911937267239],[71.37114525403092,72.38235848147531],[70.77013578016187,72.57125034589261],[70.71663330568694,72.56355623900363],[70.78591667156896,72.4318823256589],[70.61457910028014,72.46329364271108],[70.46949918366478,72.55391508699846],[70.28256242897416,72.69887541612712],[70.12366429028904,73.18729522794519],[69.99072029513987,73.7617962901239],[69.9561568194878,73.89878023965143],[69.90104388707367,74.06002163612817],[69.92248621011552,74.47251454191517],[69.73171618717117,74.53037402969525],[69.63071704548531,74.60085694320084],[69.34779628564695,74.91876258271633],[69.26520892021182,74.74541772553474],[69.16948767970129,74.8199340633123],[69.10837051145013,74.87918518498905],[68.94375179396982,75.31357945445481],[68.8706133847913,75.38400005837434],[68.85858573781093,75.3322675270224],[68.43966208861696,75.61092492480964],[68.2650103002999,75.70826207392665],[68.22913542860748,75.73018771306182],[68.16789975411088,75.69115182065167],[68.14500113445156,75.67651538839013],[67.99883007309091,75.73688683852988],[67.54363462757686,76.02172118189861],[67.43865478953795,76.24553152658227],[67.21416110366059,76.29727191843293],[67.16229165503293,76.30430173237413],[67.14743329024394,76.35392073244891],[67.13278419475046,76.41987981581016],[66.73470819437274,76.81400890124698],[66.44636126111645,76.86719402583037],[66.37216359837947,76.7919465619004],[66.35392896343235,76.80873681854679],[66.34353271685441,76.81864679963027],[66.08961884148036,77.03787028844299],[66.04218678944966,77.08371538851961],[65.94774062457444,77.0748274719564],[65.8496568789403,77.2700252978004],[65.82127359152629,77.31709569483168],[65.32251425983351,77.67098228821244],[65.30581539617134,77.736091778223],[65.11761822794253,77.45713566681681],[65.21931324247487,77.28373945760433],[65.25578300426201,77.20893120086104],[65.15976761825888,77.19436992693858],[65.16262831056855,77.04125344373135],[65.11527499282707,76.96052464752029],[65.07682847977745,77.05587205677523],[65.0001401175669,77.03097634933259],[64.92117890327198,77.22450361465778],[64.86220636373186,77.29150890353642],[64.73019581359213,77.42106769370787],[64.66986282750707,77.41467194507035],[64.64383724822687,77.29625988184894],[64.63077396436827,77.2424166860114],[64.62360774416723,77.23606768794245],[64.56700843134539,77.18227942849761],[64.33886315714877,77.2896156362749],[64.21613282457733,76.96841880186635],[64.12717494324471,76.97474917628438],[64.0983156270124,77.06651949147509],[64.04162211187821,77.18504033729286],[64.02580509917918,77.21775819889905],[64.01973087253305,77.21672065687784],[63.63324983556791,77.15072935168469],[63.7137476914869,76.5290539843073],[63.80928309059237,75.66703915039591],[63.85708359616012,75.24773670110251],[63.264194084844604,75.20525789666493],[62.83077654167239,75.17457130409215],[61.689327374836566,75.0220786392842],[61.555602414173826,75.00361156669973],[61.18548802200593,75.1722522061745],[61.11297022594156,75.19977311469574],[61.035211863790806,75.16677201252108],[60.95933353567488,75.13380275652463],[60.956602786212066,75.24537627543945],[60.94652698076078,75.53854689004953],[60.942048887414046,75.62365121854148],[60.76667721821284,75.77052450193514],[60.746802153768755,75.87790979011528],[60.565009117266314,75.71294911263954],[60.494487972354136,75.70746278562106],[60.44169338320886,75.70275639343856],[60.409987639652314,75.79195794283405],[60.350969726093474,75.9539373517442],[60.15790255667854,76.04402758606348],[60.11308221168889,76.06455987559826],[60.09639548046323,76.10553089508434],[59.96490551533321,76.4217490362449],[59.736435337189974,76.46546899146563],[59.705347712456074,76.4710856243992],[59.62556670409292,76.57233289908454],[59.621275825878875,76.5771426285246],[59.62190353757408,76.57999377622096],[59.632998583719264,76.63254320417018],[59.643927377268284,76.68672536212475],[59.83125341947466,76.80646104166641],[59.83607112099605,76.94415160117912],[59.83574795173893,77.05360974512311],[59.78034544964797,77.09508912743601],[59.69293541142626,77.15827377087946],[59.52961731122589,77.26424639921507],[59.41059629046613,77.54208509742456],[59.723678902775184,77.7028131262638],[59.80989047470321,77.7539446922207],[59.73097979710905,77.83212909266373],[59.21763229226354,78.28544882204665],[59.670981767458905,78.70992100529605],[59.72670699703745,78.76387854446816],[59.7825328709193,78.8165746857803],[60.09796245709465,79.15441844569429],[60.05655760428717,79.46654907975417],[59.8002527510013,79.78790370409078],[59.821907538243906,80.02937973177988],[59.830461374854025,80.13018183042229],[59.83056362837956,80.1967833494583],[59.80446174584064,80.22177227379235],[59.70205784999037,80.31239623826588],[59.42883320857952,80.56150578563485],[59.08839922798006,80.71305123758646],[58.57035453146884,81.20648083465659],[58.03771024099495,81.72471004503237],[57.85938080225226,81.87909171069147],[57.84542997335814,81.895622632709],[57.49189177496113,82.27176021120755],[57.931264420624714,83.36818095811788],[57.95662254278555,83.43317114465816],[58.001619805855846,83.5771429250399],[58.331418366869755,84.77921430542162],[58.72682133686617,86.54160973907689],[58.73096556205814,86.56635367882495],[58.93990996196308,87.75837554064567],[58.95207272209028,87.841395422407],[58.9684346589096,87.95961632075361],[59.179704329479684,87.97537853645746],[59.36050746262933,87.99522786059111],[59.841253181474706,88.08065451208694],[60.76388811455213,88.27779127537433],[60.90625864166673,87.98426442127979],[60.9636654024865,87.88275651473666],[60.999663630579946,87.81486649772593],[61.075203465195216,87.67431365567586],[61.50300046281444,86.92845919078344],[61.64172850127855,86.74876831345469],[61.96383900183869,86.27557074134054],[62.04207141953883,86.17242390920262]]]]}},{"type":"Feature","properties":{"level":3,"name":"Zuid-Holland","regioFacetId":"tcm:106-353749-1024"},"geometry":{"type":"MultiPolygon","coordinates":[[[[103.94810954232526,147.57083369293952],[104.31029670684569,147.98343466320713],[104.58952980592258,147.87616102398488],[104.88069577290617,147.92468660427213],[105.28448544237283,148.03956990899462],[105.57856918594746,147.94145536940457],[105.59538918280404,148.0123758869941],[106.2211999997088,148.01306802834216],[107.2816829617585,147.7682821733394],[106.38070478138673,146.83348861188713],[106.24024055337287,146.66758650777712],[105.58281620676001,145.51552232781864],[104.85657762254573,145.06834881043358],[104.13852460375671,144.6693989964003],[104.15382579482608,144.57566922410504],[104.24114716431373,144.0634889742763],[104.23782875319529,144.050922547159],[103.82070568904574,142.4685655931698],[103.75651805604306,142.2663990970504],[103.29397628790582,142.0603000361016],[103.1080486521515,141.9778870561707],[102.82244780441751,141.58797654075144],[103.24992911870167,140.95239790634972],[104.28209375788533,140.77210765639035],[104.84178136848557,140.8756113727425],[105.12137641380939,140.9421619617924],[106.2478975043539,140.62374596085272],[107.37580764244213,140.65258491699618],[108.21872084338182,140.82031263063686],[108.22598908557738,140.82387425124722],[109.12599628334429,141.1594885306198],[110.51345325599166,141.67886066994225],[110.91202321084604,141.9211140816014],[111.26031571662398,141.55214264714286],[111.82176104143969,141.5910621244715],[112.00642948667395,141.6873426129584],[112.39821530008943,141.89195112085002],[112.6620945023961,142.0340568653275],[113.23504057474918,142.16227011990495],[113.93493658826942,142.10804293577905],[114.47859838468273,142.06582029511344],[114.39920380192162,141.64590894812042],[114.20247766401391,140.5891907942086],[114.76489940569698,140.09684140717732],[115.39839600551947,140.65130785653443],[115.49624725034417,140.7365020042003],[116.15075270462916,140.8757267267328],[116.76542689859068,141.0042453292814],[118.18090900869221,141.82484590782047],[118.73316978948402,141.76665074816472],[119.05801203635235,141.68289738408424],[118.99630629998661,141.4303030094925],[119.0708119007674,141.35320827772],[119.38116692821274,141.05115507562786],[119.16829397709637,139.7891092846513],[119.82781285215022,139.95541575633897],[119.83087169972751,139.89335406541298],[119.83700443779402,139.7692658021101],[120.2606890280081,139.60181514138137],[120.2909864104489,139.395304487185],[121.32765296900135,138.58999223557186],[122.01616643767962,138.61155658688824],[123.31856568727243,137.9777548763654],[123.95458696317996,137.45800916317071],[122.72431495667165,136.6406975727875],[122.46325983811144,134.72307057179526],[122.42458791399403,134.71124405847277],[121.6172758819824,134.46018192633596],[121.27899582249603,134.35448341296598],[121.09516400618023,134.59346206323218],[120.57640116147883,134.4858422068706],[120.4562143835346,134.69558522452573],[120.38881526180944,134.6492774323272],[120.28876181379773,134.58719622572963],[120.26471265534315,134.7943899876533],[120.2645860893288,134.80840950334496],[120.25419064420208,134.8066933225092],[120.12891886833846,134.8013853072933],[120.07029086510623,134.9858895334656],[118.86228366063052,134.32321615486524],[118.70871673579586,133.96776380647438],[118.69746828446038,133.33337656148572],[118.41379866431534,132.969498825389],[118.19271683439275,132.98458159707616],[118.11105249426791,132.91045715476028],[117.80185396386264,132.67775006257392],[118.09538168090279,132.46629110949178],[119.52922245019016,131.23278842845409],[119.40039217839623,131.04012571271468],[119.3680929319601,129.86765082919987],[119.43656935961788,128.23279668525157],[119.44486014751035,128.01536958550759],[119.79901594132616,128.04749330957162],[119.81237308132557,127.98283506281993],[119.81443771411534,127.97277147300699],[119.84137977346629,127.84161326995184],[119.59409643984799,127.24504221369776],[120.25113208313505,127.48763045004966],[121.86834386373425,127.52614498013247],[121.56406937548176,126.94918621625797],[120.92551128589972,126.52783632125609],[120.50776467565974,126.42191762606622],[119.50095269783056,125.5532482918376],[118.80048714131853,124.24727961880211],[118.5732552707691,124.00067719221542],[118.5085918296921,123.91800388973306],[118.2406929894249,123.83356372599434],[118.28299274200495,123.64990277638137],[118.39716685005986,123.14666285854739],[118.1624783194548,122.96396001363436],[117.83521333910765,122.71828810307537],[117.76149264596805,122.66292634337577],[117.89844894458878,122.12541274885878],[117.98665245583211,121.77984660834016],[118.23904063800505,121.78604288668635],[118.61496415393923,121.79506173410995],[118.66325709922387,121.79515199385484],[118.72546898666502,121.83731620016442],[119.16852330823161,122.13736946750421],[119.60777366345543,122.04983071215582],[120.35985446639523,122.18376994129304],[120.83929210903884,120.94064454551163],[119.91851257147133,120.65671388660837],[119.50191990419574,120.52769404614764],[119.14677510847754,120.41735289797182],[118.71160517100695,120.27984222084879],[119.61594479591311,118.84411641980864],[120.14031582879294,117.66387598959193],[120.24863927677897,117.5639565164237],[120.92957392854166,116.90238307742632],[121.4459042951101,115.51096447392992],[121.49468106687398,115.22778903920974],[121.74863299871859,113.75338118363774],[123.51258007313348,114.21788307143706],[123.811024194699,114.29665644858736],[124.25723318945349,114.90727024168291],[124.53468429684764,115.51298408317496],[124.71652515965735,115.90873582929139],[124.82290133635345,116.14114474194199],[125.10872626709892,116.43945134140759],[125.5788146967888,116.4420775013903],[126.60701068932126,116.00816654885026],[126.99453385938543,116.37834173190699],[127.69029658080254,117.55076852714512],[127.89955772827409,117.70910448957738],[127.99156095950752,117.78941948045195],[128.12086139061768,117.90216830552558],[128.2221342091984,117.99075485915331],[128.4799044768542,118.03139848647598],[128.81523633160117,117.71170850061742],[129.04428077196962,117.49074996692696],[129.22156974730171,117.2971676980748],[129.23377186038624,117.29060271275762],[129.70831430081793,117.03860082200342],[130.0439402781281,117.15294203277784],[130.31905978372836,117.99277589620092],[130.44857748215128,118.01704926759129],[130.69494934049723,117.88746653633629],[130.76234234237307,117.59785484279341],[131.02520639485954,117.88820927629962],[131.40230967195447,116.9919346718825],[131.67521173831307,116.58857769613749],[131.44993964861212,116.21054767496977],[131.36951799737312,115.66940217421391],[132.25703727618304,115.4453603478054],[133.17391147985205,115.22596124084724],[133.78141032464052,114.86581501646704],[133.872541215934,114.81167390827068],[133.93427435018026,114.77565450023954],[135.4607935012248,114.18552835449483],[135.5891227638583,114.12435512195358],[135.83432534912862,114.05087913583091],[135.97176712548887,114.01202611691252],[136.00429554536282,114.08570448632152],[136.0377179484738,114.2697556536533],[136.49504089315963,114.18625375388305],[136.97721038197767,114.10975327755736],[137.00839799166624,113.80493149190208],[136.58521848493083,112.8519540945335],[136.69789927830044,112.58887175322509],[136.4796730599051,112.57332513235039],[136.33803010570125,112.00340334217414],[136.32764613901148,111.96154885304884],[136.24788458122833,111.63992060154328],[136.23166496059207,111.5779210732835],[136.19648740664792,111.51137414275891],[136.03943427789213,111.26099089320407],[135.8882183890869,111.18928575685541],[135.91938703784678,110.82112757007214],[135.61289769585795,110.42651116687429],[134.3234034871994,110.23292497456319],[134.29956311866027,110.20998797225562],[134.1820417637781,110.04909462877907],[134.13080639584183,109.54563328879682],[134.04533167519617,109.3922805592428],[133.88493951887588,109.10504065366874],[133.8600472341355,109.05940911512062],[133.83830723220186,109.04558245183178],[133.5073778521449,108.8356720211855],[133.2192826395569,108.75738636374263],[132.8537124049947,108.71465486129222],[132.76092878125684,108.66846418243276],[132.34684118624608,108.39887407894166],[132.332016609,108.17187096525186],[132.26736704961212,107.97201390337827],[132.8835781958697,107.78624440801971],[132.82104019590844,107.59789534012923],[132.27118753074188,107.32841561264686],[131.6968700132079,107.32167286391027],[130.9193359040083,107.13548568640991],[130.55502153422603,107.02206425976573],[130.48919403531792,107.00156959176282],[130.07447027429117,106.87251576218881],[130.01571543818034,106.84217588970594],[129.57258147867435,106.64210053816424],[128.9323915809034,106.78272316957009],[128.82322670196757,106.71827808275656],[129.07636083387249,106.25786298609617],[129.1200621728127,105.52114636632365],[130.01531317834406,105.62037465205476],[130.9454961232658,105.76817661245617],[130.88043330854578,105.36766780833923],[130.45041097982022,104.74703496232277],[130.15410074319595,104.09274338960259],[129.65305936891139,103.98812506686377],[129.29180288228622,103.94661074531322],[128.47679747882134,103.74164497264812],[128.08273909900714,103.65171035941974],[128.05958532208817,103.65006215841413],[128.00844917469212,103.646592830898],[125.12296583507484,103.44928023291132],[124.30839355880768,103.24940193615885],[124.16399938780322,103.19062751167397],[123.7353962201104,102.8660577406017],[123.55390245981992,102.68433107282807],[122.51371075046151,102.0317560934337],[122.2519621722582,101.78770075793301],[122.23214251446424,101.76577435582064],[120.91536320333427,100.21252252684903],[120.86508234462521,100.17535095609003],[120.6677936399815,100.05791829555223],[120.58310679370803,100.0004671421071],[120.11307586599202,99.74848798002672],[119.55017413338395,99.57746897656915],[117.94915478825992,99.46196686211312],[117.76273386254982,99.41348677282848],[117.58134495685275,99.35232091892918],[117.40395194955833,99.31953879350343],[115.97929258149576,98.65922470244361],[115.47497204542732,98.29257316308144],[114.81506406432575,97.60939734656858],[114.27004376558102,96.53702601616156],[113.97968379895323,96.16744464727992],[113.79045249943178,95.99806300429235],[113.67627194258392,95.89581185627605],[113.33851422562518,95.59427091120679],[113.11584129668991,95.44905087335881],[113.0201704719066,95.38664588494058],[112.88534822777426,95.29889931437366],[112.5550787541188,95.09220640779847],[112.33472023034517,94.89727001475316],[112.0160574933171,94.62348758156],[112.00766139386256,94.6162619479815],[112.0038965597756,94.6134621739335],[111.9299031060089,94.55889650169031],[110.46345898641164,93.49041692092494],[110.42761106218353,93.47181222875034],[109.63042832938116,93.16995361985707],[109.15581843267995,92.85022249536155],[108.78237030551436,92.76450130849196],[108.28866585341848,92.65101952925015],[105.37752435667093,91.58467351613963],[103.4910021110673,90.50425206373079],[103.34480496116961,90.45146203781142],[103.23803558593178,90.42099113827436],[102.83873909892301,90.29032662893643],[100.63255895873702,89.75272376256933],[100.33333460921611,89.6812931909312],[99.20430496818616,89.49896924337747],[98.52081511592229,89.39102641238225],[97.59728109747182,89.33620381806327],[96.91939555877303,89.41387012062046],[96.36680450711401,89.47882597666262],[96.02944828104447,89.56217431955419],[95.90494522013937,89.59289829817658],[95.41332973935745,89.71429190520759],[95.02660104431627,89.8634207647996],[93.19609016069975,90.54696457653013],[93.12949177790989,90.57173715364668],[91.9366056370737,89.82347928178618],[91.85278700972198,89.77125378062559],[90.8845594199511,89.37109616283577],[90.54803060965432,89.20059748985243],[89.67419450164029,88.71294231387576],[89.47475545116455,88.34962374073987],[88.99006985109271,87.92027993879519],[88.9000907938173,87.86870800592531],[88.82593950590226,87.82122898530254],[88.23845402343959,87.45222166021992],[87.86237641686775,87.21761474702174],[87.81238700926326,87.18625370878549],[86.44633833620773,86.642296632365],[86.42424305534263,86.63406736864606],[85.8949621525684,86.43003471209434],[85.36355923391154,86.16932031578642],[84.44181383173688,85.80094057793787],[83.99344600712055,85.62167108468444],[83.23846740255357,85.37695816369242],[82.42392886406242,85.12362201590349],[81.92283443838957,84.9685289182233],[80.89763686778116,84.64624203909538],[80.59468070049313,84.53947900257597],[80.01832750160123,84.4402803780649],[79.75500538587801,84.38071187418683],[78.94223071279616,84.18911704640311],[78.65851957155743,84.12544913815428],[78.44692657707054,84.0729492875038],[78.3612658478152,84.05455214139228],[77.54505822921631,84.03732869120563],[77.48262189719509,84.04065252664637],[77.10101961153259,84.06457854595479],[76.69224562813598,84.09315326626319],[75.89163825748747,84.28782840137923],[75.8102442041098,84.32336595836527],[75.7448951319736,84.37906796562044],[75.62326530475475,84.4860693665311],[75.03457014493384,85.03057123077193],[74.82304263820421,85.2193997004128],[74.62967554171325,85.43841857368973],[74.14291826417733,85.42004962241239],[73.87201004409576,85.42256528825916],[73.76265005206918,85.42438783404438],[73.58789494294118,85.42974023805922],[73.51737114476171,85.44194347720415],[73.47927883154739,85.45471516103265],[73.11704139251441,85.57411831611469],[72.98516017710415,85.66325177776689],[72.91760221455246,85.72570440088128],[72.90219899201747,85.74086174701225],[72.81087776682085,85.83484948610206],[72.7100537252764,85.88254365820089],[72.11781851814324,85.95612503760492],[72.00737380243281,85.97343038874288],[71.78405902923855,86.00532870352947],[71.49205614938799,86.05051898513798],[71.28453507070155,86.08427222272024],[71.18022406163117,86.11415625136178],[71.10397713581823,86.26139144553741],[71.01233723742665,86.44206013908558],[70.93901495786326,86.5551804604798],[70.90990596718096,86.63714941191685],[70.90434429414682,86.6529982453257],[70.83819346352618,87.02319338876504],[70.83797170341096,87.57057735708054],[70.84234684145267,87.73460022832333],[70.86061074872792,88.2187780596905],[70.85754188350556,88.22337394102442],[70.68413049287516,88.62850506257286],[70.46336132855254,89.12388726115847],[70.46331024128786,89.17524836805994],[70.47065743404451,89.36883136556911],[70.49228040727863,89.71904964134782],[70.5009374607231,89.84108751623575],[70.56043908218246,90.51654369476816],[70.31569529670617,90.51158924251777],[70.13593622789745,90.5163737886203],[70.01698020369494,90.52492958455991],[69.79991094449696,90.68442880644389],[69.73718832187063,90.73206301999879],[69.61489044965725,90.88651519680374],[69.6043053115948,91.2086435357204],[69.5973766238224,91.49452876077751],[69.59031294473108,91.70495628183835],[69.57746890814367,92.17432313318099],[69.57740733914568,92.17796527692016],[69.5740986055888,92.18134435440173],[69.28042681434255,92.4855743204992],[69.25220914065426,92.52969468559557],[68.81662955917731,92.23378094418702],[68.78489546785947,92.18394874599649],[68.47040084161054,91.70424792704493],[68.40551541067433,91.60684173830768],[68.32888997940897,91.48228416731149],[68.21076524887975,91.1486991559951],[68.20972668476624,91.14608685021538],[67.87009252856573,90.34266682282443],[67.8296800918256,90.24676580573431],[67.7038234505575,90.21470881800306],[67.6562762201207,90.22566194047029],[67.29269600520485,90.90019338037195],[67.25190960492567,90.97986937762141],[67.22242119524284,91.08654103994347],[67.19991269115582,91.16926729161406],[67.08105833848082,91.65238929056692],[67.0727938264604,91.68639458584019],[67.06755051513574,91.7126639298241],[67.0642222885471,91.7302322335416],[66.97454152347385,92.50374139712387],[66.9216874085879,92.76933515570036],[66.81676741543458,93.23088081709476],[66.60413987958489,94.44727221281937],[66.58877336666127,94.52692896737351],[66.5308583587906,94.7654590122571],[66.35365158119032,95.4928010292897],[66.30503798417294,95.76462167434165],[66.29282357991315,95.83704443756034],[66.34359541256367,96.01907186070468],[66.60559342817426,96.9558798819529],[66.82804880160683,97.84184253670617],[66.83245337902764,97.85629285464495],[67.20421283163607,99.03124610716573],[67.28702860234829,99.27891654834384],[67.30335216983939,99.3277069107612],[67.85039640325783,100.51771309471326],[68.17445681200705,101.27409387020731],[68.24052223873983,101.41167315867486],[68.26063428378873,101.47477783168931],[69.0067983103637,102.27116618932403],[69.18852131799298,102.46720731854315],[69.49433700407718,102.79150350264283],[70.62256590550622,103.87058834185447],[70.63784350581409,103.88510615967259],[71.00569094323501,104.18293394738527],[71.03845961493629,104.20880261377214],[71.00862175768363,104.51326378845067],[70.99797533113653,104.62619414223413],[70.99244157985919,106.57771724347371],[70.70155356617242,109.64096403408882],[70.83659842661103,110.57590470291225],[70.89008183535188,110.9563449238299],[70.90915611646679,111.09341188796395],[70.94722964244012,111.35726084408572],[70.95529741234742,111.40822094682126],[70.90928299295446,111.44067597620908],[70.24396041659776,111.92475737213996],[70.17313348405298,111.97625150710849],[69.58837532219479,112.40374047470864],[69.76734796811924,113.95677294971584],[69.98922319007008,115.6791035247553],[70.13373695611091,116.79088731335614],[70.61466951123276,119.23402280564865],[70.67059852216138,119.70738043045267],[72.01076242647267,120.70525053372077],[72.09812333959353,120.76394872555662],[72.11843627194892,120.78177596783874],[73.92401311317997,121.95818277495877],[73.98346120380768,122.01142388940188],[74.36207145033906,122.15703412295409],[74.85243466380409,122.31010152356131],[75.41465338333713,122.39422200260294],[76.57691976562276,122.55130509697932],[77.17181189424592,122.6288361352523],[77.28994568697149,122.64395798060481],[77.63101053883622,123.40674943798643],[77.72374637250826,123.73814161562672],[78.14360812971854,125.23137760792432],[78.29606137539287,125.73838792971893],[78.3938944017622,125.9081882878121],[78.48562025565543,126.04144969476053],[78.68255931847199,126.41892872410222],[79.21278557638158,127.22845595871644],[79.44243946027308,127.57570962503004],[79.719380563637,127.98288790465415],[79.74606102923937,128.02215495882353],[79.76148272885347,128.04476484689687],[79.80927628863759,128.11512698782326],[80.47606346857282,129.09220509566774],[80.88602063202494,129.54017457504375],[81.19377656368249,130.03307261165907],[81.25823653172091,130.13454753369854],[82.90087726743909,132.21135826809856],[83.12499174557927,132.43548773667342],[83.13970598296655,132.78848670154545],[83.31587219435633,133.03920510414434],[83.4690084829754,133.34905131460582],[84.07291321765457,133.6796520090068],[84.09474733387964,133.686490463085],[85.5962674348475,135.15326792169319],[85.77204660933765,135.2934622450642],[86.33300956289199,135.82706380177672],[87.07889468044604,136.8439794964802],[88.13934034962082,137.970986588037],[88.47488884536708,138.2653977792596],[89.13764750654195,138.91695207615845],[90.14952967690076,140.26459711513516],[90.32452490119627,140.54036137215988],[90.63707493425238,140.91157718617416],[92.64911189878276,143.09722815827143],[93.20723921180127,143.61078166578358],[94.06247385546556,144.68302527165355],[94.26622386695334,144.88635112167992],[94.40037343802283,145.0205566970576],[94.51555725461932,145.15773188310658],[94.79142279411397,145.48469653455496],[95.4306230495049,146.33417387174308],[95.68565334739122,146.63480571988435],[95.8968355170677,146.87176297838343],[96.01454629286158,147.0028877361243],[96.723815847966,147.7937549814993],[98.01968301914864,149.2554320812842],[98.68724712748991,149.94416652534136],[100.46726300490073,148.908625899183],[100.66694024286365,148.83241712575366],[103.94810954232526,147.57083369293952]]]]}}]}
