{"type": "FeatureCollection", "crs": {"type": "name", "properties": {"name": "urn:ogc:def:crs:OGC:1.3:CRS84"}}, "features": [{"type": "Feature", "geometry": {"type": "Polygon", "coordinates": [[[6.648593, 53.026333], [6.644658, 53.039387], [6.640518, 53.041725], [6.64233, 53.045932], [6.653751, 53.055513], [6.666497, 53.057702], [6.664473, 53.061518], [6.671662, 53.064791], [6.669561, 53.064851], [6.670176, 53.067286], [6.66442, 53.069055], [6.666307, 53.07213], [6.662084, 53.072096], [6.662145, 53.075042], [6.660036, 53.074389], [6.659674, 53.076365], [6.655509, 53.078042], [6.65445, 53.076868], [6.654092, 53.080029], [6.649644, 53.079577], [6.648855, 53.082189], [6.657774, 53.08403], [6.673294, 53.079319], [6.692448, 53.070384], [6.699015, 53.065174], [6.711433, 53.070113], [6.713687, 53.068697], [6.749992, 53.081649], [6.749252, 53.083746], [6.745233, 53.084498], [6.746408, 53.08608], [6.776509, 53.094761], [6.935685, 52.993353], [6.837768, 52.977894], [6.788759, 52.962775], [6.727712, 52.95472], [6.731422, 52.937555], [6.724175, 52.937288], [6.728262, 52.906865], [6.736337, 52.878691], [6.714564, 52.868159], [6.686374, 52.875331], [6.674986, 52.905017], [6.666734, 52.909449], [6.62545, 52.912811], [6.614825, 52.918327], [6.585828, 52.919452], [6.565071, 52.944981], [6.561505, 52.946652], [6.570466, 52.958546], [6.581265, 52.967449], [6.596043, 52.972658], [6.596202, 52.978955], [6.604769, 52.98329], [6.607471, 52.987463], [6.607505, 52.994636], [6.612472, 52.999142], [6.611419, 53.002464], [6.613945, 53.003361], [6.611388, 53.005078], [6.615681, 53.006221], [6.61823, 53.009348], [6.620761, 53.009185], [6.621247, 53.012115], [6.625903, 53.01485], [6.632238, 53.017107], [6.630634, 53.018317], [6.632644, 53.022052], [6.629669, 53.023605], [6.631221, 53.026105], [6.648593, 53.026333]]]}, "properties": {"code": "1680", "name": "Aa en Hunze", "regioFacet": "tcm:106-353398-1024", "level": 4, "url": "/regioinformatie/gemeente/aa-en-hunze/"}}, {"type": "Feature", "geometry": {"type": "Polygon", "coordinates": [[[6.513036, 53.010557], [6.509979, 53.017039], [6.503873, 53.016042], [6.495528, 53.030898], [6.502893, 53.032213], [6.499951, 53.03843], [6.50513, 53.046355], [6.510771, 53.044314], [6.525141, 53.046273], [6.533683, 53.038156], [6.547307, 53.035067], [6.552552, 53.043176], [6.549996, 53.047075], [6.553956, 53.052728], [6.55273, 53.055147], [6.556076, 53.055726], [6.555213, 53.058608], [6.569728, 53.059862], [6.570098, 53.055006], [6.574868, 53.054581], [6.575804, 53.059188], [6.586432, 53.059704], [6.588077, 53.057999], [6.601099, 53.061921], [6.608097, 53.048522], [6.606385, 53.037857], [6.603015, 53.033087], [6.631221, 53.026105], [6.629669, 53.023605], [6.632644, 53.022052], [6.630634, 53.018317], [6.632238, 53.017107], [6.625903, 53.01485], [6.621247, 53.012115], [6.620761, 53.009185], [6.61823, 53.009348], [6.615681, 53.006221], [6.611388, 53.005078], [6.613945, 53.003361], [6.611419, 53.002464], [6.612472, 52.999142], [6.607505, 52.994636], [6.607471, 52.987463], [6.604769, 52.98329], [6.596202, 52.978955], [6.596043, 52.972658], [6.581265, 52.967449], [6.570466, 52.958546], [6.562833, 52.947151], [6.542997, 52.955338], [6.535915, 52.932591], [6.530398, 52.933864], [6.530907, 52.935872], [6.52763, 52.935582], [6.517622, 52.939763], [6.519577, 52.942956], [6.496972, 52.951566], [6.493128, 52.947996], [6.483948, 52.950173], [6.493831, 52.958747], [6.487558, 52.961205], [6.495743, 52.968991], [6.485502, 52.972985], [6.496595, 52.983239], [6.492244, 52.984201], [6.499004, 52.990216], [6.493659, 52.992324], [6.498061, 52.993781], [6.492586, 52.993059], [6.488212, 53.005405], [6.505935, 53.01013], [6.513036, 53.010557]]]}, "properties": {"code": "0106", "name": "Assen", "regioFacet": "tcm:106-353399-1024", "level": 4, "url": "/regioinformatie/gemeente/assen/"}}, {"type": "Feature", "geometry": {"type": "Polygon", "coordinates": [[[6.751793, 52.864024], [6.747294, 52.870305], [6.745106, 52.871851], [6.740446, 52.870984], [6.737492, 52.874906], [6.728483, 52.906021], [6.724175, 52.937288], [6.731422, 52.937555], [6.727712, 52.95472], [6.788759, 52.962775], [6.841916, 52.978647], [6.935685, 52.993353], [7.015974, 52.924576], [7.026113, 52.919161], [7.045571, 52.915909], [7.014799, 52.872987], [7.007589, 52.873011], [6.966638, 52.863868], [6.964495, 52.864949], [6.96145, 52.864282], [6.952075, 52.855316], [6.952275, 52.851308], [6.949913, 52.848803], [6.869016, 52.819303], [6.865064, 52.815816], [6.855957, 52.81186], [6.849806, 52.804634], [6.823853, 52.821682], [6.765601, 52.849926], [6.76914, 52.851472], [6.753008, 52.85904], [6.751793, 52.864024]]]}, "properties": {"code": "1681", "name": "Borger-Odoorn", "regioFacet": "tcm:106-353400-1024", "level": 4, "url": "/regioinformatie/gemeente/borger-odoorn/"}}, {"type": "Feature", "geometry": {"type": "Polygon", "coordinates": [[[6.616154, 52.762917], [6.660879, 52.801233], [6.675143, 52.797126], [6.678074, 52.799122], [6.675614, 52.800321], [6.681183, 52.807732], [6.691955, 52.81], [6.694017, 52.814502], [6.688965, 52.822967], [6.690002, 52.825963], [6.694035, 52.827834], [6.696025, 52.826616], [6.707598, 52.836392], [6.704053, 52.846978], [6.719673, 52.84883], [6.728629, 52.853966], [6.719858, 52.861489], [6.721861, 52.866317], [6.714564, 52.868159], [6.736337, 52.878691], [6.740446, 52.870984], [6.745106, 52.871851], [6.747294, 52.870305], [6.753401, 52.861584], [6.753008, 52.85904], [6.76914, 52.851472], [6.765601, 52.849926], [6.823853, 52.821682], [6.849806, 52.804634], [6.831047, 52.778162], [6.834227, 52.771561], [6.831011, 52.767043], [6.839694, 52.760996], [6.834938, 52.756098], [6.838241, 52.755828], [6.838318, 52.751276], [6.830566, 52.742287], [6.837485, 52.734509], [6.826361, 52.730888], [6.840871, 52.699571], [6.849529, 52.699354], [6.861875, 52.649691], [6.850839, 52.648615], [6.837563, 52.651948], [6.818718, 52.647682], [6.807916, 52.649123], [6.802988, 52.651898], [6.794396, 52.650656], [6.789897, 52.652792], [6.777723, 52.65171], [6.767879, 52.646851], [6.758848, 52.648825], [6.753452, 52.645806], [6.752775, 52.648147], [6.741984, 52.645333], [6.726398, 52.63322], [6.707171, 52.62676], [6.702005, 52.627267], [6.700862, 52.629295], [6.704252, 52.632503], [6.70333, 52.63584], [6.706526, 52.639542], [6.701153, 52.641736], [6.705677, 52.643478], [6.708547, 52.648715], [6.682509, 52.654179], [6.629453, 52.669688], [6.63187, 52.674317], [6.632413, 52.68673], [6.628856, 52.696226], [6.629937, 52.712727], [6.595794, 52.713218], [6.596779, 52.723547], [6.576429, 52.724265], [6.616154, 52.762917]]]}, "properties": {"code": "0109", "name": "Coevorden", "regioFacet": "tcm:106-353401-1024", "level": 4, "url": "/regioinformatie/gemeente/coevorden/"}}, {"type": "Feature", "geometry": {"type": "Polygon", "coordinates": [[[6.274303, 52.706185], [6.25312, 52.705282], [6.248392, 52.708197], [6.237928, 52.705771], [6.232524, 52.706608], [6.225858, 52.703438], [6.21781, 52.702924], [6.21632, 52.718604], [6.234576, 52.740601], [6.231439, 52.741709], [6.236638, 52.743903], [6.241743, 52.75084], [6.252028, 52.758311], [6.268556, 52.758406], [6.280512, 52.762696], [6.298838, 52.766496], [6.293208, 52.778994], [6.298395, 52.781954], [6.299553, 52.78712], [6.302574, 52.78915], [6.301004, 52.790965], [6.305159, 52.791474], [6.308431, 52.794931], [6.32148, 52.795419], [6.340194, 52.79897], [6.353656, 52.79892], [6.354596, 52.795198], [6.350439, 52.791839], [6.342957, 52.789693], [6.352082, 52.787841], [6.353345, 52.78541], [6.349478, 52.783405], [6.353734, 52.782489], [6.3555, 52.779516], [6.3609, 52.783233], [6.372068, 52.780002], [6.377916, 52.785204], [6.387367, 52.779032], [6.391528, 52.779574], [6.394042, 52.777449], [6.412948, 52.788318], [6.416376, 52.786387], [6.416653, 52.781729], [6.420434, 52.780898], [6.423763, 52.782854], [6.42753, 52.782501], [6.432039, 52.784545], [6.432566, 52.786468], [6.429573, 52.788705], [6.436982, 52.791997], [6.44692, 52.785889], [6.446152, 52.776096], [6.432842, 52.769002], [6.410134, 52.764885], [6.416145, 52.755317], [6.419403, 52.755994], [6.426286, 52.751423], [6.420523, 52.748227], [6.423193, 52.743], [6.415392, 52.740857], [6.421325, 52.731415], [6.406802, 52.72841], [6.414637, 52.72022], [6.414365, 52.717261], [6.406037, 52.713188], [6.403679, 52.705672], [6.40475, 52.704675], [6.407168, 52.706796], [6.420367, 52.701347], [6.428848, 52.70532], [6.451142, 52.706982], [6.451312, 52.699406], [6.448677, 52.693788], [6.462815, 52.695203], [6.463319, 52.693308], [6.48598, 52.693633], [6.484852, 52.684246], [6.493331, 52.684126], [6.492574, 52.675971], [6.499774, 52.675643], [6.499552, 52.673554], [6.530556, 52.672472], [6.529381, 52.654507], [6.513861, 52.646294], [6.518604, 52.614088], [6.512027, 52.61365], [6.504512, 52.617058], [6.49185, 52.619144], [6.478016, 52.618631], [6.470073, 52.625007], [6.463285, 52.623514], [6.459788, 52.61576], [6.455138, 52.61544], [6.453366, 52.613946], [6.44188, 52.615637], [6.434934, 52.619286], [6.433803, 52.626409], [6.431243, 52.628378], [6.428176, 52.628188], [6.426794, 52.624527], [6.420236, 52.622318], [6.418808, 52.619023], [6.412859, 52.619574], [6.409502, 52.621733], [6.406251, 52.620694], [6.406858, 52.617781], [6.40372, 52.616254], [6.396035, 52.617788], [6.391522, 52.614519], [6.383477, 52.612309], [6.382796, 52.615661], [6.38032, 52.614975], [6.37651, 52.616924], [6.377178, 52.620361], [6.373253, 52.623837], [6.375206, 52.627408], [6.371485, 52.631792], [6.36918, 52.632067], [6.369522, 52.635484], [6.363019, 52.639058], [6.364441, 52.643175], [6.359751, 52.645562], [6.353338, 52.645963], [6.353299, 52.647814], [6.346968, 52.649152], [6.341395, 52.654121], [6.334003, 52.654699], [6.332638, 52.656751], [6.32629, 52.658986], [6.325876, 52.662865], [6.32929, 52.665398], [6.32699, 52.669194], [6.319362, 52.670398], [6.309759, 52.666751], [6.297634, 52.666386], [6.295367, 52.662286], [6.287487, 52.663453], [6.285465, 52.667022], [6.279163, 52.669053], [6.272712, 52.664741], [6.265794, 52.666865], [6.266504, 52.671048], [6.269046, 52.673576], [6.272668, 52.673742], [6.269815, 52.682228], [6.275161, 52.683447], [6.283478, 52.682248], [6.283843, 52.6842], [6.275423, 52.687743], [6.275874, 52.690216], [6.285012, 52.689705], [6.286683, 52.699126], [6.275808, 52.695463], [6.276326, 52.698004], [6.279635, 52.699612], [6.276699, 52.700586], [6.277214, 52.70336], [6.273803, 52.703282], [6.274303, 52.706185]]]}, "properties": {"code": "1690", "name": "De Wolden", "regioFacet": "tcm:106-353402-1024", "level": 4, "url": "/regioinformatie/gemeente/de-wolden/"}}, {"type": "Feature", "geometry": {"type": "Polygon", "coordinates": [[[6.850163, 52.696577], [6.849529, 52.699354], [6.840871, 52.699571], [6.826361, 52.730888], [6.837485, 52.734509], [6.830566, 52.742287], [6.838318, 52.751276], [6.838241, 52.755828], [6.834938, 52.756098], [6.839694, 52.760996], [6.831011, 52.767043], [6.834227, 52.771561], [6.831095, 52.778307], [6.855622, 52.811577], [6.869025, 52.819307], [6.949913, 52.848803], [6.952275, 52.851308], [6.952075, 52.855316], [6.961575, 52.864329], [6.966638, 52.863868], [7.007589, 52.873011], [7.040242, 52.872903], [7.043486, 52.865219], [7.046433, 52.865856], [7.062747, 52.851448], [7.065917, 52.851642], [7.069557, 52.847748], [7.07626, 52.850031], [7.072193, 52.845211], [7.072148, 52.838405], [7.09274, 52.838196], [7.071551, 52.810421], [7.055729, 52.64342], [7.041922, 52.632808], [7.03957, 52.632706], [7.035467, 52.634854], [7.012492, 52.636777], [7.001877, 52.641919], [6.992459, 52.641332], [6.975985, 52.646255], [6.968001, 52.641739], [6.959311, 52.641745], [6.953781, 52.639027], [6.945427, 52.639342], [6.938854, 52.637872], [6.928522, 52.640185], [6.918972, 52.639912], [6.915692, 52.641815], [6.914464, 52.646482], [6.902938, 52.648594], [6.89718, 52.651371], [6.87995, 52.650548], [6.872811, 52.653271], [6.861875, 52.649691], [6.850163, 52.696577]]]}, "properties": {"code": "0114", "name": "Emmen", "regioFacet": "tcm:106-353403-1024", "level": 4, "url": "/regioinformatie/gemeente/emmen/"}}, {"type": "Feature", "geometry": {"type": "Polygon", "coordinates": [[[6.446269, 52.777656], [6.447863, 52.789092], [6.455451, 52.800556], [6.491805, 52.793123], [6.496164, 52.786225], [6.490669, 52.770885], [6.503234, 52.76939], [6.505437, 52.768013], [6.507609, 52.769103], [6.512729, 52.762084], [6.535367, 52.768104], [6.537521, 52.765234], [6.566385, 52.765579], [6.5574, 52.745365], [6.587467, 52.73569], [6.576429, 52.724265], [6.596779, 52.723547], [6.595794, 52.713218], [6.629937, 52.712727], [6.628856, 52.696226], [6.632413, 52.68673], [6.63187, 52.674317], [6.629453, 52.669688], [6.614527, 52.674049], [6.552821, 52.665595], [6.529381, 52.654507], [6.530556, 52.672472], [6.499552, 52.673554], [6.499774, 52.675643], [6.492574, 52.675971], [6.493331, 52.684126], [6.484852, 52.684246], [6.48598, 52.693633], [6.463319, 52.693308], [6.462815, 52.695203], [6.448677, 52.693788], [6.451312, 52.699406], [6.451142, 52.706982], [6.428848, 52.70532], [6.420367, 52.701347], [6.407168, 52.706796], [6.40475, 52.704675], [6.40572, 52.712801], [6.413349, 52.716326], [6.414637, 52.72022], [6.406802, 52.72841], [6.421325, 52.731415], [6.415392, 52.740857], [6.423193, 52.743], [6.420523, 52.748227], [6.426286, 52.751423], [6.419403, 52.755994], [6.416145, 52.755317], [6.410134, 52.764885], [6.434129, 52.769426], [6.446152, 52.776096], [6.446269, 52.777656]]]}, "properties": {"code": "0118", "name": "Hoogeveen", "regioFacet": "tcm:106-353404-1024", "level": 4, "url": "/regioinformatie/gemeente/hoogeveen/"}}, {"type": "Feature", "geometry": {"type": "Polygon", "coordinates": [[[6.155615, 52.693486], [6.148498, 52.707631], [6.120064, 52.750882], [6.121666, 52.754284], [6.126617, 52.756935], [6.156703, 52.762699], [6.16394, 52.766449], [6.168525, 52.767093], [6.172906, 52.773054], [6.201843, 52.729307], [6.218556, 52.7483], [6.234576, 52.740601], [6.216942, 52.71994], [6.216904, 52.703158], [6.224961, 52.70323], [6.232194, 52.706539], [6.237928, 52.705771], [6.248392, 52.708197], [6.25312, 52.705282], [6.274303, 52.706185], [6.273803, 52.703282], [6.277214, 52.70336], [6.276699, 52.700586], [6.279635, 52.699612], [6.276326, 52.698004], [6.275808, 52.695463], [6.286683, 52.699126], [6.285012, 52.689705], [6.275874, 52.690216], [6.275423, 52.687743], [6.283843, 52.6842], [6.283478, 52.682248], [6.275161, 52.683447], [6.269815, 52.682228], [6.272668, 52.673742], [6.269046, 52.673576], [6.265501, 52.667988], [6.260535, 52.670478], [6.252001, 52.669881], [6.247286, 52.672811], [6.248365, 52.675617], [6.243795, 52.678703], [6.237075, 52.677548], [6.232843, 52.679109], [6.232741, 52.681455], [6.221091, 52.682779], [6.218708, 52.684327], [6.219807, 52.685704], [6.21665, 52.686406], [6.212536, 52.684634], [6.201682, 52.68462], [6.195036, 52.679573], [6.19423, 52.67663], [6.192055, 52.676426], [6.191444, 52.67932], [6.187862, 52.679614], [6.185871, 52.682504], [6.180548, 52.681588], [6.184208, 52.677208], [6.181933, 52.676868], [6.183147, 52.675063], [6.162996, 52.680062], [6.169651, 52.686121], [6.168196, 52.688136], [6.158803, 52.69248], [6.156607, 52.691957], [6.155615, 52.693486]]]}, "properties": {"code": "0119", "name": "Meppel", "regioFacet": "tcm:106-353405-1024", "level": 4, "url": "/regioinformatie/gemeente/meppel/"}}, {"type": "Feature", "geometry": {"type": "Polygon", "coordinates": [[[6.419993, 52.882322], [6.381472, 52.889596], [6.372085, 52.881364], [6.372636, 52.875907], [6.368833, 52.876718], [6.366554, 52.881664], [6.373266, 52.890274], [6.359557, 52.89453], [6.367221, 52.903395], [6.370496, 52.903227], [6.377881, 52.906865], [6.380992, 52.912151], [6.383439, 52.911651], [6.38559, 52.913676], [6.38555, 52.915547], [6.369026, 52.921976], [6.393436, 52.932843], [6.427615, 52.971815], [6.41328, 52.985523], [6.488212, 53.005405], [6.492586, 52.993059], [6.498061, 52.993781], [6.493659, 52.992324], [6.499004, 52.990216], [6.492244, 52.984201], [6.496595, 52.983239], [6.485502, 52.972985], [6.495743, 52.968991], [6.487558, 52.961205], [6.493831, 52.958747], [6.483948, 52.950173], [6.493128, 52.947996], [6.496972, 52.951566], [6.519577, 52.942956], [6.517622, 52.939763], [6.52763, 52.935582], [6.530907, 52.935872], [6.530398, 52.933864], [6.535915, 52.932591], [6.542997, 52.955338], [6.565071, 52.944981], [6.585828, 52.919452], [6.614825, 52.918327], [6.62545, 52.912811], [6.666734, 52.909449], [6.674986, 52.905017], [6.686374, 52.875331], [6.721861, 52.866317], [6.719858, 52.861489], [6.728629, 52.853966], [6.719673, 52.84883], [6.704053, 52.846978], [6.707598, 52.836392], [6.696025, 52.826616], [6.694035, 52.827834], [6.690002, 52.825963], [6.688965, 52.822967], [6.694017, 52.814502], [6.691955, 52.81], [6.681183, 52.807732], [6.675614, 52.800321], [6.678074, 52.799122], [6.675143, 52.797126], [6.660879, 52.801233], [6.586301, 52.735754], [6.5574, 52.745365], [6.566385, 52.765579], [6.537521, 52.765234], [6.535367, 52.768104], [6.512729, 52.762084], [6.507609, 52.769103], [6.505437, 52.768013], [6.503234, 52.76939], [6.490669, 52.770885], [6.496164, 52.786225], [6.491805, 52.793123], [6.455451, 52.800556], [6.459383, 52.81542], [6.461339, 52.815346], [6.467342, 52.82146], [6.480026, 52.836944], [6.462667, 52.838677], [6.461153, 52.845104], [6.46315, 52.848892], [6.460716, 52.853066], [6.451273, 52.850015], [6.430888, 52.850385], [6.429211, 52.85644], [6.434345, 52.856993], [6.431448, 52.869946], [6.429297, 52.873114], [6.427698, 52.872532], [6.420206, 52.877915], [6.422263, 52.880314], [6.419993, 52.882322]]]}, "properties": {"code": "1731", "name": "Midden-Drenthe", "regioFacet": "tcm:106-353406-1024", "level": 4, "url": "/regioinformatie/gemeente/midden-drenthe/"}}, {"type": "Feature", "geometry": {"type": "Polygon", "coordinates": [[[6.496354, 53.198132], [6.506785, 53.200148], [6.514787, 53.198093], [6.512009, 53.196218], [6.51727, 53.19013], [6.516454, 53.187735], [6.521325, 53.185828], [6.530434, 53.172358], [6.535368, 53.171642], [6.533536, 53.169214], [6.53629, 53.168084], [6.537441, 53.164458], [6.534126, 53.160933], [6.537852, 53.158442], [6.537754, 53.156002], [6.533925, 53.151841], [6.537126, 53.14905], [6.536815, 53.142209], [6.540087, 53.138738], [6.539081, 53.132506], [6.51093, 53.130693], [6.512502, 53.125604], [6.500894, 53.120577], [6.498425, 53.123359], [6.4803, 53.120787], [6.484785, 53.106266], [6.490095, 53.097726], [6.513356, 53.07228], [6.514516, 53.065379], [6.511775, 53.05647], [6.499951, 53.03843], [6.502893, 53.032213], [6.495528, 53.030898], [6.503873, 53.016042], [6.509979, 53.017039], [6.513036, 53.010557], [6.505935, 53.01013], [6.41328, 52.985523], [6.362521, 53.033969], [6.367811, 53.06736], [6.305274, 53.08119], [6.315157, 53.094053], [6.344433, 53.087135], [6.35662, 53.107085], [6.363558, 53.107552], [6.365855, 53.122228], [6.382612, 53.14957], [6.381414, 53.153506], [6.395165, 53.163577], [6.402922, 53.167206], [6.406985, 53.177654], [6.429742, 53.183159], [6.434437, 53.185749], [6.438018, 53.185652], [6.444768, 53.1895], [6.447712, 53.196441], [6.464801, 53.200367], [6.485717, 53.203821], [6.492593, 53.201386], [6.493243, 53.198667], [6.496354, 53.198132]]]}, "properties": {"code": "1699", "name": "Noordenveld", "regioFacet": "tcm:106-353407-1024", "level": 4, "url": "/regioinformatie/gemeente/noordenveld/"}}, {"type": "Feature", "geometry": {"type": "Polygon", "coordinates": [[[6.539081, 53.132506], [6.540074, 53.138879], [6.536729, 53.142742], [6.538308, 53.145634], [6.533915, 53.151925], [6.537754, 53.156002], [6.537852, 53.158442], [6.534126, 53.160933], [6.537441, 53.164458], [6.53629, 53.168084], [6.533536, 53.169214], [6.535368, 53.171642], [6.530434, 53.172358], [6.521325, 53.185828], [6.516454, 53.187735], [6.51727, 53.19013], [6.512009, 53.196218], [6.515715, 53.198308], [6.530492, 53.195559], [6.534212, 53.184178], [6.541744, 53.17861], [6.548188, 53.181098], [6.559497, 53.169106], [6.563687, 53.157638], [6.581515, 53.163584], [6.583573, 53.157867], [6.587089, 53.156226], [6.584521, 53.153509], [6.587964, 53.145436], [6.599984, 53.144724], [6.6144, 53.135557], [6.613641, 53.132694], [6.61902, 53.131552], [6.621904, 53.126195], [6.630831, 53.119211], [6.628056, 53.115647], [6.636597, 53.112843], [6.635111, 53.111461], [6.637086, 53.108301], [6.634832, 53.106202], [6.670602, 53.116516], [6.695367, 53.121176], [6.737451, 53.119462], [6.776509, 53.094761], [6.746408, 53.08608], [6.745233, 53.084498], [6.749252, 53.083746], [6.749992, 53.081649], [6.713687, 53.068697], [6.711433, 53.070113], [6.699015, 53.065174], [6.692448, 53.070384], [6.673294, 53.079319], [6.657774, 53.08403], [6.648855, 53.082189], [6.649644, 53.079577], [6.654092, 53.080029], [6.65445, 53.076868], [6.655509, 53.078042], [6.659674, 53.076365], [6.660036, 53.074389], [6.662145, 53.075042], [6.662084, 53.072096], [6.666307, 53.07213], [6.66442, 53.069055], [6.670176, 53.067286], [6.669561, 53.064851], [6.671662, 53.064791], [6.664473, 53.061518], [6.666497, 53.057702], [6.653751, 53.055513], [6.64233, 53.045932], [6.640518, 53.041725], [6.644658, 53.039387], [6.648593, 53.026333], [6.629126, 53.025779], [6.603015, 53.033087], [6.606385, 53.037857], [6.608097, 53.048522], [6.601099, 53.061921], [6.588077, 53.057999], [6.586432, 53.059704], [6.575804, 53.059188], [6.574868, 53.054581], [6.570098, 53.055006], [6.569728, 53.059862], [6.555213, 53.058608], [6.556076, 53.055726], [6.55273, 53.055147], [6.553956, 53.052728], [6.550023, 53.047217], [6.552575, 53.043337], [6.55077, 53.038155], [6.54931, 53.039089], [6.547307, 53.035067], [6.54127, 53.035659], [6.541786, 53.037162], [6.533702, 53.038149], [6.530194, 53.040109], [6.525141, 53.046273], [6.510771, 53.044314], [6.50513, 53.046355], [6.511775, 53.05647], [6.514516, 53.065379], [6.513356, 53.07228], [6.490095, 53.097726], [6.484785, 53.106266], [6.4803, 53.120787], [6.498425, 53.123359], [6.500894, 53.120577], [6.512502, 53.125604], [6.51093, 53.130693], [6.539081, 53.132506]]]}, "properties": {"code": "1730", "name": "Tynaarlo", "regioFacet": "tcm:106-353408-1024", "level": 4, "url": "/regioinformatie/gemeente/tynaarlo/"}}, {"type": "Feature", "geometry": {"type": "Polygon", "coordinates": [[[6.171402, 52.81526], [6.157644, 52.825036], [6.149199, 52.828402], [6.151962, 52.82883], [6.130312, 52.84393], [6.128694, 52.847807], [6.11982, 52.854215], [6.165993, 52.875027], [6.2069, 52.890744], [6.232291, 52.913438], [6.24483, 52.919587], [6.247553, 52.923692], [6.256593, 52.927641], [6.302985, 52.924972], [6.333281, 52.906356], [6.369026, 52.921976], [6.38555, 52.915547], [6.383439, 52.911651], [6.381289, 52.91241], [6.377702, 52.908737], [6.379399, 52.908217], [6.377881, 52.906865], [6.370496, 52.903227], [6.367221, 52.903395], [6.359557, 52.89453], [6.373266, 52.890274], [6.366554, 52.881664], [6.368833, 52.876718], [6.372636, 52.875907], [6.372085, 52.881364], [6.381472, 52.889596], [6.419993, 52.882322], [6.422263, 52.880314], [6.420206, 52.877915], [6.427698, 52.872532], [6.429297, 52.873114], [6.431448, 52.869946], [6.434345, 52.856993], [6.429211, 52.85644], [6.430888, 52.850385], [6.451273, 52.850015], [6.460716, 52.853066], [6.46315, 52.848892], [6.461153, 52.845104], [6.462667, 52.838677], [6.480026, 52.836944], [6.467342, 52.82146], [6.461339, 52.815346], [6.459383, 52.81542], [6.457533, 52.804532], [6.44692, 52.785889], [6.436982, 52.791997], [6.429573, 52.788705], [6.432566, 52.786468], [6.432039, 52.784545], [6.42753, 52.782501], [6.423165, 52.782716], [6.421636, 52.781081], [6.416653, 52.781729], [6.416376, 52.786387], [6.412996, 52.788319], [6.394042, 52.777449], [6.391528, 52.779574], [6.387367, 52.779032], [6.377916, 52.785204], [6.372068, 52.780002], [6.3609, 52.783233], [6.3555, 52.779516], [6.353734, 52.782489], [6.349478, 52.783405], [6.353345, 52.78541], [6.352082, 52.787841], [6.342957, 52.789693], [6.350439, 52.791839], [6.354596, 52.795198], [6.353656, 52.79892], [6.340194, 52.79897], [6.32148, 52.795419], [6.309753, 52.795438], [6.305159, 52.791474], [6.301004, 52.790965], [6.302574, 52.78915], [6.299553, 52.78712], [6.298395, 52.781954], [6.293208, 52.778994], [6.298723, 52.766415], [6.280512, 52.762696], [6.268556, 52.758406], [6.252028, 52.758311], [6.241743, 52.75084], [6.236638, 52.743903], [6.231439, 52.741709], [6.218556, 52.7483], [6.201843, 52.729307], [6.172906, 52.773054], [6.193808, 52.786403], [6.201731, 52.793696], [6.17723, 52.813851], [6.171402, 52.81526]]]}, "properties": {"code": "1701", "name": "Westerveld", "regioFacet": "tcm:106-353409-1024", "level": 4, "url": "/regioinformatie/gemeente/westerveld/"}}, {"type": "Feature", "geometry": {"type": "Polygon", "coordinates": [[[5.190657, 52.322702], [5.151132, 52.318647], [5.146144, 52.319669], [5.079289, 52.370408], [5.079162, 52.388654], [5.137331, 52.415553], [5.18549, 52.415644], [5.151024, 52.46636], [5.100722, 52.508041], [5.060428, 52.578936], [5.074624, 52.583682], [5.268475, 52.427031], [5.277723, 52.422644], [5.333799, 52.406105], [5.343357, 52.401152], [5.349514, 52.401468], [5.350772, 52.400209], [5.346371, 52.396114], [5.33861, 52.395581], [5.301244, 52.381986], [5.379211, 52.313995], [5.348617, 52.309165], [5.333505, 52.314274], [5.315179, 52.302392], [5.30108, 52.309669], [5.281141, 52.31677], [5.229321, 52.325256], [5.220406, 52.326054], [5.190657, 52.322702]]]}, "properties": {"code": "0034", "name": "Almere", "regioFacet": "tcm:106-353411-1024", "level": 4, "url": "/regioinformatie/gemeente/almere/"}}, {"type": "Feature", "geometry": {"type": "Polygon", "coordinates": [[[5.591281, 52.514122], [5.58741, 52.56346], [5.564508, 52.61501], [5.511294, 52.663556], [5.578087, 52.649331], [5.614453, 52.649224], [5.64942, 52.616104], [5.657472, 52.612185], [5.723819, 52.611291], [5.723791, 52.607696], [5.777968, 52.607534], [5.77793, 52.580852], [5.804283, 52.580738], [5.812006, 52.579169], [5.855076, 52.550824], [5.862055, 52.521583], [5.864502, 52.518653], [5.856698, 52.499806], [5.851009, 52.49539], [5.845591, 52.478202], [5.840256, 52.471058], [5.831385, 52.473402], [5.815608, 52.455215], [5.822411, 52.449706], [5.809586, 52.437659], [5.811475, 52.436923], [5.810011, 52.435728], [5.739428, 52.398421], [5.733397, 52.402533], [5.729447, 52.400973], [5.733472, 52.39716], [5.715584, 52.388037], [5.706752, 52.386635], [5.698762, 52.382004], [5.677659, 52.378721], [5.652554, 52.365428], [5.644867, 52.370864], [5.620737, 52.36413], [5.611828, 52.374448], [5.617188, 52.384783], [5.623021, 52.408872], [5.58907, 52.411187], [5.587998, 52.414766], [5.566637, 52.435863], [5.573803, 52.438794], [5.586389, 52.447711], [5.56542, 52.470281], [5.605871, 52.48452], [5.591293, 52.500036], [5.588056, 52.513773], [5.591281, 52.514122]]]}, "properties": {"code": "0303", "name": "Dronten", "regioFacet": "tcm:106-353412-1024", "level": 4, "url": "/regioinformatie/gemeente/dronten/"}}, {"type": "Feature", "geometry": {"type": "Polygon", "coordinates": [[[5.438793, 52.442639], [5.423775, 52.432564], [5.397533, 52.419841], [5.350772, 52.400209], [5.349514, 52.401468], [5.343357, 52.401152], [5.333155, 52.406322], [5.2752, 52.423554], [5.266582, 52.428406], [5.074624, 52.583682], [5.257187, 52.644471], [5.262266, 52.676829], [5.28645, 52.688749], [5.287619, 52.691656], [5.301635, 52.692427], [5.361147, 52.675726], [5.511294, 52.663556], [5.564508, 52.61501], [5.58741, 52.56346], [5.591305, 52.513905], [5.588056, 52.513773], [5.591293, 52.500036], [5.605871, 52.48452], [5.56542, 52.470281], [5.586389, 52.447711], [5.573803, 52.438794], [5.566637, 52.435863], [5.587998, 52.414766], [5.58907, 52.411187], [5.578014, 52.409968], [5.53865, 52.385762], [5.533006, 52.384377], [5.508496, 52.397965], [5.438793, 52.442639]]]}, "properties": {"code": "0995", "name": "Lelystad", "regioFacet": "tcm:106-353413-1024", "level": 4, "url": "/regioinformatie/gemeente/lelystad/"}}, {"type": "Feature", "geometry": {"type": "Polygon", "coordinates": [[[5.631353, 52.803055], [5.660296, 52.83125], [5.703103, 52.834346], [5.7033, 52.836393], [5.704282, 52.834431], [5.709636, 52.834817], [5.71322, 52.838189], [5.728663, 52.833398], [5.724682, 52.843982], [5.748807, 52.83968], [5.784382, 52.817476], [5.789807, 52.803691], [5.795177, 52.806522], [5.805926, 52.794859], [5.818656, 52.787636], [5.818792, 52.784697], [5.836254, 52.785637], [5.849699, 52.784739], [5.860258, 52.781817], [5.879683, 52.773251], [5.896085, 52.762822], [5.900054, 52.761195], [5.906009, 52.761326], [5.922574, 52.750692], [5.942555, 52.715002], [5.951161, 52.711919], [5.955316, 52.707262], [5.954839, 52.703768], [5.959012, 52.703863], [5.964825, 52.698104], [5.965155, 52.69357], [5.962105, 52.690351], [5.944708, 52.682713], [5.93387, 52.67551], [5.933084, 52.671264], [5.935148, 52.669234], [5.939726, 52.668835], [5.941594, 52.670517], [5.966852, 52.66658], [5.984048, 52.657192], [5.99953, 52.654636], [6.006915, 52.651286], [6.017301, 52.643232], [6.010491, 52.637882], [5.988626, 52.629324], [5.955285, 52.624842], [5.95562, 52.622917], [5.93269, 52.614923], [5.915664, 52.613534], [5.910602, 52.617661], [5.90547, 52.619215], [5.840525, 52.610413], [5.837214, 52.607331], [5.723791, 52.607696], [5.723819, 52.611291], [5.658712, 52.611929], [5.649616, 52.615936], [5.614453, 52.649224], [5.616614, 52.651302], [5.622219, 52.649665], [5.648865, 52.649551], [5.650015, 52.654311], [5.642791, 52.660586], [5.655379, 52.66595], [5.641487, 52.677939], [5.643717, 52.682614], [5.625803, 52.682607], [5.609663, 52.680317], [5.607881, 52.681683], [5.596773, 52.676259], [5.590667, 52.676297], [5.37726, 52.764805], [5.631353, 52.803055]]]}, "properties": {"code": "0171", "name": "Noordoostpolder", "regioFacet": "tcm:106-353414-1024", "level": 4, "url": "/regioinformatie/gemeente/noordoostpolder/"}}, {"type": "Feature", "geometry": {"type": "Polygon", "coordinates": [[[5.590667, 52.676297], [5.596773, 52.676259], [5.607881, 52.681683], [5.609663, 52.680317], [5.625803, 52.682607], [5.643717, 52.682614], [5.641487, 52.677939], [5.655379, 52.66595], [5.642791, 52.660586], [5.650015, 52.654311], [5.648865, 52.649551], [5.622219, 52.649665], [5.616614, 52.651302], [5.614453, 52.649224], [5.578087, 52.649331], [5.511294, 52.663556], [5.361147, 52.675726], [5.37726, 52.764805], [5.590667, 52.676297]]]}, "properties": {"code": "0184", "name": "Urk", "regioFacet": "tcm:106-353415-1024", "level": 4, "url": "/regioinformatie/gemeente/urk/"}}, {"type": "Feature", "geometry": {"type": "Polygon", "coordinates": [[[5.376197, 52.316742], [5.301244, 52.381986], [5.33861, 52.395581], [5.346371, 52.396114], [5.350497, 52.400103], [5.384988, 52.414069], [5.423775, 52.432564], [5.438631, 52.442646], [5.508496, 52.397965], [5.533006, 52.384377], [5.537298, 52.385], [5.580509, 52.410883], [5.623021, 52.408872], [5.617188, 52.384783], [5.611828, 52.374448], [5.620737, 52.36413], [5.614039, 52.362257], [5.611638, 52.3595], [5.606301, 52.363247], [5.591157, 52.362916], [5.575604, 52.35076], [5.533281, 52.272741], [5.476849, 52.2624], [5.476122, 52.263924], [5.472299, 52.26374], [5.464459, 52.261828], [5.463376, 52.260003], [5.402897, 52.249527], [5.315179, 52.302392], [5.333505, 52.314274], [5.344923, 52.309939], [5.352011, 52.309251], [5.379211, 52.313995], [5.376197, 52.316742]]]}, "properties": {"code": "0050", "name": "Zeewolde", "regioFacet": "tcm:106-353416-1024", "level": 4, "url": "/regioinformatie/gemeente/zeewolde/"}}, {"type": "Feature", "geometry": {"type": "Polygon", "coordinates": [[[6.082734, 53.197858], [6.078558, 53.206716], [6.08411, 53.208463], [6.078724, 53.210678], [6.081905, 53.211171], [6.080138, 53.213155], [6.0817, 53.214086], [6.086289, 53.215026], [6.027244, 53.230133], [6.019791, 53.240914], [6.021337, 53.242526], [6.027706, 53.241393], [6.028816, 53.242759], [6.038849, 53.242617], [6.074515, 53.248448], [6.110774, 53.259855], [6.141058, 53.264383], [6.144978, 53.260165], [6.147404, 53.261137], [6.148452, 53.260024], [6.158781, 53.263684], [6.160523, 53.261985], [6.164196, 53.263958], [6.176605, 53.261021], [6.179491, 53.259054], [6.180721, 53.26105], [6.190384, 53.263378], [6.18567, 53.267273], [6.18922, 53.26989], [6.19072, 53.268584], [6.19379, 53.270037], [6.217094, 53.265267], [6.218947, 53.259873], [6.221828, 53.258063], [6.23217, 53.256865], [6.235101, 53.253355], [6.233705, 53.2508], [6.229481, 53.249826], [6.231359, 53.245415], [6.218881, 53.242575], [6.224972, 53.238593], [6.215543, 53.236985], [6.216753, 53.234342], [6.214258, 53.234163], [6.22472, 53.229984], [6.225339, 53.225455], [6.230173, 53.22244], [6.229945, 53.217714], [6.22475, 53.214579], [6.224803, 53.211948], [6.219058, 53.205994], [6.209426, 53.199884], [6.199603, 53.198336], [6.199432, 53.193254], [6.192854, 53.189068], [6.181375, 53.170557], [6.177755, 53.167886], [6.17675, 53.159505], [6.151986, 53.150833], [6.148118, 53.157827], [6.121633, 53.144993], [6.118791, 53.145741], [6.119338, 53.14942], [6.112537, 53.150196], [6.109025, 53.152198], [6.105013, 53.151799], [6.114593, 53.175978], [6.108947, 53.176332], [6.099772, 53.185764], [6.085304, 53.194223], [6.082734, 53.197858]]]}, "properties": {"code": "0059", "name": "Achtkarspelen", "regioFacet": "tcm:106-353418-1024", "level": 4, "url": "/regioinformatie/gemeente/achtkarspelen/"}}, {"type": "Feature", "geometry": {"type": "Polygon", "coordinates": [[[5.702683, 53.367958], [5.627241, 53.323183], [5.612289, 53.318743], [5.612831, 53.422071], [5.582912, 53.458063], [5.552856, 53.471585], [5.613209, 53.493949], [5.703443, 53.471284], [5.839015, 53.475344], [5.93556, 53.482136], [5.959612, 53.483816], [6.004929, 53.492577], [6.004411, 53.45664], [5.959013, 53.438894], [5.958774, 53.420925], [5.823134, 53.394538], [5.792901, 53.376673], [5.777876, 53.376723], [5.747976, 53.394786], [5.702881, 53.394913], [5.702683, 53.367958]]]}, "properties": {"code": "0060", "name": "Ameland", "regioFacet": "tcm:106-353419-1024", "level": 4, "url": "/regioinformatie/gemeente/ameland/"}}, {"type": "Feature", "geometry": {"type": "Polygon", "coordinates": [[[5.970669, 53.313673], [5.975853, 53.306927], [5.998101, 53.3105], [6.020152, 53.308224], [6.023437, 53.324529], [6.032962, 53.32563], [6.035816, 53.324269], [6.052876, 53.324924], [6.066774, 53.323635], [6.073468, 53.324862], [6.077753, 53.322087], [6.074152, 53.321477], [6.074985, 53.317644], [6.072051, 53.316177], [6.071542, 53.296595], [6.069794, 53.29692], [6.073695, 53.2924], [6.054379, 53.29087], [6.053394, 53.280018], [6.054965, 53.279484], [6.053309, 53.279189], [6.051864, 53.266286], [6.050115, 53.266141], [6.043966, 53.243502], [6.028816, 53.242759], [6.027765, 53.241395], [6.02136, 53.242532], [6.019894, 53.240924], [6.01668, 53.241091], [5.983355, 53.229843], [5.97291, 53.227935], [5.955974, 53.228056], [5.942992, 53.250428], [5.925652, 53.252201], [5.925914, 53.25473], [5.922955, 53.257405], [5.91448, 53.25863], [5.882245, 53.276782], [5.906649, 53.287839], [5.896565, 53.301742], [5.922253, 53.312607], [5.948868, 53.317586], [5.953755, 53.321023], [5.963858, 53.322853], [5.972187, 53.321085], [5.9743, 53.315999], [5.970669, 53.313673]]]}, "properties": {"code": "1891", "name": "Dantumadeel (Dantumadiel)", "regioFacet": "tcm:106-353421-1024", "level": 4, "url": "/regioinformatie/gemeente/dantumadiel/"}}, {"type": "Feature", "geometry": {"type": "Polygon", "coordinates": [[[5.759838, 53.04669], [5.770696, 53.047443], [5.769847, 53.045849], [5.773912, 53.045922], [5.796386, 53.058839], [5.798749, 53.056195], [5.795508, 53.054866], [5.795818, 53.053016], [5.800273, 53.047908], [5.824058, 53.038117], [5.849335, 53.023905], [5.857603, 53.017008], [5.866127, 52.999796], [5.886973, 52.982599], [5.88654, 52.981368], [5.867215, 52.978622], [5.870971, 52.964442], [5.88684, 52.967049], [5.886154, 52.965711], [5.891027, 52.961697], [5.89741, 52.963083], [5.905711, 52.955515], [5.904886, 52.954164], [5.914181, 52.942922], [5.913046, 52.940505], [5.937847, 52.91174], [5.932944, 52.907262], [5.911343, 52.897881], [5.886216, 52.894379], [5.88461, 52.889426], [5.879875, 52.888525], [5.868534, 52.880415], [5.856768, 52.870791], [5.855109, 52.866115], [5.843928, 52.854874], [5.840017, 52.842996], [5.835879, 52.841041], [5.825746, 52.83017], [5.82775, 52.827709], [5.819014, 52.823072], [5.819744, 52.817278], [5.789807, 52.803691], [5.784382, 52.817476], [5.748807, 52.83968], [5.724682, 52.843982], [5.728663, 52.833398], [5.71322, 52.838189], [5.709636, 52.834817], [5.704282, 52.834431], [5.7033, 52.836393], [5.703103, 52.834346], [5.660296, 52.83125], [5.631353, 52.803055], [5.37726, 52.764805], [5.337842, 52.795955], [5.44134, 52.850072], [5.433352, 52.870109], [5.426102, 52.873294], [5.432809, 52.874652], [5.465053, 52.871294], [5.47234, 52.873034], [5.4771, 52.868764], [5.487487, 52.873398], [5.490171, 52.871432], [5.495517, 52.873816], [5.495903, 52.876054], [5.501822, 52.880212], [5.489712, 52.88603], [5.493845, 52.889836], [5.477189, 52.90274], [5.512268, 52.927208], [5.564779, 52.947481], [5.569022, 52.945535], [5.577259, 52.935204], [5.580531, 52.934046], [5.59426, 52.915411], [5.639978, 52.922469], [5.642455, 52.936167], [5.689326, 52.932967], [5.69094, 52.965088], [5.68752, 52.981002], [5.688489, 52.985584], [5.691432, 52.988646], [5.699208, 52.985504], [5.706542, 52.984475], [5.716858, 52.995677], [5.730616, 53.001274], [5.742258, 53.002301], [5.742183, 53.005351], [5.748824, 53.007584], [5.733241, 53.015438], [5.736158, 53.028827], [5.755432, 53.046838], [5.759838, 53.04669]]]}, "properties": {"code": "1921", "name": "De Friese Meren", "regioFacet": "tcm:106-401747-1024", "level": 4, "url": "/regioinformatie/gemeente/de-friese-meren/"}}, {"type": "Feature", "geometry": {"type": "Polygon", "coordinates": [[[5.842597, 53.38045], [5.823134, 53.394538], [5.958774, 53.420925], [5.959013, 53.438894], [6.004411, 53.45664], [6.004929, 53.492577], [6.050125, 53.492337], [6.07924, 53.429278], [6.19402, 53.413289], [6.167586, 53.389702], [6.169579, 53.37685], [6.175717, 53.367525], [6.170172, 53.352647], [6.181309, 53.341606], [6.174706, 53.33281], [6.179299, 53.321171], [6.175719, 53.319163], [6.156176, 53.316025], [6.151891, 53.308224], [6.135733, 53.300635], [6.130594, 53.303475], [6.135799, 53.308817], [6.135696, 53.311539], [6.132844, 53.313438], [6.126778, 53.312729], [6.122489, 53.31479], [6.120653, 53.316457], [6.121702, 53.320228], [6.114852, 53.321835], [6.106564, 53.319012], [6.10124, 53.323206], [6.091879, 53.321634], [6.087401, 53.324902], [6.081578, 53.324142], [6.07879, 53.321806], [6.073468, 53.324862], [6.066774, 53.323635], [6.052876, 53.324924], [6.035816, 53.324269], [6.032962, 53.32563], [6.023437, 53.324529], [6.020152, 53.308224], [5.998101, 53.3105], [5.975853, 53.306927], [5.970669, 53.313673], [5.974453, 53.317297], [5.972187, 53.321085], [5.96748, 53.322646], [5.954696, 53.321274], [5.94893, 53.317601], [5.934478, 53.315781], [5.931928, 53.318799], [5.935766, 53.320602], [5.933679, 53.322434], [5.936629, 53.323866], [5.933321, 53.324966], [5.929491, 53.323358], [5.926871, 53.325018], [5.929824, 53.32547], [5.928937, 53.3266], [5.925946, 53.326272], [5.924664, 53.327736], [5.927685, 53.328261], [5.926398, 53.329946], [5.917645, 53.330731], [5.915193, 53.333876], [5.91051, 53.334502], [5.916307, 53.336856], [5.907538, 53.343157], [5.890578, 53.348027], [5.885939, 53.34753], [5.880422, 53.351477], [5.884139, 53.352766], [5.883364, 53.356664], [5.875595, 53.361047], [5.875972, 53.362364], [5.872676, 53.364703], [5.864817, 53.364822], [5.842597, 53.38045]]]}, "properties": {"code": "0058", "name": "Dongeradeel", "regioFacet": "tcm:106-353422-1024", "level": 4, "url": "/regioinformatie/gemeente/dongeradeel/"}}, {"type": "Feature", "geometry": {"type": "Polygon", "coordinates": [[[5.718497, 53.336348], [5.702683, 53.367958], [5.702881, 53.394913], [5.747976, 53.394786], [5.777876, 53.376723], [5.792901, 53.376673], [5.823134, 53.394538], [5.864817, 53.364822], [5.872676, 53.364703], [5.875972, 53.362364], [5.875595, 53.361047], [5.883364, 53.356664], [5.884139, 53.352766], [5.880422, 53.351477], [5.885939, 53.34753], [5.890578, 53.348027], [5.907538, 53.343157], [5.916307, 53.336856], [5.91051, 53.334502], [5.915193, 53.333876], [5.917645, 53.330731], [5.926398, 53.329946], [5.927685, 53.328261], [5.924664, 53.327736], [5.925946, 53.326272], [5.928937, 53.3266], [5.929824, 53.32547], [5.926871, 53.325018], [5.929491, 53.323358], [5.933321, 53.324966], [5.936629, 53.323866], [5.933679, 53.322434], [5.935766, 53.320602], [5.931928, 53.318799], [5.935081, 53.315661], [5.922341, 53.31264], [5.896565, 53.301742], [5.906649, 53.287839], [5.883134, 53.27668], [5.874611, 53.282602], [5.861177, 53.288649], [5.847661, 53.285163], [5.838824, 53.274935], [5.817694, 53.276269], [5.814255, 53.277691], [5.811412, 53.27673], [5.813229, 53.279238], [5.811046, 53.280808], [5.800478, 53.282155], [5.763284, 53.294491], [5.735384, 53.294721], [5.739349, 53.303939], [5.749301, 53.313555], [5.729682, 53.317452], [5.721415, 53.316033], [5.722391, 53.322314], [5.718497, 53.336348]]]}, "properties": {"code": "1722", "name": "Ferwerderadeel (Ferwerderadiel)", "regioFacet": "tcm:106-353423-1024", "level": 4, "url": "/regioinformatie/gemeente/ferwerderadiel/"}}, {"type": "Feature", "geometry": {"type": "Polygon", "coordinates": [[[5.490102, 53.194057], [5.489556, 53.200739], [5.467136, 53.199342], [5.461491, 53.201151], [5.458124, 53.200021], [5.456213, 53.203031], [5.437681, 53.209625], [5.432116, 53.215614], [5.477081, 53.242545], [5.537091, 53.269441], [5.539972, 53.263169], [5.54659, 53.261492], [5.55104, 53.262179], [5.592599, 53.225467], [5.600557, 53.229764], [5.60548, 53.226324], [5.61081, 53.219964], [5.606176, 53.21885], [5.611329, 53.214183], [5.614755, 53.214235], [5.620834, 53.208016], [5.604654, 53.204349], [5.608354, 53.201034], [5.609542, 53.195377], [5.61199, 53.196061], [5.618255, 53.19141], [5.610122, 53.185873], [5.588667, 53.177104], [5.588499, 53.17192], [5.583752, 53.16995], [5.583192, 53.168034], [5.579679, 53.167638], [5.578972, 53.162597], [5.587704, 53.161287], [5.587697, 53.159255], [5.590668, 53.158726], [5.592116, 53.15057], [5.598814, 53.151237], [5.604731, 53.144337], [5.602419, 53.142438], [5.597969, 53.143019], [5.596805, 53.140465], [5.586729, 53.138683], [5.591508, 53.132274], [5.58995, 53.131002], [5.587641, 53.130335], [5.583374, 53.132216], [5.584034, 53.133949], [5.582456, 53.13311], [5.57532, 53.134312], [5.571337, 53.12992], [5.562604, 53.130232], [5.563603, 53.131243], [5.559929, 53.134637], [5.555381, 53.134604], [5.554191, 53.132938], [5.550731, 53.134124], [5.531212, 53.147889], [5.524646, 53.145544], [5.511533, 53.145742], [5.510199, 53.144541], [5.512505, 53.141871], [5.510398, 53.14008], [5.51294, 53.138581], [5.504986, 53.134727], [5.501084, 53.136208], [5.502888, 53.137849], [5.501011, 53.139022], [5.492519, 53.142012], [5.484322, 53.136988], [5.480973, 53.138616], [5.487102, 53.141], [5.477269, 53.142942], [5.478497, 53.145292], [5.472192, 53.146614], [5.47236, 53.147793], [5.474902, 53.150886], [5.476867, 53.150517], [5.486701, 53.165043], [5.484747, 53.165799], [5.486011, 53.169679], [5.493457, 53.173041], [5.496394, 53.177852], [5.479349, 53.176601], [5.485602, 53.190868], [5.490102, 53.194057]]]}, "properties": {"code": "0070", "name": "Franekeradeel", "regioFacet": "tcm:106-353424-1024", "level": 4, "url": "/regioinformatie/gemeente/franekeradeel/"}}, {"type": "Feature", "geometry": {"type": "Polygon", "coordinates": [[[5.437681, 53.209625], [5.456213, 53.203031], [5.458124, 53.200021], [5.461491, 53.201151], [5.467136, 53.199342], [5.489556, 53.200739], [5.490175, 53.19407], [5.485602, 53.190868], [5.479349, 53.176601], [5.496394, 53.177852], [5.493457, 53.173041], [5.486011, 53.169679], [5.484744, 53.165816], [5.486684, 53.165016], [5.476867, 53.150517], [5.474902, 53.150886], [5.468979, 53.14376], [5.461436, 53.144547], [5.463028, 53.147268], [5.454678, 53.147646], [5.451272, 53.149876], [5.444629, 53.151099], [5.443908, 53.149937], [5.43551, 53.153525], [5.421436, 53.153814], [5.41709, 53.150822], [5.413032, 53.152885], [5.410803, 53.151652], [5.40664, 53.152721], [5.402146, 53.125764], [5.372275, 53.107793], [5.372279, 53.093778], [5.344199, 53.077892], [5.33719, 53.076513], [5.332901, 53.080244], [5.323659, 53.079159], [5.32491, 53.074605], [5.293314, 53.068459], [5.164249, 53.001004], [5.095778, 53.087105], [5.163222, 53.107585], [5.132831, 53.197382], [5.147496, 53.251325], [5.387208, 53.215622], [5.432116, 53.215614], [5.437681, 53.209625]]]}, "properties": {"code": "0072", "name": "Harlingen", "regioFacet": "tcm:106-353426-1024", "level": 4, "url": "/regioinformatie/gemeente/harlingen/"}}, {"type": "Feature", "geometry": {"type": "Polygon", "coordinates": [[[5.882841, 52.986723], [5.866127, 52.999796], [5.857603, 53.017008], [5.849335, 53.023905], [5.824058, 53.038117], [5.802223, 53.046799], [5.795906, 53.052845], [5.795508, 53.054866], [5.798749, 53.056195], [5.796386, 53.058839], [5.817558, 53.074939], [5.830162, 53.079595], [5.831151, 53.078047], [5.843045, 53.080402], [5.84468, 53.079562], [5.854442, 53.082414], [5.859831, 53.081676], [5.87371, 53.085207], [5.870313, 53.081432], [5.871502, 53.07421], [5.894974, 53.076228], [5.897039, 53.079005], [5.93339, 53.078111], [5.932917, 53.076044], [5.935952, 53.073815], [5.932305, 53.073229], [5.93087, 53.070413], [5.937889, 53.064998], [5.94109, 53.0639], [5.944268, 53.065255], [5.947328, 53.06248], [5.942635, 53.053486], [5.957613, 53.053618], [5.953614, 53.052071], [5.952837, 53.050045], [5.944545, 53.049112], [5.943949, 53.044394], [5.937999, 53.044264], [5.940199, 53.04218], [5.953088, 53.038349], [5.952179, 53.037208], [5.977037, 53.030128], [5.984525, 53.025539], [5.977123, 53.010165], [5.971942, 53.009673], [5.973963, 53.003425], [5.979669, 52.997852], [5.974649, 52.994285], [5.97675, 52.992659], [5.962653, 52.981007], [5.964892, 52.979337], [5.958105, 52.972935], [6.026853, 52.964364], [6.044347, 52.966237], [6.067493, 52.973166], [6.084297, 52.983173], [6.094251, 52.984964], [6.099722, 52.9895], [6.096437, 52.992897], [6.107408, 52.999406], [6.129804, 53.008757], [6.128779, 53.010385], [6.131188, 53.011879], [6.176812, 53.021049], [6.190418, 53.027769], [6.200399, 53.036792], [6.205424, 53.037931], [6.20087, 52.988493], [6.157302, 52.975332], [6.144012, 52.968377], [6.127255, 52.953068], [6.115406, 52.951182], [6.092973, 52.942303], [6.078675, 52.931653], [6.042075, 52.917833], [6.037312, 52.918219], [6.002068, 52.934004], [5.980289, 52.927167], [5.968174, 52.928408], [5.957004, 52.926883], [5.937847, 52.91174], [5.913046, 52.940505], [5.914181, 52.942922], [5.904886, 52.954164], [5.905711, 52.955515], [5.89741, 52.963083], [5.891027, 52.961697], [5.886154, 52.965711], [5.88684, 52.967049], [5.870971, 52.964442], [5.867215, 52.978622], [5.887267, 52.981515], [5.882841, 52.986723]]]}, "properties": {"code": "0074", "name": "Heerenveen", "regioFacet": "tcm:106-353427-1024", "level": 4, "url": "/regioinformatie/gemeente/heerenveen/"}}, {"type": "Feature", "geometry": {"type": "Polygon", "coordinates": [[[5.538209, 53.265282], [5.537091, 53.269441], [5.567217, 53.305341], [5.627241, 53.323183], [5.702683, 53.367958], [5.718352, 53.336934], [5.722391, 53.322314], [5.721415, 53.316033], [5.729682, 53.317452], [5.749301, 53.313555], [5.739349, 53.303939], [5.735299, 53.294398], [5.730572, 53.294468], [5.727225, 53.288997], [5.725499, 53.289146], [5.72635, 53.287607], [5.720846, 53.279074], [5.720129, 53.274917], [5.722387, 53.27145], [5.735387, 53.264714], [5.729836, 53.261236], [5.73583, 53.252325], [5.73602, 53.248625], [5.720029, 53.247338], [5.706165, 53.243688], [5.689415, 53.245826], [5.688909, 53.24079], [5.682061, 53.241184], [5.662287, 53.244838], [5.663052, 53.248283], [5.653842, 53.248844], [5.65148, 53.250191], [5.649285, 53.248849], [5.641692, 53.252229], [5.63833, 53.251158], [5.617838, 53.255762], [5.615449, 53.252153], [5.617454, 53.250601], [5.614157, 53.248618], [5.628575, 53.239902], [5.61612, 53.233968], [5.607169, 53.232591], [5.592599, 53.225467], [5.55104, 53.262179], [5.546325, 53.261539], [5.539972, 53.263169], [5.538209, 53.265282]]]}, "properties": {"code": "0063", "name": "het Bildt", "regioFacet": "tcm:106-353428-1024", "level": 4, "url": "/regioinformatie/gemeente/het-bildt/"}}, {"type": "Feature", "geometry": {"type": "Polygon", "coordinates": [[[6.136305, 53.300708], [6.151891, 53.308224], [6.156176, 53.316025], [6.175719, 53.319163], [6.179237, 53.321061], [6.174706, 53.33281], [6.181234, 53.341899], [6.170172, 53.352647], [6.175717, 53.367525], [6.18015, 53.364067], [6.187714, 53.362078], [6.221158, 53.356464], [6.224972, 53.354307], [6.23048, 53.344746], [6.233595, 53.3431], [6.239299, 53.343039], [6.247577, 53.347472], [6.254047, 53.348593], [6.27368, 53.345271], [6.286981, 53.341382], [6.280503, 53.312581], [6.290412, 53.31113], [6.294361, 53.308173], [6.289651, 53.305073], [6.278428, 53.30283], [6.268717, 53.289773], [6.265629, 53.291217], [6.259904, 53.291076], [6.253228, 53.287928], [6.251409, 53.277255], [6.255647, 53.269193], [6.251984, 53.267405], [6.247543, 53.268406], [6.244954, 53.267478], [6.238844, 53.262807], [6.237007, 53.257222], [6.223971, 53.25724], [6.218947, 53.259873], [6.217094, 53.265267], [6.19379, 53.270037], [6.19072, 53.268584], [6.18922, 53.26989], [6.18567, 53.267273], [6.190384, 53.263378], [6.180721, 53.26105], [6.179491, 53.259054], [6.176605, 53.261021], [6.164196, 53.263958], [6.160523, 53.261985], [6.158781, 53.263684], [6.148452, 53.260024], [6.147404, 53.261137], [6.144978, 53.260165], [6.141058, 53.264383], [6.110774, 53.259855], [6.074515, 53.248448], [6.043966, 53.243502], [6.050115, 53.266141], [6.051864, 53.266286], [6.053309, 53.279189], [6.054965, 53.279484], [6.053394, 53.280018], [6.054379, 53.29087], [6.073695, 53.2924], [6.069794, 53.29692], [6.071542, 53.296595], [6.072051, 53.316177], [6.074985, 53.317644], [6.074152, 53.321477], [6.087005, 53.324927], [6.091879, 53.321634], [6.10124, 53.323206], [6.106564, 53.319012], [6.114526, 53.321805], [6.121283, 53.320396], [6.122848, 53.319059], [6.120699, 53.316235], [6.124636, 53.313489], [6.132369, 53.313519], [6.135496, 53.311815], [6.135799, 53.308817], [6.130594, 53.303475], [6.136305, 53.300708]]]}, "properties": {"code": "0079", "name": "Kollumerland en Nieuwkruisland", "regioFacet": "tcm:106-353429-1024", "level": 4, "url": "/regioinformatie/gemeente/kollumerland-ca/"}}, {"type": "Feature", "geometry": {"type": "Polygon", "coordinates": [[[5.764681, 53.171098], [5.765628, 53.174343], [5.744987, 53.172015], [5.737786, 53.172547], [5.745409, 53.185231], [5.740342, 53.185372], [5.742389, 53.191411], [5.739972, 53.191233], [5.744575, 53.197821], [5.73609, 53.206085], [5.734741, 53.21122], [5.743905, 53.211379], [5.747107, 53.215144], [5.734162, 53.215805], [5.732552, 53.230323], [5.738148, 53.231283], [5.729769, 53.235254], [5.743916, 53.241098], [5.761443, 53.239863], [5.763057, 53.23454], [5.772991, 53.233966], [5.775782, 53.230246], [5.775104, 53.226371], [5.808082, 53.224002], [5.815944, 53.226013], [5.825762, 53.237381], [5.830331, 53.239226], [5.831897, 53.242848], [5.859241, 53.243293], [5.852554, 53.230477], [5.879885, 53.233341], [5.880656, 53.224976], [5.889992, 53.224999], [5.88917, 53.222816], [5.896927, 53.222962], [5.897117, 53.22097], [5.888953, 53.220952], [5.889016, 53.217682], [5.894209, 53.217773], [5.893821, 53.215518], [5.897864, 53.214658], [5.905932, 53.215014], [5.905004, 53.212476], [5.9071, 53.211054], [5.897892, 53.208697], [5.857728, 53.204063], [5.862061, 53.193565], [5.850956, 53.191713], [5.861937, 53.171519], [5.921942, 53.168346], [5.932721, 53.170365], [5.93061, 53.159547], [5.918962, 53.149173], [5.908629, 53.14478], [5.923356, 53.13091], [5.937219, 53.126086], [5.94346, 53.121614], [5.949657, 53.104892], [5.945944, 53.103676], [5.931585, 53.110608], [5.927869, 53.108938], [5.910696, 53.109181], [5.882006, 53.106939], [5.885985, 53.094439], [5.87812, 53.090966], [5.883532, 53.090661], [5.877443, 53.085412], [5.859831, 53.081676], [5.854442, 53.082414], [5.84468, 53.079562], [5.843045, 53.080402], [5.831151, 53.078047], [5.830162, 53.079595], [5.820737, 53.076476], [5.795898, 53.058531], [5.773912, 53.045922], [5.769847, 53.045849], [5.771412, 53.047197], [5.766813, 53.050545], [5.761843, 53.060798], [5.766084, 53.061388], [5.775747, 53.066699], [5.773564, 53.074109], [5.764283, 53.080276], [5.772611, 53.081807], [5.774502, 53.086328], [5.771384, 53.089106], [5.788229, 53.096594], [5.78738, 53.098497], [5.777873, 53.103185], [5.77058, 53.102656], [5.767779, 53.105064], [5.770537, 53.106195], [5.764411, 53.109591], [5.762628, 53.108817], [5.761404, 53.113679], [5.757449, 53.112716], [5.754563, 53.124663], [5.757441, 53.133474], [5.764273, 53.142987], [5.764681, 53.171098]]]}, "properties": {"code": "0080", "name": "Leeuwarden", "regioFacet": "tcm:106-353430-1024", "level": 4, "url": "/regioinformatie/gemeente/leeuwarden/"}}, {"type": "Feature", "geometry": {"type": "Polygon", "coordinates": [[[5.732653, 53.257034], [5.729836, 53.261236], [5.735387, 53.264714], [5.723334, 53.270674], [5.720121, 53.274996], [5.725499, 53.289146], [5.727225, 53.288997], [5.730858, 53.29457], [5.763284, 53.294491], [5.800478, 53.282155], [5.811046, 53.280808], [5.813229, 53.279238], [5.811412, 53.27673], [5.814255, 53.277691], [5.817694, 53.276269], [5.838649, 53.274949], [5.83253, 53.268547], [5.832063, 53.260339], [5.829701, 53.257582], [5.833166, 53.247745], [5.830549, 53.239519], [5.825762, 53.237381], [5.815944, 53.226013], [5.808082, 53.224002], [5.775104, 53.226371], [5.775782, 53.230246], [5.772991, 53.233966], [5.763057, 53.23454], [5.761443, 53.239863], [5.744626, 53.240603], [5.735274, 53.247045], [5.73362, 53.248514], [5.736072, 53.248673], [5.735843, 53.25228], [5.732653, 53.257034]]]}, "properties": {"code": "0081", "name": "Leeuwarderadeel", "regioFacet": "tcm:106-353431-1024", "level": 4, "url": "/regioinformatie/gemeente/leeuwarderadeel/"}}, {"type": "Feature", "geometry": {"type": "Polygon", "coordinates": [[[5.598814, 53.151237], [5.592116, 53.15057], [5.590668, 53.158726], [5.587697, 53.159255], [5.587704, 53.161287], [5.579002, 53.162572], [5.579679, 53.167638], [5.583192, 53.168034], [5.583752, 53.16995], [5.588499, 53.17192], [5.588667, 53.177104], [5.604699, 53.18387], [5.608919, 53.181577], [5.607121, 53.179525], [5.620325, 53.174726], [5.618533, 53.172745], [5.623497, 53.168296], [5.628529, 53.169821], [5.63308, 53.168013], [5.633944, 53.170278], [5.636822, 53.169184], [5.639732, 53.171332], [5.65284, 53.166259], [5.661261, 53.169758], [5.66596, 53.17547], [5.669006, 53.173333], [5.674586, 53.177808], [5.677291, 53.176393], [5.684935, 53.181891], [5.687096, 53.180039], [5.692742, 53.179922], [5.697299, 53.177717], [5.699291, 53.17371], [5.706099, 53.173383], [5.713244, 53.17523], [5.718444, 53.169215], [5.720127, 53.170527], [5.723792, 53.17007], [5.724925, 53.166079], [5.728334, 53.167925], [5.728217, 53.169785], [5.731422, 53.170739], [5.733307, 53.169458], [5.736892, 53.172569], [5.744987, 53.172015], [5.765628, 53.174343], [5.763605, 53.16894], [5.765637, 53.162514], [5.764273, 53.142987], [5.757441, 53.133474], [5.754563, 53.124663], [5.756733, 53.11589], [5.711774, 53.09172], [5.702287, 53.078792], [5.680528, 53.071197], [5.677289, 53.077112], [5.663261, 53.073191], [5.655376, 53.066633], [5.651629, 53.067352], [5.649657, 53.069526], [5.639302, 53.066851], [5.635351, 53.068815], [5.634828, 53.071909], [5.626834, 53.071312], [5.623964, 53.075223], [5.61072, 53.073729], [5.61109, 53.071416], [5.602082, 53.069953], [5.602097, 53.068845], [5.599052, 53.068407], [5.596872, 53.070884], [5.591726, 53.07042], [5.588576, 53.076069], [5.592492, 53.076611], [5.588007, 53.084371], [5.574363, 53.086148], [5.56618, 53.084262], [5.558753, 53.08984], [5.560004, 53.097748], [5.556814, 53.101276], [5.530037, 53.101715], [5.527016, 53.104519], [5.525654, 53.107826], [5.528896, 53.112484], [5.527992, 53.114825], [5.533039, 53.117874], [5.533005, 53.116636], [5.537221, 53.115524], [5.538296, 53.121905], [5.542692, 53.124505], [5.543468, 53.127636], [5.548894, 53.127297], [5.55366, 53.129673], [5.550673, 53.13122], [5.547268, 53.130747], [5.547318, 53.137365], [5.554191, 53.132938], [5.555381, 53.134604], [5.559929, 53.134637], [5.563603, 53.131243], [5.562604, 53.130232], [5.565571, 53.129569], [5.572585, 53.130425], [5.57532, 53.134312], [5.582456, 53.13311], [5.584034, 53.133949], [5.582861, 53.132477], [5.587641, 53.130335], [5.591521, 53.132225], [5.586729, 53.138683], [5.596805, 53.140465], [5.597969, 53.143019], [5.602419, 53.142438], [5.604731, 53.144337], [5.598814, 53.151237]]]}, "properties": {"code": "0140", "name": "Littenseradeel (Littenseradiel)", "regioFacet": "tcm:106-353433-1024", "level": 4, "url": "/regioinformatie/gemeente/littenseradiel/"}}, {"type": "Feature", "geometry": {"type": "Polygon", "coordinates": [[[5.608734, 53.198235], [5.604654, 53.204349], [5.620834, 53.208016], [5.614755, 53.214235], [5.611329, 53.214183], [5.606176, 53.21885], [5.61081, 53.219964], [5.608256, 53.222274], [5.609759, 53.222982], [5.600557, 53.229764], [5.607169, 53.232591], [5.61612, 53.233968], [5.628575, 53.239902], [5.614157, 53.248618], [5.617454, 53.250601], [5.615449, 53.252153], [5.617838, 53.255762], [5.63833, 53.251158], [5.641692, 53.252229], [5.649285, 53.248849], [5.65148, 53.250191], [5.653842, 53.248844], [5.663052, 53.248283], [5.662287, 53.244838], [5.681579, 53.241235], [5.688909, 53.24079], [5.689415, 53.245826], [5.706165, 53.243688], [5.720029, 53.247338], [5.73362, 53.248514], [5.743916, 53.241098], [5.729769, 53.235254], [5.738148, 53.231283], [5.732552, 53.230323], [5.734162, 53.215805], [5.747107, 53.215144], [5.743905, 53.211379], [5.734741, 53.21122], [5.73609, 53.206085], [5.744575, 53.197821], [5.739972, 53.191233], [5.742389, 53.191411], [5.740342, 53.185372], [5.745409, 53.185231], [5.737786, 53.172547], [5.733307, 53.169458], [5.731422, 53.170739], [5.728217, 53.169785], [5.728334, 53.167925], [5.724925, 53.166079], [5.723792, 53.17007], [5.720127, 53.170527], [5.718444, 53.169215], [5.713244, 53.17523], [5.706099, 53.173383], [5.699149, 53.173744], [5.697333, 53.177696], [5.692742, 53.179922], [5.687096, 53.180039], [5.68581, 53.181922], [5.679398, 53.179133], [5.677291, 53.176393], [5.674586, 53.177808], [5.669006, 53.173333], [5.66596, 53.17547], [5.661261, 53.169758], [5.65284, 53.166259], [5.639732, 53.171332], [5.636822, 53.169184], [5.633944, 53.170278], [5.63308, 53.168013], [5.628529, 53.169821], [5.623497, 53.168296], [5.618533, 53.172745], [5.620325, 53.174726], [5.607121, 53.179525], [5.608919, 53.181577], [5.604699, 53.18387], [5.618289, 53.191451], [5.61199, 53.196061], [5.609542, 53.195377], [5.608734, 53.198235]]]}, "properties": {"code": "1908", "name": "Menaldumadeel (Menaldumadiel)", "regioFacet": "tcm:106-353434-1024", "level": 4, "url": "/regioinformatie/gemeente/menameradiel/"}}, {"type": "Feature", "geometry": {"type": "Polygon", "coordinates": [[[6.20087, 52.988493], [6.205424, 53.037931], [6.212852, 53.036236], [6.215146, 53.038269], [6.222837, 53.039187], [6.280531, 53.058211], [6.28143, 53.064187], [6.332055, 53.075279], [6.367811, 53.06736], [6.362521, 53.033969], [6.427615, 52.971815], [6.393436, 52.932843], [6.33446, 52.90657], [6.302985, 52.924972], [6.256593, 52.927641], [6.247259, 52.923347], [6.21363, 52.925794], [6.209184, 52.933696], [6.200836, 52.939033], [6.202525, 52.941499], [6.200561, 52.943014], [6.144828, 52.928146], [6.139261, 52.924021], [6.110545, 52.913244], [6.084848, 52.936274], [6.092531, 52.942093], [6.112751, 52.950219], [6.127517, 52.953199], [6.144012, 52.968377], [6.157302, 52.975332], [6.20087, 52.988493]]]}, "properties": {"code": "0085", "name": "Ooststellingwerf", "regioFacet": "tcm:106-353435-1024", "level": 4, "url": "/regioinformatie/gemeente/ooststellingwerf/"}}, {"type": "Feature", "geometry": {"type": "Polygon", "coordinates": [[[6.114165, 53.086826], [6.124962, 53.101211], [6.144892, 53.10857], [6.163946, 53.120763], [6.185717, 53.129213], [6.205048, 53.115484], [6.236355, 53.113385], [6.261092, 53.114341], [6.273904, 53.111253], [6.28305, 53.106863], [6.290566, 53.099829], [6.315157, 53.094053], [6.305274, 53.08119], [6.332055, 53.075279], [6.28143, 53.064187], [6.280531, 53.058211], [6.223114, 53.039269], [6.215146, 53.038269], [6.212852, 53.036236], [6.20581, 53.037986], [6.200399, 53.036792], [6.190418, 53.027769], [6.175061, 53.020451], [6.131241, 53.011902], [6.128779, 53.010385], [6.129804, 53.008757], [6.107408, 52.999406], [6.096437, 52.992897], [6.099722, 52.9895], [6.094251, 52.984964], [6.084337, 52.983189], [6.067493, 52.973166], [6.048828, 52.967445], [6.026853, 52.964364], [5.958105, 52.972935], [5.964892, 52.979337], [5.962653, 52.981007], [5.97675, 52.992659], [5.974649, 52.994285], [5.979669, 52.997852], [5.973963, 53.003425], [5.971942, 53.009673], [5.977123, 53.010165], [5.984525, 53.025539], [5.977037, 53.030128], [5.952179, 53.037208], [5.953088, 53.038349], [5.940199, 53.04218], [5.937999, 53.044264], [5.943949, 53.044394], [5.944545, 53.049112], [5.952837, 53.050045], [5.953614, 53.052071], [5.957613, 53.053618], [5.942635, 53.053486], [5.947328, 53.06248], [5.944268, 53.065255], [5.94109, 53.0639], [5.937889, 53.064998], [5.93087, 53.070413], [5.932305, 53.073229], [5.935952, 53.073815], [5.932917, 53.076044], [5.93339, 53.078111], [5.927581, 53.078395], [5.929859, 53.080762], [5.982797, 53.077305], [5.987493, 53.080761], [5.998565, 53.080954], [6.017467, 53.076105], [6.019543, 53.077057], [6.024399, 53.073361], [6.088561, 53.070785], [6.104895, 53.077743], [6.114165, 53.086826]]]}, "properties": {"code": "0086", "name": "Opsterland", "regioFacet": "tcm:106-353436-1024", "level": 4, "url": "/regioinformatie/gemeente/opsterland/"}}, {"type": "Feature", "geometry": {"type": "Polygon", "coordinates": [[[6.19402, 53.413289], [6.07924, 53.429278], [6.050125, 53.492337], [6.110461, 53.496483], [6.125992, 53.523344], [6.186128, 53.513975], [6.322071, 53.526476], [6.352528, 53.539713], [6.352123, 53.521746], [6.367249, 53.523871], [6.382272, 53.521501], [6.389704, 53.516947], [6.397029, 53.507901], [6.396923, 53.503409], [6.393051, 53.498949], [6.381647, 53.494551], [6.366633, 53.49692], [6.351567, 53.497042], [6.350426, 53.446268], [6.19402, 53.413289]]]}, "properties": {"code": "0088", "name": "Schiermonnikoog", "regioFacet": "tcm:106-353438-1024", "level": 4, "url": "/regioinformatie/gemeente/schiermonnikoog/"}}, {"type": "Feature", "geometry": {"type": "Polygon", "coordinates": [[[5.885985, 53.094439], [5.882006, 53.106939], [5.910696, 53.109181], [5.927869, 53.108938], [5.931585, 53.110608], [5.945944, 53.103676], [5.949657, 53.104892], [5.943278, 53.124442], [5.974423, 53.134627], [5.996993, 53.147772], [6.011723, 53.154282], [6.042089, 53.15656], [6.078932, 53.156455], [6.085205, 53.158988], [6.0888, 53.153928], [6.093943, 53.156134], [6.104489, 53.15043], [6.108192, 53.152315], [6.112537, 53.150196], [6.119338, 53.14942], [6.118791, 53.145741], [6.121633, 53.144993], [6.148118, 53.157827], [6.151986, 53.150833], [6.17675, 53.159505], [6.175317, 53.135482], [6.185717, 53.129213], [6.163946, 53.120763], [6.144892, 53.10857], [6.124962, 53.101211], [6.104895, 53.077743], [6.088561, 53.070785], [6.024399, 53.073361], [6.019543, 53.077057], [6.017467, 53.076105], [5.998228, 53.08097], [5.987493, 53.080761], [5.982797, 53.077305], [5.932211, 53.081209], [5.927333, 53.078295], [5.897039, 53.079005], [5.894974, 53.076228], [5.871502, 53.07421], [5.871882, 53.083946], [5.883114, 53.088963], [5.883289, 53.090924], [5.87812, 53.090966], [5.885985, 53.094439]]]}, "properties": {"code": "0090", "name": "Smallingerland", "regioFacet": "tcm:106-353439-1024", "level": 4, "url": "/regioinformatie/gemeente/smallingerland/"}}, {"type": "Feature", "geometry": {"type": "Polygon", "coordinates": [[[5.530037, 53.101715], [5.538964, 53.102009], [5.545124, 53.100588], [5.556513, 53.101433], [5.560004, 53.097748], [5.558753, 53.08984], [5.56618, 53.084262], [5.574363, 53.086148], [5.588007, 53.084371], [5.592492, 53.076611], [5.588576, 53.076069], [5.591726, 53.07042], [5.596872, 53.070884], [5.599052, 53.068407], [5.602097, 53.068845], [5.602082, 53.069953], [5.61109, 53.071416], [5.61072, 53.073729], [5.623964, 53.075223], [5.626834, 53.071312], [5.634828, 53.071909], [5.635351, 53.068815], [5.639302, 53.066851], [5.649657, 53.069526], [5.651629, 53.067352], [5.655376, 53.066633], [5.663261, 53.073191], [5.677289, 53.077112], [5.680528, 53.071197], [5.702287, 53.078792], [5.711774, 53.09172], [5.756519, 53.115983], [5.757449, 53.112716], [5.76179, 53.113258], [5.762628, 53.108817], [5.764411, 53.109591], [5.770537, 53.106195], [5.767779, 53.105064], [5.769533, 53.103263], [5.777873, 53.103185], [5.78738, 53.098497], [5.788229, 53.096594], [5.771384, 53.089106], [5.774502, 53.086328], [5.772611, 53.081807], [5.764283, 53.080276], [5.773564, 53.074109], [5.775747, 53.066699], [5.766084, 53.061388], [5.761843, 53.060798], [5.766813, 53.050545], [5.771412, 53.047197], [5.755432, 53.046838], [5.736582, 53.029887], [5.733241, 53.015438], [5.748865, 53.00764], [5.742183, 53.005351], [5.742258, 53.002301], [5.730616, 53.001274], [5.716858, 52.995677], [5.706113, 52.98432], [5.691724, 52.988613], [5.689252, 52.986703], [5.687443, 52.98208], [5.690907, 52.966819], [5.689326, 52.932967], [5.642455, 52.936167], [5.639978, 52.922469], [5.59426, 52.915412], [5.580531, 52.934046], [5.577259, 52.935205], [5.569022, 52.945535], [5.564779, 52.947481], [5.515507, 52.928678], [5.476965, 52.902237], [5.493845, 52.889836], [5.489712, 52.88603], [5.501822, 52.880212], [5.495903, 52.876054], [5.495517, 52.873816], [5.490171, 52.871432], [5.487487, 52.873398], [5.4771, 52.868764], [5.47234, 52.873034], [5.465053, 52.871294], [5.432809, 52.874652], [5.426102, 52.873294], [5.433352, 52.870109], [5.44134, 52.850072], [5.337842, 52.795955], [5.238682, 52.874061], [5.169135, 52.997612], [5.164249, 53.001004], [5.293314, 53.068459], [5.32491, 53.074605], [5.323659, 53.079159], [5.332901, 53.080244], [5.33719, 53.076513], [5.344199, 53.077892], [5.372279, 53.093778], [5.372275, 53.107793], [5.402146, 53.125764], [5.40664, 53.152721], [5.410803, 53.151652], [5.413032, 53.152885], [5.41709, 53.150822], [5.421436, 53.153814], [5.43551, 53.153525], [5.443908, 53.149937], [5.444629, 53.151099], [5.451272, 53.149876], [5.454678, 53.147646], [5.463028, 53.147268], [5.461436, 53.144547], [5.468338, 53.143333], [5.471656, 53.14642], [5.474744, 53.146401], [5.478497, 53.145292], [5.477269, 53.142942], [5.487102, 53.141], [5.480973, 53.138616], [5.484322, 53.136988], [5.492519, 53.142012], [5.501011, 53.139022], [5.502888, 53.137849], [5.501084, 53.136208], [5.504986, 53.134727], [5.51294, 53.138581], [5.510398, 53.14008], [5.512505, 53.141871], [5.510199, 53.144541], [5.511533, 53.145742], [5.524646, 53.145544], [5.531212, 53.147889], [5.538059, 53.14437], [5.537664, 53.142081], [5.547318, 53.137365], [5.547268, 53.130747], [5.550673, 53.13122], [5.55366, 53.129673], [5.548894, 53.127297], [5.543468, 53.127636], [5.542692, 53.124505], [5.538296, 53.121905], [5.537221, 53.115524], [5.533005, 53.116636], [5.533039, 53.117874], [5.526948, 53.11367], [5.528903, 53.112513], [5.525654, 53.107826], [5.530037, 53.101715]]]}, "properties": {"code": "1900", "name": "S\u00fadwest-Frysl\u00e2n", "regioFacet": "tcm:106-353440-1024", "level": 4, "url": "/regioinformatie/gemeente/sudwest-fryslan/"}}, {"type": "Feature", "geometry": {"type": "Polygon", "coordinates": [[[5.184977, 53.245778], [5.147496, 53.251325], [5.162217, 53.305281], [5.102072, 53.32295], [5.087069, 53.323072], [5.101778, 53.368034], [5.161774, 53.386132], [5.176693, 53.408621], [5.357119, 53.431264], [5.492587, 53.458176], [5.552856, 53.471585], [5.582912, 53.458063], [5.612831, 53.422071], [5.612289, 53.318743], [5.567217, 53.305341], [5.537091, 53.269441], [5.477081, 53.242545], [5.432116, 53.215614], [5.387208, 53.215622], [5.184977, 53.245778]]]}, "properties": {"code": "0093", "name": "Terschelling", "regioFacet": "tcm:106-353441-1024", "level": 4, "url": "/regioinformatie/gemeente/terschelling/"}}, {"type": "Feature", "geometry": {"type": "Polygon", "coordinates": [[[5.932721, 53.170365], [5.921942, 53.168346], [5.861937, 53.171519], [5.850956, 53.191713], [5.862061, 53.193565], [5.857728, 53.204063], [5.897892, 53.208697], [5.9071, 53.211054], [5.905004, 53.212476], [5.905932, 53.215014], [5.897864, 53.214658], [5.893821, 53.215518], [5.894209, 53.217773], [5.889016, 53.217682], [5.888953, 53.220952], [5.897117, 53.22097], [5.896927, 53.222962], [5.88917, 53.222816], [5.889992, 53.224999], [5.880656, 53.224976], [5.879885, 53.233341], [5.852554, 53.230477], [5.859241, 53.243293], [5.83216, 53.242857], [5.831199, 53.244305], [5.833166, 53.247745], [5.829643, 53.257197], [5.832063, 53.260339], [5.832596, 53.268654], [5.847661, 53.285163], [5.861177, 53.288649], [5.874611, 53.282602], [5.893196, 53.269734], [5.91448, 53.25863], [5.922955, 53.257405], [5.925914, 53.25473], [5.925652, 53.252201], [5.942992, 53.250428], [5.955974, 53.228056], [5.97291, 53.227935], [5.983355, 53.229843], [6.01779, 53.241242], [6.019837, 53.240861], [6.027244, 53.230133], [6.086289, 53.215026], [6.0817, 53.214086], [6.080138, 53.213155], [6.081905, 53.211171], [6.078724, 53.210678], [6.08411, 53.208463], [6.078558, 53.206716], [6.084053, 53.195766], [6.099772, 53.185764], [6.108947, 53.176332], [6.114593, 53.175978], [6.10453, 53.150421], [6.093943, 53.156134], [6.0888, 53.153928], [6.085205, 53.158988], [6.078932, 53.156455], [6.042089, 53.15656], [6.012412, 53.154415], [5.996993, 53.147772], [5.974423, 53.134627], [5.943278, 53.124442], [5.943336, 53.121608], [5.937219, 53.126086], [5.923356, 53.13091], [5.908629, 53.14478], [5.918962, 53.149173], [5.93061, 53.159547], [5.932721, 53.170365]]]}, "properties": {"code": "0737", "name": "Tietjerksteradeel (Tytsjerksteradiel)", "regioFacet": "tcm:106-353442-1024", "level": 4, "url": "/regioinformatie/gemeente/tytsjerksteradiel/"}}, {"type": "Feature", "geometry": {"type": "Polygon", "coordinates": [[[5.095778, 53.087105], [5.050953, 53.143266], [4.818376, 53.214275], [4.840601, 53.232349], [4.90769, 53.259593], [5.027117, 53.313923], [5.087069, 53.323072], [5.102072, 53.32295], [5.162217, 53.305281], [5.132831, 53.197382], [5.163222, 53.107585], [5.095778, 53.087105]]]}, "properties": {"code": "0096", "name": "Vlieland", "regioFacet": "tcm:106-353443-1024", "level": 4, "url": "/regioinformatie/gemeente/vlieland/"}}, {"type": "Feature", "geometry": {"type": "Polygon", "coordinates": [[[5.916524, 52.900111], [5.933074, 52.907341], [5.954701, 52.926027], [5.967623, 52.928395], [5.980289, 52.927167], [6.002068, 52.934004], [6.040579, 52.9177], [6.077741, 52.931221], [6.086303, 52.936447], [6.110545, 52.913244], [6.139261, 52.924021], [6.144828, 52.928146], [6.200561, 52.943014], [6.202525, 52.941499], [6.200836, 52.939033], [6.209184, 52.933696], [6.21363, 52.925794], [6.247259, 52.923347], [6.24483, 52.919587], [6.232291, 52.913438], [6.2069, 52.890744], [6.165993, 52.875027], [6.12125, 52.854744], [6.08748, 52.843114], [6.082608, 52.839151], [6.0615, 52.839297], [6.052607, 52.837339], [6.059951, 52.826119], [6.031168, 52.814991], [6.024559, 52.822545], [6.007483, 52.820046], [5.996508, 52.816562], [5.990575, 52.821597], [5.986479, 52.821693], [5.976175, 52.834748], [5.973128, 52.84247], [5.969976, 52.842375], [5.958098, 52.839395], [5.955764, 52.837374], [5.955784, 52.833235], [5.945933, 52.837452], [5.927079, 52.833827], [5.930689, 52.831938], [5.922841, 52.830792], [5.926407, 52.82835], [5.922905, 52.827452], [5.924079, 52.823488], [5.914998, 52.819456], [5.90937, 52.814059], [5.900657, 52.811825], [5.897881, 52.807803], [5.882578, 52.80392], [5.878763, 52.800849], [5.86868, 52.802726], [5.865636, 52.80465], [5.85964, 52.804536], [5.857027, 52.807229], [5.854667, 52.805507], [5.843594, 52.805033], [5.842202, 52.807584], [5.836364, 52.805826], [5.837365, 52.808262], [5.833629, 52.811656], [5.824198, 52.813277], [5.820143, 52.816053], [5.818128, 52.821668], [5.827653, 52.827599], [5.825855, 52.830325], [5.835879, 52.841041], [5.840017, 52.842996], [5.843928, 52.854874], [5.855109, 52.866115], [5.856768, 52.870791], [5.876971, 52.886828], [5.88461, 52.889426], [5.886216, 52.894379], [5.907897, 52.897105], [5.916524, 52.900111]]]}, "properties": {"code": "0098", "name": "Weststellingwerf", "regioFacet": "tcm:106-353444-1024", "level": 4, "url": "/regioinformatie/gemeente/weststellingwerf/"}}, {"type": "Feature", "geometry": {"type": "Polygon", "coordinates": [[[6.476064, 51.901972], [6.472348, 51.907356], [6.487941, 51.912306], [6.4871, 51.914096], [6.492842, 51.9173], [6.492359, 51.92593], [6.497089, 51.9296], [6.49558, 51.930288], [6.503128, 51.939313], [6.500776, 51.939522], [6.504781, 51.945984], [6.517457, 51.947907], [6.519832, 51.955563], [6.532829, 51.962353], [6.527269, 51.966024], [6.546962, 51.972707], [6.559199, 51.974367], [6.569684, 51.972158], [6.575104, 51.973225], [6.591865, 51.972161], [6.592541, 51.970841], [6.598433, 51.971143], [6.633928, 51.96567], [6.639078, 51.962524], [6.639471, 51.959811], [6.629071, 51.950092], [6.634519, 51.944589], [6.632008, 51.937817], [6.643557, 51.930095], [6.651293, 51.928542], [6.653653, 51.930267], [6.658972, 51.929044], [6.658031, 51.924332], [6.663127, 51.919794], [6.660767, 51.918369], [6.66101, 51.915603], [6.664376, 51.91658], [6.668733, 51.913863], [6.637717, 51.904455], [6.634174, 51.901005], [6.62531, 51.901942], [6.58578, 51.894082], [6.569517, 51.888305], [6.560998, 51.884124], [6.560611, 51.882219], [6.555863, 51.881805], [6.552426, 51.886191], [6.548363, 51.885347], [6.549586, 51.883149], [6.544151, 51.88461], [6.539899, 51.880916], [6.524572, 51.873692], [6.515489, 51.873493], [6.503155, 51.867616], [6.50115, 51.868114], [6.502208, 51.864705], [6.500291, 51.862272], [6.482677, 51.856931], [6.4772, 51.856707], [6.472508, 51.853823], [6.467303, 51.854424], [6.464335, 51.855666], [6.468045, 51.860125], [6.468402, 51.864176], [6.471285, 51.864526], [6.471835, 51.868963], [6.481168, 51.874199], [6.484252, 51.878847], [6.479023, 51.888228], [6.480416, 51.893984], [6.476064, 51.901972]]]}, "properties": {"code": "0197", "name": "Aalten", "regioFacet": "tcm:106-353446-1024", "level": 4, "url": "/regioinformatie/gemeente/aalten/"}}, {"type": "Feature", "geometry": {"type": "Polygon", "coordinates": [[[5.846395, 52.15147], [5.809843, 52.151415], [5.809646, 52.166692], [5.801959, 52.177364], [5.811932, 52.184878], [5.79626, 52.19634], [5.750585, 52.193731], [5.730765, 52.208599], [5.727435, 52.219298], [5.741673, 52.219882], [5.743029, 52.22349], [5.738401, 52.231468], [5.730915, 52.231569], [5.729553, 52.238922], [5.726389, 52.242503], [5.761449, 52.248304], [5.749227, 52.268273], [5.751263, 52.269561], [5.779346, 52.270583], [5.809805, 52.270277], [5.821427, 52.272672], [5.842718, 52.267146], [5.850811, 52.268695], [5.854521, 52.260102], [5.860892, 52.255807], [5.879593, 52.264991], [5.936211, 52.274419], [5.957921, 52.272367], [5.97389, 52.273209], [5.98217, 52.283826], [5.985744, 52.285669], [5.992422, 52.2849], [5.988975, 52.274094], [6.016214, 52.276794], [6.030285, 52.276331], [6.028531, 52.270986], [6.031045, 52.270925], [6.030313, 52.269233], [6.036418, 52.268595], [6.034659, 52.265905], [6.037571, 52.261526], [6.035149, 52.258315], [6.031769, 52.258551], [6.028466, 52.248658], [6.024864, 52.249228], [6.028927, 52.24439], [6.026506, 52.242904], [6.036051, 52.231997], [6.033639, 52.231515], [6.033425, 52.22408], [6.040876, 52.22416], [6.046909, 52.221368], [6.047908, 52.213004], [6.053474, 52.201213], [6.058251, 52.196171], [6.053874, 52.194999], [6.04954, 52.184286], [6.060673, 52.175153], [6.065694, 52.165221], [6.06437, 52.15699], [6.074726, 52.148163], [6.078484, 52.138878], [6.071392, 52.134572], [6.069622, 52.131305], [6.051109, 52.124206], [6.047646, 52.119195], [6.04058, 52.114567], [6.04113, 52.112371], [6.035818, 52.109466], [6.034825, 52.1029], [6.032384, 52.10145], [6.034053, 52.095724], [6.031594, 52.095606], [6.008926, 52.074044], [5.99048, 52.079164], [5.964646, 52.076322], [5.955931, 52.073339], [5.945644, 52.078085], [5.951466, 52.099901], [5.911721, 52.100233], [5.900104, 52.103785], [5.883449, 52.106342], [5.864749, 52.125555], [5.859545, 52.148749], [5.846395, 52.15147]]]}, "properties": {"code": "0200", "name": "Apeldoorn", "regioFacet": "tcm:106-353447-1024", "level": 4, "url": "/regioinformatie/gemeente/apeldoorn/"}}, {"type": "Feature", "geometry": {"type": "Polygon", "coordinates": [[[5.87086, 51.975113], [5.8659, 51.975686], [5.863737, 51.977965], [5.86737, 51.98029], [5.866237, 51.984112], [5.863154, 51.985291], [5.86374, 51.99589], [5.826276, 51.999556], [5.802961, 52.004054], [5.808338, 52.01876], [5.837918, 52.046632], [5.850045, 52.051602], [5.859668, 52.052017], [5.882063, 52.049411], [5.899401, 52.049958], [5.898124, 52.063362], [5.909743, 52.062096], [5.946103, 52.077891], [5.955931, 52.073339], [5.943287, 52.062456], [5.937099, 52.048533], [5.941402, 52.011486], [5.946067, 52.010605], [5.94331, 52.010134], [5.948126, 52.006587], [5.953613, 51.995002], [5.959197, 51.989637], [5.980651, 51.981454], [5.99034, 51.974406], [5.964634, 51.971424], [5.955457, 51.967018], [5.950973, 51.962832], [5.949249, 51.957451], [5.955225, 51.948754], [5.940328, 51.95604], [5.935597, 51.960416], [5.932283, 51.959708], [5.929446, 51.950593], [5.915061, 51.949901], [5.901864, 51.933464], [5.887769, 51.936135], [5.8685, 51.942184], [5.829657, 51.94551], [5.828771, 51.95004], [5.831345, 51.958536], [5.829339, 51.960848], [5.835181, 51.964169], [5.835343, 51.973559], [5.859121, 51.969536], [5.865321, 51.970915], [5.87086, 51.975113]]]}, "properties": {"code": "0202", "name": "Arnhem", "regioFacet": "tcm:106-353448-1024", "level": 4, "url": "/regioinformatie/gemeente/arnhem/"}}, {"type": "Feature", "geometry": {"type": "Polygon", "coordinates": [[[5.478878, 52.164464], [5.485169, 52.171739], [5.48561, 52.181974], [5.501038, 52.188621], [5.512084, 52.188574], [5.521209, 52.191835], [5.530808, 52.191539], [5.541452, 52.178459], [5.548927, 52.175317], [5.568891, 52.177909], [5.568181, 52.179916], [5.565229, 52.180725], [5.564528, 52.185341], [5.566493, 52.186521], [5.57793, 52.186183], [5.575174, 52.192666], [5.577667, 52.194797], [5.58816, 52.194841], [5.600304, 52.19765], [5.607762, 52.194198], [5.617444, 52.194359], [5.617797, 52.191182], [5.619634, 52.193119], [5.625651, 52.192724], [5.634862, 52.203806], [5.633267, 52.208167], [5.665519, 52.222704], [5.68127, 52.225339], [5.683642, 52.240617], [5.709874, 52.239325], [5.726389, 52.242503], [5.729553, 52.238922], [5.730915, 52.231569], [5.738401, 52.231468], [5.743029, 52.22349], [5.741673, 52.219882], [5.727435, 52.219298], [5.730765, 52.208599], [5.750585, 52.193731], [5.792025, 52.196987], [5.799657, 52.194652], [5.811932, 52.184878], [5.801959, 52.177364], [5.809646, 52.166692], [5.809843, 52.151415], [5.774691, 52.152228], [5.762105, 52.147598], [5.743295, 52.1487], [5.720349, 52.14626], [5.721939, 52.138595], [5.717279, 52.136449], [5.701825, 52.135377], [5.688821, 52.137027], [5.683932, 52.132145], [5.68042, 52.131613], [5.669018, 52.134686], [5.661091, 52.131945], [5.656954, 52.13258], [5.646725, 52.130259], [5.638243, 52.130765], [5.623011, 52.127585], [5.615881, 52.127748], [5.607079, 52.124905], [5.591386, 52.124435], [5.578852, 52.120677], [5.569172, 52.122191], [5.56862, 52.118209], [5.565299, 52.12201], [5.561895, 52.121682], [5.553942, 52.113478], [5.546745, 52.11137], [5.550343, 52.10542], [5.545292, 52.10439], [5.546302, 52.102444], [5.543538, 52.102052], [5.54154, 52.103737], [5.525164, 52.100751], [5.523187, 52.104322], [5.519368, 52.100494], [5.517383, 52.100629], [5.510401, 52.107842], [5.500959, 52.11087], [5.493862, 52.111097], [5.491873, 52.114485], [5.486447, 52.11536], [5.498917, 52.116018], [5.50395, 52.11372], [5.507702, 52.113897], [5.507549, 52.115645], [5.503756, 52.116586], [5.505354, 52.11975], [5.496918, 52.119557], [5.494695, 52.124698], [5.496759, 52.124814], [5.497913, 52.130283], [5.511928, 52.132105], [5.514079, 52.135923], [5.497306, 52.141443], [5.498982, 52.147393], [5.481342, 52.150501], [5.484317, 52.158064], [5.481496, 52.158297], [5.482116, 52.159796], [5.479197, 52.161361], [5.472433, 52.162851], [5.478878, 52.164464]]]}, "properties": {"code": "0203", "name": "Barneveld", "regioFacet": "tcm:106-353449-1024", "level": 4, "url": "/regioinformatie/gemeente/barneveld/"}}, {"type": "Feature", "geometry": {"type": "Polygon", "coordinates": [[[6.555349, 52.177256], [6.590415, 52.182464], [6.606327, 52.173082], [6.602851, 52.169121], [6.60675, 52.165018], [6.612147, 52.163166], [6.621692, 52.168417], [6.624952, 52.16865], [6.625154, 52.172102], [6.629101, 52.172033], [6.630545, 52.1736], [6.634862, 52.172165], [6.64028, 52.167405], [6.645041, 52.174194], [6.671339, 52.165683], [6.67428, 52.158538], [6.670351, 52.156424], [6.673469, 52.154972], [6.673819, 52.152104], [6.671309, 52.150458], [6.673748, 52.148287], [6.674395, 52.142774], [6.662399, 52.130167], [6.677691, 52.125959], [6.69781, 52.123554], [6.716272, 52.11827], [6.760572, 52.11878], [6.755265, 52.095241], [6.750284, 52.095778], [6.744501, 52.09309], [6.750923, 52.085036], [6.735471, 52.074634], [6.694663, 52.0698], [6.696868, 52.067344], [6.695874, 52.064265], [6.689571, 52.056453], [6.686807, 52.055519], [6.687981, 52.044365], [6.661801, 52.051598], [6.663808, 52.057705], [6.658971, 52.063041], [6.651138, 52.063599], [6.646839, 52.065411], [6.643209, 52.060205], [6.638684, 52.060592], [6.635719, 52.055274], [6.627651, 52.057687], [6.630615, 52.064421], [6.62374, 52.063623], [6.613086, 52.06804], [6.606119, 52.065117], [6.605592, 52.051827], [6.596588, 52.047249], [6.596238, 52.042819], [6.59074, 52.041572], [6.590028, 52.039054], [6.571712, 52.030432], [6.538989, 52.025197], [6.517288, 52.042414], [6.514828, 52.040494], [6.508707, 52.044266], [6.499596, 52.03582], [6.494297, 52.037851], [6.487909, 52.032307], [6.48667, 52.033933], [6.483386, 52.031347], [6.480071, 52.032948], [6.464947, 52.020601], [6.438212, 52.025103], [6.436941, 52.025725], [6.440027, 52.027148], [6.432536, 52.034926], [6.434948, 52.034771], [6.433758, 52.037941], [6.430799, 52.038629], [6.432682, 52.040557], [6.42861, 52.041116], [6.427192, 52.04319], [6.424537, 52.042447], [6.423734, 52.044019], [6.425713, 52.044792], [6.423237, 52.047481], [6.420363, 52.046458], [6.415073, 52.051437], [6.413223, 52.062618], [6.406675, 52.076848], [6.402896, 52.079154], [6.400539, 52.083811], [6.401924, 52.087212], [6.41156, 52.089502], [6.413393, 52.08828], [6.423639, 52.096783], [6.444885, 52.106196], [6.455205, 52.10798], [6.460133, 52.106738], [6.461464, 52.104026], [6.467685, 52.106477], [6.470498, 52.105853], [6.470186, 52.104248], [6.473244, 52.104062], [6.473013, 52.101868], [6.476892, 52.100421], [6.479161, 52.101303], [6.482002, 52.105923], [6.481476, 52.111393], [6.491349, 52.120001], [6.489665, 52.120546], [6.491998, 52.125283], [6.488305, 52.126903], [6.486519, 52.131937], [6.488518, 52.134243], [6.483793, 52.137162], [6.481293, 52.142429], [6.473432, 52.14461], [6.474654, 52.143326], [6.471611, 52.143069], [6.470711, 52.146407], [6.466625, 52.147274], [6.466519, 52.14964], [6.462432, 52.150402], [6.463383, 52.151464], [6.461369, 52.152086], [6.483788, 52.157199], [6.493026, 52.169526], [6.494373, 52.17319], [6.492401, 52.177372], [6.514163, 52.181311], [6.555349, 52.177256]]]}, "properties": {"code": "1859", "name": "Berkelland", "regioFacet": "tcm:106-353450-1024", "level": 4, "url": "/regioinformatie/gemeente/berkelland/"}}, {"type": "Feature", "geometry": {"type": "Polygon", "coordinates": [[[5.717626, 51.839517], [5.678111, 51.843147], [5.677404, 51.846258], [5.681734, 51.84626], [5.681357, 51.848678], [5.68482, 51.848781], [5.680498, 51.85387], [5.681663, 51.856868], [5.678258, 51.858574], [5.679571, 51.860525], [5.672184, 51.862044], [5.667853, 51.865927], [5.677856, 51.878822], [5.685014, 51.895648], [5.702227, 51.894257], [5.730983, 51.886134], [5.749516, 51.88383], [5.773357, 51.878641], [5.800485, 51.875356], [5.825695, 51.866213], [5.82369, 51.864313], [5.825391, 51.860128], [5.817375, 51.849494], [5.812427, 51.849616], [5.807326, 51.85184], [5.787218, 51.840929], [5.779615, 51.844583], [5.775083, 51.844247], [5.764789, 51.832272], [5.717626, 51.839517]]]}, "properties": {"code": "0209", "name": "Beuningen", "regioFacet": "tcm:106-353451-1024", "level": 4, "url": "/regioinformatie/gemeente/beuningen/"}}, {"type": "Feature", "geometry": {"type": "Polygon", "coordinates": [[[6.175539, 52.039378], [6.167191, 52.036966], [6.158957, 52.037389], [6.155594, 52.041091], [6.149943, 52.042054], [6.140515, 52.036054], [6.126121, 52.034049], [6.114789, 52.0368], [6.110813, 52.042035], [6.112901, 52.046376], [6.118165, 52.050286], [6.133894, 52.056643], [6.14019, 52.061803], [6.168161, 52.0762], [6.176576, 52.09075], [6.189818, 52.09134], [6.199888, 52.093807], [6.210534, 52.092452], [6.217899, 52.097881], [6.218162, 52.089592], [6.221696, 52.088775], [6.219223, 52.09255], [6.220159, 52.100327], [6.224491, 52.100049], [6.224621, 52.10108], [6.222085, 52.106677], [6.225827, 52.106827], [6.226638, 52.10941], [6.232416, 52.110747], [6.233877, 52.113126], [6.257601, 52.110287], [6.269843, 52.111643], [6.277487, 52.121729], [6.288465, 52.125538], [6.29215, 52.125473], [6.291112, 52.126446], [6.293868, 52.127943], [6.307286, 52.130452], [6.328314, 52.137712], [6.357721, 52.135527], [6.357722, 52.130299], [6.361216, 52.126782], [6.368791, 52.123847], [6.37748, 52.126925], [6.379872, 52.126099], [6.392529, 52.131529], [6.395843, 52.130832], [6.391822, 52.123728], [6.398389, 52.117648], [6.39153, 52.113051], [6.423999, 52.096908], [6.413393, 52.08828], [6.41156, 52.089502], [6.402653, 52.087894], [6.400539, 52.083811], [6.402896, 52.079154], [6.406675, 52.076848], [6.413223, 52.062618], [6.415073, 52.051437], [6.420363, 52.046458], [6.423237, 52.047481], [6.425713, 52.044792], [6.423734, 52.044019], [6.424537, 52.042447], [6.427192, 52.04319], [6.42861, 52.041116], [6.432682, 52.040557], [6.430799, 52.038629], [6.433753, 52.037947], [6.434948, 52.034771], [6.432451, 52.035073], [6.440027, 52.027148], [6.437195, 52.025559], [6.462185, 52.021701], [6.459187, 52.018722], [6.462058, 52.016915], [6.460305, 52.014564], [6.465632, 52.007695], [6.460268, 52.006171], [6.467488, 52.000757], [6.459208, 51.997752], [6.460058, 51.995151], [6.475773, 51.988136], [6.46671, 51.977056], [6.462595, 51.976215], [6.45979, 51.973173], [6.447794, 51.969755], [6.439351, 51.972101], [6.437037, 51.970717], [6.434806, 51.972123], [6.416104, 51.972605], [6.402497, 51.982168], [6.39784, 51.979642], [6.390306, 51.980259], [6.380878, 51.977738], [6.388325, 51.976117], [6.390821, 51.970738], [6.390378, 51.968328], [6.38465, 51.968004], [6.373456, 51.969858], [6.368351, 51.968532], [6.365595, 51.969423], [6.370029, 51.976251], [6.353506, 51.974675], [6.327519, 51.975749], [6.335658, 51.985646], [6.326455, 51.991889], [6.319133, 51.994261], [6.306139, 51.993032], [6.29564, 51.988455], [6.291898, 51.993346], [6.278945, 51.984913], [6.274651, 51.985288], [6.270475, 51.983423], [6.259362, 51.987462], [6.250721, 51.987329], [6.247949, 51.984086], [6.257299, 51.982528], [6.249699, 51.975948], [6.243077, 51.977674], [6.243584, 51.980708], [6.235182, 51.982292], [6.23577, 51.985083], [6.232313, 51.988593], [6.23258, 51.986507], [6.228087, 51.987795], [6.222417, 51.984148], [6.23173, 51.981077], [6.2298, 51.976207], [6.224512, 51.978404], [6.215204, 51.979455], [6.211603, 51.978397], [6.205134, 51.980248], [6.182192, 51.979189], [6.171698, 51.980827], [6.160517, 51.979522], [6.161975, 51.992796], [6.159573, 51.996125], [6.159962, 51.997878], [6.164317, 51.998986], [6.159251, 51.99974], [6.158856, 52.003964], [6.153947, 52.003524], [6.159776, 52.00698], [6.161184, 52.013828], [6.164745, 52.014401], [6.164238, 52.016356], [6.164512, 52.01697], [6.170756, 52.016745], [6.177296, 52.020338], [6.174516, 52.022703], [6.176818, 52.025289], [6.173233, 52.027775], [6.177082, 52.031504], [6.175057, 52.031701], [6.175539, 52.039378]]]}, "properties": {"code": "1876", "name": "Bronckhorst", "regioFacet": "tcm:106-353452-1024", "level": 4, "url": "/regioinformatie/gemeente/bronckhorst/"}}, {"type": "Feature", "geometry": {"type": "Polygon", "coordinates": [[[6.076102, 52.087498], [6.067606, 52.088205], [6.058499, 52.085323], [6.044924, 52.079641], [6.023738, 52.067282], [6.006085, 52.066349], [6.008849, 52.074014], [6.01739, 52.083019], [6.031594, 52.095606], [6.034053, 52.095724], [6.032384, 52.10145], [6.034825, 52.1029], [6.035818, 52.109466], [6.04113, 52.112371], [6.04058, 52.114567], [6.047646, 52.119195], [6.051109, 52.124206], [6.069622, 52.131305], [6.071392, 52.134572], [6.078484, 52.138878], [6.075966, 52.143912], [6.106133, 52.152191], [6.142486, 52.159195], [6.153578, 52.159622], [6.160635, 52.161874], [6.184679, 52.161223], [6.181615, 52.152707], [6.179322, 52.152262], [6.171467, 52.152771], [6.159397, 52.157673], [6.146266, 52.157767], [6.141529, 52.154406], [6.140411, 52.148291], [6.142804, 52.145664], [6.149685, 52.144], [6.163985, 52.146352], [6.173396, 52.14497], [6.172136, 52.143267], [6.175069, 52.141494], [6.174131, 52.139432], [6.179014, 52.138528], [6.177472, 52.136957], [6.183631, 52.134226], [6.182515, 52.126239], [6.186185, 52.124518], [6.18743, 52.116167], [6.191677, 52.114274], [6.208968, 52.113001], [6.215353, 52.108966], [6.218381, 52.10076], [6.215321, 52.094886], [6.209191, 52.092272], [6.199888, 52.093807], [6.189818, 52.09134], [6.176576, 52.09075], [6.168336, 52.076341], [6.159593, 52.072747], [6.137469, 52.059181], [6.135353, 52.059734], [6.135751, 52.062059], [6.12882, 52.062799], [6.12872, 52.064277], [6.122769, 52.06323], [6.119881, 52.066961], [6.121021, 52.068576], [6.115699, 52.068231], [6.113971, 52.071583], [6.103423, 52.078144], [6.07743, 52.08362], [6.076102, 52.087498]]]}, "properties": {"code": "0213", "name": "Brummen", "regioFacet": "tcm:106-353453-1024", "level": 4, "url": "/regioinformatie/gemeente/brummen/"}}, {"type": "Feature", "geometry": {"type": "Polygon", "coordinates": [[[5.438052, 51.985672], [5.470991, 51.982987], [5.486214, 51.983826], [5.512481, 51.973081], [5.538942, 51.967827], [5.549561, 51.959197], [5.556934, 51.955711], [5.586617, 51.950829], [5.584561, 51.947403], [5.571872, 51.941537], [5.566578, 51.941668], [5.560696, 51.944057], [5.549445, 51.942302], [5.533508, 51.943304], [5.539959, 51.937065], [5.548441, 51.934253], [5.554139, 51.934273], [5.553877, 51.922959], [5.556837, 51.919208], [5.551749, 51.917795], [5.547706, 51.921647], [5.512299, 51.921375], [5.505295, 51.923926], [5.498383, 51.923117], [5.493557, 51.918507], [5.489827, 51.918247], [5.486421, 51.918935], [5.486867, 51.921037], [5.489015, 51.921019], [5.48784, 51.922937], [5.490896, 51.924745], [5.476527, 51.92087], [5.460071, 51.924132], [5.44698, 51.920572], [5.435112, 51.92067], [5.431868, 51.918504], [5.422987, 51.917014], [5.418476, 51.913445], [5.411257, 51.912009], [5.409626, 51.907858], [5.404471, 51.905232], [5.399466, 51.898391], [5.392606, 51.89684], [5.353783, 51.878066], [5.345242, 51.877625], [5.341665, 51.873486], [5.338849, 51.874232], [5.339456, 51.877874], [5.335499, 51.881639], [5.32683, 51.882588], [5.315514, 51.880404], [5.315489, 51.882598], [5.321997, 51.885668], [5.323366, 51.88901], [5.312767, 51.895803], [5.306677, 51.896155], [5.297324, 51.901579], [5.294893, 51.900052], [5.273611, 51.920074], [5.285185, 51.922577], [5.285508, 51.930233], [5.280977, 51.933168], [5.267761, 51.932756], [5.255165, 51.935389], [5.241922, 51.945516], [5.260082, 51.951695], [5.255318, 51.954221], [5.270374, 51.965427], [5.300894, 51.961569], [5.314857, 51.95562], [5.323439, 51.955097], [5.335221, 51.958044], [5.347095, 51.966997], [5.354038, 51.969982], [5.361845, 51.970966], [5.376909, 51.969161], [5.38707, 51.969831], [5.417294, 51.976337], [5.438052, 51.985672]]]}, "properties": {"code": "0214", "name": "Buren", "regioFacet": "tcm:106-353454-1024", "level": 4, "url": "/regioinformatie/gemeente/buren/"}}, {"type": "Feature", "geometry": {"type": "Polygon", "coordinates": [[[5.212489, 51.960388], [5.221507, 51.965285], [5.230851, 51.976349], [5.23827, 51.978894], [5.246524, 51.977498], [5.25754, 51.97026], [5.270374, 51.965427], [5.255318, 51.954221], [5.260082, 51.951695], [5.241922, 51.945516], [5.255265, 51.935829], [5.242603, 51.927195], [5.23318, 51.923587], [5.21181, 51.919645], [5.207686, 51.926214], [5.159196, 51.91963], [5.166797, 51.92602], [5.158309, 51.92845], [5.150359, 51.928189], [5.142433, 51.924937], [5.14846, 51.929485], [5.148276, 51.932737], [5.151467, 51.933615], [5.180227, 51.967448], [5.197625, 51.960453], [5.205989, 51.959432], [5.212489, 51.960388]]]}, "properties": {"code": "0216", "name": "Culemborg", "regioFacet": "tcm:106-353455-1024", "level": 4, "url": "/regioinformatie/gemeente/culemborg/"}}, {"type": "Feature", "geometry": {"type": "Polygon", "coordinates": [[[6.130078, 52.019509], [6.132207, 52.023832], [6.131303, 52.02821], [6.127399, 52.032158], [6.121502, 52.034617], [6.129883, 52.034065], [6.138715, 52.035537], [6.150416, 52.042097], [6.155594, 52.041091], [6.158957, 52.037389], [6.167191, 52.036966], [6.175539, 52.039378], [6.175057, 52.031701], [6.177082, 52.031504], [6.173233, 52.027775], [6.176818, 52.025289], [6.174516, 52.022703], [6.177296, 52.020338], [6.170756, 52.016745], [6.164512, 52.01697], [6.164745, 52.014401], [6.161184, 52.013828], [6.159776, 52.00698], [6.153947, 52.003524], [6.159079, 52.003814], [6.159251, 51.99974], [6.149831, 52.001869], [6.139498, 51.996977], [6.115301, 51.996882], [6.110538, 51.995566], [6.114768, 52.004567], [6.12596, 52.010127], [6.130078, 52.019509]]]}, "properties": {"code": "0221", "name": "Doesburg", "regioFacet": "tcm:106-353456-1024", "level": 4, "url": "/regioinformatie/gemeente/doesburg/"}}, {"type": "Feature", "geometry": {"type": "Polygon", "coordinates": [[[6.254504, 51.943242], [6.226163, 51.944638], [6.220753, 51.944576], [6.219041, 51.943142], [6.216383, 51.944122], [6.20879, 51.943245], [6.202886, 51.941874], [6.204623, 51.936692], [6.188464, 51.943315], [6.188562, 51.945579], [6.184507, 51.947761], [6.178415, 51.948739], [6.172243, 51.953275], [6.163143, 51.955323], [6.15804, 51.958749], [6.15088, 51.96635], [6.144688, 51.9805], [6.160483, 51.981037], [6.160583, 51.979513], [6.171808, 51.980825], [6.190987, 51.979056], [6.205134, 51.980248], [6.211603, 51.978397], [6.215204, 51.979455], [6.224512, 51.978404], [6.2298, 51.976207], [6.23173, 51.981077], [6.222417, 51.984148], [6.228087, 51.987795], [6.23258, 51.986507], [6.232313, 51.988593], [6.23577, 51.985083], [6.235182, 51.982292], [6.243584, 51.980708], [6.243077, 51.977674], [6.249699, 51.975948], [6.257299, 51.982528], [6.247949, 51.984086], [6.250721, 51.987329], [6.259362, 51.987462], [6.270475, 51.983423], [6.274651, 51.985288], [6.278945, 51.984913], [6.291898, 51.993346], [6.29564, 51.988455], [6.306139, 51.993032], [6.319133, 51.994261], [6.326455, 51.991889], [6.335658, 51.985646], [6.327618, 51.975727], [6.353506, 51.974675], [6.370029, 51.976251], [6.365674, 51.969378], [6.390378, 51.968328], [6.388325, 51.976117], [6.380878, 51.977738], [6.390306, 51.980259], [6.39784, 51.979642], [6.402497, 51.982168], [6.416082, 51.972622], [6.403562, 51.957224], [6.397584, 51.953889], [6.379963, 51.936281], [6.381222, 51.933231], [6.360939, 51.922959], [6.332348, 51.925635], [6.320944, 51.935813], [6.314608, 51.936502], [6.308604, 51.939764], [6.305763, 51.938821], [6.301396, 51.941614], [6.302066, 51.944134], [6.279652, 51.943406], [6.275208, 51.941795], [6.272848, 51.941885], [6.272848, 51.943187], [6.254504, 51.943242]]]}, "properties": {"code": "0222", "name": "Doetinchem", "regioFacet": "tcm:106-353457-1024", "level": 4, "url": "/regioinformatie/gemeente/doetinchem/"}}, {"type": "Feature", "geometry": {"type": "Polygon", "coordinates": [[[5.613972, 51.899296], [5.634861, 51.899113], [5.666948, 51.895671], [5.685014, 51.895648], [5.677856, 51.878822], [5.667853, 51.865927], [5.636177, 51.867362], [5.64012, 51.856033], [5.634701, 51.851089], [5.637861, 51.848771], [5.635931, 51.847458], [5.6432, 51.844988], [5.609835, 51.836274], [5.598494, 51.837851], [5.598269, 51.839544], [5.585013, 51.839107], [5.581037, 51.851147], [5.585039, 51.85713], [5.578711, 51.859205], [5.577273, 51.864585], [5.553038, 51.862536], [5.553782, 51.870374], [5.559601, 51.870507], [5.560256, 51.875048], [5.568435, 51.876545], [5.569378, 51.879726], [5.566437, 51.883948], [5.569585, 51.884924], [5.57146, 51.883912], [5.576993, 51.892437], [5.550467, 51.888041], [5.54312, 51.888404], [5.539378, 51.891875], [5.530981, 51.891423], [5.531363, 51.894753], [5.535937, 51.896425], [5.560159, 51.901461], [5.613972, 51.899296]]]}, "properties": {"code": "0225", "name": "Druten", "regioFacet": "tcm:106-353458-1024", "level": 4, "url": "/regioinformatie/gemeente/druten/"}}, {"type": "Feature", "geometry": {"type": "Polygon", "coordinates": [[[5.969518, 51.939129], [5.975241, 51.941723], [5.984364, 51.943021], [5.985943, 51.94511], [5.984488, 51.946807], [5.987576, 51.950441], [5.984836, 51.951682], [5.984944, 51.953702], [5.987767, 51.963063], [5.985264, 51.96396], [5.986636, 51.9685], [5.984035, 51.972418], [5.994297, 51.973373], [6.007932, 51.979065], [6.021818, 51.978203], [6.026889, 51.970893], [6.034081, 51.971326], [6.045812, 51.980369], [6.060772, 51.981859], [6.062393, 51.980567], [6.068852, 51.980401], [6.067371, 51.974982], [6.060839, 51.974483], [6.058461, 51.958309], [6.052665, 51.952698], [6.063447, 51.949286], [6.054805, 51.939936], [6.053027, 51.940328], [6.051561, 51.930973], [6.048506, 51.931614], [6.042358, 51.927772], [6.046276, 51.926906], [6.046993, 51.9253], [6.043076, 51.916831], [6.038843, 51.91634], [6.037457, 51.913962], [6.027045, 51.916512], [6.015441, 51.916956], [6.000076, 51.913204], [5.992755, 51.912334], [5.988921, 51.913965], [5.987063, 51.913314], [5.978645, 51.921681], [5.968613, 51.928212], [5.972887, 51.929187], [5.966771, 51.935728], [5.965775, 51.938768], [5.969518, 51.939129]]]}, "properties": {"code": "0226", "name": "Duiven", "regioFacet": "tcm:106-353459-1024", "level": 4, "url": "/regioinformatie/gemeente/duiven/"}}, {"type": "Feature", "geometry": {"type": "Polygon", "coordinates": [[[5.560737, 52.068662], [5.559212, 52.071043], [5.562619, 52.079186], [5.560778, 52.084394], [5.556687, 52.085483], [5.557112, 52.086851], [5.554905, 52.08655], [5.554429, 52.095392], [5.550463, 52.096641], [5.554236, 52.100151], [5.546745, 52.11137], [5.553942, 52.113478], [5.561895, 52.121682], [5.565299, 52.12201], [5.56862, 52.118209], [5.569172, 52.122191], [5.578852, 52.120677], [5.591386, 52.124435], [5.607079, 52.124905], [5.615881, 52.127748], [5.623011, 52.127585], [5.638243, 52.130765], [5.646725, 52.130259], [5.656954, 52.13258], [5.661091, 52.131945], [5.669018, 52.134686], [5.68042, 52.131613], [5.683932, 52.132145], [5.688821, 52.137027], [5.701825, 52.135377], [5.717279, 52.136449], [5.721939, 52.138595], [5.720349, 52.14626], [5.743295, 52.1487], [5.762105, 52.147598], [5.774691, 52.152228], [5.845761, 52.151609], [5.859545, 52.148749], [5.864749, 52.125555], [5.883449, 52.106342], [5.900104, 52.103785], [5.911721, 52.100233], [5.951466, 52.099901], [5.946068, 52.077731], [5.909743, 52.062096], [5.898124, 52.063362], [5.899401, 52.049958], [5.882063, 52.049411], [5.859668, 52.052017], [5.850045, 52.051602], [5.837918, 52.046632], [5.813374, 52.024071], [5.802433, 52.022358], [5.803631, 52.020682], [5.798138, 52.022015], [5.783843, 52.021978], [5.745137, 52.019769], [5.738182, 52.012287], [5.738814, 52.008142], [5.734137, 52.006419], [5.735917, 52.002441], [5.732776, 52.00074], [5.724239, 52.000704], [5.689442, 51.995083], [5.675368, 51.990951], [5.669601, 51.994668], [5.664338, 51.993593], [5.663201, 51.995028], [5.655417, 51.993307], [5.653935, 51.995174], [5.637221, 51.991917], [5.633218, 51.995276], [5.627433, 51.992988], [5.624946, 51.995142], [5.619307, 51.992738], [5.614492, 51.99965], [5.606832, 51.997422], [5.605065, 51.99406], [5.592248, 52.001187], [5.591113, 52.007301], [5.586015, 52.011776], [5.586922, 52.015713], [5.589622, 52.015595], [5.590242, 52.020267], [5.5872, 52.02045], [5.586503, 52.029171], [5.586712, 52.03129], [5.589589, 52.031177], [5.59003, 52.034387], [5.567386, 52.040606], [5.570853, 52.047997], [5.557903, 52.048865], [5.560737, 52.068662]]]}, "properties": {"code": "0228", "name": "Ede", "regioFacet": "tcm:106-353460-1024", "level": 4, "url": "/regioinformatie/gemeente/ede/"}}, {"type": "Feature", "geometry": {"type": "Polygon", "coordinates": [[[5.810643, 52.436244], [5.809586, 52.437659], [5.822411, 52.449706], [5.815608, 52.455215], [5.831385, 52.473402], [5.844847, 52.469968], [5.859065, 52.462481], [5.86484, 52.462055], [5.862992, 52.460942], [5.871363, 52.457793], [5.872547, 52.455243], [5.877624, 52.453119], [5.871384, 52.447857], [5.873766, 52.446995], [5.868749, 52.444779], [5.870671, 52.442517], [5.872245, 52.443029], [5.899954, 52.419816], [5.916292, 52.412949], [5.905993, 52.4086], [5.924339, 52.391393], [5.911694, 52.386793], [5.876009, 52.357873], [5.871171, 52.361309], [5.864792, 52.359658], [5.821269, 52.391091], [5.820578, 52.396933], [5.817867, 52.397292], [5.81717, 52.401567], [5.812045, 52.400669], [5.811672, 52.402799], [5.790776, 52.396862], [5.787773, 52.400038], [5.782622, 52.399469], [5.770748, 52.395515], [5.768685, 52.398888], [5.764075, 52.398724], [5.759335, 52.403059], [5.756292, 52.407426], [5.787257, 52.422573], [5.810643, 52.436244]]]}, "properties": {"code": "0230", "name": "Elburg", "regioFacet": "tcm:106-353461-1024", "level": 4, "url": "/regioinformatie/gemeente/elburg/"}}, {"type": "Feature", "geometry": {"type": "Polygon", "coordinates": [[[5.845569, 52.287964], [5.840831, 52.304398], [5.85035, 52.308275], [5.866235, 52.319925], [5.880951, 52.335186], [5.864814, 52.351329], [5.87367, 52.35595], [5.911694, 52.386793], [5.94208, 52.396539], [5.951024, 52.398437], [5.957117, 52.392897], [5.991333, 52.378598], [6.01734, 52.369905], [6.031651, 52.367283], [6.037779, 52.362072], [6.042716, 52.363504], [6.041784, 52.356512], [6.052409, 52.361001], [6.074169, 52.361803], [6.077845, 52.364297], [6.081102, 52.361971], [6.090314, 52.360605], [6.094255, 52.357859], [6.089462, 52.354619], [6.07801, 52.352426], [6.07607, 52.35057], [6.076764, 52.338651], [6.073681, 52.330569], [6.052948, 52.330907], [6.052714, 52.325821], [6.034698, 52.29456], [6.043369, 52.278658], [6.041635, 52.268374], [6.030313, 52.269233], [6.031045, 52.270925], [6.028531, 52.270986], [6.031256, 52.275236], [6.028863, 52.276813], [5.988975, 52.274094], [5.992422, 52.2849], [5.985744, 52.285669], [5.98217, 52.283826], [5.97389, 52.273209], [5.957921, 52.272367], [5.936211, 52.274419], [5.879593, 52.264991], [5.860892, 52.255807], [5.853365, 52.262291], [5.848145, 52.274327], [5.852155, 52.28009], [5.845569, 52.287964]]]}, "properties": {"code": "0232", "name": "Epe", "regioFacet": "tcm:106-353462-1024", "level": 4, "url": "/regioinformatie/gemeente/epe/"}}, {"type": "Feature", "geometry": {"type": "Polygon", "coordinates": [[[5.574339, 52.327433], [5.582254, 52.322308], [5.602051, 52.317986], [5.60199, 52.31976], [5.608707, 52.319052], [5.623112, 52.327532], [5.630264, 52.326851], [5.658613, 52.310221], [5.678124, 52.301492], [5.686447, 52.313143], [5.706171, 52.328382], [5.750748, 52.317074], [5.743837, 52.298047], [5.744682, 52.288195], [5.754648, 52.282602], [5.755493, 52.277833], [5.746503, 52.271553], [5.761449, 52.248304], [5.709874, 52.239325], [5.683833, 52.24057], [5.673725, 52.252532], [5.661798, 52.257786], [5.656877, 52.262196], [5.639211, 52.271861], [5.620724, 52.275655], [5.612223, 52.275322], [5.610654, 52.277263], [5.602999, 52.278393], [5.588845, 52.278528], [5.566894, 52.285116], [5.555274, 52.2867], [5.552007, 52.290356], [5.545168, 52.293303], [5.565864, 52.332389], [5.574339, 52.327433]]]}, "properties": {"code": "0233", "name": "Ermelo", "regioFacet": "tcm:106-353463-1024", "level": 4, "url": "/regioinformatie/gemeente/ermelo/"}}, {"type": "Feature", "geometry": {"type": "Polygon", "coordinates": [[[5.138087, 51.872906], [5.120729, 51.871458], [5.118093, 51.877622], [5.120892, 51.883193], [5.114275, 51.889266], [5.117671, 51.89257], [5.11689, 51.898032], [5.119409, 51.898605], [5.132278, 51.914882], [5.136436, 51.914508], [5.135675, 51.918223], [5.142433, 51.924937], [5.150359, 51.928189], [5.158309, 51.92845], [5.166797, 51.92602], [5.159196, 51.91963], [5.207686, 51.926214], [5.21181, 51.919645], [5.233944, 51.923865], [5.24344, 51.927621], [5.255062, 51.935483], [5.267761, 51.932756], [5.280977, 51.933168], [5.284947, 51.930692], [5.286778, 51.928209], [5.285185, 51.922577], [5.273611, 51.920074], [5.294893, 51.900052], [5.297324, 51.901579], [5.306677, 51.896155], [5.312767, 51.895803], [5.323366, 51.88901], [5.323343, 51.886836], [5.316294, 51.883323], [5.315148, 51.880593], [5.326603, 51.882573], [5.334071, 51.88189], [5.33767, 51.880643], [5.339551, 51.877351], [5.336583, 51.869966], [5.328033, 51.864797], [5.328362, 51.85935], [5.316137, 51.856893], [5.308863, 51.85176], [5.279956, 51.857184], [5.261758, 51.855086], [5.241648, 51.856408], [5.23925, 51.854367], [5.229908, 51.85638], [5.218356, 51.851914], [5.191936, 51.847588], [5.149642, 51.847304], [5.150544, 51.861367], [5.138087, 51.872906]]]}, "properties": {"code": "0236", "name": "Geldermalsen", "regioFacet": "tcm:106-353464-1024", "level": 4, "url": "/regioinformatie/gemeente/geldermalsen/"}}, {"type": "Feature", "geometry": {"type": "Polygon", "coordinates": [[[5.972111, 51.83343], [5.972018, 51.833418], [5.971884, 51.8334], [5.97151, 51.833351], [5.97144, 51.833347], [5.971233, 51.833337], [5.971166, 51.833338], [5.971099, 51.833347], [5.971017, 51.833368], [5.970892, 51.833407], [5.970119, 51.833668], [5.968962, 51.834075], [5.968669, 51.834178], [5.968096, 51.83439], [5.967076, 51.834845], [5.965602, 51.835567], [5.964189, 51.836281], [5.963262, 51.836769], [5.962978, 51.836914], [5.962903, 51.83686], [5.962805, 51.836789], [5.962547, 51.836601], [5.96248, 51.836552], [5.962464, 51.836541], [5.960472, 51.835091], [5.960284, 51.834954], [5.959585, 51.834446], [5.956101, 51.83191], [5.956061, 51.831881], [5.955397, 51.831397], [5.954939, 51.831064], [5.954907, 51.831041], [5.953851, 51.830272], [5.953794, 51.83023], [5.950378, 51.827743], [5.948263, 51.826203], [5.948028, 51.826032], [5.947992, 51.826006], [5.947946, 51.825973], [5.947823, 51.825967], [5.946559, 51.824979], [5.946192, 51.824737], [5.94614, 51.824703], [5.945479, 51.824266], [5.945803, 51.824092], [5.945779, 51.824074], [5.945045, 51.823544], [5.94507, 51.82353], [5.946888, 51.822618], [5.949138, 51.821486], [5.951676, 51.820201], [5.954056, 51.819004], [5.956897, 51.817571], [5.958151, 51.816931], [5.957581, 51.816595], [5.957426, 51.816504], [5.957364, 51.816468], [5.95714, 51.816339], [5.956642, 51.816051], [5.955676, 51.815469], [5.954789, 51.815907], [5.953901, 51.815378], [5.953438, 51.815125], [5.952847, 51.81479], [5.952262, 51.815177], [5.951579, 51.815634], [5.951138, 51.815913], [5.950672, 51.816237], [5.94972, 51.815512], [5.949628, 51.815445], [5.949313, 51.815659], [5.948816, 51.81599], [5.948177, 51.816423], [5.948078, 51.816446], [5.948061, 51.816438], [5.947945, 51.816366], [5.947047, 51.81581], [5.946066, 51.815198], [5.946023, 51.81517], [5.945927, 51.815111], [5.945946, 51.815095], [5.946067, 51.814995], [5.946509, 51.814614], [5.946837, 51.814488], [5.947028, 51.814386], [5.947016, 51.814375], [5.946857, 51.814202], [5.946591, 51.813873], [5.94657, 51.81348], [5.947012, 51.813236], [5.947634, 51.81289], [5.948315, 51.812513], [5.948764, 51.812792], [5.949422, 51.812443], [5.949343, 51.81232], [5.949242, 51.812164], [5.949187, 51.812092], [5.949124, 51.812033], [5.949006, 51.811937], [5.948818, 51.811779], [5.948682, 51.811668], [5.948612, 51.811598], [5.94857, 51.811532], [5.948535, 51.811452], [5.948483, 51.811389], [5.948432, 51.811368], [5.948326, 51.811345], [5.947978, 51.811371], [5.948327, 51.811221], [5.948377, 51.811194], [5.948641, 51.811105], [5.948725, 51.811081], [5.949231, 51.810958], [5.949434, 51.810887], [5.950808, 51.810608], [5.950938, 51.810581], [5.950994, 51.810577], [5.951462, 51.810525], [5.953102, 51.810377], [5.953658, 51.810328], [5.953659, 51.810328], [5.954054, 51.810296], [5.954189, 51.810289], [5.956118, 51.810147], [5.956261, 51.810117], [5.95638, 51.810091], [5.956537, 51.810044], [5.956759, 51.809935], [5.956778, 51.809828], [5.956821, 51.809787], [5.956846, 51.809763], [5.957106, 51.809493], [5.957266, 51.80934], [5.957518, 51.809176], [5.95778, 51.809059], [5.957819, 51.809061], [5.957877, 51.809072], [5.958249, 51.808968], [5.958289, 51.808958], [5.958689, 51.808858], [5.958989, 51.808783], [5.958935, 51.808767], [5.959512, 51.808527], [5.959639, 51.808455], [5.959833, 51.808351], [5.960473, 51.808103], [5.962141, 51.807453], [5.962806, 51.807174], [5.963079, 51.807059], [5.963217, 51.806986], [5.963579, 51.806785], [5.964083, 51.806517], [5.964597, 51.806237], [5.965035, 51.806003], [5.965373, 51.805818], [5.965744, 51.805609], [5.965757, 51.805603], [5.965797, 51.805396], [5.965856, 51.805304], [5.966088, 51.805082], [5.966072, 51.805073], [5.966161, 51.804983], [5.966274, 51.804893], [5.966919, 51.804384], [5.967109, 51.804449], [5.967335, 51.80453], [5.967377, 51.804468], [5.967386, 51.804455], [5.967427, 51.804232], [5.967452, 51.804178], [5.967453, 51.804177], [5.967468, 51.804143], [5.967669, 51.803959], [5.967971, 51.803698], [5.968628, 51.803327], [5.968638, 51.803322], [5.968771, 51.803247], [5.969254, 51.802924], [5.969261, 51.80292], [5.969986, 51.802526], [5.970212, 51.802396], [5.970276, 51.80236], [5.970441, 51.802264], [5.970736, 51.802091], [5.970746, 51.802085], [5.970879, 51.802012], [5.971003, 51.801971], [5.971119, 51.801916], [5.971278, 51.801839], [5.971299, 51.801831], [5.971348, 51.801787], [5.971354, 51.801782], [5.971547, 51.801589], [5.971565, 51.801571], [5.971772, 51.801376], [5.971895, 51.801256], [5.971969, 51.801214], [5.972499, 51.800907], [5.972632, 51.800832], [5.972974, 51.800654], [5.973236, 51.800518], [5.973592, 51.800335], [5.973706, 51.800279], [5.974071, 51.800101], [5.974106, 51.800087], [5.974093, 51.800077], [5.974515, 51.79981], [5.974802, 51.799625], [5.975117, 51.799418], [5.975078, 51.799389], [5.975239, 51.799269], [5.975459, 51.799144], [5.975588, 51.79907], [5.975644, 51.799039], [5.975749, 51.798996], [5.975825, 51.798974], [5.975942, 51.798939], [5.976231, 51.798849], [5.97634, 51.798817], [5.976591, 51.798737], [5.97667, 51.798713], [5.976785, 51.798689], [5.976997, 51.798686], [5.977079, 51.798663], [5.977194, 51.798631], [5.977398, 51.79853], [5.977621, 51.798414], [5.97779, 51.798325], [5.977849, 51.798294], [5.978126, 51.798163], [5.978157, 51.798124], [5.978215, 51.798041], [5.979065, 51.797651], [5.974726, 51.795766], [5.974392, 51.795623], [5.974785, 51.795331], [5.9746, 51.795209], [5.974862, 51.795096], [5.974901, 51.79508], [5.974908, 51.795077], [5.975278, 51.794919], [5.976782, 51.794276], [5.976723, 51.794214], [5.974949, 51.792257], [5.974833, 51.792119], [5.974571, 51.791813], [5.974505, 51.791737], [5.973703, 51.790814], [5.973661, 51.790763], [5.973539, 51.790627], [5.973531, 51.790617], [5.973204, 51.790235], [5.972632, 51.789565], [5.973156, 51.789405], [5.97501, 51.788808], [5.97507, 51.788788], [5.974658, 51.788638], [5.974015, 51.788478], [5.973978, 51.78847], [5.973987, 51.788429], [5.973989, 51.788422], [5.974198, 51.787517], [5.9742, 51.787509], [5.974382, 51.786678], [5.974521, 51.786053], [5.974548, 51.785062], [5.975689, 51.785259], [5.978457, 51.785805], [5.978657, 51.785844], [5.978932, 51.785891], [5.979283, 51.785951], [5.979379, 51.785967], [5.979461, 51.785974], [5.979539, 51.785977], [5.979629, 51.785965], [5.979709, 51.78595], [5.979797, 51.785922], [5.980004, 51.785848], [5.980321, 51.78574], [5.98039, 51.785697], [5.980409, 51.785683], [5.980548, 51.785589], [5.980616, 51.785591], [5.980712, 51.785599], [5.980784, 51.785566], [5.980859, 51.78553], [5.981016, 51.785291], [5.981032, 51.785267], [5.98152, 51.784541], [5.981568, 51.784461], [5.981766, 51.784137], [5.983483, 51.784685], [5.983586, 51.784718], [5.983676, 51.784746], [5.983852, 51.784801], [5.984227, 51.784919], [5.984679, 51.785057], [5.984793, 51.784428], [5.985496, 51.784079], [5.987888, 51.782889], [5.988746, 51.783289], [5.988986, 51.783402], [5.989131, 51.78347], [5.989748, 51.783724], [5.990211, 51.783414], [5.99022, 51.783407], [5.990227, 51.783401], [5.990285, 51.78334], [5.99029, 51.783334], [5.990427, 51.783197], [5.989272, 51.782469], [5.98915, 51.782392], [5.989149, 51.782391], [5.989036, 51.782314], [5.988688, 51.782078], [5.988524, 51.781966], [5.988383, 51.781866], [5.988227, 51.781755], [5.988104, 51.781665], [5.987989, 51.781582], [5.987832, 51.781483], [5.987572, 51.781318], [5.986142, 51.780385], [5.985998, 51.7803], [5.985599, 51.78006], [5.985286, 51.779872], [5.984349, 51.77931], [5.983838, 51.778987], [5.983432, 51.778725], [5.984126, 51.778064], [5.984269, 51.777853], [5.984275, 51.777845], [5.984329, 51.777775], [5.984337, 51.777765], [5.984431, 51.777778], [5.984544, 51.777794], [5.984338, 51.777214], [5.98415, 51.776725], [5.984144, 51.776709], [5.984122, 51.776648], [5.984119, 51.77664], [5.984046, 51.776458], [5.983944, 51.776218], [5.983738, 51.775731], [5.983673, 51.775581], [5.984022, 51.775351], [5.983438, 51.774771], [5.983223, 51.774558], [5.982693, 51.774034], [5.98236, 51.773697], [5.984395, 51.773052], [5.985043, 51.772833], [5.985791, 51.772585], [5.986257, 51.772421], [5.986802, 51.772227], [5.987402, 51.77184], [5.987967, 51.771473], [5.988305, 51.771256], [5.989364, 51.770577], [5.989838, 51.77027], [5.990081, 51.770114], [5.990343, 51.769946], [5.990553, 51.769809], [5.99075, 51.769682], [5.991595, 51.770045], [5.992067, 51.770246], [5.99194, 51.769781], [5.991829, 51.769554], [5.991619, 51.769144], [5.991545, 51.768991], [5.991474, 51.768842], [5.991286, 51.768446], [5.991203, 51.768278], [5.990988, 51.767491], [5.990627, 51.766434], [5.990568, 51.766358], [5.99055, 51.766334], [5.990515, 51.766291], [5.990501, 51.766277], [5.990479, 51.766265], [5.988844, 51.765366], [5.988692, 51.765283], [5.988493, 51.765175], [5.987089, 51.7644], [5.986032, 51.76382], [5.98558, 51.763572], [5.984679, 51.763071], [5.984634, 51.763046], [5.984203, 51.762811], [5.983817, 51.7626], [5.983807, 51.762594], [5.983161, 51.762241], [5.983029, 51.762168], [5.982529, 51.761894], [5.981838, 51.761516], [5.981573, 51.761368], [5.981301, 51.761218], [5.980008, 51.760502], [5.979889, 51.760439], [5.979885, 51.760436], [5.979782, 51.760373], [5.979442, 51.760185], [5.97921, 51.760053], [5.978974, 51.759949], [5.97877, 51.759861], [5.978533, 51.759784], [5.97829, 51.75971], [5.978015, 51.759731], [5.977783, 51.759747], [5.977621, 51.759756], [5.977172, 51.759749], [5.976858, 51.759741], [5.976664, 51.759711], [5.97657, 51.759695], [5.976383, 51.759629], [5.976118, 51.75953], [5.976111, 51.759527], [5.975874, 51.75944], [5.975751, 51.759396], [5.975467, 51.759289], [5.97542, 51.759268], [5.975241, 51.759182], [5.974938, 51.759037], [5.974604, 51.759121], [5.974095, 51.759256], [5.973779, 51.7591], [5.973539, 51.758982], [5.973241, 51.758834], [5.97301, 51.758719], [5.972542, 51.75849], [5.972151, 51.758295], [5.972068, 51.758257], [5.971601, 51.758023], [5.971493, 51.75797], [5.970817, 51.757635], [5.970485, 51.757472], [5.969699, 51.757084], [5.968821, 51.75665], [5.967644, 51.756068], [5.966915, 51.755711], [5.966856, 51.755679], [5.966854, 51.755677], [5.96575, 51.755133], [5.964439, 51.754488], [5.964218, 51.754379], [5.964207, 51.754374], [5.964075, 51.754309], [5.963484, 51.75402], [5.963273, 51.753917], [5.963265, 51.753913], [5.962398, 51.753471], [5.962394, 51.753469], [5.961508, 51.753033], [5.961177, 51.752869], [5.960645, 51.752606], [5.960523, 51.752546], [5.960034, 51.752303], [5.959835, 51.752204], [5.959586, 51.752079], [5.959176, 51.751875], [5.958613, 51.751595], [5.958336, 51.751461], [5.9582, 51.751506], [5.957802, 51.751634], [5.957165, 51.751834], [5.956825, 51.751938], [5.956471, 51.75172], [5.956146, 51.751519], [5.956128, 51.751508], [5.956125, 51.751506], [5.956097, 51.751489], [5.955751, 51.751276], [5.955743, 51.751271], [5.955263, 51.750973], [5.955251, 51.750966], [5.95515, 51.750905], [5.955135, 51.750896], [5.954093, 51.750251], [5.952272, 51.749126], [5.952238, 51.749105], [5.952234, 51.749102], [5.952154, 51.749053], [5.951988, 51.748949], [5.952329, 51.748737], [5.952537, 51.748608], [5.952683, 51.748518], [5.952781, 51.74846], [5.9529, 51.748389], [5.952977, 51.748343], [5.953164, 51.748174], [5.953235, 51.748092], [5.953288, 51.748024], [5.953098, 51.74766], [5.952975, 51.747423], [5.952762, 51.747009], [5.952556, 51.746619], [5.952535, 51.746577], [5.952396, 51.746304], [5.952294, 51.746122], [5.952285, 51.746014], [5.952277, 51.745914], [5.952273, 51.745838], [5.952269, 51.745688], [5.952267, 51.745593], [5.95227, 51.745546], [5.952332, 51.745033], [5.952351, 51.744958], [5.952354, 51.744948], [5.952426, 51.744756], [5.952459, 51.74468], [5.952485, 51.744601], [5.952478, 51.74457], [5.952466, 51.744554], [5.952436, 51.744537], [5.952362, 51.744515], [5.952354, 51.744512], [5.951953, 51.744371], [5.951716, 51.744326], [5.951551, 51.744296], [5.95134, 51.744272], [5.95101, 51.744192], [5.950737, 51.74433], [5.950316, 51.744144], [5.950238, 51.74411], [5.949855, 51.74394], [5.949501, 51.743783], [5.948543, 51.743363], [5.948199, 51.743212], [5.948083, 51.743163], [5.947351, 51.742815], [5.947095, 51.742692], [5.946746, 51.742598], [5.946504, 51.742504], [5.946134, 51.742361], [5.945053, 51.742102], [5.944557, 51.741983], [5.944467, 51.741962], [5.944249, 51.741886], [5.944105, 51.74185], [5.943962, 51.741817], [5.943347, 51.741756], [5.942965, 51.741719], [5.942887, 51.741711], [5.942881, 51.74171], [5.941015, 51.741527], [5.940875, 51.74155], [5.940826, 51.741557], [5.940708, 51.741574], [5.940693, 51.741536], [5.940358, 51.74159], [5.940207, 51.741621], [5.940043, 51.741654], [5.939979, 51.741673], [5.939826, 51.74172], [5.939577, 51.741797], [5.939524, 51.741815], [5.938366, 51.741595], [5.938299, 51.741593], [5.937821, 51.741578], [5.937471, 51.741565], [5.937286, 51.741529], [5.937073, 51.741485], [5.9367, 51.741313], [5.936134, 51.741057], [5.935891, 51.741029], [5.935223, 51.74113], [5.934959, 51.741466], [5.934783, 51.741712], [5.934623, 51.741876], [5.934602, 51.741895], [5.934487, 51.741958], [5.934449, 51.741967], [5.934367, 51.741981], [5.93425, 51.742003], [5.933677, 51.741919], [5.933144, 51.741843], [5.932767, 51.741938], [5.932771, 51.741951], [5.932751, 51.742007], [5.932561, 51.74245], [5.932321, 51.742754], [5.932198, 51.743056], [5.932253, 51.743069], [5.932259, 51.743171], [5.932308, 51.743203], [5.932391, 51.743258], [5.93236, 51.743292], [5.932331, 51.743325], [5.932185, 51.743487], [5.932037, 51.74365], [5.931957, 51.743566], [5.931911, 51.743516], [5.931851, 51.743542], [5.931154, 51.743831], [5.930713, 51.744107], [5.930324, 51.74427], [5.929948, 51.744428], [5.930015, 51.744824], [5.930065, 51.745124], [5.930196, 51.7459], [5.930242, 51.745926], [5.930249, 51.745935], [5.930288, 51.745982], [5.930656, 51.746435], [5.930738, 51.746535], [5.931845, 51.747206], [5.932528, 51.74762], [5.933143, 51.747992], [5.933282, 51.748074], [5.933287, 51.748077], [5.933323, 51.748099], [5.933267, 51.748115], [5.933185, 51.748139], [5.930201, 51.74883], [5.927728, 51.749403], [5.926994, 51.749573], [5.926986, 51.749575], [5.926978, 51.749577], [5.926949, 51.749584], [5.926933, 51.749587], [5.926867, 51.749602], [5.92684, 51.749609], [5.924778, 51.750086], [5.924036, 51.750258], [5.923278, 51.750433], [5.92321, 51.750449], [5.922188, 51.750684], [5.922094, 51.750706], [5.922038, 51.750719], [5.919443, 51.751319], [5.9193, 51.751352], [5.919227, 51.751369], [5.917611, 51.751742], [5.916645, 51.751968], [5.916598, 51.751979], [5.916522, 51.751997], [5.916463, 51.752011], [5.916396, 51.752026], [5.916212, 51.752069], [5.915285, 51.752287], [5.915282, 51.752292], [5.91406, 51.754308], [5.913785, 51.754763], [5.913762, 51.754801], [5.9134, 51.755398], [5.913329, 51.755515], [5.913332, 51.755709], [5.913361, 51.757399], [5.913363, 51.757519], [5.913371, 51.758037], [5.913373, 51.758109], [5.913383, 51.758509], [5.913393, 51.759001], [5.913272, 51.759182], [5.9131, 51.759439], [5.912675, 51.760075], [5.912408, 51.760473], [5.912229, 51.760739], [5.912148, 51.760858], [5.912019, 51.761055], [5.911491, 51.761843], [5.911347, 51.762058], [5.91133, 51.762084], [5.911115, 51.762406], [5.910571, 51.762685], [5.909927, 51.763016], [5.909864, 51.763049], [5.909343, 51.763316], [5.90871, 51.763641], [5.908062, 51.763974], [5.908034, 51.763988], [5.907572, 51.764225], [5.907527, 51.764259], [5.907367, 51.764364], [5.907296, 51.764408], [5.90728, 51.764418], [5.907251, 51.764439], [5.907194, 51.764476], [5.907152, 51.764504], [5.907132, 51.764518], [5.906723, 51.764788], [5.906273, 51.765087], [5.905405, 51.765664], [5.905376, 51.765684], [5.905195, 51.765892], [5.904676, 51.76648], [5.904296, 51.766904], [5.903756, 51.767506], [5.902938, 51.768417], [5.902555, 51.768844], [5.902169, 51.769272], [5.901936, 51.769531], [5.901815, 51.769668], [5.901037, 51.770543], [5.900927, 51.770662], [5.900816, 51.770787], [5.900794, 51.770812], [5.900446, 51.771204], [5.900011, 51.771688], [5.899933, 51.771776], [5.8999, 51.771809], [5.899885, 51.771823], [5.899422, 51.772234], [5.898462, 51.773122], [5.897531, 51.773972], [5.897443, 51.774053], [5.897414, 51.774079], [5.897401, 51.774092], [5.897336, 51.774153], [5.895726, 51.775679], [5.893979, 51.777321], [5.893909, 51.777377], [5.893867, 51.777417], [5.893708, 51.777569], [5.893653, 51.777626], [5.893409, 51.777853], [5.893368, 51.777891], [5.893296, 51.777957], [5.893263, 51.777987], [5.893237, 51.778011], [5.893082, 51.778153], [5.892928, 51.778295], [5.892921, 51.778301], [5.892809, 51.778404], [5.892703, 51.778506], [5.892696, 51.778512], [5.892631, 51.778572], [5.892483, 51.778711], [5.892342, 51.778845], [5.892195, 51.778987], [5.891996, 51.779172], [5.891796, 51.779362], [5.891693, 51.779458], [5.891498, 51.779643], [5.891321, 51.779809], [5.891039, 51.780074], [5.890908, 51.780199], [5.890723, 51.780375], [5.890593, 51.780497], [5.890447, 51.780637], [5.890329, 51.780751], [5.890233, 51.780838], [5.890141, 51.780926], [5.889963, 51.781096], [5.889813, 51.781237], [5.889685, 51.781359], [5.889531, 51.781507], [5.889453, 51.781579], [5.889264, 51.781761], [5.889023, 51.781988], [5.888883, 51.78212], [5.888584, 51.782408], [5.88853, 51.782461], [5.888445, 51.782541], [5.888345, 51.782636], [5.888074, 51.782893], [5.887984, 51.782981], [5.887979, 51.782987], [5.887978, 51.783028], [5.887951, 51.783098], [5.887942, 51.783122], [5.887923, 51.783171], [5.887889, 51.783258], [5.88783, 51.783412], [5.887725, 51.783679], [5.887623, 51.783934], [5.887548, 51.784121], [5.887547, 51.784123], [5.887503, 51.784232], [5.887431, 51.78441], [5.887342, 51.784648], [5.887309, 51.784757], [5.887285, 51.784857], [5.887275, 51.784902], [5.887262, 51.784954], [5.887254, 51.784992], [5.887239, 51.785073], [5.887218, 51.785143], [5.887211, 51.78524], [5.88721, 51.785281], [5.887205, 51.785559], [5.887231, 51.785758], [5.887274, 51.787563], [5.88728, 51.787844], [5.887319, 51.789474], [5.887348, 51.790665], [5.887355, 51.791383], [5.887374, 51.792042], [5.887393, 51.792822], [5.887406, 51.793281], [5.887409, 51.793415], [5.887416, 51.793707], [5.887418, 51.79381], [5.887443, 51.795374], [5.887267, 51.795565], [5.887198, 51.795641], [5.886101, 51.796836], [5.885902, 51.797006], [5.885315, 51.797542], [5.884019, 51.798724], [5.883948, 51.798789], [5.883052, 51.799607], [5.881528, 51.800992], [5.88145, 51.801063], [5.881025, 51.801449], [5.88057, 51.803354], [5.880553, 51.803424], [5.880001, 51.805736], [5.879983, 51.805813], [5.879959, 51.805915], [5.879455, 51.808035], [5.879287, 51.808743], [5.87911, 51.80953], [5.879077, 51.809636], [5.879067, 51.809668], [5.879251, 51.809653], [5.879315, 51.809648], [5.879471, 51.809637], [5.879861, 51.809609], [5.880021, 51.809597], [5.880626, 51.809554], [5.881064, 51.809522], [5.881375, 51.809501], [5.881756, 51.809475], [5.88214, 51.809448], [5.882461, 51.809456], [5.883084, 51.809471], [5.884287, 51.809499], [5.885325, 51.809517], [5.885379, 51.809518], [5.887285, 51.809889], [5.888686, 51.810164], [5.887218, 51.81145], [5.887222, 51.811454], [5.887213, 51.811461], [5.887078, 51.811574], [5.886936, 51.811691], [5.886807, 51.811798], [5.886741, 51.811852], [5.886721, 51.811869], [5.886634, 51.811941], [5.886626, 51.811948], [5.886571, 51.811993], [5.886566, 51.811997], [5.886547, 51.812013], [5.88632, 51.812206], [5.886164, 51.812333], [5.886045, 51.81243], [5.885958, 51.812501], [5.885953, 51.812499], [5.885655, 51.812372], [5.885133, 51.812852], [5.884671, 51.813275], [5.884191, 51.813715], [5.88402, 51.813906], [5.883614, 51.814476], [5.883575, 51.814532], [5.883573, 51.814535], [5.883485, 51.814664], [5.883479, 51.814672], [5.883334, 51.814883], [5.883118, 51.815201], [5.883073, 51.815267], [5.883047, 51.815306], [5.883043, 51.81531], [5.882967, 51.815437], [5.882855, 51.815583], [5.882747, 51.815737], [5.882613, 51.815939], [5.882439, 51.816198], [5.882274, 51.816457], [5.882108, 51.816718], [5.88199, 51.816913], [5.881889, 51.817068], [5.881836, 51.817162], [5.88176, 51.817292], [5.881583, 51.817589], [5.88157, 51.81762], [5.881465, 51.817984], [5.881425, 51.818114], [5.881381, 51.818251], [5.881427, 51.818256], [5.881386, 51.818363], [5.881355, 51.81844], [5.881298, 51.818572], [5.881273, 51.818636], [5.881247, 51.818712], [5.881178, 51.818891], [5.8811, 51.8191], [5.881032, 51.819291], [5.880987, 51.819412], [5.880908, 51.819532], [5.880822, 51.81966], [5.880791, 51.819711], [5.880761, 51.819768], [5.880725, 51.819866], [5.880655, 51.820043], [5.880653, 51.820047], [5.880653, 51.820048], [5.880605, 51.82017], [5.880579, 51.820235], [5.880566, 51.820268], [5.880531, 51.820347], [5.880485, 51.82047], [5.880441, 51.820598], [5.880412, 51.820681], [5.88055, 51.820749], [5.880579, 51.820767], [5.880624, 51.820797], [5.88067, 51.820826], [5.880711, 51.820834], [5.881252, 51.820928], [5.881701, 51.821006], [5.882056, 51.821067], [5.882219, 51.821096], [5.882302, 51.821109], [5.882566, 51.821157], [5.882835, 51.821203], [5.883097, 51.821248], [5.883369, 51.821296], [5.883455, 51.82131], [5.883698, 51.821352], [5.883876, 51.821382], [5.884031, 51.82141], [5.884013, 51.821448], [5.884266, 51.821545], [5.884462, 51.821618], [5.884837, 51.82176], [5.885026, 51.821832], [5.885293, 51.821934], [5.885563, 51.822036], [5.885831, 51.822139], [5.886098, 51.822238], [5.886543, 51.822409], [5.886958, 51.822571], [5.887365, 51.82273], [5.887728, 51.822874], [5.887937, 51.822954], [5.888148, 51.823036], [5.888314, 51.823101], [5.888346, 51.823068], [5.888502, 51.822923], [5.888605, 51.822828], [5.88875, 51.822692], [5.888799, 51.822698], [5.889043, 51.822779], [5.889124, 51.822807], [5.889248, 51.822849], [5.88935, 51.822884], [5.889709, 51.823005], [5.889856, 51.823055], [5.890055, 51.823123], [5.890107, 51.82314], [5.890175, 51.823163], [5.89049, 51.823269], [5.890613, 51.823311], [5.890627, 51.823316], [5.890866, 51.823396], [5.890868, 51.823397], [5.890881, 51.823402], [5.890967, 51.823431], [5.89136, 51.823563], [5.891826, 51.823721], [5.892115, 51.823819], [5.892339, 51.823894], [5.893523, 51.82428], [5.893523, 51.82428], [5.893609, 51.824308], [5.893707, 51.82434], [5.894587, 51.824653], [5.894589, 51.824653], [5.89459, 51.824653], [5.894864, 51.824752], [5.895612, 51.825021], [5.895824, 51.825099], [5.89675, 51.825429], [5.897034, 51.82553], [5.897331, 51.825599], [5.89795, 51.825742], [5.898142, 51.825787], [5.898936, 51.825971], [5.899519, 51.826107], [5.900313, 51.826286], [5.900567, 51.826345], [5.900739, 51.826385], [5.900789, 51.826396], [5.901704, 51.826618], [5.902527, 51.826817], [5.902751, 51.826871], [5.902911, 51.82691], [5.903976, 51.827188], [5.903981, 51.827189], [5.904144, 51.827229], [5.904179, 51.827238], [5.904409, 51.827296], [5.904456, 51.827309], [5.904481, 51.827315], [5.904504, 51.827318], [5.904525, 51.827322], [5.9048, 51.827365], [5.904942, 51.827386], [5.905196, 51.827426], [5.905219, 51.827428], [5.905252, 51.827436], [5.905304, 51.827451], [5.90535, 51.827471], [5.905379, 51.827485], [5.905411, 51.827501], [5.905433, 51.827517], [5.905457, 51.827535], [5.905492, 51.827565], [5.905557, 51.827628], [5.905611, 51.827685], [5.905701, 51.827781], [5.905778, 51.827867], [5.905862, 51.827956], [5.905943, 51.828037], [5.905986, 51.828078], [5.906043, 51.828125], [5.906102, 51.828168], [5.906122, 51.828184], [5.906145, 51.828196], [5.906223, 51.828234], [5.906279, 51.828259], [5.906363, 51.828293], [5.906419, 51.828317], [5.906493, 51.828348], [5.906598, 51.828388], [5.906649, 51.828406], [5.906755, 51.828443], [5.906829, 51.828469], [5.906944, 51.828511], [5.906966, 51.82852], [5.90711, 51.828578], [5.907229, 51.828625], [5.907337, 51.828675], [5.907454, 51.828725], [5.907574, 51.82878], [5.907649, 51.828813], [5.907696, 51.828831], [5.907759, 51.828858], [5.907823, 51.828884], [5.907842, 51.828893], [5.907884, 51.828912], [5.907946, 51.828946], [5.908018, 51.82899], [5.908038, 51.829007], [5.908043, 51.829011], [5.90809, 51.829063], [5.908131, 51.829129], [5.908154, 51.829161], [5.908206, 51.829218], [5.90823, 51.829233], [5.908279, 51.829261], [5.908347, 51.829302], [5.908275, 51.829339], [5.908249, 51.829353], [5.908069, 51.829448], [5.907987, 51.829501], [5.907928, 51.829539], [5.90782, 51.82963], [5.907728, 51.829711], [5.907685, 51.829745], [5.907595, 51.829801], [5.907481, 51.829872], [5.907371, 51.829946], [5.907317, 51.829984], [5.907279, 51.830014], [5.907197, 51.830078], [5.907181, 51.830089], [5.907113, 51.830142], [5.9071, 51.830153], [5.906925, 51.830296], [5.906902, 51.830315], [5.906878, 51.830334], [5.906857, 51.830352], [5.906839, 51.830366], [5.9068, 51.830399], [5.906672, 51.830492], [5.906508, 51.830591], [5.906377, 51.830655], [5.906371, 51.830657], [5.90629, 51.830691], [5.906286, 51.830692], [5.906081, 51.830777], [5.905863, 51.83085], [5.905851, 51.830854], [5.905651, 51.83091], [5.90565, 51.830911], [5.905644, 51.830912], [5.905447, 51.83097], [5.905277, 51.830996], [5.904851, 51.831124], [5.904824, 51.831131], [5.904388, 51.831242], [5.903394, 51.831464], [5.903229, 51.831495], [5.903023, 51.831515], [5.902795, 51.831524], [5.902502, 51.831525], [5.902216, 51.831525], [5.90213, 51.831532], [5.902073, 51.831537], [5.901931, 51.831548], [5.901752, 51.831562], [5.901722, 51.831567], [5.901326, 51.831628], [5.900854, 51.831672], [5.900144, 51.831763], [5.900083, 51.831773], [5.899341, 51.831895], [5.899176, 51.831923], [5.898632, 51.831985], [5.898261, 51.832029], [5.898117, 51.832046], [5.898025, 51.832056], [5.897895, 51.832069], [5.897654, 51.832093], [5.897087, 51.832146], [5.896904, 51.832187], [5.896665, 51.832241], [5.896365, 51.832361], [5.895973, 51.832545], [5.895925, 51.832568], [5.895889, 51.832585], [5.895894, 51.832604], [5.895869, 51.832639], [5.895848, 51.832672], [5.895829, 51.83272], [5.895778, 51.832847], [5.895773, 51.832867], [5.89576, 51.832914], [5.895716, 51.833181], [5.895705, 51.833239], [5.895704, 51.833279], [5.895707, 51.83331], [5.895709, 51.833355], [5.89572, 51.833416], [5.895735, 51.83345], [5.895761, 51.833512], [5.895794, 51.833578], [5.895835, 51.833637], [5.895861, 51.833667], [5.895935, 51.833751], [5.895943, 51.833762], [5.895961, 51.833791], [5.895989, 51.833829], [5.896053, 51.833921], [5.896105, 51.834016], [5.89614, 51.834071], [5.896178, 51.834128], [5.896224, 51.834186], [5.896248, 51.834215], [5.896571, 51.834531], [5.896725, 51.834669], [5.896802, 51.834738], [5.896755, 51.834773], [5.897093, 51.834933], [5.897327, 51.835037], [5.89737, 51.83506], [5.897405, 51.835089], [5.897464, 51.83515], [5.897484, 51.835174], [5.897509, 51.835208], [5.89752, 51.835242], [5.897543, 51.835317], [5.897606, 51.835418], [5.897618, 51.83544], [5.897643, 51.835484], [5.897645, 51.835487], [5.89772, 51.835623], [5.897774, 51.835703], [5.897816, 51.835752], [5.897925, 51.835879], [5.898011, 51.835974], [5.898179, 51.836159], [5.898217, 51.83621], [5.898272, 51.836323], [5.89829, 51.836363], [5.898088, 51.836405], [5.898003, 51.836393], [5.897943, 51.836413], [5.897709, 51.836459], [5.897702, 51.836444], [5.897577, 51.836482], [5.897341, 51.836577], [5.897394, 51.836689], [5.897319, 51.836839], [5.897263, 51.836937], [5.897075, 51.837111], [5.896906, 51.837257], [5.896681, 51.837396], [5.896528, 51.837477], [5.89641, 51.837523], [5.896387, 51.837532], [5.896308, 51.837572], [5.89593, 51.837792], [5.895805, 51.837854], [5.895655, 51.837951], [5.895463, 51.838126], [5.895364, 51.838217], [5.895284, 51.838272], [5.895246, 51.838295], [5.89504, 51.838419], [5.895, 51.838437], [5.894976, 51.838421], [5.894924, 51.838386], [5.894597, 51.838478], [5.894386, 51.83854], [5.89424, 51.838598], [5.894235, 51.8386], [5.893872, 51.838761], [5.89358, 51.838876], [5.893355, 51.838972], [5.893296, 51.839], [5.893191, 51.839049], [5.893253, 51.839108], [5.893304, 51.839154], [5.893341, 51.839193], [5.893364, 51.839219], [5.893376, 51.839233], [5.893383, 51.839244], [5.893385, 51.839253], [5.893384, 51.839263], [5.893381, 51.839271], [5.893376, 51.839277], [5.89337, 51.839287], [5.893358, 51.839297], [5.893337, 51.839307], [5.89331, 51.839315], [5.893284, 51.839317], [5.893238, 51.83932], [5.893206, 51.839323], [5.893171, 51.839325], [5.893152, 51.839326], [5.893136, 51.839327], [5.893118, 51.839333], [5.893105, 51.83934], [5.893036, 51.839371], [5.892972, 51.839401], [5.892909, 51.839429], [5.892859, 51.839449], [5.892805, 51.839466], [5.892731, 51.839488], [5.892703, 51.839496], [5.89266, 51.839509], [5.892634, 51.839511], [5.892608, 51.839511], [5.892583, 51.839508], [5.892566, 51.839529], [5.892399, 51.839734], [5.892169, 51.840013], [5.892359, 51.840079], [5.89243, 51.840172], [5.892434, 51.840177], [5.892442, 51.840187], [5.892479, 51.840235], [5.892551, 51.840224], [5.892577, 51.840219], [5.892608, 51.840214], [5.892636, 51.84021], [5.892731, 51.840194], [5.892835, 51.840177], [5.89294, 51.840164], [5.893007, 51.840172], [5.893047, 51.840188], [5.893114, 51.840215], [5.893128, 51.84022], [5.893157, 51.840231], [5.893168, 51.840234], [5.89343, 51.840295], [5.893455, 51.840301], [5.893952, 51.840419], [5.894403, 51.840526], [5.89453, 51.840557], [5.894569, 51.840566], [5.89453, 51.840606], [5.894378, 51.840751], [5.894304, 51.840821], [5.894216, 51.840898], [5.894033, 51.841043], [5.893978, 51.841087], [5.893976, 51.841088], [5.893926, 51.841127], [5.89389, 51.841151], [5.893849, 51.84118], [5.893716, 51.841248], [5.893643, 51.841274], [5.893631, 51.841278], [5.893604, 51.841289], [5.893555, 51.841305], [5.89349, 51.841321], [5.893429, 51.841336], [5.893362, 51.841354], [5.8933, 51.841369], [5.893242, 51.841384], [5.893145, 51.841402], [5.893125, 51.841407], [5.893094, 51.841413], [5.893071, 51.841415], [5.89301, 51.84142], [5.892955, 51.841423], [5.892917, 51.841422], [5.892888, 51.841421], [5.892813, 51.841414], [5.892777, 51.84141], [5.892602, 51.841393], [5.892488, 51.84139], [5.892418, 51.841388], [5.892292, 51.841375], [5.892244, 51.841368], [5.892114, 51.841349], [5.891965, 51.841323], [5.891901, 51.841312], [5.891875, 51.841309], [5.891863, 51.841307], [5.89176, 51.841301], [5.891636, 51.841294], [5.891514, 51.841295], [5.891405, 51.841295], [5.891385, 51.841295], [5.891349, 51.841298], [5.891275, 51.841302], [5.891195, 51.841306], [5.891165, 51.841308], [5.891114, 51.841313], [5.891065, 51.841319], [5.891009, 51.841329], [5.890968, 51.841338], [5.890923, 51.841348], [5.890868, 51.841362], [5.890846, 51.841368], [5.890809, 51.84138], [5.890775, 51.841391], [5.890728, 51.841407], [5.890693, 51.841422], [5.890641, 51.841444], [5.890596, 51.841463], [5.890549, 51.841483], [5.8905, 51.841504], [5.890462, 51.841523], [5.890447, 51.84153], [5.890378, 51.841563], [5.890337, 51.84158], [5.890277, 51.841599], [5.890213, 51.841613], [5.890162, 51.841619], [5.890077, 51.841625], [5.890063, 51.841626], [5.889977, 51.841629], [5.889933, 51.841627], [5.889856, 51.841623], [5.889766, 51.841618], [5.889664, 51.841612], [5.889588, 51.841606], [5.889527, 51.841604], [5.889468, 51.841604], [5.889389, 51.841606], [5.889326, 51.841611], [5.889274, 51.841617], [5.889216, 51.841626], [5.889163, 51.841635], [5.888649, 51.841834], [5.888613, 51.841852], [5.888157, 51.842032], [5.887873, 51.842131], [5.887478, 51.842315], [5.887357, 51.842366], [5.887195, 51.842433], [5.887056, 51.842475], [5.886982, 51.842496], [5.886803, 51.84253], [5.886526, 51.842582], [5.885949, 51.842722], [5.885625, 51.842826], [5.885041, 51.842997], [5.884153, 51.843286], [5.883812, 51.843443], [5.883282, 51.843676], [5.883083, 51.843765], [5.882869, 51.84386], [5.882742, 51.843929], [5.882589, 51.844013], [5.882164, 51.844298], [5.88176, 51.844435], [5.881386, 51.844555], [5.881128, 51.844635], [5.880805, 51.844733], [5.880529, 51.844828], [5.880299, 51.844948], [5.880389, 51.845055], [5.880575, 51.845273], [5.880611, 51.845315], [5.880629, 51.845316], [5.880808, 51.845331], [5.880834, 51.845321], [5.880865, 51.845309], [5.880878, 51.845319], [5.880906, 51.84534], [5.881181, 51.845551], [5.88129, 51.845602], [5.881425, 51.845652], [5.881668, 51.845703], [5.881963, 51.845769], [5.882187, 51.845827], [5.88243, 51.845901], [5.882629, 51.845972], [5.882847, 51.846062], [5.883079, 51.846211], [5.883201, 51.846309], [5.883381, 51.846408], [5.883606, 51.846525], [5.884378, 51.847012], [5.885421, 51.84764], [5.885491, 51.84766], [5.885684, 51.847817], [5.885846, 51.847978], [5.886021, 51.848215], [5.886248, 51.848532], [5.886416, 51.848774], [5.886445, 51.848809], [5.88649, 51.848858], [5.886569, 51.848943], [5.886711, 51.849072], [5.886847, 51.849212], [5.886963, 51.849331], [5.886967, 51.849367], [5.886977, 51.849411], [5.887, 51.849461], [5.88704, 51.849508], [5.887101, 51.849555], [5.88719, 51.849619], [5.887266, 51.849657], [5.887337, 51.849691], [5.887395, 51.849718], [5.887361, 51.84973], [5.887287, 51.849753], [5.887189, 51.849782], [5.887092, 51.849803], [5.886971, 51.849826], [5.886796, 51.849854], [5.886621, 51.849888], [5.886475, 51.849914], [5.886334, 51.849945], [5.886191, 51.849993], [5.886066, 51.850043], [5.885922, 51.850105], [5.885865, 51.85014], [5.885739, 51.850194], [5.885604, 51.850267], [5.885493, 51.850308], [5.885364, 51.850337], [5.885216, 51.850326], [5.884965, 51.850224], [5.88477, 51.850154], [5.884674, 51.850147], [5.884661, 51.850152], [5.884622, 51.850168], [5.885463, 51.850665], [5.885622, 51.850743], [5.885786, 51.850799], [5.885931, 51.850819], [5.885924, 51.850852], [5.885905, 51.850951], [5.885843, 51.851177], [5.885761, 51.851423], [5.885755, 51.851443], [5.885765, 51.851475], [5.885773, 51.851498], [5.885805, 51.851589], [5.885877, 51.851704], [5.885925, 51.851799], [5.885976, 51.851888], [5.885973, 51.851939], [5.885965, 51.851983], [5.885952, 51.852027], [5.885932, 51.852072], [5.885741, 51.852311], [5.885705, 51.85239], [5.885702, 51.85243], [5.885704, 51.852483], [5.885744, 51.852604], [5.886073, 51.853094], [5.886102, 51.85317], [5.886158, 51.853229], [5.886174, 51.853232], [5.886181, 51.853234], [5.886277, 51.853253], [5.886531, 51.853283], [5.88678, 51.853305], [5.887185, 51.854103], [5.887397, 51.854521], [5.887408, 51.854543], [5.887459, 51.855357], [5.887487, 51.855802], [5.887498, 51.85587], [5.88755, 51.856214], [5.887557, 51.856259], [5.887558, 51.856264], [5.887558, 51.856277], [5.887539, 51.857125], [5.887502, 51.8575], [5.887395, 51.858579], [5.887372, 51.858813], [5.887354, 51.85888], [5.887323, 51.858996], [5.88732, 51.859009], [5.886818, 51.858861], [5.886787, 51.858852], [5.886579, 51.858785], [5.886435, 51.858743], [5.886285, 51.85871], [5.886222, 51.858692], [5.886175, 51.85868], [5.886161, 51.858676], [5.886119, 51.85868], [5.886072, 51.858685], [5.886051, 51.858687], [5.885014, 51.858788], [5.885013, 51.858788], [5.884528, 51.858835], [5.884411, 51.858846], [5.88398, 51.858885], [5.883557, 51.858923], [5.881584, 51.8591], [5.882328, 51.860206], [5.88303, 51.861169], [5.883602, 51.861937], [5.883708, 51.862068], [5.88417, 51.862571], [5.885032, 51.86344], [5.885815, 51.864229], [5.886766, 51.865203], [5.887478, 51.865813], [5.888422, 51.866463], [5.890288, 51.867634], [5.891061, 51.868105], [5.891611, 51.868419], [5.892356, 51.86886], [5.892503, 51.868937], [5.892536, 51.868954], [5.893317, 51.869346], [5.893998, 51.869695], [5.895028, 51.870168], [5.895968, 51.870534], [5.899248, 51.871439], [5.899326, 51.87146], [5.903614, 51.872542], [5.903642, 51.872548], [5.909119, 51.87364], [5.909399, 51.873679], [5.909778, 51.87373], [5.911395, 51.873903], [5.914126, 51.874192], [5.914469, 51.874222], [5.914632, 51.874234], [5.917449, 51.874379], [5.918313, 51.874429], [5.91961, 51.874531], [5.921036, 51.87465], [5.921994, 51.87464], [5.923633, 51.874623], [5.92547, 51.874393], [5.932186, 51.873554], [5.934961, 51.872641], [5.937315, 51.871411], [5.940237, 51.869261], [5.941586, 51.868268], [5.945323, 51.865169], [5.946842, 51.86372], [5.948104, 51.862499], [5.949645, 51.86102], [5.95049, 51.860239], [5.951263, 51.859596], [5.95208, 51.858956], [5.952933, 51.85836], [5.954203, 51.857572], [5.955288, 51.856928], [5.955798, 51.856625], [5.956076, 51.856472], [5.957006, 51.856084], [5.957912, 51.855709], [5.959173, 51.855374], [5.960246, 51.855155], [5.960942, 51.855032], [5.961805, 51.854884], [5.96278, 51.854732], [5.96306, 51.854699], [5.963776, 51.854636], [5.964493, 51.854576], [5.966247, 51.854449], [5.966995, 51.854451], [5.967448, 51.854452], [5.968087, 51.854494], [5.968734, 51.854549], [5.969104, 51.854583], [5.969729, 51.854655], [5.970334, 51.854754], [5.971656, 51.855054], [5.972218, 51.855227], [5.974092, 51.855785], [5.974355, 51.855864], [5.97586, 51.856304], [5.976207, 51.85643], [5.977048, 51.856823], [5.97775, 51.85723], [5.979083, 51.858222], [5.9801, 51.859044], [5.981064, 51.859821], [5.98118, 51.859947], [5.981275, 51.86005], [5.981538, 51.860341], [5.981829, 51.860686], [5.981849, 51.860712], [5.982009, 51.860926], [5.982997, 51.862607], [5.983372, 51.863419], [5.984722, 51.866282], [5.985118, 51.866814], [5.985651, 51.867619], [5.985753, 51.867758], [5.986098, 51.868228], [5.986475, 51.868693], [5.986816, 51.869113], [5.987156, 51.869519], [5.987473, 51.869925], [5.987789, 51.870287], [5.988252, 51.870855], [5.988386, 51.871025], [5.9888, 51.871535], [5.989226, 51.872029], [5.989568, 51.872429], [5.989794, 51.872652], [5.989952, 51.872783], [5.990422, 51.873173], [5.990936, 51.873592], [5.991197, 51.87381], [5.991629, 51.874154], [5.992041, 51.874474], [5.992437, 51.874788], [5.992615, 51.874927], [5.993614, 51.87567], [5.994442, 51.87624], [5.995022, 51.876648], [5.995714, 51.877079], [5.996459, 51.877536], [5.996934, 51.877833], [5.997189, 51.877986], [5.999715, 51.879337], [6.001959, 51.880257], [6.00401, 51.880836], [6.00462, 51.880989], [6.004792, 51.881032], [6.006058, 51.881258], [6.007828, 51.881489], [6.009287, 51.881603], [6.01219, 51.881672], [6.014592, 51.881424], [6.016916, 51.880986], [6.019471, 51.880212], [6.02068, 51.879772], [6.021932, 51.879295], [6.023883, 51.878402], [6.027545, 51.876368], [6.028168, 51.87605], [6.029167, 51.875539], [6.031112, 51.874637], [6.031421, 51.874503], [6.03236, 51.874108], [6.035577, 51.873007], [6.037332, 51.872533], [6.040812, 51.871563], [6.04168, 51.871476], [6.042266, 51.871412], [6.043146, 51.871315], [6.04342, 51.871285], [6.043462, 51.87128], [6.043466, 51.871279], [6.043585, 51.871266], [6.044597, 51.871149], [6.04547, 51.871038], [6.046261, 51.870918], [6.046276, 51.870915], [6.046285, 51.870913], [6.047442, 51.870685], [6.047607, 51.87065], [6.048175, 51.87053], [6.048816, 51.870393], [6.049096, 51.870334], [6.049878, 51.870172], [6.05055, 51.870032], [6.051153, 51.86991], [6.051858, 51.869766], [6.052795, 51.869573], [6.053799, 51.869335], [6.058114, 51.867733], [6.059928, 51.866966], [6.060913, 51.866551], [6.063486, 51.865451], [6.062642, 51.863774], [6.062255, 51.863004], [6.061954, 51.862367], [6.061914, 51.862281], [6.061837, 51.862066], [6.061771, 51.861765], [6.06177, 51.861765], [6.061641, 51.86118], [6.060666, 51.861271], [6.060434, 51.861292], [6.060395, 51.861131], [6.060357, 51.86098], [6.060168, 51.860213], [6.060161, 51.860185], [6.060148, 51.860125], [6.059969, 51.859319], [6.059804, 51.858567], [6.059795, 51.858527], [6.059602, 51.857655], [6.059596, 51.857628], [6.058873, 51.857603], [6.057429, 51.857592], [6.056837, 51.857561], [6.055394, 51.85746], [6.054753, 51.857426], [6.054751, 51.857426], [6.054355, 51.857405], [6.054007, 51.857364], [6.053162, 51.857166], [6.052438, 51.857015], [6.051424, 51.856661], [6.051425, 51.85666], [6.051651, 51.856446], [6.051947, 51.856167], [6.052587, 51.855554], [6.053119, 51.854996], [6.053427, 51.854659], [6.054698, 51.853256], [6.055365, 51.852555], [6.055305, 51.852354], [6.053222, 51.851587], [6.05285, 51.851392], [6.052668, 51.851307], [6.052485, 51.851221], [6.052358, 51.851175], [6.05187, 51.851015], [6.050289, 51.850495], [6.049387, 51.850142], [6.049101, 51.850022], [6.048697, 51.849828], [6.048309, 51.84963], [6.048089, 51.849522], [6.047717, 51.849354], [6.046706, 51.848909], [6.046446, 51.848807], [6.04632, 51.848759], [6.045662, 51.84852], [6.045445, 51.848448], [6.044586, 51.84812], [6.044087, 51.847924], [6.043357, 51.847644], [6.042418, 51.847192], [6.042351, 51.847265], [6.041863, 51.847088], [6.041765, 51.847046], [6.041684, 51.847012], [6.040855, 51.846459], [6.040631, 51.84631], [6.040577, 51.846269], [6.040541, 51.846243], [6.040532, 51.846236], [6.039908, 51.845832], [6.03806, 51.844636], [6.037838, 51.844506], [6.037697, 51.844435], [6.037577, 51.844378], [6.03723, 51.844227], [6.037053, 51.844149], [6.036957, 51.844109], [6.036927, 51.844082], [6.036835, 51.844015], [6.036681, 51.843882], [6.036559, 51.843768], [6.03639, 51.843598], [6.036239, 51.843424], [6.035999, 51.843092], [6.035836, 51.842875], [6.035671, 51.842638], [6.035586, 51.842658], [6.034538, 51.842932], [6.034028, 51.843116], [6.033971, 51.843146], [6.033671, 51.843306], [6.033504, 51.843407], [6.033416, 51.843353], [6.033183, 51.843121], [6.033041, 51.84292], [6.032682, 51.842352], [6.032191, 51.842703], [6.031712, 51.843045], [6.030666, 51.843866], [6.029214, 51.845035], [6.029177, 51.845089], [6.029173, 51.845095], [6.029153, 51.845123], [6.028366, 51.844867], [6.027968, 51.844736], [6.027208, 51.844471], [6.026301, 51.844155], [6.025835, 51.843991], [6.025315, 51.843802], [6.023684, 51.843168], [6.023662, 51.84316], [6.023588, 51.843131], [6.022713, 51.842809], [6.02235, 51.842637], [6.021379, 51.84217], [6.020789, 51.841892], [6.020281, 51.841664], [6.020184, 51.841639], [6.020072, 51.84163], [6.019857, 51.841624], [6.01928, 51.84163], [6.01883, 51.84165], [6.018497, 51.841668], [6.018308, 51.841669], [6.01817, 51.841644], [6.018014, 51.841611], [6.017839, 51.84156], [6.017625, 51.841469], [6.017611, 51.841463], [6.017477, 51.841387], [6.017313, 51.841275], [6.01723, 51.841195], [6.017153, 51.841099], [6.016964, 51.84076], [6.016758, 51.840361], [6.016673, 51.840147], [6.016604, 51.839911], [6.016451, 51.839263], [6.016362, 51.838935], [6.016261, 51.838665], [6.016158, 51.838449], [6.016043, 51.838242], [6.015943, 51.838124], [6.015829, 51.838027], [6.015698, 51.837937], [6.015572, 51.837869], [6.0151, 51.837653], [6.014834, 51.837529], [6.014815, 51.83754], [6.0148, 51.837547], [6.01477, 51.83753], [6.014745, 51.837515], [6.014713, 51.837496], [6.014674, 51.837473], [6.014664, 51.837467], [6.014099, 51.837133], [6.013072, 51.836561], [6.012403, 51.836239], [6.011478, 51.83584], [6.011348, 51.83578], [6.011278, 51.835746], [6.011251, 51.835732], [6.01087, 51.835532], [6.010743, 51.835465], [6.010291, 51.835207], [6.010142, 51.835127], [6.009953, 51.835066], [6.009393, 51.834944], [6.008706, 51.834794], [6.008095, 51.834637], [6.007712, 51.834525], [6.006851, 51.834272], [6.006315, 51.834142], [6.005783, 51.834024], [6.005683, 51.833996], [6.004539, 51.833592], [6.004441, 51.833555], [6.00437, 51.833528], [6.00431, 51.833505], [6.004388, 51.833389], [6.004405, 51.833342], [6.004388, 51.833324], [6.003735, 51.833086], [6.002756, 51.832729], [6.002587, 51.832662], [6.002489, 51.832594], [6.002434, 51.832564], [6.002368, 51.832535], [6.00232, 51.832519], [6.002257, 51.832491], [6.002201, 51.832478], [6.002194, 51.832476], [6.002064, 51.832443], [6.001925, 51.832413], [6.000799, 51.832248], [5.9997, 51.832111], [5.999491, 51.832076], [5.99889, 51.831975], [5.99837, 51.83185], [5.998079, 51.831771], [5.997842, 51.831696], [5.997152, 51.831438], [5.997089, 51.831414], [5.997066, 51.831406], [5.997044, 51.831398], [5.996968, 51.831369], [5.996604, 51.831274], [5.996012, 51.831149], [5.995532, 51.831072], [5.99455, 51.830927], [5.994426, 51.830915], [5.994313, 51.830911], [5.994217, 51.830918], [5.994035, 51.830942], [5.994026, 51.830943], [5.993743, 51.830977], [5.993614, 51.830988], [5.99282, 51.830961], [5.992483, 51.830938], [5.991993, 51.830903], [5.991906, 51.830897], [5.991033, 51.830825], [5.990638, 51.830788], [5.99025, 51.830756], [5.990228, 51.830754], [5.989625, 51.830711], [5.988681, 51.830656], [5.988108, 51.830626], [5.987827, 51.830614], [5.987338, 51.830618], [5.987182, 51.830625], [5.987057, 51.830638], [5.987041, 51.83064], [5.986919, 51.830652], [5.986737, 51.83067], [5.986588, 51.830688], [5.98623, 51.830735], [5.986173, 51.830742], [5.986166, 51.830743], [5.985916, 51.830792], [5.985741, 51.830827], [5.985622, 51.830858], [5.985488, 51.830893], [5.985314, 51.830943], [5.984976, 51.831066], [5.984535, 51.83122], [5.98416, 51.831331], [5.983752, 51.831451], [5.983652, 51.831475], [5.983338, 51.831552], [5.982908, 51.83165], [5.982369, 51.831764], [5.981914, 51.831852], [5.981201, 51.831961], [5.980846, 51.832007], [5.980804, 51.832013], [5.980765, 51.832018], [5.980707, 51.832025], [5.980689, 51.832028], [5.980667, 51.83203], [5.980663, 51.832031], [5.980225, 51.832092], [5.979577, 51.832183], [5.978953, 51.832279], [5.978675, 51.832325], [5.978619, 51.832337], [5.978563, 51.832348], [5.978413, 51.832379], [5.977982, 51.832483], [5.977789, 51.832543], [5.977461, 51.832646], [5.976882, 51.832834], [5.976516, 51.832934], [5.976465, 51.832946], [5.97639, 51.832965], [5.976376, 51.832968], [5.976211, 51.832996], [5.975522, 51.833067], [5.975349, 51.833076], [5.975186, 51.833097], [5.974508, 51.833213], [5.974074, 51.833288], [5.973758, 51.833332], [5.973356, 51.833372], [5.973133, 51.833386], [5.972877, 51.833395], [5.972372, 51.833405], [5.972288, 51.833431], [5.972235, 51.833446], [5.972111, 51.83343]]]}, "properties": {"code": "0241", "name": "Groesbeek", "regioFacet": "tcm:106-353465-1024", "level": 4, "url": "/regioinformatie/gemeente/groesbeek/"}}, {"type": "Feature", "geometry": {"type": "Polygon", "coordinates": [[[5.630409, 52.326764], [5.623112, 52.327532], [5.608707, 52.319052], [5.60199, 52.31976], [5.602051, 52.317986], [5.581413, 52.322616], [5.565864, 52.332389], [5.575604, 52.35076], [5.591157, 52.362916], [5.606301, 52.363247], [5.611638, 52.3595], [5.614039, 52.362257], [5.644867, 52.370864], [5.652554, 52.365428], [5.678922, 52.378841], [5.693794, 52.362115], [5.69795, 52.360957], [5.700505, 52.357813], [5.698514, 52.356586], [5.699054, 52.352801], [5.704406, 52.346522], [5.704905, 52.340474], [5.71267, 52.33694], [5.712411, 52.331768], [5.686447, 52.313143], [5.678124, 52.301492], [5.658613, 52.310221], [5.630409, 52.326764]]]}, "properties": {"code": "0243", "name": "Harderwijk", "regioFacet": "tcm:106-353466-1024", "level": 4, "url": "/regioinformatie/gemeente/harderwijk/"}}, {"type": "Feature", "geometry": {"type": "Polygon", "coordinates": [[[6.034599, 52.476374], [6.026305, 52.483176], [6.015831, 52.482879], [6.018527, 52.484467], [6.018644, 52.489374], [6.000788, 52.500149], [6.012367, 52.50594], [6.022851, 52.505332], [6.027857, 52.509606], [6.042409, 52.505596], [6.053469, 52.500197], [6.068423, 52.483727], [6.089107, 52.476876], [6.096738, 52.47238], [6.101516, 52.4669], [6.103546, 52.453964], [6.094924, 52.4518], [6.092848, 52.454806], [6.076433, 52.451663], [6.063321, 52.451151], [6.035429, 52.443766], [6.022667, 52.444103], [6.034714, 52.461677], [6.033923, 52.464396], [6.036945, 52.470243], [6.034599, 52.476374]]]}, "properties": {"code": "0244", "name": "Hattem", "regioFacet": "tcm:106-353467-1024", "level": 4, "url": "/regioinformatie/gemeente/hattem/"}}, {"type": "Feature", "geometry": {"type": "Polygon", "coordinates": [[[6.094924, 52.4518], [6.103546, 52.453964], [6.101921, 52.447054], [6.103338, 52.444065], [6.113156, 52.438712], [6.119472, 52.432918], [6.116385, 52.430199], [6.118245, 52.426644], [6.113872, 52.419853], [6.114741, 52.414256], [6.110774, 52.407747], [6.11494, 52.406936], [6.119065, 52.402642], [6.127579, 52.399617], [6.130553, 52.399978], [6.125327, 52.392953], [6.12614, 52.385073], [6.122628, 52.380485], [6.114249, 52.377383], [6.08157, 52.371733], [6.074858, 52.361923], [6.052409, 52.361001], [6.041784, 52.356512], [6.042716, 52.363504], [6.037779, 52.362072], [6.031651, 52.367283], [6.01734, 52.369905], [5.991333, 52.378598], [5.957117, 52.392897], [5.951005, 52.398337], [5.951861, 52.400956], [5.966727, 52.405572], [5.974885, 52.410537], [6.017755, 52.444209], [6.035429, 52.443766], [6.063321, 52.451151], [6.076433, 52.451663], [6.092848, 52.454806], [6.094924, 52.4518]]]}, "properties": {"code": "0246", "name": "Heerde", "regioFacet": "tcm:106-353468-1024", "level": 4, "url": "/regioinformatie/gemeente/heerde/"}}, {"type": "Feature", "geometry": {"type": "Polygon", "coordinates": [[[5.813985, 51.792778], [5.8366, 51.805914], [5.83922, 51.804539], [5.841972, 51.807495], [5.852816, 51.807502], [5.868976, 51.810093], [5.87911, 51.80953], [5.881025, 51.801449], [5.887443, 51.795374], [5.887979, 51.782987], [5.893409, 51.777853], [5.886375, 51.77859], [5.867893, 51.775521], [5.869245, 51.76286], [5.864469, 51.757682], [5.846354, 51.759187], [5.80722, 51.756305], [5.778217, 51.752154], [5.763742, 51.75301], [5.749291, 51.756975], [5.729745, 51.772851], [5.733981, 51.77994], [5.740193, 51.777853], [5.74059, 51.778867], [5.768779, 51.782605], [5.769473, 51.785189], [5.774946, 51.783727], [5.780659, 51.784204], [5.800949, 51.795151], [5.810221, 51.790589], [5.813985, 51.792778]]]}, "properties": {"code": "0252", "name": "Heumen", "regioFacet": "tcm:106-353469-1024", "level": 4, "url": "/regioinformatie/gemeente/heumen/"}}, {"type": "Feature", "geometry": {"type": "Polygon", "coordinates": [[[4.999511, 51.844942], [4.999151, 51.852285], [4.994729, 51.861721], [5.005522, 51.857913], [5.016528, 51.85919], [5.058785, 51.858062], [5.063645, 51.861058], [5.052199, 51.866643], [5.054822, 51.872742], [5.080532, 51.875525], [5.08634, 51.880769], [5.088159, 51.887094], [5.090975, 51.888976], [5.112737, 51.887776], [5.114275, 51.889266], [5.120892, 51.883193], [5.118093, 51.877622], [5.120579, 51.871573], [5.122861, 51.870764], [5.138087, 51.872906], [5.150516, 51.861414], [5.149271, 51.848182], [5.154086, 51.847431], [5.152523, 51.83162], [5.158475, 51.8234], [5.15928, 51.81648], [5.140907, 51.814119], [5.130167, 51.814658], [5.100834, 51.824504], [5.087492, 51.826803], [5.07411, 51.825821], [5.047181, 51.817913], [5.02879, 51.818324], [5.026352, 51.818857], [5.031415, 51.841085], [5.011471, 51.84243], [4.999511, 51.844942]]]}, "properties": {"code": "0733", "name": "Lingewaal", "regioFacet": "tcm:106-353470-1024", "level": 4, "url": "/regioinformatie/gemeente/lingewaal/"}}, {"type": "Feature", "geometry": {"type": "Polygon", "coordinates": [[[5.92547, 51.874393], [5.909119, 51.87364], [5.895968, 51.870534], [5.886766, 51.865203], [5.88432, 51.867014], [5.882738, 51.866144], [5.876072, 51.876686], [5.872841, 51.887393], [5.871481, 51.888652], [5.857628, 51.888389], [5.856874, 51.897012], [5.874738, 51.897571], [5.875421, 51.902084], [5.872142, 51.902005], [5.873664, 51.908452], [5.891199, 51.907263], [5.894562, 51.915058], [5.893058, 51.916186], [5.896997, 51.92081], [5.889522, 51.925265], [5.898157, 51.934609], [5.902427, 51.93399], [5.912767, 51.945293], [5.910965, 51.945907], [5.912018, 51.947822], [5.916695, 51.950495], [5.929446, 51.950593], [5.931831, 51.959483], [5.935597, 51.960416], [5.940328, 51.95604], [5.957553, 51.94701], [5.961794, 51.938793], [5.965775, 51.938768], [5.972331, 51.930742], [5.972823, 51.929083], [5.968613, 51.928212], [5.978645, 51.921681], [5.987947, 51.912591], [5.997143, 51.90722], [6.013711, 51.901608], [6.020187, 51.897883], [6.030583, 51.880239], [6.046285, 51.870913], [6.03236, 51.874108], [6.016916, 51.880986], [6.004792, 51.881032], [5.989794, 51.872652], [5.97775, 51.85723], [5.966247, 51.854449], [5.956076, 51.856472], [5.937315, 51.871411], [5.92547, 51.874393]]]}, "properties": {"code": "1705", "name": "Lingewaard", "regioFacet": "tcm:106-353471-1024", "level": 4, "url": "/regioinformatie/gemeente/lingewaard/"}}, {"type": "Feature", "geometry": {"type": "Polygon", "coordinates": [[[6.338708, 52.227153], [6.338025, 52.236222], [6.341276, 52.235986], [6.341194, 52.237612], [6.349477, 52.238797], [6.350892, 52.24168], [6.366851, 52.241532], [6.381851, 52.246113], [6.383411, 52.244016], [6.389863, 52.242559], [6.402619, 52.243272], [6.41664, 52.242137], [6.416807, 52.237126], [6.423134, 52.232013], [6.42847, 52.223862], [6.446476, 52.212698], [6.454876, 52.202378], [6.457287, 52.200965], [6.470293, 52.199374], [6.469326, 52.194429], [6.472973, 52.18832], [6.479172, 52.182278], [6.490806, 52.17978], [6.494373, 52.17319], [6.483788, 52.157199], [6.461369, 52.152086], [6.463383, 52.151464], [6.462074, 52.151101], [6.462432, 52.150402], [6.466519, 52.14964], [6.466625, 52.147274], [6.470711, 52.146407], [6.471611, 52.143069], [6.474654, 52.143326], [6.473432, 52.14461], [6.481293, 52.142429], [6.483793, 52.137162], [6.488518, 52.134243], [6.486519, 52.131937], [6.488305, 52.126903], [6.491998, 52.125283], [6.489665, 52.120546], [6.491349, 52.120001], [6.481476, 52.111393], [6.482002, 52.105923], [6.478544, 52.10069], [6.472538, 52.102105], [6.473244, 52.104062], [6.470186, 52.104248], [6.470163, 52.106014], [6.466704, 52.106606], [6.461464, 52.104026], [6.460133, 52.106738], [6.455205, 52.10798], [6.444885, 52.106196], [6.439742, 52.103132], [6.437559, 52.103743], [6.423999, 52.096908], [6.39153, 52.113051], [6.398389, 52.117648], [6.391822, 52.123728], [6.395843, 52.130832], [6.392529, 52.131529], [6.379872, 52.126099], [6.37748, 52.126925], [6.368791, 52.123847], [6.361216, 52.126782], [6.357722, 52.130299], [6.357721, 52.135527], [6.328314, 52.137712], [6.32404, 52.152762], [6.300918, 52.149111], [6.283604, 52.148196], [6.269791, 52.149959], [6.264542, 52.147091], [6.248481, 52.147585], [6.237988, 52.146031], [6.235261, 52.155429], [6.23164, 52.15594], [6.223478, 52.153843], [6.223489, 52.155947], [6.219153, 52.156077], [6.218666, 52.158402], [6.216118, 52.158588], [6.217081, 52.161673], [6.21222, 52.162646], [6.207222, 52.166644], [6.200529, 52.164917], [6.198708, 52.16291], [6.192799, 52.169801], [6.194363, 52.17432], [6.191603, 52.1784], [6.181141, 52.181366], [6.169655, 52.18904], [6.160354, 52.189564], [6.156856, 52.192487], [6.156258, 52.197031], [6.158753, 52.20007], [6.16338, 52.201402], [6.173036, 52.201342], [6.183694, 52.204187], [6.190664, 52.20912], [6.189255, 52.217268], [6.166269, 52.231014], [6.174707, 52.232884], [6.182531, 52.233825], [6.189136, 52.229167], [6.201943, 52.229423], [6.217224, 52.226401], [6.215114, 52.23155], [6.222495, 52.228863], [6.227925, 52.229768], [6.238018, 52.227543], [6.24468, 52.228271], [6.250429, 52.226906], [6.257295, 52.227276], [6.260058, 52.229142], [6.271291, 52.226414], [6.271007, 52.22791], [6.291953, 52.230888], [6.296951, 52.229005], [6.297942, 52.22553], [6.338708, 52.227153]]]}, "properties": {"code": "0262", "name": "Lochem", "regioFacet": "tcm:106-353472-1024", "level": 4, "url": "/regioinformatie/gemeente/lochem/"}}, {"type": "Feature", "geometry": {"type": "Polygon", "coordinates": [[[5.347762, 51.804122], [5.357002, 51.804601], [5.364192, 51.807027], [5.389003, 51.830938], [5.400633, 51.837659], [5.405005, 51.835344], [5.407793, 51.829844], [5.416165, 51.822469], [5.414885, 51.82129], [5.407509, 51.822591], [5.401706, 51.820893], [5.369403, 51.790251], [5.361584, 51.776767], [5.359927, 51.760587], [5.353891, 51.755615], [5.322041, 51.746524], [5.297444, 51.736809], [5.28296, 51.739835], [5.272825, 51.740068], [5.264141, 51.738828], [5.255466, 51.7349], [5.248232, 51.733615], [5.223588, 51.74321], [5.2149, 51.743305], [5.196653, 51.740272], [5.1857, 51.741918], [5.184675, 51.754139], [5.180568, 51.758622], [5.174565, 51.761073], [5.173672, 51.76402], [5.177037, 51.765363], [5.180652, 51.766555], [5.190047, 51.765651], [5.191929, 51.767451], [5.207793, 51.769281], [5.219496, 51.769016], [5.237326, 51.771956], [5.248865, 51.771236], [5.262522, 51.774646], [5.269948, 51.774325], [5.266453, 51.793122], [5.288437, 51.799574], [5.281007, 51.801917], [5.283694, 51.803233], [5.28448, 51.80654], [5.280853, 51.810401], [5.284695, 51.817434], [5.281718, 51.821208], [5.297846, 51.824057], [5.315604, 51.822054], [5.326105, 51.817009], [5.339032, 51.806594], [5.347762, 51.804122]]]}, "properties": {"code": "0263", "name": "Maasdriel", "regioFacet": "tcm:106-353473-1024", "level": 4, "url": "/regioinformatie/gemeente/maasdriel/"}}, {"type": "Feature", "geometry": {"type": "Polygon", "coordinates": [[[6.172238, 51.899926], [6.160027, 51.904754], [6.156644, 51.911279], [6.15257, 51.908869], [6.143328, 51.913628], [6.143061, 51.918502], [6.141198, 51.915772], [6.138433, 51.915529], [6.094689, 51.93672], [6.094149, 51.938828], [6.091427, 51.938721], [6.090394, 51.967844], [6.108791, 51.967165], [6.122335, 51.971484], [6.12109, 51.973398], [6.129212, 51.978214], [6.144683, 51.980519], [6.15088, 51.96635], [6.15804, 51.958749], [6.163143, 51.955323], [6.172243, 51.953275], [6.178415, 51.948739], [6.184507, 51.947761], [6.188562, 51.945579], [6.188464, 51.943315], [6.204709, 51.936668], [6.203123, 51.942196], [6.216383, 51.944122], [6.219041, 51.943142], [6.220753, 51.944576], [6.272848, 51.943187], [6.272848, 51.941885], [6.275208, 51.941795], [6.279652, 51.943406], [6.302066, 51.944134], [6.301396, 51.941614], [6.306889, 51.937848], [6.305805, 51.937049], [6.298714, 51.939038], [6.289693, 51.925301], [6.291148, 51.922415], [6.294979, 51.920894], [6.311295, 51.920638], [6.315834, 51.918201], [6.316143, 51.912737], [6.310875, 51.910546], [6.307963, 51.911392], [6.306022, 51.906506], [6.312386, 51.899191], [6.332279, 51.893268], [6.324228, 51.888924], [6.329266, 51.881765], [6.326421, 51.879103], [6.331633, 51.874821], [6.327203, 51.873621], [6.329251, 51.871233], [6.320269, 51.868497], [6.309583, 51.86917], [6.298307, 51.867804], [6.279907, 51.87407], [6.272696, 51.874712], [6.261841, 51.868138], [6.233737, 51.8702], [6.215057, 51.867626], [6.198301, 51.873609], [6.184798, 51.881572], [6.18201, 51.885778], [6.191428, 51.887351], [6.189516, 51.888942], [6.191085, 51.891657], [6.182558, 51.893907], [6.172238, 51.899926]]]}, "properties": {"code": "1955", "name": "Montferland", "regioFacet": "tcm:106-353475-1024", "level": 4, "url": "/regioinformatie/gemeente/montferland/"}}, {"type": "Feature", "geometry": {"type": "Polygon", "coordinates": [[[5.556835, 51.919208], [5.553877, 51.922959], [5.554139, 51.934273], [5.548441, 51.934253], [5.539959, 51.937065], [5.533881, 51.943482], [5.549445, 51.942302], [5.560696, 51.944057], [5.566578, 51.941668], [5.571872, 51.941537], [5.584561, 51.947403], [5.586617, 51.950829], [5.605782, 51.94316], [5.619061, 51.941325], [5.628916, 51.936673], [5.634169, 51.936411], [5.639912, 51.938502], [5.649622, 51.950021], [5.644259, 51.952349], [5.648923, 51.954001], [5.665989, 51.952799], [5.654801, 51.946544], [5.650419, 51.947453], [5.646334, 51.941072], [5.653183, 51.943026], [5.654345, 51.941411], [5.661144, 51.943607], [5.663138, 51.940712], [5.665723, 51.941405], [5.667759, 51.938892], [5.659619, 51.937082], [5.660351, 51.929612], [5.670932, 51.930545], [5.688772, 51.93514], [5.693031, 51.934648], [5.696322, 51.931251], [5.689811, 51.932492], [5.684454, 51.9298], [5.678435, 51.929105], [5.67581, 51.926153], [5.677631, 51.924288], [5.676009, 51.921115], [5.681211, 51.91832], [5.696278, 51.920852], [5.692195, 51.918395], [5.69979, 51.914254], [5.705938, 51.908223], [5.705318, 51.904036], [5.708143, 51.901249], [5.706358, 51.897989], [5.711022, 51.89659], [5.706659, 51.893292], [5.692159, 51.895521], [5.666948, 51.895671], [5.634861, 51.899113], [5.599087, 51.899121], [5.565272, 51.901768], [5.547263, 51.899623], [5.524361, 51.892692], [5.509031, 51.889845], [5.463917, 51.889009], [5.455526, 51.904562], [5.472451, 51.908069], [5.472151, 51.911717], [5.470519, 51.911425], [5.467127, 51.915156], [5.46973, 51.919878], [5.461644, 51.921621], [5.453922, 51.920517], [5.453385, 51.922761], [5.464899, 51.923895], [5.476527, 51.92087], [5.490896, 51.924745], [5.48784, 51.922937], [5.489015, 51.921019], [5.486867, 51.921037], [5.486421, 51.918935], [5.49042, 51.918226], [5.493684, 51.918583], [5.498271, 51.923075], [5.505295, 51.923926], [5.512299, 51.921375], [5.547706, 51.921647], [5.551749, 51.917795], [5.556835, 51.919208]]]}, "properties": {"code": "1740", "name": "Neder-Betuwe", "regioFacet": "tcm:106-353476-1024", "level": 4, "url": "/regioinformatie/gemeente/neder-betuwe/"}}, {"type": "Feature", "geometry": {"type": "Polygon", "coordinates": [[[5.332088, 51.857295], [5.338347, 51.858726], [5.342808, 51.856712], [5.348105, 51.858841], [5.36007, 51.858362], [5.378408, 51.8634], [5.391688, 51.853924], [5.395239, 51.852934], [5.399547, 51.854619], [5.407977, 51.854411], [5.415234, 51.851801], [5.405897, 51.841157], [5.385386, 51.828186], [5.367755, 51.809428], [5.357524, 51.80471], [5.349395, 51.803977], [5.341642, 51.805473], [5.319806, 51.820563], [5.3046, 51.823963], [5.292481, 51.823655], [5.273964, 51.81984], [5.251697, 51.817915], [5.212882, 51.810049], [5.197089, 51.811109], [5.173552, 51.816812], [5.15928, 51.81648], [5.158475, 51.8234], [5.152523, 51.83162], [5.154086, 51.847431], [5.192196, 51.847608], [5.218356, 51.851914], [5.229908, 51.85638], [5.23925, 51.854367], [5.241648, 51.856408], [5.261758, 51.855086], [5.279956, 51.857184], [5.308394, 51.851693], [5.314625, 51.85622], [5.322297, 51.858608], [5.328085, 51.859263], [5.328294, 51.856975], [5.332088, 51.857295]]]}, "properties": {"code": "0304", "name": "Neerijnen", "regioFacet": "tcm:106-353477-1024", "level": 4, "url": "/regioinformatie/gemeente/neerijnen/"}}, {"type": "Feature", "geometry": {"type": "Polygon", "coordinates": [[[5.43977, 52.197242], [5.441039, 52.205693], [5.439237, 52.204601], [5.434714, 52.205876], [5.40967, 52.21858], [5.407222, 52.213405], [5.39343, 52.220306], [5.404643, 52.24963], [5.463376, 52.260003], [5.464459, 52.261828], [5.476122, 52.263924], [5.478625, 52.257446], [5.474192, 52.25647], [5.48369, 52.239244], [5.490013, 52.235829], [5.49738, 52.236387], [5.499382, 52.233884], [5.506443, 52.231593], [5.510333, 52.232838], [5.510247, 52.23533], [5.512974, 52.235732], [5.515588, 52.234095], [5.514879, 52.231142], [5.519397, 52.230621], [5.526941, 52.223044], [5.534592, 52.219296], [5.549917, 52.202336], [5.605797, 52.20484], [5.633267, 52.208167], [5.634862, 52.203806], [5.625651, 52.192724], [5.619634, 52.193119], [5.618579, 52.191183], [5.61659, 52.192328], [5.617444, 52.194359], [5.607762, 52.194198], [5.600304, 52.19765], [5.58816, 52.194841], [5.577667, 52.194797], [5.575174, 52.192666], [5.57793, 52.186183], [5.566493, 52.186521], [5.564528, 52.185341], [5.565229, 52.180725], [5.568181, 52.179916], [5.568891, 52.177909], [5.554404, 52.175641], [5.548927, 52.175317], [5.542292, 52.177775], [5.530808, 52.191539], [5.521209, 52.191835], [5.512084, 52.188574], [5.500824, 52.188577], [5.48561, 52.181974], [5.485169, 52.171739], [5.479922, 52.165815], [5.448824, 52.167704], [5.439876, 52.171197], [5.438086, 52.184585], [5.43977, 52.197242]]]}, "properties": {"code": "0267", "name": "Nijkerk", "regioFacet": "tcm:106-353478-1024", "level": 4, "url": "/regioinformatie/gemeente/nijkerk/"}}, {"type": "Feature", "geometry": {"type": "Polygon", "coordinates": [[[5.825695, 51.866213], [5.817075, 51.870265], [5.824079, 51.87297], [5.831611, 51.872232], [5.834077, 51.875657], [5.835154, 51.877619], [5.832813, 51.878435], [5.837788, 51.883434], [5.835496, 51.88898], [5.830198, 51.891726], [5.830241, 51.893857], [5.857124, 51.894621], [5.857746, 51.888327], [5.871481, 51.888652], [5.879985, 51.869114], [5.882738, 51.866144], [5.88432, 51.867014], [5.886766, 51.865203], [5.881584, 51.8591], [5.88732, 51.859009], [5.884622, 51.850168], [5.887395, 51.849718], [5.880299, 51.844948], [5.893849, 51.84118], [5.892583, 51.839508], [5.89829, 51.836363], [5.895889, 51.832585], [5.908347, 51.829302], [5.880412, 51.820681], [5.88402, 51.813906], [5.888686, 51.810164], [5.868976, 51.810093], [5.852816, 51.807502], [5.841972, 51.807495], [5.83922, 51.804539], [5.8366, 51.805914], [5.810221, 51.790589], [5.796076, 51.798136], [5.794374, 51.797315], [5.792651, 51.798532], [5.781652, 51.808881], [5.773923, 51.821551], [5.771334, 51.823063], [5.757621, 51.82399], [5.775083, 51.844247], [5.779615, 51.844583], [5.787218, 51.840929], [5.807326, 51.85184], [5.812427, 51.849616], [5.817375, 51.849494], [5.825391, 51.860128], [5.82369, 51.864313], [5.825695, 51.866213]]]}, "properties": {"code": "0268", "name": "Nijmegen", "regioFacet": "tcm:106-353479-1024", "level": 4, "url": "/regioinformatie/gemeente/nijmegen/"}}, {"type": "Feature", "geometry": {"type": "Polygon", "coordinates": [[[5.722297, 52.391222], [5.733472, 52.39716], [5.729447, 52.400973], [5.733397, 52.402533], [5.739428, 52.398421], [5.756292, 52.407426], [5.764075, 52.398724], [5.768685, 52.398888], [5.770748, 52.395515], [5.787687, 52.400061], [5.790776, 52.396862], [5.811672, 52.402799], [5.812045, 52.400669], [5.81717, 52.401567], [5.817867, 52.397292], [5.820578, 52.396933], [5.821181, 52.391158], [5.864792, 52.359658], [5.871171, 52.361309], [5.876009, 52.357873], [5.864814, 52.351329], [5.880951, 52.335186], [5.866235, 52.319925], [5.85035, 52.308275], [5.840831, 52.304398], [5.845822, 52.286761], [5.852155, 52.28009], [5.84817, 52.275114], [5.850811, 52.268695], [5.842718, 52.267146], [5.821427, 52.272672], [5.809805, 52.270277], [5.779346, 52.270583], [5.751263, 52.269561], [5.749227, 52.268273], [5.746496, 52.271856], [5.755402, 52.277652], [5.754821, 52.281706], [5.744682, 52.288195], [5.743837, 52.298047], [5.750748, 52.317074], [5.705981, 52.328442], [5.712481, 52.331845], [5.71267, 52.33694], [5.704905, 52.340474], [5.704406, 52.346522], [5.699037, 52.352843], [5.698514, 52.356586], [5.700667, 52.357441], [5.698355, 52.360593], [5.693794, 52.362115], [5.679316, 52.377002], [5.678922, 52.378841], [5.698762, 52.382004], [5.706752, 52.386635], [5.715584, 52.388037], [5.722297, 52.391222]]]}, "properties": {"code": "0302", "name": "Nunspeet", "regioFacet": "tcm:106-353480-1024", "level": 4, "url": "/regioinformatie/gemeente/nunspeet/"}}, {"type": "Feature", "geometry": {"type": "Polygon", "coordinates": [[[5.842577, 52.474468], [5.851009, 52.49539], [5.856698, 52.499806], [5.86431, 52.518173], [5.876205, 52.522025], [5.887277, 52.516906], [5.906847, 52.500798], [5.925559, 52.474058], [5.93541, 52.477392], [5.93688, 52.476499], [5.952985, 52.484448], [5.958697, 52.483838], [5.965361, 52.476456], [6.000788, 52.500149], [6.018644, 52.489374], [6.0167, 52.48227], [6.019978, 52.48374], [6.02497, 52.48349], [6.031661, 52.47969], [6.036945, 52.470243], [6.032826, 52.45771], [6.022667, 52.444103], [6.017755, 52.444209], [5.974885, 52.410537], [5.966727, 52.405572], [5.951861, 52.400956], [5.951024, 52.398437], [5.924339, 52.391393], [5.905993, 52.4086], [5.916292, 52.412949], [5.899954, 52.419816], [5.868749, 52.444779], [5.873766, 52.446995], [5.871384, 52.447857], [5.877624, 52.453119], [5.872547, 52.455243], [5.871363, 52.457793], [5.862992, 52.460942], [5.86484, 52.462055], [5.860927, 52.461781], [5.840256, 52.471058], [5.842577, 52.474468]]]}, "properties": {"code": "0269", "name": "Oldebroek", "regioFacet": "tcm:106-353481-1024", "level": 4, "url": "/regioinformatie/gemeente/oldebroek/"}}, {"type": "Feature", "geometry": {"type": "Polygon", "coordinates": [[[6.586888, 52.03799], [6.590028, 52.039054], [6.59074, 52.041572], [6.596238, 52.042819], [6.595903, 52.04619], [6.59878, 52.049173], [6.605592, 52.051827], [6.606119, 52.065117], [6.613086, 52.06804], [6.62374, 52.063623], [6.630615, 52.064421], [6.627651, 52.057687], [6.635719, 52.055274], [6.638684, 52.060592], [6.643209, 52.060205], [6.646839, 52.065411], [6.651138, 52.063599], [6.658971, 52.063041], [6.663808, 52.057705], [6.661801, 52.051598], [6.687981, 52.044365], [6.683569, 52.028202], [6.677733, 52.028375], [6.661791, 52.015559], [6.655532, 52.013934], [6.658493, 52.011477], [6.652641, 51.997543], [6.655175, 51.979274], [6.657056, 51.977552], [6.64242, 51.965744], [6.637585, 51.96495], [6.638916, 51.962547], [6.628721, 51.967281], [6.592541, 51.970841], [6.591865, 51.972161], [6.575104, 51.973225], [6.569684, 51.972158], [6.559256, 51.974368], [6.546962, 51.972707], [6.527269, 51.966024], [6.524641, 51.967801], [6.494798, 51.970591], [6.466927, 51.978622], [6.475773, 51.988136], [6.460058, 51.995151], [6.459208, 51.997752], [6.467488, 52.000757], [6.460268, 52.006171], [6.465632, 52.007695], [6.460305, 52.014564], [6.462058, 52.016915], [6.459187, 52.018722], [6.462185, 52.021701], [6.464947, 52.020601], [6.480071, 52.032948], [6.483386, 52.031347], [6.48667, 52.033933], [6.487909, 52.032307], [6.494297, 52.037851], [6.499596, 52.03582], [6.508707, 52.044266], [6.514828, 52.040494], [6.517288, 52.042414], [6.538989, 52.025197], [6.571742, 52.030439], [6.586888, 52.03799]]]}, "properties": {"code": "1586", "name": "Oost Gelre", "regioFacet": "tcm:106-353482-1024", "level": 4, "url": "/regioinformatie/gemeente/oost-gelre/"}}, {"type": "Feature", "geometry": {"type": "Polygon", "coordinates": [[[6.384867, 51.941639], [6.397689, 51.953979], [6.403562, 51.957224], [6.416082, 51.972622], [6.434806, 51.972123], [6.437037, 51.970717], [6.439351, 51.972101], [6.447502, 51.969708], [6.45979, 51.973173], [6.462595, 51.976215], [6.46785, 51.978219], [6.494798, 51.970591], [6.524641, 51.967801], [6.532829, 51.962353], [6.519832, 51.955563], [6.517457, 51.947907], [6.504781, 51.945984], [6.500776, 51.939522], [6.503128, 51.939313], [6.49558, 51.930288], [6.497089, 51.9296], [6.492538, 51.92632], [6.493275, 51.91801], [6.4871, 51.914096], [6.488669, 51.912732], [6.472348, 51.907356], [6.480416, 51.893984], [6.479023, 51.888228], [6.484252, 51.878847], [6.481168, 51.874199], [6.471835, 51.868963], [6.471285, 51.864526], [6.468402, 51.864176], [6.464384, 51.855287], [6.451173, 51.865238], [6.446673, 51.865006], [6.443674, 51.862667], [6.432363, 51.859383], [6.429436, 51.860715], [6.427361, 51.865862], [6.418335, 51.867311], [6.412253, 51.871096], [6.409266, 51.869432], [6.406622, 51.870691], [6.402475, 51.869137], [6.398372, 51.870977], [6.396746, 51.870334], [6.393083, 51.873833], [6.390566, 51.873968], [6.386855, 51.864451], [6.387984, 51.86191], [6.408953, 51.853346], [6.402377, 51.844541], [6.408141, 51.835894], [6.402958, 51.836576], [6.407491, 51.828089], [6.401818, 51.827263], [6.388068, 51.833693], [6.376801, 51.834983], [6.368631, 51.833261], [6.363331, 51.835156], [6.364042, 51.838549], [6.360257, 51.845799], [6.347207, 51.850681], [6.320427, 51.851681], [6.306203, 51.849078], [6.300504, 51.864509], [6.298217, 51.865981], [6.29916, 51.868389], [6.322493, 51.86867], [6.329251, 51.871233], [6.327203, 51.873621], [6.331633, 51.874821], [6.326421, 51.879103], [6.329266, 51.881765], [6.324228, 51.888924], [6.332279, 51.893268], [6.31332, 51.898766], [6.306997, 51.904275], [6.305958, 51.907874], [6.307963, 51.911392], [6.310875, 51.910546], [6.316143, 51.912737], [6.315671, 51.918364], [6.311643, 51.920584], [6.300227, 51.919993], [6.290971, 51.922601], [6.289721, 51.926591], [6.296074, 51.932892], [6.298714, 51.939038], [6.305936, 51.937042], [6.305763, 51.938821], [6.308604, 51.939764], [6.314608, 51.936502], [6.320944, 51.935813], [6.333033, 51.925413], [6.336843, 51.926105], [6.338348, 51.924694], [6.340156, 51.925688], [6.359328, 51.922782], [6.373618, 51.928389], [6.381141, 51.933162], [6.379963, 51.936281], [6.384867, 51.941639]]]}, "properties": {"code": "1509", "name": "Oude IJsselstreek", "regioFacet": "tcm:106-353483-1024", "level": 4, "url": "/regioinformatie/gemeente/oude-ijsselstreek/"}}, {"type": "Feature", "geometry": {"type": "Polygon", "coordinates": [[[5.688778, 51.935141], [5.670932, 51.930545], [5.660351, 51.929612], [5.659619, 51.937082], [5.667759, 51.938892], [5.665723, 51.941405], [5.663138, 51.940712], [5.661144, 51.943607], [5.654345, 51.941411], [5.653183, 51.943026], [5.646997, 51.940326], [5.647607, 51.944624], [5.651716, 51.94803], [5.654801, 51.946544], [5.679827, 51.958671], [5.723608, 51.964225], [5.729733, 51.96763], [5.739917, 51.969874], [5.746452, 51.969998], [5.764755, 51.962482], [5.780751, 51.959005], [5.818659, 51.971972], [5.835343, 51.973559], [5.835181, 51.964169], [5.829339, 51.960848], [5.831345, 51.958536], [5.828771, 51.95004], [5.829928, 51.945237], [5.8685, 51.942184], [5.898034, 51.934326], [5.889522, 51.925265], [5.896997, 51.92081], [5.893058, 51.916186], [5.894562, 51.915058], [5.891199, 51.907263], [5.873664, 51.908452], [5.872142, 51.902005], [5.875421, 51.902084], [5.874738, 51.897571], [5.856874, 51.897012], [5.856436, 51.894552], [5.830241, 51.893857], [5.830198, 51.891726], [5.835496, 51.88898], [5.837788, 51.883434], [5.832813, 51.878435], [5.835154, 51.877619], [5.834077, 51.875657], [5.831611, 51.872232], [5.824079, 51.87297], [5.817075, 51.870265], [5.800485, 51.875356], [5.773357, 51.878641], [5.749516, 51.88383], [5.729308, 51.886467], [5.706659, 51.893292], [5.711003, 51.896774], [5.706358, 51.897989], [5.708143, 51.901249], [5.705318, 51.904036], [5.705938, 51.908223], [5.69979, 51.914254], [5.692195, 51.918395], [5.696278, 51.920852], [5.681211, 51.91832], [5.676009, 51.921115], [5.677631, 51.924288], [5.67581, 51.926153], [5.678504, 51.929146], [5.684454, 51.9298], [5.689811, 51.932492], [5.696322, 51.931251], [5.693031, 51.934648], [5.688778, 51.935141]]]}, "properties": {"code": "1734", "name": "Overbetuwe", "regioFacet": "tcm:106-353484-1024", "level": 4, "url": "/regioinformatie/gemeente/overbetuwe/"}}, {"type": "Feature", "geometry": {"type": "Polygon", "coordinates": [[[5.519033, 52.269853], [5.534812, 52.274081], [5.545168, 52.293303], [5.552007, 52.290356], [5.555274, 52.2867], [5.566894, 52.285116], [5.587993, 52.278708], [5.602999, 52.278393], [5.610654, 52.277263], [5.612223, 52.275322], [5.620724, 52.275655], [5.637049, 52.272495], [5.64795, 52.267647], [5.661798, 52.257786], [5.676793, 52.250179], [5.683642, 52.240617], [5.68127, 52.225339], [5.665519, 52.222704], [5.63292, 52.208078], [5.605797, 52.20484], [5.549917, 52.202336], [5.534592, 52.219296], [5.526941, 52.223044], [5.519397, 52.230621], [5.514879, 52.231142], [5.515588, 52.234095], [5.512974, 52.235732], [5.510247, 52.23533], [5.510333, 52.232838], [5.506443, 52.231593], [5.499382, 52.233884], [5.49738, 52.236387], [5.490013, 52.235829], [5.48369, 52.239244], [5.475707, 52.253086], [5.474245, 52.25659], [5.478625, 52.257446], [5.476849, 52.2624], [5.519033, 52.269853]]]}, "properties": {"code": "0273", "name": "Putten", "regioFacet": "tcm:106-353485-1024", "level": 4, "url": "/regioinformatie/gemeente/putten/"}}, {"type": "Feature", "geometry": {"type": "Polygon", "coordinates": [[[5.783933, 52.021979], [5.798138, 52.022015], [5.803631, 52.020682], [5.802433, 52.022358], [5.813374, 52.024071], [5.808338, 52.01876], [5.802961, 52.004054], [5.826276, 51.999556], [5.86374, 51.99589], [5.863154, 51.985291], [5.866237, 51.984112], [5.86737, 51.98029], [5.863737, 51.977965], [5.8659, 51.975686], [5.87086, 51.975113], [5.86669, 51.971666], [5.857594, 51.969511], [5.839056, 51.973279], [5.82442, 51.973109], [5.780346, 51.958991], [5.764755, 51.962482], [5.744892, 51.970222], [5.730773, 51.967969], [5.722606, 51.964051], [5.720275, 51.967179], [5.713691, 51.967969], [5.72132, 51.980472], [5.716639, 51.981437], [5.724363, 52.000708], [5.732776, 52.00074], [5.735883, 52.00232], [5.734137, 52.006419], [5.738814, 52.008142], [5.738182, 52.012287], [5.745137, 52.019769], [5.783933, 52.021979]]]}, "properties": {"code": "0274", "name": "Renkum", "regioFacet": "tcm:106-353486-1024", "level": 4, "url": "/regioinformatie/gemeente/renkum/"}}, {"type": "Feature", "geometry": {"type": "Polygon", "coordinates": [[[6.006045, 52.062131], [6.006085, 52.066349], [6.023738, 52.067282], [6.044924, 52.079641], [6.068141, 52.088247], [6.076102, 52.087498], [6.0771, 52.083865], [6.080749, 52.083833], [6.081337, 52.082299], [6.103423, 52.078144], [6.113971, 52.071583], [6.115699, 52.068231], [6.121021, 52.068576], [6.119881, 52.066961], [6.122769, 52.06323], [6.128103, 52.064356], [6.12882, 52.062799], [6.135751, 52.062059], [6.135353, 52.059734], [6.137469, 52.059181], [6.135848, 52.057831], [6.118777, 52.050634], [6.11131, 52.044159], [6.112599, 52.038235], [6.127904, 52.0318], [6.132256, 52.024288], [6.12596, 52.010127], [6.114768, 52.004567], [6.109475, 51.996341], [6.093749, 51.992787], [6.085442, 51.994334], [6.078026, 52.001315], [6.078845, 52.00713], [6.076898, 52.010306], [6.068279, 52.014168], [6.061781, 52.014982], [6.04803, 52.009776], [6.042936, 52.002107], [6.032501, 51.996901], [6.026148, 51.995829], [6.017317, 51.997103], [6.011677, 51.995482], [6.006446, 51.991134], [6.000563, 51.978717], [5.991217, 51.974601], [5.9796, 51.981958], [5.959674, 51.989282], [5.951526, 51.999638], [5.963086, 52.000318], [5.974708, 52.00291], [5.978884, 52.009071], [5.980461, 52.018405], [5.995805, 52.02622], [5.977959, 52.05439], [6.000161, 52.054385], [6.003947, 52.056748], [6.006045, 52.062131]]]}, "properties": {"code": "0275", "name": "Rheden", "regioFacet": "tcm:106-353487-1024", "level": 4, "url": "/regioinformatie/gemeente/rheden/"}}, {"type": "Feature", "geometry": {"type": "Polygon", "coordinates": [[[6.053799, 51.869335], [6.04296, 51.872282], [6.03135, 51.879495], [6.019131, 51.898668], [5.997143, 51.90722], [5.987063, 51.913314], [5.988921, 51.913965], [5.992755, 51.912334], [6.000076, 51.913204], [6.015465, 51.916956], [6.027195, 51.916489], [6.034724, 51.913846], [6.040531, 51.914469], [6.04526, 51.912266], [6.059195, 51.914762], [6.071783, 51.914732], [6.083257, 51.912575], [6.084828, 51.913528], [6.093657, 51.910775], [6.094972, 51.910151], [6.092142, 51.90685], [6.095274, 51.902867], [6.105743, 51.897397], [6.102756, 51.892674], [6.118224, 51.892013], [6.137127, 51.885803], [6.14361, 51.876251], [6.144539, 51.869745], [6.149877, 51.866501], [6.167, 51.861622], [6.163597, 51.85368], [6.16656, 51.840722], [6.135771, 51.847169], [6.108785, 51.847896], [6.09952, 51.849391], [6.089556, 51.852597], [6.053799, 51.869335]]]}, "properties": {"code": "0196", "name": "Rijnwaarden", "regioFacet": "tcm:106-353488-1024", "level": 4, "url": "/regioinformatie/gemeente/rijnwaarden/"}}, {"type": "Feature", "geometry": {"type": "Polygon", "coordinates": [[[5.938135, 52.038612], [5.937099, 52.048533], [5.940911, 52.057954], [5.943287, 52.062456], [5.955931, 52.073339], [5.964646, 52.076322], [5.99048, 52.079164], [6.008849, 52.074014], [6.005377, 52.058976], [6.00188, 52.055286], [5.998344, 52.054053], [5.977959, 52.05439], [5.995805, 52.02622], [5.980461, 52.018405], [5.978884, 52.009071], [5.974708, 52.00291], [5.963086, 52.000318], [5.951526, 51.999638], [5.948126, 52.006587], [5.94331, 52.010134], [5.946067, 52.010605], [5.941402, 52.011486], [5.938135, 52.038612]]]}, "properties": {"code": "0277", "name": "Rozendaal", "regioFacet": "tcm:106-353489-1024", "level": 4, "url": "/regioinformatie/gemeente/rozendaal/"}}, {"type": "Feature", "geometry": {"type": "Polygon", "coordinates": [[[5.483942, 52.093001], [5.486083, 52.093657], [5.484302, 52.105542], [5.493862, 52.111097], [5.500959, 52.11087], [5.510401, 52.107842], [5.517474, 52.100601], [5.519368, 52.100494], [5.523187, 52.104322], [5.525164, 52.100751], [5.531543, 52.102267], [5.532817, 52.099984], [5.53916, 52.097814], [5.535079, 52.092875], [5.538294, 52.09269], [5.537118, 52.088644], [5.530856, 52.089774], [5.526634, 52.084903], [5.531306, 52.083939], [5.531245, 52.082419], [5.522654, 52.077542], [5.519437, 52.079227], [5.509923, 52.07905], [5.509204, 52.07697], [5.50507, 52.076911], [5.504584, 52.07335], [5.499882, 52.071335], [5.493887, 52.071889], [5.484311, 52.06962], [5.467144, 52.07557], [5.465435, 52.078429], [5.459243, 52.080226], [5.459678, 52.082003], [5.464054, 52.083056], [5.471886, 52.089381], [5.483942, 52.093001]]]}, "properties": {"code": "0279", "name": "Scherpenzeel", "regioFacet": "tcm:106-353490-1024", "level": 4, "url": "/regioinformatie/gemeente/scherpenzeel/"}}, {"type": "Feature", "geometry": {"type": "Polygon", "coordinates": [[[5.378408, 51.8634], [5.36007, 51.858362], [5.348105, 51.858841], [5.342808, 51.856712], [5.338347, 51.858726], [5.328294, 51.856975], [5.328033, 51.864797], [5.336583, 51.869966], [5.339024, 51.874034], [5.341956, 51.873596], [5.345242, 51.877625], [5.353783, 51.878066], [5.392606, 51.89684], [5.399824, 51.898576], [5.404471, 51.905232], [5.409626, 51.907858], [5.411358, 51.912062], [5.418476, 51.913445], [5.423559, 51.917256], [5.431868, 51.918504], [5.435895, 51.920792], [5.44698, 51.920572], [5.453385, 51.922761], [5.453922, 51.920517], [5.461644, 51.921621], [5.46973, 51.919878], [5.467127, 51.915156], [5.470519, 51.911425], [5.472151, 51.911717], [5.472451, 51.908069], [5.455526, 51.904562], [5.463917, 51.889009], [5.448284, 51.885714], [5.433538, 51.877226], [5.420868, 51.863521], [5.415234, 51.851801], [5.407977, 51.854411], [5.399547, 51.854619], [5.395239, 51.852934], [5.391688, 51.853924], [5.378408, 51.8634]]]}, "properties": {"code": "0281", "name": "Tiel", "regioFacet": "tcm:106-353491-1024", "level": 4, "url": "/regioinformatie/gemeente/tiel/"}}, {"type": "Feature", "geometry": {"type": "Polygon", "coordinates": [[[6.093889, 52.300065], [6.10132, 52.301225], [6.105864, 52.292408], [6.111322, 52.288211], [6.112627, 52.277928], [6.12167, 52.27144], [6.124797, 52.26341], [6.130069, 52.260691], [6.125145, 52.256825], [6.123865, 52.251481], [6.135412, 52.249615], [6.143526, 52.246404], [6.15002, 52.248316], [6.153778, 52.246758], [6.153604, 52.244018], [6.142237, 52.238456], [6.141942, 52.23344], [6.145725, 52.22903], [6.161375, 52.22476], [6.163961, 52.221833], [6.162604, 52.218337], [6.165088, 52.217461], [6.168671, 52.220699], [6.1625, 52.227917], [6.167738, 52.226222], [6.167881, 52.227552], [6.163028, 52.228522], [6.166269, 52.231014], [6.189529, 52.217005], [6.191117, 52.211346], [6.18916, 52.207408], [6.184037, 52.204298], [6.173481, 52.201431], [6.160222, 52.200733], [6.156787, 52.198306], [6.156119, 52.194674], [6.159332, 52.189932], [6.169533, 52.18909], [6.181141, 52.181366], [6.191272, 52.178626], [6.194318, 52.173525], [6.191728, 52.167848], [6.182894, 52.160721], [6.160635, 52.161874], [6.153578, 52.159622], [6.142486, 52.159195], [6.106133, 52.152191], [6.076067, 52.143938], [6.074467, 52.148482], [6.06437, 52.15699], [6.065694, 52.165221], [6.060673, 52.175153], [6.04954, 52.184286], [6.053874, 52.194999], [6.058251, 52.196171], [6.053474, 52.201213], [6.047908, 52.213004], [6.046909, 52.221368], [6.040876, 52.22416], [6.033425, 52.22408], [6.033639, 52.231515], [6.036051, 52.231997], [6.028472, 52.239043], [6.026506, 52.242904], [6.028927, 52.24439], [6.024802, 52.248936], [6.028466, 52.248658], [6.031769, 52.258551], [6.03508, 52.258283], [6.037493, 52.26092], [6.037684, 52.263606], [6.034659, 52.265905], [6.036395, 52.26853], [6.043096, 52.268892], [6.041252, 52.271907], [6.043348, 52.278727], [6.034689, 52.294509], [6.052714, 52.325821], [6.052948, 52.330907], [6.073681, 52.330569], [6.071062, 52.322503], [6.066126, 52.3203], [6.066525, 52.317809], [6.079766, 52.317636], [6.08099, 52.311902], [6.08478, 52.311741], [6.082928, 52.30712], [6.084126, 52.301567], [6.093889, 52.300065]]]}, "properties": {"code": "0285", "name": "Voorst", "regioFacet": "tcm:106-353493-1024", "level": 4, "url": "/regioinformatie/gemeente/voorst/"}}, {"type": "Feature", "geometry": {"type": "Polygon", "coordinates": [[[5.675455, 51.990963], [5.68275, 51.992364], [5.683093, 51.993911], [5.724363, 52.000708], [5.716639, 51.981437], [5.72132, 51.980472], [5.713608, 51.968243], [5.720886, 51.966905], [5.722606, 51.964051], [5.681918, 51.959159], [5.666409, 51.952847], [5.646382, 51.95333], [5.644039, 51.952214], [5.649622, 51.950021], [5.640271, 51.938828], [5.636232, 51.936692], [5.629654, 51.936504], [5.619061, 51.941325], [5.60594, 51.943125], [5.616428, 51.949354], [5.620446, 51.948166], [5.620162, 51.951498], [5.627314, 51.952575], [5.624978, 51.960065], [5.620258, 51.966582], [5.618329, 51.966258], [5.624856, 51.970448], [5.626159, 51.973888], [5.615083, 51.982687], [5.613905, 51.99018], [5.609972, 51.993692], [5.605834, 51.994259], [5.606832, 51.997422], [5.614492, 51.99965], [5.619307, 51.992738], [5.624946, 51.995142], [5.627433, 51.992988], [5.633218, 51.995276], [5.637221, 51.991917], [5.653935, 51.995174], [5.655417, 51.993307], [5.663201, 51.995028], [5.664338, 51.993593], [5.669601, 51.994668], [5.675455, 51.990963]]]}, "properties": {"code": "0289", "name": "Wageningen", "regioFacet": "tcm:106-353494-1024", "level": 4, "url": "/regioinformatie/gemeente/wageningen/"}}, {"type": "Feature", "geometry": {"type": "Polygon", "coordinates": [[[5.418123, 51.818729], [5.414885, 51.82129], [5.415015, 51.825017], [5.409098, 51.828526], [5.405383, 51.835036], [5.400633, 51.837659], [5.412965, 51.848276], [5.426023, 51.870115], [5.434094, 51.87764], [5.446879, 51.885133], [5.455394, 51.887892], [5.467512, 51.88928], [5.507668, 51.889681], [5.531363, 51.894753], [5.530983, 51.891394], [5.539378, 51.891875], [5.545124, 51.887967], [5.576993, 51.892437], [5.57146, 51.883912], [5.569585, 51.884924], [5.566437, 51.883948], [5.569378, 51.879726], [5.568435, 51.876545], [5.560256, 51.875048], [5.559601, 51.870507], [5.553782, 51.870374], [5.553038, 51.862536], [5.577273, 51.864585], [5.578711, 51.859205], [5.585039, 51.85713], [5.581037, 51.851147], [5.585013, 51.839107], [5.598269, 51.839544], [5.598494, 51.837851], [5.60977, 51.836353], [5.606631, 51.835689], [5.609858, 51.83394], [5.607808, 51.833104], [5.608962, 51.830989], [5.60434, 51.828641], [5.599545, 51.829119], [5.597977, 51.828049], [5.587398, 51.829702], [5.557942, 51.827487], [5.552074, 51.824907], [5.546738, 51.818196], [5.539479, 51.81622], [5.517734, 51.819284], [5.503255, 51.828764], [5.490203, 51.830511], [5.48184, 51.827066], [5.476932, 51.817183], [5.472763, 51.813771], [5.465508, 51.811358], [5.448104, 51.809597], [5.427805, 51.811799], [5.418123, 51.818729]]]}, "properties": {"code": "0668", "name": "West Maas en Waal", "regioFacet": "tcm:106-353495-1024", "level": 4, "url": "/regioinformatie/gemeente/west-maas-en-waal/"}}, {"type": "Feature", "geometry": {"type": "Polygon", "coordinates": [[[5.959504, 51.944886], [5.949531, 51.955665], [5.949838, 51.960629], [5.952955, 51.965053], [5.963629, 51.971143], [5.990934, 51.97453], [6.002885, 51.980457], [5.997709, 51.97456], [5.990277, 51.972285], [5.983993, 51.972387], [5.986636, 51.9685], [5.985264, 51.96396], [5.987767, 51.963063], [5.98483, 51.952136], [5.987576, 51.950441], [5.984488, 51.946807], [5.986168, 51.946364], [5.984364, 51.943021], [5.975241, 51.941723], [5.969786, 51.939155], [5.961794, 51.938793], [5.959504, 51.944886]]]}, "properties": {"code": "0293", "name": "Westervoort", "regioFacet": "tcm:106-353496-1024", "level": 4, "url": "/regioinformatie/gemeente/westervoort/"}}, {"type": "Feature", "geometry": {"type": "Polygon", "coordinates": [[[5.623142, 51.840469], [5.6432, 51.844988], [5.635931, 51.847458], [5.637861, 51.848771], [5.634701, 51.851089], [5.64012, 51.856033], [5.636177, 51.867362], [5.666883, 51.866197], [5.672184, 51.862044], [5.679571, 51.860525], [5.678258, 51.858574], [5.681663, 51.856868], [5.680498, 51.85387], [5.68482, 51.848781], [5.681357, 51.848678], [5.681734, 51.84626], [5.677404, 51.846258], [5.678111, 51.843147], [5.72863, 51.838614], [5.764732, 51.832291], [5.757621, 51.82399], [5.771334, 51.823063], [5.773923, 51.821551], [5.782007, 51.808493], [5.793113, 51.798147], [5.796076, 51.798136], [5.800949, 51.795151], [5.780659, 51.784204], [5.774946, 51.783727], [5.769473, 51.785189], [5.768779, 51.782605], [5.74059, 51.778867], [5.740193, 51.777853], [5.733981, 51.77994], [5.729745, 51.772851], [5.721905, 51.774826], [5.707422, 51.775793], [5.702309, 51.778144], [5.695699, 51.786251], [5.690128, 51.789726], [5.682895, 51.791767], [5.666959, 51.793217], [5.660208, 51.796226], [5.651741, 51.803436], [5.645888, 51.814235], [5.641008, 51.818039], [5.633765, 51.819664], [5.619261, 51.81963], [5.597977, 51.828049], [5.599545, 51.829119], [5.60307, 51.828281], [5.608962, 51.830989], [5.607808, 51.833104], [5.609858, 51.83394], [5.606631, 51.835689], [5.623142, 51.840469]]]}, "properties": {"code": "0296", "name": "Wijchen", "regioFacet": "tcm:106-353497-1024", "level": 4, "url": "/regioinformatie/gemeente/wijchen/"}}, {"type": "Feature", "geometry": {"type": "Polygon", "coordinates": [[[6.656399, 52.007213], [6.658494, 52.011528], [6.655618, 52.014072], [6.661791, 52.015559], [6.677733, 52.028375], [6.683569, 52.028202], [6.687853, 52.039856], [6.714134, 52.040065], [6.752977, 52.028406], [6.764088, 52.022311], [6.766307, 52.018782], [6.77215, 52.017894], [6.811411, 51.998096], [6.807799, 51.994967], [6.826607, 51.993527], [6.830352, 51.986192], [6.829599, 51.97943], [6.832754, 51.972938], [6.828529, 51.964105], [6.813837, 51.963633], [6.812461, 51.961833], [6.798873, 51.958744], [6.797271, 51.942553], [6.793991, 51.935294], [6.785977, 51.931189], [6.788945, 51.929657], [6.770036, 51.916199], [6.754625, 51.913091], [6.751264, 51.90724], [6.737132, 51.904681], [6.732498, 51.898723], [6.721969, 51.896063], [6.703221, 51.906395], [6.703327, 51.909706], [6.697667, 51.90987], [6.695346, 51.915868], [6.689635, 51.914956], [6.684249, 51.916097], [6.684224, 51.917591], [6.668733, 51.913863], [6.664376, 51.91658], [6.66101, 51.915603], [6.660767, 51.918369], [6.663127, 51.919794], [6.658031, 51.924332], [6.659004, 51.929019], [6.657601, 51.928449], [6.655826, 51.930278], [6.651293, 51.928542], [6.643557, 51.930095], [6.632008, 51.937817], [6.634519, 51.944589], [6.629071, 51.950092], [6.639464, 51.95977], [6.637585, 51.96495], [6.64242, 51.965744], [6.657056, 51.977552], [6.655175, 51.979274], [6.652641, 51.997543], [6.656399, 52.007213]]]}, "properties": {"code": "0294", "name": "Winterswijk", "regioFacet": "tcm:106-353498-1024", "level": 4, "url": "/regioinformatie/gemeente/winterswijk/"}}, {"type": "Feature", "geometry": {"type": "Polygon", "coordinates": [[[5.220451, 51.810871], [5.245991, 51.816958], [5.281718, 51.821208], [5.284695, 51.817434], [5.280853, 51.810401], [5.28448, 51.80654], [5.283694, 51.803233], [5.281007, 51.801917], [5.288437, 51.799574], [5.266453, 51.793122], [5.269948, 51.774325], [5.262522, 51.774646], [5.248865, 51.771236], [5.237444, 51.771965], [5.219496, 51.769016], [5.207793, 51.769281], [5.191929, 51.767451], [5.1892, 51.765562], [5.180652, 51.766555], [5.173672, 51.76402], [5.174565, 51.761073], [5.180568, 51.758622], [5.184821, 51.753884], [5.1857, 51.741918], [5.165672, 51.74292], [5.128055, 51.737607], [5.125984, 51.739629], [5.126336, 51.745021], [5.138113, 51.750726], [5.142714, 51.75521], [5.135891, 51.76032], [5.139599, 51.769311], [5.137581, 51.772905], [5.117682, 51.778155], [5.105342, 51.785507], [5.097313, 51.787587], [5.088594, 51.785805], [5.079994, 51.779943], [5.068412, 51.779922], [5.061913, 51.784414], [5.050836, 51.796618], [5.016001, 51.808207], [5.010941, 51.812105], [5.009325, 51.817512], [5.000364, 51.820933], [5.042107, 51.817355], [5.052335, 51.818945], [5.07411, 51.825821], [5.087654, 51.826798], [5.100834, 51.824504], [5.130167, 51.814658], [5.140907, 51.814119], [5.170643, 51.817032], [5.203272, 51.810241], [5.220451, 51.810871]]]}, "properties": {"code": "0297", "name": "Zaltbommel", "regioFacet": "tcm:106-353499-1024", "level": 4, "url": "/regioinformatie/gemeente/zaltbommel/"}}, {"type": "Feature", "geometry": {"type": "Polygon", "coordinates": [[[6.067371, 51.974982], [6.068852, 51.980401], [6.062393, 51.980567], [6.060772, 51.981859], [6.043663, 51.979735], [6.034306, 51.971353], [6.031188, 51.971097], [6.026889, 51.970893], [6.021818, 51.978203], [6.005827, 51.979106], [6.001733, 51.977552], [6.0066, 51.991359], [6.015334, 51.996868], [6.026839, 51.995825], [6.032817, 51.99703], [6.042936, 52.002107], [6.04803, 52.009776], [6.061781, 52.014982], [6.068279, 52.014168], [6.076473, 52.01065], [6.078789, 52.007469], [6.078334, 52.000827], [6.084708, 51.994742], [6.090692, 51.992893], [6.109591, 51.996437], [6.139498, 51.996977], [6.149831, 52.001869], [6.164309, 51.999003], [6.159884, 51.997691], [6.161975, 51.992796], [6.160674, 51.98105], [6.145279, 51.980603], [6.129371, 51.978264], [6.12109, 51.973398], [6.122335, 51.971484], [6.105458, 51.966726], [6.090394, 51.967844], [6.089514, 51.963509], [6.091444, 51.963034], [6.091427, 51.938721], [6.094149, 51.938828], [6.094689, 51.93672], [6.138433, 51.915529], [6.141198, 51.915772], [6.143061, 51.918502], [6.143258, 51.91368], [6.15257, 51.908869], [6.156644, 51.911279], [6.157559, 51.906872], [6.167913, 51.900974], [6.165633, 51.898596], [6.156758, 51.905217], [6.125673, 51.898201], [6.117889, 51.901659], [6.114821, 51.89772], [6.111855, 51.898837], [6.110176, 51.894943], [6.103474, 51.892483], [6.105743, 51.897397], [6.095274, 51.902867], [6.092142, 51.90685], [6.094972, 51.910151], [6.092875, 51.911053], [6.084828, 51.913528], [6.083257, 51.912575], [6.071783, 51.914732], [6.059195, 51.914762], [6.04526, 51.912266], [6.037896, 51.914719], [6.038843, 51.91634], [6.043062, 51.916815], [6.046993, 51.9253], [6.046276, 51.926906], [6.042358, 51.927772], [6.048506, 51.931614], [6.051561, 51.930973], [6.053027, 51.940328], [6.054805, 51.939936], [6.063447, 51.949286], [6.052665, 51.952698], [6.058461, 51.958309], [6.060839, 51.974483], [6.067371, 51.974982]]]}, "properties": {"code": "0299", "name": "Zevenaar", "regioFacet": "tcm:106-353500-1024", "level": 4, "url": "/regioinformatie/gemeente/zevenaar/"}}, {"type": "Feature", "geometry": {"type": "Polygon", "coordinates": [[[6.237988, 52.146031], [6.248481, 52.147585], [6.264542, 52.147091], [6.269791, 52.149959], [6.283604, 52.148196], [6.300918, 52.149111], [6.32404, 52.152762], [6.328314, 52.137712], [6.307286, 52.130452], [6.293868, 52.127943], [6.291112, 52.126446], [6.29215, 52.125473], [6.288465, 52.125538], [6.277487, 52.121729], [6.269843, 52.111643], [6.257601, 52.110287], [6.233877, 52.113126], [6.232416, 52.110747], [6.226638, 52.10941], [6.225827, 52.106827], [6.222085, 52.106677], [6.224515, 52.100178], [6.220159, 52.100327], [6.219223, 52.09255], [6.221696, 52.088775], [6.219476, 52.088733], [6.216751, 52.093326], [6.219201, 52.096309], [6.215353, 52.108966], [6.208968, 52.113001], [6.191677, 52.114274], [6.18743, 52.116167], [6.186185, 52.124518], [6.182515, 52.126239], [6.183631, 52.134226], [6.177472, 52.136957], [6.179014, 52.138528], [6.174131, 52.139432], [6.175069, 52.141494], [6.172136, 52.143267], [6.173396, 52.14497], [6.163985, 52.146352], [6.149618, 52.144008], [6.142804, 52.145664], [6.14039, 52.148352], [6.14064, 52.152209], [6.142823, 52.15596], [6.147559, 52.158001], [6.159397, 52.157673], [6.173157, 52.152451], [6.181615, 52.152707], [6.18523, 52.162589], [6.192799, 52.169801], [6.198708, 52.16291], [6.200529, 52.164917], [6.207222, 52.166644], [6.21222, 52.162646], [6.217081, 52.161673], [6.216118, 52.158588], [6.218666, 52.158402], [6.219153, 52.156077], [6.223489, 52.155947], [6.223478, 52.153843], [6.23164, 52.15594], [6.235261, 52.155429], [6.237988, 52.146031]]]}, "properties": {"code": "0301", "name": "Zutphen", "regioFacet": "tcm:106-353501-1024", "level": 4, "url": "/regioinformatie/gemeente/zutphen/"}}, {"type": "Feature", "geometry": {"type": "Polygon", "coordinates": [[[6.813459, 53.324728], [6.815323, 53.326762], [6.824647, 53.328201], [6.834457, 53.327115], [6.838148, 53.329425], [6.833725, 53.336861], [6.833159, 53.341848], [6.8362, 53.345146], [6.841738, 53.345541], [6.844527, 53.343508], [6.849097, 53.344806], [6.861065, 53.344102], [6.866797, 53.341806], [6.867169, 53.343395], [6.873802, 53.342949], [6.875429, 53.34735], [6.885405, 53.345128], [6.881731, 53.328542], [6.883006, 53.31641], [6.885623, 53.309134], [6.888161, 53.309655], [6.887377, 53.297882], [6.860723, 53.294987], [6.860254, 53.296326], [6.851158, 53.297038], [6.845806, 53.290126], [6.828072, 53.291092], [6.825162, 53.297622], [6.816649, 53.295182], [6.807369, 53.304792], [6.811604, 53.306219], [6.803338, 53.31592], [6.806085, 53.317082], [6.804295, 53.32042], [6.806604, 53.321459], [6.804483, 53.323927], [6.810477, 53.326493], [6.813459, 53.324728]]]}, "properties": {"code": "0003", "name": "Appingedam", "regioFacet": "tcm:106-353503-1024", "level": 4, "url": "/regioinformatie/gemeente/appingedam/"}}, {"type": "Feature", "geometry": {"type": "Polygon", "coordinates": [[[6.587261, 53.25567], [6.588693, 53.262551], [6.56723, 53.261494], [6.566601, 53.263607], [6.552573, 53.262168], [6.549552, 53.264409], [6.55576, 53.275973], [6.560498, 53.314085], [6.568242, 53.335161], [6.567057, 53.341077], [6.568839, 53.345388], [6.573725, 53.345228], [6.576203, 53.347425], [6.582206, 53.343503], [6.588161, 53.342231], [6.595831, 53.347141], [6.601449, 53.340424], [6.604694, 53.340805], [6.605366, 53.337516], [6.592622, 53.335716], [6.597887, 53.335661], [6.601711, 53.329399], [6.610194, 53.330115], [6.619862, 53.314428], [6.637675, 53.314638], [6.642951, 53.307895], [6.654053, 53.308645], [6.625848, 53.266197], [6.633452, 53.25976], [6.63602, 53.251396], [6.619297, 53.249448], [6.618346, 53.251486], [6.606407, 53.251417], [6.606351, 53.253741], [6.587261, 53.25567]]]}, "properties": {"code": "0005", "name": "Bedum", "regioFacet": "tcm:106-353504-1024", "level": 4, "url": "/regioinformatie/gemeente/bedum/"}}, {"type": "Feature", "geometry": {"type": "Polygon", "coordinates": [[[7.086415, 53.059098], [7.069787, 53.066667], [7.034246, 53.064642], [7.03281, 53.066826], [7.029749, 53.066527], [7.015446, 53.071774], [7.042658, 53.10175], [7.029886, 53.108316], [7.025904, 53.112456], [7.033757, 53.116115], [7.035597, 53.119579], [7.05118, 53.130218], [7.08124, 53.144014], [7.088594, 53.145239], [7.099543, 53.143229], [7.105651, 53.143939], [7.12563, 53.15137], [7.139556, 53.15433], [7.145308, 53.160774], [7.173959, 53.147931], [7.176995, 53.152582], [7.183173, 53.154754], [7.189244, 53.154883], [7.189609, 53.147975], [7.183123, 53.140149], [7.178962, 53.138545], [7.179389, 53.134983], [7.181019, 53.127679], [7.185873, 53.124226], [7.182899, 53.121765], [7.202794, 53.113411], [7.199219, 53.081386], [7.204243, 53.055574], [7.18641, 53.05438], [7.130374, 53.038969], [7.117482, 53.052349], [7.11158, 53.052248], [7.102327, 53.061181], [7.088838, 53.056464], [7.086271, 53.05694], [7.086415, 53.059098]]]}, "properties": {"code": "0007", "name": "Bellingwedde", "regioFacet": "tcm:106-353505-1024", "level": 4, "url": "/regioinformatie/gemeente/bellingwedde/"}}, {"type": "Feature", "geometry": {"type": "Polygon", "coordinates": [[[6.273988, 53.430183], [6.350426, 53.446268], [6.542106, 53.442801], [6.547747, 53.426345], [6.529444, 53.423576], [6.521903, 53.426198], [6.515489, 53.42559], [6.513322, 53.417403], [6.510789, 53.417608], [6.50565, 53.409656], [6.510226, 53.408023], [6.504553, 53.406554], [6.510814, 53.406066], [6.510281, 53.404122], [6.507014, 53.404427], [6.504899, 53.403039], [6.507184, 53.399485], [6.499648, 53.398601], [6.497408, 53.395792], [6.491157, 53.398416], [6.484849, 53.398419], [6.480489, 53.391733], [6.475198, 53.389905], [6.469055, 53.390829], [6.469764, 53.383039], [6.480493, 53.365431], [6.472516, 53.361838], [6.471665, 53.359493], [6.48386, 53.353609], [6.484819, 53.344207], [6.480598, 53.342167], [6.47518, 53.343235], [6.473415, 53.337333], [6.465146, 53.337555], [6.462494, 53.333128], [6.458994, 53.333566], [6.453011, 53.328811], [6.447684, 53.327301], [6.446936, 53.325186], [6.450253, 53.321938], [6.443097, 53.317586], [6.438538, 53.316936], [6.437275, 53.321727], [6.431097, 53.328206], [6.423632, 53.327071], [6.41556, 53.328308], [6.409619, 53.321775], [6.403781, 53.319593], [6.378529, 53.319985], [6.367009, 53.321572], [6.360396, 53.315295], [6.355837, 53.313838], [6.345067, 53.319035], [6.33126, 53.315236], [6.320885, 53.316547], [6.316531, 53.319395], [6.315335, 53.326402], [6.311143, 53.330154], [6.286981, 53.341382], [6.27368, 53.345271], [6.252849, 53.348594], [6.239299, 53.343039], [6.232419, 53.343439], [6.224972, 53.354307], [6.221158, 53.356464], [6.180826, 53.363833], [6.173632, 53.369815], [6.168926, 53.379123], [6.167945, 53.390759], [6.19402, 53.413289], [6.273988, 53.430183]]]}, "properties": {"code": "1663", "name": "De Marne", "regioFacet": "tcm:106-353506-1024", "level": 4, "url": "/regioinformatie/gemeente/de-marne/"}}, {"type": "Feature", "geometry": {"type": "Polygon", "coordinates": [[[6.885405, 53.345128], [6.875429, 53.34735], [6.873802, 53.342949], [6.867169, 53.343395], [6.866797, 53.341806], [6.861065, 53.344102], [6.849097, 53.344806], [6.844527, 53.343508], [6.841738, 53.345541], [6.836151, 53.345131], [6.834299, 53.343308], [6.83113, 53.347762], [6.824969, 53.34705], [6.825161, 53.358132], [6.822395, 53.360478], [6.818297, 53.359741], [6.816096, 53.361625], [6.811643, 53.360024], [6.800842, 53.366089], [6.803524, 53.368483], [6.797819, 53.371671], [6.799102, 53.372306], [6.795442, 53.374939], [6.797176, 53.375571], [6.777166, 53.397965], [6.843718, 53.42242], [6.857002, 53.414234], [6.872859, 53.407956], [6.890936, 53.407826], [6.911786, 53.459428], [6.924257, 53.449304], [6.932034, 53.438472], [6.952031, 53.394032], [6.993692, 53.34876], [6.993414, 53.336261], [6.995358, 53.331818], [7.005912, 53.32654], [7.019243, 53.324318], [7.061737, 53.324041], [7.101249, 53.330258], [7.100442, 53.309977], [7.134268, 53.287822], [7.13486, 53.279692], [7.113461, 53.26288], [7.084371, 53.254628], [7.076633, 53.249699], [7.079431, 53.248177], [7.067522, 53.242378], [7.059441, 53.248228], [7.057421, 53.24734], [7.040307, 53.259837], [7.038719, 53.25863], [7.034969, 53.259163], [7.031598, 53.256132], [7.021847, 53.253237], [7.012605, 53.260638], [7.013229, 53.26684], [6.997012, 53.267129], [6.952231, 53.256499], [6.94592, 53.248705], [6.94499, 53.243615], [6.942506, 53.242043], [6.937603, 53.244249], [6.928437, 53.236952], [6.921721, 53.23918], [6.916148, 53.243618], [6.909256, 53.243518], [6.91215, 53.263485], [6.909337, 53.263559], [6.910202, 53.268445], [6.907939, 53.26857], [6.909082, 53.279], [6.886414, 53.279919], [6.895596, 53.285918], [6.893112, 53.287792], [6.891271, 53.286921], [6.889239, 53.28982], [6.890767, 53.290534], [6.887378, 53.297766], [6.888161, 53.309655], [6.885623, 53.309134], [6.883006, 53.31641], [6.881736, 53.328626], [6.885405, 53.345128]]]}, "properties": {"code": "0010", "name": "Delfzijl", "regioFacet": "tcm:106-353507-1024", "level": 4, "url": "/regioinformatie/gemeente/delfzijl/"}}, {"type": "Feature", "geometry": {"type": "Polygon", "coordinates": [[[6.612608, 53.564308], [6.637132, 53.576423], [6.665963, 53.561235], [6.820107, 53.493743], [6.857601, 53.468746], [6.874265, 53.46458], [6.890929, 53.465135], [6.911786, 53.459428], [6.890936, 53.407826], [6.872859, 53.407956], [6.857002, 53.414234], [6.843718, 53.42242], [6.792455, 53.403596], [6.78798, 53.407927], [6.78424, 53.407339], [6.782486, 53.410452], [6.778614, 53.410788], [6.770428, 53.403634], [6.748688, 53.395234], [6.729684, 53.381096], [6.697033, 53.362903], [6.684385, 53.366967], [6.68103, 53.365821], [6.676343, 53.36706], [6.670678, 53.364963], [6.664214, 53.366995], [6.651912, 53.364527], [6.64318, 53.366122], [6.641951, 53.363546], [6.635613, 53.362826], [6.636861, 53.360501], [6.634614, 53.362717], [6.625808, 53.360986], [6.627855, 53.352952], [6.625892, 53.350708], [6.617481, 53.348797], [6.602147, 53.34974], [6.592637, 53.346108], [6.588161, 53.342231], [6.577244, 53.346514], [6.568806, 53.35787], [6.55253, 53.358948], [6.556799, 53.370138], [6.551801, 53.377008], [6.546294, 53.379091], [6.540625, 53.377188], [6.531472, 53.383895], [6.525828, 53.382995], [6.523095, 53.384932], [6.523733, 53.394358], [6.520396, 53.394883], [6.521832, 53.397629], [6.53497, 53.396603], [6.535716, 53.406119], [6.544131, 53.406414], [6.548831, 53.423161], [6.542106, 53.442801], [6.350426, 53.446268], [6.351567, 53.497042], [6.366633, 53.49692], [6.381647, 53.494551], [6.393051, 53.498949], [6.396923, 53.503409], [6.397029, 53.507901], [6.389704, 53.516947], [6.382272, 53.521501], [6.367249, 53.523871], [6.352123, 53.521746], [6.352528, 53.539713], [6.428588, 53.566036], [6.612608, 53.564308]]]}, "properties": {"code": "1651", "name": "Eemsmond", "regioFacet": "tcm:106-353508-1024", "level": 4, "url": "/regioinformatie/gemeente/eemsmond/"}}, {"type": "Feature", "geometry": {"type": "Polygon", "coordinates": [[[6.511442, 53.254114], [6.50824, 53.257574], [6.510825, 53.256788], [6.519054, 53.258489], [6.524291, 53.256436], [6.526594, 53.258266], [6.539308, 53.26036], [6.537926, 53.264097], [6.550263, 53.264947], [6.552397, 53.262179], [6.566601, 53.263607], [6.56723, 53.261494], [6.588693, 53.262551], [6.586328, 53.255846], [6.606351, 53.253741], [6.606407, 53.251417], [6.618346, 53.251486], [6.619297, 53.249448], [6.635043, 53.251285], [6.643622, 53.235056], [6.643775, 53.230782], [6.640711, 53.22885], [6.648786, 53.217262], [6.666873, 53.20202], [6.649979, 53.193177], [6.640006, 53.190409], [6.646821, 53.187937], [6.638918, 53.185784], [6.604469, 53.196592], [6.595892, 53.194927], [6.598714, 53.190561], [6.581038, 53.185878], [6.580636, 53.183234], [6.571819, 53.182742], [6.566701, 53.184537], [6.558188, 53.18204], [6.556936, 53.18383], [6.541744, 53.17861], [6.534212, 53.184178], [6.530492, 53.195559], [6.506859, 53.200144], [6.494227, 53.198218], [6.492593, 53.201386], [6.485717, 53.203821], [6.463461, 53.200058], [6.462746, 53.201979], [6.4669, 53.204302], [6.464474, 53.207614], [6.480921, 53.250185], [6.488602, 53.249016], [6.491985, 53.245555], [6.495989, 53.245611], [6.499236, 53.248383], [6.502636, 53.247501], [6.511442, 53.254114]]]}, "properties": {"code": "0014", "name": "Groningen (Gr)", "regioFacet": "tcm:106-353509-1024", "level": 4, "url": "/regioinformatie/gemeente/groningen/"}}, {"type": "Feature", "geometry": {"type": "Polygon", "coordinates": [[[6.313882, 53.248156], [6.344575, 53.252092], [6.344474, 53.249722], [6.358917, 53.251551], [6.35814, 53.2446], [6.3631, 53.245281], [6.362964, 53.241193], [6.372099, 53.24243], [6.371481, 53.237257], [6.378154, 53.23827], [6.37706, 53.237225], [6.379389, 53.236201], [6.377115, 53.234505], [6.383627, 53.236265], [6.38514, 53.233637], [6.391303, 53.234585], [6.406212, 53.217011], [6.394973, 53.214973], [6.387532, 53.216088], [6.380307, 53.215335], [6.378189, 53.212763], [6.364338, 53.212223], [6.357016, 53.207644], [6.346955, 53.208568], [6.32437, 53.202699], [6.318178, 53.203817], [6.318537, 53.19906], [6.31462, 53.198807], [6.315182, 53.195703], [6.28217, 53.190709], [6.286763, 53.18307], [6.244033, 53.173423], [6.24481, 53.171441], [6.235936, 53.168441], [6.237301, 53.166346], [6.234247, 53.159594], [6.230321, 53.157946], [6.231158, 53.155607], [6.191184, 53.139331], [6.175678, 53.135076], [6.177781, 53.167929], [6.181375, 53.170557], [6.192854, 53.189068], [6.199432, 53.193254], [6.199621, 53.198355], [6.209426, 53.199884], [6.219058, 53.205994], [6.224803, 53.211948], [6.22475, 53.214579], [6.22998, 53.217788], [6.230173, 53.22244], [6.225339, 53.225455], [6.22472, 53.229984], [6.214258, 53.234163], [6.216753, 53.234342], [6.215543, 53.236985], [6.224972, 53.238593], [6.218881, 53.242575], [6.231293, 53.245332], [6.229481, 53.249826], [6.233705, 53.2508], [6.235101, 53.253355], [6.231749, 53.255947], [6.276479, 53.255772], [6.277691, 53.253353], [6.275261, 53.252996], [6.278489, 53.245075], [6.313882, 53.248156]]]}, "properties": {"code": "0015", "name": "Grootegast", "regioFacet": "tcm:106-353510-1024", "level": 4, "url": "/regioinformatie/gemeente/grootegast/"}}, {"type": "Feature", "geometry": {"type": "Polygon", "coordinates": [[[6.581515, 53.163584], [6.563687, 53.157638], [6.559497, 53.169106], [6.548852, 53.181664], [6.556936, 53.18383], [6.558188, 53.18204], [6.566701, 53.184537], [6.571819, 53.182742], [6.580636, 53.183234], [6.581038, 53.185878], [6.598714, 53.190561], [6.595892, 53.194927], [6.604469, 53.196592], [6.657241, 53.180769], [6.662331, 53.171296], [6.67833, 53.164637], [6.688714, 53.154611], [6.690251, 53.150441], [6.686275, 53.147848], [6.689572, 53.143306], [6.695367, 53.121176], [6.670602, 53.116516], [6.634832, 53.106202], [6.637086, 53.108301], [6.635111, 53.111461], [6.636597, 53.112843], [6.628056, 53.115647], [6.630831, 53.119211], [6.621904, 53.126195], [6.61902, 53.131552], [6.613641, 53.132694], [6.6144, 53.135557], [6.599984, 53.144724], [6.587964, 53.145436], [6.584521, 53.153509], [6.587089, 53.156226], [6.583573, 53.157867], [6.581515, 53.163584]]]}, "properties": {"code": "0017", "name": "Haren", "regioFacet": "tcm:106-353511-1024", "level": 4, "url": "/regioinformatie/gemeente/haren/"}}, {"type": "Feature", "geometry": {"type": "Polygon", "coordinates": [[[6.774519, 53.168457], [6.774444, 53.169948], [6.765226, 53.170058], [6.765091, 53.179215], [6.789873, 53.181003], [6.811672, 53.185751], [6.826999, 53.18478], [6.821258, 53.181652], [6.822452, 53.175327], [6.815858, 53.163944], [6.816647, 53.149664], [6.819039, 53.146332], [6.807906, 53.14693], [6.811112, 53.142541], [6.794033, 53.13651], [6.805988, 53.120326], [6.801674, 53.119172], [6.813945, 53.070972], [6.737451, 53.119462], [6.695367, 53.121176], [6.689572, 53.143306], [6.686275, 53.147848], [6.690251, 53.150441], [6.688714, 53.154611], [6.67833, 53.164637], [6.662331, 53.171296], [6.657241, 53.180769], [6.639468, 53.185981], [6.646821, 53.187937], [6.639813, 53.190297], [6.649979, 53.193177], [6.666873, 53.20202], [6.682616, 53.200507], [6.717807, 53.173393], [6.746, 53.168343], [6.774519, 53.168457]]]}, "properties": {"code": "0018", "name": "Hoogezand-Sappemeer", "regioFacet": "tcm:106-353512-1024", "level": 4, "url": "/regioinformatie/gemeente/hoogezand-sappemeer/"}}, {"type": "Feature", "geometry": {"type": "Polygon", "coordinates": [[[6.370632, 53.212395], [6.378189, 53.212763], [6.380307, 53.215335], [6.403518, 53.215936], [6.40243, 53.217205], [6.404901, 53.216674], [6.411941, 53.219006], [6.415507, 53.222161], [6.426659, 53.223101], [6.428521, 53.224732], [6.439888, 53.210139], [6.464551, 53.207612], [6.4669, 53.204302], [6.462746, 53.201979], [6.463461, 53.200058], [6.447712, 53.196441], [6.442867, 53.18774], [6.406985, 53.177654], [6.402922, 53.167206], [6.395165, 53.163577], [6.381414, 53.153506], [6.382612, 53.14957], [6.365855, 53.122228], [6.363558, 53.107552], [6.35662, 53.107085], [6.344433, 53.087135], [6.296427, 53.098443], [6.288229, 53.119243], [6.30938, 53.121429], [6.307008, 53.129765], [6.346958, 53.134637], [6.336733, 53.166735], [6.334268, 53.165827], [6.333424, 53.168484], [6.343424, 53.172904], [6.340383, 53.18207], [6.34416, 53.183039], [6.341878, 53.193304], [6.340004, 53.19761], [6.331522, 53.193881], [6.329071, 53.204185], [6.346485, 53.208513], [6.357016, 53.207644], [6.361221, 53.211166], [6.370632, 53.212395]]]}, "properties": {"code": "0022", "name": "Leek", "regioFacet": "tcm:106-353513-1024", "level": 4, "url": "/regioinformatie/gemeente/leek/"}}, {"type": "Feature", "geometry": {"type": "Polygon", "coordinates": [[[6.654572, 53.308479], [6.650143, 53.309195], [6.642951, 53.307895], [6.637675, 53.314638], [6.619862, 53.314428], [6.610194, 53.330115], [6.601711, 53.329399], [6.597887, 53.335661], [6.592622, 53.335716], [6.605366, 53.337516], [6.604694, 53.340805], [6.601449, 53.340424], [6.595831, 53.347141], [6.603134, 53.349922], [6.617481, 53.348797], [6.625892, 53.350708], [6.627855, 53.352952], [6.625808, 53.360986], [6.634614, 53.362717], [6.636861, 53.360501], [6.635613, 53.362826], [6.641951, 53.363546], [6.644446, 53.366353], [6.647381, 53.364579], [6.651912, 53.364527], [6.664214, 53.366995], [6.670678, 53.364963], [6.676343, 53.36706], [6.68103, 53.365821], [6.684385, 53.366967], [6.697033, 53.362903], [6.729684, 53.381096], [6.748688, 53.395234], [6.770428, 53.403634], [6.778614, 53.410788], [6.782486, 53.410452], [6.78424, 53.407339], [6.78798, 53.407927], [6.792455, 53.403596], [6.777166, 53.397965], [6.780549, 53.392488], [6.797176, 53.375571], [6.795442, 53.374939], [6.799102, 53.372306], [6.797819, 53.371671], [6.803524, 53.368483], [6.800842, 53.366089], [6.811643, 53.360024], [6.816096, 53.361625], [6.818297, 53.359741], [6.822395, 53.360478], [6.825161, 53.358132], [6.823639, 53.349315], [6.824969, 53.34705], [6.83113, 53.347762], [6.831751, 53.344951], [6.834565, 53.345116], [6.833742, 53.336778], [6.838927, 53.330558], [6.834457, 53.327115], [6.823694, 53.328136], [6.815323, 53.326762], [6.813459, 53.324728], [6.810477, 53.326493], [6.807361, 53.32595], [6.806826, 53.324008], [6.804483, 53.323927], [6.806604, 53.321459], [6.804295, 53.32042], [6.806085, 53.317082], [6.803338, 53.31592], [6.811604, 53.306219], [6.807369, 53.304792], [6.814345, 53.297592], [6.772527, 53.283087], [6.769137, 53.286626], [6.772309, 53.287793], [6.769794, 53.29068], [6.772365, 53.291811], [6.764621, 53.298134], [6.760684, 53.295236], [6.755539, 53.299634], [6.753081, 53.298847], [6.74491, 53.30702], [6.749351, 53.309843], [6.747331, 53.31192], [6.742682, 53.31102], [6.737842, 53.312964], [6.734075, 53.311963], [6.729396, 53.305292], [6.726495, 53.30489], [6.709156, 53.310015], [6.706689, 53.307109], [6.689592, 53.297449], [6.676827, 53.30387], [6.654572, 53.308479]]]}, "properties": {"code": "0024", "name": "Loppersum", "regioFacet": "tcm:106-353514-1024", "level": 4, "url": "/regioinformatie/gemeente/loppersum/"}}, {"type": "Feature", "geometry": {"type": "Polygon", "coordinates": [[[6.253722, 53.175597], [6.284678, 53.182027], [6.287121, 53.183264], [6.286349, 53.185205], [6.283897, 53.185533], [6.282146, 53.190698], [6.315182, 53.195703], [6.31462, 53.198807], [6.318537, 53.19906], [6.319613, 53.204184], [6.323938, 53.202693], [6.329071, 53.204185], [6.331522, 53.193881], [6.340004, 53.19761], [6.34416, 53.183039], [6.340383, 53.18207], [6.343424, 53.172904], [6.333424, 53.168484], [6.334268, 53.165827], [6.336733, 53.166735], [6.346958, 53.134637], [6.307008, 53.129765], [6.30938, 53.121429], [6.288229, 53.119243], [6.296427, 53.098443], [6.290566, 53.099829], [6.28305, 53.106863], [6.274139, 53.111161], [6.262651, 53.114123], [6.236264, 53.113387], [6.205048, 53.115484], [6.175678, 53.135076], [6.191184, 53.139331], [6.229366, 53.154662], [6.231613, 53.159548], [6.234247, 53.159594], [6.235136, 53.161377], [6.237301, 53.166346], [6.235936, 53.168441], [6.24481, 53.171441], [6.244033, 53.173423], [6.253722, 53.175597]]]}, "properties": {"code": "0025", "name": "Marum", "regioFacet": "tcm:106-353515-1024", "level": 4, "url": "/regioinformatie/gemeente/marum/"}}, {"type": "Feature", "geometry": {"type": "Polygon", "coordinates": [[[6.816312, 53.15442], [6.815858, 53.163944], [6.822463, 53.175371], [6.821258, 53.181652], [6.826999, 53.18478], [6.811428, 53.185736], [6.812957, 53.188225], [6.81998, 53.191188], [6.814212, 53.193639], [6.817947, 53.196687], [6.819996, 53.195868], [6.817469, 53.198466], [6.826353, 53.202499], [6.838019, 53.203977], [6.837865, 53.205137], [6.841968, 53.205665], [6.841135, 53.208564], [6.854548, 53.211664], [6.853584, 53.215193], [6.855341, 53.216589], [6.878894, 53.22229], [6.883953, 53.225777], [6.902162, 53.222607], [6.920041, 53.227343], [6.925532, 53.221558], [6.922816, 53.22063], [6.929399, 53.212817], [6.920596, 53.207449], [6.924688, 53.205071], [6.91682, 53.19557], [6.925123, 53.194286], [6.922926, 53.190717], [6.91869, 53.191392], [6.915891, 53.188406], [6.91158, 53.181284], [6.912534, 53.175623], [6.907636, 53.172878], [6.912208, 53.171966], [6.9033, 53.166463], [6.929276, 53.169051], [6.929834, 53.165335], [6.942236, 53.166532], [6.943783, 53.159013], [6.950381, 53.158895], [6.95464, 53.136654], [6.965295, 53.110831], [6.961735, 53.110021], [6.959339, 53.120176], [6.89699, 53.128507], [6.8971, 53.127578], [6.886254, 53.1286], [6.884269, 53.125616], [6.874293, 53.125368], [6.874124, 53.123547], [6.823101, 53.126219], [6.821163, 53.12884], [6.80324, 53.12409], [6.794033, 53.13651], [6.811112, 53.142541], [6.807906, 53.14693], [6.819039, 53.146332], [6.816312, 53.15442]]]}, "properties": {"code": "1987", "name": "Menterwolde", "regioFacet": "tcm:106-353516-1024", "level": 4, "url": "/regioinformatie/gemeente/menterwolde/"}}, {"type": "Feature", "geometry": {"type": "Polygon", "coordinates": [[[6.923283, 53.239315], [6.928437, 53.236952], [6.937603, 53.244249], [6.942506, 53.242043], [6.952331, 53.256542], [6.997312, 53.26714], [7.013229, 53.26684], [7.012605, 53.260638], [7.021847, 53.253237], [7.031598, 53.256132], [7.034969, 53.259163], [7.038719, 53.25863], [7.040307, 53.259837], [7.057421, 53.24734], [7.059441, 53.248228], [7.067522, 53.242378], [7.079431, 53.248177], [7.076633, 53.249699], [7.084371, 53.254628], [7.113461, 53.26288], [7.13486, 53.279692], [7.134268, 53.287822], [7.100442, 53.309977], [7.101249, 53.330258], [7.132559, 53.332651], [7.187601, 53.332182], [7.212505, 53.228189], [7.210492, 53.228397], [7.217025, 53.214767], [7.217623, 53.197817], [7.208043, 53.188477], [7.227498, 53.180279], [7.212562, 53.176965], [7.203655, 53.176564], [7.1909, 53.16184], [7.189244, 53.154883], [7.183173, 53.154754], [7.176995, 53.152582], [7.173959, 53.147931], [7.145308, 53.160774], [7.139556, 53.15433], [7.12563, 53.15137], [7.105651, 53.143939], [7.099543, 53.143229], [7.088594, 53.145239], [7.08124, 53.144014], [7.05118, 53.130218], [7.035597, 53.119579], [7.032289, 53.115334], [6.987362, 53.115773], [6.982535, 53.119123], [6.979749, 53.119196], [6.965295, 53.110831], [6.95464, 53.136654], [6.950381, 53.158895], [6.943783, 53.159013], [6.942236, 53.166532], [6.929834, 53.165335], [6.929276, 53.169051], [6.9033, 53.166463], [6.912208, 53.171966], [6.907636, 53.172878], [6.912534, 53.175623], [6.91158, 53.181284], [6.915891, 53.188406], [6.91869, 53.191392], [6.922926, 53.190717], [6.925123, 53.194286], [6.91682, 53.19557], [6.924688, 53.205071], [6.920596, 53.207449], [6.929399, 53.212817], [6.922816, 53.22063], [6.925532, 53.221558], [6.920041, 53.227343], [6.912716, 53.225125], [6.908591, 53.233954], [6.911344, 53.243015], [6.916148, 53.243618], [6.923283, 53.239315]]]}, "properties": {"code": "1895", "name": "Oldambt", "regioFacet": "tcm:106-353517-1024", "level": 4, "url": "/regioinformatie/gemeente/oldambt/"}}, {"type": "Feature", "geometry": {"type": "Polygon", "coordinates": [[[6.960816, 53.097771], [6.961735, 53.110021], [6.96739, 53.111357], [6.979749, 53.119196], [6.982535, 53.119123], [6.987362, 53.115773], [7.028027, 53.116112], [7.029754, 53.115097], [7.025904, 53.112456], [7.029853, 53.108347], [7.042651, 53.101822], [7.013333, 53.069441], [7.010133, 53.073702], [6.993826, 53.05563], [6.990558, 53.054987], [6.987828, 53.049076], [6.95579, 53.013861], [6.934531, 53.020364], [6.910619, 53.035714], [6.905498, 53.043838], [6.920776, 53.045281], [6.919905, 53.049312], [6.933344, 53.049613], [6.933004, 53.053806], [6.92444, 53.057777], [6.929212, 53.072946], [6.944467, 53.081492], [6.956891, 53.094711], [6.960534, 53.095724], [6.960816, 53.097771]]]}, "properties": {"code": "0765", "name": "Pekela", "regioFacet": "tcm:106-353518-1024", "level": 4, "url": "/regioinformatie/gemeente/pekela/"}}, {"type": "Feature", "geometry": {"type": "Polygon", "coordinates": [[[6.68915, 53.252855], [6.814345, 53.297592], [6.816649, 53.295182], [6.825162, 53.297622], [6.828072, 53.291092], [6.845806, 53.290126], [6.851158, 53.297038], [6.860254, 53.296326], [6.860723, 53.294987], [6.873222, 53.296494], [6.874567, 53.295611], [6.879513, 53.296645], [6.879609, 53.29785], [6.887006, 53.298351], [6.890767, 53.290534], [6.889239, 53.28982], [6.891271, 53.286921], [6.893112, 53.287792], [6.895596, 53.285918], [6.886414, 53.279919], [6.909103, 53.278977], [6.907939, 53.26857], [6.910202, 53.268445], [6.909337, 53.263559], [6.91215, 53.263485], [6.909256, 53.243518], [6.911376, 53.243167], [6.908591, 53.233954], [6.912716, 53.225125], [6.900884, 53.222599], [6.884602, 53.225911], [6.878894, 53.22229], [6.855941, 53.216834], [6.853584, 53.215193], [6.854548, 53.211664], [6.841135, 53.208564], [6.841968, 53.205665], [6.837865, 53.205137], [6.838019, 53.203977], [6.826353, 53.202499], [6.817469, 53.198466], [6.819996, 53.195868], [6.817947, 53.196687], [6.814212, 53.193639], [6.81998, 53.191188], [6.812957, 53.188225], [6.810144, 53.184705], [6.789873, 53.181003], [6.765091, 53.179215], [6.765226, 53.170058], [6.774444, 53.169948], [6.774519, 53.168457], [6.74529, 53.168418], [6.717807, 53.173393], [6.682616, 53.200507], [6.666681, 53.202114], [6.648786, 53.217262], [6.640711, 53.22885], [6.643775, 53.230782], [6.643581, 53.235045], [6.68915, 53.252855]]]}, "properties": {"code": "0040", "name": "Slochteren", "regioFacet": "tcm:106-353519-1024", "level": 4, "url": "/regioinformatie/gemeente/slochteren/"}}, {"type": "Feature", "geometry": {"type": "Polygon", "coordinates": [[[6.904825, 53.037232], [6.907703, 53.038881], [6.936742, 53.019177], [6.95579, 53.013861], [6.987828, 53.049076], [6.990558, 53.054987], [6.993826, 53.05563], [7.010133, 53.073702], [7.013333, 53.069441], [7.015446, 53.071774], [7.019101, 53.071467], [7.029749, 53.066527], [7.03281, 53.066826], [7.034246, 53.064642], [7.060163, 53.065808], [7.065947, 53.067279], [7.077692, 53.063183], [7.080351, 53.059428], [7.076851, 53.051317], [7.074541, 53.049947], [7.068328, 53.050784], [7.068011, 53.043564], [7.070108, 53.042771], [7.081503, 53.044475], [7.086127, 53.042341], [7.086611, 53.040258], [7.083047, 53.039215], [7.080946, 53.027827], [7.082749, 53.025498], [7.088448, 53.026342], [7.091959, 53.022846], [7.097686, 53.021411], [7.100077, 53.016684], [7.072058, 53.003787], [7.06993, 52.953004], [7.064675, 52.951185], [7.063539, 52.930978], [7.0363, 52.929266], [7.029572, 52.923944], [7.026854, 52.919037], [7.019428, 52.922575], [6.93661, 52.99276], [6.861287, 53.040874], [6.865387, 53.042966], [6.868641, 53.041284], [6.881443, 53.046619], [6.898931, 53.032406], [6.903334, 53.034365], [6.901891, 53.035544], [6.904825, 53.037232]]]}, "properties": {"code": "0037", "name": "Stadskanaal", "regioFacet": "tcm:106-353520-1024", "level": 4, "url": "/regioinformatie/gemeente/stadskanaal/"}}, {"type": "Feature", "geometry": {"type": "Polygon", "coordinates": [[[6.689736, 53.29754], [6.706689, 53.307109], [6.709156, 53.310015], [6.726495, 53.30489], [6.729396, 53.305292], [6.734075, 53.311963], [6.737842, 53.312964], [6.742682, 53.31102], [6.747331, 53.31192], [6.749351, 53.309843], [6.74491, 53.30702], [6.753081, 53.298847], [6.755539, 53.299634], [6.760684, 53.295236], [6.764621, 53.298134], [6.772365, 53.291811], [6.769794, 53.29068], [6.772309, 53.287793], [6.769137, 53.286626], [6.772527, 53.283087], [6.668155, 53.245351], [6.643622, 53.235056], [6.635043, 53.251285], [6.633452, 53.25976], [6.625848, 53.266197], [6.653685, 53.308362], [6.676827, 53.30387], [6.689736, 53.29754]]]}, "properties": {"code": "0009", "name": "Ten Boer", "regioFacet": "tcm:106-353521-1024", "level": 4, "url": "/regioinformatie/gemeente/ten-boer/"}}, {"type": "Feature", "geometry": {"type": "Polygon", "coordinates": [[[6.808488, 53.092108], [6.801674, 53.119172], [6.805988, 53.120326], [6.80324, 53.12409], [6.821163, 53.12884], [6.823101, 53.126219], [6.874124, 53.123547], [6.874293, 53.125368], [6.884269, 53.125616], [6.886254, 53.1286], [6.8971, 53.127578], [6.89699, 53.128507], [6.959339, 53.120176], [6.961914, 53.109258], [6.960598, 53.095801], [6.956891, 53.094711], [6.944467, 53.081492], [6.929075, 53.072655], [6.92444, 53.057777], [6.933004, 53.053806], [6.933344, 53.049613], [6.919905, 53.049312], [6.920776, 53.045281], [6.905498, 53.043838], [6.907703, 53.038881], [6.898931, 53.032406], [6.881443, 53.046619], [6.868641, 53.041284], [6.865387, 53.042966], [6.861287, 53.040874], [6.813945, 53.070972], [6.808488, 53.092108]]]}, "properties": {"code": "0047", "name": "Veendam", "regioFacet": "tcm:106-353522-1024", "level": 4, "url": "/regioinformatie/gemeente/veendam/"}}, {"type": "Feature", "geometry": {"type": "Polygon", "coordinates": [[[7.100013, 53.016444], [7.097686, 53.021411], [7.091959, 53.022846], [7.088448, 53.026342], [7.082749, 53.025498], [7.080946, 53.027827], [7.083047, 53.039215], [7.086611, 53.040258], [7.086127, 53.042341], [7.081503, 53.044475], [7.070108, 53.042771], [7.068011, 53.043564], [7.068275, 53.050718], [7.074541, 53.049947], [7.076836, 53.051292], [7.080095, 53.061442], [7.085883, 53.060315], [7.085811, 53.057509], [7.088838, 53.056464], [7.102327, 53.061181], [7.11158, 53.052248], [7.117482, 53.052349], [7.130374, 53.038969], [7.18641, 53.05438], [7.204243, 53.055574], [7.212968, 53.010877], [7.217445, 53.007037], [7.209562, 53.000507], [7.181515, 52.941584], [7.104385, 52.863943], [7.087258, 52.849887], [7.09274, 52.838196], [7.072148, 52.838405], [7.072193, 52.845211], [7.07626, 52.850031], [7.069557, 52.847748], [7.065917, 52.851642], [7.062747, 52.851448], [7.046433, 52.865856], [7.043486, 52.865219], [7.040242, 52.872903], [7.014799, 52.872987], [7.045571, 52.915909], [7.026854, 52.919037], [7.029181, 52.923494], [7.0363, 52.929266], [7.063539, 52.930978], [7.064675, 52.951185], [7.06993, 52.953004], [7.072058, 53.003787], [7.100013, 53.016444]]]}, "properties": {"code": "0048", "name": "Vlagtwedde", "regioFacet": "tcm:106-353523-1024", "level": 4, "url": "/regioinformatie/gemeente/vlagtwedde/"}}, {"type": "Feature", "geometry": {"type": "Polygon", "coordinates": [[[6.453011, 53.328811], [6.456725, 53.332611], [6.464799, 53.334631], [6.465146, 53.337555], [6.473415, 53.337333], [6.47518, 53.343235], [6.480598, 53.342167], [6.484819, 53.344207], [6.48386, 53.353609], [6.471665, 53.359493], [6.472516, 53.361838], [6.480493, 53.365431], [6.469764, 53.383039], [6.469055, 53.390829], [6.475198, 53.389905], [6.480489, 53.391733], [6.484849, 53.398419], [6.491157, 53.398416], [6.497408, 53.395792], [6.499648, 53.398601], [6.507184, 53.399485], [6.504899, 53.403039], [6.507014, 53.404427], [6.510281, 53.404122], [6.510814, 53.406066], [6.504553, 53.406554], [6.510226, 53.408023], [6.50565, 53.409656], [6.510789, 53.417608], [6.513322, 53.417403], [6.515489, 53.42559], [6.521903, 53.426198], [6.529444, 53.423576], [6.547747, 53.426345], [6.548831, 53.423161], [6.544131, 53.406414], [6.535716, 53.406119], [6.53497, 53.396603], [6.521856, 53.397642], [6.520396, 53.394883], [6.523733, 53.394358], [6.523095, 53.384932], [6.525774, 53.383028], [6.531472, 53.383895], [6.540625, 53.377188], [6.546294, 53.379091], [6.551801, 53.377008], [6.556303, 53.372103], [6.55253, 53.358948], [6.568806, 53.35787], [6.576125, 53.349186], [6.573725, 53.345228], [6.568839, 53.345388], [6.567057, 53.341077], [6.568242, 53.335161], [6.560498, 53.314085], [6.55576, 53.275973], [6.550243, 53.264936], [6.537926, 53.264097], [6.539308, 53.26036], [6.526594, 53.258266], [6.524291, 53.256436], [6.518996, 53.258493], [6.510825, 53.256788], [6.50824, 53.257574], [6.50646, 53.268906], [6.503153, 53.270315], [6.493385, 53.268318], [6.484175, 53.268929], [6.484204, 53.272025], [6.475356, 53.271141], [6.471497, 53.278925], [6.462234, 53.279349], [6.460226, 53.282917], [6.457081, 53.283342], [6.449379, 53.280195], [6.446809, 53.280752], [6.447268, 53.281887], [6.444601, 53.28069], [6.441968, 53.28305], [6.430798, 53.278131], [6.429168, 53.28068], [6.423064, 53.281855], [6.425696, 53.285392], [6.431943, 53.286145], [6.435136, 53.289718], [6.433186, 53.293495], [6.424833, 53.294499], [6.422467, 53.296126], [6.424355, 53.29671], [6.423249, 53.297924], [6.420866, 53.297999], [6.420708, 53.30141], [6.42288, 53.301368], [6.421845, 53.302711], [6.428136, 53.309491], [6.427751, 53.316667], [6.431997, 53.317722], [6.442226, 53.317162], [6.450253, 53.321938], [6.44713, 53.326813], [6.453011, 53.328811]]]}, "properties": {"code": "0053", "name": "Winsum", "regioFacet": "tcm:106-353524-1024", "level": 4, "url": "/regioinformatie/gemeente/winsum/"}}, {"type": "Feature", "geometry": {"type": "Polygon", "coordinates": [[[6.344575, 53.252092], [6.278489, 53.245075], [6.275261, 53.252996], [6.277691, 53.253353], [6.276479, 53.255772], [6.231749, 53.255947], [6.237732, 53.257666], [6.238844, 53.262807], [6.245053, 53.26754], [6.247543, 53.268406], [6.251984, 53.267405], [6.255546, 53.269006], [6.251409, 53.277255], [6.253228, 53.287928], [6.259904, 53.291076], [6.265629, 53.291217], [6.268717, 53.289773], [6.278428, 53.30283], [6.289651, 53.305073], [6.294361, 53.308173], [6.290412, 53.31113], [6.280503, 53.312581], [6.286981, 53.341382], [6.312303, 53.329441], [6.315335, 53.326402], [6.317723, 53.318172], [6.326913, 53.315293], [6.332312, 53.315439], [6.344744, 53.319058], [6.357127, 53.313883], [6.367591, 53.321623], [6.401707, 53.319205], [6.409088, 53.321391], [6.415123, 53.328217], [6.423632, 53.327071], [6.431097, 53.328206], [6.437275, 53.321727], [6.438145, 53.317499], [6.42793, 53.316896], [6.427532, 53.307871], [6.420596, 53.299499], [6.421119, 53.29764], [6.424355, 53.29671], [6.422467, 53.296126], [6.423871, 53.294885], [6.433318, 53.293413], [6.435136, 53.289718], [6.431943, 53.286145], [6.425696, 53.285392], [6.423064, 53.281855], [6.429168, 53.28068], [6.430798, 53.278131], [6.441968, 53.28305], [6.444601, 53.28069], [6.447268, 53.281887], [6.446809, 53.280752], [6.449379, 53.280195], [6.458168, 53.28341], [6.462234, 53.279349], [6.471497, 53.278925], [6.475356, 53.271141], [6.484204, 53.272025], [6.483854, 53.268953], [6.493385, 53.268318], [6.503153, 53.270315], [6.50646, 53.268906], [6.508381, 53.256092], [6.511442, 53.254114], [6.502636, 53.247501], [6.499236, 53.248383], [6.495989, 53.245611], [6.491985, 53.245555], [6.488602, 53.249016], [6.480921, 53.250185], [6.464474, 53.207614], [6.439888, 53.210139], [6.428521, 53.224732], [6.426659, 53.223101], [6.415507, 53.222161], [6.406212, 53.217011], [6.391303, 53.234585], [6.38514, 53.233637], [6.383627, 53.236265], [6.377115, 53.234505], [6.379389, 53.236201], [6.37706, 53.237225], [6.378154, 53.23827], [6.371481, 53.237257], [6.372099, 53.24243], [6.362964, 53.241193], [6.3631, 53.245281], [6.35814, 53.2446], [6.358917, 53.251551], [6.344474, 53.249722], [6.344575, 53.252092]]]}, "properties": {"code": "0056", "name": "Zuidhorn", "regioFacet": "tcm:106-353525-1024", "level": 4, "url": "/regioinformatie/gemeente/zuidhorn/"}}, {"type": "Feature", "geometry": {"type": "Polygon", "coordinates": [[[5.832107, 50.94742], [5.838609, 50.946602], [5.840001, 50.950177], [5.847561, 50.945015], [5.853726, 50.946498], [5.85693, 50.944001], [5.85554, 50.936007], [5.85193, 50.930002], [5.841498, 50.919607], [5.833457, 50.920208], [5.831246, 50.919392], [5.831557, 50.91718], [5.774678, 50.911284], [5.758967, 50.898699], [5.755797, 50.899461], [5.754766, 50.900631], [5.758829, 50.90662], [5.770143, 50.91801], [5.775539, 50.926314], [5.770938, 50.927928], [5.777919, 50.932689], [5.779231, 50.939241], [5.783731, 50.942997], [5.779171, 50.943816], [5.779955, 50.945339], [5.788206, 50.948036], [5.793361, 50.951904], [5.802292, 50.947404], [5.811886, 50.955143], [5.832107, 50.94742]]]}, "properties": {"code": "0888", "name": "Beek", "regioFacet": "tcm:106-353527-1024", "level": 4, "url": "/regioinformatie/gemeente/beek/"}}, {"type": "Feature", "geometry": {"type": "Polygon", "coordinates": [[[6.041621, 51.281861], [6.052878, 51.288602], [6.058425, 51.290247], [6.066819, 51.288881], [6.070891, 51.293677], [6.084717, 51.297454], [6.087432, 51.295042], [6.093596, 51.295527], [6.103152, 51.2887], [6.107008, 51.291469], [6.114462, 51.289175], [6.124559, 51.279915], [6.124502, 51.274729], [6.085617, 51.247626], [6.072664, 51.24256], [6.052149, 51.252481], [6.042952, 51.247002], [6.032521, 51.24699], [6.027466, 51.245555], [6.019866, 51.250601], [6.015998, 51.250911], [6.016082, 51.253977], [6.006548, 51.258007], [6.005517, 51.261757], [6.01041, 51.266101], [6.022217, 51.265957], [6.027454, 51.267446], [6.030536, 51.274027], [6.041621, 51.281861]]]}, "properties": {"code": "0889", "name": "Beesel", "regioFacet": "tcm:106-353528-1024", "level": 4, "url": "/regioinformatie/gemeente/beesel/"}}, {"type": "Feature", "geometry": {"type": "Polygon", "coordinates": [[[6.039577, 51.582108], [6.024943, 51.598064], [6.023853, 51.616125], [6.020207, 51.621712], [5.996352, 51.636719], [5.976607, 51.643783], [6.001518, 51.655254], [6.006843, 51.656027], [6.015375, 51.662242], [6.024672, 51.660072], [6.031758, 51.663048], [6.024278, 51.669816], [6.031945, 51.676165], [6.034684, 51.674871], [6.03154, 51.674583], [6.036642, 51.67276], [6.072384, 51.663839], [6.075724, 51.664826], [6.079663, 51.663462], [6.079545, 51.661593], [6.085345, 51.662914], [6.087888, 51.65985], [6.099654, 51.658116], [6.102838, 51.660505], [6.118087, 51.655973], [6.115771, 51.653227], [6.117248, 51.650731], [6.109412, 51.646867], [6.111683, 51.64473], [6.10804, 51.641932], [6.100012, 51.624079], [6.097229, 51.620884], [6.093934, 51.622154], [6.094355, 51.615196], [6.091424, 51.605849], [6.121485, 51.592745], [6.13056, 51.581088], [6.146986, 51.570591], [6.157032, 51.566575], [6.176902, 51.538556], [6.199929, 51.527381], [6.212024, 51.513391], [6.213361, 51.507818], [6.204045, 51.504313], [6.188363, 51.505081], [6.169193, 51.503082], [6.16167, 51.511883], [6.144703, 51.517502], [6.119726, 51.531811], [6.111065, 51.546704], [6.102774, 51.548282], [6.07927, 51.547115], [6.062132, 51.555875], [6.046274, 51.559442], [6.03759, 51.570188], [6.039577, 51.582108]]]}, "properties": {"code": "0893", "name": "Bergen (L)", "regioFacet": "tcm:106-353529-1024", "level": 4, "url": "/regioinformatie/gemeente/bergen-l/"}}, {"type": "Feature", "geometry": {"type": "Polygon", "coordinates": [[[5.952499, 50.952785], [5.962755, 50.95874], [5.965862, 50.962418], [5.96999, 50.962502], [5.969084, 50.961036], [5.974022, 50.958341], [5.980123, 50.96068], [6.006054, 50.957535], [6.005198, 50.956777], [6.016853, 50.952643], [6.015079, 50.947883], [6.018202, 50.934701], [6.016137, 50.930811], [6.011696, 50.926439], [5.97472, 50.928787], [5.963919, 50.933811], [5.959893, 50.934198], [5.954113, 50.933548], [5.941859, 50.927086], [5.92847, 50.936612], [5.934416, 50.938636], [5.931401, 50.941557], [5.936029, 50.946325], [5.952499, 50.952785]]]}, "properties": {"code": "0899", "name": "Brunssum", "regioFacet": "tcm:106-353530-1024", "level": 4, "url": "/regioinformatie/gemeente/brunssum/"}}, {"type": "Feature", "geometry": {"type": "Polygon", "coordinates": [[[5.814847, 51.095305], [5.822659, 51.092324], [5.825557, 51.092686], [5.830999, 51.095722], [5.8371, 51.102919], [5.84468, 51.105263], [5.849025, 51.109923], [5.85131, 51.109113], [5.872282, 51.135109], [5.881568, 51.134831], [5.882838, 51.133376], [5.896114, 51.135962], [5.903469, 51.132948], [5.908094, 51.134836], [5.911563, 51.131793], [5.913874, 51.133235], [5.916387, 51.130452], [5.914372, 51.128297], [5.919405, 51.120239], [5.926755, 51.113774], [5.9405, 51.114329], [5.940426, 51.112693], [5.948089, 51.112581], [5.95335, 51.114525], [5.954235, 51.113199], [5.965329, 51.118442], [5.972126, 51.114694], [5.976081, 51.117091], [5.978488, 51.115843], [5.984807, 51.120655], [5.997704, 51.118837], [6.000766, 51.114136], [6.013948, 51.117926], [6.012823, 51.116802], [6.021983, 51.113371], [6.023975, 51.106636], [6.028214, 51.107156], [6.030469, 51.101741], [6.036491, 51.096586], [6.020676, 51.092838], [6.017575, 51.094573], [6.014086, 51.091459], [6.009524, 51.090844], [5.996186, 51.083157], [5.988452, 51.074614], [5.980294, 51.072317], [5.98173, 51.069478], [5.969978, 51.060704], [5.97078, 51.058018], [5.968113, 51.055562], [5.970311, 51.054185], [5.968228, 51.051071], [5.969198, 51.046772], [5.9669, 51.044137], [5.95783, 51.040981], [5.959467, 51.038239], [5.957778, 51.034726], [5.949801, 51.036967], [5.938129, 51.035117], [5.934607, 51.04123], [5.926317, 51.048231], [5.918732, 51.063953], [5.913208, 51.066883], [5.892, 51.053128], [5.866737, 51.05157], [5.867285, 51.04628], [5.878028, 51.037583], [5.877, 51.032042], [5.856711, 51.028338], [5.852614, 51.029318], [5.849651, 51.035228], [5.849117, 51.036538], [5.852743, 51.038124], [5.848526, 51.046328], [5.841285, 51.045716], [5.835275, 51.04893], [5.827252, 51.047524], [5.82396, 51.072511], [5.819623, 51.07261], [5.806934, 51.057572], [5.803233, 51.057595], [5.799339, 51.060072], [5.801058, 51.06402], [5.79662, 51.071824], [5.804975, 51.078787], [5.802566, 51.083021], [5.796434, 51.086989], [5.79544, 51.090716], [5.805337, 51.095919], [5.814847, 51.095305]]]}, "properties": {"code": "1711", "name": "Echt-Susteren", "regioFacet": "tcm:106-353531-1024", "level": 4, "url": "/regioinformatie/gemeente/echt-susteren/"}}, {"type": "Feature", "geometry": {"type": "Polygon", "coordinates": [[[5.72805, 50.816949], [5.743482, 50.821319], [5.744873, 50.822921], [5.746706, 50.835872], [5.746311, 50.837325], [5.740639, 50.839157], [5.754855, 50.841841], [5.757326, 50.845357], [5.75734, 50.855291], [5.770753, 50.852395], [5.775792, 50.853394], [5.780533, 50.849436], [5.791266, 50.849879], [5.800667, 50.84835], [5.801638, 50.849875], [5.807836, 50.841465], [5.821239, 50.838761], [5.820637, 50.831857], [5.824459, 50.830164], [5.836247, 50.829964], [5.836115, 50.835967], [5.850681, 50.83184], [5.857389, 50.832082], [5.859461, 50.833684], [5.864136, 50.823344], [5.857649, 50.82034], [5.853176, 50.820751], [5.851178, 50.819175], [5.85287, 50.817792], [5.848733, 50.814915], [5.845121, 50.815398], [5.839239, 50.807588], [5.831718, 50.80877], [5.81941, 50.805242], [5.821742, 50.796213], [5.827516, 50.790091], [5.832597, 50.78864], [5.83291, 50.78658], [5.835886, 50.786681], [5.833958, 50.784402], [5.835256, 50.781738], [5.838456, 50.78165], [5.843883, 50.775185], [5.842547, 50.774077], [5.845038, 50.765371], [5.838139, 50.763344], [5.83076, 50.758559], [5.822433, 50.758796], [5.814417, 50.756163], [5.807621, 50.756054], [5.793222, 50.770199], [5.784503, 50.767169], [5.779683, 50.774343], [5.777367, 50.782955], [5.773575, 50.783245], [5.765811, 50.782546], [5.744896, 50.768822], [5.740519, 50.763013], [5.741572, 50.761162], [5.739179, 50.757074], [5.730388, 50.757416], [5.720266, 50.764715], [5.715633, 50.759878], [5.712293, 50.760961], [5.707046, 50.758287], [5.702553, 50.758913], [5.699027, 50.755275], [5.694789, 50.754777], [5.688475, 50.755714], [5.687759, 50.757697], [5.682707, 50.757521], [5.68315, 50.762684], [5.696992, 50.773314], [5.696887, 50.776244], [5.701508, 50.781642], [5.700865, 50.784943], [5.691261, 50.795562], [5.691726, 50.7981], [5.699396, 50.804729], [5.697107, 50.808564], [5.709491, 50.808278], [5.708528, 50.804911], [5.716944, 50.803805], [5.717312, 50.814501], [5.723198, 50.814729], [5.72805, 50.816949]]]}, "properties": {"code": "1903", "name": "Eijsden-Margraten", "regioFacet": "tcm:106-353532-1024", "level": 4, "url": "/regioinformatie/gemeente/eijsden-margraten/"}}, {"type": "Feature", "geometry": {"type": "Polygon", "coordinates": [[[5.946891, 51.713397], [5.91947, 51.717671], [5.9197, 51.719044], [5.934195, 51.73372], [5.934531, 51.73974], [5.952436, 51.744537], [5.952294, 51.746122], [5.953288, 51.748024], [5.952294, 51.742684], [5.955155, 51.738118], [5.973362, 51.739306], [5.994197, 51.738309], [6.003576, 51.733794], [6.029522, 51.725485], [6.035035, 51.721227], [6.035424, 51.717774], [6.038386, 51.718114], [6.037881, 51.71993], [6.044939, 51.716913], [6.042009, 51.713345], [6.03152, 51.71299], [6.026054, 51.708688], [6.027766, 51.700549], [6.031112, 51.696428], [6.031741, 51.692168], [6.028248, 51.689624], [6.032234, 51.684796], [6.029823, 51.678099], [6.031945, 51.676165], [6.024278, 51.669816], [6.031758, 51.663048], [6.024672, 51.660072], [6.015375, 51.662242], [6.006843, 51.656027], [6.001518, 51.655254], [5.976607, 51.643783], [5.973931, 51.644611], [5.966908, 51.649867], [5.964034, 51.654864], [5.964393, 51.677372], [5.956376, 51.699633], [5.955942, 51.708131], [5.946891, 51.713397]]]}, "properties": {"code": "0907", "name": "Gennep", "regioFacet": "tcm:106-353533-1024", "level": 4, "url": "/regioinformatie/gemeente/gennep/"}}, {"type": "Feature", "geometry": {"type": "Polygon", "coordinates": [[[5.859534, 50.832515], [5.866214, 50.838712], [5.871003, 50.838293], [5.871087, 50.836518], [5.876191, 50.83986], [5.877579, 50.841319], [5.875313, 50.847106], [5.887993, 50.847034], [5.891244, 50.842747], [5.898772, 50.843351], [5.916169, 50.848819], [5.925002, 50.848841], [5.92953, 50.84023], [5.933181, 50.83966], [5.946802, 50.844686], [5.954816, 50.845924], [5.956947, 50.835843], [5.955524, 50.835354], [5.959453, 50.828081], [5.971846, 50.82122], [5.969318, 50.816646], [5.979466, 50.814601], [5.98297, 50.811383], [5.983518, 50.80973], [5.976681, 50.80337], [5.969104, 50.801272], [5.964809, 50.802419], [5.951629, 50.793787], [5.946121, 50.796182], [5.944257, 50.795023], [5.942008, 50.790479], [5.944914, 50.781609], [5.943102, 50.77292], [5.93593, 50.771461], [5.929546, 50.775356], [5.92385, 50.775241], [5.921905, 50.773354], [5.920541, 50.769333], [5.925476, 50.766322], [5.925059, 50.763651], [5.930143, 50.762636], [5.932151, 50.76085], [5.930094, 50.75904], [5.93471, 50.758494], [5.935758, 50.756979], [5.930981, 50.756914], [5.92145, 50.751357], [5.915081, 50.750367], [5.913703, 50.755748], [5.90901, 50.754219], [5.908217, 50.755696], [5.90485, 50.755224], [5.90163, 50.751401], [5.890043, 50.756127], [5.889355, 50.7655], [5.886477, 50.770157], [5.876228, 50.765616], [5.863127, 50.763373], [5.852963, 50.757714], [5.84892, 50.753408], [5.842547, 50.774077], [5.844243, 50.774551], [5.838456, 50.78165], [5.835256, 50.781738], [5.833958, 50.784402], [5.835886, 50.786681], [5.83291, 50.78658], [5.832597, 50.78864], [5.827516, 50.790091], [5.821742, 50.796213], [5.81941, 50.805242], [5.831718, 50.80877], [5.839239, 50.807588], [5.845121, 50.815398], [5.848733, 50.814915], [5.85287, 50.817792], [5.851178, 50.819175], [5.853176, 50.820751], [5.857649, 50.82034], [5.864136, 50.823344], [5.859534, 50.832515]]]}, "properties": {"code": "1729", "name": "Gulpen-Wittem", "regioFacet": "tcm:106-353534-1024", "level": 4, "url": "/regioinformatie/gemeente/gulpen-wittem/"}}, {"type": "Feature", "geometry": {"type": "Polygon", "coordinates": [[[5.913265, 50.927962], [5.92021, 50.931712], [5.918934, 50.933224], [5.92847, 50.936612], [5.941859, 50.927086], [5.954564, 50.933724], [5.960598, 50.934222], [5.97472, 50.928787], [6.012383, 50.926273], [6.006105, 50.918679], [5.993269, 50.910083], [5.990627, 50.906193], [5.994505, 50.903514], [5.996609, 50.892522], [5.998624, 50.892918], [6.008265, 50.885562], [6.010018, 50.877449], [6.015087, 50.873515], [6.01586, 50.87022], [6.020309, 50.868791], [6.010341, 50.863434], [6.006977, 50.860801], [6.008172, 50.859423], [6.000568, 50.857735], [6.012024, 50.846116], [6.017959, 50.843805], [6.015942, 50.838796], [6.01845, 50.837329], [6.016316, 50.833884], [6.018769, 50.829695], [6.02527, 50.827821], [6.022744, 50.826606], [6.025642, 50.819184], [6.023723, 50.818403], [6.017865, 50.821312], [6.015746, 50.823812], [6.01703, 50.825702], [6.011464, 50.830765], [6.003021, 50.832026], [6.005397, 50.834942], [6.003301, 50.838248], [5.988955, 50.843891], [5.977408, 50.850466], [5.965175, 50.866255], [5.925297, 50.903949], [5.921759, 50.905563], [5.923517, 50.90557], [5.916305, 50.909965], [5.904207, 50.913448], [5.907978, 50.915607], [5.904104, 50.917284], [5.899586, 50.916824], [5.895758, 50.918968], [5.897674, 50.922819], [5.900745, 50.922983], [5.901141, 50.925087], [5.905274, 50.927553], [5.913265, 50.927962]]]}, "properties": {"code": "0917", "name": "Heerlen", "regioFacet": "tcm:106-353535-1024", "level": 4, "url": "/regioinformatie/gemeente/heerlen/"}}, {"type": "Feature", "geometry": {"type": "Polygon", "coordinates": [[[6.068394, 51.4879], [6.073756, 51.495173], [6.066259, 51.507948], [6.064602, 51.516066], [6.066774, 51.523694], [6.076764, 51.524777], [6.079929, 51.522952], [6.087169, 51.523566], [6.095629, 51.521596], [6.104739, 51.522388], [6.107573, 51.521403], [6.106612, 51.518302], [6.121991, 51.510176], [6.126863, 51.514388], [6.131998, 51.511473], [6.141094, 51.51952], [6.15978, 51.512874], [6.165658, 51.508935], [6.169424, 51.500698], [6.166729, 51.486759], [6.177609, 51.47383], [6.17898, 51.468173], [6.176377, 51.461834], [6.15746, 51.445562], [6.154469, 51.440806], [6.153969, 51.436391], [6.15838, 51.422727], [6.149116, 51.409103], [6.153042, 51.395925], [6.140779, 51.394862], [6.135271, 51.416109], [6.132704, 51.413717], [6.124556, 51.414801], [6.11668, 51.421318], [6.108764, 51.419325], [6.081628, 51.420583], [6.077696, 51.420171], [6.07689, 51.409499], [6.071828, 51.401205], [6.073302, 51.395763], [6.018766, 51.382257], [5.989833, 51.378221], [5.957897, 51.37805], [5.947327, 51.383134], [5.931288, 51.384753], [5.874966, 51.446558], [5.953004, 51.463541], [5.99412, 51.475213], [6.030211, 51.479849], [6.035209, 51.482348], [6.039943, 51.487916], [6.049474, 51.490404], [6.061324, 51.487121], [6.068394, 51.4879]]]}, "properties": {"code": "1507", "name": "Horst aan de Maas", "regioFacet": "tcm:106-353536-1024", "level": 4, "url": "/regioinformatie/gemeente/horst-aan-de-maas/"}}, {"type": "Feature", "geometry": {"type": "Polygon", "coordinates": [[[6.008807, 50.861977], [6.020309, 50.868791], [6.017287, 50.870545], [6.03114, 50.871587], [6.037055, 50.88632], [6.040415, 50.888241], [6.043037, 50.88712], [6.045534, 50.889895], [6.040421, 50.892066], [6.042537, 50.892836], [6.042897, 50.900409], [6.055878, 50.899932], [6.056789, 50.901987], [6.05873, 50.902448], [6.059351, 50.901212], [6.066461, 50.904264], [6.079813, 50.90577], [6.075367, 50.890565], [6.079336, 50.886735], [6.07968, 50.882185], [6.082537, 50.882507], [6.086681, 50.87945], [6.085074, 50.876368], [6.088102, 50.872427], [6.083396, 50.864837], [6.077298, 50.860756], [6.074171, 50.846538], [6.056699, 50.851053], [6.057149, 50.855512], [6.055078, 50.857258], [6.042102, 50.851217], [6.034281, 50.850575], [6.027839, 50.84763], [6.018946, 50.846256], [6.017959, 50.843805], [6.015742, 50.843811], [6.000568, 50.857735], [6.008172, 50.859423], [6.006977, 50.860801], [6.008807, 50.861977]]]}, "properties": {"code": "0928", "name": "Kerkrade", "regioFacet": "tcm:106-353537-1024", "level": 4, "url": "/regioinformatie/gemeente/kerkrade/"}}, {"type": "Feature", "geometry": {"type": "Polygon", "coordinates": [[[6.012383, 50.926273], [6.018202, 50.934701], [6.039793, 50.930852], [6.045582, 50.92808], [6.050871, 50.929905], [6.05616, 50.927153], [6.054023, 50.922247], [6.068184, 50.920653], [6.071775, 50.923133], [6.077465, 50.922578], [6.089436, 50.918525], [6.094181, 50.920572], [6.081601, 50.909481], [6.079813, 50.90577], [6.066461, 50.904264], [6.059351, 50.901212], [6.05873, 50.902448], [6.056789, 50.901987], [6.055878, 50.899932], [6.042897, 50.900409], [6.042537, 50.892836], [6.040421, 50.892066], [6.045534, 50.889895], [6.043037, 50.88712], [6.040415, 50.888241], [6.037055, 50.88632], [6.03114, 50.871587], [6.022574, 50.87181], [6.01586, 50.87022], [6.015087, 50.873515], [6.010018, 50.877449], [6.008265, 50.885562], [5.998624, 50.892918], [5.996609, 50.892522], [5.994505, 50.903514], [5.990627, 50.906193], [5.993269, 50.910083], [6.006105, 50.918679], [6.012383, 50.926273]]]}, "properties": {"code": "0882", "name": "Landgraaf", "regioFacet": "tcm:106-353538-1024", "level": 4, "url": "/regioinformatie/gemeente/landgraaf/"}}, {"type": "Feature", "geometry": {"type": "Polygon", "coordinates": [[[5.889433, 51.215411], [5.879462, 51.210849], [5.868671, 51.197011], [5.868242, 51.195078], [5.873733, 51.190942], [5.848096, 51.179208], [5.852469, 51.17458], [5.846092, 51.178593], [5.82696, 51.170584], [5.826417, 51.166834], [5.823727, 51.167684], [5.815971, 51.163171], [5.815056, 51.158848], [5.804935, 51.162876], [5.798781, 51.157667], [5.791982, 51.157129], [5.785086, 51.153108], [5.777646, 51.151304], [5.776668, 51.154405], [5.774759, 51.154682], [5.779483, 51.159383], [5.779402, 51.163316], [5.775964, 51.16305], [5.776366, 51.16533], [5.774038, 51.165292], [5.77446, 51.163937], [5.770189, 51.164224], [5.769565, 51.169083], [5.779736, 51.171799], [5.772952, 51.17337], [5.776728, 51.178486], [5.76716, 51.183691], [5.755963, 51.184461], [5.756868, 51.185404], [5.74562, 51.189545], [5.747369, 51.192424], [5.74582, 51.193846], [5.752285, 51.200588], [5.752909, 51.205179], [5.755857, 51.20683], [5.748887, 51.208155], [5.750983, 51.212384], [5.757171, 51.216192], [5.773188, 51.215129], [5.775845, 51.219006], [5.781616, 51.220022], [5.790741, 51.237243], [5.802963, 51.237871], [5.808327, 51.240463], [5.817728, 51.242], [5.83514, 51.241265], [5.839517, 51.244683], [5.845685, 51.245556], [5.849705, 51.245319], [5.852017, 51.243483], [5.853441, 51.244493], [5.854992, 51.253659], [5.849863, 51.256619], [5.84675, 51.255518], [5.833836, 51.274943], [5.839421, 51.277723], [5.837922, 51.27972], [5.850657, 51.291543], [5.860725, 51.310802], [5.877823, 51.316578], [5.910654, 51.307709], [5.907567, 51.313241], [5.954706, 51.30028], [6.008255, 51.277543], [6.011015, 51.271553], [6.009612, 51.265759], [6.005367, 51.261208], [6.00908, 51.249463], [6.003674, 51.235615], [5.996304, 51.23026], [5.984317, 51.226259], [5.968997, 51.211387], [5.951325, 51.201165], [5.945659, 51.20356], [5.925603, 51.203725], [5.914128, 51.208907], [5.907013, 51.20555], [5.905996, 51.206408], [5.909141, 51.208858], [5.907883, 51.211428], [5.894875, 51.216], [5.891897, 51.214076], [5.889433, 51.215411]]]}, "properties": {"code": "1640", "name": "Leudal", "regioFacet": "tcm:106-353539-1024", "level": 4, "url": "/regioinformatie/gemeente/leudal/"}}, {"type": "Feature", "geometry": {"type": "Polygon", "coordinates": [[[5.855756, 51.144638], [5.836354, 51.153685], [5.838611, 51.157087], [5.832881, 51.159037], [5.832694, 51.16243], [5.828097, 51.164344], [5.82696, 51.170584], [5.846092, 51.178593], [5.852469, 51.17458], [5.848096, 51.179208], [5.873733, 51.190942], [5.868242, 51.195078], [5.868553, 51.196822], [5.882208, 51.212657], [5.889433, 51.215411], [5.891897, 51.214076], [5.894875, 51.216], [5.908608, 51.21081], [5.907013, 51.20555], [5.914128, 51.208907], [5.925603, 51.203725], [5.945659, 51.20356], [5.951325, 51.201165], [5.927821, 51.186851], [5.921247, 51.178905], [5.925924, 51.177682], [5.921628, 51.171264], [5.916653, 51.168621], [5.927303, 51.168872], [5.941154, 51.16067], [5.955478, 51.159044], [5.911563, 51.131793], [5.908094, 51.134836], [5.903469, 51.132948], [5.897776, 51.135955], [5.890631, 51.134403], [5.886616, 51.13501], [5.882838, 51.133376], [5.881568, 51.134831], [5.872282, 51.135109], [5.85131, 51.109113], [5.849025, 51.109923], [5.84468, 51.105263], [5.837665, 51.103243], [5.833507, 51.099555], [5.833405, 51.103751], [5.828886, 51.10704], [5.823591, 51.10835], [5.814627, 51.107455], [5.810863, 51.108867], [5.807669, 51.113046], [5.808498, 51.115805], [5.80985, 51.118422], [5.824899, 51.129345], [5.841351, 51.131479], [5.84584, 51.140759], [5.855756, 51.144638]]]}, "properties": {"code": "1641", "name": "Maasgouw", "regioFacet": "tcm:106-353540-1024", "level": 4, "url": "/regioinformatie/gemeente/maasgouw/"}}, {"type": "Feature", "geometry": {"type": "Polygon", "coordinates": [[[5.649457, 50.868336], [5.644159, 50.87135], [5.647888, 50.873708], [5.651323, 50.875092], [5.653336, 50.873979], [5.669631, 50.881822], [5.67935, 50.880489], [5.682516, 50.888524], [5.692342, 50.893708], [5.695744, 50.897745], [5.696535, 50.90861], [5.699465, 50.910762], [5.706427, 50.912003], [5.717287, 50.907655], [5.713096, 50.90634], [5.71264, 50.902672], [5.719841, 50.899229], [5.718037, 50.896927], [5.723467, 50.894562], [5.726542, 50.884148], [5.736243, 50.882046], [5.733366, 50.874746], [5.741889, 50.873117], [5.742567, 50.871399], [5.746006, 50.872268], [5.746974, 50.870701], [5.755445, 50.871491], [5.759091, 50.865972], [5.76266, 50.86651], [5.762925, 50.864138], [5.749287, 50.85715], [5.75734, 50.855291], [5.757326, 50.845357], [5.754855, 50.841841], [5.740639, 50.839157], [5.746311, 50.837325], [5.746706, 50.835872], [5.744873, 50.822921], [5.743482, 50.821319], [5.728732, 50.817925], [5.725595, 50.815416], [5.717312, 50.814501], [5.716944, 50.803805], [5.708528, 50.804911], [5.709491, 50.808278], [5.697107, 50.808564], [5.69276, 50.810233], [5.693818, 50.811527], [5.68436, 50.81342], [5.680602, 50.812032], [5.678283, 50.816468], [5.673173, 50.815996], [5.669454, 50.81785], [5.667648, 50.816544], [5.653991, 50.820082], [5.656178, 50.82429], [5.651855, 50.827508], [5.648896, 50.826703], [5.651382, 50.831992], [5.643732, 50.837936], [5.645346, 50.839395], [5.641854, 50.840793], [5.638866, 50.847674], [5.642708, 50.850081], [5.640326, 50.853725], [5.643514, 50.856784], [5.641685, 50.857555], [5.643791, 50.858878], [5.641802, 50.859248], [5.644005, 50.86292], [5.641665, 50.864162], [5.649457, 50.868336]]]}, "properties": {"code": "0935", "name": "Maastricht", "regioFacet": "tcm:106-353541-1024", "level": 4, "url": "/regioinformatie/gemeente/maastricht/"}}, {"type": "Feature", "geometry": {"type": "Polygon", "coordinates": [[[5.758631, 50.906308], [5.754766, 50.900631], [5.758342, 50.898555], [5.774678, 50.911284], [5.802393, 50.913795], [5.801003, 50.908755], [5.796557, 50.907479], [5.802257, 50.902412], [5.798667, 50.901015], [5.801972, 50.900676], [5.80348, 50.898111], [5.801488, 50.896307], [5.80052, 50.898181], [5.796563, 50.897697], [5.797216, 50.889919], [5.799842, 50.885673], [5.798372, 50.88285], [5.789536, 50.882411], [5.789101, 50.883889], [5.784187, 50.882402], [5.777663, 50.883727], [5.772078, 50.875749], [5.774201, 50.873378], [5.773013, 50.87228], [5.767001, 50.873203], [5.764637, 50.866841], [5.759091, 50.865972], [5.755445, 50.871491], [5.746974, 50.870701], [5.746006, 50.872268], [5.742567, 50.871399], [5.741889, 50.873117], [5.733366, 50.874746], [5.736243, 50.882046], [5.726542, 50.884148], [5.723467, 50.894562], [5.718037, 50.896927], [5.719841, 50.899229], [5.712483, 50.903166], [5.713215, 50.906465], [5.71726, 50.907595], [5.714854, 50.908458], [5.720381, 50.908071], [5.726645, 50.913071], [5.72693, 50.923841], [5.732544, 50.930222], [5.740879, 50.935225], [5.745993, 50.943411], [5.748768, 50.941335], [5.74824, 50.938981], [5.75012, 50.939203], [5.748561, 50.935912], [5.755431, 50.931754], [5.758984, 50.931912], [5.775539, 50.926314], [5.770143, 50.91801], [5.758631, 50.906308]]]}, "properties": {"code": "0938", "name": "Meerssen", "regioFacet": "tcm:106-353542-1024", "level": 4, "url": "/regioinformatie/gemeente/meerssen/"}}, {"type": "Feature", "geometry": {"type": "Polygon", "coordinates": [[[5.877008, 51.751897], [5.864469, 51.757682], [5.869245, 51.76286], [5.867893, 51.775521], [5.886375, 51.77859], [5.893409, 51.777853], [5.905376, 51.765684], [5.911115, 51.762406], [5.915285, 51.752287], [5.933323, 51.748099], [5.929948, 51.744428], [5.932767, 51.741938], [5.938299, 51.741593], [5.934487, 51.739698], [5.934195, 51.73372], [5.921325, 51.721821], [5.91947, 51.717671], [5.899567, 51.72019], [5.887647, 51.725398], [5.880327, 51.74855], [5.877008, 51.751897]]]}, "properties": {"code": "0944", "name": "Mook en Middelaar", "regioFacet": "tcm:106-353543-1024", "level": 4, "url": "/regioinformatie/gemeente/mook-en-middelaar/"}}, {"type": "Feature", "geometry": {"type": "Polygon", "coordinates": [[[5.699799, 51.320375], [5.840194, 51.346877], [5.832076, 51.338047], [5.852108, 51.320729], [5.877823, 51.316578], [5.860725, 51.310802], [5.850657, 51.291543], [5.837922, 51.27972], [5.839421, 51.277723], [5.833836, 51.274943], [5.84675, 51.255518], [5.849863, 51.256619], [5.854992, 51.253659], [5.853441, 51.244493], [5.852017, 51.243483], [5.849705, 51.245319], [5.845685, 51.245556], [5.839517, 51.244683], [5.83514, 51.241265], [5.817728, 51.242], [5.808327, 51.240463], [5.802963, 51.237871], [5.793648, 51.236976], [5.778267, 51.250188], [5.746238, 51.263474], [5.736779, 51.276715], [5.729678, 51.281163], [5.707593, 51.283605], [5.69083, 51.28161], [5.674512, 51.277049], [5.656958, 51.279732], [5.643997, 51.290575], [5.672048, 51.315082], [5.699799, 51.320375]]]}, "properties": {"code": "0946", "name": "Nederweert", "regioFacet": "tcm:106-353544-1024", "level": 4, "url": "/regioinformatie/gemeente/nederweert/"}}, {"type": "Feature", "geometry": {"type": "Polygon", "coordinates": [[[5.841498, 50.919607], [5.847236, 50.925774], [5.849722, 50.924023], [5.856856, 50.926667], [5.866615, 50.924829], [5.870679, 50.927256], [5.869498, 50.92825], [5.890108, 50.934699], [5.892, 50.930206], [5.912432, 50.934991], [5.917351, 50.934498], [5.92021, 50.931712], [5.910661, 50.927079], [5.905274, 50.927553], [5.895418, 50.919644], [5.899586, 50.916824], [5.904104, 50.917284], [5.908001, 50.915595], [5.904207, 50.913448], [5.916305, 50.909965], [5.923605, 50.904691], [5.920543, 50.903064], [5.916366, 50.904131], [5.913393, 50.902725], [5.914707, 50.901722], [5.901533, 50.895776], [5.903666, 50.894238], [5.89039, 50.888413], [5.894007, 50.885602], [5.889605, 50.885636], [5.887345, 50.883788], [5.880824, 50.882482], [5.870818, 50.88345], [5.855766, 50.881911], [5.849151, 50.883731], [5.834687, 50.880648], [5.832717, 50.885774], [5.836648, 50.8916], [5.833112, 50.892209], [5.819207, 50.883843], [5.809866, 50.887847], [5.799842, 50.885673], [5.797216, 50.889919], [5.796563, 50.897697], [5.80052, 50.898181], [5.801488, 50.896307], [5.80348, 50.898111], [5.801972, 50.900676], [5.798667, 50.901015], [5.802257, 50.902412], [5.796557, 50.907479], [5.801003, 50.908755], [5.801715, 50.91413], [5.831557, 50.91718], [5.831246, 50.919392], [5.833457, 50.920208], [5.841498, 50.919607]]]}, "properties": {"code": "0951", "name": "Nuth", "regioFacet": "tcm:106-353545-1024", "level": 4, "url": "/regioinformatie/gemeente/nuth/"}}, {"type": "Feature", "geometry": {"type": "Polygon", "coordinates": [[[5.922725, 50.962914], [5.917522, 50.967629], [5.912798, 50.967989], [5.916256, 50.970372], [5.91446, 50.972348], [5.924222, 50.975695], [5.919656, 50.978193], [5.933886, 50.985353], [5.955185, 50.988417], [5.957392, 50.985005], [5.967811, 50.979381], [5.981357, 50.983217], [5.984222, 50.982115], [6.026512, 50.983272], [6.015207, 50.962364], [6.006054, 50.957535], [5.980123, 50.96068], [5.974022, 50.958341], [5.969084, 50.961036], [5.96999, 50.962502], [5.965862, 50.962418], [5.952673, 50.95247], [5.942292, 50.949014], [5.927495, 50.952407], [5.917602, 50.956836], [5.921751, 50.958578], [5.918713, 50.959998], [5.922725, 50.962914]]]}, "properties": {"code": "0881", "name": "Onderbanken", "regioFacet": "tcm:106-353546-1024", "level": 4, "url": "/regioinformatie/gemeente/onderbanken/"}}, {"type": "Feature", "geometry": {"type": "Polygon", "coordinates": [[[5.895779, 51.36501], [5.931288, 51.384753], [5.947327, 51.383134], [5.957897, 51.37805], [5.989833, 51.378221], [6.018766, 51.382257], [6.073126, 51.395729], [6.07443, 51.393822], [6.077303, 51.394393], [6.081498, 51.392146], [6.083728, 51.392571], [6.090374, 51.38911], [6.090459, 51.385911], [6.077587, 51.378173], [6.087591, 51.370335], [6.091067, 51.371595], [6.099655, 51.357097], [6.1071, 51.356003], [6.118773, 51.345931], [6.119905, 51.346687], [6.122642, 51.34468], [6.123254, 51.34337], [6.11662, 51.339005], [6.1182, 51.329925], [6.116233, 51.323206], [6.103552, 51.309267], [6.089139, 51.29924], [6.070891, 51.293677], [6.066819, 51.288881], [6.058425, 51.290247], [6.046415, 51.285602], [6.030536, 51.274027], [6.028198, 51.268056], [6.025591, 51.266583], [6.009612, 51.265759], [6.011015, 51.271553], [6.008255, 51.277543], [5.954706, 51.30028], [5.907567, 51.313241], [5.910654, 51.307709], [5.883999, 51.315557], [5.852142, 51.320702], [5.832076, 51.338047], [5.840194, 51.346877], [5.874543, 51.353313], [5.895779, 51.36501]]]}, "properties": {"code": "1894", "name": "Peel en Maas", "regioFacet": "tcm:106-353547-1024", "level": 4, "url": "/regioinformatie/gemeente/peel-en-maas/"}}, {"type": "Feature", "geometry": {"type": "Polygon", "coordinates": [[[5.995873, 51.11928], [5.984807, 51.120655], [5.978488, 51.115843], [5.976081, 51.117091], [5.972126, 51.114694], [5.965329, 51.118442], [5.956056, 51.114783], [5.956569, 51.113822], [5.954235, 51.113199], [5.95335, 51.114525], [5.949182, 51.112632], [5.940426, 51.112693], [5.9405, 51.114329], [5.926755, 51.113774], [5.919405, 51.120239], [5.914372, 51.128297], [5.916387, 51.130452], [5.913749, 51.133025], [5.983499, 51.176217], [5.987388, 51.176536], [5.988962, 51.173642], [5.986327, 51.169362], [5.991964, 51.170547], [5.991277, 51.16795], [5.994032, 51.16617], [5.995138, 51.16855], [5.998179, 51.168033], [5.998865, 51.162217], [6.014791, 51.165908], [6.026076, 51.164023], [6.029519, 51.16097], [6.03898, 51.160439], [6.055626, 51.162112], [6.063566, 51.165524], [6.060075, 51.170913], [6.052365, 51.171862], [6.050189, 51.175043], [6.057071, 51.175704], [6.054603, 51.179704], [6.055197, 51.184567], [6.073141, 51.182825], [6.08219, 51.171634], [6.089997, 51.170355], [6.095888, 51.171154], [6.099686, 51.169833], [6.111264, 51.173848], [6.122406, 51.181303], [6.16517, 51.194414], [6.180724, 51.186358], [6.138802, 51.173339], [6.175422, 51.158464], [6.162848, 51.152671], [6.163457, 51.148742], [6.147686, 51.148608], [6.13459, 51.145099], [6.12583, 51.145117], [6.121279, 51.14268], [6.121302, 51.140927], [6.116388, 51.139155], [6.096303, 51.134759], [6.091996, 51.135048], [6.087103, 51.129303], [6.088772, 51.127897], [6.084424, 51.126019], [6.086992, 51.124595], [6.083501, 51.123892], [6.080901, 51.125979], [6.080551, 51.122142], [6.075698, 51.120941], [6.075883, 51.119192], [6.060293, 51.115926], [6.055238, 51.110742], [6.056832, 51.10955], [6.036692, 51.096594], [6.030469, 51.101741], [6.028214, 51.107156], [6.023975, 51.106636], [6.021983, 51.113371], [6.012823, 51.116802], [6.013948, 51.117926], [6.000766, 51.114136], [5.995873, 51.11928]]]}, "properties": {"code": "1669", "name": "Roerdalen", "regioFacet": "tcm:106-353548-1024", "level": 4, "url": "/regioinformatie/gemeente/roerdalen/"}}, {"type": "Feature", "geometry": {"type": "Polygon", "coordinates": [[[5.982655, 51.224991], [5.997817, 51.231071], [6.00533, 51.237792], [6.00908, 51.249463], [6.00588, 51.258683], [6.014537, 51.25523], [6.015998, 51.250911], [6.019866, 51.250601], [6.026638, 51.245737], [6.042952, 51.247002], [6.052149, 51.252481], [6.072664, 51.24256], [6.086025, 51.22267], [6.073259, 51.222436], [6.067988, 51.220551], [6.073141, 51.182825], [6.055197, 51.184567], [6.054603, 51.179704], [6.057071, 51.175704], [6.050189, 51.175043], [6.052365, 51.171862], [6.060075, 51.170913], [6.063566, 51.165524], [6.055626, 51.162112], [6.03898, 51.160439], [6.029519, 51.16097], [6.026076, 51.164023], [6.014791, 51.165908], [5.999017, 51.162183], [5.998179, 51.168033], [5.995138, 51.16855], [5.994032, 51.16617], [5.991277, 51.16795], [5.991964, 51.170547], [5.986107, 51.169551], [5.989011, 51.173361], [5.987388, 51.176536], [5.983499, 51.176217], [5.953828, 51.158753], [5.940475, 51.16092], [5.927613, 51.168792], [5.922816, 51.169661], [5.916653, 51.168621], [5.921628, 51.171264], [5.925924, 51.177682], [5.921247, 51.178905], [5.928606, 51.187556], [5.967236, 51.210133], [5.982655, 51.224991]]]}, "properties": {"code": "0957", "name": "Roermond", "regioFacet": "tcm:106-353549-1024", "level": 4, "url": "/regioinformatie/gemeente/roermond/"}}, {"type": "Feature", "geometry": {"type": "Polygon", "coordinates": [[[5.895349, 50.974932], [5.904828, 50.974565], [5.919656, 50.978193], [5.924222, 50.975695], [5.91446, 50.972348], [5.916256, 50.970372], [5.912798, 50.967989], [5.917522, 50.967629], [5.922725, 50.962914], [5.918713, 50.959998], [5.921751, 50.958578], [5.917602, 50.956836], [5.927495, 50.952407], [5.942292, 50.949014], [5.936029, 50.946325], [5.931401, 50.941557], [5.934416, 50.938636], [5.920138, 50.933348], [5.912432, 50.934991], [5.892, 50.930206], [5.890108, 50.934699], [5.869498, 50.92825], [5.870679, 50.927256], [5.866615, 50.924829], [5.856856, 50.926667], [5.849722, 50.924023], [5.847201, 50.925878], [5.850092, 50.927291], [5.85554, 50.936007], [5.85693, 50.944001], [5.853726, 50.946498], [5.847561, 50.945015], [5.839892, 50.950191], [5.83978, 50.956918], [5.843266, 50.963517], [5.852185, 50.968027], [5.856399, 50.964755], [5.858873, 50.966567], [5.865844, 50.963962], [5.869178, 50.966568], [5.873503, 50.962804], [5.886692, 50.968448], [5.890848, 50.971725], [5.891036, 50.974094], [5.895349, 50.974932]]]}, "properties": {"code": "0962", "name": "Schinnen", "regioFacet": "tcm:106-353550-1024", "level": 4, "url": "/regioinformatie/gemeente/schinnen/"}}, {"type": "Feature", "geometry": {"type": "Polygon", "coordinates": [[[5.956845, 50.835809], [5.955364, 50.846795], [5.953264, 50.848217], [5.954518, 50.852573], [5.966393, 50.855298], [5.965982, 50.857056], [5.969645, 50.860228], [5.978387, 50.849769], [6.004221, 50.837604], [6.005397, 50.834942], [6.003021, 50.832026], [6.012331, 50.83013], [6.01703, 50.825702], [6.015746, 50.823812], [6.017657, 50.821494], [6.02366, 50.818618], [6.022101, 50.81681], [6.025029, 50.814132], [6.0165, 50.80978], [6.009995, 50.803989], [6.003563, 50.801464], [5.985647, 50.810521], [5.983518, 50.80973], [5.979523, 50.814576], [5.969318, 50.816646], [5.971846, 50.82122], [5.959453, 50.828081], [5.955535, 50.835318], [5.956845, 50.835809]]]}, "properties": {"code": "0965", "name": "Simpelveld", "regioFacet": "tcm:106-353551-1024", "level": 4, "url": "/regioinformatie/gemeente/simpelveld/"}}, {"type": "Feature", "geometry": {"type": "Polygon", "coordinates": [[[5.767344, 51.029137], [5.760819, 51.030006], [5.758002, 51.033666], [5.770759, 51.049191], [5.772566, 51.061615], [5.777687, 51.06303], [5.790464, 51.058905], [5.799339, 51.060072], [5.803233, 51.057595], [5.806934, 51.057572], [5.819623, 51.07261], [5.82396, 51.072511], [5.827252, 51.047524], [5.835275, 51.04893], [5.841285, 51.045716], [5.848526, 51.046328], [5.852743, 51.038124], [5.849117, 51.036538], [5.852793, 51.029249], [5.864484, 51.029044], [5.877, 51.032042], [5.8746, 51.029205], [5.878914, 51.017837], [5.884262, 51.013382], [5.89574, 51.011019], [5.895477, 51.004531], [5.905517, 51.002172], [5.903725, 50.987198], [5.89261, 50.980313], [5.897086, 50.974865], [5.891036, 50.974094], [5.890848, 50.971725], [5.886692, 50.968448], [5.873503, 50.962804], [5.869178, 50.966568], [5.865844, 50.963962], [5.858873, 50.966567], [5.856399, 50.964755], [5.852185, 50.968027], [5.843266, 50.963517], [5.83782, 50.946398], [5.811886, 50.955143], [5.802292, 50.947404], [5.793361, 50.951904], [5.788206, 50.948036], [5.783898, 50.968879], [5.786706, 50.973569], [5.782138, 50.985422], [5.789197, 51.001197], [5.774828, 51.004155], [5.787245, 51.019167], [5.773407, 51.018999], [5.776434, 51.022448], [5.775491, 51.025115], [5.767344, 51.029137]]]}, "properties": {"code": "1883", "name": "Sittard-Geleen", "regioFacet": "tcm:106-353552-1024", "level": 4, "url": "/regioinformatie/gemeente/sittard-geleen/"}}, {"type": "Feature", "geometry": {"type": "Polygon", "coordinates": [[[5.766088, 51.006872], [5.767493, 51.013255], [5.773407, 51.018999], [5.787245, 51.019167], [5.774828, 51.004155], [5.789197, 51.001197], [5.782138, 50.985422], [5.786706, 50.973569], [5.783898, 50.968879], [5.788108, 50.948606], [5.779955, 50.945339], [5.779171, 50.943816], [5.783731, 50.942997], [5.779231, 50.939241], [5.777919, 50.932689], [5.770938, 50.927928], [5.757463, 50.932302], [5.755431, 50.931754], [5.748561, 50.935912], [5.75012, 50.939203], [5.74824, 50.938981], [5.745877, 50.946496], [5.758108, 50.95075], [5.759124, 50.953568], [5.756048, 50.957723], [5.750523, 50.960741], [5.744634, 50.961539], [5.73416, 50.955451], [5.7281, 50.954964], [5.722012, 50.957135], [5.71963, 50.960528], [5.728545, 50.969873], [5.734296, 50.972742], [5.737295, 50.978691], [5.749884, 50.982537], [5.756521, 50.991608], [5.764939, 50.99652], [5.767628, 50.999738], [5.766088, 51.006872]]]}, "properties": {"code": "0971", "name": "Stein", "regioFacet": "tcm:106-353553-1024", "level": 4, "url": "/regioinformatie/gemeente/stein/"}}, {"type": "Feature", "geometry": {"type": "Polygon", "coordinates": [[[5.943609, 50.77326], [5.944914, 50.781609], [5.942008, 50.790479], [5.945427, 50.796146], [5.951629, 50.793787], [5.964809, 50.802419], [5.969104, 50.801272], [5.976558, 50.80344], [5.974869, 50.798033], [5.979953, 50.795159], [5.988269, 50.79405], [5.995904, 50.790051], [5.997456, 50.786566], [6.010503, 50.780251], [6.026114, 50.775531], [6.027931, 50.773507], [6.018361, 50.763357], [6.021009, 50.754288], [6.013415, 50.755069], [5.993372, 50.75276], [5.976474, 50.754335], [5.97414, 50.755212], [5.975118, 50.757889], [5.972821, 50.759648], [5.960663, 50.762475], [5.936174, 50.756787], [5.93471, 50.758494], [5.932047, 50.758126], [5.929907, 50.759787], [5.932124, 50.760913], [5.925059, 50.763651], [5.925476, 50.766322], [5.920541, 50.769333], [5.921905, 50.773354], [5.92385, 50.775241], [5.929546, 50.775356], [5.93593, 50.771461], [5.943609, 50.77326]]]}, "properties": {"code": "0981", "name": "Vaals", "regioFacet": "tcm:106-353554-1024", "level": 4, "url": "/regioinformatie/gemeente/vaals/"}}, {"type": "Feature", "geometry": {"type": "Polygon", "coordinates": [[[5.764762, 50.869676], [5.767001, 50.873203], [5.773013, 50.87228], [5.774201, 50.873378], [5.772078, 50.875749], [5.777663, 50.883727], [5.784187, 50.882402], [5.789101, 50.883889], [5.789536, 50.882411], [5.798372, 50.88285], [5.802086, 50.886986], [5.809093, 50.88785], [5.819207, 50.883843], [5.830913, 50.891228], [5.836328, 50.891659], [5.832716, 50.885771], [5.834687, 50.880648], [5.849151, 50.883731], [5.851665, 50.8822], [5.861618, 50.882418], [5.863964, 50.877007], [5.870068, 50.873019], [5.86904, 50.868699], [5.873431, 50.864478], [5.869033, 50.856679], [5.875927, 50.856977], [5.875663, 50.855415], [5.882721, 50.852324], [5.888009, 50.847052], [5.875246, 50.84708], [5.877579, 50.841319], [5.873951, 50.837924], [5.870259, 50.836535], [5.871003, 50.838293], [5.866214, 50.838712], [5.857389, 50.832082], [5.843092, 50.833142], [5.836115, 50.835967], [5.836247, 50.829964], [5.824553, 50.830147], [5.820637, 50.831857], [5.821239, 50.838761], [5.807836, 50.841465], [5.801638, 50.849875], [5.800667, 50.84835], [5.791266, 50.849879], [5.780533, 50.849436], [5.775792, 50.853394], [5.770753, 50.852395], [5.74936, 50.856981], [5.762925, 50.864138], [5.764762, 50.869676]]]}, "properties": {"code": "0994", "name": "Valkenburg aan de Geul", "regioFacet": "tcm:106-353555-1024", "level": 4, "url": "/regioinformatie/gemeente/valkenburg-aan-de-geul/"}}, {"type": "Feature", "geometry": {"type": "Polygon", "coordinates": [[[6.123254, 51.34337], [6.1071, 51.356003], [6.099655, 51.357097], [6.091067, 51.371595], [6.087591, 51.370335], [6.077587, 51.378173], [6.090459, 51.385911], [6.090374, 51.38911], [6.083728, 51.392571], [6.081498, 51.392146], [6.077303, 51.394393], [6.07443, 51.393822], [6.072308, 51.397556], [6.073366, 51.406106], [6.07689, 51.409499], [6.077696, 51.420171], [6.108764, 51.419325], [6.11668, 51.421318], [6.124556, 51.414801], [6.132704, 51.413717], [6.135271, 51.416109], [6.140779, 51.394862], [6.153042, 51.395925], [6.149116, 51.409103], [6.15838, 51.422727], [6.153969, 51.436391], [6.154469, 51.440806], [6.17864, 51.465808], [6.177609, 51.47383], [6.166729, 51.486759], [6.169193, 51.503082], [6.188363, 51.505081], [6.204045, 51.504313], [6.213361, 51.507818], [6.212764, 51.491308], [6.219032, 51.484983], [6.223557, 51.474965], [6.223676, 51.468715], [6.220006, 51.45535], [6.220593, 51.446646], [6.213937, 51.446264], [6.214761, 51.433881], [6.205257, 51.39952], [6.211363, 51.400926], [6.226668, 51.400268], [6.214425, 51.389634], [6.216367, 51.388832], [6.214743, 51.387516], [6.22639, 51.360336], [6.189882, 51.339461], [6.194236, 51.334879], [6.168557, 51.332989], [6.169378, 51.329374], [6.15959, 51.319691], [6.15942, 51.315642], [6.15424, 51.311115], [6.153824, 51.307448], [6.145145, 51.298116], [6.129011, 51.285702], [6.1245, 51.277061], [6.124559, 51.279915], [6.114462, 51.289175], [6.107008, 51.291469], [6.103152, 51.2887], [6.093596, 51.295527], [6.087432, 51.295042], [6.084717, 51.297454], [6.102621, 51.308519], [6.11539, 51.322], [6.11819, 51.329752], [6.116643, 51.339076], [6.123254, 51.34337]]]}, "properties": {"code": "0983", "name": "Venlo", "regioFacet": "tcm:106-353556-1024", "level": 4, "url": "/regioinformatie/gemeente/venlo/"}}, {"type": "Feature", "geometry": {"type": "Polygon", "coordinates": [[[6.031669, 51.552339], [6.032598, 51.556852], [6.037308, 51.558149], [6.042217, 51.556767], [6.044655, 51.559029], [6.046425, 51.557641], [6.056509, 51.557581], [6.062132, 51.555875], [6.079392, 51.547092], [6.102774, 51.548282], [6.109258, 51.547352], [6.113822, 51.544328], [6.119683, 51.531845], [6.141094, 51.51952], [6.131998, 51.511473], [6.126863, 51.514388], [6.121991, 51.510176], [6.106612, 51.518302], [6.107573, 51.521403], [6.104739, 51.522388], [6.095629, 51.521596], [6.087169, 51.523566], [6.079929, 51.522952], [6.076764, 51.524777], [6.066774, 51.523694], [6.064602, 51.516066], [6.066259, 51.507948], [6.073756, 51.495173], [6.068394, 51.4879], [6.061324, 51.487121], [6.049474, 51.490404], [6.039943, 51.487916], [6.035209, 51.482348], [6.030211, 51.479849], [5.99412, 51.475213], [5.953004, 51.463541], [5.874966, 51.446558], [5.871695, 51.450112], [5.860724, 51.491967], [5.852552, 51.504177], [5.838238, 51.566415], [5.891466, 51.560205], [5.906663, 51.552031], [5.935445, 51.5536], [5.976346, 51.561638], [6.004253, 51.570244], [6.018212, 51.563335], [6.031669, 51.552339]]]}, "properties": {"code": "0984", "name": "Venray", "regioFacet": "tcm:106-353557-1024", "level": 4, "url": "/regioinformatie/gemeente/venray/"}}, {"type": "Feature", "geometry": {"type": "Polygon", "coordinates": [[[5.892258, 50.885283], [5.894007, 50.885602], [5.89039, 50.888413], [5.903666, 50.894238], [5.901533, 50.895776], [5.914707, 50.901722], [5.913393, 50.902725], [5.916366, 50.904131], [5.920543, 50.903064], [5.924181, 50.904844], [5.964863, 50.866565], [5.969086, 50.860614], [5.966393, 50.855298], [5.954518, 50.852573], [5.953253, 50.848306], [5.95495, 50.845995], [5.946802, 50.844686], [5.933181, 50.83966], [5.92953, 50.84023], [5.925002, 50.848841], [5.916169, 50.848819], [5.898772, 50.843351], [5.891244, 50.842747], [5.884539, 50.851004], [5.875663, 50.855415], [5.876639, 50.856588], [5.869033, 50.856679], [5.873431, 50.864478], [5.86904, 50.868699], [5.870068, 50.873019], [5.863964, 50.877007], [5.861491, 50.881797], [5.870367, 50.883436], [5.880824, 50.882482], [5.887345, 50.883788], [5.889605, 50.885636], [5.892258, 50.885283]]]}, "properties": {"code": "0986", "name": "Voerendaal", "regioFacet": "tcm:106-353558-1024", "level": 4, "url": "/regioinformatie/gemeente/voerendaal/"}}, {"type": "Feature", "geometry": {"type": "Polygon", "coordinates": [[[5.654083, 51.194242], [5.652734, 51.197661], [5.646468, 51.199944], [5.566045, 51.220909], [5.594321, 51.226074], [5.594414, 51.22418], [5.618782, 51.229425], [5.623474, 51.249026], [5.625972, 51.273602], [5.643997, 51.290575], [5.656958, 51.279732], [5.6678, 51.277376], [5.674512, 51.277049], [5.69083, 51.28161], [5.707593, 51.283605], [5.723565, 51.282658], [5.733001, 51.280086], [5.746238, 51.263474], [5.778272, 51.250185], [5.79177, 51.237537], [5.781965, 51.220346], [5.775589, 51.218855], [5.773188, 51.215129], [5.760652, 51.21647], [5.751904, 51.213725], [5.748887, 51.208155], [5.755857, 51.20683], [5.752909, 51.205179], [5.752285, 51.200588], [5.74582, 51.193846], [5.746547, 51.190558], [5.73974, 51.184748], [5.738234, 51.186516], [5.719676, 51.1847], [5.709339, 51.180421], [5.708004, 51.182055], [5.701288, 51.182478], [5.701611, 51.183793], [5.696436, 51.183937], [5.695295, 51.182559], [5.689411, 51.18542], [5.676541, 51.182726], [5.676229, 51.184646], [5.671037, 51.185768], [5.664306, 51.186285], [5.658044, 51.184745], [5.64974, 51.193618], [5.654083, 51.194242]]]}, "properties": {"code": "0988", "name": "Weert", "regioFacet": "tcm:106-353559-1024", "level": 4, "url": "/regioinformatie/gemeente/weert/"}}, {"type": "Feature", "geometry": {"type": "Polygon", "coordinates": [[[5.073124, 51.767001], [5.078489, 51.768095], [5.078084, 51.769902], [5.081687, 51.769575], [5.081574, 51.775477], [5.08538, 51.775306], [5.086621, 51.77851], [5.081953, 51.780713], [5.087202, 51.785095], [5.094433, 51.787594], [5.10299, 51.786426], [5.117682, 51.778155], [5.137581, 51.772905], [5.139599, 51.769311], [5.135891, 51.76032], [5.142714, 51.75521], [5.138113, 51.750726], [5.126336, 51.745021], [5.125984, 51.739629], [5.128055, 51.737607], [5.100488, 51.730842], [5.067902, 51.715763], [5.054232, 51.711904], [5.024256, 51.711295], [4.988637, 51.716871], [4.989661, 51.719067], [4.9972, 51.723028], [4.996658, 51.729133], [4.998469, 51.729363], [5.00039, 51.737128], [4.998922, 51.740041], [4.990332, 51.741303], [4.992097, 51.745869], [4.990471, 51.746413], [4.990582, 51.751965], [5.02491, 51.751422], [5.022508, 51.756561], [5.02226, 51.77028], [5.034531, 51.770691], [5.043777, 51.767773], [5.073124, 51.767001]]]}, "properties": {"code": "0738", "name": "Aalburg", "regioFacet": "tcm:106-353561-1024", "level": 4, "url": "/regioinformatie/gemeente/aalburg/"}}, {"type": "Feature", "geometry": {"type": "Polygon", "coordinates": [[[4.892557, 51.477784], [4.883077, 51.477308], [4.871782, 51.479827], [4.86195, 51.47761], [4.845746, 51.48093], [4.821143, 51.48307], [4.817419, 51.488992], [4.81757, 51.492925], [4.813805, 51.495354], [4.802422, 51.497517], [4.797977, 51.499805], [4.790866, 51.498159], [4.783061, 51.499564], [4.780944, 51.504046], [4.77869, 51.5045], [4.773758, 51.505114], [4.760023, 51.502373], [4.753472, 51.505796], [4.750948, 51.509107], [4.746995, 51.515479], [4.748909, 51.518961], [4.760185, 51.519308], [4.764808, 51.524214], [4.768633, 51.525129], [4.770273, 51.523712], [4.77006, 51.527357], [4.794253, 51.534897], [4.799902, 51.535381], [4.801326, 51.536083], [4.799329, 51.537055], [4.813811, 51.543515], [4.816373, 51.542482], [4.814617, 51.543944], [4.82107, 51.546647], [4.8226, 51.545862], [4.822087, 51.546832], [4.83077, 51.550352], [4.837397, 51.549513], [4.83978, 51.553186], [4.853991, 51.556032], [4.85625, 51.555102], [4.862985, 51.55727], [4.864261, 51.55202], [4.848468, 51.54302], [4.834606, 51.5386], [4.836795, 51.532771], [4.829261, 51.529689], [4.829577, 51.527936], [4.841952, 51.526713], [4.845061, 51.528482], [4.844739, 51.533328], [4.854564, 51.533927], [4.866232, 51.538067], [4.911063, 51.510081], [4.956644, 51.518677], [4.962573, 51.525864], [4.968861, 51.520678], [4.977596, 51.521652], [4.980869, 51.518631], [4.984555, 51.517882], [4.982496, 51.514088], [4.992421, 51.512294], [4.985776, 51.499755], [4.98674, 51.495329], [4.994643, 51.497651], [4.996757, 51.496775], [4.992466, 51.493946], [5.000364, 51.491862], [4.997186, 51.487767], [4.992942, 51.487623], [4.991638, 51.486182], [4.993391, 51.485479], [4.987993, 51.483045], [4.999176, 51.482016], [4.999165, 51.479357], [5.008338, 51.4733], [5.015272, 51.476329], [5.016672, 51.475231], [5.010836, 51.472307], [5.007975, 51.46679], [5.007773, 51.462312], [5.010463, 51.458244], [4.976456, 51.461141], [4.970077, 51.458741], [4.966135, 51.45956], [4.95886, 51.45842], [4.957198, 51.459897], [4.947162, 51.458569], [4.944663, 51.45679], [4.932122, 51.459213], [4.917048, 51.468041], [4.892557, 51.477784]]]}, "properties": {"code": "1723", "name": "Alphen-Chaam", "regioFacet": "tcm:106-353562-1024", "level": 4, "url": "/regioinformatie/gemeente/alphen-chaam/"}}, {"type": "Feature", "geometry": {"type": "Polygon", "coordinates": [[[5.724931, 51.397255], [5.703802, 51.411142], [5.693983, 51.43924], [5.698266, 51.43803], [5.708285, 51.440056], [5.721331, 51.438229], [5.733997, 51.439071], [5.753056, 51.435077], [5.762099, 51.430807], [5.766245, 51.425276], [5.770942, 51.423632], [5.776005, 51.418835], [5.783602, 51.416605], [5.787882, 51.412647], [5.831877, 51.39959], [5.838271, 51.395257], [5.854103, 51.37643], [5.856581, 51.353764], [5.866019, 51.35462], [5.87036, 51.352535], [5.770449, 51.333805], [5.74546, 51.371106], [5.740216, 51.369793], [5.736349, 51.389364], [5.724931, 51.397255]]]}, "properties": {"code": "0743", "name": "Asten", "regioFacet": "tcm:106-353563-1024", "level": 4, "url": "/regioinformatie/gemeente/asten/"}}, {"type": "Feature", "geometry": {"type": "Polygon", "coordinates": [[[4.922971, 51.440747], [4.925118, 51.441742], [4.923699, 51.437649], [4.921504, 51.43925], [4.922971, 51.440747]]]}, "properties": {"code": "0744", "name": "Baarle-Nassau", "regioFacet": "tcm:106-353564-1024", "level": 4, "url": "/regioinformatie/gemeente/baarle-nassau/"}}, {"type": "Feature", "geometry": {"type": "Polygon", "coordinates": [[[5.346989, 51.347657], [5.342588, 51.352672], [5.346101, 51.357901], [5.352451, 51.361821], [5.370496, 51.369311], [5.378211, 51.369394], [5.38945, 51.37704], [5.394672, 51.378358], [5.39654, 51.38084], [5.408537, 51.379806], [5.413482, 51.383905], [5.418001, 51.382023], [5.421801, 51.38341], [5.425606, 51.379295], [5.423505, 51.375098], [5.418871, 51.371807], [5.420982, 51.3693], [5.419741, 51.358547], [5.425197, 51.345269], [5.421187, 51.338414], [5.424291, 51.33076], [5.433923, 51.324321], [5.425799, 51.31199], [5.419851, 51.318018], [5.416487, 51.319392], [5.413653, 51.318646], [5.412861, 51.320518], [5.400719, 51.313501], [5.397673, 51.314321], [5.394226, 51.308714], [5.394866, 51.296271], [5.392665, 51.29399], [5.397202, 51.29062], [5.387804, 51.285239], [5.417412, 51.262286], [5.34614, 51.275764], [5.342563, 51.265677], [5.336476, 51.263067], [5.315927, 51.263537], [5.296154, 51.261482], [5.26312, 51.266802], [5.237914, 51.261353], [5.225972, 51.26826], [5.243969, 51.309387], [5.259449, 51.311477], [5.263411, 51.319282], [5.292174, 51.318237], [5.316672, 51.323389], [5.322913, 51.328634], [5.321159, 51.32957], [5.32401, 51.332902], [5.326142, 51.331895], [5.347121, 51.337453], [5.341992, 51.344218], [5.346989, 51.347657]]]}, "properties": {"code": "1724", "name": "Bergeijk", "regioFacet": "tcm:106-353565-1024", "level": 4, "url": "/regioinformatie/gemeente/bergeijk/"}}, {"type": "Feature", "geometry": {"type": "Polygon", "coordinates": [[[4.224906, 51.496493], [4.218927, 51.504858], [4.219478, 51.512529], [4.235068, 51.541482], [4.236119, 51.550366], [4.239921, 51.551315], [4.242975, 51.56298], [4.252008, 51.570661], [4.267623, 51.56801], [4.267162, 51.564944], [4.298633, 51.558844], [4.296157, 51.553797], [4.317978, 51.551216], [4.316309, 51.545497], [4.308203, 51.546734], [4.306809, 51.543515], [4.327575, 51.535194], [4.328414, 51.530727], [4.325649, 51.529614], [4.342777, 51.52639], [4.340457, 51.52267], [4.342194, 51.51805], [4.351597, 51.517701], [4.350557, 51.505668], [4.354398, 51.505778], [4.34954, 51.503481], [4.351457, 51.500102], [4.358173, 51.492603], [4.372798, 51.487724], [4.37169, 51.479008], [4.361632, 51.476372], [4.361397, 51.471219], [4.366966, 51.456719], [4.344308, 51.460587], [4.34039, 51.462703], [4.336515, 51.459801], [4.327961, 51.464242], [4.322477, 51.4603], [4.311167, 51.460173], [4.307359, 51.466217], [4.2991, 51.466801], [4.297462, 51.450113], [4.293706, 51.445306], [4.287133, 51.44397], [4.283173, 51.439667], [4.265432, 51.439681], [4.224906, 51.496493]]]}, "properties": {"code": "0748", "name": "Bergen op Zoom", "regioFacet": "tcm:106-353566-1024", "level": 4, "url": "/regioinformatie/gemeente/bergen-op-zoom/"}}, {"type": "Feature", "geometry": {"type": "Polygon", "coordinates": [[[5.482907, 51.701453], [5.492386, 51.706101], [5.499048, 51.707025], [5.499656, 51.709008], [5.497707, 51.711711], [5.484547, 51.713298], [5.478698, 51.723896], [5.480137, 51.724464], [5.474244, 51.728965], [5.507364, 51.737749], [5.533917, 51.740607], [5.56017, 51.73236], [5.57122, 51.73094], [5.58082, 51.731498], [5.588983, 51.724981], [5.600152, 51.708366], [5.599168, 51.707035], [5.595425, 51.707381], [5.600589, 51.696573], [5.596837, 51.690923], [5.586864, 51.683053], [5.573016, 51.67809], [5.56224, 51.663152], [5.561966, 51.660777], [5.564379, 51.661909], [5.56891, 51.659564], [5.571096, 51.655096], [5.567409, 51.653507], [5.5703, 51.651434], [5.565359, 51.64837], [5.542012, 51.640311], [5.542237, 51.634537], [5.533663, 51.635513], [5.524397, 51.630439], [5.504859, 51.636078], [5.505629, 51.633254], [5.497202, 51.626686], [5.467781, 51.64228], [5.42339, 51.653783], [5.428424, 51.656472], [5.432587, 51.664167], [5.445035, 51.664244], [5.458768, 51.692029], [5.460327, 51.689651], [5.46985, 51.689137], [5.469401, 51.691269], [5.471006, 51.691068], [5.478291, 51.701431], [5.482907, 51.701453]]]}, "properties": {"code": "1721", "name": "Bernheze", "regioFacet": "tcm:106-353567-1024", "level": 4, "url": "/regioinformatie/gemeente/bernheze/"}}, {"type": "Feature", "geometry": {"type": "Polygon", "coordinates": [[[5.37202, 51.543566], [5.382792, 51.543489], [5.40536, 51.548353], [5.410936, 51.542269], [5.421497, 51.537667], [5.42263, 51.534221], [5.426421, 51.532745], [5.447508, 51.512069], [5.440705, 51.496059], [5.442571, 51.493927], [5.412805, 51.484856], [5.407146, 51.48407], [5.40242, 51.48602], [5.396372, 51.484707], [5.395438, 51.483197], [5.399061, 51.480681], [5.395038, 51.473357], [5.391187, 51.471756], [5.389907, 51.487561], [5.385344, 51.486804], [5.361296, 51.49288], [5.355887, 51.496107], [5.350751, 51.507553], [5.349386, 51.516998], [5.354341, 51.520502], [5.355459, 51.528903], [5.368596, 51.53149], [5.356911, 51.544717], [5.365171, 51.545003], [5.37202, 51.543566]]]}, "properties": {"code": "0753", "name": "Best", "regioFacet": "tcm:106-353568-1024", "level": 4, "url": "/regioinformatie/gemeente/best/"}}, {"type": "Feature", "geometry": {"type": "Polygon", "coordinates": [[[5.223738, 51.425098], [5.229381, 51.425472], [5.237705, 51.428559], [5.243381, 51.425483], [5.244783, 51.426254], [5.248776, 51.422558], [5.272904, 51.40947], [5.278387, 51.40865], [5.281898, 51.40437], [5.290149, 51.404081], [5.296116, 51.407729], [5.302847, 51.407531], [5.307197, 51.406252], [5.31365, 51.399441], [5.310444, 51.396055], [5.310866, 51.390715], [5.28924, 51.388909], [5.290408, 51.386107], [5.285915, 51.38447], [5.279766, 51.375329], [5.275299, 51.362723], [5.285973, 51.336339], [5.261356, 51.317471], [5.259449, 51.311477], [5.243969, 51.309387], [5.241118, 51.305665], [5.200255, 51.322661], [5.204698, 51.325438], [5.193865, 51.345226], [5.196293, 51.349842], [5.192339, 51.350737], [5.191988, 51.355092], [5.191934, 51.361633], [5.197471, 51.362701], [5.190605, 51.366227], [5.192155, 51.366788], [5.190659, 51.371905], [5.183203, 51.375785], [5.187988, 51.374513], [5.188317, 51.377534], [5.196979, 51.379465], [5.200959, 51.390066], [5.194771, 51.399856], [5.190852, 51.418211], [5.191025, 51.430225], [5.209218, 51.436501], [5.209937, 51.434171], [5.215771, 51.43418], [5.217571, 51.430429], [5.223141, 51.427921], [5.223738, 51.425098]]]}, "properties": {"code": "1728", "name": "Bladel", "regioFacet": "tcm:106-353569-1024", "level": 4, "url": "/regioinformatie/gemeente/bladel/"}}, {"type": "Feature", "geometry": {"type": "Polygon", "coordinates": [[[5.645111, 51.601235], [5.642928, 51.606209], [5.626568, 51.623401], [5.635575, 51.625364], [5.650983, 51.625712], [5.664711, 51.628987], [5.672607, 51.628689], [5.67274, 51.627357], [5.681522, 51.629061], [5.681781, 51.627817], [5.74006, 51.622496], [5.750478, 51.622683], [5.758615, 51.593947], [5.709195, 51.585539], [5.706192, 51.587056], [5.699386, 51.584117], [5.651357, 51.58236], [5.645111, 51.601235]]]}, "properties": {"code": "0755", "name": "Boekel", "regioFacet": "tcm:106-353570-1024", "level": 4, "url": "/regioinformatie/gemeente/boekel/"}}, {"type": "Feature", "geometry": {"type": "Polygon", "coordinates": [[[5.949714, 51.60787], [5.940967, 51.611613], [5.935603, 51.615905], [5.925766, 51.63215], [5.896477, 51.644487], [5.892578, 51.643161], [5.890194, 51.645386], [5.883039, 51.646673], [5.877697, 51.643289], [5.871672, 51.643979], [5.871788, 51.651518], [5.875568, 51.652917], [5.855798, 51.662206], [5.860104, 51.665838], [5.858015, 51.668208], [5.86103, 51.670895], [5.875045, 51.676781], [5.882518, 51.676608], [5.895344, 51.68145], [5.899525, 51.684937], [5.894806, 51.688459], [5.909252, 51.700258], [5.915904, 51.702834], [5.9199, 51.707482], [5.927715, 51.709612], [5.934355, 51.714664], [5.933785, 51.71614], [5.949418, 51.712703], [5.955942, 51.708131], [5.956568, 51.698941], [5.964067, 51.679174], [5.963281, 51.659191], [5.966621, 51.650178], [5.974163, 51.644496], [5.996352, 51.636719], [6.02259, 51.618948], [6.024943, 51.598064], [6.038572, 51.584286], [6.037659, 51.569959], [6.040712, 51.564455], [6.048121, 51.558463], [6.042782, 51.558679], [6.044383, 51.557487], [6.040913, 51.55663], [6.037308, 51.558149], [6.034321, 51.557497], [6.031669, 51.552339], [6.018212, 51.563335], [6.004253, 51.570244], [5.976346, 51.561638], [5.935445, 51.5536], [5.906663, 51.552031], [5.891466, 51.560205], [5.870892, 51.562644], [5.870957, 51.573572], [5.878878, 51.57603], [5.877236, 51.578166], [5.893299, 51.583784], [5.89128, 51.585163], [5.894121, 51.58685], [5.899766, 51.588765], [5.903172, 51.58712], [5.931853, 51.596861], [5.930925, 51.599663], [5.934724, 51.601027], [5.933841, 51.602325], [5.949714, 51.60787]]]}, "properties": {"code": "0756", "name": "Boxmeer", "regioFacet": "tcm:106-353571-1024", "level": 4, "url": "/regioinformatie/gemeente/boxmeer/"}}, {"type": "Feature", "geometry": {"type": "Polygon", "coordinates": [[[5.38502, 51.599979], [5.383972, 51.597071], [5.381443, 51.596204], [5.386157, 51.590614], [5.389591, 51.589671], [5.38526, 51.589587], [5.381443, 51.587602], [5.389667, 51.583484], [5.387826, 51.582454], [5.388949, 51.580827], [5.389868, 51.581705], [5.393682, 51.579945], [5.39157, 51.575911], [5.403866, 51.575868], [5.402499, 51.571714], [5.399344, 51.572195], [5.399476, 51.566098], [5.39781, 51.565894], [5.400084, 51.562403], [5.405201, 51.562028], [5.40281, 51.557778], [5.404233, 51.548292], [5.388162, 51.544277], [5.343932, 51.544471], [5.33735, 51.54632], [5.334054, 51.550658], [5.330425, 51.55128], [5.325444, 51.551352], [5.308396, 51.54598], [5.2689, 51.553727], [5.246178, 51.579478], [5.24764, 51.589742], [5.25538, 51.593424], [5.262978, 51.59996], [5.277358, 51.604765], [5.281716, 51.604863], [5.281475, 51.60344], [5.287775, 51.602398], [5.29344, 51.602797], [5.300503, 51.606332], [5.307846, 51.614588], [5.316488, 51.617367], [5.310955, 51.633672], [5.317732, 51.634634], [5.338405, 51.622127], [5.343995, 51.622983], [5.341893, 51.620241], [5.343177, 51.616868], [5.332131, 51.611136], [5.334979, 51.608698], [5.331995, 51.608487], [5.331938, 51.607282], [5.33586, 51.603134], [5.340834, 51.60435], [5.342835, 51.600224], [5.345867, 51.602738], [5.350985, 51.603966], [5.352929, 51.600691], [5.380947, 51.602913], [5.386212, 51.600869], [5.38502, 51.599979]]]}, "properties": {"code": "0757", "name": "Boxtel", "regioFacet": "tcm:106-353572-1024", "level": 4, "url": "/regioinformatie/gemeente/boxtel/"}}, {"type": "Feature", "geometry": {"type": "Polygon", "coordinates": [[[4.686031, 51.587642], [4.682106, 51.598893], [4.674882, 51.600192], [4.675561, 51.603854], [4.663872, 51.604069], [4.664313, 51.608764], [4.660814, 51.609942], [4.657984, 51.620453], [4.66356, 51.625359], [4.664818, 51.628481], [4.663021, 51.63085], [4.664753, 51.63094], [4.665072, 51.634319], [4.678513, 51.632594], [4.693452, 51.637862], [4.703695, 51.638158], [4.736911, 51.643065], [4.760668, 51.636336], [4.76423, 51.633543], [4.765686, 51.62914], [4.768168, 51.628866], [4.787506, 51.637048], [4.789329, 51.635665], [4.788156, 51.634239], [4.811487, 51.632944], [4.819031, 51.631303], [4.821867, 51.627274], [4.826036, 51.626984], [4.842683, 51.616986], [4.839079, 51.608934], [4.843552, 51.603876], [4.834073, 51.597412], [4.842021, 51.596027], [4.842622, 51.585829], [4.854398, 51.57937], [4.864239, 51.579089], [4.866766, 51.574682], [4.865295, 51.572194], [4.870085, 51.570819], [4.871685, 51.56711], [4.868451, 51.566868], [4.867311, 51.558865], [4.864151, 51.559403], [4.862985, 51.55727], [4.85625, 51.555102], [4.853991, 51.556032], [4.83978, 51.553186], [4.837397, 51.549513], [4.83077, 51.550352], [4.822087, 51.546832], [4.8226, 51.545862], [4.82107, 51.546647], [4.814617, 51.543944], [4.816373, 51.542482], [4.813811, 51.543515], [4.799329, 51.537055], [4.801326, 51.536083], [4.799902, 51.535381], [4.794253, 51.534897], [4.77006, 51.527357], [4.770273, 51.523712], [4.768633, 51.525129], [4.764808, 51.524214], [4.760185, 51.519308], [4.748909, 51.518961], [4.746995, 51.515479], [4.750948, 51.509107], [4.753472, 51.505796], [4.760023, 51.502373], [4.758369, 51.500162], [4.7527, 51.499808], [4.748944, 51.496685], [4.749699, 51.494364], [4.746561, 51.489505], [4.733997, 51.485548], [4.741559, 51.505199], [4.738147, 51.505793], [4.742158, 51.505631], [4.743536, 51.511224], [4.743984, 51.518761], [4.739864, 51.518424], [4.743868, 51.519285], [4.743235, 51.525394], [4.740119, 51.527858], [4.741464, 51.532858], [4.738289, 51.531086], [4.738799, 51.532267], [4.730711, 51.536451], [4.7251, 51.5329], [4.72249, 51.535158], [4.728417, 51.536878], [4.703997, 51.549799], [4.694187, 51.544848], [4.693716, 51.567952], [4.686031, 51.587642]]]}, "properties": {"code": "0758", "name": "Breda", "regioFacet": "tcm:106-353573-1024", "level": 4, "url": "/regioinformatie/gemeente/breda/"}}, {"type": "Feature", "geometry": {"type": "Polygon", "coordinates": [[[5.515781, 51.295199], [5.533277, 51.305589], [5.566077, 51.320543], [5.605317, 51.331805], [5.619188, 51.328918], [5.621147, 51.331189], [5.631295, 51.327541], [5.634931, 51.330218], [5.633128, 51.331314], [5.634457, 51.333398], [5.638592, 51.331859], [5.644603, 51.334554], [5.642894, 51.337295], [5.636637, 51.337834], [5.636724, 51.340838], [5.640387, 51.340095], [5.639926, 51.346737], [5.648774, 51.350167], [5.647528, 51.352076], [5.654707, 51.353877], [5.666769, 51.326725], [5.672091, 51.323592], [5.670226, 51.317659], [5.672111, 51.315094], [5.625972, 51.273602], [5.623474, 51.249026], [5.618782, 51.229425], [5.594414, 51.22418], [5.594321, 51.226074], [5.566045, 51.220909], [5.560451, 51.222327], [5.554866, 51.244497], [5.557927, 51.262399], [5.556434, 51.26639], [5.544589, 51.271188], [5.528685, 51.281757], [5.519006, 51.289475], [5.515781, 51.295199]]]}, "properties": {"code": "1706", "name": "Cranendonck", "regioFacet": "tcm:106-353574-1024", "level": 4, "url": "/regioinformatie/gemeente/cranendonck/"}}, {"type": "Feature", "geometry": {"type": "Polygon", "coordinates": [[[5.842416, 51.758812], [5.85215, 51.759317], [5.864513, 51.757672], [5.878241, 51.751019], [5.885404, 51.728314], [5.892057, 51.722825], [5.907437, 51.718508], [5.928461, 51.717015], [5.934519, 51.714971], [5.927715, 51.709612], [5.9199, 51.707482], [5.915904, 51.702834], [5.909252, 51.700258], [5.894806, 51.688459], [5.899525, 51.684937], [5.895344, 51.68145], [5.882518, 51.676608], [5.875045, 51.676781], [5.859903, 51.669914], [5.846506, 51.676513], [5.822564, 51.699502], [5.815801, 51.701107], [5.805339, 51.700511], [5.799027, 51.703495], [5.802908, 51.70524], [5.78843, 51.708864], [5.793219, 51.710055], [5.79244, 51.720559], [5.79808, 51.721333], [5.79487, 51.729989], [5.797516, 51.730522], [5.799749, 51.734366], [5.793676, 51.736458], [5.796512, 51.74017], [5.786111, 51.74429], [5.791283, 51.749683], [5.790534, 51.753509], [5.80722, 51.756305], [5.842416, 51.758812]]]}, "properties": {"code": "1684", "name": "Cuijk", "regioFacet": "tcm:106-353575-1024", "level": 4, "url": "/regioinformatie/gemeente/cuijk/"}}, {"type": "Feature", "geometry": {"type": "Polygon", "coordinates": [[[5.735015, 51.469187], [5.735941, 51.472243], [5.721718, 51.485131], [5.724827, 51.484114], [5.730429, 51.486218], [5.735609, 51.484304], [5.757635, 51.488068], [5.773961, 51.488665], [5.852574, 51.504144], [5.860724, 51.491967], [5.871817, 51.449899], [5.931288, 51.384753], [5.874543, 51.353313], [5.87036, 51.352535], [5.866019, 51.35462], [5.856581, 51.353764], [5.854103, 51.37643], [5.838271, 51.395257], [5.831877, 51.39959], [5.787882, 51.412647], [5.783602, 51.416605], [5.776005, 51.418835], [5.770942, 51.423632], [5.766245, 51.425276], [5.762415, 51.430575], [5.755699, 51.434268], [5.734551, 51.43901], [5.718245, 51.438734], [5.718179, 51.444534], [5.730002, 51.444356], [5.720159, 51.457453], [5.717215, 51.468238], [5.722973, 51.467291], [5.723957, 51.470086], [5.735015, 51.469187]]]}, "properties": {"code": "0762", "name": "Deurne", "regioFacet": "tcm:106-353576-1024", "level": 4, "url": "/regioinformatie/gemeente/deurne/"}}, {"type": "Feature", "geometry": {"type": "Polygon", "coordinates": [[[4.932816, 51.650698], [4.932429, 51.655697], [4.934399, 51.657335], [4.930943, 51.667102], [4.926776, 51.669087], [4.925074, 51.67498], [4.944244, 51.678916], [4.953732, 51.670769], [4.958348, 51.657587], [4.957897, 51.651532], [4.987267, 51.654609], [5.004215, 51.607093], [4.983514, 51.607364], [4.964713, 51.613134], [4.954462, 51.614686], [4.94829, 51.611248], [4.943945, 51.611471], [4.943591, 51.610029], [4.926438, 51.613234], [4.918081, 51.616295], [4.911346, 51.615693], [4.9099, 51.618327], [4.915554, 51.622433], [4.904279, 51.624333], [4.911823, 51.626365], [4.910035, 51.629514], [4.912862, 51.633683], [4.932816, 51.650698]]]}, "properties": {"code": "0766", "name": "Dongen", "regioFacet": "tcm:106-353577-1024", "level": 4, "url": "/regioinformatie/gemeente/dongen/"}}, {"type": "Feature", "geometry": {"type": "Polygon", "coordinates": [[[4.698553, 51.721992], [4.721843, 51.734272], [4.733651, 51.736507], [4.737451, 51.7413], [4.747364, 51.746622], [4.750727, 51.752289], [4.764199, 51.759857], [4.772109, 51.75933], [4.78023, 51.763967], [4.780654, 51.766419], [4.782449, 51.766568], [4.785404, 51.755933], [4.802502, 51.757586], [4.828089, 51.753784], [4.841881, 51.756687], [4.851941, 51.75588], [4.853048, 51.750169], [4.849411, 51.744827], [4.850231, 51.738573], [4.846932, 51.735896], [4.846938, 51.725524], [4.836905, 51.712612], [4.82361, 51.711288], [4.830877, 51.693373], [4.842368, 51.679654], [4.79591, 51.669324], [4.781071, 51.663902], [4.794305, 51.641741], [4.796633, 51.640908], [4.768168, 51.628866], [4.765686, 51.62914], [4.76423, 51.633543], [4.760668, 51.636336], [4.737298, 51.643014], [4.699012, 51.638115], [4.695325, 51.643588], [4.696864, 51.647134], [4.692562, 51.647552], [4.689171, 51.652418], [4.696784, 51.654593], [4.684903, 51.666366], [4.709879, 51.673272], [4.706625, 51.676753], [4.704606, 51.676322], [4.702031, 51.679894], [4.704534, 51.680507], [4.697314, 51.687718], [4.692818, 51.68168], [4.681301, 51.688032], [4.679191, 51.686436], [4.673228, 51.688987], [4.666889, 51.686447], [4.659526, 51.696756], [4.656511, 51.707298], [4.650865, 51.710112], [4.645137, 51.719067], [4.676304, 51.724924], [4.677286, 51.72011], [4.698553, 51.721992]]]}, "properties": {"code": "1719", "name": "Drimmelen", "regioFacet": "tcm:106-353578-1024", "level": 4, "url": "/regioinformatie/gemeente/drimmelen/"}}, {"type": "Feature", "geometry": {"type": "Polygon", "coordinates": [[[5.3071, 51.390617], [5.310866, 51.390715], [5.310444, 51.396055], [5.31365, 51.399441], [5.30715, 51.406283], [5.296254, 51.407752], [5.290149, 51.404081], [5.281898, 51.40437], [5.278387, 51.40865], [5.272904, 51.40947], [5.248776, 51.422558], [5.244783, 51.426254], [5.243381, 51.425483], [5.237705, 51.428559], [5.239062, 51.43367], [5.252482, 51.437939], [5.248396, 51.445631], [5.279253, 51.450219], [5.285018, 51.454112], [5.294498, 51.455283], [5.297293, 51.453089], [5.303097, 51.459149], [5.315078, 51.461372], [5.320424, 51.460868], [5.32584, 51.463792], [5.334599, 51.462935], [5.332627, 51.465422], [5.334728, 51.465875], [5.333816, 51.468537], [5.356002, 51.462315], [5.358389, 51.467015], [5.369447, 51.465317], [5.367169, 51.459431], [5.363513, 51.460265], [5.356718, 51.453598], [5.361225, 51.446992], [5.355442, 51.433737], [5.346255, 51.428956], [5.345535, 51.430922], [5.342363, 51.431104], [5.34337, 51.427436], [5.339842, 51.425558], [5.319371, 51.423795], [5.319997, 51.419928], [5.31609, 51.419409], [5.316238, 51.416923], [5.323664, 51.406187], [5.354363, 51.408783], [5.370961, 51.397864], [5.373948, 51.38863], [5.388457, 51.375638], [5.378211, 51.369394], [5.370496, 51.369311], [5.34828, 51.359632], [5.342588, 51.352672], [5.346989, 51.347657], [5.341992, 51.344218], [5.347121, 51.337453], [5.326142, 51.331895], [5.32401, 51.332902], [5.321159, 51.32957], [5.322913, 51.328634], [5.316672, 51.323389], [5.292174, 51.318237], [5.263411, 51.319282], [5.285973, 51.336339], [5.275299, 51.362723], [5.279766, 51.375329], [5.285915, 51.38447], [5.290408, 51.386107], [5.28924, 51.388909], [5.3071, 51.390617]]]}, "properties": {"code": "0770", "name": "Eersel", "regioFacet": "tcm:106-353579-1024", "level": 4, "url": "/regioinformatie/gemeente/eersel/"}}, {"type": "Feature", "geometry": {"type": "Polygon", "coordinates": [[[5.426902, 51.430217], [5.420407, 51.432933], [5.414363, 51.430126], [5.410678, 51.435119], [5.408968, 51.434492], [5.40492, 51.437126], [5.400813, 51.432989], [5.393836, 51.434609], [5.388493, 51.438184], [5.379547, 51.435536], [5.371249, 51.438909], [5.36349, 51.435414], [5.357027, 51.438102], [5.360884, 51.443243], [5.36122, 51.44846], [5.356718, 51.453598], [5.363513, 51.460265], [5.367169, 51.459431], [5.369447, 51.465317], [5.379151, 51.463842], [5.387542, 51.468118], [5.387199, 51.469424], [5.396916, 51.475814], [5.399107, 51.480803], [5.395223, 51.483648], [5.401583, 51.485956], [5.407146, 51.48407], [5.41146, 51.484601], [5.440465, 51.493446], [5.463895, 51.496978], [5.470148, 51.495587], [5.47668, 51.497078], [5.513265, 51.496309], [5.515608, 51.493415], [5.50541, 51.483381], [5.509578, 51.479177], [5.507765, 51.478125], [5.509044, 51.469306], [5.521032, 51.461032], [5.532557, 51.457186], [5.531496, 51.454941], [5.540169, 51.447945], [5.538456, 51.443618], [5.540693, 51.440402], [5.544023, 51.439565], [5.546705, 51.433912], [5.548853, 51.434503], [5.54025, 51.431335], [5.531814, 51.432008], [5.530649, 51.42721], [5.525202, 51.42799], [5.525815, 51.404697], [5.507613, 51.404532], [5.505184, 51.403417], [5.504256, 51.400047], [5.497824, 51.404268], [5.473222, 51.405278], [5.436189, 51.404976], [5.433619, 51.402572], [5.427992, 51.40258], [5.425252, 51.404983], [5.430266, 51.407719], [5.427234, 51.414726], [5.426902, 51.430217]]]}, "properties": {"code": "0772", "name": "Eindhoven", "regioFacet": "tcm:106-353580-1024", "level": 4, "url": "/regioinformatie/gemeente/eindhoven/"}}, {"type": "Feature", "geometry": {"type": "Polygon", "coordinates": [[[4.621621, 51.625105], [4.631522, 51.624468], [4.643138, 51.632178], [4.658176, 51.634587], [4.665072, 51.634319], [4.664753, 51.63094], [4.663021, 51.63085], [4.664818, 51.628481], [4.66356, 51.625359], [4.657984, 51.620453], [4.660814, 51.609942], [4.664313, 51.608764], [4.663872, 51.604069], [4.675561, 51.603854], [4.674882, 51.600192], [4.682106, 51.598893], [4.693716, 51.567952], [4.694187, 51.544848], [4.680906, 51.540667], [4.659112, 51.525494], [4.638158, 51.517205], [4.64011, 51.543423], [4.635286, 51.542351], [4.631755, 51.543874], [4.630106, 51.54715], [4.625809, 51.547412], [4.624796, 51.552386], [4.61034, 51.553545], [4.600626, 51.55911], [4.592001, 51.560245], [4.590423, 51.564884], [4.595152, 51.567676], [4.598573, 51.584478], [4.596755, 51.590298], [4.613892, 51.608038], [4.61073, 51.609541], [4.608823, 51.61505], [4.603361, 51.617388], [4.604264, 51.621439], [4.601233, 51.625239], [4.611321, 51.628503], [4.621621, 51.625105]]]}, "properties": {"code": "0777", "name": "Etten-Leur", "regioFacet": "tcm:106-353581-1024", "level": 4, "url": "/regioinformatie/gemeente/etten-leur/"}}, {"type": "Feature", "geometry": {"type": "Polygon", "coordinates": [[[4.85252, 51.683269], [4.843391, 51.686017], [4.842368, 51.679654], [4.830877, 51.693373], [4.82361, 51.711288], [4.840489, 51.713211], [4.873055, 51.719998], [4.900264, 51.718667], [4.917991, 51.719959], [4.933169, 51.67675], [4.925074, 51.67498], [4.925032, 51.673009], [4.913781, 51.675049], [4.912827, 51.67659], [4.898768, 51.674129], [4.880501, 51.674208], [4.880229, 51.671835], [4.875787, 51.674733], [4.862652, 51.677067], [4.85252, 51.683269]]]}, "properties": {"code": "0779", "name": "Geertruidenberg", "regioFacet": "tcm:106-353582-1024", "level": 4, "url": "/regioinformatie/gemeente/geertruidenberg/"}}, {"type": "Feature", "geometry": {"type": "Polygon", "coordinates": [[[5.566165, 51.441484], [5.584708, 51.460509], [5.597034, 51.456497], [5.601005, 51.45217], [5.603413, 51.45399], [5.608818, 51.451698], [5.608057, 51.449717], [5.614513, 51.450044], [5.61452, 51.449013], [5.643407, 51.456134], [5.656468, 51.45656], [5.653308, 51.446385], [5.648266, 51.441507], [5.643624, 51.440193], [5.639016, 51.422456], [5.596453, 51.41786], [5.567711, 51.40824], [5.56586, 51.407299], [5.566737, 51.405592], [5.564167, 51.404784], [5.560779, 51.40616], [5.543751, 51.404665], [5.544814, 51.403136], [5.525815, 51.404697], [5.525202, 51.42799], [5.530649, 51.42721], [5.531814, 51.432008], [5.541115, 51.431512], [5.566165, 51.441484]]]}, "properties": {"code": "1771", "name": "Geldrop-Mierlo", "regioFacet": "tcm:106-353583-1024", "level": 4, "url": "/regioinformatie/gemeente/geldrop-mierlo/"}}, {"type": "Feature", "geometry": {"type": "Polygon", "coordinates": [[[5.682243, 51.527677], [5.666914, 51.540564], [5.660479, 51.551326], [5.652486, 51.569679], [5.656517, 51.574795], [5.651357, 51.58236], [5.699386, 51.584117], [5.706192, 51.587056], [5.709195, 51.585539], [5.73299, 51.590443], [5.786678, 51.598208], [5.800586, 51.578622], [5.820553, 51.568559], [5.838238, 51.566415], [5.852574, 51.504144], [5.799028, 51.494097], [5.788997, 51.490923], [5.757635, 51.488068], [5.735743, 51.484313], [5.729304, 51.486241], [5.723866, 51.484121], [5.718744, 51.488579], [5.712439, 51.490884], [5.711994, 51.495019], [5.705048, 51.497463], [5.708233, 51.502026], [5.684144, 51.5077], [5.686005, 51.512736], [5.68407, 51.513228], [5.684521, 51.517779], [5.681576, 51.518389], [5.678958, 51.522496], [5.67444, 51.524962], [5.681074, 51.526132], [5.677703, 51.527258], [5.678374, 51.528357], [5.682243, 51.527677]]]}, "properties": {"code": "1652", "name": "Gemert-Bakel", "regioFacet": "tcm:106-353584-1024", "level": 4, "url": "/regioinformatie/gemeente/gemert-bakel/"}}, {"type": "Feature", "geometry": {"type": "Polygon", "coordinates": [[[4.880247, 51.585285], [4.913786, 51.59809], [4.911635, 51.600067], [4.918499, 51.601367], [4.917443, 51.608541], [4.911882, 51.615399], [4.918081, 51.616295], [4.940312, 51.610198], [4.947846, 51.61117], [4.967976, 51.602754], [4.967774, 51.597685], [4.97286, 51.597306], [4.973408, 51.591982], [4.970275, 51.577224], [4.966779, 51.573663], [4.96899, 51.571305], [4.964183, 51.565243], [4.951145, 51.560918], [4.951307, 51.557038], [4.953424, 51.550532], [4.968205, 51.549256], [4.979565, 51.544202], [4.956644, 51.518677], [4.911063, 51.510081], [4.866232, 51.538067], [4.854564, 51.533927], [4.844739, 51.533328], [4.845061, 51.528482], [4.841952, 51.526713], [4.829426, 51.528064], [4.829261, 51.529689], [4.836795, 51.532771], [4.834606, 51.5386], [4.848468, 51.54302], [4.864261, 51.55202], [4.86291, 51.558056], [4.864151, 51.559403], [4.867311, 51.558865], [4.868451, 51.566868], [4.871685, 51.56711], [4.870085, 51.570819], [4.865295, 51.572194], [4.866766, 51.574682], [4.864239, 51.579089], [4.869171, 51.578442], [4.86804, 51.581093], [4.880247, 51.585285]]]}, "properties": {"code": "0784", "name": "Gilze en Rijen", "regioFacet": "tcm:106-353585-1024", "level": 4, "url": "/regioinformatie/gemeente/gilze-en-rijen/"}}, {"type": "Feature", "geometry": {"type": "Polygon", "coordinates": [[[5.063043, 51.537631], [5.075936, 51.535495], [5.073323, 51.533229], [5.074335, 51.530238], [5.08649, 51.532716], [5.100059, 51.531455], [5.105061, 51.528176], [5.098141, 51.524952], [5.100947, 51.52052], [5.095024, 51.517252], [5.098442, 51.515361], [5.096035, 51.509912], [5.088187, 51.511298], [5.072998, 51.502875], [5.076915, 51.500797], [5.062512, 51.492734], [5.069293, 51.486836], [5.068368, 51.485335], [5.05158, 51.487132], [5.049741, 51.471108], [5.045768, 51.471115], [5.037888, 51.47935], [5.04021, 51.486533], [5.034947, 51.487258], [5.022257, 51.481766], [5.016522, 51.475439], [5.015272, 51.476329], [5.008338, 51.4733], [4.999165, 51.479357], [4.999176, 51.482016], [4.987993, 51.483045], [4.993391, 51.485479], [4.991638, 51.486182], [4.992942, 51.487623], [4.997186, 51.487767], [5.000364, 51.491862], [4.992466, 51.493946], [4.996757, 51.496775], [4.994643, 51.497651], [4.98674, 51.495329], [4.985776, 51.499755], [4.992421, 51.512294], [4.982496, 51.514088], [4.984555, 51.517882], [4.980869, 51.518631], [4.977596, 51.521652], [4.968861, 51.520678], [4.962573, 51.525864], [4.974136, 51.53984], [4.987629, 51.540023], [5.001568, 51.537488], [5.020596, 51.53896], [5.030522, 51.529502], [5.041496, 51.531006], [5.052275, 51.529764], [5.051703, 51.535091], [5.063043, 51.537631]]]}, "properties": {"code": "0785", "name": "Goirle", "regioFacet": "tcm:106-353586-1024", "level": 4, "url": "/regioinformatie/gemeente/goirle/"}}, {"type": "Feature", "geometry": {"type": "Polygon", "coordinates": [[[5.718394, 51.730974], [5.718812, 51.732926], [5.706096, 51.732123], [5.707911, 51.736582], [5.698116, 51.738507], [5.703493, 51.750473], [5.699911, 51.750469], [5.701924, 51.755529], [5.694241, 51.755488], [5.690858, 51.759131], [5.696036, 51.76134], [5.701048, 51.768747], [5.71123, 51.775034], [5.723352, 51.774634], [5.732025, 51.771894], [5.745239, 51.759144], [5.756513, 51.754552], [5.773872, 51.752123], [5.790534, 51.753509], [5.791283, 51.749683], [5.786111, 51.74429], [5.796512, 51.74017], [5.793676, 51.736458], [5.799749, 51.734366], [5.797516, 51.730522], [5.79487, 51.729989], [5.79808, 51.721333], [5.787471, 51.720127], [5.784876, 51.718303], [5.768543, 51.723423], [5.765433, 51.722122], [5.752315, 51.722612], [5.748172, 51.717979], [5.743474, 51.721307], [5.73298, 51.723139], [5.729112, 51.719925], [5.709418, 51.728572], [5.718394, 51.730974]]]}, "properties": {"code": "0786", "name": "Grave", "regioFacet": "tcm:106-353587-1024", "level": 4, "url": "/regioinformatie/gemeente/grave/"}}, {"type": "Feature", "geometry": {"type": "Polygon", "coordinates": [[[5.160066, 51.639536], [5.154452, 51.654919], [5.157673, 51.663275], [5.161767, 51.663448], [5.166798, 51.669047], [5.204777, 51.669822], [5.215881, 51.662035], [5.221251, 51.662312], [5.229166, 51.65674], [5.229739, 51.650497], [5.237886, 51.651054], [5.244782, 51.647657], [5.24751, 51.643889], [5.244096, 51.642277], [5.250501, 51.63922], [5.246496, 51.632764], [5.26119, 51.62788], [5.277677, 51.619197], [5.280759, 51.622727], [5.294667, 51.621335], [5.297029, 51.624983], [5.304333, 51.624924], [5.308275, 51.633035], [5.310955, 51.633672], [5.316488, 51.617367], [5.307846, 51.614588], [5.300503, 51.606332], [5.29344, 51.602797], [5.287775, 51.602398], [5.281475, 51.60344], [5.281716, 51.604863], [5.277358, 51.604765], [5.263174, 51.600055], [5.25538, 51.593424], [5.248679, 51.5906], [5.247241, 51.58704], [5.214187, 51.585557], [5.209022, 51.591029], [5.204569, 51.589049], [5.195274, 51.595056], [5.19264, 51.593681], [5.191169, 51.598422], [5.186884, 51.601751], [5.179539, 51.597664], [5.169459, 51.603592], [5.174885, 51.610493], [5.165264, 51.612488], [5.169208, 51.618695], [5.165699, 51.622084], [5.163386, 51.622207], [5.163998, 51.623918], [5.149213, 51.638648], [5.144853, 51.640718], [5.160066, 51.639536]]]}, "properties": {"code": "0788", "name": "Haaren", "regioFacet": "tcm:106-353588-1024", "level": 4, "url": "/regioinformatie/gemeente/haaren/"}}, {"type": "Feature", "geometry": {"type": "Polygon", "coordinates": [[[4.527074, 51.566584], [4.509451, 51.568562], [4.508713, 51.565549], [4.504956, 51.566026], [4.504154, 51.562985], [4.501635, 51.563271], [4.500204, 51.558536], [4.486566, 51.560603], [4.473591, 51.560745], [4.469915, 51.563044], [4.465796, 51.561043], [4.457536, 51.561459], [4.456526, 51.563134], [4.452984, 51.563637], [4.453205, 51.566594], [4.448655, 51.565712], [4.443999, 51.569095], [4.432385, 51.583645], [4.426675, 51.61174], [4.431547, 51.610845], [4.433765, 51.615939], [4.435678, 51.615151], [4.437828, 51.617119], [4.443537, 51.615089], [4.461612, 51.614392], [4.48461, 51.620073], [4.491938, 51.617901], [4.502557, 51.608568], [4.51486, 51.606791], [4.519132, 51.607834], [4.530867, 51.615948], [4.548571, 51.619622], [4.557253, 51.627303], [4.563651, 51.629646], [4.576057, 51.629977], [4.594471, 51.624128], [4.601233, 51.625239], [4.604264, 51.621439], [4.603361, 51.617388], [4.608823, 51.61505], [4.61073, 51.609541], [4.613892, 51.608038], [4.596755, 51.590298], [4.598558, 51.584378], [4.595148, 51.567666], [4.590646, 51.565979], [4.592222, 51.561289], [4.584977, 51.559644], [4.581751, 51.560267], [4.582007, 51.55905], [4.548427, 51.552319], [4.545371, 51.553909], [4.545011, 51.551604], [4.530359, 51.549256], [4.528069, 51.551999], [4.52869, 51.555487], [4.536616, 51.565776], [4.527074, 51.566584]]]}, "properties": {"code": "1655", "name": "Halderberge", "regioFacet": "tcm:106-353589-1024", "level": 4, "url": "/regioinformatie/gemeente/halderberge/"}}, {"type": "Feature", "geometry": {"type": "Polygon", "coordinates": [[[5.527181, 51.366941], [5.512234, 51.383391], [5.504874, 51.400155], [5.505686, 51.403907], [5.52926, 51.404766], [5.544814, 51.403136], [5.543751, 51.404665], [5.560779, 51.40616], [5.564167, 51.404784], [5.566737, 51.405592], [5.56586, 51.407299], [5.567711, 51.40824], [5.596453, 51.41786], [5.639016, 51.422456], [5.63892, 51.389173], [5.654707, 51.353877], [5.647528, 51.352076], [5.648774, 51.350167], [5.639926, 51.346737], [5.640192, 51.339574], [5.636724, 51.340838], [5.636637, 51.337834], [5.644232, 51.336525], [5.644113, 51.333484], [5.641311, 51.334104], [5.638592, 51.331859], [5.634457, 51.333398], [5.633128, 51.331314], [5.634931, 51.330218], [5.631295, 51.327541], [5.621147, 51.331189], [5.619188, 51.328918], [5.605317, 51.331805], [5.566077, 51.320543], [5.533277, 51.305589], [5.515774, 51.295203], [5.484859, 51.3], [5.491337, 51.314449], [5.489056, 51.318369], [5.480238, 51.324055], [5.473603, 51.333983], [5.481868, 51.34084], [5.49603, 51.346508], [5.496669, 51.35265], [5.4938, 51.355392], [5.527181, 51.366941]]]}, "properties": {"code": "1658", "name": "Heeze-Leende", "regioFacet": "tcm:106-353590-1024", "level": 4, "url": "/regioinformatie/gemeente/heeze-leende/"}}, {"type": "Feature", "geometry": {"type": "Polygon", "coordinates": [[[5.603534, 51.47259], [5.585912, 51.47917], [5.570156, 51.496936], [5.57673, 51.499453], [5.579933, 51.49876], [5.609654, 51.509217], [5.611763, 51.507775], [5.610562, 51.504726], [5.615081, 51.50029], [5.618731, 51.498639], [5.625947, 51.498319], [5.627409, 51.49598], [5.634822, 51.494883], [5.644744, 51.501578], [5.653077, 51.504062], [5.656129, 51.507249], [5.663585, 51.502256], [5.675105, 51.498947], [5.669952, 51.504138], [5.672668, 51.505442], [5.682961, 51.50448], [5.684144, 51.5077], [5.708233, 51.502026], [5.705048, 51.497463], [5.712424, 51.494712], [5.712439, 51.490884], [5.720431, 51.487391], [5.722942, 51.482888], [5.735941, 51.472243], [5.735015, 51.469187], [5.723957, 51.470086], [5.722973, 51.467291], [5.717215, 51.468238], [5.720159, 51.457453], [5.730002, 51.444356], [5.718179, 51.444534], [5.718245, 51.438734], [5.708709, 51.440067], [5.696231, 51.438303], [5.693045, 51.4392], [5.671931, 51.45781], [5.64418, 51.456247], [5.618422, 51.449483], [5.608057, 51.449717], [5.608818, 51.451698], [5.603413, 51.45399], [5.601005, 51.45217], [5.597034, 51.456497], [5.584708, 51.460509], [5.587808, 51.463471], [5.582974, 51.465549], [5.605232, 51.470957], [5.603534, 51.47259]]]}, "properties": {"code": "0794", "name": "Helmond", "regioFacet": "tcm:106-353591-1024", "level": 4, "url": "/regioinformatie/gemeente/helmond/"}}, {"type": "Feature", "geometry": {"type": "Polygon", "coordinates": [[[5.109616, 51.70778], [5.097541, 51.717578], [5.08176, 51.722344], [5.100488, 51.730842], [5.128055, 51.737607], [5.164229, 51.742781], [5.178691, 51.742814], [5.195524, 51.740273], [5.206494, 51.741477], [5.210375, 51.737711], [5.210015, 51.733946], [5.219346, 51.728151], [5.221744, 51.729386], [5.231032, 51.724086], [5.228536, 51.714768], [5.229977, 51.71057], [5.241204, 51.713989], [5.235756, 51.704653], [5.24112, 51.701026], [5.247013, 51.702735], [5.25161, 51.699446], [5.247667, 51.694549], [5.226508, 51.69064], [5.223228, 51.673782], [5.207948, 51.673956], [5.202264, 51.670611], [5.204777, 51.669822], [5.166798, 51.669047], [5.161767, 51.663448], [5.157673, 51.663275], [5.154452, 51.654919], [5.160066, 51.639536], [5.138011, 51.640312], [5.1284, 51.637598], [5.115797, 51.6376], [5.11118, 51.63536], [5.11019, 51.636424], [5.106137, 51.635956], [5.101599, 51.66174], [5.101581, 51.672442], [5.104107, 51.674986], [5.101509, 51.676835], [5.106493, 51.677328], [5.103053, 51.702484], [5.111506, 51.703576], [5.109616, 51.70778]]]}, "properties": {"code": "0797", "name": "Heusden", "regioFacet": "tcm:106-353593-1024", "level": 4, "url": "/regioinformatie/gemeente/heusden/"}}, {"type": "Feature", "geometry": {"type": "Polygon", "coordinates": [[[5.223602, 51.516675], [5.226534, 51.507474], [5.232363, 51.50892], [5.235943, 51.51391], [5.25125, 51.509631], [5.250969, 51.506209], [5.247892, 51.506336], [5.247111, 51.498879], [5.228444, 51.4987], [5.230378, 51.490461], [5.225406, 51.488822], [5.220435, 51.47288], [5.209815, 51.465773], [5.19102, 51.430216], [5.184981, 51.428764], [5.178154, 51.430261], [5.173458, 51.42824], [5.158553, 51.432174], [5.157948, 51.428831], [5.153151, 51.428295], [5.102021, 51.428923], [5.104573, 51.431349], [5.079324, 51.471321], [5.048792, 51.471914], [5.05158, 51.487132], [5.068368, 51.485335], [5.069293, 51.486836], [5.062512, 51.492734], [5.076915, 51.500797], [5.072998, 51.502875], [5.088187, 51.511298], [5.096035, 51.509912], [5.098442, 51.515361], [5.095024, 51.517252], [5.100947, 51.52052], [5.098141, 51.524952], [5.105061, 51.528176], [5.100059, 51.531455], [5.105653, 51.533337], [5.109821, 51.539383], [5.112521, 51.540023], [5.118018, 51.545747], [5.127739, 51.531771], [5.144966, 51.521494], [5.148888, 51.523658], [5.159152, 51.516643], [5.160874, 51.517332], [5.164229, 51.514659], [5.165553, 51.515215], [5.170993, 51.510569], [5.17648, 51.511311], [5.178748, 51.508601], [5.190138, 51.507409], [5.195401, 51.509733], [5.214732, 51.511726], [5.223602, 51.516675]]]}, "properties": {"code": "0798", "name": "Hilvarenbeek", "regioFacet": "tcm:106-353594-1024", "level": 4, "url": "/regioinformatie/gemeente/hilvarenbeek/"}}, {"type": "Feature", "geometry": {"type": "Polygon", "coordinates": [[[5.614225, 51.554605], [5.618192, 51.555842], [5.621713, 51.553238], [5.627214, 51.555277], [5.640124, 51.564344], [5.652682, 51.56951], [5.666914, 51.540564], [5.682243, 51.527677], [5.678374, 51.528357], [5.677703, 51.527258], [5.681074, 51.526132], [5.67444, 51.524962], [5.678958, 51.522496], [5.681576, 51.518389], [5.684521, 51.517779], [5.68407, 51.513228], [5.686005, 51.512736], [5.682961, 51.50448], [5.672668, 51.505442], [5.669952, 51.504138], [5.675105, 51.498947], [5.663585, 51.502256], [5.656404, 51.507309], [5.653077, 51.504062], [5.644744, 51.501578], [5.636112, 51.495382], [5.630939, 51.495111], [5.627101, 51.496137], [5.626066, 51.498285], [5.618731, 51.498639], [5.614928, 51.500381], [5.610562, 51.504726], [5.611763, 51.507775], [5.609654, 51.509217], [5.579933, 51.49876], [5.566552, 51.501672], [5.557652, 51.50937], [5.547914, 51.538076], [5.543016, 51.540014], [5.545207, 51.541687], [5.533083, 51.557804], [5.553454, 51.558305], [5.58434, 51.562731], [5.608276, 51.559579], [5.614225, 51.554605]]]}, "properties": {"code": "1659", "name": "Laarbeek", "regioFacet": "tcm:106-353595-1024", "level": 4, "url": "/regioinformatie/gemeente/laarbeek/"}}, {"type": "Feature", "geometry": {"type": "Polygon", "coordinates": [[[5.623963, 51.703527], [5.597041, 51.701987], [5.595437, 51.707526], [5.599168, 51.707035], [5.600152, 51.708366], [5.588983, 51.724981], [5.580881, 51.731448], [5.582281, 51.733049], [5.579918, 51.732939], [5.577477, 51.735761], [5.576271, 51.744877], [5.596606, 51.747413], [5.597324, 51.750598], [5.615049, 51.75616], [5.616459, 51.755011], [5.634551, 51.757956], [5.633774, 51.760833], [5.64864, 51.76433], [5.66728, 51.752222], [5.669965, 51.762604], [5.674861, 51.768046], [5.68014, 51.761353], [5.690858, 51.759131], [5.694241, 51.755488], [5.701924, 51.755529], [5.699911, 51.750469], [5.703493, 51.750473], [5.698116, 51.738507], [5.707911, 51.736582], [5.706096, 51.732123], [5.718812, 51.732926], [5.718394, 51.730974], [5.709418, 51.728572], [5.713221, 51.726472], [5.709879, 51.725989], [5.705159, 51.722159], [5.69996, 51.711452], [5.734359, 51.677622], [5.742546, 51.650062], [5.734032, 51.65204], [5.732842, 51.658009], [5.730166, 51.65769], [5.730375, 51.659321], [5.736692, 51.661419], [5.731348, 51.673935], [5.678669, 51.664943], [5.672991, 51.666249], [5.62258, 51.699094], [5.623963, 51.703527]]]}, "properties": {"code": "1685", "name": "Landerd", "regioFacet": "tcm:106-353596-1024", "level": 4, "url": "/regioinformatie/gemeente/landerd/"}}, {"type": "Feature", "geometry": {"type": "Polygon", "coordinates": [[[4.989299, 51.648947], [4.987275, 51.654776], [4.992246, 51.676251], [5.05004, 51.661607], [5.058404, 51.661727], [5.05797, 51.668316], [5.061013, 51.66829], [5.060621, 51.671113], [5.080265, 51.671389], [5.088909, 51.674741], [5.094998, 51.674585], [5.101509, 51.676835], [5.104107, 51.674986], [5.101581, 51.672442], [5.101599, 51.66174], [5.106137, 51.635956], [5.101545, 51.63417], [5.098119, 51.628244], [5.099849, 51.627852], [5.102959, 51.616911], [5.099203, 51.617805], [5.093745, 51.611249], [5.079439, 51.610784], [5.080182, 51.609542], [5.075469, 51.60895], [5.07554, 51.605768], [5.074025, 51.605681], [5.074059, 51.609483], [5.071007, 51.608227], [5.070591, 51.610291], [5.061771, 51.609346], [5.057174, 51.610929], [5.045011, 51.611097], [5.042927, 51.606039], [5.004265, 51.607896], [4.989299, 51.648947]]]}, "properties": {"code": "0809", "name": "Loon op Zand", "regioFacet": "tcm:106-353597-1024", "level": 4, "url": "/regioinformatie/gemeente/loon-op-zand/"}}, {"type": "Feature", "geometry": {"type": "Polygon", "coordinates": [[[5.438672, 51.764984], [5.446467, 51.76348], [5.45174, 51.76455], [5.459712, 51.770961], [5.462232, 51.770919], [5.467421, 51.761657], [5.47328, 51.762583], [5.474727, 51.757996], [5.487072, 51.752793], [5.485947, 51.751995], [5.491612, 51.748396], [5.498872, 51.745307], [5.496286, 51.742712], [5.492653, 51.742111], [5.491815, 51.737516], [5.499001, 51.735479], [5.474244, 51.728965], [5.480137, 51.724464], [5.478698, 51.723896], [5.484547, 51.713298], [5.497707, 51.711711], [5.499048, 51.707025], [5.492386, 51.706101], [5.483075, 51.701464], [5.478291, 51.701431], [5.471006, 51.691068], [5.469401, 51.691269], [5.46985, 51.689137], [5.460327, 51.689651], [5.458768, 51.692029], [5.456873, 51.687591], [5.452719, 51.688475], [5.451679, 51.686751], [5.445167, 51.688581], [5.447547, 51.69496], [5.441353, 51.694656], [5.44335, 51.697618], [5.439495, 51.698658], [5.43933, 51.700434], [5.430586, 51.701119], [5.423699, 51.704409], [5.420265, 51.704052], [5.417679, 51.707755], [5.424831, 51.711637], [5.421102, 51.715791], [5.415071, 51.714742], [5.410145, 51.720794], [5.408629, 51.726767], [5.41091, 51.727467], [5.405625, 51.738263], [5.424624, 51.74174], [5.416427, 51.751244], [5.411651, 51.762153], [5.438672, 51.764984]]]}, "properties": {"code": "1671", "name": "Maasdonk", "regioFacet": "tcm:106-353598-1024", "level": 4, "url": null}}, {"type": "Feature", "geometry": {"type": "Polygon", "coordinates": [[[5.723016, 51.688771], [5.69996, 51.711452], [5.70492, 51.721879], [5.710037, 51.726056], [5.716424, 51.725981], [5.715667, 51.725169], [5.729112, 51.719925], [5.73298, 51.723139], [5.743474, 51.721307], [5.748172, 51.717979], [5.752315, 51.722612], [5.765433, 51.722122], [5.768629, 51.723419], [5.784876, 51.718303], [5.787471, 51.720127], [5.79244, 51.720559], [5.793219, 51.710055], [5.78843, 51.708864], [5.802908, 51.70524], [5.799027, 51.703495], [5.805339, 51.700511], [5.815801, 51.701107], [5.822564, 51.699502], [5.842805, 51.67997], [5.829972, 51.673972], [5.823117, 51.667042], [5.82162, 51.667976], [5.814374, 51.665047], [5.810279, 51.665396], [5.806955, 51.661166], [5.798657, 51.660898], [5.79035, 51.649938], [5.747676, 51.632668], [5.734359, 51.677622], [5.723016, 51.688771]]]}, "properties": {"code": "0815", "name": "Mill en Sint Hubert", "regioFacet": "tcm:106-353599-1024", "level": 4, "url": "/regioinformatie/gemeente/mill-en-st-hubert/"}}, {"type": "Feature", "geometry": {"type": "Polygon", "coordinates": [[[4.379431, 51.683592], [4.393621, 51.693296], [4.42355, 51.709475], [4.500431, 51.692904], [4.514917, 51.692474], [4.54247, 51.694824], [4.5893, 51.703323], [4.617063, 51.713451], [4.645137, 51.719067], [4.650865, 51.710112], [4.656511, 51.707298], [4.659526, 51.696756], [4.666889, 51.686447], [4.673228, 51.688987], [4.679191, 51.686436], [4.681301, 51.688032], [4.692818, 51.68168], [4.697314, 51.687718], [4.704534, 51.680507], [4.702031, 51.679894], [4.704606, 51.676322], [4.706625, 51.676753], [4.709879, 51.673272], [4.684903, 51.666366], [4.696784, 51.654593], [4.689171, 51.652418], [4.692562, 51.647552], [4.696864, 51.647134], [4.695325, 51.643588], [4.698969, 51.637976], [4.690959, 51.637358], [4.677617, 51.632498], [4.661217, 51.634755], [4.644985, 51.632611], [4.638024, 51.629714], [4.634833, 51.625683], [4.628323, 51.623968], [4.612734, 51.628463], [4.595304, 51.624071], [4.576057, 51.629977], [4.563828, 51.629678], [4.557253, 51.627303], [4.548209, 51.619454], [4.531883, 51.616309], [4.518993, 51.607765], [4.510353, 51.606753], [4.501506, 51.609053], [4.491938, 51.617901], [4.486266, 51.619928], [4.480439, 51.619719], [4.471442, 51.615966], [4.461612, 51.614392], [4.442763, 51.615262], [4.429913, 51.622293], [4.423859, 51.630265], [4.413492, 51.631164], [4.40833, 51.633145], [4.399905, 51.638805], [4.39615, 51.643711], [4.387815, 51.645649], [4.376452, 51.651874], [4.361822, 51.662979], [4.37547, 51.673185], [4.379431, 51.683592]]]}, "properties": {"code": "1709", "name": "Moerdijk", "regioFacet": "tcm:106-353600-1024", "level": 4, "url": "/regioinformatie/gemeente/moerdijk/"}}, {"type": "Feature", "geometry": {"type": "Polygon", "coordinates": [[[5.508811, 51.476851], [5.509561, 51.479236], [5.50541, 51.483381], [5.515615, 51.493452], [5.509784, 51.498661], [5.518599, 51.501996], [5.526117, 51.501446], [5.546273, 51.512696], [5.540675, 51.520665], [5.545634, 51.51995], [5.544748, 51.523537], [5.540195, 51.526012], [5.530864, 51.525049], [5.547914, 51.538076], [5.557652, 51.50937], [5.566552, 51.501672], [5.57673, 51.499453], [5.570156, 51.496936], [5.585912, 51.47917], [5.605232, 51.470957], [5.582974, 51.465549], [5.587808, 51.463471], [5.566165, 51.441484], [5.546705, 51.433912], [5.544023, 51.439565], [5.541503, 51.439502], [5.538456, 51.443618], [5.540017, 51.44821], [5.531451, 51.455009], [5.532557, 51.457186], [5.521032, 51.461032], [5.509058, 51.469286], [5.508811, 51.476851]]]}, "properties": {"code": "0820", "name": "Nuenen, Gerwen en Nederwetten", "regioFacet": "tcm:106-353601-1024", "level": 4, "url": "/regioinformatie/gemeente/nuenen-ca/"}}, {"type": "Feature", "geometry": {"type": "Polygon", "coordinates": [[[5.235943, 51.51391], [5.232363, 51.50892], [5.226534, 51.507474], [5.224435, 51.517148], [5.230844, 51.520937], [5.234791, 51.530994], [5.244007, 51.525751], [5.249495, 51.531636], [5.253331, 51.540333], [5.261208, 51.540641], [5.263369, 51.54423], [5.267971, 51.543225], [5.269862, 51.546209], [5.276884, 51.544863], [5.277487, 51.548737], [5.271933, 51.549807], [5.273271, 51.552821], [5.308396, 51.54598], [5.325444, 51.551352], [5.333004, 51.551137], [5.337193, 51.546403], [5.342565, 51.544771], [5.356911, 51.544717], [5.368596, 51.53149], [5.355459, 51.528903], [5.354341, 51.520502], [5.349386, 51.516998], [5.351318, 51.506054], [5.355887, 51.496107], [5.361296, 51.49288], [5.385344, 51.486804], [5.389907, 51.487561], [5.390686, 51.470638], [5.379151, 51.463842], [5.358389, 51.467015], [5.356002, 51.462315], [5.333816, 51.468537], [5.334728, 51.465875], [5.332627, 51.465422], [5.334599, 51.462935], [5.32584, 51.463792], [5.320424, 51.460868], [5.315078, 51.461372], [5.303097, 51.459149], [5.297293, 51.453089], [5.294498, 51.455283], [5.285018, 51.454112], [5.279253, 51.450219], [5.248396, 51.445631], [5.252452, 51.437905], [5.239062, 51.43367], [5.237705, 51.428559], [5.229285, 51.425452], [5.223537, 51.425083], [5.223141, 51.427921], [5.217571, 51.430429], [5.215771, 51.43418], [5.209937, 51.434171], [5.209218, 51.436501], [5.191025, 51.430225], [5.209815, 51.465773], [5.220435, 51.47288], [5.225406, 51.488822], [5.230378, 51.490461], [5.228444, 51.4987], [5.247111, 51.498879], [5.247892, 51.506336], [5.250969, 51.506209], [5.25125, 51.509631], [5.235943, 51.51391]]]}, "properties": {"code": "0823", "name": "Oirschot", "regioFacet": "tcm:106-353602-1024", "level": 4, "url": "/regioinformatie/gemeente/oirschot/"}}, {"type": "Feature", "geometry": {"type": "Polygon", "coordinates": [[[5.227002, 51.518664], [5.214732, 51.511726], [5.195401, 51.509733], [5.190138, 51.507409], [5.184281, 51.507906], [5.178748, 51.508601], [5.17648, 51.511311], [5.170993, 51.510569], [5.165553, 51.515215], [5.164229, 51.514659], [5.160874, 51.517332], [5.159152, 51.516643], [5.148888, 51.523658], [5.144966, 51.521494], [5.130196, 51.530298], [5.135452, 51.53358], [5.133598, 51.53495], [5.141881, 51.542092], [5.138695, 51.545956], [5.147836, 51.547118], [5.140201, 51.550033], [5.137215, 51.552862], [5.139196, 51.561236], [5.137355, 51.562581], [5.143099, 51.568142], [5.141359, 51.568303], [5.144964, 51.573876], [5.148783, 51.575359], [5.147214, 51.576462], [5.151076, 51.580325], [5.186884, 51.601751], [5.191169, 51.598422], [5.19264, 51.593681], [5.195274, 51.595056], [5.204569, 51.589049], [5.209022, 51.591029], [5.214187, 51.585557], [5.247241, 51.58704], [5.246178, 51.579478], [5.265519, 51.556869], [5.2689, 51.553727], [5.273271, 51.552821], [5.271933, 51.549807], [5.277487, 51.548737], [5.276884, 51.544863], [5.269862, 51.546209], [5.267971, 51.543225], [5.263369, 51.54423], [5.261208, 51.540641], [5.253294, 51.540311], [5.249495, 51.531636], [5.244007, 51.525751], [5.234791, 51.530994], [5.230844, 51.520937], [5.227002, 51.518664]]]}, "properties": {"code": "0824", "name": "Oisterwijk", "regioFacet": "tcm:106-353603-1024", "level": 4, "url": "/regioinformatie/gemeente/oisterwijk/"}}, {"type": "Feature", "geometry": {"type": "Polygon", "coordinates": [[[4.796489, 51.641187], [4.794305, 51.641741], [4.781071, 51.663902], [4.79591, 51.669324], [4.843012, 51.679815], [4.843391, 51.686017], [4.856622, 51.681668], [4.85658, 51.680243], [4.862652, 51.677067], [4.875787, 51.674733], [4.880229, 51.671835], [4.880501, 51.674208], [4.898768, 51.674129], [4.912827, 51.67659], [4.913781, 51.675049], [4.925032, 51.673009], [4.926776, 51.669087], [4.930943, 51.667102], [4.93441, 51.657254], [4.932429, 51.655697], [4.932816, 51.650698], [4.912862, 51.633683], [4.910035, 51.629514], [4.911823, 51.626365], [4.904279, 51.624333], [4.915554, 51.622433], [4.9099, 51.618327], [4.917357, 51.60871], [4.918557, 51.601449], [4.916269, 51.600016], [4.911635, 51.600067], [4.913786, 51.59809], [4.907747, 51.595633], [4.86804, 51.581093], [4.869171, 51.578442], [4.854542, 51.579348], [4.848969, 51.581529], [4.842622, 51.585829], [4.842021, 51.596027], [4.834073, 51.597412], [4.843552, 51.603876], [4.839079, 51.608934], [4.842683, 51.616986], [4.826036, 51.626984], [4.821867, 51.627274], [4.818643, 51.631506], [4.788156, 51.634239], [4.789329, 51.635665], [4.787506, 51.637048], [4.796489, 51.641187]]]}, "properties": {"code": "0826", "name": "Oosterhout", "regioFacet": "tcm:106-353604-1024", "level": 4, "url": "/regioinformatie/gemeente/oosterhout/"}}, {"type": "Feature", "geometry": {"type": "Polygon", "coordinates": [[[5.445199, 51.809536], [5.461156, 51.810686], [5.471311, 51.813071], [5.476932, 51.817183], [5.48184, 51.827066], [5.490203, 51.830511], [5.503255, 51.828764], [5.517734, 51.819284], [5.539479, 51.81622], [5.546738, 51.818196], [5.551877, 51.824737], [5.556971, 51.827272], [5.591749, 51.829434], [5.603339, 51.826375], [5.619261, 51.81963], [5.633765, 51.819664], [5.641008, 51.818039], [5.645888, 51.814235], [5.651741, 51.803436], [5.660208, 51.796226], [5.666959, 51.793217], [5.682895, 51.791767], [5.690128, 51.789726], [5.695699, 51.786251], [5.702309, 51.778144], [5.71123, 51.775034], [5.701048, 51.768747], [5.696036, 51.76134], [5.690858, 51.759131], [5.68014, 51.761353], [5.673674, 51.767704], [5.669965, 51.762604], [5.66728, 51.752222], [5.64864, 51.76433], [5.633774, 51.760833], [5.634551, 51.757956], [5.616459, 51.755011], [5.615049, 51.75616], [5.597324, 51.750598], [5.596606, 51.747413], [5.576271, 51.744877], [5.577477, 51.735761], [5.579918, 51.732939], [5.582281, 51.733049], [5.57999, 51.731337], [5.560165, 51.732361], [5.533917, 51.740607], [5.508056, 51.737879], [5.499001, 51.735479], [5.49377, 51.736553], [5.493823, 51.737715], [5.491815, 51.737516], [5.492653, 51.742111], [5.496286, 51.742712], [5.498872, 51.745307], [5.491612, 51.748396], [5.485947, 51.751995], [5.487072, 51.752793], [5.474727, 51.757996], [5.47328, 51.762583], [5.467421, 51.761657], [5.462232, 51.770919], [5.459712, 51.770961], [5.453774, 51.765124], [5.446737, 51.763509], [5.439464, 51.765076], [5.392059, 51.760187], [5.374033, 51.753245], [5.355905, 51.751435], [5.353514, 51.755477], [5.360318, 51.761486], [5.361107, 51.774969], [5.365319, 51.784857], [5.382577, 51.803735], [5.394409, 51.812723], [5.401706, 51.820893], [5.407509, 51.822591], [5.41331, 51.821951], [5.426356, 51.812348], [5.433604, 51.810341], [5.445199, 51.809536]]]}, "properties": {"code": "0828", "name": "Oss", "regioFacet": "tcm:106-353605-1024", "level": 4, "url": "/regioinformatie/gemeente/oss/"}}, {"type": "Feature", "geometry": {"type": "Polygon", "coordinates": [[[5.116564, 51.361131], [5.071182, 51.393487], [5.102021, 51.428923], [5.153151, 51.428295], [5.157948, 51.428831], [5.158553, 51.432174], [5.173458, 51.42824], [5.178154, 51.430261], [5.184981, 51.428764], [5.19102, 51.430216], [5.190852, 51.418211], [5.194771, 51.399856], [5.200959, 51.390066], [5.196979, 51.379465], [5.188317, 51.377534], [5.187988, 51.374513], [5.183203, 51.375785], [5.190659, 51.371905], [5.192155, 51.366788], [5.190605, 51.366227], [5.197471, 51.362701], [5.191934, 51.361633], [5.192283, 51.350877], [5.196292, 51.349846], [5.193865, 51.345226], [5.204698, 51.325438], [5.196565, 51.320359], [5.173063, 51.315772], [5.16264, 51.310317], [5.134353, 51.3155], [5.131687, 51.347045], [5.119402, 51.35564], [5.116564, 51.361131]]]}, "properties": {"code": "1667", "name": "Reusel-De Mierden", "regioFacet": "tcm:106-353606-1024", "level": 4, "url": "/regioinformatie/gemeente/reusel-de-mierden/"}}, {"type": "Feature", "geometry": {"type": "Polygon", "coordinates": [[[4.411463, 51.551598], [4.426878, 51.552383], [4.429032, 51.555701], [4.438381, 51.556391], [4.441117, 51.558605], [4.44198, 51.567473], [4.444675, 51.569235], [4.448578, 51.565733], [4.453263, 51.566561], [4.452984, 51.563637], [4.456526, 51.563134], [4.457536, 51.561459], [4.465796, 51.561043], [4.469915, 51.563044], [4.473591, 51.560745], [4.499922, 51.558766], [4.497533, 51.546147], [4.498831, 51.544785], [4.511315, 51.543982], [4.514444, 51.541901], [4.515796, 51.542998], [4.523192, 51.542557], [4.521974, 51.531741], [4.519658, 51.525401], [4.517651, 51.525388], [4.516019, 51.521525], [4.513564, 51.521601], [4.514332, 51.517896], [4.50218, 51.516724], [4.496573, 51.508212], [4.498319, 51.501885], [4.490313, 51.486992], [4.492862, 51.483291], [4.485406, 51.481623], [4.486682, 51.477353], [4.47596, 51.478145], [4.464713, 51.471008], [4.44256, 51.468689], [4.391083, 51.451487], [4.383412, 51.455115], [4.366966, 51.456719], [4.361397, 51.471219], [4.361632, 51.476372], [4.37169, 51.479008], [4.372798, 51.487724], [4.358173, 51.492603], [4.351457, 51.500102], [4.34954, 51.503481], [4.354398, 51.505778], [4.350557, 51.505668], [4.351597, 51.517701], [4.342194, 51.51805], [4.340457, 51.52267], [4.342777, 51.52639], [4.325649, 51.529614], [4.328414, 51.530727], [4.327575, 51.535194], [4.306809, 51.543515], [4.308203, 51.546734], [4.316309, 51.545497], [4.317978, 51.551216], [4.375362, 51.543721], [4.411463, 51.551598]]]}, "properties": {"code": "1674", "name": "Roosendaal", "regioFacet": "tcm:106-353607-1024", "level": 4, "url": "/regioinformatie/gemeente/roosendaal/"}}, {"type": "Feature", "geometry": {"type": "Polygon", "coordinates": [[[4.530231, 51.549407], [4.544937, 51.551582], [4.545371, 51.553909], [4.548427, 51.552319], [4.582007, 51.55905], [4.582122, 51.560332], [4.591761, 51.561032], [4.59862, 51.559681], [4.608828, 51.553929], [4.624796, 51.552386], [4.625809, 51.547412], [4.630106, 51.54715], [4.631755, 51.543874], [4.635286, 51.542351], [4.64011, 51.543423], [4.638716, 51.524413], [4.624987, 51.52109], [4.626402, 51.518921], [4.619405, 51.516172], [4.620539, 51.510736], [4.618202, 51.510672], [4.616379, 51.508087], [4.579338, 51.510731], [4.589731, 51.496737], [4.576178, 51.492539], [4.572286, 51.482655], [4.556101, 51.485634], [4.548161, 51.473313], [4.538185, 51.482398], [4.486682, 51.477353], [4.485406, 51.481623], [4.492862, 51.483291], [4.490313, 51.486992], [4.498319, 51.501885], [4.496573, 51.508212], [4.50218, 51.516724], [4.514332, 51.517896], [4.513564, 51.521601], [4.516019, 51.521525], [4.517651, 51.525388], [4.519658, 51.525401], [4.521974, 51.531741], [4.523192, 51.542557], [4.515796, 51.542998], [4.514444, 51.541901], [4.511315, 51.543982], [4.498831, 51.544785], [4.497491, 51.546213], [4.501635, 51.563271], [4.504154, 51.562985], [4.504956, 51.566026], [4.508713, 51.565549], [4.509451, 51.568562], [4.536616, 51.565776], [4.52869, 51.555487], [4.528069, 51.551999], [4.530231, 51.549407]]]}, "properties": {"code": "0840", "name": "Rucphen", "regioFacet": "tcm:106-353608-1024", "level": 4, "url": "/regioinformatie/gemeente/rucphen/"}}, {"type": "Feature", "geometry": {"type": "Polygon", "coordinates": [[[5.387467, 51.625748], [5.383376, 51.627722], [5.383285, 51.631604], [5.374998, 51.633693], [5.371065, 51.632963], [5.371361, 51.637226], [5.383262, 51.638589], [5.371868, 51.641931], [5.375963, 51.643235], [5.375439, 51.64445], [5.379592, 51.644152], [5.379138, 51.647367], [5.396155, 51.645321], [5.40596, 51.648312], [5.405884, 51.650205], [5.412297, 51.650303], [5.411081, 51.652692], [5.413475, 51.653746], [5.411426, 51.654458], [5.415096, 51.654079], [5.414644, 51.655703], [5.467781, 51.64228], [5.502109, 51.623205], [5.499734, 51.613387], [5.495176, 51.610006], [5.485734, 51.609174], [5.485178, 51.60604], [5.48804, 51.602571], [5.492524, 51.586955], [5.46866, 51.60223], [5.416362, 51.588807], [5.40948, 51.598003], [5.395185, 51.598961], [5.393415, 51.601447], [5.389811, 51.600807], [5.390392, 51.605472], [5.394857, 51.605842], [5.390716, 51.61178], [5.392415, 51.612361], [5.391088, 51.616504], [5.38842, 51.617846], [5.388947, 51.621343], [5.385917, 51.620906], [5.385859, 51.623636], [5.383853, 51.624086], [5.387467, 51.625748]]]}, "properties": {"code": "0844", "name": "Schijndel", "regioFacet": "tcm:106-353609-1024", "level": 4, "url": "/regioinformatie/gemeente/schijndel/"}}, {"type": "Feature", "geometry": {"type": "Polygon", "coordinates": [[[5.374509, 51.753399], [5.390815, 51.759982], [5.411651, 51.762153], [5.416427, 51.751244], [5.424624, 51.74174], [5.405625, 51.738263], [5.41091, 51.727467], [5.408629, 51.726767], [5.409358, 51.722253], [5.415071, 51.714742], [5.421102, 51.715791], [5.424831, 51.711637], [5.417679, 51.707755], [5.420265, 51.704052], [5.423699, 51.704409], [5.429808, 51.701479], [5.397987, 51.698492], [5.381023, 51.700791], [5.37403, 51.700088], [5.366829, 51.696908], [5.359437, 51.698707], [5.365192, 51.689438], [5.377136, 51.678816], [5.376429, 51.678431], [5.367721, 51.680807], [5.352784, 51.681418], [5.350939, 51.677145], [5.355962, 51.674004], [5.353693, 51.671073], [5.338883, 51.663997], [5.327475, 51.673367], [5.319057, 51.670372], [5.298931, 51.667124], [5.293065, 51.67375], [5.280915, 51.681534], [5.265689, 51.684723], [5.246868, 51.683169], [5.234272, 51.685499], [5.231902, 51.689257], [5.226062, 51.690044], [5.247667, 51.694549], [5.251603, 51.699513], [5.247013, 51.702735], [5.24112, 51.701026], [5.235756, 51.704653], [5.241204, 51.713989], [5.229977, 51.71057], [5.228536, 51.714768], [5.231032, 51.724086], [5.221744, 51.729386], [5.219346, 51.728151], [5.210015, 51.733946], [5.210375, 51.737711], [5.206494, 51.741477], [5.216347, 51.743451], [5.225037, 51.742969], [5.248232, 51.733615], [5.255466, 51.7349], [5.264141, 51.738828], [5.272825, 51.740068], [5.28296, 51.739835], [5.297444, 51.736809], [5.322041, 51.746524], [5.353514, 51.755477], [5.35642, 51.751346], [5.374509, 51.753399]]]}, "properties": {"code": "0796", "name": "'s-Hertogenbosch", "regioFacet": "tcm:106-353592-1024", "level": 4, "url": "/regioinformatie/gemeente/s-hertogenbosch/"}}, {"type": "Feature", "geometry": {"type": "Polygon", "coordinates": [[[5.786678, 51.598208], [5.758615, 51.593947], [5.747676, 51.632668], [5.79035, 51.649938], [5.798657, 51.660898], [5.806955, 51.661166], [5.810279, 51.665396], [5.814374, 51.665047], [5.82162, 51.667976], [5.823117, 51.667042], [5.829972, 51.673972], [5.842805, 51.67997], [5.846506, 51.676513], [5.859924, 51.669891], [5.858015, 51.668208], [5.860104, 51.665838], [5.855798, 51.662206], [5.875568, 51.652917], [5.871788, 51.651518], [5.871672, 51.643979], [5.877697, 51.643289], [5.883039, 51.646673], [5.890194, 51.645386], [5.892578, 51.643161], [5.896477, 51.644487], [5.925766, 51.63215], [5.935603, 51.615905], [5.940967, 51.611613], [5.9498, 51.607814], [5.933841, 51.602325], [5.934724, 51.601027], [5.930925, 51.599663], [5.931853, 51.596861], [5.903172, 51.58712], [5.899766, 51.588765], [5.894121, 51.58685], [5.89128, 51.585163], [5.893299, 51.583784], [5.877236, 51.578166], [5.878878, 51.57603], [5.870957, 51.573572], [5.870892, 51.562644], [5.820216, 51.568674], [5.800586, 51.578622], [5.786678, 51.598208]]]}, "properties": {"code": "1702", "name": "Sint Anthonis", "regioFacet": "tcm:106-353610-1024", "level": 4, "url": "/regioinformatie/gemeente/sint-anthonis/"}}, {"type": "Feature", "geometry": {"type": "Polygon", "coordinates": [[[5.365018, 51.689653], [5.359437, 51.698707], [5.367013, 51.696916], [5.37403, 51.700088], [5.381023, 51.700791], [5.397987, 51.698492], [5.429319, 51.701498], [5.43933, 51.700434], [5.439495, 51.698658], [5.44335, 51.697618], [5.441353, 51.694656], [5.447397, 51.695136], [5.445167, 51.688581], [5.451679, 51.686751], [5.452719, 51.688475], [5.456873, 51.687591], [5.445035, 51.664244], [5.432911, 51.664307], [5.427653, 51.655845], [5.42223, 51.653594], [5.414644, 51.655703], [5.415096, 51.654079], [5.411426, 51.654458], [5.413475, 51.653746], [5.411081, 51.652692], [5.412297, 51.650303], [5.405884, 51.650205], [5.40596, 51.648312], [5.396155, 51.645321], [5.379138, 51.647367], [5.379592, 51.644152], [5.375439, 51.64445], [5.375963, 51.643235], [5.371868, 51.641931], [5.383262, 51.638589], [5.371361, 51.637226], [5.371065, 51.632963], [5.374998, 51.633693], [5.383285, 51.631604], [5.383376, 51.627722], [5.387467, 51.625748], [5.383853, 51.624086], [5.385859, 51.623636], [5.385917, 51.620906], [5.388947, 51.621343], [5.38842, 51.617846], [5.391088, 51.616504], [5.392415, 51.612361], [5.390716, 51.61178], [5.394857, 51.605842], [5.374895, 51.601803], [5.35307, 51.600693], [5.350985, 51.603966], [5.345867, 51.602738], [5.342835, 51.600224], [5.340834, 51.60435], [5.335968, 51.603085], [5.331875, 51.607483], [5.334942, 51.608603], [5.332095, 51.610871], [5.334689, 51.613524], [5.339048, 51.613861], [5.343267, 51.616961], [5.341888, 51.620198], [5.343995, 51.622983], [5.338405, 51.622127], [5.317732, 51.634634], [5.321191, 51.636962], [5.318671, 51.642054], [5.319149, 51.64998], [5.312574, 51.653946], [5.311739, 51.658129], [5.304344, 51.662671], [5.303971, 51.665548], [5.327475, 51.673367], [5.338883, 51.663997], [5.353693, 51.671073], [5.355962, 51.674004], [5.350939, 51.677145], [5.352784, 51.681418], [5.367721, 51.680807], [5.376429, 51.678431], [5.365018, 51.689653]]]}, "properties": {"code": "0845", "name": "Sint-Michielsgestel", "regioFacet": "tcm:106-353611-1024", "level": 4, "url": "/regioinformatie/gemeente/sint-michielsgestel/"}}, {"type": "Feature", "geometry": {"type": "Polygon", "coordinates": [[[5.387504, 51.590532], [5.381443, 51.596204], [5.386212, 51.600869], [5.380529, 51.602902], [5.389842, 51.605398], [5.389839, 51.600772], [5.393415, 51.601447], [5.395185, 51.598961], [5.40948, 51.598003], [5.416362, 51.588807], [5.46866, 51.60223], [5.492524, 51.586955], [5.500992, 51.587517], [5.524107, 51.583981], [5.530916, 51.578923], [5.52986, 51.576821], [5.533349, 51.576881], [5.53495, 51.574827], [5.540468, 51.573308], [5.53926, 51.570912], [5.550645, 51.569044], [5.545991, 51.564058], [5.54524, 51.558096], [5.533083, 51.557804], [5.545207, 51.541687], [5.543016, 51.540014], [5.547437, 51.537732], [5.525048, 51.521869], [5.522614, 51.523431], [5.518952, 51.522269], [5.513015, 51.524311], [5.50008, 51.521386], [5.499938, 51.525287], [5.503725, 51.526496], [5.498272, 51.52853], [5.493449, 51.526686], [5.488815, 51.533285], [5.487146, 51.541848], [5.468284, 51.540647], [5.437412, 51.533973], [5.431573, 51.533347], [5.429835, 51.53497], [5.423034, 51.533895], [5.421497, 51.537667], [5.410936, 51.542269], [5.404233, 51.548292], [5.40281, 51.557778], [5.405201, 51.562028], [5.400084, 51.562403], [5.39781, 51.565894], [5.399476, 51.566098], [5.399344, 51.572195], [5.402499, 51.571714], [5.403866, 51.575868], [5.391494, 51.575965], [5.393682, 51.579945], [5.389868, 51.581705], [5.388949, 51.580827], [5.387826, 51.582454], [5.389667, 51.583484], [5.381443, 51.587602], [5.38526, 51.589587], [5.389261, 51.589133], [5.387504, 51.590532]]]}, "properties": {"code": "0846", "name": "Sint-Oedenrode", "regioFacet": "tcm:106-353612-1024", "level": 4, "url": "/regioinformatie/gemeente/sint-oedenrode/"}}, {"type": "Feature", "geometry": {"type": "Polygon", "coordinates": [[[5.63892, 51.389173], [5.637884, 51.41251], [5.643624, 51.440193], [5.648266, 51.441507], [5.653308, 51.446385], [5.656468, 51.45656], [5.672005, 51.457802], [5.693941, 51.43936], [5.70445, 51.410394], [5.736109, 51.389685], [5.740216, 51.369793], [5.74546, 51.371106], [5.770449, 51.333805], [5.672111, 51.315094], [5.670226, 51.317659], [5.672091, 51.323592], [5.666769, 51.326725], [5.63892, 51.389173]]]}, "properties": {"code": "0847", "name": "Someren", "regioFacet": "tcm:106-353613-1024", "level": 4, "url": "/regioinformatie/gemeente/someren/"}}, {"type": "Feature", "geometry": {"type": "Polygon", "coordinates": [[[5.437153, 51.521091], [5.423843, 51.534055], [5.429835, 51.53497], [5.431573, 51.533347], [5.437412, 51.533973], [5.468284, 51.540647], [5.487146, 51.541848], [5.488815, 51.533285], [5.493449, 51.526686], [5.498272, 51.52853], [5.503725, 51.526496], [5.499938, 51.525287], [5.50008, 51.521386], [5.513015, 51.524311], [5.518952, 51.522269], [5.522614, 51.523431], [5.525048, 51.521869], [5.530864, 51.525049], [5.540195, 51.526012], [5.544748, 51.523537], [5.545634, 51.51995], [5.540675, 51.520665], [5.546273, 51.512696], [5.526117, 51.501446], [5.518599, 51.501996], [5.509784, 51.498661], [5.511424, 51.496922], [5.476602, 51.497076], [5.470259, 51.495587], [5.463895, 51.496978], [5.442571, 51.493927], [5.440705, 51.496059], [5.447508, 51.512069], [5.437153, 51.521091]]]}, "properties": {"code": "0848", "name": "Son en Breugel", "regioFacet": "tcm:106-353614-1024", "level": 4, "url": "/regioinformatie/gemeente/son-en-breugel/"}}, {"type": "Feature", "geometry": {"type": "Polygon", "coordinates": [[[4.242786, 51.647063], [4.275003, 51.643778], [4.33255, 51.653749], [4.361822, 51.662979], [4.376452, 51.651874], [4.387815, 51.645649], [4.39615, 51.643711], [4.399905, 51.638805], [4.408896, 51.632821], [4.423859, 51.630265], [4.428739, 51.62334], [4.437828, 51.617119], [4.435678, 51.615151], [4.433765, 51.615939], [4.431547, 51.610845], [4.426675, 51.61174], [4.431081, 51.586287], [4.443999, 51.569095], [4.441954, 51.567385], [4.441078, 51.558492], [4.438381, 51.556391], [4.429032, 51.555701], [4.426878, 51.552383], [4.411463, 51.551598], [4.375362, 51.543721], [4.296157, 51.553797], [4.298633, 51.558844], [4.267162, 51.564944], [4.267623, 51.56801], [4.252008, 51.570661], [4.242975, 51.56298], [4.239725, 51.550918], [4.236119, 51.550366], [4.229726, 51.562223], [4.195718, 51.588975], [4.191431, 51.595628], [4.190124, 51.602751], [4.192806, 51.61154], [4.199273, 51.619539], [4.211945, 51.626789], [4.238168, 51.634298], [4.242786, 51.647063]]]}, "properties": {"code": "0851", "name": "Steenbergen", "regioFacet": "tcm:106-353615-1024", "level": 4, "url": "/regioinformatie/gemeente/steenbergen/"}}, {"type": "Feature", "geometry": {"type": "Polygon", "coordinates": [[[5.100483, 51.617852], [5.102959, 51.616911], [5.098135, 51.628528], [5.101545, 51.63417], [5.107642, 51.636293], [5.11118, 51.63536], [5.115836, 51.637606], [5.128378, 51.637596], [5.137711, 51.640271], [5.145672, 51.640369], [5.154707, 51.633464], [5.163998, 51.623918], [5.163386, 51.622207], [5.165699, 51.622084], [5.169208, 51.618695], [5.165264, 51.612488], [5.167778, 51.611101], [5.170743, 51.611903], [5.175272, 51.609509], [5.169459, 51.603592], [5.179539, 51.597664], [5.151076, 51.580325], [5.147214, 51.576462], [5.148783, 51.575359], [5.144964, 51.573876], [5.141359, 51.568303], [5.143099, 51.568142], [5.137355, 51.562581], [5.139196, 51.561236], [5.137215, 51.552862], [5.140201, 51.550033], [5.147836, 51.547118], [5.138695, 51.545956], [5.141881, 51.542092], [5.133598, 51.53495], [5.135452, 51.53358], [5.130196, 51.530298], [5.127061, 51.532354], [5.118799, 51.545919], [5.109821, 51.539383], [5.105653, 51.533337], [5.100059, 51.531455], [5.08649, 51.532716], [5.074335, 51.530238], [5.073323, 51.533229], [5.075936, 51.535495], [5.060323, 51.537869], [5.051703, 51.535091], [5.052275, 51.529764], [5.041496, 51.531006], [5.030522, 51.529502], [5.02238, 51.538502], [5.001568, 51.537488], [4.987629, 51.540023], [4.97546, 51.540133], [4.979565, 51.544202], [4.975835, 51.546403], [4.96686, 51.549539], [4.953424, 51.550532], [4.951145, 51.560918], [4.966908, 51.567241], [4.96899, 51.571305], [4.966779, 51.573663], [4.970275, 51.577224], [4.973408, 51.591982], [4.97286, 51.597306], [4.967774, 51.597685], [4.967844, 51.602859], [4.947846, 51.611171], [4.952931, 51.614723], [4.964713, 51.613134], [4.983514, 51.607364], [5.004492, 51.607887], [5.042927, 51.606039], [5.045011, 51.611097], [5.057174, 51.610929], [5.061771, 51.609346], [5.070591, 51.610291], [5.071007, 51.608227], [5.074059, 51.609483], [5.074025, 51.605681], [5.075469, 51.60895], [5.080182, 51.609542], [5.079439, 51.610784], [5.094127, 51.611404], [5.100483, 51.617852]]]}, "properties": {"code": "0855", "name": "Tilburg", "regioFacet": "tcm:106-353616-1024", "level": 4, "url": "/regioinformatie/gemeente/tilburg/"}}, {"type": "Feature", "geometry": {"type": "Polygon", "coordinates": [[[5.588949, 51.684816], [5.596837, 51.690923], [5.600589, 51.696573], [5.597041, 51.701987], [5.623963, 51.703527], [5.62258, 51.699094], [5.672991, 51.666249], [5.678669, 51.664943], [5.731348, 51.673935], [5.736692, 51.661419], [5.730375, 51.659321], [5.730166, 51.65769], [5.732842, 51.658009], [5.734032, 51.65204], [5.742546, 51.650062], [5.750478, 51.622683], [5.74006, 51.622496], [5.681781, 51.627817], [5.681522, 51.629061], [5.67274, 51.627357], [5.672607, 51.628689], [5.664711, 51.628987], [5.650983, 51.625712], [5.635413, 51.625348], [5.628058, 51.623176], [5.607471, 51.633778], [5.602274, 51.629414], [5.595069, 51.634149], [5.593406, 51.632998], [5.589436, 51.635433], [5.585778, 51.639533], [5.58832, 51.642716], [5.579748, 51.645911], [5.567409, 51.653507], [5.571096, 51.655096], [5.56891, 51.659564], [5.564379, 51.661909], [5.561966, 51.660777], [5.573016, 51.67809], [5.588949, 51.684816]]]}, "properties": {"code": "0856", "name": "Uden", "regioFacet": "tcm:106-353617-1024", "level": 4, "url": "/regioinformatie/gemeente/uden/"}}, {"type": "Feature", "geometry": {"type": "Polygon", "coordinates": [[[5.427378, 51.314394], [5.433923, 51.324321], [5.424291, 51.33076], [5.421187, 51.338414], [5.425197, 51.345269], [5.419744, 51.358522], [5.420982, 51.3693], [5.418871, 51.371807], [5.421361, 51.374317], [5.423207, 51.374866], [5.43728, 51.366013], [5.445134, 51.368136], [5.49248, 51.374151], [5.496477, 51.373137], [5.501661, 51.37428], [5.508479, 51.372766], [5.516418, 51.378336], [5.527181, 51.366941], [5.4938, 51.355392], [5.496669, 51.35265], [5.49603, 51.346508], [5.481868, 51.34084], [5.473615, 51.334016], [5.480238, 51.324055], [5.489056, 51.318369], [5.491337, 51.314449], [5.484859, 51.3], [5.483016, 51.300165], [5.483199, 51.298646], [5.477614, 51.294968], [5.476888, 51.291391], [5.464836, 51.284565], [5.441782, 51.282106], [5.438371, 51.276026], [5.433298, 51.276333], [5.417412, 51.262286], [5.387804, 51.285239], [5.397202, 51.29062], [5.392665, 51.29399], [5.394866, 51.296271], [5.394226, 51.308714], [5.397673, 51.314321], [5.400719, 51.313501], [5.412861, 51.320518], [5.413653, 51.318646], [5.416487, 51.319392], [5.419851, 51.318018], [5.423928, 51.312507], [5.425799, 51.31199], [5.427378, 51.314394]]]}, "properties": {"code": "0858", "name": "Valkenswaard", "regioFacet": "tcm:106-353618-1024", "level": 4, "url": "/regioinformatie/gemeente/valkenswaard/"}}, {"type": "Feature", "geometry": {"type": "Polygon", "coordinates": [[[5.58434, 51.562731], [5.54503, 51.55812], [5.545991, 51.564058], [5.550645, 51.569044], [5.53926, 51.570912], [5.540468, 51.573308], [5.53495, 51.574827], [5.533349, 51.576881], [5.52986, 51.576821], [5.530916, 51.578923], [5.524107, 51.583981], [5.500992, 51.587517], [5.492636, 51.58692], [5.48804, 51.602571], [5.485178, 51.60604], [5.485734, 51.609174], [5.495176, 51.610006], [5.499734, 51.613387], [5.502109, 51.623205], [5.497202, 51.626686], [5.505629, 51.633254], [5.504859, 51.636078], [5.524397, 51.630439], [5.533663, 51.635513], [5.541779, 51.634415], [5.542012, 51.640311], [5.565359, 51.64837], [5.5703, 51.651434], [5.58832, 51.642716], [5.585778, 51.639533], [5.593406, 51.632998], [5.595069, 51.634149], [5.602274, 51.629414], [5.607471, 51.633778], [5.623913, 51.626285], [5.642928, 51.606209], [5.651807, 51.579944], [5.656556, 51.574651], [5.6533, 51.570137], [5.640124, 51.564344], [5.627315, 51.555333], [5.621713, 51.553238], [5.618192, 51.555842], [5.614225, 51.554605], [5.608276, 51.559579], [5.58434, 51.562731]]]}, "properties": {"code": "0860", "name": "Veghel", "regioFacet": "tcm:106-353619-1024", "level": 4, "url": "/regioinformatie/gemeente/veghel/"}}, {"type": "Feature", "geometry": {"type": "Polygon", "coordinates": [[[5.352863, 51.43283], [5.355795, 51.43411], [5.356917, 51.438204], [5.363535, 51.435416], [5.371249, 51.438909], [5.379547, 51.435536], [5.388493, 51.438184], [5.393836, 51.434609], [5.400813, 51.432989], [5.40492, 51.437126], [5.408968, 51.434492], [5.410678, 51.435119], [5.414363, 51.430126], [5.420407, 51.432933], [5.427008, 51.430147], [5.427234, 51.414726], [5.430266, 51.407719], [5.425252, 51.404983], [5.427582, 51.402922], [5.417446, 51.389183], [5.421968, 51.383474], [5.418001, 51.382023], [5.413482, 51.383905], [5.408537, 51.379806], [5.39654, 51.38084], [5.393378, 51.377591], [5.388907, 51.37646], [5.373948, 51.38863], [5.370961, 51.397864], [5.354363, 51.408783], [5.323664, 51.406187], [5.316238, 51.416923], [5.31609, 51.419409], [5.319997, 51.419928], [5.319371, 51.423795], [5.339842, 51.425558], [5.34337, 51.427436], [5.342363, 51.431104], [5.345535, 51.430922], [5.346255, 51.428956], [5.352863, 51.43283]]]}, "properties": {"code": "0861", "name": "Veldhoven", "regioFacet": "tcm:106-353620-1024", "level": 4, "url": "/regioinformatie/gemeente/veldhoven/"}}, {"type": "Feature", "geometry": {"type": "Polygon", "coordinates": [[[5.220062, 51.673676], [5.223228, 51.673782], [5.226158, 51.690031], [5.231902, 51.689257], [5.234272, 51.685499], [5.246868, 51.683169], [5.265689, 51.684723], [5.280915, 51.681534], [5.293065, 51.67375], [5.298931, 51.667124], [5.318759, 51.670871], [5.308378, 51.667701], [5.303797, 51.663993], [5.311739, 51.658129], [5.312574, 51.653946], [5.319149, 51.64998], [5.320425, 51.635655], [5.308709, 51.633402], [5.304333, 51.624924], [5.297029, 51.624983], [5.294667, 51.621335], [5.280759, 51.622727], [5.279719, 51.620114], [5.277677, 51.619197], [5.275096, 51.620105], [5.26119, 51.62788], [5.246496, 51.632764], [5.250501, 51.63922], [5.244096, 51.642277], [5.24751, 51.643889], [5.244637, 51.647784], [5.237886, 51.651054], [5.229739, 51.650497], [5.229166, 51.65674], [5.221251, 51.662312], [5.215881, 51.662035], [5.202252, 51.670524], [5.207948, 51.673956], [5.220062, 51.673676]]]}, "properties": {"code": "0865", "name": "Vught", "regioFacet": "tcm:106-353621-1024", "level": 4, "url": "/regioinformatie/gemeente/vught/"}}, {"type": "Feature", "geometry": {"type": "Polygon", "coordinates": [[[5.461801, 51.40496], [5.491087, 51.404644], [5.501545, 51.40311], [5.504874, 51.400155], [5.512004, 51.383811], [5.516418, 51.378336], [5.508479, 51.372766], [5.501661, 51.37428], [5.496477, 51.373137], [5.49248, 51.374151], [5.445134, 51.368136], [5.43728, 51.366013], [5.435331, 51.368236], [5.424898, 51.372624], [5.42317, 51.374747], [5.425589, 51.379364], [5.417439, 51.389156], [5.426673, 51.402375], [5.433619, 51.402572], [5.436189, 51.404976], [5.461801, 51.40496]]]}, "properties": {"code": "0866", "name": "Waalre", "regioFacet": "tcm:106-353622-1024", "level": 4, "url": "/regioinformatie/gemeente/waalre/"}}, {"type": "Feature", "geometry": {"type": "Polygon", "coordinates": [[[5.060621, 51.671113], [5.061013, 51.66829], [5.05797, 51.668316], [5.058404, 51.661727], [5.049178, 51.661623], [5.047247, 51.663251], [5.045286, 51.662694], [4.992246, 51.676251], [4.987267, 51.654609], [4.957897, 51.651532], [4.958348, 51.657587], [4.952627, 51.672098], [4.944244, 51.678916], [4.933169, 51.67675], [4.917991, 51.719959], [4.94063, 51.722835], [4.956397, 51.722795], [5.006016, 51.713309], [5.035906, 51.710813], [5.060039, 51.713169], [5.08176, 51.722344], [5.093157, 51.719205], [5.106855, 51.710861], [5.111506, 51.703576], [5.103053, 51.702484], [5.106493, 51.677328], [5.094183, 51.674453], [5.089263, 51.674831], [5.080265, 51.671389], [5.060621, 51.671113]]]}, "properties": {"code": "0867", "name": "Waalwijk", "regioFacet": "tcm:106-353623-1024", "level": 4, "url": "/regioinformatie/gemeente/waalwijk/"}}, {"type": "Feature", "geometry": {"type": "Polygon", "coordinates": [[[4.853126, 51.750748], [4.851941, 51.75588], [4.846751, 51.757056], [4.831658, 51.753817], [4.822276, 51.753857], [4.812863, 51.756634], [4.802502, 51.757586], [4.785404, 51.755933], [4.782449, 51.766568], [4.780788, 51.766448], [4.78023, 51.763967], [4.772109, 51.75933], [4.764199, 51.759857], [4.750727, 51.752289], [4.747364, 51.746622], [4.737451, 51.7413], [4.733651, 51.736507], [4.721843, 51.734272], [4.698553, 51.721992], [4.677286, 51.72011], [4.676304, 51.724924], [4.681598, 51.728419], [4.703746, 51.736927], [4.736631, 51.755568], [4.744788, 51.763487], [4.75524, 51.781611], [4.773539, 51.793324], [4.797194, 51.79977], [4.806876, 51.800336], [4.836108, 51.797839], [4.854413, 51.800683], [4.889401, 51.818895], [4.918599, 51.827482], [4.936064, 51.828314], [4.969633, 51.823654], [4.965307, 51.815298], [4.96702, 51.809777], [4.956326, 51.796644], [4.938569, 51.801357], [4.935397, 51.797178], [4.932263, 51.788038], [4.933662, 51.781736], [4.931681, 51.772283], [4.935157, 51.771282], [4.933081, 51.754677], [4.956831, 51.750957], [4.966039, 51.752099], [4.965824, 51.753037], [4.990582, 51.751965], [4.990471, 51.746413], [4.992097, 51.745869], [4.990332, 51.741303], [4.998922, 51.740041], [5.00039, 51.737128], [4.998469, 51.729363], [4.996658, 51.729133], [4.9972, 51.723028], [4.989661, 51.719067], [4.988637, 51.716871], [4.965105, 51.721869], [4.945563, 51.723042], [4.906724, 51.718815], [4.873055, 51.719998], [4.836905, 51.712612], [4.846938, 51.725524], [4.846932, 51.735896], [4.850231, 51.738573], [4.849411, 51.744827], [4.853126, 51.750748]]]}, "properties": {"code": "0870", "name": "Werkendam", "regioFacet": "tcm:106-353624-1024", "level": 4, "url": "/regioinformatie/gemeente/werkendam/"}}, {"type": "Feature", "geometry": {"type": "Polygon", "coordinates": [[[4.274557, 51.38167], [4.273698, 51.38315], [4.268382, 51.383546], [4.266349, 51.386541], [4.268634, 51.388126], [4.269061, 51.400347], [4.263732, 51.416449], [4.266447, 51.419979], [4.275852, 51.425049], [4.265432, 51.439681], [4.283173, 51.439667], [4.287133, 51.44397], [4.293706, 51.445306], [4.297799, 51.451716], [4.297685, 51.466222], [4.307359, 51.466217], [4.311167, 51.460173], [4.322477, 51.4603], [4.327961, 51.464242], [4.336515, 51.459801], [4.34039, 51.462703], [4.346116, 51.460263], [4.383412, 51.455115], [4.391083, 51.451487], [4.384839, 51.449316], [4.382709, 51.450232], [4.379328, 51.446789], [4.38664, 51.445243], [4.392034, 51.446376], [4.39697, 51.441313], [4.395415, 51.435513], [4.398818, 51.435244], [4.397206, 51.431598], [4.392562, 51.4328], [4.39233, 51.431446], [4.394665, 51.431538], [4.395201, 51.426903], [4.39133, 51.427353], [4.390527, 51.424267], [4.38366, 51.421076], [4.391611, 51.408171], [4.431692, 51.375049], [4.425081, 51.37129], [4.431352, 51.363853], [4.421854, 51.365231], [4.39874, 51.356887], [4.384543, 51.354352], [4.35089, 51.358683], [4.341354, 51.357563], [4.334505, 51.377641], [4.277425, 51.376035], [4.274557, 51.38167]]]}, "properties": {"code": "0873", "name": "Woensdrecht", "regioFacet": "tcm:106-353625-1024", "level": 4, "url": "/regioinformatie/gemeente/woensdrecht/"}}, {"type": "Feature", "geometry": {"type": "Polygon", "coordinates": [[[4.93431, 51.793928], [4.938528, 51.801356], [4.956326, 51.796644], [4.96702, 51.809777], [4.965307, 51.815298], [4.969633, 51.823654], [4.987757, 51.821059], [5.000364, 51.820933], [5.009325, 51.817512], [5.010941, 51.812105], [5.016001, 51.808207], [5.050836, 51.796618], [5.066966, 51.780553], [5.074249, 51.77907], [5.081953, 51.780713], [5.086621, 51.77851], [5.08538, 51.775306], [5.081574, 51.775477], [5.081687, 51.769575], [5.078084, 51.769902], [5.078489, 51.768095], [5.0727, 51.766928], [5.043777, 51.767773], [5.034531, 51.770691], [5.02226, 51.77028], [5.022508, 51.756561], [5.02491, 51.751422], [4.965824, 51.753037], [4.966039, 51.752099], [4.956831, 51.750957], [4.933081, 51.754677], [4.935157, 51.771282], [4.931669, 51.772425], [4.93431, 51.793928]]]}, "properties": {"code": "0874", "name": "Woudrichem", "regioFacet": "tcm:106-353626-1024", "level": 4, "url": "/regioinformatie/gemeente/woudrichem/"}}, {"type": "Feature", "geometry": {"type": "Polygon", "coordinates": [[[4.638158, 51.517205], [4.652028, 51.521744], [4.680906, 51.540667], [4.694025, 51.544755], [4.703997, 51.549799], [4.728417, 51.536878], [4.72249, 51.535158], [4.7251, 51.5329], [4.730711, 51.536451], [4.738799, 51.532267], [4.738289, 51.531086], [4.741464, 51.532858], [4.740119, 51.527858], [4.743235, 51.525394], [4.743868, 51.519285], [4.739864, 51.518424], [4.743849, 51.518798], [4.744037, 51.517834], [4.742158, 51.505631], [4.738147, 51.505793], [4.741559, 51.505199], [4.733997, 51.485548], [4.729152, 51.483907], [4.720603, 51.473455], [4.716029, 51.471124], [4.716905, 51.46887], [4.703249, 51.466968], [4.704056, 51.465465], [4.693097, 51.45173], [4.686441, 51.451271], [4.666586, 51.444399], [4.66969, 51.426363], [4.656419, 51.424993], [4.651717, 51.426885], [4.64665, 51.423395], [4.64129, 51.422014], [4.630094, 51.425917], [4.574728, 51.432849], [4.535409, 51.42303], [4.529896, 51.449521], [4.556101, 51.485634], [4.572286, 51.482655], [4.576178, 51.492539], [4.589731, 51.496737], [4.579338, 51.510731], [4.616379, 51.508087], [4.618202, 51.510672], [4.620539, 51.510736], [4.619405, 51.516172], [4.626402, 51.518921], [4.624987, 51.52109], [4.638716, 51.524413], [4.638158, 51.517205]]]}, "properties": {"code": "0879", "name": "Zundert", "regioFacet": "tcm:106-353627-1024", "level": 4, "url": "/regioinformatie/gemeente/zundert/"}}, {"type": "Feature", "geometry": {"type": "Polygon", "coordinates": [[[4.744138, 52.270125], [4.746699, 52.272253], [4.764012, 52.276418], [4.77991, 52.28313], [4.789562, 52.289533], [4.795762, 52.299428], [4.809884, 52.305776], [4.823793, 52.289806], [4.795085, 52.260256], [4.768471, 52.24793], [4.768505, 52.244689], [4.773272, 52.241034], [4.723302, 52.216354], [4.724155, 52.232371], [4.703714, 52.233789], [4.696494, 52.232216], [4.686151, 52.22661], [4.676699, 52.225926], [4.670293, 52.230795], [4.677327, 52.234562], [4.681006, 52.239019], [4.701619, 52.244327], [4.71322, 52.255401], [4.720786, 52.258781], [4.725698, 52.263243], [4.744138, 52.270125]]]}, "properties": {"code": "0358", "name": "Aalsmeer", "regioFacet": "tcm:106-353629-1024", "level": 4, "url": "/regioinformatie/gemeente/aalsmeer/"}}, {"type": "Feature", "geometry": {"type": "Polygon", "coordinates": [[[4.791643, 52.638233], [4.807816, 52.63399], [4.830225, 52.632678], [4.838549, 52.646138], [4.842635, 52.645963], [4.847476, 52.642033], [4.860646, 52.639092], [4.863882, 52.635359], [4.880723, 52.633693], [4.884793, 52.631274], [4.889414, 52.624032], [4.883992, 52.613138], [4.922427, 52.611471], [4.926925, 52.606697], [4.915415, 52.608651], [4.898774, 52.601599], [4.89001, 52.594188], [4.886445, 52.586268], [4.880216, 52.580309], [4.865627, 52.573705], [4.861449, 52.562407], [4.851828, 52.554832], [4.842278, 52.543493], [4.83391, 52.53896], [4.824462, 52.542689], [4.816993, 52.535648], [4.824451, 52.533834], [4.821582, 52.531877], [4.811627, 52.53019], [4.804923, 52.525436], [4.798284, 52.52436], [4.79244, 52.519725], [4.788373, 52.519164], [4.782476, 52.519581], [4.777796, 52.531992], [4.777886, 52.544193], [4.781623, 52.557102], [4.752932, 52.562628], [4.745084, 52.566851], [4.756478, 52.591568], [4.737462, 52.593858], [4.736413, 52.60546], [4.733348, 52.607547], [4.739451, 52.613868], [4.728851, 52.619785], [4.714587, 52.624782], [4.715287, 52.62582], [4.709796, 52.628724], [4.711419, 52.629887], [4.708276, 52.630849], [4.710038, 52.642486], [4.714201, 52.642822], [4.712815, 52.646211], [4.717609, 52.64665], [4.716908, 52.649593], [4.722676, 52.649365], [4.721793, 52.650725], [4.729369, 52.656203], [4.725707, 52.657309], [4.732853, 52.65989], [4.731199, 52.661708], [4.735282, 52.661397], [4.7341, 52.662931], [4.739034, 52.662978], [4.742605, 52.661182], [4.751747, 52.669675], [4.752411, 52.671445], [4.747707, 52.67685], [4.741742, 52.680807], [4.749749, 52.682406], [4.779026, 52.676484], [4.774487, 52.66533], [4.778042, 52.664318], [4.772981, 52.653404], [4.775711, 52.652863], [4.773669, 52.648354], [4.800509, 52.660241], [4.79903, 52.654083], [4.785279, 52.638115], [4.791643, 52.638233]]]}, "properties": {"code": "0361", "name": "Alkmaar", "regioFacet": "tcm:106-353630-1024", "level": 4, "url": "/regioinformatie/gemeente/alkmaar/"}}, {"type": "Feature", "geometry": {"type": "Polygon", "coordinates": [[[4.823842, 52.29054], [4.809884, 52.305776], [4.816774, 52.311078], [4.818753, 52.32556], [4.839405, 52.327359], [4.839476, 52.329146], [4.843961, 52.330218], [4.855924, 52.330318], [4.856755, 52.321413], [4.896292, 52.32242], [4.909051, 52.318826], [4.905388, 52.315889], [4.907678, 52.306572], [4.898528, 52.299858], [4.901094, 52.29616], [4.89208, 52.294932], [4.890913, 52.291494], [4.887075, 52.289738], [4.889731, 52.287485], [4.88576, 52.286489], [4.87891, 52.27924], [4.88163, 52.274463], [4.87947, 52.267076], [4.882345, 52.26404], [4.878463, 52.261474], [4.873625, 52.260891], [4.868779, 52.251698], [4.857522, 52.247723], [4.854415, 52.241905], [4.834811, 52.249947], [4.794546, 52.260848], [4.823842, 52.29054]]]}, "properties": {"code": "0362", "name": "Amstelveen", "regioFacet": "tcm:106-353631-1024", "level": 4, "url": "/regioinformatie/gemeente/amstelveen/"}}, {"type": "Feature", "geometry": {"type": "Polygon", "coordinates": [[[4.956098, 52.323819], [4.967541, 52.327758], [4.970254, 52.326169], [4.975307, 52.330562], [4.984476, 52.330565], [4.990742, 52.326347], [4.99786, 52.313979], [5.016134, 52.324512], [5.021543, 52.302457], [5.011623, 52.303337], [5.003835, 52.298509], [5.001789, 52.292793], [4.997475, 52.289118], [4.983506, 52.290368], [4.969726, 52.283121], [4.967674, 52.279582], [4.966189, 52.28098], [4.962381, 52.280261], [4.961054, 52.278174], [4.955241, 52.278305], [4.929328, 52.308532], [4.938724, 52.315091], [4.941043, 52.31962], [4.937619, 52.323299], [4.940494, 52.325678], [4.947659, 52.328138], [4.952676, 52.322644], [4.956098, 52.323819]]]}, "properties": {"code": "0363", "name": "Amsterdam", "regioFacet": "tcm:106-353632-1024", "level": 4, "url": "/regioinformatie/gemeente/amsterdam/"}}, {"type": "Feature", "geometry": {"type": "Polygon", "coordinates": [[[4.863013, 52.568593], [4.868601, 52.575926], [4.87638, 52.57783], [4.88488, 52.584343], [4.89001, 52.594188], [4.901082, 52.602882], [4.915553, 52.608668], [4.925337, 52.607517], [4.928948, 52.605165], [4.934613, 52.606211], [4.950721, 52.614106], [4.955292, 52.612285], [4.959321, 52.60471], [4.948841, 52.598786], [4.954754, 52.580211], [4.979922, 52.58699], [4.991895, 52.582234], [4.997165, 52.575158], [4.976505, 52.561152], [4.976456, 52.546619], [4.959465, 52.533314], [4.954101, 52.516352], [4.946276, 52.512113], [4.928785, 52.510817], [4.920919, 52.511846], [4.909367, 52.517039], [4.874911, 52.520014], [4.859382, 52.525034], [4.847957, 52.525305], [4.837565, 52.530545], [4.83391, 52.53896], [4.842319, 52.543527], [4.851828, 52.554832], [4.859131, 52.559889], [4.863013, 52.568593]]]}, "properties": {"code": "0370", "name": "Beemster", "regioFacet": "tcm:106-353633-1024", "level": 4, "url": "/regioinformatie/gemeente/beemster/"}}, {"type": "Feature", "geometry": {"type": "Polygon", "coordinates": [[[4.607646, 52.640609], [4.623757, 52.725772], [4.634479, 52.758329], [4.65104, 52.755847], [4.658956, 52.749634], [4.65933, 52.747209], [4.662932, 52.746655], [4.671149, 52.740607], [4.6788, 52.739227], [4.683529, 52.733537], [4.689822, 52.732992], [4.692399, 52.731196], [4.715807, 52.710047], [4.720223, 52.697458], [4.747707, 52.67685], [4.75244, 52.670945], [4.742605, 52.661182], [4.739034, 52.662978], [4.7341, 52.662931], [4.735282, 52.661397], [4.731199, 52.661708], [4.732853, 52.65989], [4.725707, 52.657309], [4.729369, 52.656204], [4.721793, 52.650725], [4.722676, 52.649365], [4.716908, 52.649593], [4.717609, 52.64665], [4.712815, 52.646211], [4.714201, 52.642822], [4.710038, 52.642486], [4.708276, 52.63085], [4.711419, 52.629887], [4.709796, 52.628724], [4.714755, 52.624909], [4.707955, 52.620348], [4.689993, 52.623751], [4.685635, 52.61951], [4.683693, 52.612672], [4.678365, 52.60583], [4.674443, 52.603771], [4.672581, 52.590904], [4.655433, 52.585537], [4.655275, 52.58293], [4.610371, 52.5737], [4.594074, 52.575482], [4.607646, 52.640609]]]}, "properties": {"code": "0373", "name": "Bergen (NH)", "regioFacet": "tcm:106-353634-1024", "level": 4, "url": "/regioinformatie/gemeente/bergen-nh/"}}, {"type": "Feature", "geometry": {"type": "Polygon", "coordinates": [[[4.583181, 52.4889], [4.566312, 52.492744], [4.571494, 52.502036], [4.599931, 52.497261], [4.598636, 52.495945], [4.604314, 52.494389], [4.611474, 52.496631], [4.635, 52.499529], [4.655379, 52.497925], [4.666054, 52.501744], [4.677993, 52.493365], [4.690383, 52.49083], [4.694742, 52.491339], [4.695509, 52.487385], [4.699666, 52.489799], [4.707982, 52.486198], [4.705472, 52.481856], [4.700729, 52.480237], [4.695246, 52.468539], [4.684266, 52.463521], [4.685069, 52.462557], [4.674848, 52.45552], [4.661925, 52.461757], [4.667606, 52.468426], [4.653333, 52.477155], [4.649283, 52.476532], [4.646736, 52.477082], [4.646925, 52.478571], [4.613553, 52.483803], [4.60405, 52.481468], [4.600484, 52.484498], [4.583181, 52.4889]]]}, "properties": {"code": "0375", "name": "Beverwijk", "regioFacet": "tcm:106-353635-1024", "level": 4, "url": "/regioinformatie/gemeente/beverwijk/"}}, {"type": "Feature", "geometry": {"type": "Polygon", "coordinates": [[[5.229825, 52.278585], [5.232492, 52.28127], [5.246491, 52.282284], [5.271078, 52.290949], [5.277598, 52.296048], [5.280912, 52.293781], [5.305455, 52.307631], [5.335461, 52.290218], [5.305834, 52.277329], [5.265978, 52.281926], [5.244081, 52.254663], [5.225897, 52.267976], [5.225508, 52.272909], [5.209244, 52.265935], [5.203822, 52.267115], [5.207222, 52.274349], [5.210889, 52.277351], [5.227729, 52.277125], [5.229825, 52.278585]]]}, "properties": {"code": "0376", "name": "Blaricum", "regioFacet": "tcm:106-353636-1024", "level": 4, "url": "/regioinformatie/gemeente/blaricum/"}}, {"type": "Feature", "geometry": {"type": "Polygon", "coordinates": [[[4.590186, 52.328353], [4.597292, 52.327831], [4.611384, 52.322205], [4.611676, 52.31356], [4.596541, 52.317724], [4.587686, 52.317881], [4.587486, 52.316762], [4.583272, 52.318395], [4.573241, 52.315356], [4.568955, 52.316513], [4.563707, 52.309298], [4.547322, 52.313997], [4.591659, 52.391716], [4.526045, 52.405167], [4.539974, 52.427878], [4.544065, 52.439302], [4.587823, 52.434436], [4.618102, 52.424826], [4.621468, 52.424904], [4.624992, 52.423492], [4.623576, 52.422075], [4.625914, 52.420557], [4.626399, 52.416529], [4.628735, 52.415844], [4.627618, 52.412598], [4.631648, 52.411666], [4.621606, 52.387982], [4.61082, 52.389821], [4.608552, 52.385444], [4.604023, 52.385329], [4.600531, 52.382921], [4.59952, 52.377353], [4.601526, 52.372278], [4.604586, 52.371355], [4.604158, 52.367592], [4.607324, 52.367045], [4.590186, 52.328353]]]}, "properties": {"code": "0377", "name": "Bloemendaal", "regioFacet": "tcm:106-353637-1024", "level": 4, "url": "/regioinformatie/gemeente/bloemendaal/"}}, {"type": "Feature", "geometry": {"type": "Polygon", "coordinates": [[[5.147527, 52.278787], [5.15479, 52.282087], [5.162691, 52.282927], [5.162128, 52.284972], [5.164926, 52.285022], [5.166961, 52.28113], [5.178264, 52.283746], [5.186353, 52.276037], [5.201117, 52.26814], [5.180355, 52.264165], [5.162129, 52.255796], [5.137609, 52.259604], [5.137724, 52.263064], [5.14433, 52.271289], [5.143946, 52.274301], [5.141666, 52.275192], [5.143279, 52.276677], [5.141297, 52.277446], [5.14366, 52.27971], [5.147527, 52.278787]]]}, "properties": {"code": "0381", "name": "Bussum", "regioFacet": "tcm:106-353638-1024", "level": 4, "url": "/regioinformatie/gemeente/bussum/"}}, {"type": "Feature", "geometry": {"type": "Polygon", "coordinates": [[[4.718164, 52.580082], [4.724883, 52.578737], [4.727092, 52.579739], [4.739993, 52.578928], [4.744456, 52.590288], [4.750968, 52.589119], [4.752432, 52.592585], [4.756478, 52.591568], [4.744736, 52.567354], [4.752932, 52.562628], [4.781623, 52.557102], [4.777886, 52.544193], [4.777733, 52.533745], [4.768019, 52.534635], [4.762266, 52.537528], [4.755276, 52.535736], [4.725454, 52.546552], [4.719804, 52.543855], [4.71886, 52.551643], [4.705898, 52.548223], [4.706431, 52.546295], [4.703693, 52.545396], [4.694533, 52.544188], [4.697613, 52.529213], [4.695736, 52.526728], [4.659883, 52.531763], [4.653076, 52.530689], [4.598666, 52.531074], [4.583321, 52.533892], [4.594074, 52.575482], [4.610371, 52.5737], [4.655275, 52.58293], [4.655433, 52.585537], [4.672581, 52.590904], [4.67399, 52.589886], [4.670645, 52.588786], [4.671641, 52.587298], [4.677635, 52.585575], [4.677597, 52.584235], [4.686248, 52.582978], [4.685317, 52.580977], [4.691086, 52.579578], [4.696857, 52.578972], [4.698319, 52.58186], [4.70336, 52.581551], [4.703756, 52.580339], [4.718164, 52.580082]]]}, "properties": {"code": "0383", "name": "Castricum", "regioFacet": "tcm:106-353639-1024", "level": 4, "url": "/regioinformatie/gemeente/castricum/"}}, {"type": "Feature", "geometry": {"type": "Polygon", "coordinates": [[[4.706478, 52.883841], [4.629451, 52.889722], [4.646201, 52.941069], [4.741034, 52.980244], [4.791653, 52.980507], [4.876247, 53.021978], [4.925838, 52.963127], [4.875, 52.890362], [4.80833, 52.914343], [4.804532, 52.910487], [4.794909, 52.912578], [4.770939, 52.878626], [4.706478, 52.883841]]]}, "properties": {"code": "0400", "name": "Den Helder", "regioFacet": "tcm:106-353640-1024", "level": 4, "url": "/regioinformatie/gemeente/den-helder/"}}, {"type": "Feature", "geometry": {"type": "Polygon", "coordinates": [[[4.952642, 52.3401], [4.965823, 52.354697], [4.969595, 52.356102], [4.999321, 52.341536], [5.009527, 52.342004], [5.015899, 52.348323], [5.039057, 52.354576], [5.039969, 52.341266], [5.023739, 52.336542], [5.016122, 52.332643], [5.012794, 52.330207], [5.016134, 52.324512], [4.99786, 52.313979], [4.990742, 52.326347], [4.984476, 52.330565], [4.975307, 52.330562], [4.970254, 52.326169], [4.967541, 52.327758], [4.952676, 52.322644], [4.947659, 52.328138], [4.944716, 52.32713], [4.942694, 52.329334], [4.948901, 52.331463], [4.946006, 52.333768], [4.952642, 52.3401]]]}, "properties": {"code": "0384", "name": "Diemen", "regioFacet": "tcm:106-353641-1024", "level": 4, "url": "/regioinformatie/gemeente/diemen/"}}, {"type": "Feature", "geometry": {"type": "Polygon", "coordinates": [[[5.119414, 52.651163], [5.110621, 52.656753], [5.106554, 52.66315], [5.096266, 52.669723], [5.098818, 52.671262], [5.091752, 52.678924], [5.125448, 52.691164], [5.187023, 52.707452], [5.204595, 52.677614], [5.208368, 52.683727], [5.246002, 52.686603], [5.262266, 52.676829], [5.257187, 52.644471], [5.135306, 52.603937], [5.12522, 52.615174], [5.094862, 52.632304], [5.10628, 52.635827], [5.101929, 52.647181], [5.119414, 52.651163]]]}, "properties": {"code": "0498", "name": "Drechterland", "regioFacet": "tcm:106-353642-1024", "level": 4, "url": "/regioinformatie/gemeente/drechterland/"}}, {"type": "Feature", "geometry": {"type": "Polygon", "coordinates": [[[5.030079, 52.519258], [5.044431, 52.518019], [5.042741, 52.520138], [5.046522, 52.519876], [5.067215, 52.526668], [5.080072, 52.544403], [5.100722, 52.508041], [5.112988, 52.497886], [5.061008, 52.485775], [5.058646, 52.485525], [5.059095, 52.490956], [5.038612, 52.488317], [5.031904, 52.488672], [5.024634, 52.484568], [4.997964, 52.494733], [5.0247, 52.522403], [5.030079, 52.519258]]]}, "properties": {"code": "0385", "name": "Edam-Volendam", "regioFacet": "tcm:106-353643-1024", "level": 4, "url": "/regioinformatie/gemeente/edam-volendam/"}}, {"type": "Feature", "geometry": {"type": "Polygon", "coordinates": [[[5.285048, 52.689133], [5.268962, 52.680268], [5.25919, 52.686304], [5.254319, 52.747011], [5.259341, 52.74487], [5.269987, 52.745184], [5.274387, 52.750634], [5.211338, 52.800406], [5.281179, 52.840631], [5.37726, 52.764805], [5.361147, 52.675726], [5.301635, 52.692427], [5.287619, 52.691656], [5.28645, 52.688749], [5.285048, 52.689133]]]}, "properties": {"code": "0388", "name": "Enkhuizen", "regioFacet": "tcm:106-353644-1024", "level": 4, "url": "/regioinformatie/gemeente/enkhuizen/"}}, {"type": "Feature", "geometry": {"type": "Polygon", "coordinates": [[[4.625764, 52.40035], [4.631648, 52.411666], [4.636184, 52.41082], [4.650725, 52.428555], [4.666877, 52.425058], [4.672084, 52.422463], [4.674372, 52.418634], [4.681227, 52.419331], [4.682496, 52.413369], [4.676519, 52.409963], [4.671962, 52.409447], [4.674379, 52.406469], [4.668816, 52.404163], [4.668665, 52.401399], [4.678686, 52.399477], [4.673199, 52.393688], [4.674491, 52.390923], [4.68119, 52.390287], [4.682596, 52.388216], [4.686921, 52.387444], [4.685597, 52.382977], [4.671471, 52.372073], [4.676254, 52.353815], [4.673088, 52.350862], [4.649552, 52.340654], [4.639648, 52.338906], [4.640386, 52.349834], [4.634931, 52.355909], [4.637607, 52.359504], [4.636626, 52.361484], [4.6303, 52.360649], [4.625629, 52.362126], [4.617903, 52.361472], [4.605724, 52.363405], [4.607324, 52.367045], [4.604158, 52.367592], [4.604586, 52.371355], [4.601526, 52.372278], [4.599534, 52.377278], [4.600855, 52.383378], [4.604168, 52.385373], [4.608552, 52.385444], [4.61082, 52.389821], [4.621606, 52.387982], [4.625764, 52.40035]]]}, "properties": {"code": "0392", "name": "Haarlem", "regioFacet": "tcm:106-353646-1024", "level": 4, "url": "/regioinformatie/gemeente/haarlem/"}}, {"type": "Feature", "geometry": {"type": "Polygon", "coordinates": [[[4.680515, 52.39018], [4.674521, 52.390905], [4.673199, 52.393688], [4.678686, 52.399477], [4.668665, 52.401399], [4.668816, 52.404163], [4.674379, 52.406469], [4.671962, 52.409447], [4.681131, 52.412317], [4.700537, 52.425513], [4.710655, 52.427693], [4.721983, 52.433336], [4.739208, 52.431064], [4.728759, 52.400711], [4.757747, 52.396742], [4.759125, 52.379329], [4.757256, 52.377979], [4.747534, 52.383181], [4.73081, 52.386428], [4.677383, 52.377088], [4.686003, 52.383473], [4.686921, 52.387444], [4.680515, 52.39018]]]}, "properties": {"code": "0393", "name": "Haarlemmerliede en Spaarnwoude", "regioFacet": "tcm:106-353647-1024", "level": 4, "url": "/regioinformatie/gemeente/haarlemmerliede-en-spaarnwoude/"}}, {"type": "Feature", "geometry": {"type": "Polygon", "coordinates": [[[4.67401, 52.351402], [4.676505, 52.355947], [4.671332, 52.371334], [4.676254, 52.376646], [4.729211, 52.386351], [4.746832, 52.383387], [4.75475, 52.379829], [4.758047, 52.375065], [4.755684, 52.35615], [4.790541, 52.341842], [4.797765, 52.335283], [4.817129, 52.32692], [4.819157, 52.323916], [4.816738, 52.311018], [4.809878, 52.305772], [4.795762, 52.299428], [4.789562, 52.289533], [4.77991, 52.28313], [4.764012, 52.276418], [4.746699, 52.272253], [4.739579, 52.267748], [4.729428, 52.265005], [4.71322, 52.255401], [4.701619, 52.244327], [4.681249, 52.239143], [4.677327, 52.234562], [4.665318, 52.227686], [4.64661, 52.22097], [4.632457, 52.216143], [4.61815, 52.214468], [4.601707, 52.214651], [4.583553, 52.218874], [4.571396, 52.216959], [4.556981, 52.219096], [4.55047, 52.226745], [4.554208, 52.231397], [4.562937, 52.234758], [4.569521, 52.259691], [4.567922, 52.267977], [4.588599, 52.280681], [4.59797, 52.297376], [4.611533, 52.31224], [4.612661, 52.327201], [4.620351, 52.333818], [4.631058, 52.337658], [4.648832, 52.340394], [4.67401, 52.351402]]]}, "properties": {"code": "0394", "name": "Haarlemmermeer", "regioFacet": "tcm:106-353648-1024", "level": 4, "url": "/regioinformatie/gemeente/haarlemmermeer/"}}, {"type": "Feature", "geometry": {"type": "Polygon", "coordinates": [[[4.653235, 52.530691], [4.659883, 52.531763], [4.695736, 52.526728], [4.690497, 52.518633], [4.69256, 52.510677], [4.695314, 52.509727], [4.694393, 52.507826], [4.709152, 52.509856], [4.707938, 52.506141], [4.706096, 52.506658], [4.703443, 52.503104], [4.705424, 52.500108], [4.711704, 52.496817], [4.720367, 52.494954], [4.713866, 52.492683], [4.707969, 52.486332], [4.699666, 52.489799], [4.695509, 52.487385], [4.694742, 52.491339], [4.690383, 52.49083], [4.677993, 52.493365], [4.666054, 52.501744], [4.655379, 52.497925], [4.635, 52.499529], [4.611474, 52.496631], [4.604314, 52.494389], [4.598636, 52.495945], [4.599931, 52.497261], [4.571494, 52.502036], [4.583321, 52.533892], [4.598666, 52.531074], [4.653235, 52.530691]]]}, "properties": {"code": "0396", "name": "Heemskerk", "regioFacet": "tcm:106-353649-1024", "level": 4, "url": "/regioinformatie/gemeente/heemskerk/"}}, {"type": "Feature", "geometry": {"type": "Polygon", "coordinates": [[[4.617953, 52.361471], [4.636626, 52.361484], [4.637607, 52.359504], [4.634931, 52.355909], [4.640314, 52.350053], [4.641034, 52.343986], [4.639648, 52.338906], [4.629741, 52.33731], [4.617619, 52.332379], [4.612144, 52.326418], [4.611384, 52.322205], [4.597292, 52.327831], [4.590186, 52.328353], [4.604888, 52.362649], [4.617953, 52.361471]]]}, "properties": {"code": "0397", "name": "Heemstede", "regioFacet": "tcm:106-353650-1024", "level": 4, "url": "/regioinformatie/gemeente/heemstede/"}}, {"type": "Feature", "geometry": {"type": "Polygon", "coordinates": [[[4.82601, 52.683159], [4.824606, 52.702116], [4.819429, 52.709148], [4.833767, 52.713804], [4.831735, 52.716897], [4.8268, 52.717656], [4.847685, 52.720259], [4.858093, 52.723345], [4.877703, 52.711988], [4.899015, 52.70672], [4.89986, 52.697587], [4.891419, 52.695176], [4.888704, 52.690456], [4.876249, 52.686292], [4.879396, 52.68008], [4.874501, 52.676415], [4.863179, 52.656469], [4.865075, 52.649436], [4.8765, 52.640965], [4.875635, 52.635118], [4.863882, 52.63536], [4.860646, 52.639092], [4.847476, 52.642033], [4.842141, 52.646044], [4.838549, 52.646138], [4.830225, 52.632678], [4.807816, 52.63399], [4.791768, 52.638531], [4.785279, 52.638115], [4.799391, 52.654708], [4.799548, 52.663964], [4.80173, 52.667321], [4.809232, 52.673217], [4.822105, 52.672389], [4.82511, 52.673527], [4.827075, 52.676437], [4.82601, 52.683159]]]}, "properties": {"code": "0398", "name": "Heerhugowaard", "regioFacet": "tcm:106-353651-1024", "level": 4, "url": "/regioinformatie/gemeente/heerhugowaard/"}}, {"type": "Feature", "geometry": {"type": "Polygon", "coordinates": [[[4.679779, 52.607851], [4.685561, 52.619423], [4.689993, 52.623751], [4.707955, 52.620348], [4.716241, 52.625025], [4.738356, 52.615165], [4.739451, 52.613868], [4.733348, 52.607547], [4.736413, 52.60546], [4.737141, 52.594507], [4.752139, 52.591891], [4.750968, 52.589119], [4.744456, 52.590288], [4.739993, 52.578928], [4.727092, 52.579739], [4.724883, 52.578737], [4.698319, 52.58186], [4.69521, 52.578996], [4.685317, 52.580977], [4.686248, 52.582978], [4.677597, 52.584235], [4.677635, 52.585575], [4.670649, 52.588542], [4.67399, 52.589886], [4.672233, 52.591901], [4.674443, 52.603771], [4.679779, 52.607851]]]}, "properties": {"code": "0399", "name": "Heiloo", "regioFacet": "tcm:106-353652-1024", "level": 4, "url": "/regioinformatie/gemeente/heiloo/"}}, {"type": "Feature", "geometry": {"type": "Polygon", "coordinates": [[[5.140245, 52.224593], [5.142277, 52.243317], [5.140048, 52.245774], [5.139605, 52.254015], [5.136801, 52.253951], [5.136471, 52.259816], [5.126026, 52.259928], [5.119304, 52.273452], [5.10265, 52.277857], [5.102013, 52.281654], [5.104646, 52.285385], [5.1218, 52.281722], [5.125396, 52.278785], [5.134405, 52.277816], [5.141636, 52.282363], [5.142556, 52.28487], [5.146702, 52.282944], [5.141297, 52.277446], [5.143279, 52.276677], [5.141666, 52.275192], [5.143946, 52.274301], [5.14433, 52.271289], [5.137724, 52.263064], [5.137609, 52.259604], [5.162129, 52.255796], [5.180355, 52.264165], [5.201117, 52.26814], [5.203822, 52.267115], [5.188853, 52.247651], [5.198951, 52.240848], [5.21896, 52.212129], [5.217214, 52.206233], [5.192586, 52.177833], [5.124111, 52.180827], [5.121939, 52.18558], [5.138398, 52.191611], [5.145769, 52.198879], [5.140527, 52.207273], [5.142512, 52.207804], [5.142436, 52.208707], [5.139828, 52.20798], [5.133943, 52.214295], [5.122527, 52.218825], [5.122299, 52.220751], [5.130008, 52.221491], [5.127945, 52.224404], [5.140245, 52.224593]]]}, "properties": {"code": "0402", "name": "Hilversum", "regioFacet": "tcm:106-353653-1024", "level": 4, "url": "/regioinformatie/gemeente/hilversum/"}}, {"type": "Feature", "geometry": {"type": "Polygon", "coordinates": [[[4.875, 52.890362], [4.925838, 52.963127], [4.876247, 53.021978], [4.932435, 53.044029], [5.006986, 53.044289], [5.074494, 53.018424], [5.144281, 53.026152], [5.164249, 53.001004], [5.169135, 52.997612], [5.215064, 52.916102], [5.121476, 52.845928], [5.111993, 52.779171], [5.106523, 52.774469], [5.099812, 52.773441], [5.093289, 52.769533], [5.069723, 52.768103], [5.05758, 52.757838], [5.042105, 52.752639], [5.021659, 52.751524], [4.95587, 52.753275], [4.954342, 52.755296], [4.944386, 52.753659], [4.940328, 52.750421], [4.932793, 52.748928], [4.931251, 52.741687], [4.899061, 52.706806], [4.877703, 52.711988], [4.858093, 52.723345], [4.847685, 52.720259], [4.850374, 52.725377], [4.840065, 52.734434], [4.831374, 52.746301], [4.808383, 52.76695], [4.806843, 52.770317], [4.813336, 52.771334], [4.820754, 52.769607], [4.819849, 52.774129], [4.828997, 52.775326], [4.827409, 52.783565], [4.831256, 52.78382], [4.834573, 52.807778], [4.809647, 52.836899], [4.794423, 52.847374], [4.782563, 52.851436], [4.758855, 52.848689], [4.770218, 52.877614], [4.794909, 52.912578], [4.804532, 52.910487], [4.80833, 52.914343], [4.875, 52.890362]]]}, "properties": {"code": "1911", "name": "Hollands Kroon", "regioFacet": "tcm:106-353654-1024", "level": 4, "url": "/regioinformatie/gemeente/hollands-kroon/"}}, {"type": "Feature", "geometry": {"type": "Polygon", "coordinates": [[[5.038648, 52.656842], [5.034763, 52.666556], [5.03554, 52.670453], [5.063455, 52.673133], [5.062292, 52.676708], [5.08673, 52.684365], [5.098575, 52.671744], [5.096266, 52.669723], [5.106554, 52.66315], [5.110621, 52.656753], [5.119414, 52.651163], [5.101929, 52.647181], [5.10628, 52.635827], [5.094862, 52.632304], [5.12522, 52.615174], [5.135306, 52.603937], [5.060428, 52.578936], [5.027031, 52.612606], [5.020494, 52.630008], [5.013341, 52.630946], [5.014185, 52.634728], [5.018053, 52.638116], [5.027258, 52.641181], [5.036525, 52.64746], [5.038485, 52.647113], [5.038648, 52.656842]]]}, "properties": {"code": "0405", "name": "Hoorn", "regioFacet": "tcm:106-353655-1024", "level": 4, "url": "/regioinformatie/gemeente/hoorn/"}}, {"type": "Feature", "geometry": {"type": "Polygon", "coordinates": [[[5.230353, 52.305465], [5.22459, 52.325762], [5.281141, 52.31677], [5.305455, 52.307631], [5.280912, 52.293781], [5.2775, 52.296017], [5.271078, 52.290949], [5.246491, 52.282284], [5.232492, 52.28127], [5.227729, 52.277125], [5.210889, 52.277351], [5.203735, 52.267136], [5.184703, 52.27801], [5.19502, 52.280923], [5.194662, 52.283479], [5.192137, 52.284116], [5.193803, 52.285528], [5.195683, 52.284765], [5.195295, 52.288723], [5.193241, 52.288141], [5.192379, 52.290329], [5.187075, 52.292603], [5.195917, 52.295077], [5.194992, 52.297107], [5.197798, 52.300335], [5.206867, 52.299919], [5.210061, 52.301973], [5.214143, 52.298479], [5.217235, 52.298764], [5.229561, 52.301724], [5.230353, 52.305465]]]}, "properties": {"code": "0406", "name": "Huizen", "regioFacet": "tcm:106-353656-1024", "level": 4, "url": "/regioinformatie/gemeente/huizen/"}}, {"type": "Feature", "geometry": {"type": "Polygon", "coordinates": [[[4.87672, 52.640532], [4.8627, 52.652998], [4.874443, 52.676327], [4.879396, 52.68008], [4.875975, 52.685825], [4.888704, 52.690456], [4.891471, 52.695202], [4.910847, 52.699909], [4.916109, 52.699147], [4.918124, 52.696875], [4.917314, 52.692909], [4.905618, 52.686419], [4.948479, 52.674778], [4.952743, 52.671765], [4.961766, 52.673709], [4.962131, 52.676027], [4.970609, 52.679631], [4.976759, 52.67742], [4.979205, 52.679679], [4.983009, 52.6751], [5.002353, 52.674927], [5.003414, 52.670489], [5.021266, 52.66442], [5.034763, 52.666556], [5.039052, 52.655843], [5.038485, 52.647113], [5.036525, 52.64746], [5.027258, 52.641181], [5.019241, 52.638793], [5.014185, 52.634728], [5.013502, 52.630426], [5.020494, 52.630008], [5.027031, 52.612606], [5.006574, 52.610506], [5.007949, 52.607799], [5.004881, 52.597573], [4.94985, 52.595285], [4.949258, 52.599533], [4.956941, 52.602223], [4.959321, 52.60471], [4.955506, 52.612046], [4.951323, 52.61407], [4.937368, 52.607232], [4.929062, 52.605162], [4.922427, 52.611471], [4.883992, 52.613139], [4.889287, 52.625541], [4.882397, 52.633027], [4.873515, 52.634167], [4.876401, 52.635852], [4.87672, 52.640532]]]}, "properties": {"code": "1598", "name": "Koggenland", "regioFacet": "tcm:106-353657-1024", "level": 4, "url": "/regioinformatie/gemeente/koggenland/"}}, {"type": "Feature", "geometry": {"type": "Polygon", "coordinates": [[[4.896489, 52.446184], [4.893278, 52.45715], [4.908221, 52.483097], [4.920651, 52.490434], [4.941478, 52.485391], [4.943457, 52.487733], [4.948942, 52.48658], [4.946877, 52.468883], [4.950661, 52.458595], [4.947982, 52.45226], [4.95069, 52.423596], [4.944069, 52.414342], [4.930716, 52.411608], [4.898741, 52.42449], [4.899285, 52.432774], [4.894456, 52.43712], [4.896742, 52.44015], [4.896489, 52.446184]]]}, "properties": {"code": "0415", "name": "Landsmeer", "regioFacet": "tcm:106-353658-1024", "level": 4, "url": "/regioinformatie/gemeente/landsmeer/"}}, {"type": "Feature", "geometry": {"type": "Polygon", "coordinates": [[[4.800561, 52.665507], [4.800509, 52.660241], [4.773669, 52.648354], [4.775711, 52.652863], [4.772981, 52.653404], [4.778042, 52.664318], [4.774487, 52.66533], [4.779026, 52.676484], [4.749749, 52.682406], [4.741742, 52.680807], [4.728854, 52.691404], [4.752893, 52.697313], [4.769647, 52.698793], [4.772585, 52.719538], [4.778812, 52.731347], [4.786566, 52.727946], [4.786565, 52.721034], [4.797602, 52.720848], [4.804582, 52.714333], [4.827198, 52.717572], [4.831735, 52.716897], [4.833767, 52.713804], [4.819429, 52.709148], [4.824649, 52.701943], [4.826548, 52.674973], [4.822105, 52.672389], [4.80912, 52.673183], [4.800561, 52.665507]]]}, "properties": {"code": "0416", "name": "Langedijk", "regioFacet": "tcm:106-353659-1024", "level": 4, "url": "/regioinformatie/gemeente/langedijk/"}}, {"type": "Feature", "geometry": {"type": "Polygon", "coordinates": [[[5.209244, 52.265935], [5.225508, 52.272909], [5.225897, 52.267976], [5.245093, 52.254431], [5.222901, 52.225261], [5.22473, 52.225197], [5.21896, 52.212129], [5.198951, 52.240848], [5.188853, 52.247651], [5.203822, 52.267115], [5.209244, 52.265935]]]}, "properties": {"code": "0417", "name": "Laren", "regioFacet": "tcm:106-353660-1024", "level": 4, "url": "/regioinformatie/gemeente/laren/"}}, {"type": "Feature", "geometry": {"type": "Polygon", "coordinates": [[[5.083582, 52.769615], [5.093289, 52.769533], [5.099812, 52.773441], [5.106523, 52.774469], [5.111993, 52.779171], [5.121476, 52.845928], [5.215064, 52.916102], [5.238682, 52.874061], [5.281179, 52.840631], [5.211338, 52.800406], [5.274387, 52.750634], [5.269987, 52.745184], [5.259341, 52.74487], [5.254319, 52.747011], [5.257501, 52.716181], [5.2215, 52.717697], [5.210698, 52.716854], [5.185373, 52.710228], [5.187023, 52.707452], [5.125448, 52.691164], [5.091491, 52.678831], [5.08673, 52.684365], [5.082607, 52.684003], [5.062292, 52.676708], [5.063455, 52.673133], [5.03554, 52.670453], [5.034898, 52.666582], [5.023915, 52.664595], [5.003414, 52.670489], [5.002353, 52.674927], [4.983009, 52.6751], [4.979135, 52.682293], [4.981157, 52.69276], [4.986065, 52.699222], [4.971888, 52.712138], [4.984523, 52.716918], [4.988271, 52.713382], [5.011164, 52.722907], [5.011047, 52.726241], [5.007422, 52.724982], [4.996387, 52.73862], [4.998402, 52.740329], [4.995215, 52.743696], [4.998404, 52.744643], [4.996144, 52.747151], [4.99686, 52.752065], [5.025926, 52.751571], [5.045499, 52.753232], [5.05822, 52.758225], [5.069723, 52.768103], [5.083582, 52.769615]]]}, "properties": {"code": "0420", "name": "Medemblik", "regioFacet": "tcm:106-353661-1024", "level": 4, "url": "/regioinformatie/gemeente/medemblik/"}}, {"type": "Feature", "geometry": {"type": "Polygon", "coordinates": [[[5.015767, 52.33241], [5.023739, 52.336542], [5.039969, 52.341266], [5.03768, 52.375401], [5.079162, 52.388654], [5.079289, 52.370408], [5.134609, 52.328709], [5.112561, 52.314801], [5.122752, 52.311049], [5.107939, 52.303477], [5.100533, 52.310458], [5.092107, 52.313023], [5.093077, 52.31415], [5.077514, 52.318177], [5.064742, 52.323791], [5.065259, 52.319182], [5.057153, 52.316034], [5.054723, 52.318565], [5.042283, 52.321479], [5.0356, 52.322567], [5.034344, 52.321072], [5.021036, 52.323717], [5.016653, 52.322987], [5.012794, 52.330207], [5.015767, 52.33241]]]}, "properties": {"code": "0424", "name": "Muiden", "regioFacet": "tcm:106-353662-1024", "level": 4, "url": "/regioinformatie/gemeente/muiden/"}}, {"type": "Feature", "geometry": {"type": "Polygon", "coordinates": [[[5.116854, 52.307854], [5.122752, 52.311049], [5.112561, 52.314801], [5.134609, 52.328709], [5.146144, 52.319669], [5.151132, 52.318647], [5.22459, 52.325762], [5.230351, 52.30543], [5.229561, 52.301724], [5.219245, 52.299112], [5.214143, 52.298479], [5.20901, 52.30202], [5.208722, 52.300257], [5.197798, 52.300335], [5.195855, 52.29925], [5.195917, 52.295077], [5.187075, 52.292603], [5.192379, 52.290329], [5.193241, 52.288141], [5.195379, 52.288624], [5.195683, 52.284765], [5.193803, 52.285528], [5.192137, 52.284116], [5.194662, 52.283479], [5.19502, 52.280923], [5.189987, 52.279099], [5.184703, 52.27801], [5.178264, 52.283746], [5.166961, 52.28113], [5.164934, 52.285015], [5.162621, 52.285015], [5.162691, 52.282927], [5.15479, 52.282087], [5.147503, 52.278709], [5.144181, 52.27954], [5.146717, 52.282915], [5.142633, 52.284876], [5.141636, 52.282363], [5.134405, 52.277816], [5.125396, 52.278785], [5.1218, 52.281722], [5.104646, 52.285385], [5.098645, 52.29067], [5.099354, 52.292804], [5.106065, 52.294668], [5.107693, 52.297226], [5.097807, 52.299384], [5.096483, 52.307293], [5.100567, 52.310296], [5.107939, 52.303477], [5.116854, 52.307854]]]}, "properties": {"code": "0425", "name": "Naarden", "regioFacet": "tcm:106-353663-1024", "level": 4, "url": "/regioinformatie/gemeente/naarden/"}}, {"type": "Feature", "geometry": {"type": "Polygon", "coordinates": [[[4.845124, 52.453248], [4.844924, 52.456482], [4.848568, 52.459569], [4.852505, 52.470367], [4.862587, 52.468498], [4.882438, 52.474802], [4.890532, 52.478959], [4.895631, 52.478228], [4.90647, 52.479826], [4.89311, 52.456349], [4.896489, 52.446184], [4.896742, 52.44015], [4.894464, 52.437065], [4.899285, 52.432774], [4.89874, 52.424461], [4.877666, 52.425883], [4.870741, 52.430395], [4.861763, 52.429684], [4.853572, 52.442274], [4.842951, 52.452261], [4.845124, 52.453248]]]}, "properties": {"code": "0431", "name": "Oostzaan", "regioFacet": "tcm:106-353664-1024", "level": 4, "url": "/regioinformatie/gemeente/oostzaan/"}}, {"type": "Feature", "geometry": {"type": "Polygon", "coordinates": [[[4.931955, 52.744782], [4.932907, 52.748985], [4.940328, 52.750421], [4.944386, 52.753659], [4.954342, 52.755296], [4.955822, 52.753279], [4.99686, 52.752065], [4.996144, 52.747151], [4.998404, 52.744643], [4.995215, 52.743696], [4.998402, 52.740329], [4.996387, 52.73862], [5.007422, 52.724982], [5.011047, 52.726241], [5.011164, 52.722907], [4.988271, 52.713382], [4.984523, 52.716918], [4.971888, 52.712138], [4.986065, 52.699222], [4.981157, 52.69276], [4.979205, 52.679679], [4.976759, 52.67742], [4.970623, 52.679631], [4.966419, 52.67855], [4.966321, 52.677195], [4.962094, 52.675992], [4.961766, 52.673709], [4.952743, 52.671765], [4.948479, 52.674778], [4.905618, 52.686419], [4.917314, 52.692909], [4.918124, 52.696875], [4.915949, 52.699305], [4.910847, 52.699909], [4.89986, 52.697587], [4.898669, 52.706832], [4.930263, 52.74053], [4.931955, 52.744782]]]}, "properties": {"code": "0432", "name": "Opmeer", "regioFacet": "tcm:106-353665-1024", "level": 4, "url": "/regioinformatie/gemeente/opmeer/"}}, {"type": "Feature", "geometry": {"type": "Polygon", "coordinates": [[[4.899192, 52.29856], [4.899067, 52.300588], [4.907678, 52.306572], [4.905255, 52.310684], [4.90549, 52.316162], [4.912376, 52.318248], [4.914281, 52.320408], [4.910334, 52.323566], [4.913881, 52.324552], [4.912932, 52.33051], [4.92255, 52.333084], [4.923765, 52.335443], [4.928493, 52.336555], [4.936512, 52.334592], [4.950323, 52.338638], [4.946006, 52.333768], [4.948901, 52.331463], [4.942694, 52.329334], [4.944716, 52.32713], [4.937961, 52.324122], [4.941043, 52.31962], [4.938724, 52.315091], [4.929328, 52.308532], [4.955241, 52.278305], [4.942692, 52.278184], [4.933755, 52.280896], [4.926444, 52.27978], [4.926651, 52.272445], [4.929422, 52.268403], [4.924748, 52.267001], [4.923257, 52.26309], [4.918118, 52.261695], [4.917601, 52.257077], [4.911027, 52.25271], [4.903076, 52.253205], [4.898597, 52.250931], [4.891325, 52.253303], [4.88705, 52.250898], [4.882719, 52.253712], [4.873493, 52.250791], [4.870121, 52.253282], [4.873274, 52.2606], [4.87908, 52.261713], [4.88246, 52.264276], [4.87947, 52.267076], [4.88163, 52.274463], [4.87891, 52.27924], [4.88576, 52.286489], [4.889731, 52.287485], [4.887075, 52.289738], [4.890913, 52.291494], [4.89208, 52.294932], [4.901018, 52.296076], [4.899192, 52.29856]]]}, "properties": {"code": "0437", "name": "Ouder-Amstel", "regioFacet": "tcm:106-353666-1024", "level": 4, "url": "/regioinformatie/gemeente/ouder-amstel/"}}, {"type": "Feature", "geometry": {"type": "Polygon", "coordinates": [[[4.944117, 52.512445], [4.946494, 52.512189], [4.954128, 52.516378], [4.956999, 52.52911], [4.967423, 52.527326], [4.99227, 52.519733], [5.001031, 52.526889], [5.008968, 52.527706], [5.0247, 52.522403], [4.97401, 52.470404], [4.957995, 52.471227], [4.953617, 52.475694], [4.953998, 52.482939], [4.948316, 52.484005], [4.948942, 52.48658], [4.943457, 52.487733], [4.941478, 52.485391], [4.920651, 52.490434], [4.923788, 52.49316], [4.926209, 52.500179], [4.925116, 52.50553], [4.934724, 52.51028], [4.934352, 52.511641], [4.944117, 52.512445]]]}, "properties": {"code": "0439", "name": "Purmerend", "regioFacet": "tcm:106-353667-1024", "level": 4, "url": "/regioinformatie/gemeente/purmerend/"}}, {"type": "Feature", "geometry": {"type": "Polygon", "coordinates": [[[4.690352, 52.732622], [4.683529, 52.733537], [4.6788, 52.739227], [4.671149, 52.740607], [4.662932, 52.746655], [4.659595, 52.747051], [4.658956, 52.749634], [4.65104, 52.755847], [4.634479, 52.758329], [4.656365, 52.797019], [4.693992, 52.884473], [4.770017, 52.878871], [4.758855, 52.848689], [4.782563, 52.851436], [4.794423, 52.847374], [4.809647, 52.836899], [4.834573, 52.807778], [4.831256, 52.78382], [4.827409, 52.783565], [4.828997, 52.775326], [4.819849, 52.774129], [4.820754, 52.769607], [4.813336, 52.771334], [4.806846, 52.77028], [4.809668, 52.765339], [4.831374, 52.746301], [4.840065, 52.734434], [4.850374, 52.725377], [4.847685, 52.720259], [4.805026, 52.714209], [4.797602, 52.720848], [4.786565, 52.721034], [4.786566, 52.727946], [4.778812, 52.731347], [4.772585, 52.719538], [4.769647, 52.698793], [4.752893, 52.697313], [4.728854, 52.691404], [4.71978, 52.697986], [4.715258, 52.710653], [4.690352, 52.732622]]]}, "properties": {"code": "0441", "name": "Schagen", "regioFacet": "tcm:106-353668-1024", "level": 4, "url": "/regioinformatie/gemeente/schagen/"}}, {"type": "Feature", "geometry": {"type": "Polygon", "coordinates": [[[5.228213, 52.717258], [5.257501, 52.716181], [5.25919, 52.686304], [5.268962, 52.680268], [5.262266, 52.676829], [5.246002, 52.686603], [5.208368, 52.683727], [5.204595, 52.677614], [5.185373, 52.710228], [5.210971, 52.71691], [5.228213, 52.717258]]]}, "properties": {"code": "0532", "name": "Stede Broec", "regioFacet": "tcm:106-353670-1024", "level": 4, "url": "/regioinformatie/gemeente/stede-broec/"}}, {"type": "Feature", "geometry": {"type": "Polygon", "coordinates": [[[4.8186, 53.197224], [4.818376, 53.214275], [5.050953, 53.143266], [5.144281, 53.026152], [5.074494, 53.018424], [5.006986, 53.044289], [4.932435, 53.044029], [4.876247, 53.021978], [4.791653, 52.980507], [4.741034, 52.980244], [4.646201, 52.941069], [4.613329, 52.960973], [4.613001, 52.979483], [4.687077, 53.002406], [4.686353, 53.047334], [4.71555, 53.087939], [4.818789, 53.182826], [4.8186, 53.197224]]]}, "properties": {"code": "0448", "name": "Texel", "regioFacet": "tcm:106-353671-1024", "level": 4, "url": "/regioinformatie/gemeente/texel/"}}, {"type": "Feature", "geometry": {"type": "Polygon", "coordinates": [[[4.719804, 52.543855], [4.725454, 52.546552], [4.755276, 52.535736], [4.762266, 52.537528], [4.768019, 52.534635], [4.777733, 52.533745], [4.782476, 52.519581], [4.763619, 52.519707], [4.761228, 52.518554], [4.752281, 52.521176], [4.748143, 52.517055], [4.752768, 52.510592], [4.750674, 52.508291], [4.731577, 52.496331], [4.720367, 52.494954], [4.711704, 52.496817], [4.705424, 52.500108], [4.703443, 52.503104], [4.706096, 52.506658], [4.707938, 52.506141], [4.709152, 52.509856], [4.706547, 52.510402], [4.703854, 52.508328], [4.694612, 52.507624], [4.695314, 52.509727], [4.69256, 52.510677], [4.690512, 52.515183], [4.690854, 52.519845], [4.697613, 52.529213], [4.694533, 52.544188], [4.703693, 52.545396], [4.706431, 52.546295], [4.705898, 52.548223], [4.71886, 52.551643], [4.719804, 52.543855]]]}, "properties": {"code": "0450", "name": "Uitgeest", "regioFacet": "tcm:106-353672-1024", "level": 4, "url": "/regioinformatie/gemeente/uitgeest/"}}, {"type": "Feature", "geometry": {"type": "Polygon", "coordinates": [[[4.773131, 52.241147], [4.768065, 52.245394], [4.768882, 52.248311], [4.795211, 52.261016], [4.834811, 52.249947], [4.852053, 52.242013], [4.852187, 52.239857], [4.85089, 52.238594], [4.84728, 52.239765], [4.842845, 52.235347], [4.838328, 52.235259], [4.830107, 52.230913], [4.814455, 52.227224], [4.805404, 52.227989], [4.795573, 52.226648], [4.780986, 52.228741], [4.762074, 52.21813], [4.753299, 52.217468], [4.747972, 52.214868], [4.743479, 52.214725], [4.735, 52.206767], [4.732834, 52.206972], [4.724461, 52.212751], [4.723764, 52.216574], [4.773131, 52.241147]]]}, "properties": {"code": "0451", "name": "Uithoorn", "regioFacet": "tcm:106-353673-1024", "level": 4, "url": "/regioinformatie/gemeente/uithoorn/"}}, {"type": "Feature", "geometry": {"type": "Polygon", "coordinates": [[[4.544263, 52.446603], [4.543318, 52.449113], [4.534168, 52.449119], [4.52441, 52.453156], [4.518619, 52.459657], [4.518591, 52.467072], [4.523694, 52.470983], [4.536862, 52.476606], [4.546863, 52.478573], [4.554703, 52.478071], [4.566312, 52.492744], [4.596436, 52.485884], [4.60405, 52.481468], [4.613553, 52.483803], [4.646925, 52.478571], [4.646736, 52.477082], [4.649283, 52.476532], [4.653333, 52.477155], [4.667606, 52.468426], [4.661925, 52.461757], [4.709969, 52.436645], [4.721983, 52.433336], [4.710655, 52.427693], [4.700537, 52.425513], [4.682476, 52.413849], [4.681227, 52.419331], [4.674372, 52.418634], [4.672084, 52.422463], [4.666877, 52.425058], [4.650769, 52.42857], [4.636184, 52.41082], [4.627618, 52.412598], [4.628735, 52.415844], [4.626399, 52.416529], [4.625914, 52.420557], [4.623576, 52.422075], [4.624992, 52.423492], [4.621468, 52.424904], [4.618102, 52.424826], [4.587823, 52.434436], [4.544065, 52.439302], [4.544263, 52.446603]]]}, "properties": {"code": "0453", "name": "Velsen", "regioFacet": "tcm:106-353674-1024", "level": 4, "url": "/regioinformatie/gemeente/velsen/"}}, {"type": "Feature", "geometry": {"type": "Polygon", "coordinates": [[[5.024634, 52.484568], [5.031904, 52.488672], [5.038612, 52.488317], [5.059095, 52.490956], [5.058646, 52.485525], [5.061008, 52.485775], [5.112988, 52.497886], [5.151024, 52.46636], [5.18549, 52.415644], [5.137331, 52.415553], [5.079162, 52.388654], [5.074262, 52.413838], [5.06827, 52.416558], [5.049177, 52.415129], [5.03547, 52.418274], [5.030045, 52.415643], [5.028357, 52.419416], [5.021611, 52.421222], [5.018205, 52.41906], [5.000157, 52.425443], [4.990445, 52.425521], [4.987101, 52.422842], [4.982636, 52.426762], [4.97332, 52.422797], [4.95595, 52.421954], [4.95277, 52.423679], [4.951481, 52.42193], [4.947789, 52.421562], [4.95069, 52.423596], [4.950879, 52.436632], [4.947982, 52.45226], [4.950661, 52.458595], [4.946877, 52.468883], [4.948316, 52.484005], [4.953998, 52.482939], [4.953617, 52.475694], [4.957995, 52.471227], [4.972267, 52.470349], [4.974247, 52.470435], [4.997964, 52.494733], [5.024634, 52.484568]]]}, "properties": {"code": "0852", "name": "Waterland", "regioFacet": "tcm:106-353675-1024", "level": 4, "url": "/regioinformatie/gemeente/waterland/"}}, {"type": "Feature", "geometry": {"type": "Polygon", "coordinates": [[[5.02129, 52.30408], [5.017933, 52.323192], [5.043815, 52.321212], [5.054723, 52.318565], [5.057153, 52.316034], [5.065259, 52.319182], [5.064775, 52.323782], [5.100554, 52.310437], [5.096276, 52.306913], [5.096772, 52.300457], [5.10088, 52.298042], [5.106224, 52.298343], [5.107693, 52.297226], [5.106065, 52.294668], [5.098474, 52.291636], [5.1047, 52.285561], [5.102066, 52.279891], [5.087704, 52.281685], [5.084616, 52.279408], [5.077082, 52.277977], [5.064628, 52.278264], [5.065471, 52.285198], [5.05954, 52.28932], [5.052769, 52.286485], [5.050404, 52.287872], [5.042779, 52.282488], [5.030528, 52.288487], [5.024382, 52.281357], [5.021867, 52.282653], [5.02129, 52.30408]]]}, "properties": {"code": "0457", "name": "Weesp", "regioFacet": "tcm:106-353676-1024", "level": 4, "url": "/regioinformatie/gemeente/weesp/"}}, {"type": "Feature", "geometry": {"type": "Polygon", "coordinates": [[[5.056896, 52.236533], [5.045854, 52.243382], [5.046634, 52.248541], [5.042912, 52.256001], [5.040062, 52.256499], [5.035733, 52.252654], [5.031749, 52.255236], [5.032513, 52.260117], [5.026582, 52.264148], [5.02781, 52.267428], [5.02334, 52.273073], [5.029814, 52.272044], [5.033156, 52.275344], [5.038471, 52.277038], [5.043014, 52.27796], [5.048602, 52.27703], [5.05079, 52.281842], [5.06103, 52.285215], [5.062888, 52.284736], [5.064628, 52.278264], [5.077082, 52.277977], [5.084616, 52.279408], [5.087704, 52.281685], [5.102066, 52.279891], [5.103496, 52.277365], [5.119151, 52.273538], [5.125661, 52.260147], [5.136471, 52.259816], [5.136801, 52.253951], [5.139605, 52.254015], [5.140048, 52.245774], [5.142293, 52.243145], [5.141791, 52.225493], [5.127945, 52.224404], [5.130008, 52.221491], [5.12331, 52.221389], [5.122527, 52.218825], [5.133943, 52.214295], [5.139828, 52.20798], [5.142436, 52.208707], [5.140527, 52.207273], [5.145718, 52.197925], [5.136496, 52.190602], [5.121939, 52.18558], [5.124111, 52.180827], [5.082452, 52.173842], [5.046421, 52.165929], [5.042049, 52.18337], [5.032503, 52.184113], [5.038134, 52.195163], [5.037201, 52.197949], [5.021293, 52.201886], [5.023012, 52.201747], [5.022621, 52.203941], [5.03665, 52.202138], [5.036445, 52.209568], [5.033401, 52.209836], [5.033788, 52.213714], [5.03729, 52.214215], [5.03533, 52.214462], [5.037145, 52.216203], [5.036666, 52.22436], [5.042796, 52.22404], [5.037102, 52.225342], [5.042484, 52.22878], [5.040518, 52.229834], [5.041586, 52.230888], [5.057485, 52.235207], [5.056896, 52.236533]]]}, "properties": {"code": "1696", "name": "Wijdemeren", "regioFacet": "tcm:106-353677-1024", "level": 4, "url": "/regioinformatie/gemeente/wijdemeren/"}}, {"type": "Feature", "geometry": {"type": "Polygon", "coordinates": [[[4.804782, 52.525394], [4.811627, 52.53019], [4.820187, 52.531232], [4.824451, 52.533835], [4.816993, 52.535648], [4.824462, 52.542689], [4.83391, 52.53896], [4.837565, 52.530545], [4.847957, 52.525305], [4.859382, 52.525034], [4.874911, 52.520014], [4.909367, 52.517039], [4.921633, 52.511635], [4.934352, 52.511641], [4.934724, 52.51028], [4.925116, 52.50553], [4.926227, 52.500242], [4.922912, 52.491868], [4.916127, 52.486545], [4.908221, 52.483097], [4.90647, 52.479826], [4.895631, 52.478228], [4.890532, 52.478959], [4.882438, 52.474802], [4.861638, 52.468469], [4.842556, 52.472004], [4.837081, 52.47986], [4.816587, 52.482612], [4.798843, 52.491105], [4.792077, 52.491335], [4.795078, 52.496218], [4.794531, 52.502629], [4.793346, 52.507004], [4.788708, 52.511241], [4.789095, 52.518399], [4.798221, 52.524334], [4.804782, 52.525394]]]}, "properties": {"code": "0880", "name": "Wormerland", "regioFacet": "tcm:106-353678-1024", "level": 4, "url": "/regioinformatie/gemeente/wormerland/"}}, {"type": "Feature", "geometry": {"type": "Polygon", "coordinates": [[[4.739864, 52.501692], [4.752768, 52.510592], [4.748153, 52.516212], [4.749729, 52.520075], [4.752428, 52.521233], [4.761228, 52.518554], [4.763619, 52.519707], [4.789861, 52.519236], [4.788708, 52.511241], [4.793558, 52.506637], [4.795099, 52.496577], [4.792077, 52.491335], [4.798843, 52.491105], [4.816587, 52.482612], [4.837081, 52.47986], [4.842556, 52.472004], [4.852505, 52.470367], [4.849153, 52.460677], [4.842951, 52.452261], [4.853572, 52.442274], [4.862805, 52.429623], [4.857948, 52.424717], [4.859858, 52.420474], [4.856078, 52.416662], [4.718303, 52.434021], [4.709403, 52.436918], [4.674848, 52.45552], [4.685069, 52.462557], [4.684266, 52.463521], [4.695296, 52.468587], [4.700729, 52.480237], [4.705541, 52.481921], [4.708445, 52.488626], [4.713866, 52.492683], [4.720667, 52.495039], [4.731577, 52.496331], [4.739864, 52.501692]]]}, "properties": {"code": "0479", "name": "Zaanstad", "regioFacet": "tcm:106-353679-1024", "level": 4, "url": "/regioinformatie/gemeente/zaanstad/"}}, {"type": "Feature", "geometry": {"type": "Polygon", "coordinates": [[[4.54182, 52.401273], [4.591659, 52.391716], [4.547322, 52.313997], [4.477649, 52.332511], [4.526045, 52.405167], [4.54182, 52.401273]]]}, "properties": {"code": "0473", "name": "Zandvoort", "regioFacet": "tcm:106-353680-1024", "level": 4, "url": "/regioinformatie/gemeente/zandvoort/"}}, {"type": "Feature", "geometry": {"type": "Polygon", "coordinates": [[[4.977119, 52.586541], [4.95521, 52.579964], [4.949426, 52.594873], [5.004881, 52.597573], [5.007949, 52.607799], [5.006574, 52.610506], [5.027031, 52.612606], [5.060428, 52.578936], [5.080072, 52.544403], [5.067215, 52.526668], [5.046522, 52.519876], [5.042741, 52.520138], [5.044431, 52.518019], [5.030079, 52.519258], [5.009551, 52.527675], [5.001031, 52.526889], [4.99227, 52.519733], [4.967423, 52.527326], [4.956999, 52.52911], [4.961952, 52.536348], [4.976456, 52.546619], [4.97652, 52.561172], [4.997168, 52.575121], [4.991833, 52.582269], [4.980164, 52.586945], [4.977119, 52.586541]]]}, "properties": {"code": "0478", "name": "Zeevang", "regioFacet": "tcm:106-353681-1024", "level": 4, "url": "/regioinformatie/gemeente/zeevang/"}}, {"type": "Feature", "geometry": {"type": "Polygon", "coordinates": [[[6.614802, 52.386447], [6.619492, 52.38983], [6.621763, 52.389545], [6.636382, 52.395536], [6.6402, 52.399123], [6.647626, 52.395454], [6.651752, 52.398725], [6.664169, 52.389514], [6.671896, 52.388851], [6.67612, 52.396151], [6.684391, 52.390899], [6.685229, 52.393105], [6.698635, 52.393741], [6.697882, 52.391274], [6.705303, 52.378132], [6.713465, 52.376489], [6.715661, 52.366549], [6.719693, 52.361289], [6.720563, 52.352329], [6.709741, 52.343435], [6.720846, 52.341208], [6.72101, 52.340128], [6.709447, 52.3306], [6.706841, 52.332259], [6.696954, 52.329807], [6.694945, 52.326823], [6.70701, 52.321004], [6.704354, 52.319736], [6.705896, 52.317957], [6.690229, 52.314792], [6.69232, 52.313968], [6.690042, 52.31301], [6.69094, 52.308391], [6.65752, 52.294854], [6.626066, 52.289974], [6.631782, 52.30178], [6.618747, 52.306175], [6.607915, 52.307541], [6.616782, 52.309102], [6.613915, 52.309659], [6.61474, 52.311422], [6.611427, 52.313124], [6.604763, 52.312225], [6.61902, 52.326145], [6.616559, 52.329158], [6.603423, 52.335956], [6.597705, 52.3429], [6.604673, 52.344898], [6.610318, 52.354458], [6.614277, 52.356435], [6.615569, 52.361834], [6.614103, 52.364615], [6.608543, 52.367174], [6.598851, 52.383658], [6.609455, 52.389551], [6.614802, 52.386447]]]}, "properties": {"code": "0141", "name": "Almelo", "regioFacet": "tcm:106-353683-1024", "level": 4, "url": "/regioinformatie/gemeente/almelo/"}}, {"type": "Feature", "geometry": {"type": "Polygon", "coordinates": [[[6.705896, 52.317957], [6.704354, 52.319736], [6.70701, 52.321004], [6.694945, 52.326823], [6.696954, 52.329807], [6.706841, 52.332259], [6.709447, 52.3306], [6.720846, 52.341208], [6.734497, 52.339355], [6.743685, 52.336109], [6.750679, 52.329665], [6.759035, 52.332061], [6.773842, 52.318911], [6.785903, 52.31823], [6.785149, 52.31737], [6.802129, 52.314544], [6.801371, 52.30873], [6.787892, 52.304976], [6.792551, 52.300387], [6.785049, 52.299813], [6.775516, 52.293153], [6.770025, 52.291594], [6.76775, 52.292632], [6.763221, 52.288406], [6.752961, 52.287561], [6.750364, 52.285136], [6.742771, 52.283119], [6.729617, 52.290472], [6.724431, 52.295836], [6.711234, 52.304124], [6.702017, 52.307852], [6.69094, 52.308391], [6.689481, 52.309589], [6.690042, 52.31301], [6.69232, 52.313968], [6.690229, 52.314792], [6.705896, 52.317957]]]}, "properties": {"code": "0147", "name": "Borne", "regioFacet": "tcm:106-353684-1024", "level": 4, "url": "/regioinformatie/gemeente/borne/"}}, {"type": "Feature", "geometry": {"type": "Polygon", "coordinates": [[[6.196967, 52.547238], [6.210811, 52.567798], [6.205456, 52.57525], [6.202138, 52.584949], [6.246926, 52.590325], [6.270744, 52.595051], [6.274776, 52.594788], [6.274898, 52.593705], [6.286327, 52.596212], [6.286958, 52.595192], [6.319681, 52.599171], [6.361572, 52.524755], [6.353267, 52.522899], [6.351351, 52.523698], [6.343203, 52.519755], [6.338719, 52.521698], [6.331516, 52.522075], [6.333702, 52.515623], [6.332181, 52.512504], [6.335437, 52.510875], [6.336802, 52.507635], [6.334582, 52.507078], [6.344049, 52.48172], [6.342616, 52.456905], [6.378494, 52.456417], [6.371061, 52.449711], [6.373154, 52.446857], [6.37621, 52.447825], [6.381105, 52.440005], [6.38415, 52.439435], [6.380399, 52.427799], [6.356254, 52.429104], [6.355663, 52.425942], [6.350235, 52.426469], [6.3494, 52.424852], [6.33711, 52.427723], [6.334419, 52.424441], [6.318944, 52.432067], [6.314438, 52.433028], [6.302263, 52.431444], [6.301834, 52.435228], [6.291825, 52.434721], [6.289948, 52.446445], [6.278627, 52.447352], [6.278241, 52.457043], [6.239, 52.465402], [6.213992, 52.464606], [6.20242, 52.468744], [6.186673, 52.468418], [6.178022, 52.470636], [6.174485, 52.468401], [6.169469, 52.46915], [6.162495, 52.474388], [6.170018, 52.475879], [6.171247, 52.477395], [6.173627, 52.476803], [6.174727, 52.478213], [6.177661, 52.477856], [6.177529, 52.479822], [6.182076, 52.479057], [6.182832, 52.480807], [6.192551, 52.481632], [6.192388, 52.485615], [6.19652, 52.489679], [6.201003, 52.490995], [6.198743, 52.492817], [6.199713, 52.495274], [6.18815, 52.499557], [6.184071, 52.507741], [6.173322, 52.51883], [6.182953, 52.519335], [6.187851, 52.523516], [6.19305, 52.531848], [6.189631, 52.53616], [6.196967, 52.547238]]]}, "properties": {"code": "0148", "name": "Dalfsen", "regioFacet": "tcm:106-353685-1024", "level": 4, "url": "/regioinformatie/gemeente/dalfsen/"}}, {"type": "Feature", "geometry": {"type": "Polygon", "coordinates": [[[6.121109, 52.272026], [6.112365, 52.278305], [6.111322, 52.288211], [6.105864, 52.292408], [6.10132, 52.301225], [6.110143, 52.297724], [6.170271, 52.308785], [6.182176, 52.308911], [6.181551, 52.314857], [6.199492, 52.315879], [6.206487, 52.321122], [6.235355, 52.31982], [6.235133, 52.314455], [6.267239, 52.300805], [6.32653, 52.301632], [6.328842, 52.281103], [6.350066, 52.27176], [6.348857, 52.269892], [6.350832, 52.269254], [6.35202, 52.270889], [6.354884, 52.269201], [6.352843, 52.26835], [6.355376, 52.267266], [6.356718, 52.268128], [6.370775, 52.260006], [6.372897, 52.261], [6.377194, 52.258938], [6.374803, 52.255316], [6.377317, 52.254326], [6.376754, 52.250159], [6.381912, 52.246147], [6.366851, 52.241532], [6.350892, 52.24168], [6.349477, 52.238797], [6.341194, 52.237612], [6.341276, 52.235986], [6.338025, 52.236222], [6.338708, 52.227153], [6.325434, 52.226997], [6.321021, 52.225702], [6.297942, 52.22553], [6.296951, 52.229005], [6.292974, 52.229501], [6.292732, 52.230869], [6.271007, 52.22791], [6.271291, 52.226414], [6.260058, 52.229142], [6.257295, 52.227276], [6.250429, 52.226906], [6.24468, 52.228271], [6.238018, 52.227543], [6.227925, 52.229768], [6.222495, 52.228863], [6.215114, 52.23155], [6.217224, 52.226401], [6.201943, 52.229423], [6.189136, 52.229167], [6.182881, 52.233731], [6.178672, 52.233561], [6.166269, 52.231014], [6.163028, 52.228522], [6.168436, 52.227279], [6.167738, 52.226222], [6.1625, 52.227917], [6.168671, 52.220699], [6.164069, 52.217441], [6.163933, 52.221924], [6.161375, 52.22476], [6.147682, 52.227691], [6.141942, 52.23344], [6.142237, 52.238456], [6.153604, 52.244018], [6.153748, 52.24679], [6.15002, 52.248316], [6.143526, 52.246404], [6.135412, 52.249615], [6.123865, 52.251481], [6.125145, 52.256825], [6.130069, 52.260691], [6.124424, 52.263794], [6.121109, 52.272026]]]}, "properties": {"code": "0150", "name": "Deventer", "regioFacet": "tcm:106-353686-1024", "level": 4, "url": "/regioinformatie/gemeente/deventer/"}}, {"type": "Feature", "geometry": {"type": "Polygon", "coordinates": [[[6.855674, 52.360288], [6.863585, 52.363731], [6.863615, 52.388038], [6.862338, 52.407816], [6.851495, 52.414582], [6.853411, 52.427062], [6.897116, 52.432815], [6.928525, 52.434148], [6.949224, 52.432865], [6.9473, 52.436621], [6.961785, 52.443624], [6.977534, 52.465681], [6.987623, 52.469767], [6.993907, 52.465485], [7.00512, 52.445236], [7.010782, 52.429137], [7.02199, 52.422984], [7.036074, 52.402663], [7.051656, 52.399925], [7.05532, 52.401034], [7.058728, 52.39941], [7.058518, 52.396191], [7.064021, 52.390328], [7.072205, 52.372803], [7.00783, 52.363825], [6.985429, 52.372224], [6.97093, 52.37986], [6.962669, 52.363387], [6.970259, 52.348767], [6.961638, 52.347117], [6.952843, 52.34035], [6.951141, 52.33796], [6.953583, 52.333973], [6.931905, 52.332756], [6.930969, 52.32946], [6.911665, 52.330691], [6.900646, 52.33346], [6.894804, 52.324977], [6.8862, 52.322311], [6.884299, 52.318407], [6.879869, 52.319014], [6.877338, 52.312236], [6.86934, 52.312119], [6.86654, 52.307416], [6.861349, 52.306367], [6.859817, 52.298633], [6.874931, 52.296849], [6.879902, 52.293719], [6.88948, 52.292467], [6.894498, 52.293538], [6.912127, 52.285506], [6.895364, 52.283841], [6.889567, 52.280978], [6.887811, 52.283452], [6.883207, 52.283171], [6.88002, 52.281404], [6.881358, 52.279379], [6.876495, 52.274725], [6.868327, 52.272962], [6.840492, 52.276312], [6.84757, 52.278584], [6.845761, 52.279759], [6.852014, 52.28206], [6.850304, 52.284131], [6.852376, 52.285228], [6.846375, 52.291402], [6.827902, 52.294862], [6.820517, 52.298428], [6.819237, 52.301448], [6.825691, 52.3064], [6.823336, 52.30876], [6.809335, 52.310363], [6.807816, 52.313091], [6.785149, 52.31737], [6.785903, 52.31823], [6.773842, 52.318911], [6.759035, 52.332061], [6.760577, 52.341943], [6.773979, 52.346563], [6.778322, 52.350212], [6.783399, 52.360116], [6.806833, 52.362217], [6.817683, 52.365097], [6.835793, 52.362625], [6.851789, 52.362169], [6.855674, 52.360288]]]}, "properties": {"code": "1774", "name": "Dinkelland", "regioFacet": "tcm:106-353687-1024", "level": 4, "url": "/regioinformatie/gemeente/dinkelland/"}}, {"type": "Feature", "geometry": {"type": "Polygon", "coordinates": [[[6.826891, 52.248075], [6.842562, 52.253909], [6.840288, 52.261086], [6.843515, 52.266593], [6.831745, 52.273512], [6.837846, 52.276632], [6.868327, 52.272962], [6.876495, 52.274725], [6.881358, 52.279379], [6.88002, 52.281404], [6.883207, 52.283171], [6.887811, 52.283452], [6.889567, 52.280978], [6.895364, 52.283841], [6.906985, 52.285438], [6.912127, 52.285506], [6.913587, 52.282168], [6.918962, 52.283657], [6.940986, 52.283903], [6.946293, 52.281337], [6.969015, 52.267399], [6.973028, 52.248503], [6.971646, 52.244068], [6.964873, 52.236765], [6.96589, 52.230419], [6.9811, 52.220737], [6.974085, 52.205403], [6.951245, 52.181058], [6.909545, 52.176466], [6.905881, 52.17387], [6.90572, 52.169915], [6.88975, 52.161206], [6.869865, 52.162693], [6.827991, 52.171007], [6.814277, 52.170861], [6.805581, 52.1666], [6.788321, 52.17619], [6.766801, 52.191065], [6.766324, 52.203139], [6.759624, 52.210035], [6.755893, 52.217396], [6.769055, 52.227013], [6.76519, 52.233138], [6.774434, 52.238456], [6.813754, 52.229483], [6.819539, 52.243657], [6.826891, 52.248075]]]}, "properties": {"code": "0153", "name": "Enschede", "regioFacet": "tcm:106-353688-1024", "level": 4, "url": "/regioinformatie/gemeente/enschede/"}}, {"type": "Feature", "geometry": {"type": "Polygon", "coordinates": [[[6.67361, 52.148427], [6.671309, 52.150458], [6.673819, 52.152104], [6.673469, 52.154972], [6.670351, 52.156424], [6.67428, 52.158538], [6.671339, 52.165683], [6.645041, 52.174194], [6.647294, 52.176895], [6.642755, 52.181447], [6.640124, 52.181281], [6.634454, 52.185955], [6.624347, 52.188908], [6.67205, 52.198187], [6.697494, 52.196248], [6.703469, 52.198528], [6.712388, 52.206331], [6.766801, 52.191065], [6.788321, 52.17619], [6.805581, 52.1666], [6.814277, 52.170861], [6.827991, 52.171007], [6.869865, 52.162693], [6.88975, 52.161206], [6.880458, 52.15601], [6.88196, 52.155976], [6.873424, 52.130249], [6.867088, 52.128071], [6.855474, 52.120462], [6.843199, 52.119197], [6.716272, 52.11827], [6.69781, 52.123554], [6.677691, 52.125959], [6.662399, 52.130167], [6.67388, 52.141204], [6.67361, 52.148427]]]}, "properties": {"code": "0158", "name": "Haaksbergen", "regioFacet": "tcm:106-353689-1024", "level": 4, "url": "/regioinformatie/gemeente/haaksbergen/"}}, {"type": "Feature", "geometry": {"type": "Polygon", "coordinates": [[[6.58105, 52.669473], [6.614527, 52.674049], [6.682509, 52.654179], [6.708547, 52.648715], [6.705677, 52.643478], [6.701153, 52.641736], [6.706526, 52.639542], [6.700792, 52.62841], [6.702005, 52.627267], [6.707171, 52.62676], [6.708002, 52.628014], [6.714208, 52.626808], [6.727289, 52.614928], [6.718772, 52.588636], [6.76666, 52.563533], [6.766692, 52.561637], [6.752272, 52.559039], [6.740103, 52.562053], [6.725973, 52.563255], [6.72096, 52.552947], [6.716236, 52.550327], [6.716264, 52.548525], [6.68088, 52.553317], [6.705332, 52.521008], [6.697585, 52.486298], [6.693485, 52.486327], [6.669301, 52.494981], [6.653659, 52.487832], [6.654578, 52.482715], [6.64746, 52.478614], [6.6511, 52.475157], [6.649556, 52.47309], [6.641541, 52.471244], [6.640584, 52.473105], [6.635621, 52.471647], [6.626821, 52.473831], [6.61657, 52.469369], [6.613001, 52.465603], [6.601035, 52.47947], [6.595188, 52.480303], [6.609644, 52.492505], [6.561282, 52.512931], [6.560198, 52.51522], [6.564808, 52.514478], [6.566839, 52.516082], [6.564405, 52.518871], [6.559049, 52.519182], [6.554882, 52.515596], [6.556678, 52.51326], [6.554058, 52.51246], [6.545671, 52.516036], [6.546594, 52.518558], [6.541323, 52.51897], [6.541772, 52.526348], [6.536055, 52.52893], [6.534115, 52.528336], [6.52966, 52.546286], [6.521827, 52.560586], [6.504939, 52.575885], [6.488356, 52.569001], [6.438071, 52.569375], [6.428282, 52.571227], [6.415015, 52.570012], [6.402645, 52.591403], [6.323413, 52.592527], [6.319681, 52.599171], [6.303064, 52.597141], [6.327798, 52.658693], [6.334003, 52.654699], [6.341395, 52.654121], [6.346968, 52.649152], [6.353299, 52.647814], [6.353338, 52.645963], [6.359751, 52.645562], [6.364441, 52.643175], [6.363019, 52.639058], [6.369522, 52.635484], [6.36918, 52.632067], [6.371485, 52.631792], [6.375206, 52.627408], [6.373253, 52.623837], [6.377178, 52.620361], [6.37651, 52.616924], [6.38032, 52.614975], [6.382796, 52.615661], [6.383837, 52.612198], [6.391522, 52.614519], [6.396035, 52.617788], [6.403767, 52.616271], [6.406858, 52.617781], [6.406251, 52.620694], [6.409502, 52.621733], [6.412859, 52.619574], [6.418808, 52.619023], [6.420236, 52.622318], [6.426794, 52.624527], [6.428176, 52.628188], [6.431243, 52.628378], [6.433803, 52.626409], [6.434934, 52.619286], [6.441767, 52.615657], [6.453366, 52.613946], [6.455138, 52.61544], [6.459788, 52.61576], [6.463285, 52.623514], [6.470073, 52.625007], [6.478016, 52.618631], [6.492003, 52.619125], [6.504512, 52.617058], [6.51303, 52.613691], [6.518604, 52.614088], [6.513861, 52.646294], [6.5465, 52.663553], [6.552821, 52.665595], [6.58105, 52.669473]]]}, "properties": {"code": "0160", "name": "Hardenberg", "regioFacet": "tcm:106-353690-1024", "level": 4, "url": "/regioinformatie/gemeente/hardenberg/"}}, {"type": "Feature", "geometry": {"type": "Polygon", "coordinates": [[[6.35354, 52.375319], [6.356965, 52.376984], [6.382475, 52.380649], [6.38841, 52.379782], [6.40517, 52.415542], [6.390315, 52.428145], [6.428777, 52.438687], [6.438351, 52.443972], [6.438235, 52.44815], [6.442516, 52.450071], [6.444395, 52.454655], [6.441768, 52.455671], [6.446132, 52.457605], [6.444604, 52.459143], [6.44696, 52.461613], [6.45349, 52.460022], [6.467388, 52.445572], [6.475599, 52.440857], [6.510901, 52.437173], [6.517829, 52.437818], [6.521074, 52.440696], [6.52407, 52.439626], [6.528372, 52.440648], [6.531037, 52.446218], [6.540555, 52.450876], [6.554513, 52.448458], [6.558346, 52.448974], [6.562894, 52.445764], [6.571064, 52.448398], [6.571633, 52.446504], [6.596387, 52.454808], [6.598148, 52.439029], [6.572469, 52.423315], [6.575952, 52.417513], [6.515982, 52.406122], [6.508539, 52.392152], [6.514108, 52.381665], [6.495516, 52.37618], [6.496078, 52.367943], [6.499059, 52.363562], [6.520793, 52.361415], [6.518873, 52.355161], [6.506663, 52.355276], [6.505839, 52.35245], [6.501347, 52.352916], [6.495978, 52.349954], [6.490795, 52.349355], [6.489134, 52.345955], [6.486609, 52.345209], [6.488447, 52.343785], [6.46092, 52.320059], [6.421896, 52.32569], [6.356016, 52.318219], [6.342388, 52.333169], [6.333502, 52.351398], [6.343082, 52.370032], [6.35354, 52.375319]]]}, "properties": {"code": "0163", "name": "Hellendoorn", "regioFacet": "tcm:106-353691-1024", "level": 4, "url": "/regioinformatie/gemeente/hellendoorn/"}}, {"type": "Feature", "geometry": {"type": "Polygon", "coordinates": [[[6.748885, 52.267301], [6.747978, 52.27648], [6.742886, 52.283113], [6.750364, 52.285136], [6.752961, 52.287561], [6.763221, 52.288406], [6.76775, 52.292632], [6.770025, 52.291594], [6.775516, 52.293153], [6.785049, 52.299813], [6.792551, 52.300387], [6.787892, 52.304976], [6.801234, 52.308547], [6.802039, 52.313586], [6.807816, 52.313091], [6.809335, 52.310363], [6.823336, 52.30876], [6.825691, 52.3064], [6.819237, 52.301448], [6.820517, 52.298428], [6.827902, 52.294862], [6.846375, 52.291402], [6.852376, 52.285228], [6.850304, 52.284131], [6.852014, 52.28206], [6.845761, 52.279759], [6.84757, 52.278584], [6.837846, 52.276632], [6.831745, 52.273512], [6.843515, 52.266593], [6.840288, 52.261086], [6.842562, 52.253909], [6.827239, 52.248297], [6.819539, 52.243657], [6.813754, 52.229483], [6.774434, 52.238456], [6.76519, 52.233138], [6.769055, 52.227013], [6.755893, 52.217396], [6.759624, 52.210035], [6.766324, 52.203139], [6.766801, 52.191065], [6.712388, 52.206331], [6.702039, 52.216822], [6.71214, 52.226029], [6.717088, 52.24098], [6.718664, 52.237911], [6.720937, 52.238085], [6.720055, 52.243742], [6.717927, 52.243514], [6.719616, 52.248617], [6.724194, 52.252707], [6.75296, 52.25237], [6.748885, 52.267301]]]}, "properties": {"code": "0164", "name": "Hengelo (O)", "regioFacet": "tcm:106-353692-1024", "level": 4, "url": "/regioinformatie/gemeente/hengelo-ov/"}}, {"type": "Feature", "geometry": {"type": "Polygon", "coordinates": [[[6.748882, 52.265954], [6.75296, 52.25237], [6.724194, 52.252707], [6.719616, 52.248617], [6.717927, 52.243514], [6.720055, 52.243742], [6.720937, 52.238085], [6.718664, 52.237911], [6.717088, 52.24098], [6.71214, 52.226029], [6.702039, 52.216822], [6.712388, 52.206331], [6.703469, 52.198528], [6.697494, 52.196248], [6.67205, 52.198187], [6.624362, 52.188917], [6.634454, 52.185955], [6.647294, 52.176895], [6.64028, 52.167405], [6.634862, 52.172165], [6.630545, 52.1736], [6.629101, 52.172033], [6.625154, 52.172102], [6.624952, 52.16865], [6.621692, 52.168417], [6.612147, 52.163166], [6.60675, 52.165018], [6.602851, 52.169121], [6.606327, 52.173082], [6.590415, 52.182464], [6.555349, 52.177256], [6.514163, 52.181311], [6.495648, 52.177139], [6.492401, 52.177372], [6.48856, 52.180556], [6.479216, 52.182258], [6.469999, 52.19269], [6.470293, 52.199374], [6.457287, 52.200965], [6.454876, 52.202378], [6.446476, 52.212698], [6.428611, 52.223725], [6.423134, 52.232013], [6.416332, 52.237983], [6.416422, 52.242166], [6.426226, 52.248862], [6.428486, 52.248203], [6.431821, 52.250902], [6.429685, 52.251698], [6.461797, 52.263403], [6.477157, 52.27192], [6.517264, 52.283048], [6.541547, 52.282267], [6.554009, 52.283313], [6.564388, 52.272412], [6.568191, 52.270144], [6.575326, 52.269116], [6.595148, 52.271199], [6.605363, 52.270689], [6.626066, 52.289974], [6.65752, 52.294854], [6.683637, 52.306205], [6.692805, 52.308606], [6.702017, 52.307852], [6.711234, 52.304124], [6.724431, 52.295836], [6.729617, 52.290472], [6.741333, 52.284312], [6.747803, 52.276908], [6.748882, 52.265954]]]}, "properties": {"code": "1735", "name": "Hof van Twente", "regioFacet": "tcm:106-353693-1024", "level": 4, "url": "/regioinformatie/gemeente/hof-van-twente/"}}, {"type": "Feature", "geometry": {"type": "Polygon", "coordinates": [[[5.883319, 52.519231], [5.876205, 52.522025], [5.86431, 52.518173], [5.855076, 52.550824], [5.814378, 52.57805], [5.805244, 52.580677], [5.77793, 52.580852], [5.777968, 52.607534], [5.837214, 52.607331], [5.840525, 52.610413], [5.90547, 52.619215], [5.910602, 52.617661], [5.915664, 52.613534], [5.93269, 52.614923], [5.95562, 52.622917], [5.955285, 52.624842], [5.981015, 52.628302], [5.991745, 52.621748], [5.991302, 52.614397], [5.980243, 52.605088], [5.971341, 52.594157], [5.982941, 52.577514], [6.012888, 52.586114], [6.033038, 52.559403], [6.003619, 52.550391], [6.007288, 52.545118], [6.030455, 52.538061], [6.030171, 52.526754], [6.024832, 52.526308], [6.023643, 52.527366], [6.01867, 52.525919], [6.01474, 52.520261], [6.016769, 52.515563], [6.027857, 52.509606], [6.02684, 52.508072], [6.022851, 52.505332], [6.012367, 52.50594], [6.007121, 52.504027], [5.965327, 52.476445], [5.958697, 52.483838], [5.952985, 52.484448], [5.93688, 52.476499], [5.93541, 52.477392], [5.925559, 52.474058], [5.910217, 52.497305], [5.883319, 52.519231]]]}, "properties": {"code": "0166", "name": "Kampen", "regioFacet": "tcm:106-353694-1024", "level": 4, "url": "/regioinformatie/gemeente/kampen/"}}, {"type": "Feature", "geometry": {"type": "Polygon", "coordinates": [[[6.953583, 52.333973], [6.951141, 52.33796], [6.952843, 52.34035], [6.961638, 52.347117], [6.970259, 52.348767], [6.962669, 52.363387], [6.97093, 52.37986], [6.985429, 52.372224], [7.00783, 52.363825], [7.072205, 52.372803], [7.072255, 52.351879], [7.056231, 52.337954], [7.055493, 52.332169], [7.04718, 52.323744], [7.04811, 52.319949], [7.045787, 52.316443], [7.047421, 52.315206], [7.038683, 52.31238], [7.041313, 52.311143], [7.039493, 52.307627], [7.026453, 52.291968], [7.026239, 52.287324], [7.029548, 52.281526], [7.02752, 52.277986], [7.028584, 52.273627], [7.032063, 52.271664], [7.042395, 52.256144], [7.06579, 52.241235], [7.061284, 52.234711], [7.039094, 52.227574], [7.026398, 52.225714], [7.019171, 52.225052], [7.003476, 52.22859], [6.989958, 52.227004], [6.985314, 52.225347], [6.985353, 52.223478], [6.9811, 52.220737], [6.96589, 52.230419], [6.964873, 52.236765], [6.971646, 52.244068], [6.973028, 52.248503], [6.969015, 52.267399], [6.946293, 52.281337], [6.939171, 52.283869], [6.935699, 52.29082], [6.940632, 52.290384], [6.946363, 52.292717], [6.941874, 52.298646], [6.950389, 52.308218], [6.94771, 52.313915], [6.950139, 52.319357], [6.944935, 52.319596], [6.945624, 52.321069], [6.942793, 52.322172], [6.934325, 52.322719], [6.937531, 52.332836], [6.953583, 52.333973]]]}, "properties": {"code": "0168", "name": "Losser", "regioFacet": "tcm:106-353695-1024", "level": 4, "url": "/regioinformatie/gemeente/losser/"}}, {"type": "Feature", "geometry": {"type": "Polygon", "coordinates": [[[6.86711, 52.308297], [6.86934, 52.312119], [6.877338, 52.312236], [6.879869, 52.319014], [6.884299, 52.318407], [6.8862, 52.322311], [6.894804, 52.324977], [6.900646, 52.33346], [6.911665, 52.330691], [6.930969, 52.32946], [6.931905, 52.332756], [6.937531, 52.332836], [6.934325, 52.322719], [6.942793, 52.322172], [6.945624, 52.321069], [6.944935, 52.319596], [6.950139, 52.319357], [6.94771, 52.313915], [6.950389, 52.308218], [6.941874, 52.298646], [6.946363, 52.292717], [6.940632, 52.290384], [6.935699, 52.29082], [6.939171, 52.283869], [6.918962, 52.283657], [6.913587, 52.282168], [6.912049, 52.285564], [6.894498, 52.293538], [6.88948, 52.292467], [6.879902, 52.293719], [6.874931, 52.296849], [6.859817, 52.298633], [6.861349, 52.306367], [6.86711, 52.308297]]]}, "properties": {"code": "0173", "name": "Oldenzaal", "regioFacet": "tcm:106-353696-1024", "level": 4, "url": "/regioinformatie/gemeente/oldenzaal/"}}, {"type": "Feature", "geometry": {"type": "Polygon", "coordinates": [[[6.120853, 52.379542], [6.12583, 52.384059], [6.125208, 52.392627], [6.130553, 52.399978], [6.127579, 52.399617], [6.119065, 52.402642], [6.11494, 52.406936], [6.110774, 52.407747], [6.114741, 52.414256], [6.113872, 52.419853], [6.118245, 52.426644], [6.116385, 52.430199], [6.119472, 52.432918], [6.10958, 52.440531], [6.120608, 52.442314], [6.137141, 52.440758], [6.139991, 52.44191], [6.14064, 52.444566], [6.147676, 52.444441], [6.154915, 52.453183], [6.157681, 52.453541], [6.177428, 52.431149], [6.191058, 52.43269], [6.190762, 52.430755], [6.192586, 52.430964], [6.193493, 52.428324], [6.196586, 52.427111], [6.206367, 52.428231], [6.208342, 52.427816], [6.20768, 52.425517], [6.230958, 52.4235], [6.221579, 52.409089], [6.231233, 52.39788], [6.23212, 52.393313], [6.229884, 52.389844], [6.218446, 52.38527], [6.203988, 52.386899], [6.202355, 52.38518], [6.207814, 52.383275], [6.201607, 52.383508], [6.20102, 52.380304], [6.198685, 52.380429], [6.203683, 52.378287], [6.203306, 52.376266], [6.199944, 52.37481], [6.201337, 52.371395], [6.189456, 52.375746], [6.188506, 52.370582], [6.188807, 52.364427], [6.196213, 52.358613], [6.196859, 52.352112], [6.222961, 52.347237], [6.235665, 52.339902], [6.231878, 52.335613], [6.232483, 52.329607], [6.235843, 52.328389], [6.235355, 52.31982], [6.206487, 52.321122], [6.199492, 52.315879], [6.181551, 52.314857], [6.182176, 52.308911], [6.170271, 52.308785], [6.110164, 52.297726], [6.102616, 52.301119], [6.090916, 52.299987], [6.084126, 52.301567], [6.082928, 52.30712], [6.08478, 52.311741], [6.08099, 52.311902], [6.079822, 52.317594], [6.071783, 52.317189], [6.066525, 52.317809], [6.066178, 52.31903], [6.067113, 52.321267], [6.070706, 52.321882], [6.075632, 52.3333], [6.074046, 52.334479], [6.076764, 52.338651], [6.07607, 52.35057], [6.07801, 52.352426], [6.087241, 52.35389], [6.094857, 52.356968], [6.090314, 52.360605], [6.079094, 52.362873], [6.077965, 52.368568], [6.082881, 52.372204], [6.120853, 52.379542]]]}, "properties": {"code": "1773", "name": "Olst-Wijhe", "regioFacet": "tcm:106-353697-1024", "level": 4, "url": "/regioinformatie/gemeente/olst-wijhe/"}}, {"type": "Feature", "geometry": {"type": "Polygon", "coordinates": [[[6.361548, 52.591854], [6.402645, 52.591403], [6.415015, 52.570012], [6.428282, 52.571227], [6.438071, 52.569375], [6.488356, 52.569001], [6.504939, 52.575885], [6.521827, 52.560586], [6.52966, 52.546286], [6.534115, 52.528336], [6.536055, 52.52893], [6.541772, 52.526348], [6.541323, 52.51897], [6.546594, 52.518558], [6.545671, 52.516036], [6.554058, 52.51246], [6.556678, 52.51326], [6.554882, 52.515596], [6.559049, 52.519182], [6.564405, 52.518871], [6.566839, 52.516082], [6.564808, 52.514478], [6.560198, 52.51522], [6.561282, 52.512931], [6.609644, 52.492505], [6.59517, 52.480286], [6.554463, 52.487593], [6.505469, 52.490963], [6.503773, 52.481722], [6.494809, 52.481002], [6.49579, 52.479256], [6.492504, 52.479259], [6.488576, 52.476862], [6.478405, 52.477604], [6.465452, 52.475115], [6.458622, 52.469903], [6.453287, 52.469465], [6.454145, 52.471345], [6.45253, 52.471048], [6.450691, 52.468051], [6.453103, 52.4669], [6.452566, 52.464598], [6.450651, 52.46689], [6.44745, 52.465543], [6.451402, 52.46133], [6.445628, 52.460919], [6.446132, 52.457605], [6.441735, 52.455595], [6.444398, 52.454713], [6.442516, 52.450071], [6.438235, 52.44815], [6.438485, 52.444097], [6.428777, 52.438687], [6.390315, 52.428145], [6.380556, 52.429819], [6.38415, 52.439435], [6.381105, 52.440005], [6.37621, 52.447825], [6.373154, 52.446857], [6.371061, 52.449711], [6.378494, 52.456417], [6.342616, 52.456905], [6.344049, 52.48172], [6.334582, 52.507078], [6.336802, 52.507635], [6.332165, 52.51257], [6.333702, 52.515623], [6.331516, 52.522075], [6.338719, 52.521698], [6.343203, 52.519755], [6.351351, 52.523698], [6.353267, 52.522899], [6.361581, 52.52469], [6.323413, 52.592527], [6.361548, 52.591854]]]}, "properties": {"code": "0175", "name": "Ommen", "regioFacet": "tcm:106-353698-1024", "level": 4, "url": "/regioinformatie/gemeente/ommen/"}}, {"type": "Feature", "geometry": {"type": "Polygon", "coordinates": [[[6.230958, 52.4235], [6.20768, 52.425517], [6.208342, 52.427816], [6.206367, 52.428231], [6.196586, 52.427111], [6.193493, 52.428324], [6.192586, 52.430964], [6.190762, 52.430755], [6.191058, 52.43269], [6.177428, 52.431149], [6.157681, 52.453541], [6.154915, 52.453183], [6.152516, 52.461135], [6.144146, 52.467665], [6.162495, 52.474388], [6.171295, 52.468739], [6.174485, 52.468401], [6.178022, 52.470636], [6.186673, 52.468418], [6.202577, 52.468728], [6.213531, 52.464639], [6.236257, 52.465617], [6.253575, 52.463086], [6.278241, 52.457043], [6.278627, 52.447352], [6.289948, 52.446445], [6.291825, 52.434721], [6.301834, 52.435228], [6.302263, 52.431444], [6.314438, 52.433028], [6.318856, 52.432087], [6.334419, 52.424441], [6.33711, 52.427723], [6.3494, 52.424852], [6.350235, 52.426469], [6.355663, 52.425942], [6.356254, 52.429104], [6.380399, 52.427799], [6.380573, 52.429816], [6.390315, 52.428145], [6.40517, 52.415542], [6.38841, 52.379782], [6.382475, 52.380649], [6.356965, 52.376984], [6.343082, 52.370032], [6.333502, 52.351398], [6.342388, 52.333169], [6.356016, 52.318219], [6.32653, 52.301632], [6.267239, 52.300805], [6.235133, 52.314455], [6.235843, 52.328389], [6.232483, 52.329607], [6.231878, 52.335613], [6.235665, 52.339902], [6.222961, 52.347237], [6.196859, 52.352112], [6.196213, 52.358613], [6.188786, 52.364477], [6.189456, 52.375746], [6.201337, 52.371395], [6.199944, 52.37481], [6.203306, 52.376266], [6.203683, 52.378287], [6.198685, 52.380429], [6.20102, 52.380304], [6.201607, 52.383508], [6.207814, 52.383275], [6.202355, 52.38518], [6.203988, 52.386899], [6.218446, 52.38527], [6.229884, 52.389844], [6.23212, 52.393313], [6.231233, 52.39788], [6.221579, 52.409089], [6.230958, 52.4235]]]}, "properties": {"code": "0177", "name": "Raalte", "regioFacet": "tcm:106-353699-1024", "level": 4, "url": "/regioinformatie/gemeente/raalte/"}}, {"type": "Feature", "geometry": {"type": "Polygon", "coordinates": [[[6.46092, 52.320059], [6.468189, 52.326462], [6.499327, 52.323522], [6.517908, 52.325174], [6.523138, 52.323834], [6.524878, 52.325677], [6.535841, 52.315641], [6.545089, 52.318375], [6.551096, 52.308296], [6.553533, 52.296999], [6.549963, 52.287802], [6.554009, 52.283313], [6.541547, 52.282267], [6.517264, 52.283048], [6.48526, 52.274606], [6.472077, 52.269719], [6.471002, 52.267686], [6.461797, 52.263403], [6.429685, 52.251698], [6.431821, 52.250902], [6.428486, 52.248203], [6.426226, 52.248862], [6.416405, 52.242146], [6.402619, 52.243272], [6.390661, 52.242503], [6.383411, 52.244016], [6.376721, 52.25021], [6.377317, 52.254326], [6.374796, 52.256067], [6.377222, 52.256649], [6.377194, 52.258938], [6.372897, 52.261], [6.370775, 52.260006], [6.356718, 52.268128], [6.355376, 52.267266], [6.352843, 52.26835], [6.354884, 52.269201], [6.35202, 52.270889], [6.350832, 52.269254], [6.348857, 52.269892], [6.350066, 52.27176], [6.328842, 52.281103], [6.32653, 52.301632], [6.356016, 52.318219], [6.421896, 52.32569], [6.46092, 52.320059]]]}, "properties": {"code": "1742", "name": "Rijssen-Holten", "regioFacet": "tcm:106-353700-1024", "level": 4, "url": "/regioinformatie/gemeente/rijssen-holten/"}}, {"type": "Feature", "geometry": {"type": "Polygon", "coordinates": [[[6.10639, 52.656795], [6.120271, 52.66509], [6.119541, 52.668204], [6.127757, 52.672056], [6.131328, 52.6719], [6.135892, 52.674483], [6.135738, 52.677072], [6.152089, 52.684245], [6.154498, 52.690411], [6.159309, 52.692181], [6.169651, 52.686121], [6.162996, 52.680062], [6.181767, 52.675246], [6.184208, 52.677208], [6.180548, 52.681588], [6.185871, 52.682504], [6.187862, 52.679614], [6.191444, 52.67932], [6.192055, 52.676426], [6.19423, 52.67663], [6.195036, 52.679573], [6.201682, 52.68462], [6.212536, 52.684634], [6.21665, 52.686406], [6.219807, 52.685704], [6.218708, 52.684327], [6.221091, 52.682779], [6.232741, 52.681455], [6.232843, 52.679109], [6.237075, 52.677548], [6.243761, 52.678718], [6.248365, 52.675617], [6.247286, 52.672811], [6.252001, 52.669881], [6.260535, 52.670478], [6.265401, 52.66918], [6.265794, 52.666865], [6.270067, 52.664794], [6.2732, 52.664837], [6.279163, 52.669053], [6.285465, 52.667022], [6.287487, 52.663453], [6.295367, 52.662286], [6.297563, 52.666369], [6.309759, 52.666751], [6.314957, 52.669425], [6.32265, 52.67051], [6.327037, 52.669159], [6.32929, 52.665398], [6.325876, 52.662865], [6.327798, 52.658693], [6.303064, 52.597141], [6.286958, 52.595192], [6.286327, 52.596212], [6.274898, 52.593705], [6.274776, 52.594788], [6.270744, 52.595051], [6.246926, 52.590325], [6.195094, 52.584111], [6.179476, 52.58793], [6.147583, 52.585204], [6.131378, 52.581246], [6.12409, 52.590844], [6.124057, 52.594057], [6.103064, 52.605652], [6.10623, 52.607035], [6.103701, 52.612686], [6.106951, 52.614832], [6.107477, 52.618873], [6.103931, 52.625569], [6.098348, 52.625555], [6.095917, 52.630941], [6.104471, 52.647926], [6.103429, 52.655225], [6.104291, 52.65712], [6.10639, 52.656795]]]}, "properties": {"code": "0180", "name": "Staphorst", "regioFacet": "tcm:106-353701-1024", "level": 4, "url": "/regioinformatie/gemeente/staphorst/"}}, {"type": "Feature", "geometry": {"type": "Polygon", "coordinates": [[[6.056289, 52.824986], [6.059951, 52.826119], [6.052607, 52.837339], [6.0615, 52.839297], [6.082346, 52.839069], [6.08748, 52.843114], [6.11982, 52.854215], [6.128694, 52.847807], [6.130312, 52.84393], [6.151962, 52.82883], [6.149199, 52.828402], [6.157644, 52.825036], [6.171682, 52.81506], [6.17723, 52.813851], [6.201731, 52.793696], [6.193808, 52.786403], [6.173099, 52.773317], [6.168525, 52.767093], [6.16394, 52.766449], [6.156703, 52.762699], [6.126617, 52.756935], [6.120557, 52.752468], [6.120332, 52.750149], [6.148498, 52.707631], [6.155245, 52.694039], [6.156607, 52.691957], [6.158976, 52.692154], [6.154498, 52.690411], [6.152127, 52.684276], [6.135738, 52.677072], [6.135892, 52.674483], [6.131328, 52.6719], [6.12745, 52.671945], [6.121746, 52.668246], [6.107439, 52.665618], [6.099917, 52.660821], [6.09736, 52.664627], [6.085563, 52.663274], [6.054864, 52.650219], [6.038208, 52.6495], [6.021083, 52.641363], [6.006915, 52.651286], [5.99953, 52.654636], [5.984048, 52.657192], [5.966852, 52.66658], [5.941594, 52.670517], [5.939726, 52.668835], [5.935148, 52.669234], [5.933084, 52.671264], [5.93387, 52.67551], [5.944708, 52.682713], [5.962105, 52.690351], [5.965155, 52.69357], [5.964825, 52.698104], [5.959012, 52.703863], [5.954839, 52.703768], [5.955316, 52.707262], [5.951161, 52.711919], [5.942555, 52.715002], [5.922574, 52.750692], [5.906009, 52.761326], [5.900054, 52.761195], [5.896085, 52.762822], [5.879683, 52.773251], [5.860258, 52.781817], [5.849699, 52.784739], [5.836254, 52.785637], [5.818792, 52.784697], [5.818656, 52.787636], [5.805926, 52.794859], [5.795177, 52.806522], [5.819744, 52.817278], [5.824198, 52.813277], [5.833629, 52.811656], [5.837365, 52.808262], [5.836474, 52.805793], [5.842202, 52.807584], [5.843594, 52.805033], [5.854667, 52.805507], [5.857027, 52.807229], [5.85964, 52.804536], [5.865636, 52.80465], [5.86868, 52.802726], [5.878763, 52.800849], [5.882578, 52.80392], [5.897881, 52.807803], [5.900657, 52.811825], [5.90937, 52.814059], [5.914998, 52.819456], [5.924079, 52.823488], [5.922905, 52.827452], [5.926407, 52.82835], [5.922841, 52.830792], [5.930689, 52.831938], [5.927079, 52.833827], [5.945933, 52.837452], [5.955784, 52.833235], [5.955764, 52.837374], [5.958098, 52.839395], [5.969976, 52.842375], [5.973128, 52.84247], [5.976175, 52.834748], [5.986479, 52.821693], [5.990575, 52.821597], [5.996508, 52.816562], [6.007483, 52.820046], [6.024559, 52.822545], [6.031168, 52.814991], [6.056289, 52.824986]]]}, "properties": {"code": "1708", "name": "Steenwijkerland", "regioFacet": "tcm:106-353702-1024", "level": 4, "url": "/regioinformatie/gemeente/steenwijkerland/"}}, {"type": "Feature", "geometry": {"type": "Polygon", "coordinates": [[[6.676845, 52.430267], [6.673519, 52.434495], [6.673334, 52.441451], [6.682858, 52.446266], [6.692082, 52.447347], [6.697748, 52.45178], [6.701595, 52.461163], [6.717707, 52.478132], [6.723771, 52.477017], [6.752734, 52.464111], [6.774587, 52.459601], [6.854298, 52.459706], [6.852542, 52.449914], [6.861816, 52.451358], [6.941657, 52.435426], [6.9473, 52.436621], [6.949224, 52.432865], [6.928525, 52.434148], [6.897116, 52.432815], [6.853411, 52.427062], [6.851495, 52.414582], [6.862338, 52.407816], [6.863585, 52.363731], [6.855674, 52.360288], [6.851789, 52.362169], [6.835793, 52.362625], [6.817683, 52.365097], [6.806833, 52.362217], [6.783399, 52.360116], [6.778322, 52.350212], [6.773979, 52.346563], [6.760577, 52.341943], [6.759035, 52.332061], [6.750679, 52.329665], [6.743685, 52.336109], [6.734497, 52.339355], [6.709741, 52.343435], [6.720563, 52.352329], [6.719693, 52.361289], [6.715661, 52.366549], [6.713465, 52.376489], [6.705303, 52.378132], [6.697882, 52.391274], [6.698635, 52.393741], [6.669673, 52.417367], [6.672551, 52.422085], [6.676549, 52.423655], [6.673961, 52.425184], [6.677886, 52.427832], [6.676845, 52.430267]]]}, "properties": {"code": "0183", "name": "Tubbergen", "regioFacet": "tcm:106-353703-1024", "level": 4, "url": "/regioinformatie/gemeente/tubbergen/"}}, {"type": "Feature", "geometry": {"type": "Polygon", "coordinates": [[[6.596995, 52.449474], [6.596387, 52.454808], [6.571633, 52.446504], [6.571064, 52.448398], [6.562894, 52.445764], [6.558346, 52.448974], [6.554361, 52.448478], [6.542995, 52.451226], [6.531081, 52.446254], [6.528404, 52.440664], [6.52407, 52.439626], [6.521074, 52.440696], [6.516279, 52.437455], [6.480015, 52.440326], [6.474973, 52.441107], [6.467388, 52.445572], [6.45349, 52.460022], [6.44855, 52.460307], [6.451428, 52.461476], [6.447463, 52.465599], [6.450651, 52.46689], [6.452507, 52.464562], [6.453176, 52.466765], [6.450691, 52.468051], [6.45253, 52.471048], [6.454145, 52.471345], [6.453287, 52.469465], [6.458622, 52.469903], [6.465452, 52.475115], [6.478405, 52.477604], [6.488576, 52.476862], [6.492504, 52.479259], [6.49579, 52.479256], [6.494809, 52.481002], [6.503773, 52.481722], [6.505469, 52.490963], [6.554463, 52.487593], [6.601035, 52.47947], [6.613001, 52.465603], [6.61657, 52.469369], [6.626821, 52.473831], [6.635621, 52.471647], [6.640584, 52.473105], [6.641541, 52.471244], [6.649556, 52.47309], [6.6511, 52.475157], [6.64746, 52.478614], [6.654578, 52.482715], [6.653659, 52.487832], [6.669301, 52.494981], [6.693485, 52.486327], [6.697585, 52.486298], [6.717707, 52.478132], [6.701595, 52.461163], [6.697748, 52.45178], [6.692082, 52.447347], [6.676361, 52.444113], [6.672558, 52.43896], [6.677886, 52.427832], [6.67514, 52.426972], [6.673999, 52.424647], [6.676549, 52.423655], [6.672551, 52.422085], [6.669673, 52.417367], [6.698635, 52.393741], [6.685229, 52.393105], [6.684391, 52.390899], [6.67612, 52.396151], [6.671896, 52.388851], [6.664169, 52.389514], [6.651752, 52.398725], [6.647626, 52.395454], [6.6402, 52.399123], [6.636382, 52.395536], [6.621763, 52.389545], [6.619492, 52.38983], [6.613979, 52.386119], [6.609455, 52.389551], [6.598798, 52.383628], [6.572469, 52.423315], [6.598148, 52.439029], [6.596995, 52.449474]]]}, "properties": {"code": "1700", "name": "Twenterand", "regioFacet": "tcm:106-353704-1024", "level": 4, "url": "/regioinformatie/gemeente/twenterand/"}}, {"type": "Feature", "geometry": {"type": "Polygon", "coordinates": [[[6.505839, 52.35245], [6.506663, 52.355276], [6.518873, 52.355161], [6.520793, 52.361415], [6.499059, 52.363562], [6.496078, 52.367943], [6.495516, 52.37618], [6.514108, 52.381665], [6.508539, 52.392152], [6.515982, 52.406122], [6.575952, 52.417513], [6.608515, 52.367211], [6.615486, 52.362534], [6.614277, 52.356435], [6.610318, 52.354458], [6.604673, 52.344898], [6.597705, 52.3429], [6.603423, 52.335956], [6.616559, 52.329158], [6.61902, 52.326145], [6.604763, 52.312225], [6.611427, 52.313124], [6.61474, 52.311422], [6.613915, 52.309659], [6.616782, 52.309102], [6.607915, 52.307541], [6.618747, 52.306175], [6.631782, 52.30178], [6.626046, 52.289933], [6.605363, 52.270689], [6.595148, 52.271199], [6.575326, 52.269116], [6.568191, 52.270144], [6.564388, 52.272412], [6.549963, 52.287802], [6.553245, 52.299189], [6.550448, 52.310181], [6.545089, 52.318375], [6.539652, 52.315803], [6.535841, 52.315641], [6.524878, 52.325677], [6.523138, 52.323834], [6.517908, 52.325174], [6.499327, 52.323522], [6.468189, 52.326462], [6.488447, 52.343785], [6.486609, 52.345209], [6.489134, 52.345955], [6.490749, 52.349325], [6.495978, 52.349954], [6.501347, 52.352916], [6.505839, 52.35245]]]}, "properties": {"code": "0189", "name": "Wierden", "regioFacet": "tcm:106-353705-1024", "level": 4, "url": "/regioinformatie/gemeente/wierden/"}}, {"type": "Feature", "geometry": {"type": "Polygon", "coordinates": [[[6.012538, 52.63949], [6.018073, 52.643855], [6.021083, 52.641363], [6.024618, 52.642068], [6.038208, 52.6495], [6.054864, 52.650219], [6.085563, 52.663274], [6.09736, 52.664627], [6.099917, 52.660821], [6.107387, 52.665599], [6.119566, 52.667937], [6.120271, 52.66509], [6.106632, 52.656758], [6.104291, 52.65712], [6.104201, 52.647105], [6.101932, 52.64062], [6.096848, 52.635626], [6.095917, 52.630941], [6.098348, 52.625555], [6.103931, 52.625569], [6.107477, 52.618873], [6.106951, 52.614832], [6.103701, 52.612686], [6.10623, 52.607035], [6.103064, 52.605652], [6.124057, 52.594057], [6.12409, 52.590844], [6.131378, 52.581246], [6.147231, 52.584404], [6.155492, 52.582502], [6.166814, 52.565252], [6.140527, 52.552102], [6.128679, 52.556581], [6.118081, 52.557397], [6.114589, 52.560457], [6.109791, 52.561115], [6.11006, 52.567412], [6.103336, 52.567388], [6.097684, 52.558629], [6.0894, 52.551841], [6.074186, 52.556402], [6.076163, 52.556963], [6.073544, 52.559176], [6.070156, 52.558226], [6.063154, 52.56728], [6.033365, 52.55898], [6.012888, 52.586114], [5.982941, 52.577514], [5.971341, 52.594157], [5.980243, 52.605088], [5.991302, 52.614397], [5.991745, 52.621748], [5.981015, 52.628302], [5.988626, 52.629324], [6.012538, 52.63949]]]}, "properties": {"code": "1896", "name": "Zwartewaterland", "regioFacet": "tcm:106-353706-1024", "level": 4, "url": "/regioinformatie/gemeente/zwartewaterland/"}}, {"type": "Feature", "geometry": {"type": "Polygon", "coordinates": [[[6.09861, 52.561219], [6.103336, 52.567388], [6.11006, 52.567412], [6.109791, 52.561115], [6.114589, 52.560457], [6.118081, 52.557397], [6.128679, 52.556581], [6.140527, 52.552102], [6.166814, 52.565252], [6.158812, 52.575406], [6.157425, 52.580777], [6.15507, 52.582706], [6.147532, 52.5838], [6.147583, 52.585204], [6.179476, 52.58793], [6.194533, 52.584151], [6.202138, 52.584949], [6.205456, 52.57525], [6.210811, 52.567798], [6.189631, 52.53616], [6.19305, 52.531848], [6.187851, 52.523516], [6.182953, 52.519335], [6.173322, 52.51883], [6.184071, 52.507741], [6.18815, 52.499557], [6.199713, 52.495274], [6.198743, 52.492817], [6.201003, 52.490995], [6.19652, 52.489679], [6.192388, 52.485615], [6.192551, 52.481632], [6.182832, 52.480807], [6.182076, 52.479057], [6.177529, 52.479822], [6.177661, 52.477856], [6.171247, 52.477395], [6.170018, 52.475879], [6.151315, 52.471087], [6.144146, 52.467665], [6.152516, 52.461135], [6.152197, 52.457439], [6.155085, 52.453658], [6.147676, 52.444441], [6.14064, 52.444566], [6.139991, 52.44191], [6.137141, 52.440758], [6.120608, 52.442314], [6.10958, 52.440531], [6.104374, 52.443074], [6.101934, 52.446917], [6.103449, 52.45553], [6.099483, 52.469971], [6.089268, 52.476811], [6.068141, 52.48391], [6.054666, 52.499547], [6.042409, 52.505596], [6.02457, 52.510782], [6.017085, 52.515251], [6.014714, 52.51943], [6.017055, 52.524584], [6.023643, 52.527366], [6.024832, 52.526308], [6.030171, 52.526754], [6.030455, 52.538061], [6.007288, 52.545118], [6.003619, 52.550391], [6.063154, 52.56728], [6.070156, 52.558226], [6.073544, 52.559176], [6.076163, 52.556963], [6.074186, 52.556402], [6.0894, 52.551841], [6.09861, 52.561219]]]}, "properties": {"code": "0193", "name": "Zwolle", "regioFacet": "tcm:106-353707-1024", "level": 4, "url": "/regioinformatie/gemeente/zwolle/"}}, {"type": "Feature", "geometry": {"type": "Polygon", "coordinates": [[[5.349898, 52.175605], [5.340922, 52.178018], [5.33644, 52.182718], [5.324325, 52.182256], [5.323845, 52.188495], [5.310248, 52.191949], [5.309338, 52.194729], [5.314282, 52.203023], [5.330692, 52.203385], [5.327882, 52.20935], [5.330541, 52.214732], [5.392735, 52.205528], [5.395522, 52.219154], [5.407222, 52.213405], [5.40967, 52.21858], [5.434714, 52.205876], [5.439237, 52.204601], [5.441039, 52.205693], [5.438086, 52.184585], [5.439876, 52.171197], [5.448824, 52.167704], [5.479922, 52.165815], [5.472433, 52.162851], [5.482116, 52.159796], [5.481496, 52.158297], [5.48433, 52.158033], [5.483767, 52.153981], [5.481304, 52.15047], [5.476647, 52.152231], [5.45934, 52.152915], [5.442204, 52.161504], [5.423608, 52.157636], [5.417844, 52.154785], [5.416513, 52.150699], [5.408318, 52.142588], [5.409391, 52.140387], [5.407563, 52.14196], [5.398075, 52.133548], [5.374389, 52.130993], [5.355635, 52.13683], [5.334036, 52.120415], [5.31092, 52.108384], [5.306459, 52.110271], [5.331268, 52.12663], [5.333852, 52.131345], [5.330969, 52.137291], [5.336298, 52.145856], [5.33872, 52.160057], [5.343484, 52.160271], [5.349898, 52.175605]]]}, "properties": {"code": "0307", "name": "Amersfoort", "regioFacet": "tcm:106-353709-1024", "level": 4, "url": "/regioinformatie/gemeente/amersfoort/"}}, {"type": "Feature", "geometry": {"type": "Polygon", "coordinates": [[[5.306491, 52.21944], [5.312323, 52.22131], [5.314755, 52.224107], [5.313129, 52.225649], [5.311207, 52.224567], [5.311594, 52.226508], [5.306836, 52.229705], [5.308263, 52.231835], [5.312278, 52.232829], [5.335785, 52.228569], [5.334323, 52.220123], [5.327908, 52.209616], [5.330692, 52.203385], [5.314311, 52.203021], [5.313831, 52.204192], [5.310606, 52.203451], [5.308521, 52.204474], [5.303907, 52.19996], [5.267849, 52.187383], [5.239041, 52.167622], [5.237901, 52.171251], [5.236156, 52.171149], [5.236316, 52.167458], [5.223889, 52.16538], [5.220995, 52.17826], [5.212076, 52.176374], [5.216003, 52.188061], [5.213254, 52.190082], [5.214232, 52.200786], [5.22473, 52.225197], [5.287464, 52.222883], [5.30097, 52.223524], [5.306491, 52.21944]]]}, "properties": {"code": "0308", "name": "Baarn", "regioFacet": "tcm:106-353710-1024", "level": 4, "url": "/regioinformatie/gemeente/baarn/"}}, {"type": "Feature", "geometry": {"type": "Polygon", "coordinates": [[[5.191556, 52.043036], [5.178931, 52.04634], [5.160744, 52.045515], [5.153031, 52.056757], [5.157755, 52.058342], [5.156891, 52.063427], [5.159503, 52.067263], [5.155662, 52.071456], [5.160719, 52.080563], [5.166917, 52.076681], [5.171606, 52.078675], [5.179293, 52.077902], [5.181402, 52.076192], [5.192639, 52.077914], [5.200401, 52.076867], [5.225022, 52.064922], [5.219132, 52.059752], [5.247423, 52.058647], [5.251677, 52.053958], [5.248006, 52.047413], [5.25104, 52.045757], [5.249494, 52.040986], [5.252677, 52.0386], [5.257797, 52.038286], [5.257499, 52.032677], [5.26388, 52.031969], [5.269298, 52.02917], [5.270867, 52.027403], [5.263239, 52.02438], [5.271693, 52.014609], [5.27991, 52.010722], [5.280153, 52.008911], [5.275702, 52.00572], [5.277487, 52.000062], [5.271092, 51.997842], [5.266835, 51.999442], [5.264736, 52.00322], [5.259563, 52.000999], [5.243191, 51.998793], [5.230572, 52.010356], [5.224036, 52.013704], [5.201992, 52.01747], [5.203527, 52.020076], [5.199103, 52.025219], [5.200893, 52.031713], [5.195433, 52.036427], [5.192504, 52.034409], [5.189541, 52.036988], [5.191556, 52.043036]]]}, "properties": {"code": "0312", "name": "Bunnik", "regioFacet": "tcm:106-353711-1024", "level": 4, "url": "/regioinformatie/gemeente/bunnik/"}}, {"type": "Feature", "geometry": {"type": "Polygon", "coordinates": [[[5.331576, 52.274139], [5.339564, 52.287732], [5.404643, 52.24963], [5.39322, 52.220723], [5.395522, 52.219154], [5.392735, 52.205528], [5.330541, 52.214732], [5.334323, 52.220123], [5.335785, 52.228569], [5.312278, 52.232829], [5.31068, 52.246326], [5.314129, 52.251954], [5.324337, 52.253008], [5.328621, 52.255366], [5.322062, 52.262748], [5.327158, 52.266563], [5.331576, 52.274139]]]}, "properties": {"code": "0313", "name": "Bunschoten", "regioFacet": "tcm:106-353712-1024", "level": 4, "url": "/regioinformatie/gemeente/bunschoten/"}}, {"type": "Feature", "geometry": {"type": "Polygon", "coordinates": [[[5.160854, 52.105606], [5.161915, 52.107215], [5.150381, 52.110875], [5.147603, 52.120103], [5.140163, 52.120582], [5.126523, 52.124604], [5.107093, 52.133211], [5.120529, 52.145541], [5.09489, 52.155349], [5.118845, 52.172406], [5.115294, 52.179853], [5.121359, 52.180955], [5.192586, 52.177833], [5.215501, 52.204273], [5.213254, 52.190082], [5.216003, 52.188061], [5.212076, 52.176374], [5.220995, 52.17826], [5.221219, 52.174571], [5.222702, 52.174687], [5.23093, 52.116789], [5.218219, 52.113673], [5.222329, 52.103893], [5.210815, 52.100727], [5.212727, 52.097674], [5.208609, 52.093619], [5.210588, 52.090314], [5.20723, 52.086439], [5.205517, 52.08683], [5.205525, 52.084896], [5.189913, 52.086241], [5.18617, 52.092928], [5.18227, 52.094411], [5.180564, 52.093132], [5.160904, 52.094576], [5.156171, 52.098589], [5.160854, 52.105606]]]}, "properties": {"code": "0310", "name": "De Bilt", "regioFacet": "tcm:106-353713-1024", "level": 4, "url": "/regioinformatie/gemeente/de-bilt/"}}, {"type": "Feature", "geometry": {"type": "Polygon", "coordinates": [[[4.908547, 52.252683], [4.91097, 52.252682], [4.917303, 52.256817], [4.918118, 52.261695], [4.923257, 52.26309], [4.924748, 52.267001], [4.929391, 52.268353], [4.926651, 52.272445], [4.926444, 52.27978], [4.933801, 52.280893], [4.942692, 52.278184], [4.953798, 52.278027], [4.961054, 52.278174], [4.962244, 52.280207], [4.966166, 52.28098], [4.967674, 52.279582], [4.969726, 52.283121], [4.983506, 52.290368], [4.997475, 52.289118], [5.001789, 52.292793], [5.003835, 52.298509], [5.01154, 52.303302], [5.021543, 52.302457], [5.021867, 52.282653], [5.007463, 52.231705], [4.997415, 52.230817], [4.994728, 52.232474], [4.99473, 52.230266], [4.980414, 52.226847], [4.982874, 52.222416], [4.973747, 52.220598], [4.966596, 52.200052], [4.961388, 52.199475], [4.960809, 52.19782], [4.950881, 52.198638], [4.948383, 52.193598], [4.948572, 52.185785], [4.945713, 52.185813], [4.933995, 52.176945], [4.935007, 52.175855], [4.93141, 52.17371], [4.932468, 52.172494], [4.928606, 52.1672], [4.908263, 52.161494], [4.891743, 52.161771], [4.855582, 52.178917], [4.843921, 52.180122], [4.823445, 52.193266], [4.822209, 52.196125], [4.8144, 52.199309], [4.813594, 52.201847], [4.802925, 52.201028], [4.80215, 52.217634], [4.79443, 52.223423], [4.794576, 52.226731], [4.805404, 52.227989], [4.814455, 52.227224], [4.830107, 52.230913], [4.838687, 52.235366], [4.842826, 52.235339], [4.84728, 52.239765], [4.851626, 52.238995], [4.851254, 52.241867], [4.854938, 52.242146], [4.857522, 52.247723], [4.868583, 52.251579], [4.870037, 52.253361], [4.873853, 52.250743], [4.882719, 52.253712], [4.887016, 52.250899], [4.891297, 52.253301], [4.898569, 52.250932], [4.902931, 52.253182], [4.908547, 52.252683]]]}, "properties": {"code": "0736", "name": "De Ronde Venen", "regioFacet": "tcm:106-353714-1024", "level": 4, "url": "/regioinformatie/gemeente/de-ronde-venen/"}}, {"type": "Feature", "geometry": {"type": "Polygon", "coordinates": [[[5.244759, 52.253986], [5.265978, 52.281926], [5.305834, 52.277329], [5.335461, 52.290218], [5.339564, 52.287732], [5.327455, 52.266935], [5.322133, 52.263062], [5.328621, 52.255366], [5.324337, 52.253008], [5.314129, 52.251954], [5.31068, 52.246326], [5.313318, 52.234155], [5.306638, 52.230122], [5.311594, 52.226508], [5.311207, 52.224567], [5.313129, 52.225649], [5.314755, 52.224107], [5.312647, 52.221495], [5.306875, 52.219273], [5.30097, 52.223524], [5.287464, 52.222883], [5.222901, 52.225261], [5.244759, 52.253986]]]}, "properties": {"code": "0317", "name": "Eemnes", "regioFacet": "tcm:106-353715-1024", "level": 4, "url": "/regioinformatie/gemeente/eemnes/"}}, {"type": "Feature", "geometry": {"type": "Polygon", "coordinates": [[[5.130993, 52.024724], [5.121774, 52.030433], [5.129682, 52.049864], [5.124718, 52.049915], [5.126832, 52.054918], [5.145676, 52.052559], [5.153031, 52.056757], [5.160744, 52.045515], [5.178931, 52.04634], [5.191556, 52.043036], [5.189541, 52.036988], [5.192504, 52.034409], [5.195433, 52.036427], [5.200893, 52.031713], [5.199103, 52.025219], [5.203527, 52.020076], [5.201992, 52.01747], [5.219374, 52.015215], [5.229408, 52.011193], [5.245385, 51.995984], [5.256204, 51.993725], [5.253325, 51.992335], [5.254141, 51.986071], [5.271447, 51.981134], [5.266048, 51.975807], [5.256271, 51.970941], [5.24526, 51.977999], [5.23978, 51.97894], [5.234201, 51.978063], [5.229109, 51.974906], [5.219738, 51.96387], [5.207434, 51.959478], [5.194329, 51.961302], [5.175485, 51.969053], [5.155094, 51.971586], [5.145963, 51.978034], [5.139677, 51.993943], [5.133868, 51.996687], [5.119563, 51.999924], [5.128386, 52.024781], [5.130993, 52.024724]]]}, "properties": {"code": "0321", "name": "Houten", "regioFacet": "tcm:106-353716-1024", "level": 4, "url": "/regioinformatie/gemeente/houten/"}}, {"type": "Feature", "geometry": {"type": "Polygon", "coordinates": [[[5.020295, 52.025627], [4.995195, 52.02172], [4.994046, 52.02974], [4.983139, 52.027785], [4.978379, 52.039723], [4.983277, 52.040237], [4.991007, 52.052884], [4.996331, 52.052783], [5.004934, 52.055559], [5.010284, 52.053741], [5.017075, 52.061143], [5.02161, 52.055808], [5.02712, 52.055396], [5.028451, 52.050623], [5.038064, 52.044155], [5.049907, 52.03087], [5.05534, 52.029738], [5.061021, 52.026282], [5.062801, 52.026823], [5.074861, 52.003554], [5.072473, 52.000211], [5.075704, 52.000919], [5.077535, 51.997452], [5.066286, 51.994073], [5.062638, 51.991233], [5.053082, 51.995385], [5.05424, 51.996319], [5.042555, 52.005636], [5.034063, 52.003846], [5.020295, 52.025627]]]}, "properties": {"code": "0353", "name": "IJsselstein", "regioFacet": "tcm:106-353717-1024", "level": 4, "url": "/regioinformatie/gemeente/ijsselstein/"}}, {"type": "Feature", "geometry": {"type": "Polygon", "coordinates": [[[5.414128, 52.148452], [5.417844, 52.154785], [5.423275, 52.157516], [5.441901, 52.161516], [5.45934, 52.152915], [5.476747, 52.152218], [5.485248, 52.14906], [5.498982, 52.147393], [5.497306, 52.141443], [5.514079, 52.135923], [5.511928, 52.132105], [5.497913, 52.130283], [5.496759, 52.124814], [5.494695, 52.124698], [5.496918, 52.119557], [5.505354, 52.11975], [5.503756, 52.116586], [5.507549, 52.115645], [5.507702, 52.113897], [5.50395, 52.11372], [5.498917, 52.116018], [5.486447, 52.11536], [5.479079, 52.117426], [5.475825, 52.112071], [5.476037, 52.105012], [5.473707, 52.10476], [5.471987, 52.101456], [5.467516, 52.1004], [5.457866, 52.105369], [5.443807, 52.107075], [5.437938, 52.099744], [5.429629, 52.09591], [5.421041, 52.096901], [5.410159, 52.103263], [5.404521, 52.104106], [5.401332, 52.089334], [5.37801, 52.090472], [5.335874, 52.09597], [5.31092, 52.108384], [5.334036, 52.120415], [5.355635, 52.13683], [5.374389, 52.130993], [5.398075, 52.133548], [5.407563, 52.14196], [5.409391, 52.140387], [5.408318, 52.142588], [5.414128, 52.148452]]]}, "properties": {"code": "0327", "name": "Leusden", "regioFacet": "tcm:106-353718-1024", "level": 4, "url": "/regioinformatie/gemeente/leusden/"}}, {"type": "Feature", "geometry": {"type": "Polygon", "coordinates": [[[4.953365, 51.962441], [4.943305, 51.963943], [4.937009, 51.96223], [4.924494, 51.948946], [4.915515, 51.942878], [4.877793, 51.938031], [4.871223, 51.954643], [4.860806, 51.967784], [4.845622, 51.974985], [4.834107, 51.985631], [4.909735, 52.011041], [4.919867, 52.009988], [4.954918, 52.017347], [4.980715, 52.020885], [4.992162, 52.021032], [5.020295, 52.025627], [5.034063, 52.003846], [5.042555, 52.005636], [5.05424, 51.996319], [5.053082, 51.995385], [5.062638, 51.991233], [5.044995, 51.981959], [5.037775, 51.972717], [5.032849, 51.969746], [5.022376, 51.969727], [5.00301, 51.978138], [4.998074, 51.977872], [4.988045, 51.973993], [4.975436, 51.962886], [4.968335, 51.959393], [4.953365, 51.962441]]]}, "properties": {"code": "0331", "name": "Lopik", "regioFacet": "tcm:106-353719-1024", "level": 4, "url": "/regioinformatie/gemeente/lopik/"}}, {"type": "Feature", "geometry": {"type": "Polygon", "coordinates": [[[4.926681, 52.029987], [4.911398, 52.040182], [4.917118, 52.043791], [4.906505, 52.053476], [4.896026, 52.050688], [4.895411, 52.048234], [4.875506, 52.06158], [4.871458, 52.059225], [4.868225, 52.063446], [4.8732, 52.068745], [4.905083, 52.070015], [4.924661, 52.077591], [4.936143, 52.07992], [4.956333, 52.070299], [4.956773, 52.065933], [4.970501, 52.06756], [4.98261, 52.06495], [4.996099, 52.067343], [5.018011, 52.062219], [5.010284, 52.053741], [5.004934, 52.055559], [4.996331, 52.052783], [4.991007, 52.052884], [4.983277, 52.040237], [4.978379, 52.039723], [4.983139, 52.027785], [4.994046, 52.02974], [4.995199, 52.021503], [4.954918, 52.017347], [4.920045, 52.010014], [4.904975, 52.026478], [4.921305, 52.025718], [4.925654, 52.027679], [4.926681, 52.029987]]]}, "properties": {"code": "0335", "name": "Montfoort", "regioFacet": "tcm:106-353720-1024", "level": 4, "url": "/regioinformatie/gemeente/montfoort/"}}, {"type": "Feature", "geometry": {"type": "Polygon", "coordinates": [[[5.066006, 52.018888], [5.062511, 52.028603], [5.064183, 52.051748], [5.069764, 52.061505], [5.075629, 52.062228], [5.089986, 52.060729], [5.094124, 52.058755], [5.097352, 52.059481], [5.104398, 52.049938], [5.107344, 52.050026], [5.111261, 52.058324], [5.120569, 52.054503], [5.126832, 52.054918], [5.124718, 52.049915], [5.129682, 52.049864], [5.121774, 52.030433], [5.130993, 52.024724], [5.128386, 52.024781], [5.119563, 51.999924], [5.11051, 52.002382], [5.10016, 52.003016], [5.090309, 52.001606], [5.077535, 51.997452], [5.075704, 52.000919], [5.072473, 52.000211], [5.074861, 52.003554], [5.066006, 52.018888]]]}, "properties": {"code": "0356", "name": "Nieuwegein", "regioFacet": "tcm:106-353721-1024", "level": 4, "url": "/regioinformatie/gemeente/nieuwegein/"}}, {"type": "Feature", "geometry": {"type": "Polygon", "coordinates": [[[4.829706, 52.049476], [4.847968, 52.058136], [4.856305, 52.059152], [4.868225, 52.063446], [4.871458, 52.059225], [4.875506, 52.06158], [4.895411, 52.048234], [4.896026, 52.050688], [4.906505, 52.053476], [4.917118, 52.043791], [4.911398, 52.040182], [4.926681, 52.029987], [4.925654, 52.027679], [4.921305, 52.025718], [4.904975, 52.026478], [4.920045, 52.010014], [4.908845, 52.010826], [4.835218, 51.986143], [4.817806, 51.999767], [4.857127, 52.00596], [4.847481, 52.017715], [4.833335, 52.016423], [4.824994, 52.017237], [4.815616, 52.013981], [4.803523, 52.013956], [4.7987, 52.022272], [4.809933, 52.026765], [4.806704, 52.033167], [4.811822, 52.033825], [4.817193, 52.036931], [4.829706, 52.049476]]]}, "properties": {"code": "0589", "name": "Oudewater", "regioFacet": "tcm:106-353722-1024", "level": 4, "url": "/regioinformatie/gemeente/oudewater/"}}, {"type": "Feature", "geometry": {"type": "Polygon", "coordinates": [[[5.522654, 52.077542], [5.531245, 52.082419], [5.531306, 52.083939], [5.526634, 52.084903], [5.530856, 52.089774], [5.537127, 52.088659], [5.538294, 52.09269], [5.535079, 52.092875], [5.53916, 52.097814], [5.532817, 52.099984], [5.531543, 52.102267], [5.54154, 52.103737], [5.544013, 52.101949], [5.546302, 52.102444], [5.545292, 52.10439], [5.550343, 52.10542], [5.554236, 52.100151], [5.550463, 52.096641], [5.554429, 52.095392], [5.554905, 52.08655], [5.557112, 52.086851], [5.556687, 52.085483], [5.560778, 52.084394], [5.562619, 52.079186], [5.559211, 52.071034], [5.560782, 52.06859], [5.558637, 52.049965], [5.557875, 52.048641], [5.54464, 52.049373], [5.540729, 52.04267], [5.53142, 52.039469], [5.517425, 52.04675], [5.515681, 52.054191], [5.497876, 52.057018], [5.495657, 52.071359], [5.499882, 52.071335], [5.504584, 52.07335], [5.50507, 52.076911], [5.509204, 52.07697], [5.509923, 52.07905], [5.519437, 52.079227], [5.522654, 52.077542]]]}, "properties": {"code": "0339", "name": "Renswoude", "regioFacet": "tcm:106-353723-1024", "level": 4, "url": "/regioinformatie/gemeente/renswoude/"}}, {"type": "Feature", "geometry": {"type": "Polygon", "coordinates": [[[5.503266, 52.006327], [5.512592, 52.018516], [5.533677, 52.012665], [5.532366, 52.0109], [5.5511, 51.999805], [5.553229, 51.999031], [5.558045, 52.003632], [5.570479, 51.996958], [5.589489, 52.009456], [5.591998, 52.001392], [5.602805, 51.994869], [5.609972, 51.993692], [5.613905, 51.99018], [5.615083, 51.982687], [5.626064, 51.97407], [5.624856, 51.970448], [5.618329, 51.966258], [5.620258, 51.966582], [5.624978, 51.960065], [5.627224, 51.952386], [5.620162, 51.951498], [5.620446, 51.948166], [5.616428, 51.949354], [5.60594, 51.943125], [5.590992, 51.949776], [5.555658, 51.956157], [5.53752, 51.968285], [5.512481, 51.973081], [5.486214, 51.983826], [5.477664, 51.983473], [5.47785, 51.987692], [5.480641, 51.988864], [5.479625, 51.991714], [5.484595, 51.98776], [5.487567, 51.993256], [5.490898, 51.996561], [5.494202, 51.994901], [5.503266, 52.006327]]]}, "properties": {"code": "0340", "name": "Rhenen", "regioFacet": "tcm:106-353724-1024", "level": 4, "url": "/regioinformatie/gemeente/rhenen/"}}, {"type": "Feature", "geometry": {"type": "Polygon", "coordinates": [[[5.347712, 52.170462], [5.343484, 52.160271], [5.33872, 52.160057], [5.336298, 52.145856], [5.330969, 52.137291], [5.333852, 52.131345], [5.331268, 52.12663], [5.306459, 52.110271], [5.291823, 52.114543], [5.282138, 52.112063], [5.271936, 52.127046], [5.264102, 52.12508], [5.255916, 52.136724], [5.254794, 52.149516], [5.243173, 52.170076], [5.246753, 52.174045], [5.268406, 52.187678], [5.303907, 52.19996], [5.308914, 52.20456], [5.314476, 52.203483], [5.309316, 52.194661], [5.310595, 52.191486], [5.314733, 52.191578], [5.323845, 52.188495], [5.324325, 52.182256], [5.33644, 52.182718], [5.340922, 52.178018], [5.349898, 52.175605], [5.347712, 52.170462]]]}, "properties": {"code": "0342", "name": "Soest", "regioFacet": "tcm:106-353725-1024", "level": 4, "url": "/regioinformatie/gemeente/soest/"}}, {"type": "Feature", "geometry": {"type": "Polygon", "coordinates": [[[4.982874, 52.222416], [4.980414, 52.226847], [4.99473, 52.230266], [4.993587, 52.232099], [4.997415, 52.230817], [5.007463, 52.231705], [5.021068, 52.282989], [5.024382, 52.281357], [5.030528, 52.288487], [5.042779, 52.282488], [5.050404, 52.287872], [5.052769, 52.286485], [5.05954, 52.28932], [5.065471, 52.285198], [5.065901, 52.28055], [5.06307, 52.281841], [5.062838, 52.284798], [5.06056, 52.285176], [5.050753, 52.281818], [5.048602, 52.27703], [5.043014, 52.27796], [5.038471, 52.277038], [5.033156, 52.275344], [5.029814, 52.272044], [5.023021, 52.272848], [5.027779, 52.267507], [5.026582, 52.264148], [5.032502, 52.260141], [5.031804, 52.255176], [5.035733, 52.252654], [5.040062, 52.256499], [5.042943, 52.255977], [5.046634, 52.248541], [5.045854, 52.243382], [5.05773, 52.235353], [5.041586, 52.230888], [5.040518, 52.229834], [5.042484, 52.22878], [5.037102, 52.225342], [5.042796, 52.22404], [5.036666, 52.22436], [5.037145, 52.216203], [5.03533, 52.214462], [5.03729, 52.214215], [5.033788, 52.213714], [5.033401, 52.209836], [5.036445, 52.209568], [5.03665, 52.202138], [5.022621, 52.203941], [5.023012, 52.201747], [5.021293, 52.201886], [5.037201, 52.197949], [5.038134, 52.195163], [5.032503, 52.184113], [5.042049, 52.18337], [5.046421, 52.165929], [5.115294, 52.179853], [5.118845, 52.172406], [5.09489, 52.155349], [5.120529, 52.145541], [5.103397, 52.129848], [5.087165, 52.135671], [5.076158, 52.127049], [5.072328, 52.125325], [5.070199, 52.127181], [5.061205, 52.122562], [5.047556, 52.129972], [5.032676, 52.116768], [5.012213, 52.1296], [5.003102, 52.142051], [4.986388, 52.135249], [4.985238, 52.132437], [4.973938, 52.129673], [4.970096, 52.122442], [4.960992, 52.133368], [4.943984, 52.127496], [4.934697, 52.138605], [4.923602, 52.147319], [4.911778, 52.144254], [4.909638, 52.161871], [4.928606, 52.1672], [4.932468, 52.172494], [4.93141, 52.17371], [4.935007, 52.175855], [4.933995, 52.176945], [4.945713, 52.185813], [4.948572, 52.185785], [4.948383, 52.193598], [4.950881, 52.198638], [4.960809, 52.19782], [4.961388, 52.199475], [4.966596, 52.200052], [4.973747, 52.220598], [4.982874, 52.222416]]]}, "properties": {"code": "1904", "name": "Stichtse Vecht", "regioFacet": "tcm:106-353726-1024", "level": 4, "url": "/regioinformatie/gemeente/stichtse-vecht/"}}, {"type": "Feature", "geometry": {"type": "Polygon", "coordinates": [[[5.032511, 52.116837], [5.047556, 52.129972], [5.061205, 52.122562], [5.070199, 52.127181], [5.072328, 52.125325], [5.076158, 52.127049], [5.087165, 52.135671], [5.101084, 52.129845], [5.103397, 52.129848], [5.107093, 52.133211], [5.126523, 52.124604], [5.140163, 52.120582], [5.148161, 52.119803], [5.150381, 52.110875], [5.161915, 52.107215], [5.156403, 52.098149], [5.161792, 52.094299], [5.180564, 52.093132], [5.180703, 52.094608], [5.18617, 52.092928], [5.18974, 52.08635], [5.192763, 52.086061], [5.195155, 52.077346], [5.181402, 52.076192], [5.179293, 52.077902], [5.171606, 52.078675], [5.166917, 52.076681], [5.16018, 52.080296], [5.160441, 52.077788], [5.155662, 52.071456], [5.159503, 52.067263], [5.156891, 52.063427], [5.157755, 52.058342], [5.145734, 52.052564], [5.124456, 52.055257], [5.121339, 52.05437], [5.111261, 52.058324], [5.107344, 52.050026], [5.104398, 52.049938], [5.097352, 52.059481], [5.094124, 52.058755], [5.089388, 52.060826], [5.070527, 52.061869], [5.064399, 52.052724], [5.063094, 52.026867], [5.061021, 52.026282], [5.049495, 52.031205], [5.038064, 52.044155], [5.028451, 52.050623], [5.02712, 52.055396], [5.021133, 52.056245], [5.018011, 52.062219], [4.999498, 52.066131], [5.005011, 52.088485], [4.994217, 52.090366], [4.989327, 52.100755], [4.97566, 52.09979], [4.97299, 52.101809], [4.976097, 52.107823], [4.979625, 52.108722], [4.980228, 52.112226], [4.970096, 52.122442], [4.973938, 52.129673], [4.985238, 52.132437], [4.986388, 52.135249], [5.003102, 52.142051], [5.012213, 52.1296], [5.032511, 52.116837]]]}, "properties": {"code": "0344", "name": "Utrecht (Ut)", "regioFacet": "tcm:106-353727-1024", "level": 4, "url": "/regioinformatie/gemeente/utrecht/"}}, {"type": "Feature", "geometry": {"type": "Polygon", "coordinates": [[[5.332609, 52.078743], [5.332251, 52.084163], [5.384527, 52.078268], [5.388341, 52.074932], [5.405772, 52.075246], [5.407061, 52.072577], [5.399537, 52.069211], [5.400816, 52.067831], [5.398956, 52.066938], [5.401896, 52.064299], [5.410047, 52.069408], [5.422058, 52.072958], [5.435581, 52.072877], [5.438316, 52.070352], [5.436451, 52.061609], [5.435105, 52.059518], [5.43034, 52.058891], [5.428639, 52.055344], [5.435187, 52.04785], [5.445703, 52.045259], [5.44853, 52.043123], [5.453525, 52.04998], [5.461138, 52.047259], [5.460877, 52.048638], [5.465702, 52.050814], [5.477195, 52.052855], [5.489296, 52.057034], [5.515681, 52.054191], [5.517425, 52.04675], [5.529381, 52.040246], [5.494202, 51.994901], [5.490898, 51.996561], [5.485294, 51.990965], [5.484595, 51.98776], [5.479625, 51.991714], [5.480641, 51.988864], [5.47785, 51.987692], [5.477664, 51.983473], [5.454046, 51.983694], [5.444817, 51.985788], [5.437607, 51.985609], [5.418156, 51.976606], [5.390976, 51.97073], [5.378394, 51.986119], [5.399422, 51.987948], [5.415277, 51.996702], [5.399687, 52.002727], [5.381647, 52.002138], [5.35026, 52.016037], [5.344292, 52.020194], [5.323985, 52.022825], [5.314649, 52.027001], [5.29122, 52.008354], [5.278907, 52.010861], [5.271693, 52.014609], [5.263239, 52.02438], [5.270861, 52.027481], [5.26388, 52.031969], [5.257499, 52.032677], [5.257797, 52.038286], [5.252677, 52.0386], [5.249478, 52.041015], [5.25104, 52.045757], [5.248006, 52.047413], [5.251677, 52.053958], [5.24699, 52.058403], [5.25642, 52.063004], [5.25789, 52.065882], [5.29076, 52.086568], [5.320423, 52.070327], [5.332609, 52.078743]]]}, "properties": {"code": "1581", "name": "Utrechtse Heuvelrug", "regioFacet": "tcm:106-353728-1024", "level": 4, "url": "/regioinformatie/gemeente/utrechtse-heuvelrug/"}}, {"type": "Feature", "geometry": {"type": "Polygon", "coordinates": [[[5.52217, 52.030848], [5.529348, 52.040202], [5.53142, 52.039469], [5.540729, 52.04267], [5.54464, 52.049373], [5.570853, 52.047997], [5.567386, 52.040606], [5.59003, 52.034387], [5.589589, 52.031177], [5.586712, 52.03129], [5.586503, 52.029171], [5.5872, 52.02045], [5.590242, 52.020267], [5.589622, 52.015595], [5.586922, 52.015713], [5.586015, 52.011776], [5.589489, 52.009456], [5.570479, 51.996958], [5.558045, 52.003632], [5.553229, 51.999031], [5.535141, 52.008887], [5.535819, 52.010051], [5.532366, 52.0109], [5.533677, 52.012665], [5.512592, 52.018516], [5.52217, 52.030848]]]}, "properties": {"code": "0345", "name": "Veenendaal", "regioFacet": "tcm:106-353729-1024", "level": 4, "url": "/regioinformatie/gemeente/veenendaal/"}}, {"type": "Feature", "geometry": {"type": "Polygon", "coordinates": [[[5.119857, 51.99981], [5.133868, 51.996687], [5.139677, 51.993943], [5.14554, 51.97868], [5.151834, 51.973014], [5.180227, 51.967448], [5.150942, 51.933353], [5.133352, 51.937755], [5.130138, 51.934912], [5.088843, 51.950005], [5.054459, 51.954791], [5.058467, 51.960554], [5.064642, 51.964591], [5.054384, 51.976585], [5.048842, 51.97406], [5.047794, 51.976558], [5.040402, 51.977444], [5.044995, 51.981959], [5.066286, 51.994073], [5.089043, 52.001268], [5.106542, 52.002919], [5.119857, 51.99981]]]}, "properties": {"code": "0620", "name": "Vianen", "regioFacet": "tcm:106-353730-1024", "level": 4, "url": "/regioinformatie/gemeente/vianen/"}}, {"type": "Feature", "geometry": {"type": "Polygon", "coordinates": [[[5.29122, 52.008354], [5.314649, 52.027001], [5.323985, 52.022825], [5.344292, 52.020194], [5.35026, 52.016037], [5.381601, 52.002152], [5.398906, 52.002923], [5.415277, 51.996702], [5.399422, 51.987948], [5.378394, 51.986119], [5.390976, 51.97073], [5.3798, 51.969108], [5.36348, 51.970929], [5.355042, 51.970231], [5.347095, 51.966997], [5.335094, 51.957987], [5.318322, 51.955019], [5.300894, 51.961569], [5.27371, 51.964542], [5.256266, 51.970939], [5.266048, 51.975807], [5.271447, 51.981134], [5.254141, 51.986071], [5.253325, 51.992335], [5.256204, 51.993725], [5.245385, 51.995984], [5.242355, 51.998662], [5.259563, 52.000999], [5.264736, 52.00322], [5.267099, 51.999245], [5.272195, 51.997748], [5.277518, 52.000097], [5.275702, 52.00572], [5.280153, 52.008911], [5.27991, 52.010722], [5.29122, 52.008354]]]}, "properties": {"code": "0352", "name": "Wijk bij Duurstede", "regioFacet": "tcm:106-353731-1024", "level": 4, "url": "/regioinformatie/gemeente/wijk-bij-duurstede/"}}, {"type": "Feature", "geometry": {"type": "Polygon", "coordinates": [[[4.824389, 52.105403], [4.825315, 52.107151], [4.792043, 52.122312], [4.798342, 52.125299], [4.802601, 52.12506], [4.807766, 52.128622], [4.807486, 52.135022], [4.80996, 52.138432], [4.832858, 52.144762], [4.834128, 52.142876], [4.836705, 52.14288], [4.837366, 52.14065], [4.840276, 52.141561], [4.842872, 52.13946], [4.851479, 52.139674], [4.855239, 52.13721], [4.874518, 52.138831], [4.873623, 52.156083], [4.892178, 52.161798], [4.909638, 52.161871], [4.911778, 52.144254], [4.923602, 52.147319], [4.934697, 52.138605], [4.943984, 52.127496], [4.960992, 52.133368], [4.980225, 52.112256], [4.979625, 52.108722], [4.976097, 52.107823], [4.973277, 52.101374], [4.97566, 52.09979], [4.989327, 52.100755], [4.994217, 52.090366], [5.005011, 52.088485], [4.999498, 52.066131], [4.995845, 52.067334], [4.982591, 52.06495], [4.970501, 52.06756], [4.956773, 52.065933], [4.956333, 52.070299], [4.936143, 52.07992], [4.924661, 52.077591], [4.905083, 52.070015], [4.874516, 52.068191], [4.842204, 52.069006], [4.829808, 52.066823], [4.834035, 52.072736], [4.833045, 52.074827], [4.826276, 52.074644], [4.823348, 52.093369], [4.824389, 52.105403]]]}, "properties": {"code": "0632", "name": "Woerden", "regioFacet": "tcm:106-353732-1024", "level": 4, "url": "/regioinformatie/gemeente/woerden/"}}, {"type": "Feature", "geometry": {"type": "Polygon", "coordinates": [[[5.379593, 52.078665], [5.332251, 52.084163], [5.298301, 52.096445], [5.322462, 52.101901], [5.334297, 52.096333], [5.340568, 52.095032], [5.37801, 52.090472], [5.401332, 52.089334], [5.404521, 52.104106], [5.410159, 52.103263], [5.421041, 52.096901], [5.429629, 52.09591], [5.437938, 52.099744], [5.443807, 52.107075], [5.457866, 52.105369], [5.467516, 52.1004], [5.471987, 52.101456], [5.473707, 52.10476], [5.476037, 52.105012], [5.475825, 52.112071], [5.479079, 52.117426], [5.493712, 52.113065], [5.493862, 52.111097], [5.484302, 52.105542], [5.486083, 52.093657], [5.471886, 52.089381], [5.464054, 52.083056], [5.459678, 52.082003], [5.459243, 52.080226], [5.465435, 52.078429], [5.467009, 52.075627], [5.483897, 52.069656], [5.496136, 52.071674], [5.497876, 52.057018], [5.484032, 52.055962], [5.477195, 52.052855], [5.465702, 52.050814], [5.460877, 52.048638], [5.461138, 52.047259], [5.453525, 52.04998], [5.44853, 52.043123], [5.445703, 52.045259], [5.435187, 52.04785], [5.428639, 52.055344], [5.43034, 52.058891], [5.435787, 52.060207], [5.437213, 52.072189], [5.422163, 52.072982], [5.410047, 52.069408], [5.401896, 52.064299], [5.398956, 52.066938], [5.400816, 52.067831], [5.399537, 52.069211], [5.407061, 52.072577], [5.405894, 52.07522], [5.388341, 52.074932], [5.384527, 52.078268], [5.379593, 52.078665]]]}, "properties": {"code": "0351", "name": "Woudenberg", "regioFacet": "tcm:106-353733-1024", "level": 4, "url": "/regioinformatie/gemeente/woudenberg/"}}, {"type": "Feature", "geometry": {"type": "Polygon", "coordinates": [[[5.212727, 52.097674], [5.210839, 52.100748], [5.222329, 52.103893], [5.218219, 52.113673], [5.23093, 52.116789], [5.224999, 52.1657], [5.236316, 52.167458], [5.235985, 52.171099], [5.237901, 52.171251], [5.23836, 52.167775], [5.243065, 52.170277], [5.245165, 52.166788], [5.254924, 52.149152], [5.255916, 52.136724], [5.264102, 52.12508], [5.271936, 52.127046], [5.282138, 52.112063], [5.291823, 52.114543], [5.307865, 52.109695], [5.322462, 52.101901], [5.298301, 52.096445], [5.332251, 52.084163], [5.332609, 52.078743], [5.320423, 52.070327], [5.29076, 52.086568], [5.25789, 52.065882], [5.25642, 52.063004], [5.247735, 52.05876], [5.219132, 52.059752], [5.225022, 52.064922], [5.200548, 52.076812], [5.195155, 52.077346], [5.192752, 52.086076], [5.205525, 52.084896], [5.205517, 52.08683], [5.20723, 52.086439], [5.210588, 52.090314], [5.208609, 52.093619], [5.212727, 52.097674]]]}, "properties": {"code": "0355", "name": "Zeist", "regioFacet": "tcm:106-353734-1024", "level": 4, "url": "/regioinformatie/gemeente/zeist/"}}, {"type": "Feature", "geometry": {"type": "Polygon", "coordinates": [[[3.703648, 51.48227], [3.700091, 51.483195], [3.69905, 51.492341], [3.705536, 51.502456], [3.773744, 51.497474], [3.782974, 51.494611], [3.80033, 51.485609], [3.810463, 51.483125], [3.841228, 51.485299], [3.869657, 51.48257], [3.874423, 51.480013], [3.881612, 51.481042], [3.912878, 51.479122], [3.908414, 51.471945], [3.908923, 51.467972], [3.916273, 51.463402], [3.92851, 51.458791], [3.925433, 51.45152], [3.933849, 51.448355], [3.963209, 51.42201], [3.924473, 51.378045], [3.808231, 51.355746], [3.775521, 51.392174], [3.738035, 51.394609], [3.7366, 51.411113], [3.724478, 51.414601], [3.710426, 51.423938], [3.718053, 51.427651], [3.696392, 51.445851], [3.709837, 51.453247], [3.717424, 51.469608], [3.710585, 51.471512], [3.698507, 51.469693], [3.695678, 51.471115], [3.706228, 51.477479], [3.703648, 51.48227]]]}, "properties": {"code": "0654", "name": "Borsele", "regioFacet": "tcm:106-353736-1024", "level": 4, "url": "/regioinformatie/gemeente/borsele/"}}, {"type": "Feature", "geometry": {"type": "Polygon", "coordinates": [[[3.767513, 51.498295], [3.705536, 51.502456], [3.705609, 51.503642], [3.710854, 51.50347], [3.711103, 51.506721], [3.745245, 51.512472], [3.746943, 51.516852], [3.713607, 51.530367], [3.718795, 51.534352], [3.736557, 51.542454], [3.740308, 51.546055], [3.759912, 51.553225], [3.768288, 51.552773], [3.793582, 51.54248], [3.801877, 51.543506], [3.816826, 51.548984], [3.834814, 51.552985], [3.852477, 51.543193], [3.860084, 51.541154], [3.870945, 51.541939], [3.895132, 51.54965], [3.907888, 51.550282], [3.913148, 51.549054], [3.914484, 51.546976], [3.922507, 51.546711], [3.922293, 51.544503], [3.924016, 51.545594], [3.92754, 51.544343], [3.934328, 51.536464], [3.952298, 51.531302], [3.971449, 51.528449], [3.963506, 51.520613], [3.965169, 51.50635], [3.943888, 51.49741], [3.940185, 51.493143], [3.925726, 51.491825], [3.924744, 51.485372], [3.920918, 51.486114], [3.915019, 51.4848], [3.916764, 51.481597], [3.912878, 51.479122], [3.881612, 51.481042], [3.874423, 51.480013], [3.869657, 51.48257], [3.841228, 51.485299], [3.810463, 51.483125], [3.799711, 51.485854], [3.780226, 51.49574], [3.767513, 51.498295]]]}, "properties": {"code": "0664", "name": "Goes", "regioFacet": "tcm:106-353737-1024", "level": 4, "url": "/regioinformatie/gemeente/goes/"}}, {"type": "Feature", "geometry": {"type": "Polygon", "coordinates": [[[3.978168, 51.301566], [3.971998, 51.300339], [3.95711, 51.304875], [3.953276, 51.308291], [3.961745, 51.332656], [3.959392, 51.351323], [3.954599, 51.356961], [3.957047, 51.364813], [3.942561, 51.364848], [3.924362, 51.377919], [3.963209, 51.42201], [4.019778, 51.420167], [4.048075, 51.389895], [4.114948, 51.391005], [4.102551, 51.366862], [4.141024, 51.370435], [4.194417, 51.386292], [4.206743, 51.387362], [4.220938, 51.361459], [4.236805, 51.349755], [4.166132, 51.292893], [4.070633, 51.250739], [4.057911, 51.243421], [4.040552, 51.241318], [4.036537, 51.245678], [4.02449, 51.2415], [4.020934, 51.245366], [4.014807, 51.245075], [4.005693, 51.241876], [4.003257, 51.243295], [3.996895, 51.241113], [3.994113, 51.242826], [3.993119, 51.248003], [3.98759, 51.249809], [3.982237, 51.24911], [3.978168, 51.301566]]]}, "properties": {"code": "0677", "name": "Hulst", "regioFacet": "tcm:106-353738-1024", "level": 4, "url": "/regioinformatie/gemeente/hulst/"}}, {"type": "Feature", "geometry": {"type": "Polygon", "coordinates": [[[3.971048, 51.527708], [3.945495, 51.532794], [3.937979, 51.535778], [3.960959, 51.551477], [3.986016, 51.546224], [3.983478, 51.545063], [3.987271, 51.54326], [3.992053, 51.545099], [3.998433, 51.544333], [4.005485, 51.539967], [4.01308, 51.538244], [4.013668, 51.517451], [4.017388, 51.51245], [4.013593, 51.507588], [4.004731, 51.504843], [4.007323, 51.458634], [3.998866, 51.456273], [3.991451, 51.449803], [3.985313, 51.452928], [3.967712, 51.456322], [3.949576, 51.454016], [3.942159, 51.451524], [3.935352, 51.447013], [3.925433, 51.45152], [3.92851, 51.458791], [3.909129, 51.467807], [3.908414, 51.471945], [3.912878, 51.479122], [3.916764, 51.481597], [3.915019, 51.4848], [3.920918, 51.486114], [3.924795, 51.485425], [3.925726, 51.491825], [3.940185, 51.493143], [3.943888, 51.49741], [3.965169, 51.50635], [3.963506, 51.520613], [3.971048, 51.527708]]]}, "properties": {"code": "0678", "name": "Kapelle", "regioFacet": "tcm:106-353739-1024", "level": 4, "url": "/regioinformatie/gemeente/kapelle/"}}, {"type": "Feature", "geometry": {"type": "Polygon", "coordinates": [[[3.65884, 51.519261], [3.680836, 51.534958], [3.696382, 51.535184], [3.695338, 51.530463], [3.700386, 51.522352], [3.705672, 51.524486], [3.711879, 51.531067], [3.746943, 51.516852], [3.745245, 51.512472], [3.711103, 51.506721], [3.710854, 51.50347], [3.705609, 51.503642], [3.69905, 51.492341], [3.700091, 51.483195], [3.703648, 51.48227], [3.692027, 51.479809], [3.662787, 51.468536], [3.655585, 51.468266], [3.64835, 51.469845], [3.629215, 51.480914], [3.621656, 51.475485], [3.617729, 51.477755], [3.608906, 51.475525], [3.601761, 51.479326], [3.599659, 51.475295], [3.589376, 51.479863], [3.586981, 51.47925], [3.57963, 51.489216], [3.58503, 51.490908], [3.58492, 51.494315], [3.575296, 51.506624], [3.583423, 51.508661], [3.578838, 51.512425], [3.582848, 51.513474], [3.583684, 51.519627], [3.596635, 51.522452], [3.593783, 51.52864], [3.589779, 51.531811], [3.602621, 51.53491], [3.603545, 51.533957], [3.613158, 51.535142], [3.617135, 51.525257], [3.633939, 51.525991], [3.634544, 51.520542], [3.641597, 51.519693], [3.656506, 51.522173], [3.65884, 51.519261]]]}, "properties": {"code": "0687", "name": "Middelburg", "regioFacet": "tcm:106-353740-1024", "level": 4, "url": "/regioinformatie/gemeente/middelburg/"}}, {"type": "Feature", "geometry": {"type": "Polygon", "coordinates": [[[3.794338, 51.604875], [3.814799, 51.607504], [3.848767, 51.60598], [3.867955, 51.597706], [3.874849, 51.59681], [3.879041, 51.593671], [3.924761, 51.607861], [3.936825, 51.556531], [3.960959, 51.551477], [3.937979, 51.535778], [3.93255, 51.537256], [3.932447, 51.540449], [3.926951, 51.544634], [3.924016, 51.545594], [3.922293, 51.544503], [3.922507, 51.546711], [3.914484, 51.546976], [3.913148, 51.549054], [3.907888, 51.550282], [3.895132, 51.54965], [3.870945, 51.541939], [3.860084, 51.541154], [3.852477, 51.543193], [3.834814, 51.552985], [3.816826, 51.548984], [3.801877, 51.543506], [3.793582, 51.54248], [3.768288, 51.552773], [3.759912, 51.553225], [3.740023, 51.545911], [3.735973, 51.542124], [3.718795, 51.534352], [3.713607, 51.530367], [3.711879, 51.531067], [3.705672, 51.524486], [3.700386, 51.522352], [3.697835, 51.523989], [3.695243, 51.530828], [3.698629, 51.543218], [3.695989, 51.549008], [3.671078, 51.563829], [3.646398, 51.57055], [3.638543, 51.590005], [3.63017, 51.595694], [3.654524, 51.596094], [3.689548, 51.601515], [3.695692, 51.59961], [3.699092, 51.601062], [3.708734, 51.598608], [3.730158, 51.597442], [3.769431, 51.60082], [3.794338, 51.604875]]]}, "properties": {"code": "1695", "name": "Noord-Beveland", "regioFacet": "tcm:106-353741-1024", "level": 4, "url": "/regioinformatie/gemeente/noord-beveland/"}}, {"type": "Feature", "geometry": {"type": "Polygon", "coordinates": [[[4.013684, 51.517693], [4.01308, 51.538244], [4.065912, 51.527106], [4.067525, 51.526472], [4.06039, 51.509632], [4.112182, 51.506217], [4.133908, 51.479555], [4.230328, 51.488904], [4.275852, 51.425049], [4.266447, 51.419979], [4.263732, 51.416449], [4.269061, 51.400347], [4.268634, 51.388126], [4.266349, 51.386541], [4.268382, 51.383546], [4.273698, 51.38315], [4.277425, 51.376035], [4.217577, 51.373885], [4.222066, 51.36451], [4.226746, 51.359759], [4.242049, 51.353967], [4.236805, 51.349755], [4.220938, 51.361459], [4.206743, 51.387362], [4.194417, 51.386292], [4.141024, 51.370435], [4.102551, 51.366862], [4.114948, 51.391005], [4.048075, 51.389895], [4.019778, 51.420167], [3.963209, 51.42201], [3.935352, 51.447013], [3.942159, 51.451524], [3.949576, 51.454016], [3.967712, 51.456322], [3.985313, 51.452928], [3.991451, 51.449803], [3.998866, 51.456273], [4.007323, 51.458634], [4.004731, 51.504843], [4.013593, 51.507588], [4.017375, 51.512431], [4.013684, 51.517693]]]}, "properties": {"code": "0703", "name": "Reimerswaal", "regioFacet": "tcm:106-353742-1024", "level": 4, "url": "/regioinformatie/gemeente/reimerswaal/"}}, {"type": "Feature", "geometry": {"type": "Polygon", "coordinates": [[[3.748885, 51.650323], [3.611341, 51.650363], [3.685364, 51.733636], [3.773675, 51.78152], [3.826213, 51.765841], [3.847428, 51.753401], [3.875894, 51.747692], [3.886171, 51.749358], [3.905057, 51.764634], [3.921443, 51.770745], [3.94033, 51.7738], [3.958938, 51.772133], [3.974491, 51.763801], [4.013336, 51.759012], [4.018885, 51.742718], [4.035038, 51.730194], [4.036704, 51.711029], [4.040037, 51.702697], [4.047813, 51.694364], [4.098084, 51.690476], [4.110026, 51.687143], [4.12308, 51.685754], [4.151825, 51.685233], [4.202701, 51.660764], [4.195885, 51.639414], [4.191777, 51.638374], [4.177428, 51.642818], [4.172794, 51.646135], [4.123828, 51.657862], [4.111304, 51.652524], [4.09317, 51.63966], [4.083195, 51.629573], [4.089891, 51.630689], [4.082769, 51.624557], [4.070697, 51.617369], [4.055748, 51.612697], [4.052946, 51.620995], [4.031298, 51.609183], [4.029111, 51.60962], [4.023329, 51.606892], [4.014931, 51.606859], [3.9888, 51.610932], [3.98037, 51.613709], [3.96837, 51.612672], [3.958577, 51.613763], [3.948703, 51.619189], [3.948734, 51.615292], [3.879041, 51.593671], [3.874849, 51.59681], [3.867955, 51.597706], [3.849428, 51.605821], [3.83794, 51.607119], [3.801134, 51.606643], [3.774279, 51.601414], [3.734672, 51.597719], [3.707962, 51.598726], [3.748885, 51.650323]]]}, "properties": {"code": "1676", "name": "Schouwen-Duiveland", "regioFacet": "tcm:106-353743-1024", "level": 4, "url": "/regioinformatie/gemeente/schouwen-duiveland/"}}, {"type": "Feature", "geometry": {"type": "Polygon", "coordinates": [[[3.371017, 51.375018], [3.372062, 51.376722], [3.375174, 51.376553], [3.374802, 51.378048], [3.377451, 51.377701], [3.38172, 51.380494], [3.422482, 51.391417], [3.432745, 51.392592], [3.44025, 51.391183], [3.448101, 51.391948], [3.455176, 51.394848], [3.48256, 51.399573], [3.497991, 51.40421], [3.50346, 51.40783], [3.515006, 51.409016], [3.550908, 51.405996], [3.557385, 51.402922], [3.557339, 51.400814], [3.559419, 51.406042], [3.69147, 51.397616], [3.693814, 51.352474], [3.689815, 51.353351], [3.687845, 51.355577], [3.682386, 51.355273], [3.682867, 51.353483], [3.659398, 51.351135], [3.654197, 51.34839], [3.647242, 51.350049], [3.649599, 51.342732], [3.644149, 51.341831], [3.65331, 51.33175], [3.657972, 51.33335], [3.659991, 51.324887], [3.663828, 51.325239], [3.666204, 51.319812], [3.686284, 51.321599], [3.712409, 51.315791], [3.703582, 51.309943], [3.707156, 51.306547], [3.70403, 51.302479], [3.705963, 51.300291], [3.706545, 51.288701], [3.698091, 51.285015], [3.701418, 51.282672], [3.698181, 51.282714], [3.693934, 51.276039], [3.689932, 51.280609], [3.677911, 51.280527], [3.676757, 51.283065], [3.6581, 51.290189], [3.644406, 51.290111], [3.640815, 51.288086], [3.62571, 51.293338], [3.621228, 51.292765], [3.614731, 51.297727], [3.590832, 51.304417], [3.590017, 51.305952], [3.581113, 51.298321], [3.587928, 51.29296], [3.583385, 51.292254], [3.58388, 51.288885], [3.581812, 51.286913], [3.579756, 51.288864], [3.576159, 51.288007], [3.571941, 51.291963], [3.562636, 51.295858], [3.559759, 51.295455], [3.558056, 51.291193], [3.555044, 51.289635], [3.543427, 51.291198], [3.538107, 51.283665], [3.533665, 51.283489], [3.52913, 51.288744], [3.515415, 51.287151], [3.527594, 51.24604], [3.448276, 51.241493], [3.432314, 51.245609], [3.427479, 51.244657], [3.424599, 51.254208], [3.418012, 51.257693], [3.416843, 51.26001], [3.411491, 51.256903], [3.407505, 51.25692], [3.403162, 51.262463], [3.394643, 51.265317], [3.387979, 51.273192], [3.376904, 51.276009], [3.375499, 51.279079], [3.381826, 51.281996], [3.380796, 51.286961], [3.370287, 51.29194], [3.366381, 51.296481], [3.366796, 51.299344], [3.378079, 51.30265], [3.358378, 51.314981], [3.38534, 51.334125], [3.383513, 51.341205], [3.374071, 51.348508], [3.37499, 51.358887], [3.363062, 51.372881], [3.371017, 51.375018]]]}, "properties": {"code": "1714", "name": "Sluis", "regioFacet": "tcm:106-353744-1024", "level": 4, "url": "/regioinformatie/gemeente/sluis/"}}, {"type": "Feature", "geometry": {"type": "Polygon", "coordinates": [[[3.712409, 51.315791], [3.686284, 51.321599], [3.666204, 51.319812], [3.663828, 51.325239], [3.659991, 51.324887], [3.657972, 51.33335], [3.65331, 51.33175], [3.644149, 51.341831], [3.649599, 51.342732], [3.647242, 51.350049], [3.654197, 51.34839], [3.659398, 51.351135], [3.682867, 51.353483], [3.682386, 51.355273], [3.687845, 51.355577], [3.689815, 51.353351], [3.693814, 51.352474], [3.69147, 51.397616], [3.775521, 51.392174], [3.808231, 51.355746], [3.924473, 51.378045], [3.942561, 51.364848], [3.957047, 51.364813], [3.957652, 51.363831], [3.954599, 51.356961], [3.959392, 51.351323], [3.961745, 51.332656], [3.953276, 51.308291], [3.95711, 51.304875], [3.971885, 51.300371], [3.978879, 51.300815], [3.982237, 51.24911], [3.98759, 51.249809], [3.993119, 51.248003], [3.994113, 51.242826], [3.996895, 51.241113], [4.003361, 51.243312], [4.005693, 51.241876], [3.988435, 51.233303], [3.986205, 51.23416], [3.978919, 51.225366], [3.964291, 51.223954], [3.958562, 51.215807], [3.946639, 51.215508], [3.93598, 51.211893], [3.929418, 51.22026], [3.92545, 51.217106], [3.919632, 51.217071], [3.918527, 51.214838], [3.916005, 51.214634], [3.918629, 51.207763], [3.915337, 51.20817], [3.911547, 51.205445], [3.899471, 51.201742], [3.894082, 51.203436], [3.88635, 51.200162], [3.877626, 51.208013], [3.890244, 51.213996], [3.893346, 51.218662], [3.888549, 51.223018], [3.859574, 51.210831], [3.852411, 51.213216], [3.849643, 51.211733], [3.836365, 51.213796], [3.825116, 51.208931], [3.806027, 51.213379], [3.804047, 51.213202], [3.80499, 51.210121], [3.799291, 51.210864], [3.789627, 51.215881], [3.788455, 51.226373], [3.789452, 51.245786], [3.795473, 51.256053], [3.785434, 51.258467], [3.773784, 51.263975], [3.769342, 51.25985], [3.762514, 51.261781], [3.755714, 51.269344], [3.752413, 51.270267], [3.751726, 51.26916], [3.723088, 51.273345], [3.718913, 51.271535], [3.712701, 51.272103], [3.693934, 51.276039], [3.698181, 51.282714], [3.701418, 51.282672], [3.698091, 51.285015], [3.706611, 51.288826], [3.705963, 51.300291], [3.70403, 51.302479], [3.707143, 51.306636], [3.703582, 51.309943], [3.712409, 51.315791]]]}, "properties": {"code": "0715", "name": "Terneuzen", "regioFacet": "tcm:106-353745-1024", "level": 4, "url": "/regioinformatie/gemeente/terneuzen/"}}, {"type": "Feature", "geometry": {"type": "Polygon", "coordinates": [[[4.007069, 51.608048], [4.023329, 51.606892], [4.029111, 51.60962], [4.031942, 51.609425], [4.052946, 51.620995], [4.055748, 51.612697], [4.070418, 51.617248], [4.088452, 51.629071], [4.089853, 51.630705], [4.083195, 51.629573], [4.09483, 51.640945], [4.111304, 51.652524], [4.123828, 51.657862], [4.172794, 51.646135], [4.177428, 51.642818], [4.191777, 51.638374], [4.195885, 51.639414], [4.202701, 51.660764], [4.242786, 51.647063], [4.238168, 51.634298], [4.211945, 51.626789], [4.199273, 51.619539], [4.192806, 51.61154], [4.190124, 51.602751], [4.191431, 51.595628], [4.195718, 51.588975], [4.228121, 51.563716], [4.235202, 51.553953], [4.235068, 51.541482], [4.2188, 51.508961], [4.218927, 51.504858], [4.230328, 51.488904], [4.133908, 51.479555], [4.112182, 51.506217], [4.06039, 51.509632], [4.066259, 51.52699], [4.005845, 51.539843], [3.998433, 51.544333], [3.992053, 51.545099], [3.987271, 51.54326], [3.983478, 51.545063], [3.986016, 51.546224], [3.936825, 51.556531], [3.924761, 51.607861], [3.948734, 51.615292], [3.948703, 51.619189], [3.958577, 51.613763], [3.96837, 51.612672], [3.98037, 51.613709], [3.9888, 51.610932], [4.007069, 51.608048]]]}, "properties": {"code": "0716", "name": "Tholen", "regioFacet": "tcm:106-353746-1024", "level": 4, "url": "/regioinformatie/gemeente/tholen/"}}, {"type": "Feature", "geometry": {"type": "Polygon", "coordinates": [[[3.570919, 51.604742], [3.611341, 51.650363], [3.748885, 51.650323], [3.707962, 51.598726], [3.699092, 51.601062], [3.695692, 51.59961], [3.689548, 51.601515], [3.654524, 51.596094], [3.630164, 51.595773], [3.638543, 51.590005], [3.646398, 51.57055], [3.671078, 51.563829], [3.695989, 51.549008], [3.698645, 51.54382], [3.696382, 51.535184], [3.680836, 51.534958], [3.65884, 51.519261], [3.656506, 51.522173], [3.641597, 51.519693], [3.634544, 51.520542], [3.633939, 51.525991], [3.617135, 51.525257], [3.613158, 51.535142], [3.603545, 51.533957], [3.602621, 51.53491], [3.589779, 51.531811], [3.593783, 51.52864], [3.596635, 51.522452], [3.583684, 51.519627], [3.582848, 51.513474], [3.578838, 51.512425], [3.583423, 51.508661], [3.575296, 51.506624], [3.58492, 51.494315], [3.58503, 51.490908], [3.57963, 51.489216], [3.586979, 51.479253], [3.583923, 51.478458], [3.582342, 51.475812], [3.575702, 51.474447], [3.574295, 51.477439], [3.570675, 51.476875], [3.566058, 51.478249], [3.564567, 51.47043], [3.560227, 51.471186], [3.555171, 51.467902], [3.552761, 51.470956], [3.544346, 51.466499], [3.525378, 51.462246], [3.496175, 51.492492], [3.454306, 51.510746], [3.441105, 51.521253], [3.433716, 51.524771], [3.432062, 51.528447], [3.434674, 51.54225], [3.45652, 51.549898], [3.482835, 51.562543], [3.485917, 51.573629], [3.570919, 51.604742]]]}, "properties": {"code": "0717", "name": "Veere", "regioFacet": "tcm:106-353747-1024", "level": 4, "url": "/regioinformatie/gemeente/veere/"}}, {"type": "Feature", "geometry": {"type": "Polygon", "coordinates": [[[3.564567, 51.47043], [3.566058, 51.478249], [3.570675, 51.476875], [3.574295, 51.477439], [3.575702, 51.474447], [3.582342, 51.475812], [3.583936, 51.478465], [3.589376, 51.479863], [3.599659, 51.475295], [3.601761, 51.479326], [3.608906, 51.475525], [3.617729, 51.477755], [3.621656, 51.475485], [3.629215, 51.480914], [3.648211, 51.469901], [3.660557, 51.468228], [3.692513, 51.479968], [3.703648, 51.48227], [3.706228, 51.477479], [3.695678, 51.471115], [3.698507, 51.469693], [3.710585, 51.471512], [3.717424, 51.469608], [3.709837, 51.453247], [3.696392, 51.445851], [3.718053, 51.427651], [3.710426, 51.423938], [3.724478, 51.414601], [3.7366, 51.411113], [3.738035, 51.394609], [3.559419, 51.406042], [3.557339, 51.400814], [3.557385, 51.402922], [3.550908, 51.405996], [3.515006, 51.409016], [3.50346, 51.40783], [3.497991, 51.40421], [3.48256, 51.399573], [3.455176, 51.394848], [3.448101, 51.391948], [3.44025, 51.391183], [3.432745, 51.392592], [3.422482, 51.391417], [3.38172, 51.380494], [3.377451, 51.377701], [3.374802, 51.378048], [3.375174, 51.376553], [3.372062, 51.376722], [3.371986, 51.375262], [3.363062, 51.372881], [3.352556, 51.378611], [3.307938, 51.433376], [3.387301, 51.592518], [3.452582, 51.616408], [3.485917, 51.573629], [3.484566, 51.564182], [3.45652, 51.549898], [3.434674, 51.54225], [3.432577, 51.525993], [3.454306, 51.510746], [3.496175, 51.492492], [3.525378, 51.462246], [3.544346, 51.466499], [3.552761, 51.470956], [3.555171, 51.467902], [3.560227, 51.471186], [3.564567, 51.47043]]]}, "properties": {"code": "0718", "name": "Vlissingen", "regioFacet": "tcm:106-353748-1024", "level": 4, "url": "/regioinformatie/gemeente/vlissingen/"}}, {"type": "Feature", "geometry": {"type": "Polygon", "coordinates": [[[4.635547, 51.869724], [4.626391, 51.880658], [4.628775, 51.881212], [4.637076, 51.876294], [4.642138, 51.8802], [4.663985, 51.874981], [4.672914, 51.874792], [4.687815, 51.878718], [4.70024, 51.87971], [4.690439, 51.866847], [4.686449, 51.86629], [4.680709, 51.859639], [4.683191, 51.848491], [4.681349, 51.848678], [4.680398, 51.844439], [4.672606, 51.83865], [4.64885, 51.861842], [4.635547, 51.869724]]]}, "properties": {"code": "0482", "name": "Alblasserdam", "regioFacet": "tcm:106-353750-1024", "level": 4, "url": "/regioinformatie/gemeente/alblasserdam/"}}, {"type": "Feature", "geometry": {"type": "Polygon", "coordinates": [[[4.423753, 51.840073], [4.409744, 51.843219], [4.383665, 51.842118], [4.38445, 51.861609], [4.38622, 51.866217], [4.392841, 51.871806], [4.405771, 51.873198], [4.412253, 51.871429], [4.418149, 51.872375], [4.4347, 51.869109], [4.44102, 51.86591], [4.446475, 51.866051], [4.463088, 51.862323], [4.480403, 51.862328], [4.480288, 51.855149], [4.490125, 51.851315], [4.487187, 51.848549], [4.492227, 51.841444], [4.489732, 51.840755], [4.489094, 51.835396], [4.467119, 51.831944], [4.45297, 51.831864], [4.423753, 51.840073]]]}, "properties": {"code": "0613", "name": "Albrandswaard", "regioFacet": "tcm:106-353751-1024", "level": 4, "url": "/regioinformatie/gemeente/albrandswaard/"}}, {"type": "Feature", "geometry": {"type": "Polygon", "coordinates": [[[4.560121, 52.131903], [4.567526, 52.137269], [4.570467, 52.142858], [4.571481, 52.153109], [4.572737, 52.152248], [4.642607, 52.161953], [4.679841, 52.162745], [4.681209, 52.167504], [4.698218, 52.158528], [4.705673, 52.152157], [4.703801, 52.14462], [4.726054, 52.156397], [4.726811, 52.158995], [4.741839, 52.162673], [4.760076, 52.131017], [4.75324, 52.119442], [4.738857, 52.106507], [4.740223, 52.104648], [4.734879, 52.101891], [4.704732, 52.095241], [4.708758, 52.093644], [4.715506, 52.081188], [4.713034, 52.07693], [4.704905, 52.076836], [4.696529, 52.074547], [4.694411, 52.067767], [4.685297, 52.069395], [4.681974, 52.059104], [4.679298, 52.059216], [4.677247, 52.065521], [4.66566, 52.065724], [4.665911, 52.063952], [4.638225, 52.064824], [4.636851, 52.073737], [4.625307, 52.074447], [4.62532, 52.076443], [4.606907, 52.07705], [4.607427, 52.065527], [4.565043, 52.058569], [4.533695, 52.073051], [4.536047, 52.076928], [4.530104, 52.080082], [4.537135, 52.083946], [4.535323, 52.120432], [4.541905, 52.11866], [4.541394, 52.123481], [4.547621, 52.13231], [4.546307, 52.134021], [4.550733, 52.13838], [4.560121, 52.131903]]]}, "properties": {"code": "0484", "name": "Alphen aan den Rijn", "regioFacet": "tcm:106-353752-1024", "level": 4, "url": "/regioinformatie/gemeente/alphen-aan-den-rijn/"}}, {"type": "Feature", "geometry": {"type": "Polygon", "coordinates": [[[4.490125, 51.851315], [4.480288, 51.855149], [4.479916, 51.865274], [4.49404, 51.868968], [4.526095, 51.869731], [4.532027, 51.868777], [4.542579, 51.870799], [4.549383, 51.874027], [4.564106, 51.853473], [4.565961, 51.852086], [4.569971, 51.852621], [4.57135, 51.848003], [4.560013, 51.838791], [4.553609, 51.829897], [4.545749, 51.831945], [4.525478, 51.829854], [4.502188, 51.834866], [4.489094, 51.835396], [4.489732, 51.840755], [4.492227, 51.841444], [4.487187, 51.848549], [4.490125, 51.851315]]]}, "properties": {"code": "0489", "name": "Barendrecht", "regioFacet": "tcm:106-353753-1024", "level": 4, "url": "/regioinformatie/gemeente/barendrecht/"}}, {"type": "Feature", "geometry": {"type": "Polygon", "coordinates": [[[4.429336, 51.798898], [4.4305, 51.810494], [4.435179, 51.809519], [4.452164, 51.812169], [4.448464, 51.823014], [4.450083, 51.832173], [4.464372, 51.831724], [4.49344, 51.83555], [4.525478, 51.829854], [4.542844, 51.831869], [4.551566, 51.830878], [4.557239, 51.826863], [4.562653, 51.816124], [4.570287, 51.811022], [4.579552, 51.808004], [4.599038, 51.806105], [4.621222, 51.800804], [4.627497, 51.782164], [4.626343, 51.763617], [4.631595, 51.747249], [4.626579, 51.728256], [4.605965, 51.741123], [4.602963, 51.740528], [4.591835, 51.748503], [4.593117, 51.750993], [4.61182, 51.75724], [4.611957, 51.760467], [4.571263, 51.763342], [4.570614, 51.771974], [4.546061, 51.7736], [4.536905, 51.779738], [4.526701, 51.780616], [4.518118, 51.783749], [4.515366, 51.787163], [4.503259, 51.786617], [4.502293, 51.783899], [4.493644, 51.781014], [4.486831, 51.781588], [4.486683, 51.777279], [4.47415, 51.776456], [4.466387, 51.784978], [4.465985, 51.788331], [4.437164, 51.781366], [4.425391, 51.784701], [4.423704, 51.78668], [4.429506, 51.795485], [4.429336, 51.798898]]]}, "properties": {"code": "0585", "name": "Binnenmaas", "regioFacet": "tcm:106-353756-1024", "level": 4, "url": "/regioinformatie/gemeente/binnenmaas/"}}, {"type": "Feature", "geometry": {"type": "Polygon", "coordinates": [[[4.713034, 52.07693], [4.715506, 52.081188], [4.708758, 52.093644], [4.704732, 52.095241], [4.734879, 52.101891], [4.740223, 52.104648], [4.738857, 52.106507], [4.754565, 52.10881], [4.759329, 52.110345], [4.762533, 52.113712], [4.769219, 52.113312], [4.770589, 52.115096], [4.778507, 52.115892], [4.779609, 52.117707], [4.783738, 52.117368], [4.783336, 52.120406], [4.79151, 52.120343], [4.79208, 52.122287], [4.82538, 52.107087], [4.823056, 52.105193], [4.823348, 52.093369], [4.826276, 52.074644], [4.833045, 52.074827], [4.834035, 52.072736], [4.829808, 52.066823], [4.842204, 52.069006], [4.8732, 52.068745], [4.867858, 52.063054], [4.855971, 52.059065], [4.848049, 52.058165], [4.82949, 52.049813], [4.817193, 52.036931], [4.811822, 52.033825], [4.806704, 52.033167], [4.809933, 52.026765], [4.778773, 52.014615], [4.766715, 52.013242], [4.750991, 52.013899], [4.746017, 52.016976], [4.743697, 52.022608], [4.736783, 52.022748], [4.7344, 52.02502], [4.719848, 52.026484], [4.719871, 52.035201], [4.717581, 52.035307], [4.716261, 52.038223], [4.687059, 52.043836], [4.677311, 52.043971], [4.679804, 52.052072], [4.669001, 52.052342], [4.6697, 52.055505], [4.666965, 52.057627], [4.664024, 52.057705], [4.660548, 52.062688], [4.659968, 52.064104], [4.665911, 52.063952], [4.66566, 52.065724], [4.677247, 52.065521], [4.679298, 52.059216], [4.681974, 52.059104], [4.685297, 52.069395], [4.694411, 52.067767], [4.696529, 52.074547], [4.704905, 52.076836], [4.713034, 52.07693]]]}, "properties": {"code": "1901", "name": "Bodegraven-Reeuwijk", "regioFacet": "tcm:106-353757-1024", "level": 4, "url": "/regioinformatie/gemeente/bodegraven-reeuwijk/"}}, {"type": "Feature", "geometry": {"type": "Polygon", "coordinates": [[[4.229222, 51.885245], [4.232333, 51.878223], [4.239383, 51.872986], [4.185273, 51.849708], [4.182891, 51.850096], [4.182704, 51.853055], [4.175629, 51.855486], [4.186316, 51.86246], [4.164998, 51.867823], [4.160152, 51.867032], [4.153455, 51.87588], [4.158253, 51.878214], [4.155279, 51.881603], [4.160349, 51.883349], [4.135351, 51.906383], [4.137261, 51.91234], [4.142652, 51.914514], [4.146406, 51.913768], [4.153378, 51.922169], [4.142678, 51.926775], [4.14489, 51.931409], [4.162669, 51.926652], [4.167018, 51.923125], [4.168187, 51.919057], [4.176475, 51.91792], [4.215907, 51.898938], [4.229222, 51.885245]]]}, "properties": {"code": "0501", "name": "Brielle", "regioFacet": "tcm:106-353759-1024", "level": 4, "url": "/regioinformatie/gemeente/brielle/"}}, {"type": "Feature", "geometry": {"type": "Polygon", "coordinates": [[[4.57278, 51.943456], [4.564063, 51.950809], [4.562053, 51.958875], [4.564367, 51.959925], [4.568013, 51.95808], [4.583832, 51.965504], [4.602068, 51.949476], [4.599734, 51.947672], [4.619489, 51.933492], [4.615434, 51.927766], [4.610724, 51.925341], [4.598599, 51.926233], [4.582117, 51.920475], [4.577868, 51.915054], [4.567662, 51.909796], [4.549901, 51.906728], [4.551051, 51.909638], [4.556828, 51.910386], [4.556496, 51.914803], [4.554025, 51.91478], [4.553996, 51.916618], [4.550263, 51.914818], [4.547696, 51.907174], [4.542136, 51.906205], [4.537312, 51.913555], [4.538222, 51.915344], [4.540523, 51.915242], [4.53755, 51.919778], [4.556912, 51.919912], [4.564379, 51.923503], [4.566239, 51.925909], [4.560594, 51.94091], [4.57278, 51.943456]]]}, "properties": {"code": "0502", "name": "Capelle aan den IJssel", "regioFacet": "tcm:106-353760-1024", "level": 4, "url": "/regioinformatie/gemeente/capelle-aan-den-ijssel/"}}, {"type": "Feature", "geometry": {"type": "Polygon", "coordinates": [[[4.404685, 51.7651], [4.414168, 51.779134], [4.424535, 51.785875], [4.437164, 51.781366], [4.465985, 51.788331], [4.466387, 51.784978], [4.47415, 51.776456], [4.483312, 51.777047], [4.483945, 51.771321], [4.486562, 51.770637], [4.484315, 51.761847], [4.486902, 51.756998], [4.505957, 51.752051], [4.518233, 51.744643], [4.518086, 51.740958], [4.516245, 51.742074], [4.509952, 51.740981], [4.504701, 51.737524], [4.508719, 51.727987], [4.524528, 51.721461], [4.518076, 51.715089], [4.534924, 51.70723], [4.535016, 51.693968], [4.500431, 51.692904], [4.42355, 51.709475], [4.397366, 51.71154], [4.372702, 51.709583], [4.404685, 51.7651]]]}, "properties": {"code": "0611", "name": "Cromstrijen", "regioFacet": "tcm:106-353761-1024", "level": 4, "url": "/regioinformatie/gemeente/cromstrijen/"}}, {"type": "Feature", "geometry": {"type": "Polygon", "coordinates": [[[4.341045, 52.002844], [4.338453, 52.005691], [4.336371, 52.004753], [4.332656, 52.007883], [4.323244, 52.004336], [4.320636, 52.009322], [4.355771, 52.025988], [4.373499, 52.032599], [4.386245, 52.023308], [4.394516, 52.011256], [4.388346, 52.009448], [4.388656, 52.005494], [4.385916, 52.004835], [4.39703, 51.978974], [4.401152, 51.978346], [4.407911, 51.968199], [4.402933, 51.966316], [4.39381, 51.977503], [4.383622, 51.975816], [4.386303, 51.972214], [4.369175, 51.96887], [4.368174, 51.971582], [4.35954, 51.970135], [4.356626, 51.977296], [4.338227, 51.974178], [4.332724, 51.980457], [4.331855, 51.98449], [4.324112, 51.989859], [4.325732, 51.991951], [4.33311, 51.993172], [4.331525, 51.997852], [4.337717, 51.998802], [4.335834, 52.001055], [4.341045, 52.002844]]]}, "properties": {"code": "0503", "name": "Delft", "regioFacet": "tcm:106-353762-1024", "level": 4, "url": "/regioinformatie/gemeente/delft/"}}, {"type": "Feature", "geometry": {"type": "Polygon", "coordinates": [[[4.677361, 51.820401], [4.713448, 51.823309], [4.748864, 51.822071], [4.765035, 51.81635], [4.772092, 51.815319], [4.785355, 51.815198], [4.807978, 51.818465], [4.835078, 51.819245], [4.871246, 51.817586], [4.883323, 51.818627], [4.884643, 51.816471], [4.859667, 51.802684], [4.845984, 51.798757], [4.836108, 51.797839], [4.806876, 51.800336], [4.797194, 51.79977], [4.773539, 51.793324], [4.75524, 51.781611], [4.74077, 51.758818], [4.717281, 51.743819], [4.693263, 51.732282], [4.681598, 51.728419], [4.675223, 51.724209], [4.620404, 51.714124], [4.631633, 51.745558], [4.626343, 51.763617], [4.627497, 51.782164], [4.621222, 51.800804], [4.63833, 51.803993], [4.665005, 51.819697], [4.677361, 51.820401]]]}, "properties": {"code": "0505", "name": "Dordrecht", "regioFacet": "tcm:106-353764-1024", "level": 4, "url": "/regioinformatie/gemeente/dordrecht/"}}, {"type": "Feature", "geometry": {"type": "Polygon", "coordinates": [[[4.964977, 51.861592], [4.95931, 51.862885], [4.957329, 51.859497], [4.938399, 51.863629], [4.94272, 51.844786], [4.93694, 51.844378], [4.931733, 51.840515], [4.921823, 51.840789], [4.924864, 51.839718], [4.908485, 51.838716], [4.882824, 51.833097], [4.867928, 51.831994], [4.866451, 51.834837], [4.863007, 51.832941], [4.847949, 51.832617], [4.838082, 51.860735], [4.854557, 51.867795], [4.855595, 51.867099], [4.8579, 51.869567], [4.878426, 51.878218], [4.896475, 51.880273], [4.894305, 51.885369], [4.905413, 51.885958], [4.910764, 51.887706], [4.927782, 51.900914], [4.919628, 51.918816], [4.947696, 51.933725], [4.956157, 51.915591], [4.964785, 51.913519], [4.964128, 51.910638], [4.973741, 51.907667], [4.973411, 51.89725], [4.994968, 51.902292], [4.995962, 51.891963], [4.999452, 51.884284], [4.995047, 51.877616], [4.996238, 51.873119], [5.001267, 51.874992], [5.026956, 51.881918], [5.027254, 51.881528], [5.02325, 51.875802], [5.021749, 51.86882], [5.027388, 51.863739], [5.026908, 51.858608], [5.004906, 51.857966], [4.994895, 51.861772], [4.993872, 51.860649], [4.998567, 51.8541], [4.996342, 51.849229], [4.98126, 51.85187], [4.983319, 51.857108], [4.964977, 51.861592]]]}, "properties": {"code": "0689", "name": "Giessenlanden", "regioFacet": "tcm:106-353765-1024", "level": 4, "url": "/regioinformatie/gemeente/giessenlanden/"}}, {"type": "Feature", "geometry": {"type": "Polygon", "coordinates": [[[4.110026, 51.687143], [4.098084, 51.690476], [4.047813, 51.694364], [4.040037, 51.702697], [4.036704, 51.711029], [4.035038, 51.730194], [4.018885, 51.742718], [4.013336, 51.759012], [3.974491, 51.763801], [3.958938, 51.772133], [3.94033, 51.7738], [3.921443, 51.770745], [3.905057, 51.764634], [3.886171, 51.749358], [3.875894, 51.747692], [3.847428, 51.753401], [3.826213, 51.765841], [3.773675, 51.78152], [3.860367, 51.828364], [3.953147, 51.850032], [3.95558, 51.857654], [4.035203, 51.858598], [4.041217, 51.840191], [4.049503, 51.83124], [4.062654, 51.82192], [4.072571, 51.818762], [4.106742, 51.812668], [4.123433, 51.80651], [4.135863, 51.807362], [4.147107, 51.806199], [4.173115, 51.792234], [4.186276, 51.792494], [4.21021, 51.787201], [4.249442, 51.757868], [4.268204, 51.737609], [4.299535, 51.725283], [4.313607, 51.717638], [4.357862, 51.710082], [4.372702, 51.709583], [4.397366, 51.71154], [4.42355, 51.709475], [4.393621, 51.693296], [4.379431, 51.683592], [4.378843, 51.678167], [4.374456, 51.671999], [4.361693, 51.662916], [4.33255, 51.653749], [4.275003, 51.643778], [4.242786, 51.647063], [4.193764, 51.664399], [4.151825, 51.685233], [4.110026, 51.687143]]]}, "properties": {"code": "1924", "name": "Goeree-Overflakkee", "regioFacet": "tcm:106-353766-1024", "level": 4, "url": "/regioinformatie/gemeente/goeree-overflakkee/"}}, {"type": "Feature", "geometry": {"type": "Polygon", "coordinates": [[[4.926582, 51.830243], [4.924845, 51.839834], [4.921823, 51.840789], [4.930141, 51.84011], [4.937255, 51.8445], [4.94272, 51.844786], [4.938399, 51.863629], [4.957329, 51.859497], [4.95931, 51.862885], [4.972729, 51.859932], [4.983319, 51.857108], [4.98126, 51.85187], [4.996342, 51.849229], [4.999151, 51.852285], [5.000021, 51.844363], [5.031415, 51.841085], [5.026352, 51.818857], [5.008281, 51.821019], [4.987757, 51.821059], [4.936064, 51.828314], [4.926987, 51.828306], [4.926582, 51.830243]]]}, "properties": {"code": "0512", "name": "Gorinchem", "regioFacet": "tcm:106-353767-1024", "level": 4, "url": "/regioinformatie/gemeente/gorinchem/"}}, {"type": "Feature", "geometry": {"type": "Polygon", "coordinates": [[[4.681785, 52.019404], [4.667279, 52.025078], [4.686667, 52.030356], [4.706039, 52.04012], [4.71611, 52.038274], [4.717581, 52.035307], [4.719871, 52.035201], [4.719848, 52.026484], [4.7344, 52.02502], [4.736783, 52.022748], [4.743697, 52.022608], [4.746017, 52.016976], [4.750991, 52.013899], [4.75733, 52.001342], [4.745463, 52.002908], [4.737733, 52.006841], [4.737292, 52.005935], [4.729252, 52.007485], [4.722793, 52.005482], [4.72757, 52.001583], [4.718861, 51.99837], [4.707217, 52.001762], [4.699881, 51.997232], [4.688685, 51.996258], [4.684021, 51.997958], [4.680229, 51.996542], [4.670717, 52.002326], [4.66281, 52.003246], [4.659455, 52.005288], [4.670729, 52.011126], [4.666607, 52.012971], [4.681785, 52.019404]]]}, "properties": {"code": "0513", "name": "Gouda", "regioFacet": "tcm:106-353768-1024", "level": 4, "url": "/regioinformatie/gemeente/gouda/"}}, {"type": "Feature", "geometry": {"type": "Polygon", "coordinates": [[[4.804575, 51.828935], [4.803379, 51.846353], [4.838082, 51.860735], [4.847949, 51.832617], [4.863007, 51.832941], [4.866451, 51.834837], [4.867928, 51.831994], [4.877899, 51.832514], [4.906938, 51.838492], [4.924864, 51.839718], [4.926987, 51.828306], [4.911274, 51.825982], [4.884643, 51.816471], [4.883323, 51.818627], [4.871246, 51.817586], [4.839052, 51.819255], [4.811416, 51.818658], [4.811384, 51.821148], [4.805075, 51.821949], [4.804575, 51.828935]]]}, "properties": {"code": "0523", "name": "Hardinxveld-Giessendam", "regioFacet": "tcm:106-353769-1024", "level": 4, "url": "/regioinformatie/gemeente/hardinxveld-giessendam/"}}, {"type": "Feature", "geometry": {"type": "Polygon", "coordinates": [[[4.11266, 51.856668], [4.12083, 51.860842], [4.119324, 51.866206], [4.127428, 51.87013], [4.130423, 51.876098], [4.136725, 51.877857], [4.137075, 51.879381], [4.140291, 51.878718], [4.155279, 51.881603], [4.158253, 51.878214], [4.153749, 51.87488], [4.160152, 51.867032], [4.164998, 51.867823], [4.186316, 51.86246], [4.175629, 51.855486], [4.182704, 51.853055], [4.182891, 51.850096], [4.191297, 51.848938], [4.198257, 51.849889], [4.19761, 51.847002], [4.18704, 51.838981], [4.186638, 51.835455], [4.16819, 51.826116], [4.159294, 51.823372], [4.150283, 51.805018], [4.139567, 51.807233], [4.123433, 51.80651], [4.106742, 51.812668], [4.064656, 51.821109], [4.049503, 51.83124], [4.039835, 51.842114], [4.082741, 51.847252], [4.084228, 51.850374], [4.089148, 51.852873], [4.098075, 51.853148], [4.11266, 51.856668]]]}, "properties": {"code": "0530", "name": "Hellevoetsluis", "regioFacet": "tcm:106-353770-1024", "level": 4, "url": "/regioinformatie/gemeente/hellevoetsluis/"}}, {"type": "Feature", "geometry": {"type": "Polygon", "coordinates": [[[4.661618, 51.831529], [4.637209, 51.825348], [4.600155, 51.83873], [4.604885, 51.848386], [4.618715, 51.851238], [4.627319, 51.854653], [4.636516, 51.849662], [4.646948, 51.856661], [4.639022, 51.86364], [4.635334, 51.869847], [4.648041, 51.862506], [4.671476, 51.840661], [4.672693, 51.836792], [4.669177, 51.829354], [4.670439, 51.823589], [4.661618, 51.831529]]]}, "properties": {"code": "0531", "name": "Hendrik-Ido-Ambacht", "regioFacet": "tcm:106-353771-1024", "level": 4, "url": "/regioinformatie/gemeente/hendrik-ido-ambacht/"}}, {"type": "Feature", "geometry": {"type": "Polygon", "coordinates": [[[4.553174, 52.298145], [4.568955, 52.316513], [4.573241, 52.315356], [4.583272, 52.318395], [4.587486, 52.316762], [4.587686, 52.317881], [4.596224, 52.317776], [4.611676, 52.31356], [4.597476, 52.296676], [4.58844, 52.280502], [4.572749, 52.27124], [4.548681, 52.284696], [4.54255, 52.286644], [4.553174, 52.298145]]]}, "properties": {"code": "0534", "name": "Hillegom", "regioFacet": "tcm:106-353772-1024", "level": 4, "url": "/regioinformatie/gemeente/hillegom/"}}, {"type": "Feature", "geometry": {"type": "Polygon", "coordinates": [[[4.64423, 52.220605], [4.665045, 52.227574], [4.670348, 52.230756], [4.676699, 52.225926], [4.686151, 52.22661], [4.696494, 52.232216], [4.703714, 52.233789], [4.724155, 52.232371], [4.723302, 52.216354], [4.724461, 52.212751], [4.729703, 52.210214], [4.723592, 52.211616], [4.720774, 52.201277], [4.707666, 52.205052], [4.695316, 52.189154], [4.688941, 52.191931], [4.679841, 52.162745], [4.641892, 52.161883], [4.572615, 52.152273], [4.561634, 52.160819], [4.56049, 52.16413], [4.5624, 52.166119], [4.560592, 52.166783], [4.552758, 52.163104], [4.549356, 52.164508], [4.541883, 52.172539], [4.538148, 52.180113], [4.543734, 52.187449], [4.546768, 52.198976], [4.557155, 52.197742], [4.555197, 52.199655], [4.55965, 52.200497], [4.561705, 52.203658], [4.55826, 52.205458], [4.558955, 52.210242], [4.554292, 52.212247], [4.557849, 52.215102], [4.558433, 52.218799], [4.571565, 52.216959], [4.583553, 52.218874], [4.601707, 52.214651], [4.61815, 52.214468], [4.632634, 52.216184], [4.64423, 52.220605]]]}, "properties": {"code": "1884", "name": "Kaag en Braassem", "regioFacet": "tcm:106-353773-1024", "level": 4, "url": "/regioinformatie/gemeente/kaag-en-braassem/"}}, {"type": "Feature", "geometry": {"type": "Polygon", "coordinates": [[[4.440188, 52.207356], [4.448378, 52.212517], [4.451245, 52.21167], [4.463602, 52.215948], [4.466182, 52.214163], [4.466462, 52.212903], [4.455649, 52.20703], [4.462675, 52.203412], [4.460417, 52.202199], [4.463471, 52.200202], [4.461761, 52.197106], [4.46637, 52.196886], [4.458623, 52.183456], [4.434947, 52.180857], [4.445831, 52.178799], [4.448796, 52.175586], [4.445384, 52.167795], [4.448368, 52.162052], [4.440478, 52.155653], [4.425974, 52.15923], [4.419772, 52.162344], [4.417786, 52.161478], [4.411595, 52.163479], [4.409319, 52.169342], [4.404802, 52.167502], [4.375016, 52.186613], [4.360002, 52.192677], [4.390976, 52.225244], [4.419446, 52.214339], [4.425696, 52.216289], [4.429422, 52.212264], [4.433277, 52.213504], [4.435464, 52.210603], [4.437138, 52.211199], [4.440188, 52.207356]]]}, "properties": {"code": "0537", "name": "Katwijk", "regioFacet": "tcm:106-353774-1024", "level": 4, "url": "/regioinformatie/gemeente/katwijk/"}}, {"type": "Feature", "geometry": {"type": "Polygon", "coordinates": [[[4.299039, 51.804061], [4.307367, 51.809185], [4.330698, 51.812948], [4.33815, 51.816772], [4.354528, 51.819191], [4.369082, 51.816981], [4.382132, 51.824079], [4.384514, 51.822417], [4.382747, 51.819032], [4.389375, 51.813374], [4.388413, 51.802332], [4.382875, 51.802062], [4.378777, 51.787404], [4.38416, 51.78844], [4.393593, 51.787537], [4.392753, 51.786029], [4.395447, 51.784129], [4.406043, 51.781571], [4.409759, 51.77917], [4.414168, 51.779134], [4.400208, 51.758497], [4.372702, 51.709583], [4.351222, 51.710791], [4.316322, 51.716787], [4.299137, 51.725451], [4.272474, 51.735089], [4.263635, 51.741227], [4.249442, 51.757868], [4.213247, 51.785267], [4.222839, 51.787906], [4.237563, 51.782772], [4.24262, 51.783329], [4.24664, 51.785348], [4.265616, 51.803975], [4.273114, 51.805098], [4.295792, 51.802111], [4.299039, 51.804061]]]}, "properties": {"code": "0588", "name": "Korendijk", "regioFacet": "tcm:106-353775-1024", "level": 4, "url": "/regioinformatie/gemeente/korendijk/"}}, {"type": "Feature", "geometry": {"type": "Polygon", "coordinates": [[[4.582311, 51.920559], [4.599777, 51.926536], [4.612112, 51.925626], [4.617704, 51.93105], [4.643019, 51.912569], [4.635225, 51.910074], [4.621456, 51.90833], [4.601464, 51.906998], [4.596799, 51.907818], [4.595173, 51.907082], [4.596745, 51.905764], [4.593511, 51.904102], [4.592213, 51.905601], [4.588748, 51.904187], [4.589099, 51.902367], [4.582618, 51.904094], [4.576328, 51.903032], [4.555088, 51.905646], [4.549238, 51.904882], [4.549901, 51.906728], [4.567662, 51.909796], [4.577868, 51.915054], [4.582311, 51.920559]]]}, "properties": {"code": "0542", "name": "Krimpen aan den IJssel", "regioFacet": "tcm:106-353776-1024", "level": 4, "url": "/regioinformatie/gemeente/krimpen-aan-den-ijssel/"}}, {"type": "Feature", "geometry": {"type": "Polygon", "coordinates": [[[4.649835, 51.973429], [4.655923, 51.976553], [4.66959, 51.979533], [4.672919, 51.98617], [4.688696, 51.996263], [4.700492, 51.99736], [4.707217, 52.001762], [4.718861, 51.99837], [4.72757, 52.001583], [4.722793, 52.005482], [4.728482, 52.007401], [4.737292, 52.005935], [4.737733, 52.006841], [4.745463, 52.002908], [4.75733, 52.001342], [4.75088, 52.014088], [4.775944, 52.014064], [4.7987, 52.022272], [4.803523, 52.013956], [4.815616, 52.013981], [4.824994, 52.017237], [4.840178, 52.016707], [4.846896, 52.018182], [4.857127, 52.00596], [4.817806, 51.999767], [4.835218, 51.986143], [4.845622, 51.974985], [4.860806, 51.967784], [4.871223, 51.954643], [4.877793, 51.938031], [4.852938, 51.941441], [4.835539, 51.940067], [4.810319, 51.92417], [4.763947, 51.914981], [4.737985, 51.902712], [4.715812, 51.895949], [4.69997, 51.896589], [4.680676, 51.893005], [4.673367, 51.890228], [4.664385, 51.889446], [4.636772, 51.890911], [4.621044, 51.889402], [4.595872, 51.893944], [4.58302, 51.901213], [4.576328, 51.903032], [4.582618, 51.904094], [4.589099, 51.902367], [4.588748, 51.904187], [4.592213, 51.905601], [4.593511, 51.904102], [4.596745, 51.905763], [4.595173, 51.907082], [4.596799, 51.907818], [4.601464, 51.906998], [4.621456, 51.90833], [4.635225, 51.910074], [4.643019, 51.912569], [4.617704, 51.93105], [4.622687, 51.935848], [4.634237, 51.937457], [4.639513, 51.950897], [4.646105, 51.954417], [4.631081, 51.968994], [4.633521, 51.970572], [4.649835, 51.973429]]]}, "properties": {"code": "1931", "name": "Krimpenerwaard", "regioFacet": "tcm:106-401748-1024", "level": 4, "url": "/regioinformatie/gemeente/krimpenerwaard/"}}, {"type": "Feature", "geometry": {"type": "Polygon", "coordinates": [[[4.50471, 52.031931], [4.534666, 52.049563], [4.545335, 52.048936], [4.550533, 52.056304], [4.557809, 52.061741], [4.565201, 52.058496], [4.56106, 52.042061], [4.563457, 52.035777], [4.558218, 52.028908], [4.554875, 52.005949], [4.546339, 51.991514], [4.54807, 51.983428], [4.553855, 51.977543], [4.55253, 51.975265], [4.539951, 51.969885], [4.535687, 51.970415], [4.534985, 51.968272], [4.521013, 51.963453], [4.518586, 51.960286], [4.4958, 51.971844], [4.495258, 51.967403], [4.469012, 51.980549], [4.463241, 51.977527], [4.460098, 51.968782], [4.450514, 51.965813], [4.446682, 51.962786], [4.424222, 51.979259], [4.447248, 51.992409], [4.452878, 51.997271], [4.449776, 52.000503], [4.458728, 52.002209], [4.4589, 52.004644], [4.455389, 52.006798], [4.461562, 52.012651], [4.458547, 52.015621], [4.457199, 52.022169], [4.467324, 52.025408], [4.477384, 52.031792], [4.50471, 52.031931]]]}, "properties": {"code": "1621", "name": "Lansingerland", "regioFacet": "tcm:106-353777-1024", "level": 4, "url": "/regioinformatie/gemeente/lansingerland/"}}, {"type": "Feature", "geometry": {"type": "Polygon", "coordinates": [[[5.05214, 51.857492], [5.043851, 51.859226], [5.026908, 51.858608], [5.027388, 51.863739], [5.021749, 51.86882], [5.023227, 51.875741], [5.026956, 51.881918], [5.063837, 51.892391], [5.055005, 51.904526], [5.061692, 51.909892], [5.05736, 51.911341], [5.067563, 51.918338], [5.078661, 51.929848], [5.087015, 51.927266], [5.09881, 51.940232], [5.097315, 51.940855], [5.101446, 51.946126], [5.130138, 51.934912], [5.133352, 51.937755], [5.148573, 51.934272], [5.14846, 51.929485], [5.135675, 51.918223], [5.136436, 51.914508], [5.132278, 51.914882], [5.119409, 51.898605], [5.11689, 51.898032], [5.117671, 51.89257], [5.112737, 51.887776], [5.090975, 51.888976], [5.088159, 51.887094], [5.08634, 51.880769], [5.080532, 51.875525], [5.055362, 51.873041], [5.052311, 51.869984], [5.052199, 51.866643], [5.063682, 51.860824], [5.059185, 51.858154], [5.05214, 51.857492]]]}, "properties": {"code": "0545", "name": "Leerdam", "regioFacet": "tcm:106-353778-1024", "level": 4, "url": "/regioinformatie/gemeente/leerdam/"}}, {"type": "Feature", "geometry": {"type": "Polygon", "coordinates": [[[4.466868, 52.169929], [4.468509, 52.173482], [4.478597, 52.179586], [4.487126, 52.176925], [4.48784, 52.178154], [4.492382, 52.175343], [4.496165, 52.178891], [4.497562, 52.183983], [4.503881, 52.184606], [4.518354, 52.182492], [4.518488, 52.174216], [4.515081, 52.171016], [4.514699, 52.161017], [4.520821, 52.156551], [4.524038, 52.147398], [4.515545, 52.144464], [4.510677, 52.140866], [4.513213, 52.139974], [4.472975, 52.118952], [4.472941, 52.123703], [4.468149, 52.128551], [4.464492, 52.127311], [4.469299, 52.133931], [4.465406, 52.149443], [4.459287, 52.149697], [4.449605, 52.140984], [4.444678, 52.14062], [4.443939, 52.146041], [4.438865, 52.153264], [4.449001, 52.162678], [4.454171, 52.17114], [4.466868, 52.169929]]]}, "properties": {"code": "0546", "name": "Leiden", "regioFacet": "tcm:106-353779-1024", "level": 4, "url": "/regioinformatie/gemeente/leiden/"}}, {"type": "Feature", "geometry": {"type": "Polygon", "coordinates": [[[4.523154, 52.149568], [4.520741, 52.156662], [4.514699, 52.161017], [4.515081, 52.171016], [4.518488, 52.174216], [4.518369, 52.182116], [4.528178, 52.179851], [4.538779, 52.18013], [4.541883, 52.172539], [4.551121, 52.163237], [4.560592, 52.166783], [4.5624, 52.166119], [4.56049, 52.16413], [4.561634, 52.160819], [4.571481, 52.153109], [4.570467, 52.142858], [4.566105, 52.135264], [4.560121, 52.131903], [4.546749, 52.140086], [4.529059, 52.142501], [4.523154, 52.149568]]]}, "properties": {"code": "0547", "name": "Leiderdorp", "regioFacet": "tcm:106-353780-1024", "level": 4, "url": "/regioinformatie/gemeente/leiderdorp/"}}, {"type": "Feature", "geometry": {"type": "Polygon", "coordinates": [[[4.373514, 52.092297], [4.372146, 52.094381], [4.401159, 52.11187], [4.427903, 52.10147], [4.466845, 52.12898], [4.472941, 52.123703], [4.472975, 52.118952], [4.470826, 52.117708], [4.490414, 52.097858], [4.493018, 52.087752], [4.474275, 52.085261], [4.47566, 52.081296], [4.456752, 52.078815], [4.420833, 52.06258], [4.403924, 52.077845], [4.397092, 52.074763], [4.394622, 52.075907], [4.388651, 52.072974], [4.384583, 52.076234], [4.356011, 52.061567], [4.360826, 52.058468], [4.359626, 52.057256], [4.35735, 52.056255], [4.352281, 52.059394], [4.348004, 52.056498], [4.342196, 52.061135], [4.355519, 52.06804], [4.335213, 52.075], [4.373514, 52.092297]]]}, "properties": {"code": "1916", "name": "Leidschendam-Voorburg", "regioFacet": "tcm:106-353781-1024", "level": 4, "url": "/regioinformatie/gemeente/leidschendam-voorburg/"}}, {"type": "Feature", "geometry": {"type": "Polygon", "coordinates": [[[4.532872, 52.273096], [4.530178, 52.274147], [4.53546, 52.27915], [4.536443, 52.278359], [4.54255, 52.286644], [4.548681, 52.284696], [4.572749, 52.27124], [4.567869, 52.267795], [4.569521, 52.259691], [4.562849, 52.234558], [4.554208, 52.231397], [4.550566, 52.227031], [4.553934, 52.222205], [4.524923, 52.235561], [4.529472, 52.238137], [4.527417, 52.23916], [4.530051, 52.241162], [4.524088, 52.244377], [4.526594, 52.247253], [4.513523, 52.255006], [4.532872, 52.273096]]]}, "properties": {"code": "0553", "name": "Lisse", "regioFacet": "tcm:106-353782-1024", "level": 4, "url": "/regioinformatie/gemeente/lisse/"}}, {"type": "Feature", "geometry": {"type": "Polygon", "coordinates": [[[4.232167, 51.920709], [4.223702, 51.928247], [4.212718, 51.933727], [4.228292, 51.947992], [4.231767, 51.942922], [4.239076, 51.943633], [4.261049, 51.926682], [4.27096, 51.923477], [4.292611, 51.921236], [4.267571, 51.905335], [4.24112, 51.914871], [4.232167, 51.920709]]]}, "properties": {"code": "0556", "name": "Maassluis", "regioFacet": "tcm:106-353783-1024", "level": 4, "url": "/regioinformatie/gemeente/maassluis/"}}, {"type": "Feature", "geometry": {"type": "Polygon", "coordinates": [[[4.276509, 51.965081], [4.271456, 51.96986], [4.273225, 51.973643], [4.278161, 51.970433], [4.280315, 51.971451], [4.285092, 51.96989], [4.289351, 51.971871], [4.287553, 51.973355], [4.303143, 51.9799], [4.298766, 51.982107], [4.296325, 51.981765], [4.295629, 51.983597], [4.291914, 51.98297], [4.288684, 51.988825], [4.28409, 51.985641], [4.280322, 51.990347], [4.266882, 51.993326], [4.265245, 51.995836], [4.319321, 52.019922], [4.326059, 52.0125], [4.325471, 52.010869], [4.320636, 52.009322], [4.323244, 52.004336], [4.332656, 52.007883], [4.336371, 52.004753], [4.338453, 52.005691], [4.341143, 52.00271], [4.335834, 52.001055], [4.337717, 51.998802], [4.331525, 51.997852], [4.33311, 51.993172], [4.325732, 51.991951], [4.324112, 51.989859], [4.331855, 51.98449], [4.332724, 51.980457], [4.338227, 51.974178], [4.356626, 51.977296], [4.35954, 51.970135], [4.368174, 51.971582], [4.369175, 51.96887], [4.386303, 51.972214], [4.383622, 51.975816], [4.39381, 51.977503], [4.403038, 51.96645], [4.393564, 51.962472], [4.389779, 51.965126], [4.36351, 51.960871], [4.367071, 51.95522], [4.33862, 51.948071], [4.323873, 51.94164], [4.322893, 51.942712], [4.292611, 51.921236], [4.27096, 51.923477], [4.261049, 51.926682], [4.240317, 51.942872], [4.24127, 51.943708], [4.233963, 51.950029], [4.233957, 51.953331], [4.253629, 51.958867], [4.263449, 51.960094], [4.276509, 51.965081]]]}, "properties": {"code": "1842", "name": "Midden-Delfland", "regioFacet": "tcm:106-353784-1024", "level": 4, "url": "/regioinformatie/gemeente/midden-delfland/"}}, {"type": "Feature", "geometry": {"type": "Polygon", "coordinates": [[[4.811283, 51.924555], [4.835539, 51.940067], [4.852938, 51.941441], [4.875318, 51.937992], [4.88511, 51.938587], [4.914583, 51.942597], [4.926301, 51.950928], [4.932126, 51.947552], [4.939235, 51.928938], [4.935097, 51.928158], [4.931364, 51.924091], [4.919628, 51.918816], [4.927782, 51.900914], [4.910748, 51.887696], [4.905413, 51.885958], [4.894305, 51.885369], [4.896475, 51.880273], [4.87747, 51.877887], [4.8579, 51.869567], [4.855595, 51.867099], [4.854557, 51.867795], [4.803786, 51.84648], [4.795601, 51.844976], [4.786962, 51.844993], [4.780491, 51.846643], [4.768014, 51.843863], [4.756129, 51.844958], [4.742764, 51.841003], [4.743395, 51.84272], [4.738654, 51.843574], [4.737264, 51.846464], [4.715202, 51.841323], [4.70306, 51.841829], [4.683191, 51.848491], [4.680709, 51.859639], [4.686449, 51.86629], [4.690439, 51.866847], [4.70024, 51.87971], [4.687815, 51.878718], [4.672914, 51.874792], [4.663985, 51.874981], [4.642138, 51.8802], [4.637076, 51.876294], [4.628775, 51.881212], [4.626391, 51.880658], [4.619249, 51.888442], [4.619572, 51.889523], [4.636772, 51.890911], [4.668167, 51.889585], [4.69997, 51.896589], [4.715812, 51.895949], [4.737985, 51.902712], [4.763947, 51.914981], [4.781425, 51.917506], [4.811283, 51.924555]]]}, "properties": {"code": "1927", "name": "Molenwaard", "regioFacet": "tcm:106-353785-1024", "level": 4, "url": "/regioinformatie/gemeente/molenwaard/"}}, {"type": "Feature", "geometry": {"type": "Polygon", "coordinates": [[[4.734339, 52.206516], [4.743479, 52.214725], [4.747972, 52.214868], [4.753299, 52.217468], [4.762074, 52.21813], [4.774603, 52.224547], [4.776607, 52.227463], [4.784017, 52.228737], [4.794576, 52.226731], [4.79443, 52.223423], [4.80215, 52.217634], [4.802925, 52.201028], [4.813594, 52.201847], [4.8144, 52.199309], [4.822209, 52.196125], [4.823445, 52.193266], [4.843921, 52.180122], [4.855582, 52.178917], [4.892178, 52.161798], [4.873623, 52.156083], [4.874518, 52.138831], [4.855239, 52.13721], [4.851479, 52.139674], [4.842872, 52.13946], [4.840276, 52.141561], [4.837366, 52.14065], [4.836705, 52.14288], [4.834128, 52.142876], [4.832858, 52.144762], [4.826472, 52.142176], [4.820547, 52.142232], [4.816914, 52.139468], [4.813261, 52.140227], [4.809093, 52.137642], [4.808065, 52.128948], [4.802601, 52.12506], [4.793113, 52.123825], [4.79151, 52.120343], [4.784029, 52.120756], [4.783969, 52.117437], [4.779609, 52.117707], [4.774929, 52.114843], [4.770692, 52.115122], [4.768434, 52.11323], [4.762472, 52.113691], [4.759329, 52.110345], [4.754565, 52.10881], [4.738857, 52.106507], [4.75324, 52.119442], [4.760076, 52.131017], [4.741839, 52.162673], [4.726811, 52.158995], [4.726054, 52.156397], [4.703801, 52.14462], [4.705673, 52.152157], [4.698218, 52.158528], [4.681209, 52.167504], [4.688941, 52.191931], [4.695316, 52.189154], [4.707666, 52.205052], [4.720774, 52.201277], [4.723592, 52.211616], [4.734339, 52.206516]]]}, "properties": {"code": "0569", "name": "Nieuwkoop", "regioFacet": "tcm:106-353787-1024", "level": 4, "url": "/regioinformatie/gemeente/nieuwkoop/"}}, {"type": "Feature", "geometry": {"type": "Polygon", "coordinates": [[[4.192106, 51.843169], [4.19761, 51.847002], [4.198257, 51.849889], [4.185273, 51.849708], [4.239383, 51.872986], [4.266105, 51.864657], [4.335554, 51.864302], [4.348315, 51.851959], [4.367599, 51.844383], [4.385146, 51.842064], [4.412808, 51.842958], [4.432482, 51.837046], [4.421003, 51.829874], [4.397132, 51.831275], [4.369082, 51.816981], [4.354528, 51.819191], [4.33815, 51.816772], [4.330698, 51.812948], [4.307367, 51.809185], [4.296413, 51.802206], [4.268596, 51.804839], [4.263213, 51.802657], [4.24664, 51.785348], [4.237563, 51.782772], [4.222839, 51.787906], [4.213247, 51.785267], [4.208411, 51.787944], [4.186276, 51.792494], [4.173115, 51.792234], [4.150283, 51.805017], [4.159294, 51.823372], [4.16819, 51.826116], [4.186638, 51.835454], [4.186929, 51.838835], [4.192106, 51.843169]]]}, "properties": {"code": "1930", "name": "Nissewaard", "regioFacet": "tcm:106-401749-1024", "level": 4, "url": "/regioinformatie/gemeente/nissewaard/"}}, {"type": "Feature", "geometry": {"type": "Polygon", "coordinates": [[[4.422536, 52.214474], [4.419302, 52.21438], [4.390976, 52.225244], [4.436154, 52.277177], [4.477649, 52.332511], [4.543371, 52.314989], [4.528376, 52.302076], [4.523229, 52.300897], [4.516807, 52.293062], [4.50628, 52.285509], [4.478279, 52.27196], [4.472164, 52.26663], [4.473336, 52.265902], [4.455963, 52.256946], [4.461204, 52.253482], [4.452682, 52.248719], [4.45682, 52.245392], [4.455158, 52.244348], [4.463861, 52.241528], [4.464946, 52.238259], [4.477492, 52.23245], [4.466066, 52.225003], [4.470704, 52.221763], [4.470169, 52.219651], [4.464082, 52.215964], [4.451245, 52.21167], [4.448378, 52.212517], [4.440188, 52.207356], [4.433277, 52.213504], [4.429422, 52.212264], [4.425696, 52.216289], [4.422536, 52.214474]]]}, "properties": {"code": "0575", "name": "Noordwijk", "regioFacet": "tcm:106-353788-1024", "level": 4, "url": "/regioinformatie/gemeente/noordwijk/"}}, {"type": "Feature", "geometry": {"type": "Polygon", "coordinates": [[[4.516807, 52.293062], [4.523229, 52.300897], [4.528376, 52.302076], [4.543385, 52.315001], [4.563707, 52.309298], [4.555376, 52.299144], [4.545165, 52.290733], [4.536443, 52.278359], [4.53546, 52.27915], [4.530178, 52.274147], [4.532872, 52.273096], [4.52078, 52.26055], [4.477492, 52.23245], [4.464946, 52.238259], [4.463861, 52.241528], [4.455158, 52.244348], [4.45682, 52.245392], [4.452682, 52.248719], [4.461204, 52.253482], [4.455963, 52.256946], [4.473336, 52.265902], [4.472164, 52.26663], [4.478279, 52.27196], [4.495333, 52.279372], [4.516807, 52.293062]]]}, "properties": {"code": "0576", "name": "Noordwijkerhout", "regioFacet": "tcm:106-353789-1024", "level": 4, "url": "/regioinformatie/gemeente/noordwijkerhout/"}}, {"type": "Feature", "geometry": {"type": "Polygon", "coordinates": [[[4.489684, 52.181595], [4.494329, 52.18167], [4.495256, 52.183939], [4.497562, 52.183983], [4.493058, 52.175538], [4.48784, 52.178154], [4.487126, 52.176925], [4.478597, 52.179586], [4.468509, 52.173482], [4.466868, 52.169929], [4.454171, 52.17114], [4.448368, 52.162052], [4.445381, 52.167648], [4.448656, 52.173584], [4.448093, 52.17718], [4.445248, 52.178991], [4.434947, 52.180857], [4.458623, 52.183456], [4.46637, 52.196886], [4.461761, 52.197106], [4.463308, 52.200075], [4.46766, 52.201933], [4.471505, 52.201597], [4.478421, 52.204799], [4.480272, 52.201949], [4.486728, 52.204185], [4.488032, 52.202923], [4.491447, 52.203687], [4.493439, 52.194967], [4.487764, 52.190521], [4.491201, 52.185947], [4.489684, 52.181595]]]}, "properties": {"code": "0579", "name": "Oegstgeest", "regioFacet": "tcm:106-353790-1024", "level": 4, "url": "/regioinformatie/gemeente/oegstgeest/"}}, {"type": "Feature", "geometry": {"type": "Polygon", "coordinates": [[[4.39548, 51.830484], [4.399137, 51.83142], [4.421003, 51.829874], [4.432482, 51.837046], [4.450083, 51.832173], [4.448464, 51.823014], [4.452164, 51.812169], [4.435179, 51.809519], [4.4305, 51.810494], [4.429898, 51.796751], [4.424359, 51.789519], [4.424535, 51.785875], [4.414168, 51.779134], [4.409759, 51.77917], [4.406043, 51.781571], [4.395447, 51.784129], [4.392753, 51.786029], [4.393593, 51.787537], [4.38416, 51.78844], [4.378777, 51.787404], [4.382875, 51.802062], [4.388327, 51.802054], [4.389527, 51.811886], [4.388174, 51.815651], [4.382799, 51.818938], [4.382862, 51.82217], [4.384514, 51.822417], [4.382132, 51.824079], [4.39548, 51.830484]]]}, "properties": {"code": "0584", "name": "Oud-Beijerland", "regioFacet": "tcm:106-353791-1024", "level": 4, "url": "/regioinformatie/gemeente/oud-beijerland/"}}, {"type": "Feature", "geometry": {"type": "Polygon", "coordinates": [[[4.684519, 51.847927], [4.707777, 51.841018], [4.715333, 51.841344], [4.737264, 51.846464], [4.738654, 51.843574], [4.743494, 51.842216], [4.729639, 51.822169], [4.707474, 51.823347], [4.68318, 51.820633], [4.671729, 51.820791], [4.669166, 51.829151], [4.672606, 51.83865], [4.680398, 51.844439], [4.681827, 51.849093], [4.684519, 51.847927]]]}, "properties": {"code": "0590", "name": "Papendrecht", "regioFacet": "tcm:106-353793-1024", "level": 4, "url": "/regioinformatie/gemeente/papendrecht/"}}, {"type": "Feature", "geometry": {"type": "Polygon", "coordinates": [[[4.393928, 52.033054], [4.387436, 52.038647], [4.379858, 52.035952], [4.37264, 52.041006], [4.394445, 52.054054], [4.39855, 52.051218], [4.401625, 52.053536], [4.450564, 52.04921], [4.457644, 52.038619], [4.470744, 52.040478], [4.47679, 52.031685], [4.467324, 52.025408], [4.457146, 52.022091], [4.458547, 52.015621], [4.461562, 52.012651], [4.455389, 52.006798], [4.4589, 52.004644], [4.458717, 52.002196], [4.449776, 52.000503], [4.452878, 51.997271], [4.447248, 51.992409], [4.424446, 51.979611], [4.427517, 51.97621], [4.407911, 51.968199], [4.401152, 51.978346], [4.39703, 51.978974], [4.385916, 52.004835], [4.388656, 52.005494], [4.388346, 52.009448], [4.394516, 52.011256], [4.386245, 52.023308], [4.379735, 52.026733], [4.393928, 52.033054]]]}, "properties": {"code": "1926", "name": "Pijnacker-Nootdorp", "regioFacet": "tcm:106-353794-1024", "level": 4, "url": "/regioinformatie/gemeente/pijnacker-nootdorp/"}}, {"type": "Feature", "geometry": {"type": "Polygon", "coordinates": [[[4.569971, 51.852621], [4.565961, 51.852086], [4.564106, 51.853473], [4.549253, 51.874201], [4.56159, 51.878232], [4.569146, 51.87818], [4.576328, 51.903032], [4.58302, 51.901213], [4.593623, 51.8946], [4.619572, 51.889523], [4.639022, 51.86364], [4.647331, 51.857122], [4.636516, 51.849662], [4.627319, 51.854653], [4.618715, 51.851238], [4.604885, 51.848386], [4.600155, 51.83873], [4.571058, 51.847117], [4.569971, 51.852621]]]}, "properties": {"code": "0597", "name": "Ridderkerk", "regioFacet": "tcm:106-353795-1024", "level": 4, "url": "/regioinformatie/gemeente/ridderkerk/"}}, {"type": "Feature", "geometry": {"type": "Polygon", "coordinates": [[[4.29811, 52.044821], [4.319882, 52.051994], [4.321361, 52.054621], [4.340047, 52.061806], [4.3468, 52.05685], [4.344504, 52.054057], [4.352639, 52.049095], [4.346063, 52.044018], [4.35779, 52.026863], [4.325956, 52.012793], [4.319389, 52.019917], [4.309819, 52.015634], [4.29793, 52.02941], [4.290952, 52.041573], [4.29811, 52.044821]]]}, "properties": {"code": "0603", "name": "Rijswijk", "regioFacet": "tcm:106-353797-1024", "level": 4, "url": "/regioinformatie/gemeente/rijswijk/"}}, {"type": "Feature", "geometry": {"type": "Polygon", "coordinates": [[[4.416751, 51.938213], [4.415492, 51.940759], [4.410803, 51.938268], [4.40392, 51.937253], [4.393448, 51.94426], [4.395188, 51.946927], [4.38891, 51.94553], [4.379309, 51.963407], [4.389779, 51.965126], [4.393564, 51.962472], [4.428132, 51.97662], [4.446682, 51.962786], [4.450514, 51.965813], [4.460098, 51.968782], [4.463241, 51.977527], [4.469012, 51.980549], [4.495258, 51.967403], [4.4958, 51.971844], [4.518586, 51.960286], [4.521013, 51.963453], [4.534985, 51.968272], [4.535874, 51.970477], [4.539855, 51.969866], [4.547686, 51.972807], [4.556559, 51.968455], [4.562414, 51.971927], [4.566936, 51.97119], [4.573883, 51.97266], [4.579, 51.975787], [4.573529, 51.974576], [4.57023, 51.97903], [4.578918, 51.981134], [4.577312, 51.986405], [4.579687, 51.987267], [4.578936, 51.98987], [4.594368, 51.994282], [4.598773, 51.987969], [4.593769, 51.976], [4.601808, 51.97214], [4.590022, 51.968581], [4.568013, 51.95808], [4.564367, 51.959925], [4.562053, 51.958875], [4.564063, 51.950809], [4.57278, 51.943456], [4.560594, 51.94091], [4.565599, 51.924757], [4.556912, 51.919912], [4.53755, 51.919778], [4.540523, 51.915242], [4.538222, 51.915344], [4.537312, 51.913555], [4.542136, 51.906205], [4.547696, 51.907174], [4.550263, 51.914818], [4.553996, 51.916618], [4.554025, 51.91478], [4.556496, 51.914803], [4.556828, 51.910386], [4.551051, 51.909638], [4.549238, 51.904882], [4.555088, 51.905646], [4.576328, 51.903032], [4.569115, 51.87815], [4.561456, 51.878202], [4.542579, 51.870799], [4.532027, 51.868777], [4.526095, 51.869731], [4.49404, 51.868968], [4.479916, 51.865274], [4.480403, 51.862328], [4.471863, 51.861667], [4.44102, 51.86591], [4.4347, 51.869109], [4.418149, 51.872375], [4.412253, 51.871429], [4.405771, 51.873198], [4.394846, 51.872333], [4.388527, 51.868821], [4.38445, 51.861609], [4.383665, 51.842118], [4.367599, 51.844383], [4.352582, 51.849505], [4.34268, 51.855895], [4.335554, 51.864302], [4.266105, 51.864657], [4.24089, 51.872356], [4.23297, 51.877486], [4.227692, 51.887722], [4.216592, 51.898536], [4.176475, 51.91792], [4.168187, 51.919057], [4.167018, 51.923125], [4.162669, 51.926652], [4.143488, 51.931704], [4.107724, 51.936142], [4.10172, 51.927009], [4.102003, 51.92353], [4.092894, 51.932528], [4.070181, 51.933291], [3.972617, 51.910965], [3.94075, 51.921571], [3.953131, 51.989144], [4.032777, 52.003571], [4.118589, 52.004528], [4.132518, 51.998543], [4.130987, 51.997179], [4.135688, 51.992636], [4.150972, 51.987636], [4.147281, 51.981393], [4.155349, 51.979707], [4.155063, 51.977838], [4.175898, 51.971694], [4.187493, 51.966837], [4.187164, 51.965658], [4.190609, 51.965982], [4.186724, 51.962676], [4.192396, 51.954806], [4.219688, 51.941525], [4.212718, 51.933727], [4.224041, 51.928019], [4.236758, 51.91711], [4.274966, 51.90244], [4.292092, 51.897727], [4.329509, 51.894063], [4.360035, 51.899431], [4.391978, 51.896687], [4.41371, 51.900755], [4.412338, 51.902421], [4.415677, 51.905025], [4.409075, 51.91205], [4.415252, 51.914484], [4.417012, 51.922522], [4.408165, 51.932043], [4.409465, 51.936152], [4.416751, 51.938213]]]}, "properties": {"code": "0599", "name": "Rotterdam", "regioFacet": "tcm:106-353798-1024", "level": 4, "url": "/regioinformatie/gemeente/rotterdam/"}}, {"type": "Feature", "geometry": {"type": "Polygon", "coordinates": [[[4.369204, 51.908946], [4.365483, 51.92161], [4.362192, 51.924095], [4.361826, 51.926571], [4.363922, 51.927687], [4.362198, 51.935771], [4.350671, 51.951507], [4.367071, 51.95522], [4.36351, 51.960871], [4.379309, 51.963407], [4.38891, 51.94553], [4.395188, 51.946927], [4.393448, 51.94426], [4.40392, 51.937253], [4.410803, 51.938268], [4.415492, 51.940759], [4.417713, 51.938477], [4.409465, 51.936152], [4.408147, 51.931808], [4.417012, 51.922522], [4.415252, 51.914484], [4.409075, 51.91205], [4.415677, 51.905025], [4.412338, 51.902421], [4.41371, 51.900755], [4.3976, 51.897166], [4.388344, 51.896779], [4.370623, 51.899356], [4.369204, 51.908946]]]}, "properties": {"code": "0606", "name": "Schiedam", "regioFacet": "tcm:106-353799-1024", "level": 4, "url": "/regioinformatie/gemeente/schiedam/"}}, {"type": "Feature", "geometry": {"type": "Polygon", "coordinates": [[[4.227454, 52.091828], [4.238717, 52.09998], [4.237588, 52.104305], [4.243143, 52.110626], [4.256907, 52.113588], [4.290063, 52.135036], [4.302506, 52.128616], [4.33306, 52.105731], [4.330317, 52.104342], [4.332264, 52.10304], [4.323282, 52.099217], [4.327484, 52.095567], [4.337253, 52.09877], [4.338573, 52.097435], [4.342318, 52.097482], [4.358489, 52.105761], [4.372709, 52.094773], [4.371467, 52.093835], [4.373514, 52.092297], [4.335213, 52.075], [4.355519, 52.06804], [4.342196, 52.061135], [4.348004, 52.056498], [4.352281, 52.059394], [4.35735, 52.056255], [4.359823, 52.057366], [4.360826, 52.058468], [4.356011, 52.061567], [4.379996, 52.074745], [4.384583, 52.076234], [4.388651, 52.072974], [4.394622, 52.075907], [4.397092, 52.074763], [4.403924, 52.077845], [4.420691, 52.063455], [4.42249, 52.057194], [4.415231, 52.057013], [4.422072, 52.051673], [4.401625, 52.053536], [4.39855, 52.051218], [4.394445, 52.054054], [4.37264, 52.041006], [4.379858, 52.035952], [4.387436, 52.038647], [4.393891, 52.032917], [4.379735, 52.026733], [4.373499, 52.032599], [4.35977, 52.026546], [4.353778, 52.030676], [4.350406, 52.039473], [4.346395, 52.042892], [4.346877, 52.045518], [4.352639, 52.049095], [4.344504, 52.054057], [4.3468, 52.05685], [4.340047, 52.061806], [4.321361, 52.054621], [4.319882, 52.051994], [4.298367, 52.045557], [4.290952, 52.041573], [4.29793, 52.02941], [4.307639, 52.018151], [4.302664, 52.016488], [4.301075, 52.017869], [4.295512, 52.014848], [4.289736, 52.017648], [4.294345, 52.019359], [4.286734, 52.022985], [4.288255, 52.023758], [4.28525, 52.027422], [4.281711, 52.027431], [4.272663, 52.035917], [4.248217, 52.025226], [4.235015, 52.039295], [4.228326, 52.034642], [4.219227, 52.033737], [4.212292, 52.030712], [4.209585, 52.033655], [4.212434, 52.034033], [4.198854, 52.050002], [4.196329, 52.055677], [4.184998, 52.061451], [4.227454, 52.091828]]]}, "properties": {"code": "0518", "name": "'s-Gravenhage", "regioFacet": "tcm:106-353763-1024", "level": 4, "url": "/regioinformatie/gemeente/den-haag/"}}, {"type": "Feature", "geometry": {"type": "Polygon", "coordinates": [[[4.740297, 51.822165], [4.729639, 51.822169], [4.741482, 51.840829], [4.756129, 51.844958], [4.768014, 51.843863], [4.78038, 51.84664], [4.788147, 51.844937], [4.803379, 51.846353], [4.805075, 51.821949], [4.811384, 51.821148], [4.811416, 51.818658], [4.786804, 51.815314], [4.772092, 51.815319], [4.763577, 51.816793], [4.751521, 51.821594], [4.740297, 51.822165]]]}, "properties": {"code": "0610", "name": "Sliedrecht", "regioFacet": "tcm:106-353801-1024", "level": 4, "url": "/regioinformatie/gemeente/sliedrecht/"}}, {"type": "Feature", "geometry": {"type": "Polygon", "coordinates": [[[4.518792, 51.724125], [4.508719, 51.727987], [4.504701, 51.737524], [4.509952, 51.740981], [4.516245, 51.742074], [4.518086, 51.740958], [4.518233, 51.744643], [4.505957, 51.752051], [4.488074, 51.756492], [4.485097, 51.759011], [4.486562, 51.770637], [4.483945, 51.771321], [4.483312, 51.777047], [4.486801, 51.7773], [4.486558, 51.781494], [4.493796, 51.781043], [4.502293, 51.783899], [4.503259, 51.786617], [4.515366, 51.787163], [4.518118, 51.783749], [4.526701, 51.780616], [4.536905, 51.779738], [4.546061, 51.7736], [4.570614, 51.771974], [4.571263, 51.763342], [4.611957, 51.760467], [4.61182, 51.75724], [4.593117, 51.750993], [4.591835, 51.748503], [4.602963, 51.740528], [4.605965, 51.741123], [4.626579, 51.728256], [4.620404, 51.714124], [4.5893, 51.703323], [4.535016, 51.693968], [4.534924, 51.70723], [4.518076, 51.715089], [4.524528, 51.721461], [4.518792, 51.724125]]]}, "properties": {"code": "0617", "name": "Strijen", "regioFacet": "tcm:106-353803-1024", "level": 4, "url": "/regioinformatie/gemeente/strijen/"}}, {"type": "Feature", "geometry": {"type": "Polygon", "coordinates": [[[4.478665, 52.204669], [4.463471, 52.200202], [4.460417, 52.202199], [4.462675, 52.203412], [4.455649, 52.20703], [4.46652, 52.212961], [4.46396, 52.215829], [4.470358, 52.219813], [4.470704, 52.221763], [4.466213, 52.225229], [4.513409, 52.255067], [4.526594, 52.247253], [4.524088, 52.244377], [4.530051, 52.241162], [4.527417, 52.23916], [4.529472, 52.238137], [4.524923, 52.235561], [4.539229, 52.229938], [4.558433, 52.218799], [4.557849, 52.215102], [4.554287, 52.212275], [4.558955, 52.210242], [4.55826, 52.205458], [4.561705, 52.203658], [4.55965, 52.200497], [4.555578, 52.200145], [4.557155, 52.197742], [4.546768, 52.198976], [4.543734, 52.187449], [4.538154, 52.180085], [4.528178, 52.179851], [4.503401, 52.184626], [4.495256, 52.183939], [4.494329, 52.18167], [4.491431, 52.180951], [4.489525, 52.181698], [4.491088, 52.186353], [4.487735, 52.190396], [4.493439, 52.194967], [4.491447, 52.203687], [4.488032, 52.202923], [4.486728, 52.204185], [4.480272, 52.201949], [4.478665, 52.204669]]]}, "properties": {"code": "1525", "name": "Teylingen", "regioFacet": "tcm:106-353804-1024", "level": 4, "url": "/regioinformatie/gemeente/teylingen/"}}, {"type": "Feature", "geometry": {"type": "Polygon", "coordinates": [[[4.270344, 51.907099], [4.313693, 51.93489], [4.322893, 51.942712], [4.325736, 51.942228], [4.336556, 51.947397], [4.350671, 51.951507], [4.362569, 51.934907], [4.363922, 51.927687], [4.361826, 51.926571], [4.362192, 51.924095], [4.365513, 51.921546], [4.370623, 51.899356], [4.356545, 51.899045], [4.335279, 51.894429], [4.32225, 51.894276], [4.286534, 51.898896], [4.267571, 51.905335], [4.270344, 51.907099]]]}, "properties": {"code": "0622", "name": "Vlaardingen", "regioFacet": "tcm:106-353805-1024", "level": 4, "url": "/regioinformatie/gemeente/vlaardingen/"}}, {"type": "Feature", "geometry": {"type": "Polygon", "coordinates": [[[4.451152, 52.142375], [4.459287, 52.149697], [4.465406, 52.149443], [4.468578, 52.131955], [4.447159, 52.11384], [4.438855, 52.109856], [4.433579, 52.104158], [4.427903, 52.10147], [4.401159, 52.11187], [4.442989, 52.145346], [4.444678, 52.14062], [4.451152, 52.142375]]]}, "properties": {"code": "0626", "name": "Voorschoten", "regioFacet": "tcm:106-353807-1024", "level": 4, "url": "/regioinformatie/gemeente/voorschoten/"}}, {"type": "Feature", "geometry": {"type": "Polygon", "coordinates": [[[4.610281, 52.048809], [4.605513, 52.050545], [4.608422, 52.063139], [4.606907, 52.07705], [4.62532, 52.076443], [4.625307, 52.074447], [4.636851, 52.073737], [4.638225, 52.064824], [4.659968, 52.064104], [4.664024, 52.057705], [4.666965, 52.057627], [4.6697, 52.055505], [4.669001, 52.052342], [4.679804, 52.052072], [4.677311, 52.043971], [4.687059, 52.043836], [4.706039, 52.04012], [4.686667, 52.030356], [4.667279, 52.025078], [4.681823, 52.019308], [4.667, 52.013101], [4.66451, 52.015699], [4.66754, 52.022301], [4.663771, 52.022008], [4.6628, 52.023984], [4.655185, 52.021016], [4.648628, 52.020571], [4.648425, 52.018987], [4.636803, 52.01168], [4.624736, 52.014722], [4.591089, 52.035087], [4.607335, 52.045312], [4.606273, 52.045949], [4.610232, 52.046494], [4.610281, 52.048809]]]}, "properties": {"code": "0627", "name": "Waddinxveen", "regioFacet": "tcm:106-353808-1024", "level": 4, "url": "/regioinformatie/gemeente/waddinxveen/"}}, {"type": "Feature", "geometry": {"type": "Polygon", "coordinates": [[[4.396954, 52.173316], [4.404802, 52.167502], [4.409319, 52.169342], [4.411633, 52.163464], [4.417786, 52.161478], [4.419772, 52.162344], [4.425974, 52.15923], [4.440478, 52.155653], [4.438865, 52.153264], [4.443939, 52.146041], [4.400934, 52.111616], [4.372709, 52.094773], [4.358489, 52.105761], [4.342318, 52.097482], [4.338573, 52.097435], [4.337253, 52.09877], [4.327484, 52.095567], [4.323282, 52.099217], [4.332264, 52.10304], [4.330317, 52.104342], [4.33306, 52.105731], [4.302506, 52.128616], [4.290063, 52.135036], [4.33264, 52.168437], [4.360002, 52.192677], [4.375016, 52.186613], [4.396954, 52.173316]]]}, "properties": {"code": "0629", "name": "Wassenaar", "regioFacet": "tcm:106-353809-1024", "level": 4, "url": "/regioinformatie/gemeente/wassenaar/"}}, {"type": "Feature", "geometry": {"type": "Polygon", "coordinates": [[[4.140721, 52.029079], [4.184998, 52.061451], [4.196329, 52.055677], [4.198854, 52.050002], [4.212434, 52.034033], [4.209585, 52.033655], [4.212292, 52.030712], [4.219227, 52.033737], [4.228326, 52.034642], [4.235015, 52.039295], [4.248217, 52.025226], [4.272663, 52.035917], [4.281711, 52.027431], [4.28525, 52.027422], [4.288255, 52.023758], [4.286734, 52.022985], [4.294345, 52.019359], [4.289736, 52.017648], [4.295512, 52.014848], [4.301075, 52.017869], [4.302664, 52.016488], [4.307639, 52.018151], [4.309819, 52.015634], [4.265245, 51.995836], [4.266882, 51.993326], [4.280322, 51.990347], [4.28409, 51.985641], [4.288684, 51.988825], [4.291914, 51.98297], [4.295629, 51.983597], [4.296325, 51.981765], [4.298766, 51.982107], [4.303143, 51.9799], [4.287553, 51.973355], [4.289351, 51.971871], [4.285092, 51.96989], [4.280315, 51.971451], [4.278161, 51.970433], [4.273225, 51.973643], [4.271456, 51.96986], [4.276537, 51.965054], [4.263449, 51.960094], [4.253629, 51.958867], [4.233957, 51.953331], [4.234498, 51.94912], [4.24107, 51.943034], [4.236941, 51.94393], [4.231767, 51.942922], [4.228292, 51.947992], [4.219803, 51.941383], [4.217824, 51.941637], [4.192396, 51.954806], [4.186724, 51.962676], [4.190609, 51.965982], [4.187164, 51.965658], [4.187493, 51.966837], [4.175898, 51.971694], [4.155063, 51.977838], [4.155349, 51.979707], [4.147281, 51.981393], [4.150972, 51.987636], [4.135688, 51.992636], [4.130987, 51.997179], [4.132518, 51.998543], [4.118589, 52.004528], [4.110164, 52.004437], [4.119965, 52.010655], [4.140721, 52.029079]]]}, "properties": {"code": "1783", "name": "Westland", "regioFacet": "tcm:106-353810-1024", "level": 4, "url": "/regioinformatie/gemeente/westland/"}}, {"type": "Feature", "geometry": {"type": "Polygon", "coordinates": [[[4.037771, 51.926151], [4.066703, 51.932775], [4.081014, 51.933759], [4.092894, 51.932528], [4.102003, 51.92353], [4.10172, 51.927009], [4.107724, 51.936142], [4.14489, 51.931409], [4.142678, 51.926775], [4.153378, 51.922169], [4.146406, 51.913768], [4.142652, 51.914514], [4.137261, 51.91234], [4.135351, 51.906383], [4.150371, 51.89404], [4.15991, 51.882616], [4.140291, 51.878718], [4.137075, 51.879381], [4.136725, 51.877857], [4.130126, 51.875873], [4.127282, 51.870021], [4.119476, 51.866406], [4.12083, 51.860842], [4.116548, 51.859188], [4.117245, 51.857958], [4.098075, 51.853148], [4.089148, 51.852873], [4.084228, 51.850374], [4.082741, 51.847252], [4.039835, 51.842114], [4.035203, 51.858598], [3.95558, 51.857654], [3.972617, 51.910965], [4.037771, 51.926151]]]}, "properties": {"code": "0614", "name": "Westvoorne", "regioFacet": "tcm:106-353811-1024", "level": 4, "url": "/regioinformatie/gemeente/westvoorne/"}}, {"type": "Feature", "geometry": {"type": "Polygon", "coordinates": [[[4.994968, 51.902292], [4.973411, 51.89725], [4.973741, 51.907667], [4.964128, 51.910638], [4.964785, 51.913519], [4.956157, 51.915591], [4.947696, 51.933725], [4.939235, 51.928938], [4.932126, 51.947552], [4.926301, 51.950928], [4.933584, 51.959707], [4.939821, 51.96344], [4.948691, 51.963472], [4.968194, 51.959352], [4.975436, 51.962886], [4.988045, 51.973993], [4.998074, 51.977872], [5.00301, 51.978138], [5.017769, 51.971367], [5.027243, 51.96916], [5.036127, 51.971329], [5.040402, 51.977444], [5.047794, 51.976558], [5.048842, 51.97406], [5.054384, 51.976585], [5.064642, 51.964591], [5.058467, 51.960554], [5.054459, 51.954791], [5.087617, 51.950303], [5.101446, 51.946126], [5.097315, 51.940855], [5.09881, 51.940232], [5.087015, 51.927266], [5.078661, 51.929848], [5.067563, 51.918338], [5.05736, 51.911341], [5.061692, 51.909892], [5.055005, 51.904526], [5.063837, 51.892391], [4.996238, 51.873119], [4.995047, 51.877616], [4.999452, 51.884284], [4.995962, 51.891963], [4.994968, 51.902292]]]}, "properties": {"code": "0707", "name": "Zederik", "regioFacet": "tcm:106-353812-1024", "level": 4, "url": "/regioinformatie/gemeente/zederik/"}}, {"type": "Feature", "geometry": {"type": "Polygon", "coordinates": [[[4.472373, 52.038279], [4.470744, 52.040478], [4.457644, 52.038619], [4.450564, 52.04921], [4.422072, 52.051673], [4.415395, 52.057441], [4.42249, 52.057194], [4.421404, 52.063303], [4.455462, 52.078313], [4.47566, 52.081296], [4.474275, 52.085261], [4.493018, 52.087752], [4.492219, 52.09001], [4.497806, 52.087838], [4.499967, 52.091655], [4.50445, 52.09329], [4.53058, 52.080498], [4.536047, 52.076928], [4.533695, 52.073051], [4.557686, 52.060953], [4.550566, 52.056337], [4.545335, 52.048936], [4.534666, 52.049563], [4.515292, 52.039216], [4.50573, 52.03214], [4.477028, 52.031281], [4.472373, 52.038279]]]}, "properties": {"code": "0637", "name": "Zoetermeer", "regioFacet": "tcm:106-353813-1024", "level": 4, "url": "/regioinformatie/gemeente/zoetermeer/"}}, {"type": "Feature", "geometry": {"type": "Polygon", "coordinates": [[[4.493723, 52.129986], [4.513213, 52.139974], [4.510677, 52.140866], [4.514476, 52.143862], [4.524038, 52.147398], [4.530108, 52.142084], [4.543949, 52.140843], [4.550733, 52.13838], [4.546307, 52.134021], [4.547621, 52.13231], [4.541394, 52.123481], [4.541905, 52.11866], [4.535323, 52.120432], [4.537135, 52.083946], [4.530555, 52.080511], [4.50445, 52.09329], [4.499967, 52.091655], [4.497806, 52.087838], [4.491814, 52.090032], [4.490414, 52.097858], [4.470826, 52.117708], [4.493723, 52.129986]]]}, "properties": {"code": "0638", "name": "Zoeterwoude", "regioFacet": "tcm:106-353814-1024", "level": 4, "url": "/regioinformatie/gemeente/zoeterwoude/"}}, {"type": "Feature", "geometry": {"type": "Polygon", "coordinates": [[[4.598773, 51.987969], [4.594368, 51.994282], [4.578936, 51.98987], [4.579687, 51.987267], [4.577312, 51.986405], [4.578918, 51.981134], [4.57023, 51.97903], [4.573529, 51.974576], [4.579, 51.975787], [4.571909, 51.971869], [4.562414, 51.971927], [4.556559, 51.968455], [4.547686, 51.972807], [4.553761, 51.977041], [4.54807, 51.983428], [4.546339, 51.991514], [4.554875, 52.005949], [4.558218, 52.028908], [4.563457, 52.035777], [4.56106, 52.042061], [4.565303, 52.05912], [4.607809, 52.065536], [4.605513, 52.050545], [4.610947, 52.048711], [4.610296, 52.04657], [4.606273, 52.045949], [4.607335, 52.045312], [4.591089, 52.035087], [4.624736, 52.014722], [4.636803, 52.01168], [4.648425, 52.018987], [4.648628, 52.020571], [4.655185, 52.021016], [4.6628, 52.023984], [4.66404, 52.021916], [4.667343, 52.022699], [4.664631, 52.014911], [4.670729, 52.011126], [4.659455, 52.005288], [4.66281, 52.003246], [4.670717, 52.002326], [4.680229, 51.996542], [4.684021, 51.997958], [4.688685, 51.996258], [4.673017, 51.986255], [4.668951, 51.979195], [4.631526, 51.969459], [4.6311, 51.967622], [4.639774, 51.962177], [4.646105, 51.954417], [4.639513, 51.950897], [4.634237, 51.937457], [4.623459, 51.93611], [4.619489, 51.933492], [4.599734, 51.947672], [4.602068, 51.949476], [4.583992, 51.965369], [4.601808, 51.97214], [4.593741, 51.976089], [4.598773, 51.987969]]]}, "properties": {"code": "1892", "name": "Zuidplas", "regioFacet": "tcm:106-353815-1024", "level": 4, "url": "/regioinformatie/gemeente/zuidplas/"}}, {"type": "Feature", "geometry": {"type": "Polygon", "coordinates": [[[4.566743, 51.812829], [4.561182, 51.817932], [4.557239, 51.826863], [4.553609, 51.829897], [4.560013, 51.838791], [4.571058, 51.847117], [4.600197, 51.838719], [4.637209, 51.825348], [4.661886, 51.831608], [4.671709, 51.820854], [4.661899, 51.818512], [4.63833, 51.803993], [4.623295, 51.80076], [4.599038, 51.806105], [4.579552, 51.808004], [4.566743, 51.812829]]]}, "properties": {"code": "0642", "name": "Zwijndrecht", "regioFacet": "tcm:106-353816-1024", "level": 4, "url": "/regioinformatie/gemeente/zwijndrecht/"}}]}