Entity,Code,Year,all years
Aa en Hunze,,1988,24824.0
Aa en Hunze,,2000,24824.0
Aa en Hunze,,2005,25329.0
Aa en Hunze,,2019,25386.0
Aa en Hunze,,2020,25445.0
Aalburg,,1988,10597.0
Aalburg,,2000,11774.0
Aalburg,,2005,12164.0
Aalburg,,2019,12164.0
Aalburg,,2020,12164.0
Aalsmeer,,1988,21740.0
Aalsmeer,,2000,22461.0
Aalsmeer,,2005,23296.0
Aalsmeer,,2019,31728.0
Aalsmeer,,2020,31859.0
Aalten,,1988,18142.0
Aalten,,2000,18699.0
Aalten,,2005,27446.0
Aalten,,2019,27011.0
Aalten,,2020,27121.0
Ter Aar,,1988,9098.0
Ter Aar,,2000,9074.0
Ter Aar,,2005,8999.0
Ter Aar,,2019,8999.0
Ter Aar,,2020,8999.0
Aardenburg,,1988,3821.0
Aardenburg,,2000,3821.0
Aardenburg,,2005,3821.0
Aardenburg,,2019,3821.0
Aardenburg,,2020,3821.0
Aarle-Rixtel,,1988,5602.0
Aarle-Rixtel,,2000,5602.0
Aarle-Rixtel,,2005,5602.0
Aarle-Rixtel,,2019,5602.0
Aarle-Rixtel,,2020,5602.0
Abcoude,,1988,7549.0
Abcoude,,2000,8482.0
Abcoude,,2005,8603.0
Abcoude,,2019,8603.0
Abcoude,,2020,8603.0
Achtkarspelen,,1988,27382.0
Achtkarspelen,,2000,28011.0
Achtkarspelen,,2005,28134.0
Achtkarspelen,,2019,27852.0
Achtkarspelen,,2020,27843.0
Adorp,,1988,1848.0
Adorp,,2000,1848.0
Adorp,,2005,1848.0
Adorp,,2019,1848.0
Adorp,,2020,1848.0
Aduard,,1988,3024.0
Aduard,,2000,3024.0
Aduard,,2005,3024.0
Aduard,,2019,3024.0
Aduard,,2020,3024.0
Akersloot,,1988,5020.0
Akersloot,,2000,4907.0
Akersloot,,2005,4907.0
Akersloot,,2019,4907.0
Akersloot,,2020,4907.0
Alblasserdam,,1988,17183.0
Alblasserdam,,2000,18183.0
Alblasserdam,,2005,18356.0
Alblasserdam,,2019,20069.0
Alblasserdam,,2020,20165.0
Albrandswaard,,1988,13799.0
Albrandswaard,,2000,16420.0
Albrandswaard,,2005,20606.0
Albrandswaard,,2019,25271.0
Albrandswaard,,2020,25590.0
Alkemade,,1988,13703.0
Alkemade,,2000,14433.0
Alkemade,,2005,14501.0
Alkemade,,2019,14501.0
Alkemade,,2020,14501.0
Alkmaar,,1988,88085.0
Alkmaar,,2000,92836.0
Alkmaar,,2005,94266.0
Alkmaar,,2019,108558.0
Alkmaar,,2020,109436.0
Almelo,,1988,62134.0
Almelo,,2000,66263.0
Almelo,,2005,72293.0
Almelo,,2019,72849.0
Almelo,,2020,73107.0
Almere,,1988,57195.0
Almere,,2000,142765.0
Almere,,2005,175007.0
Almere,,2019,207904.0
Almere,,2020,211893.0
Alphen aan den Rijn,,1988,58154.0
Alphen aan den Rijn,,2000,69928.0
Alphen aan den Rijn,,2005,70591.0
Alphen aan den Rijn,,2019,110986.0
Alphen aan den Rijn,,2020,111897.0
Alphen en Riel,,1988,6085.0
Alphen en Riel,,2000,6085.0
Alphen en Riel,,2005,6085.0
Alphen en Riel,,2019,6085.0
Alphen en Riel,,2020,6085.0
Alphen-Chaam,,1988,9460.0
Alphen-Chaam,,2000,9460.0
Alphen-Chaam,,2005,9513.0
Alphen-Chaam,,2019,10149.0
Alphen-Chaam,,2020,10203.0
Altena,,1988,55386.0
Altena,,2000,55386.0
Altena,,2005,55386.0
Altena,,2019,55386.0
Altena,,2020,55967.0
Ambt Delden,,1988,5647.0
Ambt Delden,,2000,5489.0
Ambt Delden,,2005,5489.0
Ambt Delden,,2019,5489.0
Ambt Delden,,2020,5489.0
Ambt Montfort,,1988,11053.0
Ambt Montfort,,2000,11053.0
Ambt Montfort,,2005,10918.0
Ambt Montfort,,2019,10918.0
Ambt Montfort,,2020,10918.0
Ameland,,1988,3171.0
Ameland,,2000,3488.0
Ameland,,2005,3520.0
Ameland,,2019,3673.0
Ameland,,2020,3716.0
Amerongen,,1988,6627.0
Amerongen,,2000,7294.0
Amerongen,,2005,7272.0
Amerongen,,2019,7272.0
Amerongen,,2020,7272.0
Amersfoort,,1988,93516.0
Amersfoort,,2000,126143.0
Amersfoort,,2005,134906.0
Amersfoort,,2019,156286.0
Amersfoort,,2020,157276.0
Ammerzoden,,1988,4183.0
Ammerzoden,,2000,4183.0
Ammerzoden,,2005,4183.0
Ammerzoden,,2019,4183.0
Ammerzoden,,2020,4183.0
Amstelveen,,1988,69413.0
Amstelveen,,2000,77623.0
Amstelveen,,2005,79036.0
Amstelveen,,2019,90838.0
Amstelveen,,2020,91675.0
Amsterdam,,1988,691738.0
Amsterdam,,2000,731288.0
Amsterdam,,2005,742783.0
Amsterdam,,2019,862965.0
Amsterdam,,2020,872757.0
Andijk,,1988,5842.0
Andijk,,2000,6368.0
Andijk,,2005,6425.0
Andijk,,2019,6425.0
Andijk,,2020,6425.0
Angerlo,,1988,4436.0
Angerlo,,2000,4846.0
Angerlo,,2005,4846.0
Angerlo,,2019,4846.0
Angerlo,,2020,4846.0
Anloo,,1988,7314.0
Anloo,,2000,7314.0
Anloo,,2005,7314.0
Anloo,,2019,7314.0
Anloo,,2020,7314.0
Anna Paulowna,,1988,10435.0
Anna Paulowna,,2000,13851.0
Anna Paulowna,,2005,13960.0
Anna Paulowna,,2019,13960.0
Anna Paulowna,,2020,13960.0
Apeldoorn,,1988,146337.0
Apeldoorn,,2000,153261.0
Apeldoorn,,2005,156064.0
Apeldoorn,,2019,162445.0
Apeldoorn,,2020,163818.0
Appingedam,,1988,12728.0
Appingedam,,2000,12307.0
Appingedam,,2005,12437.0
Appingedam,,2019,11721.0
Appingedam,,2020,11642.0
Arcen en Velden,,1988,8649.0
Arcen en Velden,,2000,9118.0
Arcen en Velden,,2005,8892.0
Arcen en Velden,,2019,8892.0
Arcen en Velden,,2020,8892.0
Arnemuiden,,1988,4459.0
Arnemuiden,,2000,4459.0
Arnemuiden,,2005,4459.0
Arnemuiden,,2019,4459.0
Arnemuiden,,2020,4459.0
Arnhem,,1988,128107.0
Arnhem,,2000,138154.0
Arnhem,,2005,141321.0
Arnhem,,2019,159265.0
Arnhem,,2020,161348.0
Assen,,1988,48714.0
Assen,,2000,58445.0
Assen,,2005,62755.0
Assen,,2019,67963.0
Assen,,2020,68599.0
Asten,,1988,14762.0
Asten,,2000,15779.0
Asten,,2005,16261.0
Asten,,2019,16710.0
Asten,,2020,16721.0
Avereest,,1988,14198.0
Avereest,,2000,15286.0
Avereest,,2005,15286.0
Avereest,,2019,15286.0
Avereest,,2020,15286.0
Axel,,1988,12274.0
Axel,,2000,12165.0
Axel,,2005,12165.0
Axel,,2019,12165.0
Axel,,2020,12165.0
Baarle-Nassau,,1988,5877.0
Baarle-Nassau,,2000,6192.0
Baarle-Nassau,,2005,6581.0
Baarle-Nassau,,2019,6847.0
Baarle-Nassau,,2020,6859.0
Baarn,,1988,24835.0
Baarn,,2000,24508.0
Baarn,,2005,24416.0
Baarn,,2019,24767.0
Baarn,,2020,24868.0
Baexem,,1988,2424.0
Baexem,,2000,2424.0
Baexem,,2005,2424.0
Baexem,,2019,2424.0
Baexem,,2020,2424.0
Baflo,,1988,2845.0
Baflo,,2000,2845.0
Baflo,,2005,2845.0
Baflo,,2019,2845.0
Baflo,,2020,2845.0
Bakel en Milheeze,,1988,7566.0
Bakel en Milheeze,,2000,7566.0
Bakel en Milheeze,,2005,7566.0
Bakel en Milheeze,,2019,7566.0
Bakel en Milheeze,,2020,7566.0
Barendrecht,,1988,19788.0
Barendrecht,,2000,28848.0
Barendrecht,,2005,39294.0
Barendrecht,,2019,48673.0
Barendrecht,,2020,48714.0
Barneveld,,1988,40886.0
Barneveld,,2000,47744.0
Barneveld,,2005,50026.0
Barneveld,,2019,57971.0
Barneveld,,2020,59082.0
Barsingerhorn,,1988,3977.0
Barsingerhorn,,2000,3977.0
Barsingerhorn,,2005,3977.0
Barsingerhorn,,2019,3977.0
Barsingerhorn,,2020,3977.0
Bathmen,,1988,5209.0
Bathmen,,2000,5193.0
Bathmen,,2005,5193.0
Bathmen,,2019,5193.0
Bathmen,,2020,5193.0
Bedum,,1988,9979.0
Bedum,,2000,10859.0
Bedum,,2005,10733.0
Bedum,,2019,10733.0
Bedum,,2020,10733.0
Beegden,,1988,1774.0
Beegden,,2000,1774.0
Beegden,,2005,1774.0
Beegden,,2019,1774.0
Beegden,,2020,1774.0
Beek (L.),,1988,16377.0
Beek (L.),,2000,17150.0
Beek (L.),,2005,17020.0
Beek (L.),,2019,15929.0
Beek (L.),,2020,15865.0
Beek en Donk,,1988,9261.0
Beek en Donk,,2000,9261.0
Beek en Donk,,2005,9261.0
Beek en Donk,,2019,9261.0
Beek en Donk,,2020,9261.0
Beekdaelen,,1988,35727.0
Beekdaelen,,2000,35727.0
Beekdaelen,,2005,35727.0
Beekdaelen,,2019,35727.0
Beekdaelen,,2020,35938.0
Beemster,,1988,7635.0
Beemster,,2000,8412.0
Beemster,,2005,8524.0
Beemster,,2019,9748.0
Beemster,,2020,10022.0
Beers,,1988,3103.0
Beers,,2000,3103.0
Beers,,2005,3103.0
Beers,,2019,3103.0
Beers,,2020,3103.0
Beerta,,1988,3058.0
Beerta,,2000,3058.0
Beerta,,2005,3058.0
Beerta,,2019,3058.0
Beerta,,2020,3058.0
Beesel,,1988,12444.0
Beesel,,2000,13158.0
Beesel,,2005,13401.0
Beesel,,2019,13519.0
Beesel,,2020,13482.0
Beilen,,1988,13832.0
Beilen,,2000,13832.0
Beilen,,2005,13832.0
Beilen,,2019,13832.0
Beilen,,2020,13832.0
Belfeld,,1988,5123.0
Belfeld,,2000,5408.0
Belfeld,,2005,5408.0
Belfeld,,2019,5408.0
Belfeld,,2020,5408.0
Bellingwedde,,1988,9461.0
Bellingwedde,,2000,9549.0
Bellingwedde,,2005,9694.0
Bellingwedde,,2019,9694.0
Bellingwedde,,2020,9694.0
Bemmel,,1988,15742.0
Bemmel,,2000,17715.0
Bemmel,,2005,17715.0
Bemmel,,2019,17715.0
Bemmel,,2020,17715.0
Bennebroek,,1988,5615.0
Bennebroek,,2000,5108.0
Bennebroek,,2005,5145.0
Bennebroek,,2019,5145.0
Bennebroek,,2020,5145.0
Benschop,,1988,3166.0
Benschop,,2000,3166.0
Benschop,,2005,3166.0
Benschop,,2019,3166.0
Benschop,,2020,3166.0
Benthuizen,,1988,3621.0
Benthuizen,,2000,3621.0
Benthuizen,,2005,3621.0
Benthuizen,,2019,3621.0
Benthuizen,,2020,3621.0
Berg en Dal,,1988,34798.0
Berg en Dal,,2000,34798.0
Berg en Dal,,2005,34798.0
Berg en Dal,,2019,34798.0
Berg en Dal,,2020,34992.0
Bergambacht,,1988,9066.0
Bergambacht,,2000,9209.0
Bergambacht,,2005,9269.0
Bergambacht,,2019,9269.0
Bergambacht,,2020,9269.0
Bergeijk,,1988,17906.0
Bergeijk,,2000,17906.0
Bergeijk,,2005,18100.0
Bergeijk,,2019,18491.0
Bergeijk,,2020,18635.0
Bergen (L.),,1988,12874.0
Bergen (L.),,2000,13362.0
Bergen (L.),,2005,13576.0
Bergen (L.),,2019,13140.0
Bergen (L.),,2020,13085.0
Bergen (NH.),,1988,14096.0
Bergen (NH.),,2000,13736.0
Bergen (NH.),,2005,31694.0
Bergen (NH.),,2019,29974.0
Bergen (NH.),,2020,29839.0
Bergen op Zoom,,1988,46609.0
Bergen op Zoom,,2000,65104.0
Bergen op Zoom,,2005,66298.0
Bergen op Zoom,,2019,66811.0
Bergen op Zoom,,2020,67496.0
Bergeyk,,1988,9970.0
Bergeyk,,2000,9970.0
Bergeyk,,2005,9970.0
Bergeyk,,2019,9970.0
Bergeyk,,2020,9970.0
Bergh,,1988,17510.0
Bergh,,2000,18362.0
Bergh,,2005,18362.0
Bergh,,2019,18362.0
Bergh,,2020,18362.0
Berghem,,1988,5552.0
Berghem,,2000,5552.0
Berghem,,2005,5552.0
Berghem,,2019,5552.0
Berghem,,2020,5552.0
Bergschenhoek,,1988,7583.0
Bergschenhoek,,2000,12540.0
Bergschenhoek,,2005,16181.0
Bergschenhoek,,2019,16181.0
Bergschenhoek,,2020,16181.0
Berkel en Rodenrijs,,1988,15575.0
Berkel en Rodenrijs,,2000,16879.0
Berkel en Rodenrijs,,2005,18083.0
Berkel en Rodenrijs,,2019,18083.0
Berkel en Rodenrijs,,2020,18083.0
Berkel-Enschot,,1988,10429.0
Berkel-Enschot,,2000,10429.0
Berkel-Enschot,,2005,10429.0
Berkel-Enschot,,2019,10429.0
Berkel-Enschot,,2020,10429.0
Berkelland,,1988,45227.0
Berkelland,,2000,45227.0
Berkelland,,2005,45227.0
Berkelland,,2019,43904.0
Berkelland,,2020,43747.0
Berlicum,,1988,8656.0
Berlicum,,2000,8656.0
Berlicum,,2005,8656.0
Berlicum,,2019,8656.0
Berlicum,,2020,8656.0
Bernheze,,1988,28579.0
Bernheze,,2000,28579.0
Bernheze,,2005,29216.0
Bernheze,,2019,30806.0
Bernheze,,2020,31240.0
Bernisse,,1988,12339.0
Bernisse,,2000,12754.0
Bernisse,,2005,12650.0
Bernisse,,2019,12650.0
Bernisse,,2020,12650.0
Best,,1988,21338.0
Best,,2000,25944.0
Best,,2005,28925.0
Best,,2019,29821.0
Best,,2020,29988.0
Beuningen,,1988,20883.0
Beuningen,,2000,25422.0
Beuningen,,2005,25291.0
Beuningen,,2019,25882.0
Beuningen,,2020,25890.0
Beverwijk,,1988,34944.0
Beverwijk,,2000,35802.0
Beverwijk,,2005,36860.0
Beverwijk,,2019,41176.0
Beverwijk,,2020,41626.0
Bierum,,1988,4298.0
Bierum,,2000,4298.0
Bierum,,2005,4298.0
Bierum,,2019,4298.0
Bierum,,2020,4298.0
het Bildt,,1988,10020.0
het Bildt,,2000,10167.0
het Bildt,,2005,10968.0
het Bildt,,2019,10968.0
het Bildt,,2020,10968.0
De Bilt,,1988,31781.0
De Bilt,,2000,32662.0
De Bilt,,2005,42195.0
De Bilt,,2019,42824.0
De Bilt,,2020,43137.0
Binnenmaas,,1988,18601.0
Binnenmaas,,2000,19080.0
Binnenmaas,,2005,19481.0
Binnenmaas,,2019,19481.0
Binnenmaas,,2020,19481.0
Bladel,,1988,18997.0
Bladel,,2000,18997.0
Bladel,,2005,19135.0
Bladel,,2019,20175.0
Bladel,,2020,20390.0
Bladel en Netersel,,1988,9829.0
Bladel en Netersel,,2000,9829.0
Bladel en Netersel,,2005,9829.0
Bladel en Netersel,,2019,9829.0
Bladel en Netersel,,2020,9829.0
Blaricum,,1988,10948.0
Blaricum,,2000,9525.0
Blaricum,,2005,9179.0
Blaricum,,2019,11202.0
Blaricum,,2020,11540.0
Bleiswijk,,1988,8881.0
Bleiswijk,,2000,10153.0
Bleiswijk,,2005,10317.0
Bleiswijk,,2019,10317.0
Bleiswijk,,2020,10317.0
Bloemendaal,,1988,17378.0
Bloemendaal,,2000,16716.0
Bloemendaal,,2005,17005.0
Bloemendaal,,2019,23410.0
Bloemendaal,,2020,23571.0
Boarnsterhim,,1988,17687.0
Boarnsterhim,,2000,18265.0
Boarnsterhim,,2005,19227.0
Boarnsterhim,,2019,19227.0
Boarnsterhim,,2020,19227.0
Bodegraven,,1988,18030.0
Bodegraven,,2000,19571.0
Bodegraven,,2005,19415.0
Bodegraven,,2019,19415.0
Bodegraven,,2020,19415.0
Bodegraven-Reeuwijk,,1988,34462.0
Bodegraven-Reeuwijk,,2000,34462.0
Bodegraven-Reeuwijk,,2005,34462.0
Bodegraven-Reeuwijk,,2019,34462.0
Bodegraven-Reeuwijk,,2020,34872.0
Boekel,,1988,8539.0
Boekel,,2000,9184.0
Boekel,,2005,9412.0
Boekel,,2019,10588.0
Boekel,,2020,10785.0
Ten Boer,,1988,6788.0
Ten Boer,,2000,7233.0
Ten Boer,,2005,7199.0
Ten Boer,,2019,7199.0
Ten Boer,,2020,7199.0
Bolsward,,1988,9850.0
Bolsward,,2000,9261.0
Bolsward,,2005,9412.0
Bolsward,,2019,9412.0
Bolsward,,2020,9412.0
Borculo,,1988,10073.0
Borculo,,2000,10379.0
Borculo,,2005,10379.0
Borculo,,2019,10379.0
Borculo,,2020,10379.0
Borger,,1988,12583.0
Borger,,2000,12583.0
Borger,,2005,12583.0
Borger,,2019,12583.0
Borger,,2020,12583.0
Borger-Odoorn,,1988,26201.0
Borger-Odoorn,,2000,26201.0
Borger-Odoorn,,2005,26327.0
Borger-Odoorn,,2019,25372.0
Borger-Odoorn,,2020,25559.0
Born,,1988,13694.0
Born,,2000,14552.0
Born,,2005,14552.0
Born,,2019,14552.0
Born,,2020,14552.0
Borne,,1988,21043.0
Borne,,2000,22316.0
Borne,,2005,20503.0
Borne,,2019,23210.0
Borne,,2020,23312.0
Borsele,,1988,19951.0
Borsele,,2000,21867.0
Borsele,,2005,22397.0
Borsele,,2019,22800.0
Borsele,,2020,22739.0
Boskoop,,1988,14540.0
Boskoop,,2000,15106.0
Boskoop,,2005,15299.0
Boskoop,,2019,15299.0
Boskoop,,2020,15299.0
Boxmeer,,1988,14258.0
Boxmeer,,2000,28655.0
Boxmeer,,2005,29158.0
Boxmeer,,2019,29065.0
Boxmeer,,2020,29365.0
Boxtel,,1988,24781.0
Boxtel,,2000,29250.0
Boxtel,,2005,29520.0
Boxtel,,2019,30747.0
Boxtel,,2020,30801.0
Brakel,,1988,6415.0
Brakel,,2000,6415.0
Brakel,,2005,6415.0
Brakel,,2019,6415.0
Brakel,,2020,6415.0
Breda,,1988,120212.0
Breda,,2000,160615.0
Breda,,2005,168054.0
Breda,,2019,183873.0
Breda,,2020,184069.0
Brederwiede,,1988,11962.0
Brederwiede,,2000,12501.0
Brederwiede,,2005,12501.0
Brederwiede,,2019,12501.0
Brederwiede,,2020,12501.0
Breukelen,,1988,10403.0
Breukelen,,2000,14210.0
Breukelen,,2005,14416.0
Breukelen,,2019,14416.0
Breukelen,,2020,14416.0
Brielle,,1988,14977.0
Brielle,,2000,15869.0
Brielle,,2005,16031.0
Brielle,,2019,17182.0
Brielle,,2020,17271.0
Broek in Waterland,,1988,2727.0
Broek in Waterland,,2000,2727.0
Broek in Waterland,,2005,2727.0
Broek in Waterland,,2019,2727.0
Broek in Waterland,,2020,2727.0
Broekhuizen,,1988,1796.0
Broekhuizen,,2000,1919.0
Broekhuizen,,2005,1919.0
Broekhuizen,,2019,1919.0
Broekhuizen,,2020,1919.0
Bronckhorst,,1988,37616.0
Bronckhorst,,2000,37616.0
Bronckhorst,,2005,37616.0
Bronckhorst,,2019,36212.0
Bronckhorst,,2020,36055.0
Brouwershaven,,1988,3545.0
Brouwershaven,,2000,3545.0
Brouwershaven,,2005,3545.0
Brouwershaven,,2019,3545.0
Brouwershaven,,2020,3545.0
Bruinisse,,1988,3118.0
Bruinisse,,2000,3118.0
Bruinisse,,2005,3118.0
Bruinisse,,2019,3118.0
Bruinisse,,2020,3118.0
Brummen,,1988,20660.0
Brummen,,2000,21548.0
Brummen,,2005,21403.0
Brummen,,2019,20698.0
Brummen,,2020,20726.0
Brunssum,,1988,29719.0
Brunssum,,2000,30464.0
Brunssum,,2005,29777.0
Brunssum,,2019,28103.0
Brunssum,,2020,27821.0
Budel,,1988,11727.0
Budel,,2000,11727.0
Budel,,2005,11727.0
Budel,,2019,11727.0
Budel,,2020,11727.0
Bunnik,,1988,13765.0
Bunnik,,2000,13916.0
Bunnik,,2005,14137.0
Bunnik,,2019,15192.0
Bunnik,,2020,15191.0
Bunschoten,,1988,18241.0
Bunschoten,,2000,19115.0
Bunschoten,,2005,19487.0
Bunschoten,,2019,21576.0
Bunschoten,,2020,21866.0
Buren,,1988,9434.0
Buren,,2000,24990.0
Buren,,2005,25648.0
Buren,,2019,26568.0
Buren,,2020,26749.0
Bussum,,1988,32039.0
Bussum,,2000,30938.0
Bussum,,2005,31220.0
Bussum,,2019,31220.0
Bussum,,2020,31220.0
Callantsoog,,1988,2607.0
Callantsoog,,2000,2607.0
Callantsoog,,2005,2607.0
Callantsoog,,2019,2607.0
Callantsoog,,2020,2607.0
Capelle aan den IJssel,,1988,56973.0
Capelle aan den IJssel,,2000,64251.0
Capelle aan den IJssel,,2005,65480.0
Capelle aan den IJssel,,2019,66818.0
Capelle aan den IJssel,,2020,67122.0
Castricum,,1988,22517.0
Castricum,,2000,22907.0
Castricum,,2005,35091.0
Castricum,,2019,35772.0
Castricum,,2020,35986.0
Chaam,,1988,3619.0
Chaam,,2000,3619.0
Chaam,,2005,3619.0
Chaam,,2019,3619.0
Chaam,,2020,3619.0
Coevorden,,1988,14335.0
Coevorden,,2000,34821.0
Coevorden,,2005,36086.0
Coevorden,,2019,35483.0
Coevorden,,2020,35297.0
Cothen,,1988,2429.0
Cothen,,2000,2429.0
Cothen,,2005,2429.0
Cothen,,2019,2429.0
Cothen,,2020,2429.0
Cranendonck,,1988,20278.0
Cranendonck,,2000,20278.0
Cranendonck,,2005,20039.0
Cranendonck,,2019,20440.0
Cranendonck,,2020,21138.0
Cromstrijen,,1988,11811.0
Cromstrijen,,2000,12778.0
Cromstrijen,,2005,13048.0
Cromstrijen,,2019,13048.0
Cromstrijen,,2020,13048.0
Cuijk,,1988,23904.0
Cuijk,,2000,23904.0
Cuijk,,2005,24223.0
Cuijk,,2019,24931.0
Cuijk,,2020,25130.0
Cuijk en Sint Agatha,,1988,17112.0
Cuijk en Sint Agatha,,2000,17112.0
Cuijk en Sint Agatha,,2005,17112.0
Cuijk en Sint Agatha,,2019,17112.0
Cuijk en Sint Agatha,,2020,17112.0
Culemborg,,1988,20744.0
Culemborg,,2000,24768.0
Culemborg,,2005,27143.0
Culemborg,,2019,28555.0
Culemborg,,2020,28955.0
Dalen,,1988,5500.0
Dalen,,2000,5500.0
Dalen,,2005,5500.0
Dalen,,2019,5500.0
Dalen,,2020,5500.0
Dalfsen,,1988,15279.0
Dalfsen,,2000,17499.0
Dalfsen,,2005,26459.0
Dalfsen,,2019,28499.0
Dalfsen,,2020,28587.0
Dantumadeel,,1988,19187.0
Dantumadeel,,2000,19833.0
Dantumadeel,,2005,19679.0
Dantumadeel,,2019,19679.0
Dantumadeel,,2020,19679.0
Dantumadiel,,1988,18923.0
Dantumadiel,,2000,18923.0
Dantumadiel,,2005,18923.0
Dantumadiel,,2019,18923.0
Dantumadiel,,2020,18922.0
Delft,,1988,88074.0
Delft,,2000,96095.0
Delft,,2005,95031.0
Delft,,2019,103163.0
Delft,,2020,103595.0
Delfzijl,,1988,23744.0
Delfzijl,,2000,29015.0
Delfzijl,,2005,28446.0
Delfzijl,,2019,24716.0
Delfzijl,,2020,24678.0
Denekamp,,1988,12209.0
Denekamp,,2000,12425.0
Denekamp,,2005,12425.0
Denekamp,,2019,12425.0
Denekamp,,2020,12425.0
Deurne,,1988,29251.0
Deurne,,2000,32028.0
Deurne,,2005,32003.0
Deurne,,2019,32362.0
Deurne,,2020,32471.0
Deventer,,1988,66062.0
Deventer,,2000,83956.0
Deventer,,2005,95620.0
Deventer,,2019,99957.0
Deventer,,2020,100719.0
Didam,,1988,15888.0
Didam,,2000,16601.0
Didam,,2005,16601.0
Didam,,2019,16601.0
Didam,,2020,16601.0
Diemen,,1988,18096.0
Diemen,,2000,23807.0
Diemen,,2005,23932.0
Diemen,,2019,29196.0
Diemen,,2020,30780.0
Diepenheim,,1988,2658.0
Diepenheim,,2000,2773.0
Diepenheim,,2005,2773.0
Diepenheim,,2019,2773.0
Diepenheim,,2020,2773.0
Diepenveen,,1988,10329.0
Diepenveen,,2000,10329.0
Diepenveen,,2005,10329.0
Diepenveen,,2019,10329.0
Diepenveen,,2020,10329.0
Diessen,,1988,3833.0
Diessen,,2000,3833.0
Diessen,,2005,3833.0
Diessen,,2019,3833.0
Diessen,,2020,3833.0
Diever,,1988,3547.0
Diever,,2000,3547.0
Diever,,2005,3547.0
Diever,,2019,3547.0
Diever,,2020,3547.0
Dijk en Waard,,1988,91396.0
Dijk en Waard,,2000,91396.0
Dijk en Waard,,2005,91396.0
Dijk en Waard,,2019,91396.0
Dijk en Waard,,2020,91396.0
Dijk en Waard,,2026,91396.0
Dinkelland,,1988,26103.0
Dinkelland,,2000,26103.0
Dinkelland,,2005,26103.0
Dinkelland,,2019,26350.0
Dinkelland,,2020,26461.0
Dinteloord en Prinsenland,,1988,5524.0
Dinteloord en Prinsenland,,2000,5524.0
Dinteloord en Prinsenland,,2005,5524.0
Dinteloord en Prinsenland,,2019,5524.0
Dinteloord en Prinsenland,,2020,5524.0
Dinxperlo,,1988,8053.0
Dinxperlo,,2000,8631.0
Dinxperlo,,2005,8631.0
Dinxperlo,,2019,8631.0
Dinxperlo,,2020,8631.0
Dirksland,,1988,7269.0
Dirksland,,2000,8171.0
Dirksland,,2005,8298.0
Dirksland,,2019,8298.0
Dirksland,,2020,8298.0
Dodewaard,,1988,4011.0
Dodewaard,,2000,4445.0
Dodewaard,,2005,4445.0
Dodewaard,,2019,4445.0
Dodewaard,,2020,4445.0
Doesburg,,1988,10518.0
Doesburg,,2000,11434.0
Doesburg,,2005,11381.0
Doesburg,,2019,11148.0
Doesburg,,2020,11077.0
Doetinchem,,1988,40922.0
Doetinchem,,2000,46967.0
Doetinchem,,2005,56754.0
Doetinchem,,2019,57555.0
Doetinchem,,2020,58001.0
Domburg,,1988,3920.0
Domburg,,2000,3920.0
Domburg,,2005,3920.0
Domburg,,2019,3920.0
Domburg,,2020,3920.0
Dongen,,1988,21005.0
Dongen,,2000,24812.0
Dongen,,2005,25533.0
Dongen,,2019,26051.0
Dongen,,2020,26222.0
Dongeradeel,,1988,24654.0
Dongeradeel,,2000,24255.0
Dongeradeel,,2005,25116.0
Dongeradeel,,2019,25116.0
Dongeradeel,,2020,25116.0
Doorn,,1988,10433.0
Doorn,,2000,9968.0
Doorn,,2005,10282.0
Doorn,,2019,10282.0
Doorn,,2020,10282.0
Dordrecht,,1988,107871.0
Dordrecht,,2000,119821.0
Dordrecht,,2005,119263.0
Dordrecht,,2019,118654.0
Dordrecht,,2020,119284.0
Drechterland,,1988,8834.0
Drechterland,,2000,9878.0
Drechterland,,2005,10505.0
Drechterland,,2019,19597.0
Drechterland,,2020,19719.0
Driebergen-Rijsenburg,,1988,18122.0
Driebergen-Rijsenburg,,2000,18333.0
Driebergen-Rijsenburg,,2005,18575.0
Driebergen-Rijsenburg,,2019,18575.0
Driebergen-Rijsenburg,,2020,18575.0
Driebruggen,,1988,4458.0
Driebruggen,,2000,4458.0
Driebruggen,,2005,4458.0
Driebruggen,,2019,4458.0
Driebruggen,,2020,4458.0
Drimmelen,,1988,26643.0
Drimmelen,,2000,26643.0
Drimmelen,,2005,26658.0
Drimmelen,,2019,27150.0
Drimmelen,,2020,27272.0
Dronten,,1988,23517.0
Dronten,,2000,35244.0
Dronten,,2005,38010.0
Dronten,,2019,40815.0
Dronten,,2020,41555.0
Drunen,,1988,17508.0
Drunen,,2000,17508.0
Drunen,,2005,17508.0
Drunen,,2019,17508.0
Drunen,,2020,17508.0
Druten,,1988,14486.0
Druten,,2000,16751.0
Druten,,2005,17889.0
Druten,,2019,18797.0
Druten,,2020,18926.0
Duiveland,,1988,5432.0
Duiveland,,2000,5432.0
Duiveland,,2005,5432.0
Duiveland,,2019,5432.0
Duiveland,,2020,5432.0
Duiven,,1988,13181.0
Duiven,,2000,25182.0
Duiven,,2005,25714.0
Duiven,,2019,25332.0
Duiven,,2020,25126.0
Den Dungen,,1988,4165.0
Den Dungen,,2000,4165.0
Den Dungen,,2005,4165.0
Den Dungen,,2019,4165.0
Den Dungen,,2020,4165.0
Dussen,,1988,6038.0
Dussen,,2000,6038.0
Dussen,,2005,6038.0
Dussen,,2019,6038.0
Dussen,,2020,6038.0
Dwingeloo,,1988,3712.0
Dwingeloo,,2000,3712.0
Dwingeloo,,2005,3712.0
Dwingeloo,,2019,3712.0
Dwingeloo,,2020,3712.0
Echt,,1988,16852.0
Echt,,2000,19026.0
Echt,,2005,19026.0
Echt,,2019,19026.0
Echt,,2020,19026.0
Echteld,,1988,6442.0
Echteld,,2000,6705.0
Echteld,,2005,6705.0
Echteld,,2019,6705.0
Echteld,,2020,6705.0
Echt-Susteren,,1988,32322.0
Echt-Susteren,,2000,32322.0
Echt-Susteren,,2005,32322.0
Echt-Susteren,,2019,31638.0
Echt-Susteren,,2020,31610.0
Edam-Volendam,,1988,24406.0
Edam-Volendam,,2000,27460.0
Edam-Volendam,,2005,28333.0
Edam-Volendam,,2019,36099.0
Edam-Volendam,,2020,36197.0
Ede,,1988,91246.0
Ede,,2000,101700.0
Ede,,2005,106416.0
Ede,,2019,115710.0
Ede,,2020,117165.0
Eelde,,1988,10404.0
Eelde,,2000,10404.0
Eelde,,2005,10404.0
Eelde,,2019,10404.0
Eelde,,2020,10404.0
Eemnes,,1988,7282.0
Eemnes,,2000,8619.0
Eemnes,,2005,8785.0
Eemnes,,2019,9113.0
Eemnes,,2020,9247.0
Eemsdelta,,1988,44846.0
Eemsdelta,,2000,44846.0
Eemsdelta,,2005,44846.0
Eemsdelta,,2019,44846.0
Eemsdelta,,2020,44846.0
Eemsdelta,,2026,44846.0
Eemsmond,,1988,16432.0
Eemsmond,,2000,16432.0
Eemsmond,,2005,16745.0
Eemsmond,,2019,16745.0
Eemsmond,,2020,16745.0
Eenrum,,1988,2417.0
Eenrum,,2000,2417.0
Eenrum,,2005,2417.0
Eenrum,,2019,2417.0
Eenrum,,2020,2417.0
Eersel,,1988,12241.0
Eersel,,2000,18301.0
Eersel,,2005,18295.0
Eersel,,2019,19110.0
Eersel,,2020,19313.0
Egmond,,1988,11081.0
Egmond,,2000,11377.0
Egmond,,2005,11377.0
Egmond,,2019,11377.0
Egmond,,2020,11377.0
Eibergen,,1988,16179.0
Eibergen,,2000,16580.0
Eibergen,,2005,16580.0
Eibergen,,2019,16580.0
Eibergen,,2020,16580.0
Eijsden,,1988,10996.0
Eijsden,,2000,12137.0
Eijsden,,2005,11751.0
Eijsden,,2019,11751.0
Eijsden,,2020,11751.0
Eijsden-Margraten,,1988,25658.0
Eijsden-Margraten,,2000,25658.0
Eijsden-Margraten,,2005,25658.0
Eijsden-Margraten,,2019,25658.0
Eijsden-Margraten,,2020,25768.0
Eindhoven,,1988,191002.0
Eindhoven,,2000,201728.0
Eindhoven,,2005,208455.0
Eindhoven,,2019,231642.0
Eindhoven,,2020,234394.0
Elburg,,1988,20439.0
Elburg,,2000,21624.0
Elburg,,2005,22032.0
Elburg,,2019,23086.0
Elburg,,2020,23161.0
Elst,,1988,17413.0
Elst,,2000,16733.0
Elst,,2005,16733.0
Elst,,2019,16733.0
Elst,,2020,16733.0
Emmen,,1988,92323.0
Emmen,,2000,105972.0
Emmen,,2005,108617.0
Emmen,,2019,107113.0
Emmen,,2020,107048.0
Enkhuizen,,1988,15874.0
Enkhuizen,,2000,16946.0
Enkhuizen,,2005,17308.0
Enkhuizen,,2019,18507.0
Enkhuizen,,2020,18591.0
Enschede,,1988,144695.0
Enschede,,2000,149505.0
Enschede,,2005,153679.0
Enschede,,2019,158986.0
Enschede,,2020,159640.0
Epe,,1988,33987.0
Epe,,2000,33081.0
Epe,,2005,33108.0
Epe,,2019,33145.0
Epe,,2020,33178.0
Ermelo,,1988,25441.0
Ermelo,,2000,26760.0
Ermelo,,2005,26414.0
Ermelo,,2019,26858.0
Ermelo,,2020,27008.0
Erp,,1988,6144.0
Erp,,2000,6144.0
Erp,,2005,6144.0
Erp,,2019,6144.0
Erp,,2020,6144.0
Esch,,1988,1856.0
Esch,,2000,1856.0
Esch,,2005,1856.0
Esch,,2019,1856.0
Esch,,2020,1856.0
Etten-Leur,,1988,31989.0
Etten-Leur,,2000,37023.0
Etten-Leur,,2005,39860.0
Etten-Leur,,2019,43774.0
Etten-Leur,,2020,43878.0
Ezinge,,1988,1857.0
Ezinge,,2000,1857.0
Ezinge,,2005,1857.0
Ezinge,,2019,1857.0
Ezinge,,2020,1857.0
Ferwerderadeel,,1988,9098.0
Ferwerderadeel,,2000,9098.0
Ferwerderadeel,,2005,9098.0
Ferwerderadeel,,2019,9098.0
Ferwerderadeel,,2020,9098.0
Ferwerderadiel,,1988,8753.0
Ferwerderadiel,,2000,8753.0
Ferwerderadiel,,2005,8967.0
Ferwerderadiel,,2019,8967.0
Ferwerderadiel,,2020,8967.0
Fijnaart en Heijningen,,1988,6126.0
Fijnaart en Heijningen,,2000,6126.0
Fijnaart en Heijningen,,2005,6126.0
Fijnaart en Heijningen,,2019,6126.0
Fijnaart en Heijningen,,2020,6126.0
Finsterwolde,,1988,2592.0
Finsterwolde,,2000,2592.0
Finsterwolde,,2005,2592.0
Finsterwolde,,2019,2592.0
Finsterwolde,,2020,2592.0
Franekeradeel,,1988,20954.0
Franekeradeel,,2000,20173.0
Franekeradeel,,2005,20972.0
Franekeradeel,,2019,20972.0
Franekeradeel,,2020,20972.0
De Friese Meren,,1988,52253.0
De Friese Meren,,2000,52253.0
De Friese Meren,,2005,52253.0
De Friese Meren,,2019,52253.0
De Friese Meren,,2020,52253.0
De Friese Meren,,2026,52253.0
De Fryske Marren,,1988,51430.0
De Fryske Marren,,2000,51430.0
De Fryske Marren,,2005,51430.0
De Fryske Marren,,2019,51430.0
De Fryske Marren,,2020,51564.0
Gaasterlân-Sleat,,1988,9130.0
Gaasterlân-Sleat,,2000,10113.0
Gaasterlân-Sleat,,2005,10208.0
Gaasterlân-Sleat,,2019,10208.0
Gaasterlân-Sleat,,2020,10208.0
Gasselte,,1988,4185.0
Gasselte,,2000,4185.0
Gasselte,,2005,4185.0
Gasselte,,2019,4185.0
Gasselte,,2020,4185.0
Geertruidenberg,,1988,6631.0
Geertruidenberg,,2000,21139.0
Geertruidenberg,,2005,20856.0
Geertruidenberg,,2019,21515.0
Geertruidenberg,,2020,21544.0
Geffen,,1988,4914.0
Geffen,,2000,4914.0
Geffen,,2005,4914.0
Geffen,,2019,4914.0
Geffen,,2020,4914.0
Geldermalsen,,1988,21815.0
Geldermalsen,,2000,24453.0
Geldermalsen,,2005,26184.0
Geldermalsen,,2019,26184.0
Geldermalsen,,2020,26184.0
Geldrop,,1988,25742.0
Geldrop,,2000,27566.0
Geldrop,,2005,27566.0
Geldrop,,2019,27566.0
Geldrop,,2020,27566.0
Geldrop-Mierlo,,1988,37846.0
Geldrop-Mierlo,,2000,37846.0
Geldrop-Mierlo,,2005,37846.0
Geldrop-Mierlo,,2019,39595.0
Geldrop-Mierlo,,2020,39726.0
Geleen,,1988,33777.0
Geleen,,2000,34052.0
Geleen,,2005,34052.0
Geleen,,2019,34052.0
Geleen,,2020,34052.0
Gemert,,1988,17298.0
Gemert,,2000,17298.0
Gemert,,2005,17298.0
Gemert,,2019,17298.0
Gemert,,2020,17298.0
Gemert-Bakel,,1988,27499.0
Gemert-Bakel,,2000,27499.0
Gemert-Bakel,,2005,27882.0
Gemert-Bakel,,2019,30447.0
Gemert-Bakel,,2020,30723.0
Gendringen,,1988,20101.0
Gendringen,,2000,20869.0
Gendringen,,2005,20869.0
Gendringen,,2019,20869.0
Gendringen,,2020,20869.0
Gendt,,1988,6903.0
Gendt,,2000,7239.0
Gendt,,2005,7239.0
Gendt,,2019,7239.0
Gendt,,2020,7239.0
Genemuiden,,1988,7455.0
Genemuiden,,2000,9176.0
Genemuiden,,2005,9176.0
Genemuiden,,2019,9176.0
Genemuiden,,2020,9176.0
Gennep,,1988,16234.0
Gennep,,2000,16811.0
Gennep,,2005,16823.0
Gennep,,2019,17071.0
Gennep,,2020,16921.0
Giessenlanden,,1988,14181.0
Giessenlanden,,2000,14178.0
Giessenlanden,,2005,14436.0
Giessenlanden,,2019,14436.0
Giessenlanden,,2020,14436.0
Gieten,,1988,5865.0
Gieten,,2000,5865.0
Gieten,,2005,5865.0
Gieten,,2019,5865.0
Gieten,,2020,5865.0
Gilze en Rijen,,1988,22031.0
Gilze en Rijen,,2000,24241.0
Gilze en Rijen,,2005,25196.0
Gilze en Rijen,,2019,26431.0
Gilze en Rijen,,2020,26431.0
Goedereede,,1988,10639.0
Goedereede,,2000,11214.0
Goedereede,,2005,11591.0
Goedereede,,2019,11591.0
Goedereede,,2020,11591.0
Goeree-Overflakkee,,1988,49611.0
Goeree-Overflakkee,,2000,49611.0
Goeree-Overflakkee,,2005,49611.0
Goeree-Overflakkee,,2019,49611.0
Goeree-Overflakkee,,2020,50049.0
Goes,,1988,31731.0
Goes,,2000,35768.0
Goes,,2005,36783.0
Goes,,2019,37653.0
Goes,,2020,38082.0
Goirle,,1988,18670.0
Goirle,,2000,22303.0
Goirle,,2005,22392.0
Goirle,,2019,23793.0
Goirle,,2020,23904.0
Gooise Meren,,1988,57715.0
Gooise Meren,,2000,57715.0
Gooise Meren,,2005,57715.0
Gooise Meren,,2019,57715.0
Gooise Meren,,2020,58055.0
Goor,,1988,11757.0
Goor,,2000,12363.0
Goor,,2005,12363.0
Goor,,2019,12363.0
Goor,,2020,12363.0
Gorinchem,,1988,27942.0
Gorinchem,,2000,33602.0
Gorinchem,,2005,34352.0
Gorinchem,,2019,36682.0
Gorinchem,,2020,37022.0
Gorssel,,1988,13557.0
Gorssel,,2000,13260.0
Gorssel,,2005,13260.0
Gorssel,,2019,13260.0
Gorssel,,2020,13260.0
Gouda,,1988,62321.0
Gouda,,2000,71918.0
Gouda,,2005,71781.0
Gouda,,2019,73181.0
Gouda,,2020,73427.0
Graafstroom,,1988,9102.0
Graafstroom,,2000,9539.0
Graafstroom,,2005,9685.0
Graafstroom,,2019,9685.0
Graafstroom,,2020,9685.0
Graft-De Rijp,,1988,5411.0
Graft-De Rijp,,2000,6301.0
Graft-De Rijp,,2005,6537.0
Graft-De Rijp,,2019,6537.0
Graft-De Rijp,,2020,6537.0
Gramsbergen,,1988,6059.0
Gramsbergen,,2000,6483.0
Gramsbergen,,2005,6483.0
Gramsbergen,,2019,6483.0
Gramsbergen,,2020,6483.0
Grathem,,1988,2861.0
Grathem,,2000,2861.0
Grathem,,2005,2861.0
Grathem,,2019,2861.0
Grathem,,2020,2861.0
Grave,,1988,10398.0
Grave,,2000,12580.0
Grave,,2005,12858.0
Grave,,2019,12483.0
Grave,,2020,12436.0
's-Graveland,,1988,9189.0
's-Graveland,,2000,9260.0
's-Graveland,,2005,9260.0
's-Graveland,,2019,9260.0
's-Graveland,,2020,9260.0
's-Gravendeel,,1988,8400.0
's-Gravendeel,,2000,8725.0
's-Gravendeel,,2005,8921.0
's-Gravendeel,,2019,8921.0
's-Gravendeel,,2020,8921.0
's-Gravenhage (gemeente),,1988,444313.0
's-Gravenhage (gemeente),,2000,441094.0
's-Gravenhage (gemeente),,2005,472096.0
's-Gravenhage (gemeente),,2019,537833.0
's-Gravenhage (gemeente),,2020,545838.0
's-Gravenmoer,,1988,2129.0
's-Gravenmoer,,2000,2129.0
's-Gravenmoer,,2005,2129.0
's-Gravenmoer,,2019,2129.0
's-Gravenmoer,,2020,2129.0
's-Gravenzande,,1988,18259.0
's-Gravenzande,,2000,19155.0
's-Gravenzande,,2005,19155.0
's-Gravenzande,,2019,19155.0
's-Gravenzande,,2020,19155.0
Grijpskerk,,1988,4267.0
Grijpskerk,,2000,4267.0
Grijpskerk,,2005,4267.0
Grijpskerk,,2019,4267.0
Grijpskerk,,2020,4267.0
Groenlo,,1988,8897.0
Groenlo,,2000,9088.0
Groenlo,,2005,30416.0
Groenlo,,2019,30416.0
Groenlo,,2020,30416.0
Groesbeek,,1988,18092.0
Groesbeek,,2000,19169.0
Groesbeek,,2005,18773.0
Groesbeek,,2019,18773.0
Groesbeek,,2020,18773.0
Groningen (gemeente),,1988,167929.0
Groningen (gemeente),,2000,173139.0
Groningen (gemeente),,2005,180604.0
Groningen (gemeente),,2019,231299.0
Groningen (gemeente),,2020,232874.0
Grootegast,,1988,8848.0
Grootegast,,2000,11767.0
Grootegast,,2005,12048.0
Grootegast,,2019,12048.0
Grootegast,,2020,12048.0
Grubbenvorst,,1988,6679.0
Grubbenvorst,,2000,6866.0
Grubbenvorst,,2005,6866.0
Grubbenvorst,,2019,6866.0
Grubbenvorst,,2020,6866.0
Gulpen,,1988,7118.0
Gulpen,,2000,7118.0
Gulpen,,2005,7118.0
Gulpen,,2019,7118.0
Gulpen,,2020,7118.0
Gulpen-Wittem,,1988,15460.0
Gulpen-Wittem,,2000,15460.0
Gulpen-Wittem,,2005,15044.0
Gulpen-Wittem,,2019,14246.0
Gulpen-Wittem,,2020,14171.0
Haaksbergen,,1988,22462.0
Haaksbergen,,2000,23885.0
Haaksbergen,,2005,24267.0
Haaksbergen,,2019,24277.0
Haaksbergen,,2020,24311.0
Haaren,,1988,5151.0
Haaren,,2000,13982.0
Haaren,,2005,13914.0
Haaren,,2019,14195.0
Haaren,,2020,14370.0
Haarlem,,1988,148740.0
Haarlem,,2000,148484.0
Haarlem,,2005,146739.0
Haarlem,,2019,161265.0
Haarlem,,2020,162902.0
Haarlemmerliede en Spaarnwoude,,1988,4900.0
Haarlemmerliede en Spaarnwoude,,2000,5370.0
Haarlemmerliede en Spaarnwoude,,2005,5552.0
Haarlemmerliede en Spaarnwoude,,2019,5552.0
Haarlemmerliede en Spaarnwoude,,2020,5552.0
Haarlemmermeer,,1988,91369.0
Haarlemmermeer,,2000,111155.0
Haarlemmermeer,,2005,131816.0
Haarlemmermeer,,2019,154235.0
Haarlemmermeer,,2020,156002.0
Haelen,,1988,5868.0
Haelen,,2000,10023.0
Haelen,,2005,9952.0
Haelen,,2019,9952.0
Haelen,,2020,9952.0
Halderberge,,1988,29645.0
Halderberge,,2000,29645.0
Halderberge,,2005,29537.0
Halderberge,,2019,30194.0
Halderberge,,2020,30284.0
Halsteren,,1988,12550.0
Halsteren,,2000,12550.0
Halsteren,,2005,12550.0
Halsteren,,2019,12550.0
Halsteren,,2020,12550.0
Den Ham,,1988,14568.0
Den Ham,,2000,14939.0
Den Ham,,2005,14939.0
Den Ham,,2019,14939.0
Den Ham,,2020,14939.0
Haps,,1988,2727.0
Haps,,2000,2727.0
Haps,,2005,2727.0
Haps,,2019,2727.0
Haps,,2020,2727.0
Hardenberg,,1988,32087.0
Hardenberg,,2000,35028.0
Hardenberg,,2005,57855.0
Hardenberg,,2019,60574.0
Hardenberg,,2020,60948.0
Harderwijk,,1988,34255.0
Harderwijk,,2000,39745.0
Harderwijk,,2005,40879.0
Harderwijk,,2019,47581.0
Harderwijk,,2020,48414.0
Hardinxveld-Giessendam,,1988,16591.0
Hardinxveld-Giessendam,,2000,17760.0
Hardinxveld-Giessendam,,2005,17799.0
Hardinxveld-Giessendam,,2019,18051.0
Hardinxveld-Giessendam,,2020,18295.0
Haren,,1988,18340.0
Haren,,2000,18583.0
Haren,,2005,19134.0
Haren,,2019,19134.0
Haren,,2020,19134.0
Harenkarspel,,1988,6191.0
Harenkarspel,,2000,14931.0
Harenkarspel,,2005,15794.0
Harenkarspel,,2019,15794.0
Harenkarspel,,2020,15794.0
Harlingen,,1988,15825.0
Harlingen,,2000,15426.0
Harlingen,,2005,15959.0
Harlingen,,2019,15758.0
Harlingen,,2020,15722.0
Harmelen,,1988,7632.0
Harmelen,,2000,7989.0
Harmelen,,2005,7989.0
Harmelen,,2019,7989.0
Harmelen,,2020,7989.0
Hasselt,,1988,6781.0
Hasselt,,2000,7631.0
Hasselt,,2005,7631.0
Hasselt,,2019,7631.0
Hasselt,,2020,7631.0
Hattem,,1988,11587.0
Hattem,,2000,11637.0
Hattem,,2005,11756.0
Hattem,,2019,12173.0
Hattem,,2020,12209.0
Havelte,,1988,5724.0
Havelte,,2000,5724.0
Havelte,,2005,5724.0
Havelte,,2019,5724.0
Havelte,,2020,5724.0
Hazerswoude,,1988,11448.0
Hazerswoude,,2000,11448.0
Hazerswoude,,2005,11448.0
Hazerswoude,,2019,11448.0
Hazerswoude,,2020,11448.0
Hedel,,1988,3847.0
Hedel,,2000,3847.0
Hedel,,2005,3847.0
Hedel,,2019,3847.0
Hedel,,2020,3847.0
Heel,,1988,8346.0
Heel,,2000,8346.0
Heel,,2005,8333.0
Heel,,2019,8333.0
Heel,,2020,8333.0
Heel en Panheel,,1988,4373.0
Heel en Panheel,,2000,4373.0
Heel en Panheel,,2005,4373.0
Heel en Panheel,,2019,4373.0
Heel en Panheel,,2020,4373.0
Heemskerk,,1988,32804.0
Heemskerk,,2000,35921.0
Heemskerk,,2005,36439.0
Heemskerk,,2019,39164.0
Heemskerk,,2020,39182.0
Heemstede,,1988,26254.0
Heemstede,,2000,25879.0
Heemstede,,2005,25644.0
Heemstede,,2019,27286.0
Heemstede,,2020,27234.0
Heerde,,1988,18239.0
Heerde,,2000,18130.0
Heerde,,2005,18334.0
Heerde,,2019,18546.0
Heerde,,2020,18589.0
Heerenveen,,1988,37505.0
Heerenveen,,2000,40437.0
Heerenveen,,2005,42802.0
Heerenveen,,2019,50257.0
Heerenveen,,2020,50493.0
Heerewaarden,,1988,1132.0
Heerewaarden,,2000,1132.0
Heerewaarden,,2005,1132.0
Heerewaarden,,2019,1132.0
Heerewaarden,,2020,1132.0
Heerhugowaard,,1988,35450.0
Heerhugowaard,,2000,44246.0
Heerhugowaard,,2005,48267.0
Heerhugowaard,,2019,56742.0
Heerhugowaard,,2020,57587.0
Heerjansdam,,1988,3293.0
Heerjansdam,,2000,3509.0
Heerjansdam,,2005,3509.0
Heerjansdam,,2019,3509.0
Heerjansdam,,2020,3509.0
Heerlen,,1988,94321.0
Heerlen,,2000,95147.0
Heerlen,,2005,92542.0
Heerlen,,2019,86832.0
Heerlen,,2020,87086.0
Heesch,,1988,11035.0
Heesch,,2000,11035.0
Heesch,,2005,11035.0
Heesch,,2019,11035.0
Heesch,,2020,11035.0
Heeswijk-Dinther,,1988,8272.0
Heeswijk-Dinther,,2000,8272.0
Heeswijk-Dinther,,2005,8272.0
Heeswijk-Dinther,,2019,8272.0
Heeswijk-Dinther,,2020,8272.0
Heeze,,1988,9047.0
Heeze,,2000,9047.0
Heeze,,2005,9047.0
Heeze,,2019,9047.0
Heeze,,2020,9047.0
Heeze-Leende,,1988,15324.0
Heeze-Leende,,2000,15324.0
Heeze-Leende,,2005,15207.0
Heeze-Leende,,2019,15964.0
Heeze-Leende,,2020,16152.0
Hefshuizen,,1988,10664.0
Hefshuizen,,2000,10664.0
Hefshuizen,,2005,10664.0
Hefshuizen,,2019,10664.0
Hefshuizen,,2020,10664.0
Heiloo,,1988,20428.0
Heiloo,,2000,21751.0
Heiloo,,2005,22106.0
Heiloo,,2019,23464.0
Heiloo,,2020,23968.0
Heino,,1988,7109.0
Heino,,2000,7857.0
Heino,,2005,7857.0
Heino,,2019,7857.0
Heino,,2020,7857.0
Helden,,1988,17452.0
Helden,,2000,19390.0
Helden,,2005,19588.0
Helden,,2019,19588.0
Helden,,2020,19588.0
Den Helder,,1988,62372.0
Den Helder,,2000,59441.0
Den Helder,,2005,59446.0
Den Helder,,2019,55604.0
Den Helder,,2020,56296.0
Hellendoorn,,1988,34097.0
Hellendoorn,,2000,35674.0
Hellendoorn,,2005,36172.0
Hellendoorn,,2019,35808.0
Hellendoorn,,2020,35916.0
Hellevoetsluis,,1988,33250.0
Hellevoetsluis,,2000,38358.0
Hellevoetsluis,,2005,40125.0
Hellevoetsluis,,2019,40049.0
Hellevoetsluis,,2020,40142.0
Helmond,,1988,65307.0
Helmond,,2000,80098.0
Helmond,,2005,85829.0
Helmond,,2019,91524.0
Helmond,,2020,92423.0
Helvoirt,,1988,4546.0
Helvoirt,,2000,4546.0
Helvoirt,,2005,4546.0
Helvoirt,,2019,4546.0
Helvoirt,,2020,4546.0
Hendrik-Ido-Ambacht,,1988,18920.0
Hendrik-Ido-Ambacht,,2000,20986.0
Hendrik-Ido-Ambacht,,2005,23690.0
Hendrik-Ido-Ambacht,,2019,30966.0
Hendrik-Ido-Ambacht,,2020,31202.0
Hengelo (Gld.),,1988,8256.0
Hengelo (Gld.),,2000,8409.0
Hengelo (Gld.),,2005,8409.0
Hengelo (Gld.),,2019,8409.0
Hengelo (Gld.),,2020,8409.0
Hengelo (O.),,1988,76721.0
Hengelo (O.),,2000,79751.0
Hengelo (O.),,2005,81156.0
Hengelo (O.),,2019,80683.0
Hengelo (O.),,2020,81140.0
Herten,,1988,3446.0
Herten,,2000,3446.0
Herten,,2005,3446.0
Herten,,2019,3446.0
Herten,,2020,3446.0
's-Hertogenbosch,,1988,89988.0
's-Hertogenbosch,,2000,129034.0
's-Hertogenbosch,,2005,133978.0
's-Hertogenbosch,,2019,154205.0
's-Hertogenbosch,,2020,155111.0
Heteren,,1988,8474.0
Heteren,,2000,9176.0
Heteren,,2005,9176.0
Heteren,,2019,9176.0
Heteren,,2020,9176.0
Heumen,,1988,13452.0
Heumen,,2000,16237.0
Heumen,,2005,16795.0
Heumen,,2019,16486.0
Heumen,,2020,16454.0
Heusden,,1988,5736.0
Heusden,,2000,42779.0
Heusden,,2005,43051.0
Heusden,,2019,44135.0
Heusden,,2020,44692.0
Heythuysen,,1988,5828.0
Heythuysen,,2000,12029.0
Heythuysen,,2005,12283.0
Heythuysen,,2019,12283.0
Heythuysen,,2020,12283.0
Hillegom,,1988,20038.0
Hillegom,,2000,20664.0
Hillegom,,2005,20451.0
Hillegom,,2019,21966.0
Hillegom,,2020,22209.0
Hilvarenbeek,,1988,9761.0
Hilvarenbeek,,2000,14629.0
Hilvarenbeek,,2005,15072.0
Hilvarenbeek,,2019,15334.0
Hilvarenbeek,,2020,15518.0
Hilversum,,1988,85150.0
Hilversum,,2000,82177.0
Hilversum,,2005,83682.0
Hilversum,,2019,90238.0
Hilversum,,2020,90831.0
Hoeksche Waard,,1988,86656.0
Hoeksche Waard,,2000,86656.0
Hoeksche Waard,,2005,86656.0
Hoeksche Waard,,2019,86656.0
Hoeksche Waard,,2020,87401.0
Hoevelaken,,1988,8466.0
Hoevelaken,,2000,8466.0
Hoevelaken,,2005,8466.0
Hoevelaken,,2019,8466.0
Hoevelaken,,2020,8466.0
Hoeven,,1988,8033.0
Hoeven,,2000,8033.0
Hoeven,,2005,8033.0
Hoeven,,2019,8033.0
Hoeven,,2020,8033.0
Hof van Twente,,1988,34941.0
Hof van Twente,,2000,34941.0
Hof van Twente,,2005,34941.0
Hof van Twente,,2019,34940.0
Hof van Twente,,2020,35017.0
Het Hogeland,,1988,47888.0
Het Hogeland,,2000,47888.0
Het Hogeland,,2005,47888.0
Het Hogeland,,2019,47888.0
Het Hogeland,,2020,47801.0
Hollands Kroon,,1988,47815.0
Hollands Kroon,,2000,47815.0
Hollands Kroon,,2005,47815.0
Hollands Kroon,,2019,47815.0
Hollands Kroon,,2020,48432.0
Holten,,1988,8623.0
Holten,,2000,8832.0
Holten,,2005,8832.0
Holten,,2019,8832.0
Holten,,2020,8832.0
Hontenisse,,1988,7468.0
Hontenisse,,2000,7923.0
Hontenisse,,2005,7923.0
Hontenisse,,2019,7923.0
Hontenisse,,2020,7923.0
Hooge en Lage Mierde,,1988,3840.0
Hooge en Lage Mierde,,2000,3840.0
Hooge en Lage Mierde,,2005,3840.0
Hooge en Lage Mierde,,2019,3840.0
Hooge en Lage Mierde,,2020,3840.0
Hooge en Lage Zwaluwe,,1988,5943.0
Hooge en Lage Zwaluwe,,2000,5943.0
Hooge en Lage Zwaluwe,,2005,5943.0
Hooge en Lage Zwaluwe,,2019,5943.0
Hooge en Lage Zwaluwe,,2020,5943.0
Hoogeloon Hapert en Casteren,,1988,8118.0
Hoogeloon Hapert en Casteren,,2000,8118.0
Hoogeloon Hapert en Casteren,,2005,8118.0
Hoogeloon Hapert en Casteren,,2019,8118.0
Hoogeloon Hapert en Casteren,,2020,8118.0
Hoogeveen,,1988,45413.0
Hoogeveen,,2000,52790.0
Hoogeveen,,2005,53886.0
Hoogeveen,,2019,55662.0
Hoogeveen,,2020,55699.0
Hoogezand-Sappemeer,,1988,34799.0
Hoogezand-Sappemeer,,2000,33053.0
Hoogezand-Sappemeer,,2005,34363.0
Hoogezand-Sappemeer,,2019,34363.0
Hoogezand-Sappemeer,,2020,34363.0
Hoorn,,1988,55345.0
Hoorn,,2000,64604.0
Hoorn,,2005,68136.0
Hoorn,,2019,73004.0
Hoorn,,2020,73261.0
Horn,,1988,3807.0
Horn,,2000,3807.0
Horn,,2005,3807.0
Horn,,2019,3807.0
Horn,,2020,3807.0
Horst,,1988,17458.0
Horst,,2000,19584.0
Horst,,2005,19584.0
Horst,,2019,19584.0
Horst,,2020,19584.0
Horst aan de Maas,,1988,28722.0
Horst aan de Maas,,2000,28722.0
Horst aan de Maas,,2005,28722.0
Horst aan de Maas,,2019,42291.0
Horst aan de Maas,,2020,42429.0
Houten,,1988,21985.0
Houten,,2000,33313.0
Houten,,2005,43529.0
Houten,,2019,49911.0
Houten,,2020,50146.0
Huijbergen,,1988,2033.0
Huijbergen,,2000,2033.0
Huijbergen,,2005,2033.0
Huijbergen,,2019,2033.0
Huijbergen,,2020,2033.0
Huissen,,1988,15534.0
Huissen,,2000,15773.0
Huissen,,2005,15773.0
Huissen,,2019,15773.0
Huissen,,2020,15773.0
Huizen,,1988,41401.0
Huizen,,2000,42141.0
Huizen,,2005,42098.0
Huizen,,2019,41273.0
Huizen,,2020,41273.0
Hulst,,1988,18624.0
Hulst,,2000,19547.0
Hulst,,2005,27883.0
Hulst,,2019,27524.0
Hulst,,2020,27556.0
Hummelo en Keppel,,1988,4397.0
Hummelo en Keppel,,2000,4496.0
Hummelo en Keppel,,2005,4496.0
Hummelo en Keppel,,2019,4496.0
Hummelo en Keppel,,2020,4496.0
Hunsel,,1988,5395.0
Hunsel,,2000,6070.0
Hunsel,,2005,6231.0
Hunsel,,2019,6231.0
Hunsel,,2020,6231.0
IJsselham,,1988,5272.0
IJsselham,,2000,5593.0
IJsselham,,2005,5593.0
IJsselham,,2019,5593.0
IJsselham,,2020,5593.0
IJsselmuiden,,1988,12744.0
IJsselmuiden,,2000,14845.0
IJsselmuiden,,2005,14845.0
IJsselmuiden,,2019,14845.0
IJsselmuiden,,2020,14845.0
IJsselstein,,1988,18611.0
IJsselstein,,2000,28714.0
IJsselstein,,2005,33608.0
IJsselstein,,2019,34160.0
IJsselstein,,2020,34109.0
Ilpendam,,1988,3111.0
Ilpendam,,2000,3111.0
Ilpendam,,2005,3111.0
Ilpendam,,2019,3111.0
Ilpendam,,2020,3111.0
Jacobswoude,,1988,10747.0
Jacobswoude,,2000,10747.0
Jacobswoude,,2005,10747.0
Jacobswoude,,2019,10747.0
Jacobswoude,,2020,10747.0
Jisp,,1988,943.0
Jisp,,2000,943.0
Jisp,,2005,943.0
Jisp,,2019,943.0
Jisp,,2020,943.0
Kaag en Braassem,,1988,26866.0
Kaag en Braassem,,2000,26866.0
Kaag en Braassem,,2005,26866.0
Kaag en Braassem,,2019,26866.0
Kaag en Braassem,,2020,27297.0
Kamerik,,1988,3701.0
Kamerik,,2000,3701.0
Kamerik,,2005,3701.0
Kamerik,,2019,3701.0
Kamerik,,2020,3701.0
Kampen,,1988,32761.0
Kampen,,2000,32705.0
Kampen,,2005,48980.0
Kampen,,2019,53779.0
Kampen,,2020,54319.0
Kantens,,1988,1785.0
Kantens,,2000,1785.0
Kantens,,2005,1785.0
Kantens,,2019,1785.0
Kantens,,2020,1785.0
Kapelle,,1988,10083.0
Kapelle,,2000,11174.0
Kapelle,,2005,11609.0
Kapelle,,2019,12785.0
Kapelle,,2020,12695.0
Katwijk,,1988,39218.0
Katwijk,,2000,40753.0
Katwijk,,2005,42024.0
Katwijk,,2019,65302.0
Katwijk,,2020,65753.0
Katwoude,,1988,241.0
Katwoude,,2000,241.0
Katwoude,,2005,241.0
Katwoude,,2019,241.0
Katwoude,,2020,241.0
Kerkrade,,1988,52984.0
Kerkrade,,2000,51458.0
Kerkrade,,2005,49563.0
Kerkrade,,2019,45642.0
Kerkrade,,2020,45749.0
Kerkwijk,,1988,6076.0
Kerkwijk,,2000,6076.0
Kerkwijk,,2005,6076.0
Kerkwijk,,2019,6076.0
Kerkwijk,,2020,6076.0
Kessel,,1988,3807.0
Kessel,,2000,4173.0
Kessel,,2005,4229.0
Kessel,,2019,4229.0
Kessel,,2020,4229.0
Kesteren,,1988,9210.0
Kesteren,,2000,10800.0
Kesteren,,2005,10800.0
Kesteren,,2019,10800.0
Kesteren,,2020,10800.0
Kloosterburen,,1988,1739.0
Kloosterburen,,2000,1739.0
Kloosterburen,,2005,1739.0
Kloosterburen,,2019,1739.0
Kloosterburen,,2020,1739.0
Klundert,,1988,6531.0
Klundert,,2000,6531.0
Klundert,,2005,6531.0
Klundert,,2019,6531.0
Klundert,,2020,6531.0
Kockengen,,1988,3090.0
Kockengen,,2000,3090.0
Kockengen,,2005,3090.0
Kockengen,,2019,3090.0
Kockengen,,2020,3090.0
Koggenland,,1988,22738.0
Koggenland,,2000,22738.0
Koggenland,,2005,22738.0
Koggenland,,2019,22738.0
Koggenland,,2020,22749.0
Kollumerland en Nieuwkruisland,,1988,12484.0
Kollumerland en Nieuwkruisland,,2000,13134.0
Kollumerland en Nieuwkruisland,,2005,13112.0
Kollumerland en Nieuwkruisland,,2019,13112.0
Kollumerland en Nieuwkruisland,,2020,13112.0
Korendijk,,1988,9764.0
Korendijk,,2000,10609.0
Korendijk,,2005,10971.0
Korendijk,,2019,10971.0
Korendijk,,2020,10971.0
Kortgene,,1988,3604.0
Kortgene,,2000,3604.0
Kortgene,,2005,3604.0
Kortgene,,2019,3604.0
Kortgene,,2020,3604.0
Koudekerk aan den Rijn,,1988,4414.0
Koudekerk aan den Rijn,,2000,4414.0
Koudekerk aan den Rijn,,2005,4414.0
Koudekerk aan den Rijn,,2019,4414.0
Koudekerk aan den Rijn,,2020,4414.0
Krimpen aan den IJssel,,1988,27702.0
Krimpen aan den IJssel,,2000,28705.0
Krimpen aan den IJssel,,2005,28983.0
Krimpen aan den IJssel,,2019,29376.0
Krimpen aan den IJssel,,2020,29526.0
Krimpenerwaard,,1988,56048.0
Krimpenerwaard,,2000,56048.0
Krimpenerwaard,,2005,56048.0
Krimpenerwaard,,2019,56048.0
Krimpenerwaard,,2020,56319.0
Laarbeek,,1988,21536.0
Laarbeek,,2000,21536.0
Laarbeek,,2005,21642.0
Laarbeek,,2019,22333.0
Laarbeek,,2020,22523.0
Land van Cuijk,,1988,93661.0
Land van Cuijk,,2000,93661.0
Land van Cuijk,,2005,93661.0
Land van Cuijk,,2019,93661.0
Land van Cuijk,,2020,93661.0
Land van Cuijk,,2026,93661.0
Landerd,,1988,14303.0
Landerd,,2000,14303.0
Landerd,,2005,14821.0
Landerd,,2019,15529.0
Landerd,,2020,15730.0
Landgraaf,,1988,39945.0
Landgraaf,,2000,41009.0
Landgraaf,,2005,39477.0
Landgraaf,,2019,37591.0
Landgraaf,,2020,37445.0
Landsmeer,,1988,8871.0
Landsmeer,,2000,10265.0
Landsmeer,,2005,10272.0
Landsmeer,,2019,11488.0
Landsmeer,,2020,11491.0
Langbroek,,1988,2047.0
Langbroek,,2000,2047.0
Langbroek,,2005,2047.0
Langbroek,,2019,2047.0
Langbroek,,2020,2047.0
Langedijk,,1988,15316.0
Langedijk,,2000,23705.0
Langedijk,,2005,25937.0
Langedijk,,2019,27992.0
Langedijk,,2020,28163.0
Lansingerland,,1988,61601.0
Lansingerland,,2000,61601.0
Lansingerland,,2005,61601.0
Lansingerland,,2019,61601.0
Lansingerland,,2020,62384.0
Laren (NH.),,1988,11927.0
Laren (NH.),,2000,11580.0
Laren (NH.),,2005,11488.0
Laren (NH.),,2019,11195.0
Laren (NH.),,2020,11280.0
Leek,,1988,17718.0
Leek,,2000,18807.0
Leek,,2005,19510.0
Leek,,2019,19510.0
Leek,,2020,19510.0
Leende,,1988,4032.0
Leende,,2000,4032.0
Leende,,2005,4032.0
Leende,,2019,4032.0
Leende,,2020,4032.0
Leens,,1988,3570.0
Leens,,2000,3570.0
Leens,,2005,3570.0
Leens,,2019,3570.0
Leens,,2020,3570.0
Leerdam,,1988,18677.0
Leerdam,,2000,20704.0
Leerdam,,2005,20956.0
Leerdam,,2019,20956.0
Leerdam,,2020,20956.0
Leersum,,1988,6566.0
Leersum,,2000,7328.0
Leersum,,2005,7684.0
Leersum,,2019,7684.0
Leersum,,2020,7684.0
Leeuwarden,,1988,85173.0
Leeuwarden,,2000,88887.0
Leeuwarden,,2005,91749.0
Leeuwarden,,2019,123107.0
Leeuwarden,,2020,124084.0
Leeuwarderadeel,,1988,9263.0
Leeuwarderadeel,,2000,10568.0
Leeuwarderadeel,,2005,10543.0
Leeuwarderadeel,,2019,10543.0
Leeuwarderadeel,,2020,10543.0
Leiden,,1988,107893.0
Leiden,,2000,117191.0
Leiden,,2005,118563.0
Leiden,,2019,124899.0
Leiden,,2020,125099.0
Leiderdorp,,1988,21890.0
Leiderdorp,,2000,25279.0
Leiderdorp,,2005,26154.0
Leiderdorp,,2019,27109.0
Leiderdorp,,2020,27056.0
Leidschendam,,1988,32229.0
Leidschendam,,2000,37472.0
Leidschendam,,2005,37472.0
Leidschendam,,2019,37472.0
Leidschendam,,2020,37472.0
Leidschendam-Voorburg,,1988,73793.0
Leidschendam-Voorburg,,2000,73793.0
Leidschendam-Voorburg,,2005,73793.0
Leidschendam-Voorburg,,2019,75425.0
Leidschendam-Voorburg,,2020,76534.0
Leimuiden,,1988,4695.0
Leimuiden,,2000,4695.0
Leimuiden,,2005,4695.0
Leimuiden,,2019,4695.0
Leimuiden,,2020,4695.0
Lelystad,,1988,58449.0
Lelystad,,2000,63098.0
Lelystad,,2005,70860.0
Lelystad,,2019,77893.0
Lelystad,,2020,78598.0
Lemsterland,,1988,11498.0
Lemsterland,,2000,12610.0
Lemsterland,,2005,13406.0
Lemsterland,,2019,13406.0
Lemsterland,,2020,13406.0
Leudal,,1988,35681.0
Leudal,,2000,35681.0
Leudal,,2005,35681.0
Leudal,,2019,35681.0
Leudal,,2020,35879.0
Leusden,,1988,27001.0
Leusden,,2000,28747.0
Leusden,,2005,28977.0
Leusden,,2019,30030.0
Leusden,,2020,30401.0
Lichtenvoorde,,1988,17616.0
Lichtenvoorde,,2000,19108.0
Lichtenvoorde,,2005,19108.0
Lichtenvoorde,,2019,19108.0
Lichtenvoorde,,2020,19108.0
Liemeer,,1988,6858.0
Liemeer,,2000,6858.0
Liemeer,,2005,6725.0
Liemeer,,2019,6725.0
Liemeer,,2020,6725.0
Liempde,,1988,4217.0
Liempde,,2000,4217.0
Liempde,,2005,4217.0
Liempde,,2019,4217.0
Liempde,,2020,4217.0
Lienden,,1988,6607.0
Lienden,,2000,6607.0
Lienden,,2005,6607.0
Lienden,,2019,6607.0
Lienden,,2020,6607.0
De Lier,,1988,10058.0
De Lier,,2000,11190.0
De Lier,,2005,11190.0
De Lier,,2019,11190.0
De Lier,,2020,11190.0
Lieshout,,1988,5921.0
Lieshout,,2000,5921.0
Lieshout,,2005,5921.0
Lieshout,,2019,5921.0
Lieshout,,2020,5921.0
Liesveld,,1988,9164.0
Liesveld,,2000,9561.0
Liesveld,,2005,9718.0
Liesveld,,2019,9718.0
Liesveld,,2020,9718.0
Limmen,,1988,5394.0
Limmen,,2000,6515.0
Limmen,,2005,6515.0
Limmen,,2019,6515.0
Limmen,,2020,6515.0
Lingewaal,,1988,10163.0
Lingewaal,,2000,10634.0
Lingewaal,,2005,10799.0
Lingewaal,,2019,10799.0
Lingewaal,,2020,10799.0
Lingewaard,,1988,43176.0
Lingewaard,,2000,43176.0
Lingewaard,,2005,43176.0
Lingewaard,,2019,46475.0
Lingewaard,,2020,46601.0
Linne,,1988,3817.0
Linne,,2000,3817.0
Linne,,2005,3817.0
Linne,,2019,3817.0
Linne,,2020,3817.0
Linschoten,,1988,4626.0
Linschoten,,2000,4626.0
Linschoten,,2005,4626.0
Linschoten,,2019,4626.0
Linschoten,,2020,4626.0
Lisse,,1988,20677.0
Lisse,,2000,21942.0
Lisse,,2005,21909.0
Lisse,,2019,22800.0
Lisse,,2020,22955.0
Lith,,1988,6074.0
Lith,,2000,6691.0
Lith,,2005,6723.0
Lith,,2019,6723.0
Lith,,2020,6723.0
Littenseradiel,,1988,10168.0
Littenseradiel,,2000,10525.0
Littenseradiel,,2005,10840.0
Littenseradiel,,2019,10840.0
Littenseradiel,,2020,10840.0
Lochem,,1988,18241.0
Lochem,,2000,19189.0
Lochem,,2005,32816.0
Lochem,,2019,33590.0
Lochem,,2020,33729.0
Loenen,,1988,6849.0
Loenen,,2000,8415.0
Loenen,,2005,8338.0
Loenen,,2019,8338.0
Loenen,,2020,8338.0
Loon op Zand,,1988,20999.0
Loon op Zand,,2000,22817.0
Loon op Zand,,2005,22918.0
Loon op Zand,,2019,23327.0
Loon op Zand,,2020,23408.0
Loosdrecht,,1988,8225.0
Loosdrecht,,2000,8808.0
Loosdrecht,,2005,8808.0
Loosdrecht,,2019,8808.0
Loosdrecht,,2020,8808.0
Lopik,,1988,7939.0
Lopik,,2000,13374.0
Lopik,,2005,13968.0
Lopik,,2019,14473.0
Lopik,,2020,14467.0
Loppersum,,1988,3890.0
Loppersum,,2000,11024.0
Loppersum,,2005,11032.0
Loppersum,,2019,9614.0
Loppersum,,2020,9537.0
Losser,,1988,22429.0
Losser,,2000,22595.0
Losser,,2005,22487.0
Losser,,2019,22622.0
Losser,,2020,22683.0
Luyksgestel,,1988,2817.0
Luyksgestel,,2000,2817.0
Luyksgestel,,2005,2817.0
Luyksgestel,,2019,2817.0
Luyksgestel,,2020,2817.0
Maarheeze,,1988,8709.0
Maarheeze,,2000,8709.0
Maarheeze,,2005,8709.0
Maarheeze,,2019,8709.0
Maarheeze,,2020,8709.0
Maarn,,1988,5643.0
Maarn,,2000,5848.0
Maarn,,2005,5945.0
Maarn,,2019,5945.0
Maarn,,2020,5945.0
Maarssen,,1988,36620.0
Maarssen,,2000,40687.0
Maarssen,,2005,39775.0
Maarssen,,2019,39775.0
Maarssen,,2020,39775.0
Maartensdijk,,1988,9251.0
Maartensdijk,,2000,9559.0
Maartensdijk,,2005,9559.0
Maartensdijk,,2019,9559.0
Maartensdijk,,2020,9559.0
Maasbracht,,1988,8065.0
Maasbracht,,2000,13660.0
Maasbracht,,2005,13661.0
Maasbracht,,2019,13661.0
Maasbracht,,2020,13661.0
Maasbree,,1988,11644.0
Maasbree,,2000,12799.0
Maasbree,,2005,12840.0
Maasbree,,2019,12840.0
Maasbree,,2020,12840.0
Maasdonk,,1988,11411.0
Maasdonk,,2000,11411.0
Maasdonk,,2005,11360.0
Maasdonk,,2019,11360.0
Maasdonk,,2020,11360.0
Maasdriel,,1988,8442.0
Maasdriel,,2000,23045.0
Maasdriel,,2005,23554.0
Maasdriel,,2019,24693.0
Maasdriel,,2020,25030.0
Maasgouw,,1988,23716.0
Maasgouw,,2000,23716.0
Maasgouw,,2005,23716.0
Maasgouw,,2019,23716.0
Maasgouw,,2020,23965.0
Maashorst,,1988,60076.0
Maashorst,,2000,60076.0
Maashorst,,2005,60076.0
Maashorst,,2019,60076.0
Maashorst,,2020,60076.0
Maashorst,,2026,60076.0
Maasland,,1988,6138.0
Maasland,,2000,6819.0
Maasland,,2005,6819.0
Maasland,,2019,6819.0
Maasland,,2020,6819.0
Maassluis,,1988,33116.0
Maassluis,,2000,33110.0
Maassluis,,2005,32451.0
Maassluis,,2019,32768.0
Maassluis,,2020,33213.0
Maastricht,,1988,115782.0
Maastricht,,2000,122070.0
Maastricht,,2005,121456.0
Maastricht,,2019,121565.0
Maastricht,,2020,121575.0
Made,,1988,13116.0
Made,,2000,13116.0
Made,,2005,13116.0
Made,,2019,13116.0
Made,,2020,13116.0
Made,,2026,13116.0
Made en Drimmelen,,1988,11877.0
Made en Drimmelen,,2000,11877.0
Made en Drimmelen,,2005,11877.0
Made en Drimmelen,,2019,11877.0
Made en Drimmelen,,2020,11877.0
Margraten,,1988,13286.0
Margraten,,2000,13785.0
Margraten,,2005,13497.0
Margraten,,2019,13497.0
Margraten,,2020,13497.0
Mariekerke,,1988,3562.0
Mariekerke,,2000,3562.0
Mariekerke,,2005,3562.0
Mariekerke,,2019,3562.0
Mariekerke,,2020,3562.0
Markelo,,1988,6994.0
Markelo,,2000,7234.0
Markelo,,2005,7234.0
Markelo,,2019,7234.0
Markelo,,2020,7234.0
Marken,,1988,2081.0
Marken,,2000,2081.0
Marken,,2005,2081.0
Marken,,2019,2081.0
Marken,,2020,2081.0
De Marne,,1988,10870.0
De Marne,,2000,10870.0
De Marne,,2005,11294.0
De Marne,,2019,11294.0
De Marne,,2020,11294.0
Marum,,1988,8610.0
Marum,,2000,9692.0
Marum,,2005,10086.0
Marum,,2019,10086.0
Marum,,2020,10086.0
Maurik,,1988,5856.0
Maurik,,2000,5856.0
Maurik,,2005,5856.0
Maurik,,2019,5856.0
Maurik,,2020,5856.0
Medemblik,,1988,6883.0
Medemblik,,2000,7601.0
Medemblik,,2005,8047.0
Medemblik,,2019,44809.0
Medemblik,,2020,45101.0
Meeden,,1988,1778.0
Meeden,,2000,1778.0
Meeden,,2005,1778.0
Meeden,,2019,1778.0
Meeden,,2020,1778.0
Meerlo-Wanssum,,1988,7034.0
Meerlo-Wanssum,,2000,7546.0
Meerlo-Wanssum,,2005,7748.0
Meerlo-Wanssum,,2019,7748.0
Meerlo-Wanssum,,2020,7748.0
Meerssen,,1988,20356.0
Meerssen,,2000,20267.0
Meerssen,,2005,19857.0
Meerssen,,2019,18923.0
Meerssen,,2020,18828.0
Megen Haren en Macharen,,1988,2975.0
Megen Haren en Macharen,,2000,2975.0
Megen Haren en Macharen,,2005,2975.0
Megen Haren en Macharen,,2019,2975.0
Megen Haren en Macharen,,2020,2975.0
Meierijstad,,1988,80815.0
Meierijstad,,2000,80815.0
Meierijstad,,2005,80815.0
Meierijstad,,2019,80815.0
Meierijstad,,2020,81194.0
Meijel,,1988,5287.0
Meijel,,2000,5734.0
Meijel,,2005,5851.0
Meijel,,2019,5851.0
Meijel,,2020,5851.0
Melick en Herkenbosch,,1988,7478.0
Melick en Herkenbosch,,2000,7478.0
Melick en Herkenbosch,,2005,7478.0
Melick en Herkenbosch,,2019,7478.0
Melick en Herkenbosch,,2020,7478.0
Menaldumadeel,,1988,13364.0
Menaldumadeel,,2000,13855.0
Menaldumadeel,,2005,13967.0
Menaldumadeel,,2019,13967.0
Menaldumadeel,,2020,13967.0
Menameradiel,,1988,13439.0
Menameradiel,,2000,13439.0
Menameradiel,,2005,13439.0
Menameradiel,,2017,13439.0
Menameradiel,,2019,13439.0
Menameradiel,,2020,13439.0
Menterwolde,,1988,12547.0
Menterwolde,,2000,12547.0
Menterwolde,,2005,12589.0
Menterwolde,,2019,12589.0
Menterwolde,,2020,12589.0
Meppel,,1988,23268.0
Meppel,,2000,29652.0
Meppel,,2005,30397.0
Meppel,,2019,33564.0
Meppel,,2020,33920.0
Middelburg (Z.),,1988,39152.0
Middelburg (Z.),,2000,44920.0
Middelburg (Z.),,2005,46548.0
Middelburg (Z.),,2019,48544.0
Middelburg (Z.),,2020,48822.0
Middelharnis,,1988,15290.0
Middelharnis,,2000,16759.0
Middelharnis,,2005,17485.0
Middelharnis,,2019,17485.0
Middelharnis,,2020,17485.0
Middelstum,,1988,2891.0
Middelstum,,2000,2891.0
Middelstum,,2005,2891.0
Middelstum,,2019,2891.0
Middelstum,,2020,2891.0
Midden-Delfland,,1988,17054.0
Midden-Delfland,,2000,17054.0
Midden-Delfland,,2005,17054.0
Midden-Delfland,,2019,19391.0
Midden-Delfland,,2020,19341.0
Midden-Drenthe,,1988,32394.0
Midden-Drenthe,,2000,32394.0
Midden-Drenthe,,2005,32984.0
Midden-Drenthe,,2019,33178.0
Midden-Drenthe,,2020,33185.0
Midden-Groningen,,1988,60899.0
Midden-Groningen,,2000,60899.0
Midden-Groningen,,2005,60899.0
Midden-Groningen,,2019,60899.0
Midden-Groningen,,2020,60797.0
Middenschouwen,,1988,2467.0
Middenschouwen,,2000,2467.0
Middenschouwen,,2005,2467.0
Middenschouwen,,2019,2467.0
Middenschouwen,,2020,2467.0
Middenveld,,1988,32394.0
Middenveld,,2000,32394.0
Middenveld,,2005,32394.0
Middenveld,,2019,32394.0
Middenveld,,2020,32394.0
Midwolda,,1988,4049.0
Midwolda,,2000,4049.0
Midwolda,,2005,4049.0
Midwolda,,2019,4049.0
Midwolda,,2020,4049.0
Mierlo,,1988,9952.0
Mierlo,,2000,10180.0
Mierlo,,2005,10180.0
Mierlo,,2019,10180.0
Mierlo,,2020,10180.0
Mijdrecht,,1988,16414.0
Mijdrecht,,2000,16414.0
Mijdrecht,,2005,16414.0
Mijdrecht,,2019,16414.0
Mijdrecht,,2020,16414.0
Mill en Sint Hubert,,1988,10223.0
Mill en Sint Hubert,,2000,11097.0
Mill en Sint Hubert,,2005,11047.0
Mill en Sint Hubert,,2019,10891.0
Mill en Sint Hubert,,2020,10939.0
Millingen aan de Rijn,,1988,5264.0
Millingen aan de Rijn,,2000,5875.0
Millingen aan de Rijn,,2005,5888.0
Millingen aan de Rijn,,2019,5888.0
Millingen aan de Rijn,,2020,5888.0
Moerdijk,,1988,36312.0
Moerdijk,,2000,36312.0
Moerdijk,,2005,36785.0
Moerdijk,,2019,36961.0
Moerdijk,,2020,37129.0
Moergestel,,1988,5710.0
Moergestel,,2000,5710.0
Moergestel,,2005,5710.0
Moergestel,,2019,5710.0
Moergestel,,2020,5710.0
Moerhuizen,,1988,3206.0
Moerhuizen,,2000,3206.0
Moerhuizen,,2005,3206.0
Moerhuizen,,2019,3206.0
Moerhuizen,,2020,3206.0
Moerkapelle,,1988,3206.0
Moerkapelle,,2000,3206.0
Moerkapelle,,2005,3206.0
Moerkapelle,,2019,3206.0
Moerkapelle,,2020,3206.0
Molenlanden,,1988,43858.0
Molenlanden,,2000,43858.0
Molenlanden,,2005,43858.0
Molenlanden,,2019,43858.0
Molenlanden,,2020,43909.0
Molenwaard,,1988,29000.0
Molenwaard,,2000,29000.0
Molenwaard,,2005,29000.0
Molenwaard,,2019,29000.0
Molenwaard,,2020,29000.0
Monnickendam,,1988,9956.0
Monnickendam,,2000,9956.0
Monnickendam,,2005,9956.0
Monnickendam,,2019,9956.0
Monnickendam,,2020,9956.0
Monster,,1988,19126.0
Monster,,2000,20228.0
Monster,,2005,20228.0
Monster,,2019,20228.0
Monster,,2020,20228.0
Montferland,,1988,35263.0
Montferland,,2000,35263.0
Montferland,,2005,35263.0
Montferland,,2019,36026.0
Montferland,,2020,36011.0
Montfoort,,1988,6976.0
Montfoort,,2000,13372.0
Montfoort,,2005,13438.0
Montfoort,,2019,13996.0
Montfoort,,2020,13917.0
Montfort,,1988,3077.0
Montfort,,2000,3077.0
Montfort,,2005,3077.0
Montfort,,2019,3077.0
Montfort,,2020,3077.0
Mook en Middelaar,,1988,7116.0
Mook en Middelaar,,2000,7833.0
Mook en Middelaar,,2005,8010.0
Mook en Middelaar,,2019,7806.0
Mook en Middelaar,,2020,7847.0
Moordrecht,,1988,6861.0
Moordrecht,,2000,7692.0
Moordrecht,,2005,8081.0
Moordrecht,,2019,8081.0
Moordrecht,,2020,8081.0
Muiden,,1988,6809.0
Muiden,,2000,6808.0
Muiden,,2005,6675.0
Muiden,,2019,6675.0
Muiden,,2020,6675.0
Muntendam,,1988,4953.0
Muntendam,,2000,4953.0
Muntendam,,2005,4953.0
Muntendam,,2019,4953.0
Muntendam,,2020,4953.0
Naaldwijk,,1988,27396.0
Naaldwijk,,2000,29092.0
Naaldwijk,,2005,29092.0
Naaldwijk,,2019,29092.0
Naaldwijk,,2020,29092.0
Naarden,,1988,16272.0
Naarden,,2000,17006.0
Naarden,,2005,17110.0
Naarden,,2019,17110.0
Naarden,,2020,17110.0
Neder-Betuwe,,1988,22359.0
Neder-Betuwe,,2000,22359.0
Neder-Betuwe,,2005,22359.0
Neder-Betuwe,,2019,24034.0
Neder-Betuwe,,2020,24339.0
Nederhorst den Berg,,1988,4917.0
Nederhorst den Berg,,2000,5123.0
Nederhorst den Berg,,2005,5123.0
Nederhorst den Berg,,2019,5123.0
Nederhorst den Berg,,2020,5123.0
Nederlek,,1988,14394.0
Nederlek,,2000,14809.0
Nederlek,,2005,14768.0
Nederlek,,2019,14768.0
Nederlek,,2020,14768.0
Nederweert,,1988,15033.0
Nederweert,,2000,16129.0
Nederweert,,2005,16265.0
Nederweert,,2019,17001.0
Nederweert,,2020,17019.0
Neede,,1988,10925.0
Neede,,2000,11050.0
Neede,,2005,11050.0
Neede,,2019,11050.0
Neede,,2020,11050.0
Neer,,1988,3418.0
Neer,,2000,3418.0
Neer,,2005,3418.0
Neer,,2019,3418.0
Neer,,2020,3418.0
Neerijnen,,1988,10369.0
Neerijnen,,2000,11257.0
Neerijnen,,2005,11696.0
Neerijnen,,2019,11696.0
Neerijnen,,2020,11696.0
Niedorp,,1988,8069.0
Niedorp,,2000,11367.0
Niedorp,,2005,11757.0
Niedorp,,2019,11757.0
Niedorp,,2020,11757.0
Nieuwe Pekela,,1988,5032.0
Nieuwe Pekela,,2000,5032.0
Nieuwe Pekela,,2005,5032.0
Nieuwe Pekela,,2019,5032.0
Nieuwe Pekela,,2020,5032.0
Nieuwegein,,1988,57557.0
Nieuwegein,,2000,63118.0
Nieuwegein,,2005,61449.0
Nieuwegein,,2019,63036.0
Nieuwegein,,2020,63462.0
Nieuwerkerk aan den IJssel,,1988,18425.0
Nieuwerkerk aan den IJssel,,2000,21162.0
Nieuwerkerk aan den IJssel,,2005,22216.0
Nieuwerkerk aan den IJssel,,2019,22216.0
Nieuwerkerk aan den IJssel,,2020,22216.0
Nieuweschans,,1988,1715.0
Nieuweschans,,2000,1715.0
Nieuweschans,,2005,1715.0
Nieuweschans,,2019,1715.0
Nieuweschans,,2020,1715.0
Nieuw-Ginneken,,1988,11608.0
Nieuw-Ginneken,,2000,11608.0
Nieuw-Ginneken,,2005,11608.0
Nieuw-Ginneken,,2019,11608.0
Nieuw-Ginneken,,2020,11608.0
Nieuwkoop,,1988,10100.0
Nieuwkoop,,2000,11070.0
Nieuwkoop,,2005,11122.0
Nieuwkoop,,2019,28628.0
Nieuwkoop,,2020,28811.0
Nieuw-Lekkerland,,1988,8566.0
Nieuw-Lekkerland,,2000,9369.0
Nieuw-Lekkerland,,2005,9577.0
Nieuw-Lekkerland,,2019,9577.0
Nieuw-Lekkerland,,2020,9577.0
Nieuwleusen,,1988,8231.0
Nieuwleusen,,2000,8361.0
Nieuwleusen,,2005,8361.0
Nieuwleusen,,2019,8361.0
Nieuwleusen,,2020,8361.0
Nieuwolda,,1988,1581.0
Nieuwolda,,2000,1581.0
Nieuwolda,,2005,1581.0
Nieuwolda,,2019,1581.0
Nieuwolda,,2020,1581.0
Nieuwveen,,1988,3224.0
Nieuwveen,,2000,3224.0
Nieuwveen,,2005,3224.0
Nieuwveen,,2019,3224.0
Nieuwveen,,2020,3224.0
Nieuw-Vossemeer,,1988,2241.0
Nieuw-Vossemeer,,2000,2241.0
Nieuw-Vossemeer,,2005,2241.0
Nieuw-Vossemeer,,2019,2241.0
Nieuw-Vossemeer,,2020,2241.0
Nigtevecht,,1988,1368.0
Nigtevecht,,2000,1368.0
Nigtevecht,,2005,1368.0
Nigtevecht,,2019,1368.0
Nigtevecht,,2020,1368.0
Nijefurd,,1988,10544.0
Nijefurd,,2000,10869.0
Nijefurd,,2005,10940.0
Nijefurd,,2019,10940.0
Nijefurd,,2020,10940.0
Nijeveen,,1988,2898.0
Nijeveen,,2000,2898.0
Nijeveen,,2005,2898.0
Nijeveen,,2019,2898.0
Nijeveen,,2020,2898.0
Nijkerk,,1988,25393.0
Nijkerk,,2000,36315.0
Nijkerk,,2005,38419.0
Nijkerk,,2019,42943.0
Nijkerk,,2020,43171.0
Nijmegen,,1988,145816.0
Nijmegen,,2000,152200.0
Nijmegen,,2005,158215.0
Nijmegen,,2019,176731.0
Nijmegen,,2020,177659.0
Nissewaard,,1988,84797.0
Nissewaard,,2000,84797.0
Nissewaard,,2005,84797.0
Nissewaard,,2019,84797.0
Nissewaard,,2020,85219.0
Nistelrode,,1988,6955.0
Nistelrode,,2000,6955.0
Nistelrode,,2005,6955.0
Nistelrode,,2019,6955.0
Nistelrode,,2020,6955.0
Noardeast-Fryslân,,1988,45181.0
Noardeast-Fryslân,,2000,45181.0
Noardeast-Fryslân,,2005,45181.0
Noardeast-Fryslân,,2019,45181.0
Noardeast-Fryslân,,2020,45228.0
Noord-Beveland,,1988,6901.0
Noord-Beveland,,2000,6901.0
Noord-Beveland,,2005,7195.0
Noord-Beveland,,2019,7308.0
Noord-Beveland,,2020,7392.0
Noordenveld,,1988,30740.0
Noordenveld,,2000,30740.0
Noordenveld,,2005,31712.0
Noordenveld,,2019,31290.0
Noordenveld,,2020,31253.0
Noorder-Koggenland,,1988,9473.0
Noorder-Koggenland,,2000,10415.0
Noorder-Koggenland,,2005,10530.0
Noorder-Koggenland,,2019,10530.0
Noorder-Koggenland,,2020,10530.0
Noordoostpolder,,1988,37795.0
Noordoostpolder,,2000,43122.0
Noordoostpolder,,2005,45600.0
Noordoostpolder,,2019,46849.0
Noordoostpolder,,2020,47291.0
Noordwijk,,1988,24894.0
Noordwijk,,2000,24879.0
Noordwijk,,2005,24561.0
Noordwijk,,2019,42859.0
Noordwijk,,2020,43508.0
Noordwijkerhout,,1988,15069.0
Noordwijkerhout,,2000,15313.0
Noordwijkerhout,,2005,15123.0
Noordwijkerhout,,2019,15123.0
Noordwijkerhout,,2020,15123.0
Nootdorp,,1988,6741.0
Nootdorp,,2000,10376.0
Nootdorp,,2005,10376.0
Nootdorp,,2019,10376.0
Nootdorp,,2020,10376.0
Norg,,1988,6595.0
Norg,,2000,6595.0
Norg,,2005,6595.0
Norg,,2019,6595.0
Norg,,2020,6595.0
Nuenen Gerwen en Nederwetten,,1988,20869.0
Nuenen Gerwen en Nederwetten,,2000,23783.0
Nuenen Gerwen en Nederwetten,,2005,23182.0
Nuenen Gerwen en Nederwetten,,2019,23186.0
Nuenen Gerwen en Nederwetten,,2020,23383.0
Nuland,,1988,4207.0
Nuland,,2000,4207.0
Nuland,,2005,4207.0
Nuland,,2019,4207.0
Nuland,,2020,4207.0
Nunspeet,,1988,24169.0
Nunspeet,,2000,26149.0
Nunspeet,,2005,26677.0
Nunspeet,,2019,27481.0
Nunspeet,,2020,27851.0
Nuth,,1988,17003.0
Nuth,,2000,16563.0
Nuth,,2005,16014.0
Nuth,,2019,16014.0
Nuth,,2020,16014.0
Obdam,,1988,5822.0
Obdam,,2000,6424.0
Obdam,,2005,6789.0
Obdam,,2019,6789.0
Obdam,,2020,6789.0
Odoorn,,1988,12208.0
Odoorn,,2000,12208.0
Odoorn,,2005,12208.0
Odoorn,,2019,12208.0
Odoorn,,2020,12208.0
Oeffelt,,1988,2249.0
Oeffelt,,2000,2249.0
Oeffelt,,2005,2249.0
Oeffelt,,2019,2249.0
Oeffelt,,2020,2249.0
Oegstgeest,,1988,17909.0
Oegstgeest,,2000,20785.0
Oegstgeest,,2005,21309.0
Oegstgeest,,2019,24426.0
Oegstgeest,,2020,24840.0
Ohé en Laak,,1988,865.0
Ohé en Laak,,2000,865.0
Ohé en Laak,,2005,865.0
Ohé en Laak,,2019,865.0
Ohé en Laak,,2020,865.0
Oirschot,,1988,11155.0
Oirschot,,2000,17683.0
Oirschot,,2005,17904.0
Oirschot,,2019,18623.0
Oirschot,,2020,18714.0
Oisterwijk,,1988,17970.0
Oisterwijk,,2000,25365.0
Oisterwijk,,2005,25917.0
Oisterwijk,,2019,26140.0
Oisterwijk,,2020,26245.0
Oldambt,,1988,38129.0
Oldambt,,2000,38129.0
Oldambt,,2005,38129.0
Oldambt,,2019,38129.0
Oldambt,,2020,38209.0
Oldebroek,,1988,21013.0
Oldebroek,,2000,22374.0
Oldebroek,,2005,22966.0
Oldebroek,,2019,23598.0
Oldebroek,,2020,23646.0
Oldehove,,1988,2468.0
Oldehove,,2000,2468.0
Oldehove,,2005,2468.0
Oldehove,,2019,2468.0
Oldehove,,2020,2468.0
Oldekerk,,1988,2392.0
Oldekerk,,2000,2392.0
Oldekerk,,2005,2392.0
Oldekerk,,2019,2392.0
Oldekerk,,2020,2392.0
Oldenzaal,,1988,29547.0
Oldenzaal,,2000,30746.0
Oldenzaal,,2005,31373.0
Oldenzaal,,2019,31840.0
Oldenzaal,,2020,31836.0
Olst,,1988,9002.0
Olst,,2000,9303.0
Olst,,2005,9303.0
Olst,,2019,9303.0
Olst,,2020,9303.0
Olst-Wijhe,,1988,17079.0
Olst-Wijhe,,2000,17079.0
Olst-Wijhe,,2005,17079.0
Olst-Wijhe,,2019,18071.0
Olst-Wijhe,,2020,18252.0
Ommen,,1988,17790.0
Ommen,,2000,16686.0
Ommen,,2005,17028.0
Ommen,,2019,17813.0
Ommen,,2020,18009.0
Onderbanken,,1988,7997.0
Onderbanken,,2000,8485.0
Onderbanken,,2005,8396.0
Onderbanken,,2019,8396.0
Onderbanken,,2020,8396.0
Oost Gelre,,1988,29704.0
Oost Gelre,,2000,29704.0
Oost Gelre,,2005,29704.0
Oost Gelre,,2019,29704.0
Oost Gelre,,2020,29627.0
Oost- West- en Middelbeers,,1988,4835.0
Oost- West- en Middelbeers,,2000,4835.0
Oost- West- en Middelbeers,,2005,4835.0
Oost- West- en Middelbeers,,2019,4835.0
Oost- West- en Middelbeers,,2020,4835.0
Oostburg,,1988,18226.0
Oostburg,,2000,17744.0
Oostburg,,2005,17744.0
Oostburg,,2019,17744.0
Oostburg,,2020,17744.0
Oosterbroek,,1988,5142.0
Oosterbroek,,2000,5142.0
Oosterbroek,,2005,5142.0
Oosterbroek,,2019,5142.0
Oosterbroek,,2020,5142.0
Oosterhesselen,,1988,4898.0
Oosterhesselen,,2000,4898.0
Oosterhesselen,,2005,4898.0
Oosterhesselen,,2019,4898.0
Oosterhesselen,,2020,4898.0
Oosterhout,,1988,47697.0
Oosterhout,,2000,52291.0
Oosterhout,,2005,52921.0
Oosterhout,,2019,55616.0
Oosterhout,,2020,55982.0
Oostflakkee,,1988,9404.0
Oostflakkee,,2000,10077.0
Oostflakkee,,2005,10131.0
Oostflakkee,,2019,10131.0
Oostflakkee,,2020,10131.0
Ooststellingwerf,,1988,24920.0
Ooststellingwerf,,2000,25790.0
Ooststellingwerf,,2005,26491.0
Ooststellingwerf,,2019,25497.0
Ooststellingwerf,,2020,25469.0
Oostzaan,,1988,7103.0
Oostzaan,,2000,8921.0
Oostzaan,,2005,9182.0
Oostzaan,,2019,9757.0
Oostzaan,,2020,9735.0
Ootmarsum,,1988,4242.0
Ootmarsum,,2000,4493.0
Ootmarsum,,2005,4493.0
Ootmarsum,,2019,4493.0
Ootmarsum,,2020,4493.0
Openbaar Lichaam Z.IJ.P.,,1988,0.0
Openbaar Lichaam Z.IJ.P.,,2000,0.0
Openbaar Lichaam Z.IJ.P.,,2005,0.0
Openbaar Lichaam Z.IJ.P.,,2019,0.0
Openbaar Lichaam Z.IJ.P.,,2020,0.0
Oploo Sint Anthonis en Ledeacker,,1988,7148.0
Oploo Sint Anthonis en Ledeacker,,2000,7148.0
Oploo Sint Anthonis en Ledeacker,,2005,7148.0
Oploo Sint Anthonis en Ledeacker,,2019,7148.0
Oploo Sint Anthonis en Ledeacker,,2020,7148.0
Opmeer,,1988,10061.0
Opmeer,,2000,10848.0
Opmeer,,2005,11252.0
Opmeer,,2019,11779.0
Opmeer,,2020,11836.0
Opsterland,,1988,26503.0
Opsterland,,2000,28769.0
Opsterland,,2005,29472.0
Opsterland,,2019,29723.0
Opsterland,,2020,29733.0
Oss,,1988,50680.0
Oss,,2000,65763.0
Oss,,2005,76300.0
Oss,,2019,91451.0
Oss,,2020,91915.0
Ossendrecht,,1988,4902.0
Ossendrecht,,2000,4902.0
Ossendrecht,,2005,4902.0
Ossendrecht,,2019,4902.0
Ossendrecht,,2020,4902.0
Oud en Nieuw Gastel,,1988,7826.0
Oud en Nieuw Gastel,,2000,7826.0
Oud en Nieuw Gastel,,2005,7826.0
Oud en Nieuw Gastel,,2019,7826.0
Oud en Nieuw Gastel,,2020,7826.0
Oud-Beijerland,,1988,20158.0
Oud-Beijerland,,2000,22466.0
Oud-Beijerland,,2005,23784.0
Oud-Beijerland,,2019,23784.0
Oud-Beijerland,,2020,23784.0
Oude IJsselstreek,,1988,40377.0
Oude IJsselstreek,,2000,40377.0
Oude IJsselstreek,,2005,40377.0
Oude IJsselstreek,,2019,39473.0
Oude IJsselstreek,,2020,39388.0
Oude Pekela,,1988,8023.0
Oude Pekela,,2000,8023.0
Oude Pekela,,2005,8023.0
Oude Pekela,,2019,8023.0
Oude Pekela,,2020,8023.0
Oudenbosch,,1988,12487.0
Oudenbosch,,2000,12487.0
Oudenbosch,,2005,12487.0
Oudenbosch,,2019,12487.0
Oudenbosch,,2020,12487.0
Ouder-Amstel,,1988,11739.0
Ouder-Amstel,,2000,12784.0
Ouder-Amstel,,2005,13177.0
Ouder-Amstel,,2019,13916.0
Ouder-Amstel,,2020,14026.0
Ouderkerk,,1988,8039.0
Ouderkerk,,2000,8098.0
Ouderkerk,,2005,8069.0
Ouderkerk,,2019,8069.0
Ouderkerk,,2020,8069.0
Oudewater,,1988,7024.0
Oudewater,,2000,9789.0
Oudewater,,2005,9947.0
Oudewater,,2019,10201.0
Oudewater,,2020,10230.0
Overbetuwe,,1988,42272.0
Overbetuwe,,2000,42272.0
Overbetuwe,,2005,42272.0
Overbetuwe,,2019,47543.0
Overbetuwe,,2020,47906.0
Papendrecht,,1988,26827.0
Papendrecht,,2000,29694.0
Papendrecht,,2005,31224.0
Papendrecht,,2019,32290.0
Papendrecht,,2020,32136.0
Peel en Maas,,1988,43311.0
Peel en Maas,,2000,43311.0
Peel en Maas,,2005,43311.0
Peel en Maas,,2019,43311.0
Peel en Maas,,2020,43425.0
Peize,,1988,4857.0
Peize,,2000,4857.0
Peize,,2005,4857.0
Peize,,2019,4857.0
Peize,,2020,4857.0
Pekela,,1988,13408.0
Pekela,,2000,13408.0
Pekela,,2005,13449.0
Pekela,,2019,12214.0
Pekela,,2020,12196.0
Pijnacker,,1988,16659.0
Pijnacker,,2000,22404.0
Pijnacker,,2005,22404.0
Pijnacker,,2019,22404.0
Pijnacker,,2020,22404.0
Pijnacker-Nootdorp,,1988,39882.0
Pijnacker-Nootdorp,,2000,39882.0
Pijnacker-Nootdorp,,2005,39882.0
Pijnacker-Nootdorp,,2019,54331.0
Pijnacker-Nootdorp,,2020,55308.0
Polsbroek,,1988,1180.0
Polsbroek,,2000,1180.0
Polsbroek,,2005,1180.0
Polsbroek,,2019,1180.0
Polsbroek,,2020,1180.0
Posterholt,,1988,4245.0
Posterholt,,2000,4245.0
Posterholt,,2005,4245.0
Posterholt,,2019,4245.0
Posterholt,,2020,4245.0
Prinsenbeek,,1988,10272.0
Prinsenbeek,,2000,10272.0
Prinsenbeek,,2005,10272.0
Prinsenbeek,,2019,10272.0
Prinsenbeek,,2020,10272.0
Purmerend,,1988,54472.0
Purmerend,,2000,70284.0
Purmerend,,2005,77068.0
Purmerend,,2019,80117.0
Purmerend,,2020,81249.0
Putte,,1988,3606.0
Putte,,2000,3606.0
Putte,,2005,3606.0
Putte,,2019,3606.0
Putte,,2020,3606.0
Putten,,1988,20666.0
Putten,,2000,22697.0
Putten,,2005,23183.0
Putten,,2019,24198.0
Putten,,2020,24112.0
Raalte,,1988,26624.0
Raalte,,2000,28294.0
Raalte,,2005,37206.0
Raalte,,2019,37511.0
Raalte,,2020,37712.0
Raamsdonk,,1988,13276.0
Raamsdonk,,2000,13276.0
Raamsdonk,,2005,13276.0
Raamsdonk,,2019,13276.0
Raamsdonk,,2020,13276.0
Ravenstein,,1988,7804.0
Ravenstein,,2000,8488.0
Ravenstein,,2005,8488.0
Ravenstein,,2019,8488.0
Ravenstein,,2020,8488.0
Reeuwijk,,1988,9374.0
Reeuwijk,,2000,12899.0
Reeuwijk,,2005,12829.0
Reeuwijk,,2019,12829.0
Reeuwijk,,2020,12829.0
Reiderland,,1988,6979.0
Reiderland,,2000,6979.0
Reiderland,,2005,6970.0
Reiderland,,2019,6970.0
Reiderland,,2020,6970.0
Reimerswaal,,1988,19374.0
Reimerswaal,,2000,20524.0
Reimerswaal,,2005,21019.0
Reimerswaal,,2019,22678.0
Reimerswaal,,2020,22730.0
Renkum,,1988,34024.0
Renkum,,2000,32155.0
Renkum,,2005,31903.0
Renkum,,2019,31302.0
Renkum,,2020,31419.0
Renswoude,,1988,3650.0
Renswoude,,2000,4005.0
Renswoude,,2005,4305.0
Renswoude,,2019,5259.0
Renswoude,,2020,5444.0
Reusel,,1988,7730.0
Reusel,,2000,7730.0
Reusel,,2005,7730.0
Reusel,,2019,7730.0
Reusel,,2020,7730.0
Reusel-De Mierden,,1988,12434.0
Reusel-De Mierden,,2000,12434.0
Reusel-De Mierden,,2005,12301.0
Reusel-De Mierden,,2019,13060.0
Reusel-De Mierden,,2020,13112.0
Rheden,,1988,46486.0
Rheden,,2000,44313.0
Rheden,,2005,44773.0
Rheden,,2019,43640.0
Rheden,,2020,43761.0
Rhenen,,1988,16514.0
Rhenen,,2000,17272.0
Rhenen,,2005,17966.0
Rhenen,,2019,20004.0
Rhenen,,2020,20119.0
Ridderkerk,,1988,46199.0
Ridderkerk,,2000,46839.0
Ridderkerk,,2005,45106.0
Ridderkerk,,2019,46241.0
Ridderkerk,,2020,46189.0
Riethoven,,1988,2261.0
Riethoven,,2000,2261.0
Riethoven,,2005,2261.0
Riethoven,,2019,2261.0
Riethoven,,2020,2261.0
Rijneveld,,1988,649.0
Rijneveld,,2000,649.0
Rijneveld,,2005,649.0
Rijneveld,,2019,649.0
Rijneveld,,2020,649.0
Rijneveld,,2026,649.0
Rijnsaterwoude,,1988,1312.0
Rijnsaterwoude,,2000,1312.0
Rijnsaterwoude,,2005,1312.0
Rijnsaterwoude,,2019,1312.0
Rijnsaterwoude,,2020,1312.0
Rijnsburg,,1988,13260.0
Rijnsburg,,2000,14787.0
Rijnsburg,,2005,14843.0
Rijnsburg,,2019,14843.0
Rijnsburg,,2020,14843.0
Rijnwaarden,,1988,10269.0
Rijnwaarden,,2000,10958.0
Rijnwaarden,,2005,11107.0
Rijnwaarden,,2019,11107.0
Rijnwaarden,,2020,11107.0
Rijnwoude,,1988,19318.0
Rijnwoude,,2000,19318.0
Rijnwoude,,2005,18883.0
Rijnwoude,,2019,18883.0
Rijnwoude,,2020,18883.0
Rijsbergen,,1988,5594.0
Rijsbergen,,2000,5594.0
Rijsbergen,,2005,5594.0
Rijsbergen,,2019,5594.0
Rijsbergen,,2020,5594.0
Rijssen,,1988,23701.0
Rijssen,,2000,26213.0
Rijssen,,2005,26213.0
Rijssen,,2019,26213.0
Rijssen,,2020,26213.0
Rijssen-Holten,,1988,36362.0
Rijssen-Holten,,2000,36362.0
Rijssen-Holten,,2005,36362.0
Rijssen-Holten,,2019,38300.0
Rijssen-Holten,,2020,38177.0
Rijswijk (ZH.),,1988,48657.0
Rijswijk (ZH.),,2000,51922.0
Rijswijk (ZH.),,2005,47379.0
Rijswijk (ZH.),,2019,53467.0
Rijswijk (ZH.),,2020,54450.0
Roden,,1988,18065.0
Roden,,2000,18065.0
Roden,,2005,18065.0
Roden,,2019,18065.0
Roden,,2020,18065.0
Roerdalen,,1988,10495.0
Roerdalen,,2000,10495.0
Roerdalen,,2005,10331.0
Roerdalen,,2019,20615.0
Roerdalen,,2020,20574.0
Roermond,,1988,38349.0
Roermond,,2000,44952.0
Roermond,,2005,45348.0
Roermond,,2019,58209.0
Roermond,,2020,58260.0
Roggel,,1988,4331.0
Roggel,,2000,4331.0
Roggel,,2005,4331.0
Roggel,,2019,4331.0
Roggel,,2020,4331.0
Roggel en Neer,,1988,8387.0
Roggel en Neer,,2000,8387.0
Roggel en Neer,,2005,8479.0
Roggel en Neer,,2019,8479.0
Roggel en Neer,,2020,8479.0
Rolde,,1988,6063.0
Rolde,,2000,6063.0
Rolde,,2005,6063.0
Rolde,,2019,6063.0
Rolde,,2020,6063.0
De Ronde Venen,,1988,34202.0
De Ronde Venen,,2000,34202.0
De Ronde Venen,,2005,34438.0
De Ronde Venen,,2019,44059.0
De Ronde Venen,,2020,44456.0
Roosendaal,,1988,75157.0
Roosendaal,,2000,75157.0
Roosendaal,,2005,77734.0
Roosendaal,,2019,77032.0
Roosendaal,,2020,77251.0
Roosendaal en Nispen,,1988,58651.0
Roosendaal en Nispen,,2000,58651.0
Roosendaal en Nispen,,2005,58651.0
Roosendaal en Nispen,,2019,58651.0
Roosendaal en Nispen,,2020,58651.0
Rosmalen,,1988,26377.0
Rosmalen,,2000,26377.0
Rosmalen,,2005,26377.0
Rosmalen,,2019,26377.0
Rosmalen,,2020,26377.0
Rossum,,1988,2948.0
Rossum,,2000,2948.0
Rossum,,2005,2948.0
Rossum,,2019,2948.0
Rossum,,2020,2948.0
Rotterdam,,1988,574299.0
Rotterdam,,2000,592673.0
Rotterdam,,2005,596407.0
Rotterdam,,2019,644618.0
Rotterdam,,2020,651157.0
Rozenburg,,1988,14167.0
Rozenburg,,2000,13348.0
Rozenburg,,2005,13095.0
Rozenburg,,2019,13095.0
Rozenburg,,2020,13095.0
Rozendaal,,1988,1278.0
Rozendaal,,2000,1422.0
Rozendaal,,2005,1513.0
Rozendaal,,2019,1654.0
Rozendaal,,2020,1704.0
Rucphen,,1988,20790.0
Rucphen,,2000,22477.0
Rucphen,,2005,22527.0
Rucphen,,2019,22572.0
Rucphen,,2020,22878.0
Ruinen,,1988,6813.0
Ruinen,,2000,6813.0
Ruinen,,2005,6813.0
Ruinen,,2019,6813.0
Ruinen,,2020,6813.0
Ruinerwold,,1988,3491.0
Ruinerwold,,2000,3491.0
Ruinerwold,,2005,3491.0
Ruinerwold,,2019,3491.0
Ruinerwold,,2020,3491.0
Ruurlo,,1988,7440.0
Ruurlo,,2000,7878.0
Ruurlo,,2005,7878.0
Ruurlo,,2019,7878.0
Ruurlo,,2020,7878.0
Sas van Gent,,1988,8865.0
Sas van Gent,,2000,8655.0
Sas van Gent,,2005,8655.0
Sas van Gent,,2019,8655.0
Sas van Gent,,2020,8655.0
Sassenheim,,1988,14249.0
Sassenheim,,2000,14819.0
Sassenheim,,2005,14844.0
Sassenheim,,2019,14844.0
Sassenheim,,2020,14844.0
Schagen,,1988,16676.0
Schagen,,2000,17173.0
Schagen,,2005,18602.0
Schagen,,2019,46553.0
Schagen,,2020,46483.0
Schaijk,,1988,7674.0
Schaijk,,2000,7674.0
Schaijk,,2005,7674.0
Schaijk,,2019,7674.0
Schaijk,,2020,7674.0
Scheemda,,1988,7783.0
Scheemda,,2000,14273.0
Scheemda,,2005,14173.0
Scheemda,,2019,14173.0
Scheemda,,2020,14173.0
Schermer,,1988,4137.0
Schermer,,2000,4913.0
Schermer,,2005,4878.0
Schermer,,2019,4878.0
Schermer,,2020,4878.0
Scherpenzeel,,1988,8528.0
Scherpenzeel,,2000,9090.0
Scherpenzeel,,2005,8961.0
Scherpenzeel,,2019,9873.0
Scherpenzeel,,2020,9880.0
Schiedam,,1988,69276.0
Schiedam,,2000,75589.0
Schiedam,,2005,75487.0
Schiedam,,2019,77999.0
Schiedam,,2020,78730.0
Schiermonnikoog,,1988,904.0
Schiermonnikoog,,2000,1000.0
Schiermonnikoog,,2005,997.0
Schiermonnikoog,,2019,936.0
Schiermonnikoog,,2020,947.0
Schijndel,,1988,21181.0
Schijndel,,2000,22658.0
Schijndel,,2005,22990.0
Schijndel,,2019,22990.0
Schijndel,,2020,22990.0
Schinnen,,1988,13166.0
Schinnen,,2000,13727.0
Schinnen,,2005,13535.0
Schinnen,,2019,13535.0
Schinnen,,2020,13535.0
Schipluiden,,1988,8106.0
Schipluiden,,2000,10817.0
Schipluiden,,2005,10817.0
Schipluiden,,2019,10817.0
Schipluiden,,2020,10817.0
Schoonebeek,,1988,7685.0
Schoonebeek,,2000,7685.0
Schoonebeek,,2005,7685.0
Schoonebeek,,2019,7685.0
Schoonebeek,,2020,7685.0
Schoonhoven,,1988,10944.0
Schoonhoven,,2000,11758.0
Schoonhoven,,2005,12284.0
Schoonhoven,,2019,12284.0
Schoonhoven,,2020,12284.0
Schoorl,,1988,6670.0
Schoorl,,2000,6623.0
Schoorl,,2005,6623.0
Schoorl,,2019,6623.0
Schoorl,,2020,6623.0
Schouwen-Duiveland,,1988,33601.0
Schouwen-Duiveland,,2000,33601.0
Schouwen-Duiveland,,2005,34491.0
Schouwen-Duiveland,,2019,33779.0
Schouwen-Duiveland,,2020,33839.0
Sevenum,,1988,6841.0
Sevenum,,2000,7241.0
Sevenum,,2005,7469.0
Sevenum,,2019,7469.0
Sevenum,,2020,7469.0
Simpelveld,,1988,11850.0
Simpelveld,,2000,11589.0
Simpelveld,,2005,11430.0
Simpelveld,,2019,10516.0
Simpelveld,,2020,10555.0
Sint Anthonis,,1988,11539.0
Sint Anthonis,,2000,11539.0
Sint Anthonis,,2005,11671.0
Sint Anthonis,,2019,11606.0
Sint Anthonis,,2020,11664.0
Sint Maarten,,1988,2110.0
Sint Maarten,,2000,2110.0
Sint Maarten,,2005,2110.0
Sint Maarten,,2019,2110.0
Sint Maarten,,2020,2110.0
Sint Odilienberg,,1988,3488.0
Sint Odilienberg,,2000,3488.0
Sint Odilienberg,,2005,3488.0
Sint Odilienberg,,2019,3488.0
Sint Odilienberg,,2020,3488.0
Sint Pancras,,1988,5205.0
Sint Pancras,,2000,5205.0
Sint Pancras,,2005,5205.0
Sint Pancras,,2019,5205.0
Sint Pancras,,2020,5205.0
Sint Philipsland,,1988,2300.0
Sint Philipsland,,2000,2300.0
Sint Philipsland,,2005,2300.0
Sint Philipsland,,2019,2300.0
Sint Philipsland,,2020,2300.0
Sint-Michielsgestel,,1988,12270.0
Sint-Michielsgestel,,2000,27684.0
Sint-Michielsgestel,,2005,27902.0
Sint-Michielsgestel,,2019,28991.0
Sint-Michielsgestel,,2020,29208.0
Sint-Oedenrode,,1988,16507.0
Sint-Oedenrode,,2000,16985.0
Sint-Oedenrode,,2005,16928.0
Sint-Oedenrode,,2019,16928.0
Sint-Oedenrode,,2020,16928.0
Sittard,,1988,44588.0
Sittard,,2000,49800.0
Sittard,,2005,49800.0
Sittard,,2019,49800.0
Sittard,,2020,49800.0
Sittard-Geleen,,1988,97055.0
Sittard-Geleen,,2000,97055.0
Sittard-Geleen,,2005,97055.0
Sittard-Geleen,,2019,92661.0
Sittard-Geleen,,2020,92429.0
Skarsterlân,,1988,23649.0
Skarsterlân,,2000,26637.0
Skarsterlân,,2005,27081.0
Skarsterlân,,2019,27081.0
Skarsterlân,,2020,27081.0
Sleen,,1988,8585.0
Sleen,,2000,8585.0
Sleen,,2005,8585.0
Sleen,,2019,8585.0
Sleen,,2020,8585.0
Sliedrecht,,1988,22866.0
Sliedrecht,,2000,23703.0
Sliedrecht,,2005,23902.0
Sliedrecht,,2019,25026.0
Sliedrecht,,2020,25220.0
Slochteren,,1988,14037.0
Slochteren,,2000,14830.0
Slochteren,,2005,14921.0
Slochteren,,2019,14921.0
Slochteren,,2020,14921.0
Sluis,,1988,24605.0
Sluis,,2000,24605.0
Sluis,,2005,24605.0
Sluis,,2019,23386.0
Sluis,,2020,23210.0
Sluis (oud),,1988,2876.0
Sluis (oud),,2000,2876.0
Sluis (oud),,2005,2876.0
Sluis (oud),,2019,2876.0
Sluis (oud),,2020,2876.0
Sluis-Aardenburg,,1988,6509.0
Sluis-Aardenburg,,2000,6509.0
Sluis-Aardenburg,,2005,6509.0
Sluis-Aardenburg,,2019,6509.0
Sluis-Aardenburg,,2020,6509.0
Smallingerland,,1988,50547.0
Smallingerland,,2000,52437.0
Smallingerland,,2005,54432.0
Smallingerland,,2019,55938.0
Smallingerland,,2020,56150.0
Smilde,,1988,9188.0
Smilde,,2000,9188.0
Smilde,,2005,9188.0
Smilde,,2019,9188.0
Smilde,,2020,9188.0
Sneek,,1988,29337.0
Sneek,,2000,31636.0
Sneek,,2005,32910.0
Sneek,,2019,32910.0
Sneek,,2020,32910.0
Snelrewaard,,1988,881.0
Snelrewaard,,2000,881.0
Snelrewaard,,2005,881.0
Snelrewaard,,2019,881.0
Snelrewaard,,2020,881.0
Soest,,1988,41491.0
Soest,,2000,44251.0
Soest,,2005,45087.0
Soest,,2019,46194.0
Soest,,2020,46606.0
Someren,,1988,16930.0
Someren,,2000,18277.0
Someren,,2005,18113.0
Someren,,2019,19322.0
Someren,,2020,19368.0
Son en Breugel,,1988,14547.0
Son en Breugel,,2000,14717.0
Son en Breugel,,2005,15136.0
Son en Breugel,,2019,16904.0
Son en Breugel,,2020,17322.0
Spijkenisse,,1988,63605.0
Spijkenisse,,2000,73078.0
Spijkenisse,,2005,74756.0
Spijkenisse,,2019,74756.0
Spijkenisse,,2020,74756.0
Sprang-Capelle,,1988,9333.0
Sprang-Capelle,,2000,9333.0
Sprang-Capelle,,2005,9333.0
Sprang-Capelle,,2019,9333.0
Sprang-Capelle,,2020,9333.0
St. Anthonis,,1988,11801.0
St. Anthonis,,2000,11801.0
St. Anthonis,,2005,11801.0
St. Anthonis,,2019,11801.0
St. Anthonis,,2020,11801.0
St. Anthonis,,2021,11801.0
Stad Delden,,1988,7521.0
Stad Delden,,2000,7186.0
Stad Delden,,2005,7186.0
Stad Delden,,2019,7186.0
Stad Delden,,2020,7186.0
Stadskanaal,,1988,33192.0
Stadskanaal,,2000,33097.0
Stadskanaal,,2005,33804.0
Stadskanaal,,2019,31789.0
Stadskanaal,,2020,31686.0
Standdaarbuiten,,1988,2796.0
Standdaarbuiten,,2000,2796.0
Standdaarbuiten,,2005,2796.0
Standdaarbuiten,,2019,2796.0
Standdaarbuiten,,2020,2796.0
Staphorst,,1988,13486.0
Staphorst,,2000,15245.0
Staphorst,,2005,15709.0
Staphorst,,2019,17003.0
Staphorst,,2020,17145.0
Stede Broec,,1988,18487.0
Stede Broec,,2000,21179.0
Stede Broec,,2005,21480.0
Stede Broec,,2019,21706.0
Stede Broec,,2020,21726.0
Stedum,,1988,1985.0
Stedum,,2000,1985.0
Stedum,,2005,1985.0
Stedum,,2019,1985.0
Stedum,,2020,1985.0
Steenbergen,,1988,13707.0
Steenbergen,,2000,23338.0
Steenbergen,,2005,23435.0
Steenbergen,,2019,25054.0
Steenbergen,,2020,24416.0
Steenderen,,1988,4577.0
Steenderen,,2000,4920.0
Steenderen,,2005,4920.0
Steenderen,,2019,4920.0
Steenderen,,2020,4920.0
Steenwijk,,1988,20917.0
Steenwijk,,2000,22656.0
Steenwijk,,2005,22656.0
Steenwijk,,2019,22656.0
Steenwijk,,2020,22656.0
Steenwijkerland,,1988,42833.0
Steenwijkerland,,2000,42833.0
Steenwijkerland,,2005,42833.0
Steenwijkerland,,2019,43940.0
Steenwijkerland,,2020,44126.0
Stein (L.),,1988,26470.0
Stein (L.),,2000,26320.0
Stein (L.),,2005,26772.0
Stein (L.),,2019,24961.0
Stein (L.),,2020,25007.0
Stevensweert,,1988,1557.0
Stevensweert,,2000,1557.0
Stevensweert,,2005,1557.0
Stevensweert,,2019,1557.0
Stevensweert,,2020,1557.0
Stichtse Vecht,,1988,64336.0
Stichtse Vecht,,2000,64336.0
Stichtse Vecht,,2005,64336.0
Stichtse Vecht,,2019,64336.0
Stichtse Vecht,,2020,64931.0
Stramproy,,1988,4855.0
Stramproy,,2000,4855.0
Stramproy,,2005,4855.0
Stramproy,,2019,4855.0
Stramproy,,2020,4855.0
Strijen,,1988,8627.0
Strijen,,2000,9501.0
Strijen,,2005,9259.0
Strijen,,2019,9259.0
Strijen,,2020,9259.0
Súdwest-Fryslân,,1988,89710.0
Súdwest-Fryslân,,2000,89710.0
Súdwest-Fryslân,,2005,89710.0
Súdwest-Fryslân,,2019,89710.0
Súdwest-Fryslân,,2020,89987.0
Susteren,,1988,12864.0
Susteren,,2000,13081.0
Susteren,,2005,13081.0
Susteren,,2019,13081.0
Susteren,,2020,13081.0
Swalmen,,1988,8410.0
Swalmen,,2000,8590.0
Swalmen,,2005,8812.0
Swalmen,,2019,8812.0
Swalmen,,2020,8812.0
Tegelen,,1988,18841.0
Tegelen,,2000,19326.0
Tegelen,,2005,19326.0
Tegelen,,2019,19326.0
Tegelen,,2020,19326.0
Terheijden,,1988,8616.0
Terheijden,,2000,8616.0
Terheijden,,2005,8616.0
Terheijden,,2019,8616.0
Terheijden,,2020,8616.0
Termunten,,1988,4373.0
Termunten,,2000,4373.0
Termunten,,2005,4373.0
Termunten,,2019,4373.0
Termunten,,2020,4373.0
Terneuzen,,1988,35173.0
Terneuzen,,2000,34539.0
Terneuzen,,2005,55361.0
Terneuzen,,2019,54589.0
Terneuzen,,2020,54426.0
Terschelling,,1988,4601.0
Terschelling,,2000,4723.0
Terschelling,,2005,4731.0
Terschelling,,2019,4890.0
Terschelling,,2020,4888.0
Teteringen,,1988,5465.0
Teteringen,,2000,5465.0
Teteringen,,2005,5465.0
Teteringen,,2019,5465.0
Teteringen,,2020,5465.0
Texel,,1988,12690.0
Texel,,2000,13425.0
Texel,,2005,13739.0
Texel,,2019,13547.0
Texel,,2020,13575.0
Teylingen,,1988,37061.0
Teylingen,,2000,37061.0
Teylingen,,2005,37061.0
Teylingen,,2019,37061.0
Teylingen,,2020,37440.0
Tholen,,1988,18993.0
Tholen,,2000,23618.0
Tholen,,2005,24676.0
Tholen,,2019,25780.0
Tholen,,2020,25757.0
Thorn,,1988,2625.0
Thorn,,2000,2591.0
Thorn,,2005,2598.0
Thorn,,2019,2598.0
Thorn,,2020,2598.0
Tiel,,1988,31000.0
Tiel,,2000,38326.0
Tiel,,2005,40542.0
Tiel,,2019,41978.0
Tiel,,2020,42159.0
Tietjerksteradeel,,1988,30063.0
Tietjerksteradeel,,2000,30063.0
Tietjerksteradeel,,2005,30063.0
Tietjerksteradeel,,2019,30063.0
Tietjerksteradeel,,2020,30063.0
Tilburg,,1988,154425.0
Tilburg,,2000,193116.0
Tilburg,,2005,199068.0
Tilburg,,2019,217259.0
Tilburg,,2020,219789.0
Tubbergen,,1988,18251.0
Tubbergen,,2000,19938.0
Tubbergen,,2005,20508.0
Tubbergen,,2019,21276.0
Tubbergen,,2020,21275.0
Twenterand,,1988,33549.0
Twenterand,,2000,33549.0
Twenterand,,2005,33549.0
Twenterand,,2019,33792.0
Twenterand,,2020,33743.0
Tynaarlo,,1988,31508.0
Tynaarlo,,2000,31508.0
Tynaarlo,,2005,32301.0
Tynaarlo,,2019,33698.0
Tynaarlo,,2020,33887.0
Tytsjerksteradiel,,1988,31037.0
Tytsjerksteradiel,,2000,31037.0
Tytsjerksteradiel,,2005,32016.0
Tytsjerksteradiel,,2019,31780.0
Tytsjerksteradiel,,2020,32052.0
Ubbergen,,1988,9574.0
Ubbergen,,2000,9264.0
Ubbergen,,2005,9462.0
Ubbergen,,2019,9462.0
Ubbergen,,2020,9462.0
Uden,,1988,34790.0
Uden,,2000,39607.0
Uden,,2005,40183.0
Uden,,2019,41782.0
Uden,,2020,42119.0
Udenhout,,1988,8854.0
Udenhout,,2000,8854.0
Udenhout,,2005,8854.0
Udenhout,,2019,8854.0
Udenhout,,2020,8854.0
Uitgeest,,1988,9688.0
Uitgeest,,2000,11312.0
Uitgeest,,2005,11787.0
Uitgeest,,2019,13528.0
Uitgeest,,2020,13666.0
Uithoorn,,1988,22040.0
Uithoorn,,2000,26090.0
Uithoorn,,2005,26969.0
Uithoorn,,2019,29424.0
Uithoorn,,2020,29478.0
Ulrum,,1988,3697.0
Ulrum,,2000,3697.0
Ulrum,,2005,3697.0
Ulrum,,2019,3697.0
Ulrum,,2020,3697.0
Urk,,1988,12231.0
Urk,,2000,15719.0
Urk,,2005,17262.0
Urk,,2019,20776.0
Urk,,2020,21031.0
Usquert,,1988,1585.0
Usquert,,2000,1585.0
Usquert,,2005,1585.0
Usquert,,2019,1585.0
Usquert,,2020,1585.0
Utrecht (gemeente),,1988,230373.0
Utrecht (gemeente),,2000,233667.0
Utrecht (gemeente),,2005,275258.0
Utrecht (gemeente),,2019,352866.0
Utrecht (gemeente),,2020,357597.0
Utrechtse Heuvelrug,,1988,49515.0
Utrechtse Heuvelrug,,2000,49515.0
Utrechtse Heuvelrug,,2005,49515.0
Utrechtse Heuvelrug,,2019,49515.0
Utrechtse Heuvelrug,,2020,49580.0
Vaals,,1988,10650.0
Vaals,,2000,10821.0
Vaals,,2005,10229.0
Vaals,,2019,10092.0
Vaals,,2020,10105.0
Valburg,,1988,12226.0
Valburg,,2000,13301.0
Valburg,,2005,13301.0
Valburg,,2019,13301.0
Valburg,,2020,13301.0
Valkenburg (ZH.),,1988,3202.0
Valkenburg (ZH.),,2000,3607.0
Valkenburg (ZH.),,2005,3881.0
Valkenburg (ZH.),,2019,3881.0
Valkenburg (ZH.),,2020,3881.0
Valkenburg aan de Geul,,1988,17676.0
Valkenburg aan de Geul,,2000,17879.0
Valkenburg aan de Geul,,2005,17561.0
Valkenburg aan de Geul,,2019,16470.0
Valkenburg aan de Geul,,2020,16367.0
Valkenisse,,1988,6143.0
Valkenisse,,2000,6143.0
Valkenisse,,2005,6143.0
Valkenisse,,2019,6143.0
Valkenisse,,2020,6143.0
Valkenswaard,,1988,29715.0
Valkenswaard,,2000,31089.0
Valkenswaard,,2005,31057.0
Valkenswaard,,2019,30910.0
Valkenswaard,,2020,31193.0
Veendam,,1988,28245.0
Veendam,,2000,28218.0
Veendam,,2005,28250.0
Veendam,,2019,27491.0
Veendam,,2020,27384.0
Veenendaal,,1988,46283.0
Veenendaal,,2000,59875.0
Veenendaal,,2005,61381.0
Veenendaal,,2019,65589.0
Veenendaal,,2020,66493.0
Veere,,1988,4882.0
Veere,,2000,22069.0
Veere,,2005,22039.0
Veere,,2019,21835.0
Veere,,2020,21880.0
Veghel,,1988,25506.0
Veghel,,2000,36143.0
Veghel,,2005,36893.0
Veghel,,2019,36893.0
Veghel,,2020,36893.0
Veldhoven,,1988,38002.0
Veldhoven,,2000,42003.0
Veldhoven,,2005,42763.0
Veldhoven,,2019,45337.0
Veldhoven,,2020,45466.0
Velsen,,1988,57147.0
Velsen,,2000,66553.0
Velsen,,2005,67516.0
Velsen,,2019,68348.0
Velsen,,2020,68648.0
Venhuizen,,1988,7145.0
Venhuizen,,2000,7635.0
Venhuizen,,2005,7796.0
Venhuizen,,2019,7796.0
Venhuizen,,2020,7796.0
Venlo,,1988,63820.0
Venlo,,2000,64864.0
Venlo,,2005,92263.0
Venlo,,2019,101603.0
Venlo,,2020,101802.0
Venray,,1988,34126.0
Venray,,2000,37868.0
Venray,,2005,39114.0
Venray,,2019,43326.0
Venray,,2020,43614.0
Vessem Wintelre en Knegsel,,1988,4847.0
Vessem Wintelre en Knegsel,,2000,4847.0
Vessem Wintelre en Knegsel,,2005,4847.0
Vessem Wintelre en Knegsel,,2019,4847.0
Vessem Wintelre en Knegsel,,2020,4847.0
Vianen,,1988,18731.0
Vianen,,2000,19230.0
Vianen,,2005,19781.0
Vianen,,2019,19781.0
Vianen,,2020,19781.0
Vierlingsbeek,,1988,7933.0
Vierlingsbeek,,2000,7933.0
Vierlingsbeek,,2005,7933.0
Vierlingsbeek,,2019,7933.0
Vierlingsbeek,,2020,7933.0
Vijfheerenlanden,,1988,55712.0
Vijfheerenlanden,,2000,55712.0
Vijfheerenlanden,,2005,55712.0
Vijfheerenlanden,,2019,55712.0
Vijfheerenlanden,,2020,56811.0
Vinkeveen en Waverveen,,1988,8580.0
Vinkeveen en Waverveen,,2000,8580.0
Vinkeveen en Waverveen,,2005,8580.0
Vinkeveen en Waverveen,,2019,8580.0
Vinkeveen en Waverveen,,2020,8580.0
Vlaardingen,,1988,75023.0
Vlaardingen,,2000,73535.0
Vlaardingen,,2005,73394.0
Vlaardingen,,2019,72404.0
Vlaardingen,,2020,73397.0
Vlagtwedde,,1988,16259.0
Vlagtwedde,,2000,16367.0
Vlagtwedde,,2005,16525.0
Vlagtwedde,,2019,16525.0
Vlagtwedde,,2020,16525.0
Vledder,,1988,3506.0
Vledder,,2000,3506.0
Vledder,,2005,3506.0
Vledder,,2019,3506.0
Vledder,,2020,3506.0
Vleuten-De Meern,,1988,15462.0
Vleuten-De Meern,,2000,20158.0
Vleuten-De Meern,,2005,20158.0
Vleuten-De Meern,,2019,20158.0
Vleuten-De Meern,,2020,20158.0
Vlieland,,1988,1050.0
Vlieland,,2000,1201.0
Vlieland,,2005,1133.0
Vlieland,,2019,1138.0
Vlieland,,2020,1155.0
Vlijmen,,1988,15507.0
Vlijmen,,2000,15507.0
Vlijmen,,2005,15507.0
Vlijmen,,2019,15507.0
Vlijmen,,2020,15507.0
Vlissingen,,1988,44496.0
Vlissingen,,2000,44342.0
Vlissingen,,2005,45372.0
Vlissingen,,2019,44371.0
Vlissingen,,2020,44360.0
Vlist,,1988,9549.0
Vlist,,2000,9772.0
Vlist,,2005,9793.0
Vlist,,2019,9793.0
Vlist,,2020,9793.0
Vlodrop,,1988,2520.0
Vlodrop,,2000,2520.0
Vlodrop,,2005,2520.0
Vlodrop,,2019,2520.0
Vlodrop,,2020,2520.0
Voerendaal,,1988,13215.0
Voerendaal,,2000,13066.0
Voerendaal,,2005,12953.0
Voerendaal,,2019,12452.0
Voerendaal,,2020,12475.0
Voorburg,,1988,40907.0
Voorburg,,2000,38496.0
Voorburg,,2005,38496.0
Voorburg,,2019,38496.0
Voorburg,,2020,38496.0
Voorhout,,1988,9211.0
Voorhout,,2000,13557.0
Voorhout,,2005,14918.0
Voorhout,,2019,14918.0
Voorhout,,2020,14918.0
Voorne aan Zee,,1988,75012.0
Voorne aan Zee,,2000,75012.0
Voorne aan Zee,,2005,75012.0
Voorne aan Zee,,2019,75012.0
Voorne aan Zee,,2020,75012.0
Voorne aan Zee,,2026,75012.0
Voorschoten,,1988,22315.0
Voorschoten,,2000,22662.0
Voorschoten,,2005,22712.0
Voorschoten,,2019,25479.0
Voorschoten,,2020,25596.0
Voorst,,1988,23744.0
Voorst,,2000,23685.0
Voorst,,2005,23557.0
Voorst,,2019,24417.0
Voorst,,2020,24552.0
Vorden,,1988,7260.0
Vorden,,2000,8466.0
Vorden,,2005,8466.0
Vorden,,2019,8466.0
Vorden,,2020,8466.0
Vries,,1988,9716.0
Vries,,2000,9716.0
Vries,,2005,9716.0
Vries,,2019,9716.0
Vries,,2020,9716.0
Vriezenveen,,1988,18484.0
Vriezenveen,,2000,19944.0
Vriezenveen,,2005,19944.0
Vriezenveen,,2019,19944.0
Vriezenveen,,2020,19944.0
Vught,,1988,23585.0
Vught,,2000,25334.0
Vught,,2005,25239.0
Vught,,2019,26396.0
Vught,,2020,26558.0
Waadhoeke,,1988,46039.0
Waadhoeke,,2000,46039.0
Waadhoeke,,2005,46039.0
Waadhoeke,,2019,46039.0
Waadhoeke,,2020,46090.0
Waalre,,1988,15059.0
Waalre,,2000,16260.0
Waalre,,2005,16477.0
Waalre,,2019,17247.0
Waalre,,2020,17456.0
Waalwijk,,1988,28542.0
Waalwijk,,2000,45333.0
Waalwijk,,2005,45708.0
Waalwijk,,2019,48240.0
Waalwijk,,2020,48637.0
Waddinxveen,,1988,24326.0
Waddinxveen,,2000,26644.0
Waddinxveen,,2005,26217.0
Waddinxveen,,2019,28316.0
Waddinxveen,,2020,29291.0
Wageningen,,1988,32721.0
Wageningen,,2000,33440.0
Wageningen,,2005,35219.0
Wageningen,,2019,38774.0
Wageningen,,2020,39664.0
Wanroij,,1988,4928.0
Wanroij,,2000,4928.0
Wanroij,,2005,4928.0
Wanroij,,2019,4928.0
Wanroij,,2020,4928.0
Warffum,,1988,2377.0
Warffum,,2000,2377.0
Warffum,,2005,2377.0
Warffum,,2019,2377.0
Warffum,,2020,2377.0
Warmenhuizen,,1988,4628.0
Warmenhuizen,,2000,4628.0
Warmenhuizen,,2005,4628.0
Warmenhuizen,,2019,4628.0
Warmenhuizen,,2020,4628.0
Warmond,,1988,5105.0
Warmond,,2000,5238.0
Warmond,,2005,4901.0
Warmond,,2019,4901.0
Warmond,,2020,4901.0
Warnsveld,,1988,10004.0
Warnsveld,,2000,8933.0
Warnsveld,,2005,8933.0
Warnsveld,,2019,8933.0
Warnsveld,,2020,8933.0
Waspik,,1988,4773.0
Waspik,,2000,4773.0
Waspik,,2005,4773.0
Waspik,,2019,4773.0
Waspik,,2020,4773.0
Wassenaar,,1988,26044.0
Wassenaar,,2000,25999.0
Wassenaar,,2005,25557.0
Wassenaar,,2019,26211.0
Wassenaar,,2020,26305.0
Wateringen,,1988,15061.0
Wateringen,,2000,15262.0
Wateringen,,2005,15262.0
Wateringen,,2019,15262.0
Wateringen,,2020,15262.0
Waterland,,1988,17389.0
Waterland,,2000,17389.0
Waterland,,2005,17343.0
Waterland,,2019,17315.0
Waterland,,2020,17424.0
Weerselo,,1988,8527.0
Weerselo,,2000,9270.0
Weerselo,,2005,9270.0
Weerselo,,2019,9270.0
Weerselo,,2020,9270.0
Weert,,1988,39827.0
Weert,,2000,47959.0
Weert,,2005,48707.0
Weert,,2019,49842.0
Weert,,2020,50105.0
Weesp,,1988,18484.0
Weesp,,2000,18111.0
Weesp,,2005,17671.0
Weesp,,2019,19334.0
Weesp,,2020,19738.0
Wehl,,1988,6411.0
Wehl,,2000,6683.0
Wehl,,2005,6683.0
Wehl,,2019,6683.0
Wehl,,2020,6683.0
Werkendam,,1988,18344.0
Werkendam,,2000,25958.0
Werkendam,,2005,26518.0
Werkendam,,2019,26518.0
Werkendam,,2020,26518.0
Wervershoof,,1988,7319.0
Wervershoof,,2000,8457.0
Wervershoof,,2005,8557.0
Wervershoof,,2019,8557.0
Wervershoof,,2020,8557.0
Wessem,,1988,2147.0
Wessem,,2000,2147.0
Wessem,,2005,2147.0
Wessem,,2019,2147.0
Wessem,,2020,2147.0
West Betuwe,,1988,50697.0
West Betuwe,,2000,50697.0
West Betuwe,,2005,50697.0
West Betuwe,,2019,50697.0
West Betuwe,,2020,51128.0
West Maas en Waal,,1988,16711.0
West Maas en Waal,,2000,18092.0
West Maas en Waal,,2005,18315.0
West Maas en Waal,,2019,19076.0
West Maas en Waal,,2020,19324.0
Westerbork,,1988,7669.0
Westerbork,,2000,7669.0
Westerbork,,2005,7669.0
Westerbork,,2019,7669.0
Westerbork,,2020,7669.0
Westerhoven,,1988,1738.0
Westerhoven,,2000,1738.0
Westerhoven,,2005,1738.0
Westerhoven,,2019,1738.0
Westerhoven,,2020,1738.0
Wester-Koggenland,,1988,12689.0
Wester-Koggenland,,2000,13414.0
Wester-Koggenland,,2005,14043.0
Wester-Koggenland,,2019,14043.0
Wester-Koggenland,,2020,14043.0
Westerkwartier,,1988,63031.0
Westerkwartier,,2000,63031.0
Westerkwartier,,2005,63031.0
Westerkwartier,,2019,63031.0
Westerkwartier,,2020,63329.0
Westerschouwen,,1988,5350.0
Westerschouwen,,2000,5350.0
Westerschouwen,,2005,5350.0
Westerschouwen,,2019,5350.0
Westerschouwen,,2020,5350.0
Westerveld,,1988,18888.0
Westerveld,,2000,18888.0
Westerveld,,2005,19131.0
Westerveld,,2019,19348.0
Westerveld,,2020,19460.0
Westervoort,,1988,14827.0
Westervoort,,2000,16225.0
Westervoort,,2005,15945.0
Westervoort,,2019,14944.0
Westervoort,,2020,14971.0
Westerwolde,,1988,25199.0
Westerwolde,,2000,25199.0
Westerwolde,,2005,25199.0
Westerwolde,,2019,25199.0
Westerwolde,,2020,25733.0
Westkapelle,,1988,2668.0
Westkapelle,,2000,2668.0
Westkapelle,,2005,2668.0
Westkapelle,,2019,2668.0
Westkapelle,,2020,2668.0
Westland,,1988,97858.0
Westland,,2000,97858.0
Westland,,2005,97858.0
Westland,,2019,108603.0
Westland,,2020,110375.0
Weststellingwerf,,1988,24576.0
Weststellingwerf,,2000,24990.0
Weststellingwerf,,2005,25958.0
Weststellingwerf,,2019,25840.0
Weststellingwerf,,2020,25914.0
Westvoorne,,1988,13311.0
Westvoorne,,2000,13857.0
Westvoorne,,2005,14243.0
Westvoorne,,2019,14626.0
Westvoorne,,2020,14731.0
Wierden,,1988,22017.0
Wierden,,2000,23392.0
Wierden,,2005,23493.0
Wierden,,2019,24351.0
Wierden,,2020,24446.0
Wieringen,,1988,8078.0
Wieringen,,2000,8297.0
Wieringen,,2005,8582.0
Wieringen,,2019,8582.0
Wieringen,,2020,8582.0
Wieringermeer,,1988,11630.0
Wieringermeer,,2000,12257.0
Wieringermeer,,2005,12496.0
Wieringermeer,,2019,12496.0
Wieringermeer,,2020,12496.0
Wijchen,,1988,32818.0
Wijchen,,2000,38112.0
Wijchen,,2005,39912.0
Wijchen,,2019,40951.0
Wijchen,,2020,41110.0
Wijdemeren,,1988,23298.0
Wijdemeren,,2000,23298.0
Wijdemeren,,2005,23298.0
Wijdemeren,,2019,24013.0
Wijdemeren,,2020,24358.0
Wijdewormer,,1988,1354.0
Wijdewormer,,2000,1354.0
Wijdewormer,,2005,1354.0
Wijdewormer,,2019,1354.0
Wijdewormer,,2020,1354.0
Wijhe,,1988,7236.0
Wijhe,,2000,7639.0
Wijhe,,2005,7639.0
Wijhe,,2019,7639.0
Wijhe,,2020,7639.0
De Wijk,,1988,4781.0
De Wijk,,2000,4781.0
De Wijk,,2005,4781.0
De Wijk,,2019,4781.0
De Wijk,,2020,4781.0
Wijk bij Duurstede,,1988,14974.0
Wijk bij Duurstede,,2000,23079.0
Wijk bij Duurstede,,2005,23580.0
Wijk bij Duurstede,,2019,23762.0
Wijk bij Duurstede,,2020,23914.0
Willemstad,,1988,3349.0
Willemstad,,2000,3349.0
Willemstad,,2005,3349.0
Willemstad,,2019,3349.0
Willemstad,,2020,3349.0
Willeskop,,1988,987.0
Willeskop,,2000,987.0
Willeskop,,2005,987.0
Willeskop,,2019,987.0
Willeskop,,2020,987.0
Wilnis,,1988,6020.0
Wilnis,,2000,6020.0
Wilnis,,2005,6020.0
Wilnis,,2019,6020.0
Wilnis,,2020,6020.0
Winschoten,,1988,19895.0
Winschoten,,2000,18596.0
Winschoten,,2005,18458.0
Winschoten,,2019,18458.0
Winschoten,,2020,18458.0
Winsum,,1988,6485.0
Winsum,,2000,13914.0
Winsum,,2005,14321.0
Winsum,,2019,14321.0
Winsum,,2020,14321.0
Winterswijk,,1988,28011.0
Winterswijk,,2000,28561.0
Winterswijk,,2005,29275.0
Winterswijk,,2019,28903.0
Winterswijk,,2020,28854.0
Wisch,,1988,19993.0
Wisch,,2000,19617.0
Wisch,,2005,19617.0
Wisch,,2019,19617.0
Wisch,,2020,19617.0
Wissenkerke,,1988,3126.0
Wissenkerke,,2000,3126.0
Wissenkerke,,2005,3126.0
Wissenkerke,,2019,3126.0
Wissenkerke,,2020,3126.0
Wittem,,1988,7630.0
Wittem,,2000,7630.0
Wittem,,2005,7630.0
Wittem,,2019,7630.0
Wittem,,2020,7630.0
Woensdrecht,,1988,9955.0
Woensdrecht,,2000,20995.0
Woensdrecht,,2005,21217.0
Woensdrecht,,2019,21866.0
Woensdrecht,,2020,21876.0
Woerden,,1988,27781.0
Woerden,,2000,38095.0
Woerden,,2005,48118.0
Woerden,,2019,52197.0
Woerden,,2020,52299.0
Wognum,,1988,7254.0
Wognum,,2000,7939.0
Wognum,,2005,8130.0
Wognum,,2019,8130.0
Wognum,,2020,8130.0
De Wolden,,1988,23571.0
De Wolden,,2000,23571.0
De Wolden,,2005,23844.0
De Wolden,,2019,24110.0
De Wolden,,2020,24330.0
Wormer,,1988,11240.0
Wormer,,2000,11240.0
Wormer,,2005,11240.0
Wormer,,2019,11240.0
Wormer,,2020,11240.0
Wormerland,,1988,15202.0
Wormerland,,2000,15202.0
Wormerland,,2005,15836.0
Wormerland,,2019,16329.0
Wormerland,,2020,16270.0
Woubrugge,,1988,5142.0
Woubrugge,,2000,5142.0
Woubrugge,,2005,5142.0
Woubrugge,,2019,5142.0
Woubrugge,,2020,5142.0
Woudenberg,,1988,9694.0
Woudenberg,,2000,10914.0
Woudenberg,,2005,11237.0
Woudenberg,,2019,13166.0
Woudenberg,,2020,13362.0
Woudrichem,,1988,13277.0
Woudrichem,,2000,14050.0
Woudrichem,,2005,14404.0
Woudrichem,,2019,14404.0
Woudrichem,,2020,14404.0
Wouw,,1988,8392.0
Wouw,,2000,8392.0
Wouw,,2005,8392.0
Wouw,,2019,8392.0
Wouw,,2020,8392.0
Wûnseradiel,,1988,11516.0
Wûnseradiel,,2000,11804.0
Wûnseradiel,,2005,11881.0
Wûnseradiel,,2019,11881.0
Wûnseradiel,,2020,11881.0
Wymbritseradiel,,1988,14481.0
Wymbritseradiel,,2000,15846.0
Wymbritseradiel,,2005,16354.0
Wymbritseradiel,,2019,16354.0
Wymbritseradiel,,2020,16354.0
Zaanstad,,1988,128833.0
Zaanstad,,2000,135762.0
Zaanstad,,2005,139817.0
Zaanstad,,2019,155885.0
Zaanstad,,2020,156794.0
Zaltbommel,,1988,9480.0
Zaltbommel,,2000,25545.0
Zaltbommel,,2005,26145.0
Zaltbommel,,2019,28451.0
Zaltbommel,,2020,28881.0
't Zandt,,1988,2468.0
't Zandt,,2000,2468.0
't Zandt,,2005,2468.0
't Zandt,,2019,2468.0
't Zandt,,2020,2468.0
Zandvoort,,1988,15575.0
Zandvoort,,2000,15877.0
Zandvoort,,2005,16709.0
Zandvoort,,2019,17011.0
Zandvoort,,2020,17116.0
Zederik,,1988,12936.0
Zederik,,2000,13697.0
Zederik,,2005,13553.0
Zederik,,2019,13553.0
Zederik,,2020,13553.0
Zeeland,,1988,5644.0
Zeeland,,2000,5644.0
Zeeland,,2005,5644.0
Zeeland,,2019,5644.0
Zeeland,,2020,5644.0
Zeevang,,1988,5646.0
Zeevang,,2000,6338.0
Zeevang,,2005,6268.0
Zeevang,,2019,6268.0
Zeevang,,2020,6268.0
Zeewolde,,1988,4552.0
Zeewolde,,2000,17258.0
Zeewolde,,2005,19120.0
Zeewolde,,2019,22309.0
Zeewolde,,2020,22653.0
Zegveld,,1988,2139.0
Zegveld,,2000,2139.0
Zegveld,,2005,2139.0
Zegveld,,2019,2139.0
Zegveld,,2020,2139.0
Zeist,,1988,59727.0
Zeist,,2000,60020.0
Zeist,,2005,60408.0
Zeist,,2019,63934.0
Zeist,,2020,64905.0
Zelhem,,1988,11255.0
Zelhem,,2000,11252.0
Zelhem,,2005,11252.0
Zelhem,,2019,11252.0
Zelhem,,2020,11252.0
Zevenaar,,1988,26495.0
Zevenaar,,2000,26299.0
Zevenaar,,2005,31499.0
Zevenaar,,2019,43488.0
Zevenaar,,2020,43750.0
Zevenbergen,,1988,15463.0
Zevenbergen,,2000,15463.0
Zevenbergen,,2005,15463.0
Zevenbergen,,2019,15463.0
Zevenbergen,,2020,15463.0
Zevenhoven,,1988,2790.0
Zevenhoven,,2000,2790.0
Zevenhoven,,2005,2790.0
Zevenhoven,,2019,2790.0
Zevenhoven,,2020,2790.0
Zevenhuizen,,1988,6388.0
Zevenhuizen,,2000,6388.0
Zevenhuizen,,2005,6388.0
Zevenhuizen,,2019,6388.0
Zevenhuizen,,2020,6388.0
Zevenhuizen-Moerkapelle,,1988,9924.0
Zevenhuizen-Moerkapelle,,2000,9924.0
Zevenhuizen-Moerkapelle,,2005,10270.0
Zevenhuizen-Moerkapelle,,2019,10270.0
Zevenhuizen-Moerkapelle,,2020,10270.0
Zierikzee,,1988,9818.0
Zierikzee,,2000,9818.0
Zierikzee,,2005,9818.0
Zierikzee,,2019,9818.0
Zierikzee,,2020,9818.0
Zijpe,,1988,8652.0
Zijpe,,2000,11155.0
Zijpe,,2005,11484.0
Zijpe,,2019,11484.0
Zijpe,,2020,11484.0
Zoetermeer,,1988,88241.0
Zoetermeer,,2000,109941.0
Zoetermeer,,2005,115792.0
Zoetermeer,,2019,124944.0
Zoetermeer,,2020,125285.0
Zoeterwoude,,1988,8282.0
Zoeterwoude,,2000,8679.0
Zoeterwoude,,2005,8509.0
Zoeterwoude,,2019,8450.0
Zoeterwoude,,2020,8605.0
Zuidhorn,,1988,7554.0
Zuidhorn,,2000,18087.0
Zuidhorn,,2005,18287.0
Zuidhorn,,2019,18287.0
Zuidhorn,,2020,18287.0
Zuidlaren,,1988,10648.0
Zuidlaren,,2000,10648.0
Zuidlaren,,2005,10648.0
Zuidlaren,,2019,10648.0
Zuidlaren,,2020,10648.0
Zuidplas,,1988,42762.0
Zuidplas,,2000,42762.0
Zuidplas,,2005,42762.0
Zuidplas,,2019,42762.0
Zuidplas,,2020,43885.0
Zuidwolde,,1988,9447.0
Zuidwolde,,2000,9447.0
Zuidwolde,,2005,9447.0
Zuidwolde,,2019,9447.0
Zuidwolde,,2020,9447.0
Zundert,,1988,13333.0
Zundert,,2000,20155.0
Zundert,,2005,20554.0
Zundert,,2019,21612.0
Zundert,,2020,21829.0
Zutphen,,1988,30942.0
Zutphen,,2000,35165.0
Zutphen,,2005,46192.0
Zutphen,,2019,47609.0
Zutphen,,2020,47934.0
Zwartewaterland,,1988,21877.0
Zwartewaterland,,2000,21877.0
Zwartewaterland,,2005,21877.0
Zwartewaterland,,2019,22503.0
Zwartewaterland,,2020,22685.0
Zwartsluis,,1988,4507.0
Zwartsluis,,2000,4661.0
Zwartsluis,,2005,4661.0
Zwartsluis,,2019,4661.0
Zwartsluis,,2020,4661.0
Zweeloo,,1988,2754.0
Zweeloo,,2000,2754.0
Zweeloo,,2005,2754.0
Zweeloo,,2019,2754.0
Zweeloo,,2020,2754.0
Zwijndrecht,,1988,41114.0
Zwijndrecht,,2000,41515.0
Zwijndrecht,,2005,45209.0
Zwijndrecht,,2019,44639.0
Zwijndrecht,,2020,44737.0
Zwolle,,1988,90570.0
Zwolle,,2000,105801.0
Zwolle,,2005,111900.0
Zwolle,,2019,127497.0
Zwolle,,2020,128840.0
Centraal persoonsregister (CPR),,1988,1419.0
Centraal persoonsregister (CPR),,2000,1419.0
Centraal persoonsregister (CPR),,2005,1419.0
Centraal persoonsregister (CPR),,2019,1419.0
Centraal persoonsregister (CPR),,2020,1419.0
