{"type": "FeatureCollection", "features": [{"type": "Feature", "id": 1, "geometry": {"type": "Polygon", "coordinates": [[[4.215945, 49.954411], [4.218054, 49.938041], [4.216999, 49.916794], [4.224272, 49.907104], [4.233611, 49.89804], [4.24664, 49.880802], [4.250222, 49.87019], [4.249914, 49.860983], [4.247893, 49.854523], [4.239192, 49.842076], [4.223635, 49.824607], [4.217439, 49.8135], [4.209836, 49.778223], [4.212649, 49.771411], [4.228513, 49.761403], [4.235324, 49.750043], [4.234863, 49.736706], [4.230974, 49.727378], [4.221174, 49.720193], [4.185205, 49.699209], [4.169802, 49.687223], [4.161123, 49.682653], [4.151213, 49.679863], [4.140974, 49.673864], [4.130427, 49.665185], [4.117551, 49.648705], [4.105422, 49.641982], [4.093952, 49.638938], [4.073628, 49.639455], [4.06341, 49.637741], [4.054204, 49.633665], [4.046447, 49.6257], [4.048623, 49.618723], [4.056687, 49.604211], [4.061389, 49.590774], [4.065256, 49.58393], [4.070529, 49.577074], [4.073166, 49.567307], [4.070222, 49.559331], [4.065564, 49.549817], [4.065871, 49.541677], [4.069914, 49.533019], [4.071936, 49.522615], [4.066487, 49.5161], [4.048469, 49.505246], [4.041965, 49.496149], [4.043042, 49.487448], [4.048469, 49.479615], [4.067278, 49.458817], [4.072243, 49.447578], [4.052512, 49.444788], [4.043503, 49.440295], [4.037768, 49.434549], [4.033879, 49.426749], [4.047238, 49.421761], [4.05528, 49.407292], [4.05405, 49.382056], [4.051106, 49.375179], [4.046601, 49.366829], [4.040866, 49.361951], [4.032033, 49.359831], [4.02197, 49.361589], [4.003337, 49.370059], [3.99602, 49.370729], [3.984221, 49.369334], [3.974004, 49.363237], [3.963611, 49.36205], [3.953371, 49.3635], [3.924961, 49.376629], [3.914414, 49.379672], [3.901867, 49.381177], [3.877939, 49.381012], [3.865525, 49.376651], [3.859021, 49.371202], [3.859021, 49.36495], [3.860866, 49.358381], [3.861042, 49.352129], [3.857483, 49.347328], [3.84988, 49.345779], [3.787653, 49.340242], [3.703366, 49.324532], [3.668166, 49.312392], [3.650149, 49.302834], [3.651862, 49.29555], [3.662541, 49.280762], [3.665661, 49.272962], [3.667243, 49.265524], [3.670979, 49.222732], [3.673, 49.215888], [3.675307, 49.210021], [3.679812, 49.205648], [3.688183, 49.204363], [3.697016, 49.203869], [3.705234, 49.201727], [3.711123, 49.196585], [3.716858, 49.190509], [3.724987, 49.185709], [3.741731, 49.17927], [3.745598, 49.175293], [3.746674, 49.16969], [3.742346, 49.160671], [3.733952, 49.154134], [3.723735, 49.149355], [3.713298, 49.147333], [3.702597, 49.146301], [3.659597, 49.151189], [3.649226, 49.150563], [3.635866, 49.146663], [3.629538, 49.143049], [3.625495, 49.138401], [3.623957, 49.132557], [3.62332, 49.126437], [3.624397, 49.119692], [3.629055, 49.106332], [3.629231, 49.098818], [3.626111, 49.090336], [3.6182, 49.079438], [3.608532, 49.07122], [3.600952, 49.066771], [3.586384, 49.060311], [3.584362, 49.054707], [3.583879, 49.049456], [3.583879, 49.044556], [3.584824, 49.041326], [3.587461, 49.0368], [3.594734, 49.033339], [3.604204, 49.031845], [3.636811, 49.034273], [3.647204, 49.034163], [3.65696, 49.033031], [3.665178, 49.029724], [3.671286, 49.024341], [3.670803, 49.015508], [3.665793, 49.00884], [3.657575, 49.003412], [3.648127, 48.999127], [3.631384, 48.987944], [3.619914, 48.974068], [3.601875, 48.966004], [3.590559, 48.958973], [3.586076, 48.951689], [3.581726, 48.941669], [3.574123, 48.933451], [3.511765, 48.89267], [3.503064, 48.884354], [3.492341, 48.87128], [3.477905, 48.850098], [3.449538, 48.846945], [3.435212, 48.848384], [3.418645, 48.852856], [3.383093, 48.870763], [3.374568, 48.880475], [3.372854, 48.887276], [3.371294, 48.899493], [3.367273, 48.91484], [3.36323, 48.920477], [3.356418, 48.924739], [3.348354, 48.923783], [3.331919, 48.917433], [3.319944, 48.919905], [3.175957, 49.004346], [3.169145, 49.010345], [3.165739, 49.019046], [3.165564, 49.023726], [3.1682, 49.02967], [3.172397, 49.036185], [3.175649, 49.046105], [3.174089, 49.055663], [3.159016, 49.078141], [3.149084, 49.087051], [3.140866, 49.093149], [3.079738, 49.1062], [3.056316, 49.095401], [3.045285, 49.092303], [3.029773, 49.093072], [3.016281, 49.092094], [3.002329, 49.088172], [2.986618, 49.078866], [2.978554, 49.078141], [2.963833, 49.086359], [2.953593, 49.088941], [2.937927, 49.084546], [2.859397, 49.075043], [2.804465, 49.085897], [2.794709, 49.086667], [2.784931, 49.08548], [2.774077, 49.079635], [2.768737, 49.074109], [2.763464, 49.07044], [2.75573, 49.067803], [2.745798, 49.067858], [2.735427, 49.071011], [2.730461, 49.073362], [2.720837, 49.080075], [2.712114, 49.082096], [2.691042, 49.075922], [2.680627, 49.075768], [2.66885, 49.081448], [2.650986, 49.094104], [2.626486, 49.097829], [2.583332, 49.084546], [2.562107, 49.096071], [2.553274, 49.104553], [2.549231, 49.110134], [2.54343, 49.115033], [2.535695, 49.117824], [2.518776, 49.112243], [2.509196, 49.112562], [2.334931, 49.176381], [2.318737, 49.179578], [2.30061, 49.176381], [2.266508, 49.161857], [2.252973, 49.161396], [2.23779, 49.163099], [2.17385, 49.181962], [2.149768, 49.185478], [2.134563, 49.184961], [2.108679, 49.194256], [2.095935, 49.200617], [2.088947, 49.206352], [2.081037, 49.210691], [2.071589, 49.211933], [2.057175, 49.208516], [2.04476, 49.203616], [2.002067, 49.182446], [1.987522, 49.177469], [1.967614, 49.174931], [1.920417, 49.173953], [1.8857, 49.167801], [1.86799, 49.172767], [1.838986, 49.175447], [1.792119, 49.185862], [1.760127, 49.185939], [1.748964, 49.187126], [1.737495, 49.189455], [1.725388, 49.195805], [1.718576, 49.203561], [1.715478, 49.214185], [1.712534, 49.221513], [1.698054, 49.230664], [1.69278, 49.243123], [1.690935, 49.249704], [1.692165, 49.252319], [1.705085, 49.265623], [1.714863, 49.269655], [1.725564, 49.270435], [1.735319, 49.267227], [1.743713, 49.261855], [1.755315, 49.250484], [1.757182, 49.249188], [1.760808, 49.247507], [1.767795, 49.245782], [1.775222, 49.246353], [1.780341, 49.248671], [1.782517, 49.249836], [1.78344, 49.251209], [1.776628, 49.267227], [1.749909, 49.310996], [1.721213, 49.382056], [1.717984, 49.410994], [1.716555, 49.423804], [1.721213, 49.435845], [1.730837, 49.450984], [1.737495, 49.464629], [1.741208, 49.469233], [1.743537, 49.470913], [1.747097, 49.471375], [1.753469, 49.473056], [1.761577, 49.477967], [1.767927, 49.489898], [1.769487, 49.498764], [1.761577, 49.508399], [1.751755, 49.509333], [1.741516, 49.50763], [1.732551, 49.504367], [1.726025, 49.503125], [1.719675, 49.503488], [1.712534, 49.509893], [1.709282, 49.521055], [1.705393, 49.555222], [1.701635, 49.567307], [1.69667, 49.577393], [1.69311, 49.607726], [1.693571, 49.626996], [1.689089, 49.633918], [1.683947, 49.639576], [1.680871, 49.64508], [1.687529, 49.650979], [1.707722, 49.658], [1.71906, 49.664328], [1.730354, 49.676709], [1.734858, 49.685345], [1.729431, 49.69376], [1.720752, 49.694485], [1.710227, 49.692651], [1.699614, 49.689706], [1.689704, 49.68808], [1.680695, 49.688959], [1.679157, 49.697045], [1.685354, 49.709624], [1.719499, 49.745418], [1.7282, 49.752625], [1.746174, 49.759261], [1.754546, 49.765622], [1.753469, 49.776806], [1.750349, 49.783705], [1.7409, 49.798042], [1.720444, 49.820004], [1.710227, 49.835022], [1.695417, 49.874222], [1.680871, 49.888482], [1.516384, 50.000674], [1.373069, 50.06572], [1.391287, 50.075181], [1.444102, 50.117255], [1.455821, 50.123603], [1.464529, 50.132148], [1.486827, 50.185045], [1.521007, 50.214667], [1.555349, 50.217719], [1.654307, 50.186591], [1.664073, 50.187079], [1.672537, 50.192532], [1.672537, 50.199368], [1.661957, 50.19892], [1.655284, 50.200507], [1.650076, 50.204779], [1.644542, 50.212388], [1.66505, 50.212388], [1.66505, 50.219794], [1.645681, 50.220038], [1.625499, 50.224311], [1.610037, 50.232245], [1.603526, 50.243476], [1.593923, 50.256293], [1.551117, 50.26968], [1.541515, 50.277899], [1.543142, 50.310004], [1.551524, 50.349066], [1.572032, 50.375678], [1.594981, 50.372667], [1.610362, 50.370673], [1.610362, 50.376898], [1.555186, 50.404771], [1.555186, 50.411566], [1.573497, 50.44538], [1.574229, 50.492377], [1.579275, 50.533148], [1.610362, 50.548163], [1.583344, 50.574693], [1.577891, 50.588609], [1.573578, 50.635565], [1.563162, 50.67829], [1.562673, 50.698961], [1.567638, 50.716742], [1.588715, 50.756293], [1.600108, 50.770982], [1.605642, 50.790025], [1.599294, 50.812934], [1.583181, 50.849799], [1.580821, 50.863715], [1.580577, 50.868801], [1.604828, 50.881049], [1.613455, 50.883368], [1.634288, 50.884589], [1.653331, 50.889106], [1.670177, 50.900092], [1.699067, 50.925605], [1.729828, 50.943915], [1.921397, 50.996772], [1.939301, 50.994452], [1.973481, 51.007148], [2.063324, 51.01432], [2.134044, 51.019965], [2.305512, 51.055406], [2.316091, 51.059027], [2.324474, 51.059882], [2.384451, 51.055325], [2.466075, 51.068793], [2.506684, 51.080756], [2.521495, 51.087388], [2.5218, 51.087541], [2.537033, 51.06461], [2.547059, 51.020479], [2.55698, 51.001177], [2.592741, 50.976114], [2.60845, 50.961128], [2.611654, 50.941233], [2.605763, 50.935238], [2.582715, 50.920666], [2.576928, 50.911519], [2.596668, 50.867646], [2.595531, 50.861134], [2.58778, 50.850024], [2.586746, 50.845425], [2.58995, 50.842014], [2.602042, 50.838087], [2.60659, 50.834831], [2.615168, 50.82217], [2.620439, 50.816486], [2.627777, 50.814419], [2.642453, 50.812455], [2.650618, 50.812248], [2.669222, 50.813902], [2.67873, 50.81323], [2.691856, 50.808838], [2.69692, 50.80305], [2.700021, 50.79628], [2.706635, 50.788787], [2.743842, 50.766205], [2.749527, 50.75959], [2.762963, 50.739385], [2.768234, 50.733235], [2.786734, 50.723365], [2.866726, 50.700091], [2.871276, 50.698767], [2.886883, 50.696648], [2.900112, 50.703108], [2.930188, 50.736232], [2.948378, 50.748686], [2.971425, 50.757833], [3.023817, 50.768262], [3.103304, 50.784085], [3.129245, 50.779072], [3.146195, 50.768892], [3.162811, 50.749939], [3.176684, 50.734114], [3.188983, 50.715097], [3.196941, 50.709206], [3.210997, 50.707965], [3.224433, 50.705175], [3.232391, 50.695925], [3.24376, 50.672102], [3.229808, 50.65541], [3.237869, 50.626472], [3.264327, 50.570196], [3.265878, 50.538312], [3.271045, 50.526943], [3.286755, 50.514075], [3.299881, 50.507461], [3.343599, 50.49294], [3.361066, 50.489787], [3.385354, 50.491648], [3.429175, 50.501828], [3.442714, 50.508494], [3.452636, 50.514851], [3.462868, 50.51914], [3.477131, 50.519863], [3.491497, 50.517073], [3.498008, 50.511853], [3.496458, 50.503792], [3.486743, 50.492681], [3.499145, 50.48679], [3.563741, 50.486532], [3.586375, 50.483483], [3.608286, 50.476507], [3.62813, 50.464363], [3.644356, 50.445501], [3.652831, 50.406847], [3.652934, 50.360183], [3.661719, 50.319307], [3.696859, 50.298223], [3.700787, 50.304683], [3.702234, 50.305251], [3.703887, 50.304321], [3.708435, 50.306336], [3.711122, 50.309333], [3.715463, 50.317653], [3.733446, 50.337239], [3.741508, 50.34313], [3.755047, 50.346334], [3.798662, 50.348452], [3.84021, 50.345197], [3.86088, 50.338479], [3.878037, 50.330779], [3.895917, 50.325301], [3.918551, 50.325456], [3.982113, 50.342613], [4.0033, 50.34406], [4.022731, 50.338117], [4.055907, 50.314553], [4.077198, 50.306646], [4.097868, 50.294812], [4.125257, 50.25714], [4.143654, 50.251611], [4.150992, 50.256262], [4.149751, 50.263135], [4.150268, 50.269543], [4.162774, 50.272953], [4.171766, 50.270886], [4.185201, 50.26546], [4.197604, 50.258484], [4.203702, 50.251973], [4.201325, 50.241534], [4.191506, 50.234299], [4.167942, 50.222465], [4.157296, 50.212698], [4.152749, 50.204534], [4.147374, 50.186343], [4.128151, 50.146243], [4.125774, 50.128156], [4.139933, 50.123557], [4.15988, 50.129396], [4.170629, 50.130481], [4.180551, 50.127226], [4.197397, 50.084076], [4.203392, 50.074671], [4.210316, 50.066713], [4.210006, 50.06015], [4.186028, 50.05245], [4.162877, 50.041805], [4.144584, 50.030797], [4.137349, 50.025061], [4.132285, 50.017568], [4.128151, 50.005786], [4.132905, 50.004494], [4.138383, 49.989198], [4.139623, 49.974522], [4.132365, 49.974946], [4.131665, 49.974987], [4.187682, 49.955505], [4.201118, 49.953024], [4.215945, 49.954411]]]}, "properties": {"source": "https://simplemaps.com", "id": "FRHDF", "name": "Hauts de France"}}, {"type": "Feature", "id": 2, "geometry": {"type": "Polygon", "coordinates": [[[3.477905, 48.850098], [3.492341, 48.87128], [3.503064, 48.884354], [3.511765, 48.89267], [3.574123, 48.933451], [3.581726, 48.941669], [3.586076, 48.951689], [3.590559, 48.958973], [3.601875, 48.966004], [3.619914, 48.974068], [3.631384, 48.987944], [3.648127, 48.999127], [3.657575, 49.003412], [3.665793, 49.00884], [3.670803, 49.015508], [3.671286, 49.024341], [3.665178, 49.029724], [3.65696, 49.033031], [3.647204, 49.034163], [3.636811, 49.034273], [3.604204, 49.031845], [3.594734, 49.033339], [3.587461, 49.0368], [3.584824, 49.041326], [3.583879, 49.044556], [3.583879, 49.049456], [3.584362, 49.054707], [3.586384, 49.060311], [3.600952, 49.066771], [3.608532, 49.07122], [3.6182, 49.079438], [3.626111, 49.090336], [3.629231, 49.098818], [3.629055, 49.106332], [3.624397, 49.119692], [3.62332, 49.126437], [3.623957, 49.132557], [3.625495, 49.138401], [3.629538, 49.143049], [3.635866, 49.146663], [3.649226, 49.150563], [3.659597, 49.151189], [3.702597, 49.146301], [3.713298, 49.147333], [3.723735, 49.149355], [3.733952, 49.154134], [3.742346, 49.160671], [3.746674, 49.16969], [3.745598, 49.175293], [3.741731, 49.17927], [3.724987, 49.185709], [3.716858, 49.190509], [3.711123, 49.196585], [3.705234, 49.201727], [3.697016, 49.203869], [3.688183, 49.204363], [3.679812, 49.205648], [3.675307, 49.210021], [3.673, 49.215888], [3.670979, 49.222732], [3.667243, 49.265524], [3.665661, 49.272962], [3.662541, 49.280762], [3.651862, 49.29555], [3.650149, 49.302834], [3.668166, 49.312392], [3.703366, 49.324532], [3.787653, 49.340242], [3.84988, 49.345779], [3.857483, 49.347328], [3.861042, 49.352129], [3.860866, 49.358381], [3.859021, 49.36495], [3.859021, 49.371202], [3.865525, 49.376651], [3.877939, 49.381012], [3.901867, 49.381177], [3.914414, 49.379672], [3.924961, 49.376629], [3.953371, 49.3635], [3.963611, 49.36205], [3.974004, 49.363237], [3.984221, 49.369334], [3.99602, 49.370729], [4.003337, 49.370059], [4.02197, 49.361589], [4.032033, 49.359831], [4.040866, 49.361951], [4.046601, 49.366829], [4.051106, 49.375179], [4.05405, 49.382056], [4.05528, 49.407292], [4.047238, 49.421761], [4.033879, 49.426749], [4.037768, 49.434549], [4.043503, 49.440295], [4.052512, 49.444788], [4.072243, 49.447578], [4.067278, 49.458817], [4.048469, 49.479615], [4.043042, 49.487448], [4.041965, 49.496149], [4.048469, 49.505246], [4.066487, 49.5161], [4.071936, 49.522615], [4.069914, 49.533019], [4.065871, 49.541677], [4.065564, 49.549817], [4.070222, 49.559331], [4.073166, 49.567307], [4.070529, 49.577074], [4.065256, 49.58393], [4.061389, 49.590774], [4.056687, 49.604211], [4.048623, 49.618723], [4.046447, 49.6257], [4.054204, 49.633665], [4.06341, 49.637741], [4.073628, 49.639455], [4.093952, 49.638938], [4.105422, 49.641982], [4.117551, 49.648705], [4.130427, 49.665185], [4.140974, 49.673864], [4.151213, 49.679863], [4.161123, 49.682653], [4.169802, 49.687223], [4.185205, 49.699209], [4.221174, 49.720193], [4.230974, 49.727378], [4.234863, 49.736706], [4.235324, 49.750043], [4.228513, 49.761403], [4.212649, 49.771411], [4.209836, 49.778223], [4.217439, 49.8135], [4.223635, 49.824607], [4.239192, 49.842076], [4.247893, 49.854523], [4.249914, 49.860983], [4.250222, 49.87019], [4.24664, 49.880802], [4.233611, 49.89804], [4.224272, 49.907104], [4.216999, 49.916794], [4.218054, 49.938041], [4.215945, 49.954411], [4.277599, 49.960156], [4.427651, 49.933572], [4.435109, 49.93225], [4.464771, 49.935609], [4.604194, 49.980206], [4.645845, 49.984495], [4.656697, 49.989095], [4.665896, 50.000515], [4.672924, 50.01638], [4.680572, 50.048316], [4.679538, 50.055189], [4.675818, 50.060201], [4.67344, 50.066196], [4.676128, 50.076066], [4.681915, 50.083921], [4.788575, 50.153374], [4.815551, 50.161332], [4.820098, 50.146449], [4.831364, 50.1434], [4.862679, 50.147586], [4.871878, 50.139783], [4.870534, 50.122265], [4.86516, 50.101594], [4.862886, 50.084076], [4.852137, 50.091621], [4.84604, 50.09069], [4.827229, 50.064077], [4.826093, 50.055034], [4.827643, 50.046714], [4.826713, 50.036017], [4.788265, 49.974263], [4.783925, 49.958295], [4.797257, 49.944291], [4.844593, 49.931734], [4.860199, 49.913337], [4.861956, 49.900314], [4.859372, 49.891685], [4.854308, 49.883313], [4.848934, 49.871066], [4.845626, 49.865846], [4.836738, 49.859128], [4.834878, 49.853031], [4.836945, 49.848018], [4.846763, 49.837528], [4.849244, 49.831585], [4.849037, 49.794171], [4.858029, 49.786575], [4.884177, 49.784146], [4.906604, 49.786471], [4.950013, 49.796393], [4.968371, 49.796981], [4.970993, 49.797065], [4.98908, 49.790554], [5.026287, 49.766731], [5.046234, 49.759393], [5.081891, 49.752726], [5.093776, 49.745337], [5.136358, 49.705339], [5.151241, 49.695986], [5.169431, 49.687201], [5.192478, 49.682808], [5.237644, 49.690973], [5.259244, 49.691335], [5.280122, 49.677899], [5.299449, 49.662499], [5.306373, 49.647513], [5.301826, 49.643896], [5.293764, 49.640537], [5.290664, 49.626378], [5.293041, 49.617179], [5.297898, 49.613252], [5.314538, 49.611133], [5.32167, 49.61258], [5.326941, 49.617644], [5.331178, 49.623122], [5.334899, 49.625809], [5.3411, 49.625137], [5.352469, 49.620693], [5.383475, 49.613303], [5.391166, 49.608817], [5.402078, 49.602451], [5.450241, 49.545762], [5.454375, 49.536616], [5.454168, 49.526177], [5.450964, 49.516772], [5.44993, 49.507832], [5.456132, 49.498944], [5.477724, 49.495224], [5.503674, 49.505093], [5.528789, 49.51796], [5.547599, 49.523438], [5.578915, 49.51393], [5.587493, 49.512431], [5.602273, 49.513723], [5.60558, 49.517754], [5.607854, 49.524937], [5.619739, 49.53553], [5.644647, 49.543799], [5.667178, 49.54044], [5.688676, 49.533515], [5.710276, 49.531086], [5.722679, 49.5346], [5.735598, 49.545711], [5.746346, 49.549431], [5.757095, 49.548398], [5.779006, 49.539613], [5.790685, 49.537752], [5.822104, 49.510519], [5.839571, 49.499874], [5.864686, 49.492174], [5.928142, 49.482306], [5.946954, 49.469953], [5.9607, 49.441324], [5.978064, 49.445097], [6.06333, 49.448456], [6.078006, 49.452021], [6.078612, 49.452621], [6.087721, 49.461633], [6.097928, 49.464163], [6.099813, 49.46463], [6.100002, 49.465076], [6.102087, 49.470005], [6.101984, 49.476413], [6.107255, 49.482511], [6.114386, 49.484371], [6.142601, 49.486076], [6.13609, 49.495275], [6.159842, 49.496983], [6.193554, 49.499409], [6.221976, 49.497445], [6.249365, 49.490314], [6.251117, 49.48946], [6.298768, 49.466233], [6.325329, 49.456724], [6.345307, 49.455349], [6.353855, 49.45476], [6.3645, 49.456104], [6.366672, 49.457078], [6.371474, 49.459231], [6.383517, 49.46463], [6.391682, 49.466697], [6.402741, 49.465457], [6.494518, 49.435537], [6.511674, 49.424736], [6.517876, 49.416416], [6.520563, 49.408148], [6.520769, 49.402567], [6.518806, 49.402154], [6.52573, 49.395488], [6.574306, 49.361794], [6.577717, 49.3558], [6.573376, 49.347738], [6.555599, 49.34717], [6.550122, 49.338023], [6.556426, 49.326396], [6.573169, 49.313115], [6.639677, 49.271154], [6.641227, 49.266916], [6.63916, 49.256788], [6.640297, 49.252757], [6.645671, 49.250018], [6.659521, 49.246763], [6.663758, 49.243869], [6.671613, 49.225317], [6.674817, 49.221131], [6.675954, 49.218909], [6.677918, 49.211054], [6.680605, 49.207488], [6.685049, 49.207799], [6.698485, 49.213586], [6.702515, 49.213638], [6.70882, 49.197773], [6.703756, 49.185113], [6.700965, 49.172865], [6.713781, 49.158861], [6.725563, 49.155554], [6.770108, 49.155295], [6.809072, 49.145839], [6.821785, 49.147751], [6.839045, 49.162788], [6.835221, 49.179377], [6.827676, 49.195551], [6.833464, 49.209452], [6.843489, 49.211054], [6.885243, 49.204801], [6.914389, 49.206662], [6.925448, 49.205576], [6.987873, 49.182425], [7.009474, 49.181702], [7.008957, 49.146407], [7.020532, 49.118967], [7.042546, 49.107598], [7.073242, 49.12031], [7.074793, 49.125375], [7.071589, 49.130594], [7.070762, 49.136123], [7.079857, 49.142015], [7.085335, 49.141549], [7.123575, 49.123308], [7.139285, 49.117933], [7.154994, 49.114419], [7.241191, 49.113902], [7.268062, 49.105634], [7.274367, 49.105014], [7.280258, 49.108993], [7.2908, 49.123101], [7.297105, 49.128113], [7.305993, 49.130129], [7.326457, 49.131834], [7.334002, 49.13416], [7.339066, 49.139689], [7.3463, 49.15421], [7.350951, 49.159171], [7.367591, 49.165372], [7.371634, 49.166174], [7.391052, 49.170023], [7.410483, 49.168938], [7.414823, 49.157776], [7.458025, 49.155864], [7.476112, 49.151523], [7.482726, 49.137054], [7.475285, 49.133901], [7.472804, 49.131627], [7.471047, 49.12832], [7.485103, 49.118709], [7.507738, 49.094575], [7.520863, 49.083672], [7.542671, 49.074577], [7.586389, 49.069564], [7.60861, 49.061968], [7.615948, 49.055973], [7.625663, 49.043003], [7.634965, 49.037783], [7.644932, 49.036295], [7.648814, 49.035716], [7.660803, 49.037731], [7.672482, 49.041039], [7.685091, 49.042796], [7.69615, 49.041556], [7.717337, 49.036595], [7.726949, 49.035664], [7.739145, 49.037731], [7.762606, 49.046155], [7.773665, 49.048118], [7.856864, 49.032254], [7.913811, 49.036181], [7.931898, 49.034838], [8.090441, 48.979182], [8.18873, 48.965746], [8.200305, 48.958563], [8.199892, 48.95825], [8.179325, 48.942698], [8.148112, 48.903734], [8.10274, 48.821311], [8.090338, 48.807513], [8.08424, 48.804051], [8.04755, 48.791028], [8.038765, 48.79077], [8.036594, 48.788289], [8.031943, 48.785344], [8.027293, 48.780021], [8.025122, 48.770616], [8.022952, 48.765087], [8.017267, 48.761831], [8.009619, 48.760074], [7.981507, 48.759764], [7.970138, 48.757283], [7.964867, 48.748343], [7.963627, 48.729275], [7.959183, 48.721368], [7.948434, 48.71186], [7.935205, 48.703333], [7.92332, 48.698217], [7.895931, 48.676513], [7.880635, 48.667728], [7.864098, 48.664163], [7.852419, 48.658685], [7.810252, 48.615018], [7.801777, 48.582359], [7.801673, 48.54758], [7.813455, 48.526341], [7.813455, 48.519468], [7.788444, 48.506343], [7.776455, 48.498178], [7.771287, 48.489109], [7.76922, 48.470066], [7.764156, 48.460351], [7.757645, 48.453891], [7.75072, 48.444408], [7.745656, 48.433014], [7.738318, 48.406607], [7.737181, 48.393481], [7.740385, 48.381441], [7.746896, 48.368677], [7.75196, 48.355344], [7.75072, 48.341366], [7.736974, 48.326664], [7.718578, 48.319997], [7.702454, 48.311187], [7.69553, 48.29018], [7.693463, 48.269871], [7.687158, 48.252921], [7.676616, 48.238401], [7.613364, 48.179205], [7.60675, 48.166983], [7.604786, 48.152566], [7.599722, 48.144711], [7.5929, 48.138665], [7.585666, 48.129725], [7.581976, 48.121353], [7.578948, 48.11448], [7.572643, 48.094973], [7.575744, 48.053709], [7.618945, 48.002653], [7.621116, 47.97144], [7.611607, 47.959399], [7.584942, 47.940408], [7.579568, 47.92705], [7.580808, 47.910798], [7.578948, 47.906328], [7.572643, 47.896302], [7.568613, 47.891367], [7.561998, 47.887052], [7.559001, 47.882712], [7.557864, 47.878526], [7.558381, 47.875993], [7.559207, 47.873462], [7.559001, 47.869017], [7.564168, 47.850414], [7.561998, 47.839226], [7.548459, 47.834239], [7.542878, 47.829433], [7.528615, 47.797032], [7.525928, 47.783157], [7.53833, 47.748146], [7.537813, 47.731816], [7.531922, 47.725202], [7.515386, 47.713316], [7.511872, 47.707322], [7.514662, 47.685798], [7.517866, 47.675024], [7.521794, 47.670425], [7.536573, 47.665205], [7.550112, 47.652441], [7.572643, 47.622004], [7.578638, 47.61694], [7.585046, 47.613167], [7.590317, 47.607948], [7.592487, 47.598413], [7.59011, 47.594822], [7.586028, 47.584619], [7.585483, 47.584479], [7.550319, 47.575495], [7.526341, 47.566452], [7.520867, 47.563416], [7.482726, 47.542267], [7.485103, 47.541595], [7.501743, 47.532965], [7.505154, 47.533017], [7.505464, 47.523018], [7.501123, 47.517307], [7.493062, 47.515499], [7.482726, 47.516997], [7.476939, 47.514879], [7.475595, 47.511726], [7.477765, 47.507696], [7.484897, 47.5009], [7.485776, 47.498767], [7.48593, 47.498394], [7.485827, 47.495784], [7.484483, 47.492942], [7.482726, 47.491262], [7.46743, 47.481909], [7.454511, 47.483201], [7.445996, 47.486884], [7.441488, 47.488834], [7.425986, 47.492503], [7.414307, 47.490177], [7.41441, 47.484028], [7.419474, 47.477852], [7.422782, 47.475424], [7.427639, 47.470747], [7.429293, 47.465114], [7.426089, 47.455761], [7.420563, 47.450857], [7.406349, 47.438243], [7.388219, 47.433289], [7.378547, 47.430646], [7.33693, 47.431854], [7.309093, 47.432661], [7.282635, 47.428889], [7.244808, 47.417727], [7.23809, 47.416797], [7.230339, 47.419019], [7.226308, 47.422636], [7.223517, 47.426228], [7.219383, 47.428476], [7.190031, 47.434729], [7.168327, 47.443565], [7.162642, 47.459895], [7.180833, 47.488265], [7.153651, 47.486405], [7.142169, 47.487651], [7.142285, 47.487958], [7.146526, 47.499296], [7.150547, 47.507975], [7.151316, 47.512754], [7.151492, 47.51906], [7.150547, 47.525312], [7.148701, 47.532035], [7.1429, 47.540253], [7.134221, 47.549712], [7.079751, 47.590922], [7.067358, 47.595284], [7.05635, 47.596635], [7.046572, 47.595778], [7.037278, 47.59591], [7.02917, 47.599502], [7.023435, 47.605984], [7.022336, 47.613993], [7.023742, 47.619475], [7.026533, 47.623606], [7.043628, 47.63947], [7.048901, 47.646238], [7.053098, 47.653061], [7.056042, 47.659883], [7.057888, 47.666442], [7.058679, 47.673473], [7.058833, 47.680241], [7.055405, 47.703114], [7.050307, 47.715584], [7.039914, 47.725043], [7.023742, 47.735667], [6.882722, 47.791038], [6.875427, 47.796828], [6.870154, 47.802255], [6.868923, 47.818998], [6.841743, 47.821217], [6.836012, 47.824165], [6.761521, 47.862482], [6.740713, 47.876094], [6.727837, 47.881467], [6.696526, 47.889948], [6.68499, 47.895573], [6.675388, 47.902505], [6.6557, 47.920973], [6.6372, 47.935058], [6.624631, 47.940331], [6.613799, 47.941309], [6.60635, 47.937431], [6.601076, 47.932168], [6.591782, 47.919611], [6.585102, 47.913458], [6.576533, 47.908031], [6.565679, 47.903999], [6.552649, 47.901187], [6.537773, 47.899945], [6.518349, 47.900802], [6.50655, 47.902505], [6.498662, 47.90467], [6.412046, 47.942265], [6.37344, 47.95302], [6.322375, 47.950461], [6.304248, 47.946429], [6.292712, 47.939452], [6.282803, 47.934849], [6.268542, 47.931959], [6.243845, 47.932212], [6.228486, 47.937178], [6.213611, 47.944308], [6.195923, 47.948285], [6.186123, 47.952834], [6.181926, 47.958162], [6.18364, 47.970247], [6.182695, 47.976762], [6.176806, 47.984353], [6.166897, 47.99211], [6.146902, 48.001613], [6.099397, 48.008699], [6.083269, 48.007403], [6.070986, 48.00436], [6.063845, 48.000196], [6.052683, 47.991], [6.034402, 47.972631], [6.026338, 47.967302], [6.001465, 47.956404], [5.989995, 47.947923], [5.982261, 47.943693], [5.970923, 47.940902], [5.965605, 47.944363], [5.964529, 47.949944], [5.968462, 47.962809], [5.967824, 47.969324], [5.966594, 47.974982], [5.961738, 47.979289], [5.955058, 47.979651], [5.948554, 47.976377], [5.942973, 47.971335], [5.926076, 47.948055], [5.922209, 47.9441], [5.911047, 47.937156], [5.891755, 47.93263], [5.89782, 47.919292], [5.896413, 47.914436], [5.892085, 47.909064], [5.882922, 47.906427], [5.872859, 47.904988], [5.860752, 47.90111], [5.85249, 47.894287], [5.832956, 47.871238], [5.821025, 47.863482], [5.715952, 47.812945], [5.704328, 47.801135], [5.7, 47.792016], [5.708371, 47.775273], [5.709909, 47.764111], [5.703559, 47.744939], [5.700923, 47.733316], [5.700769, 47.723439], [5.703406, 47.714606], [5.704175, 47.70551], [5.700923, 47.693062], [5.692397, 47.685668], [5.682729, 47.680603], [5.586709, 47.657862], [5.576338, 47.656884], [5.565901, 47.657664], [5.555046, 47.660191], [5.501345, 47.6819], [5.483679, 47.682306], [5.466936, 47.677351], [5.443469, 47.674451], [5.433406, 47.674143], [5.420683, 47.671067], [5.413081, 47.665673], [5.406885, 47.658697], [5.374892, 47.607841], [5.370564, 47.600579], [5.365598, 47.596679], [5.358611, 47.593449], [5.35103, 47.594921], [5.345075, 47.60226], [5.339341, 47.607379], [5.330508, 47.608566], [5.322136, 47.605259], [5.293769, 47.589812], [5.283794, 47.588307], [5.275576, 47.590845], [5.26938, 47.600974], [5.266743, 47.61518], [5.263491, 47.618959], [5.257756, 47.622464], [5.24644, 47.625254], [5.221721, 47.635593], [5.203593, 47.646315], [5.194123, 47.6535], [5.19041, 47.660762], [5.189641, 47.666915], [5.186389, 47.67244], [5.179358, 47.676571], [5.167734, 47.675407], [5.160901, 47.671408], [5.154704, 47.665882], [5.151452, 47.660037], [5.145564, 47.654917], [5.137961, 47.650534], [5.128974, 47.648457], [5.119153, 47.647787], [5.109375, 47.648337], [5.099619, 47.651204], [5.079931, 47.660015], [5.069692, 47.667035], [5.059255, 47.676802], [5.043281, 47.695127], [5.033679, 47.703807], [5.021748, 47.705465], [5.01553, 47.701378], [5.004323, 47.691249], [4.998896, 47.688151], [4.991447, 47.686129], [4.981692, 47.687843], [4.971452, 47.693424], [4.963542, 47.705619], [4.960444, 47.714815], [4.954819, 47.743599], [4.954665, 47.749641], [4.954511, 47.750993], [4.946909, 47.758793], [4.936999, 47.766176], [4.931572, 47.773438], [4.933418, 47.781787], [4.940559, 47.786665], [4.950007, 47.788973], [4.969607, 47.789852], [4.97844, 47.791192], [4.98635, 47.795114], [4.989448, 47.800805], [4.989294, 47.807155], [4.98635, 47.813879], [4.967893, 47.842146], [4.945678, 47.86636], [4.894614, 47.910976], [4.884067, 47.91258], [4.87864, 47.909481], [4.870752, 47.899407], [4.86438, 47.895628], [4.856162, 47.896199], [4.848889, 47.900253], [4.84355, 47.909481], [4.843879, 47.917029], [4.847636, 47.923643], [4.85803, 47.934849], [4.860359, 47.939914], [4.860666, 47.943847], [4.856469, 47.948439], [4.847329, 47.953658], [4.811623, 47.962502], [4.800769, 47.96638], [4.797517, 47.973554], [4.806965, 47.985364], [4.804812, 47.99133], [4.79332, 47.996889], [4.732038, 48.005854], [4.698508, 48.022026], [4.670075, 48.01082], [4.659221, 48.008699], [4.642961, 48.008589], [4.6102, 48.015258], [4.59717, 48.014665], [4.583217, 48.010742], [4.563156, 47.997845], [4.558982, 47.988858], [4.559135, 47.980717], [4.560366, 47.974433], [4.554323, 47.96917], [4.541777, 47.965292], [4.325918, 47.946044], [4.28841, 47.924258], [4.276567, 47.924159], [4.267404, 47.927873], [4.255495, 47.934542], [4.238115, 47.949758], [4.223635, 47.968412], [4.21823, 47.972422], [4.212649, 47.970302], [4.210935, 47.965753], [4.210935, 47.959656], [4.211726, 47.95346], [4.211242, 47.947198], [4.208606, 47.941957], [4.203025, 47.939145], [4.19529, 47.94121], [4.185051, 47.948241], [4.175427, 47.953196], [4.161738, 47.954097], [4.152136, 47.950615], [4.145764, 47.945451], [4.141281, 47.939914], [4.135854, 47.93542], [4.127483, 47.933146], [4.117727, 47.93219], [4.096413, 47.932476], [4.076726, 47.937156], [4.067893, 47.938211], [4.059367, 47.936146], [4.045832, 47.9264], [4.037614, 47.922654], [4.028935, 47.922292], [4.020256, 47.924258], [4.004282, 47.929586], [3.998327, 47.930663], [3.990593, 47.931289], [3.951987, 47.928389], [3.925114, 47.930927], [3.916281, 47.933772], [3.909162, 47.939035], [3.904196, 47.947923], [3.903405, 47.955492], [3.905735, 47.976037], [3.903252, 47.981925], [3.89844, 47.986353], [3.886926, 47.9871], [3.868161, 47.982398], [3.858713, 47.982607], [3.838718, 47.989781], [3.831687, 47.993813], [3.829511, 47.998592], [3.830456, 48.001097], [3.835598, 48.004228], [3.852341, 48.00637], [3.859021, 48.009809], [3.858713, 48.015258], [3.854231, 48.022026], [3.783171, 48.104247], [3.766054, 48.11965], [3.752256, 48.128066], [3.747312, 48.135822], [3.744499, 48.143216], [3.74094, 48.150708], [3.733183, 48.157212], [3.717319, 48.16231], [3.708178, 48.160519], [3.703674, 48.155927], [3.701653, 48.150313], [3.697632, 48.145896], [3.679812, 48.142183], [3.665793, 48.143886], [3.648918, 48.151324], [3.618069, 48.169407], [3.581572, 48.180965], [3.582341, 48.187809], [3.587461, 48.193907], [3.60528, 48.205376], [3.610927, 48.211221], [3.613235, 48.217209], [3.612927, 48.223207], [3.60761, 48.238401], [3.606687, 48.243356], [3.607456, 48.250849], [3.606687, 48.257474], [3.599875, 48.26724], [3.587614, 48.280775], [3.522751, 48.338652], [3.509743, 48.347441], [3.492649, 48.356427], [3.461623, 48.368183], [3.44488, 48.370051], [3.427302, 48.366557], [3.421281, 48.369809], [3.417546, 48.380356], [3.416447, 48.388826], [3.412888, 48.402054], [3.395376, 48.411744], [3.391816, 48.421104], [3.394607, 48.432596], [3.400341, 48.445054], [3.401111, 48.44958], [3.400495, 48.453448], [3.389487, 48.467895], [3.391047, 48.474453], [3.396628, 48.481067], [3.417854, 48.493108], [3.420644, 48.498491], [3.419568, 48.501799], [3.408559, 48.513158], [3.404055, 48.519311], [3.405923, 48.524716], [3.41135, 48.527583], [3.426994, 48.530319], [3.439101, 48.530528], [3.451384, 48.533296], [3.461316, 48.5398], [3.468764, 48.551918], [3.476345, 48.56965], [3.493571, 48.587734], [3.537802, 48.61342], [3.515324, 48.63347], [3.508205, 48.641709], [3.501218, 48.643643], [3.495285, 48.643698], [3.476828, 48.639248], [3.46738, 48.638787], [3.459294, 48.642401], [3.456218, 48.650059], [3.454965, 48.662254], [3.463337, 48.685611], [3.461623, 48.695993], [3.455427, 48.712066], [3.453889, 48.717955], [3.451252, 48.724359], [3.44644, 48.73005], [3.438332, 48.733972], [3.430883, 48.73896], [3.425918, 48.746123], [3.422973, 48.748958], [3.42049, 48.750353], [3.415832, 48.750672], [3.404362, 48.749584], [3.398781, 48.750177], [3.397243, 48.751034], [3.395529, 48.753869], [3.394914, 48.760153], [3.398781, 48.770151], [3.405769, 48.777742], [3.418469, 48.785235], [3.42561, 48.790486], [3.424665, 48.795727], [3.410559, 48.803582], [3.406384, 48.808647], [3.409328, 48.81314], [3.420798, 48.815854], [3.454504, 48.815414], [3.463952, 48.817172], [3.471555, 48.823302], [3.475268, 48.828807], [3.477905, 48.850098]]]}, "properties": {"source": "https://simplemaps.com", "id": "FRGES", "name": "Grand Est"}}, {"type": "Feature", "id": 3, "geometry": {"type": "Polygon", "coordinates": [[[4.205903, 43.459906], [4.231281, 43.47151], [4.241521, 43.485924], [4.244465, 43.495439], [4.246487, 43.499877], [4.246794, 43.500338], [4.247585, 43.500965], [4.249738, 43.501536], [4.25532, 43.503568], [4.263845, 43.503568], [4.271601, 43.506985], [4.278896, 43.513104], [4.286696, 43.517807], [4.309328, 43.520828], [4.321413, 43.524629], [4.33708, 43.532122], [4.377751, 43.5575], [4.381772, 43.558972], [4.400427, 43.562246], [4.404624, 43.564158], [4.407414, 43.567311], [4.408337, 43.573881], [4.40959, 43.578166], [4.412995, 43.58189], [4.420444, 43.584834], [4.426487, 43.586021], [4.443383, 43.586647], [4.448349, 43.587317], [4.453051, 43.590987], [4.457534, 43.59682], [4.463115, 43.609378], [4.462961, 43.615113], [4.459863, 43.617804], [4.449887, 43.617233], [4.444614, 43.617442], [4.439341, 43.618419], [4.434858, 43.619924], [4.431606, 43.622089], [4.429585, 43.624781], [4.429431, 43.627879], [4.431606, 43.632009], [4.440439, 43.644699], [4.443384, 43.650148], [4.447251, 43.659552], [4.451645, 43.666583], [4.477068, 43.693071], [4.499546, 43.706277], [4.526264, 43.712891], [4.530923, 43.713616], [4.536042, 43.713715], [4.541469, 43.712935], [4.572517, 43.705805], [4.580888, 43.702344], [4.588491, 43.698213], [4.592973, 43.696818], [4.597785, 43.695884], [4.602136, 43.695752], [4.604926, 43.696038], [4.608794, 43.698729], [4.612661, 43.703948], [4.617165, 43.71589], [4.618088, 43.72224], [4.617473, 43.727173], [4.616242, 43.730096], [4.615451, 43.733347], [4.615451, 43.736863], [4.616858, 43.741027], [4.633799, 43.768438], [4.646367, 43.794871], [4.64885, 43.805857], [4.649465, 43.812207], [4.649311, 43.819392], [4.644653, 43.841046], [4.643269, 43.844331], [4.641247, 43.851275], [4.640017, 43.862492], [4.64094, 43.8706], [4.64729, 43.875873], [4.659221, 43.883234], [4.68873, 43.895154], [4.726721, 43.917215], [4.739179, 43.922433], [4.77282, 43.932826], [4.77917, 43.93721], [4.781653, 43.939385], [4.788069, 43.943593], [4.800307, 43.948844], [4.80635, 43.95292], [4.812854, 43.958765], [4.817973, 43.964555], [4.819995, 43.96807], [4.821401, 43.971893], [4.822016, 43.975849], [4.820149, 43.990779], [4.820149, 43.996898], [4.820302, 43.999326], [4.820918, 44.000392], [4.824961, 44.00093], [4.82852, 44.00104], [4.832871, 44.000414], [4.833332, 44.000238], [4.834409, 44.000084], [4.839836, 43.999612], [4.842934, 43.999689], [4.844692, 43.999953], [4.845461, 44.000205], [4.845791, 44.000392], [4.846406, 44.000853], [4.847483, 44.002249], [4.848735, 44.005061], [4.849504, 44.008731], [4.849812, 44.012664], [4.848098, 44.017179], [4.844384, 44.022068], [4.824961, 44.037262], [4.777939, 44.084339], [4.772973, 44.087744], [4.766294, 44.089766], [4.760888, 44.09059], [4.749726, 44.09126], [4.744914, 44.09059], [4.740564, 44.08925], [4.733137, 44.086195], [4.729511, 44.085943], [4.725952, 44.088832], [4.723469, 44.094007], [4.718965, 44.124702], [4.71958, 44.129503], [4.720371, 44.132909], [4.721909, 44.136018], [4.723008, 44.13994], [4.724392, 44.152289], [4.724392, 44.160298], [4.721294, 44.190247], [4.718965, 44.194564], [4.715097, 44.199267], [4.706264, 44.206089], [4.693696, 44.211978], [4.689983, 44.214922], [4.688115, 44.219415], [4.688269, 44.227381], [4.689367, 44.232138], [4.688423, 44.23606], [4.685632, 44.240301], [4.67726, 44.247068], [4.667285, 44.257966], [4.657837, 44.281719], [4.657529, 44.326752], [4.68594, 44.329674], [4.716328, 44.329279], [4.743816, 44.326258], [4.751418, 44.323862], [4.759175, 44.320083], [4.77405, 44.310811], [4.781499, 44.303373], [4.78708, 44.295902], [4.809602, 44.249079], [4.814414, 44.243036], [4.822324, 44.238389], [4.831772, 44.236675], [4.844846, 44.238796], [4.854778, 44.243135], [4.872905, 44.253264], [4.882221, 44.256989], [4.891362, 44.258999], [4.918696, 44.260867], [4.927529, 44.262471], [4.945678, 44.267887], [4.965102, 44.276215], [4.984482, 44.282027], [5.05229, 44.29621], [5.065605, 44.295639], [5.111089, 44.288201], [5.12726, 44.289344], [5.139345, 44.292903], [5.153144, 44.30334], [5.159824, 44.307394], [5.167097, 44.308174], [5.172832, 44.30523], [5.174546, 44.297089], [5.171447, 44.28975], [5.162768, 44.276061], [5.16167, 44.268931], [5.162307, 44.25433], [5.163537, 44.247376], [5.166943, 44.240663], [5.17749, 44.233885], [5.192739, 44.228721], [5.222973, 44.224381], [5.240222, 44.225392], [5.254636, 44.227787], [5.269072, 44.227249], [5.338725, 44.208748], [5.352722, 44.207353], [5.361885, 44.207946], [5.371179, 44.206089], [5.378935, 44.202057], [5.385439, 44.192653], [5.388691, 44.18449], [5.390559, 44.176734], [5.393196, 44.169395], [5.398777, 44.163166], [5.40906, 44.156739], [5.425957, 44.151256], [5.462431, 44.128207], [5.471264, 44.124856], [5.506157, 44.12178], [5.536897, 44.135656], [5.565417, 44.156892], [5.577876, 44.169527], [5.590444, 44.178239], [5.603781, 44.181029], [5.627182, 44.177799], [5.638235, 44.17224], [5.6432, 44.165648], [5.64476, 44.159474], [5.649397, 44.153838], [5.65623, 44.149938], [5.66414, 44.148828], [5.670952, 44.151103], [5.675127, 44.156629], [5.670952, 44.181073], [5.678884, 44.190653], [5.681653, 44.193971], [5.685058, 44.233269], [5.683982, 44.259417], [5.678093, 44.266855], [5.670644, 44.271172], [5.65467, 44.276215], [5.647551, 44.280917], [5.635598, 44.292804], [5.628259, 44.298122], [5.623161, 44.30334], [5.622524, 44.30991], [5.628742, 44.318227], [5.630962, 44.324533], [5.627029, 44.329674], [5.619272, 44.331718], [5.610439, 44.332179], [5.564341, 44.330004], [5.555661, 44.331992], [5.537512, 44.339903], [5.527448, 44.342364], [5.508178, 44.344737], [5.501499, 44.346286], [5.496709, 44.348197], [5.459289, 44.370269], [5.455246, 44.375279], [5.453862, 44.380036], [5.452456, 44.389594], [5.449819, 44.395614], [5.444392, 44.402019], [5.430132, 44.413258], [5.426726, 44.419356], [5.428132, 44.424783], [5.439294, 44.428815], [5.448589, 44.428815], [5.475769, 44.423124], [5.484756, 44.422662], [5.492512, 44.42364], [5.497939, 44.427266], [5.500422, 44.430979], [5.500268, 44.438318], [5.497785, 44.441779], [5.492204, 44.445503], [5.484756, 44.448371], [5.477636, 44.452534], [5.471902, 44.458423], [5.468628, 44.464883], [5.466628, 44.472222], [5.465683, 44.47899], [5.467397, 44.484933], [5.472363, 44.489327], [5.48414, 44.490877], [5.494072, 44.490778], [5.525273, 44.487625], [5.587038, 44.471497], [5.595564, 44.47064], [5.606726, 44.473046], [5.651264, 44.495941], [5.659328, 44.5025], [5.65823, 44.513717], [5.653132, 44.520749], [5.64553, 44.526352], [5.620195, 44.539403], [5.61323, 44.545808], [5.610132, 44.550093], [5.60811, 44.555839], [5.608418, 44.561365], [5.609516, 44.565913], [5.61479, 44.573197], [5.644431, 44.605596], [5.651418, 44.617505], [5.65344, 44.627667], [5.653594, 44.634973], [5.657922, 44.641412], [5.672666, 44.645389], [5.683498, 44.645806], [5.692859, 44.645081], [5.70479, 44.642961], [5.722939, 44.641466], [5.734255, 44.642961], [5.74656, 44.64596], [5.763764, 44.651794], [5.793054, 44.654903], [5.800547, 44.658561], [5.816521, 44.669811], [5.823969, 44.676864], [5.829551, 44.683423], [5.830627, 44.6903], [5.828606, 44.696881], [5.817927, 44.702803], [5.812038, 44.712053], [5.836362, 44.742233], [5.845041, 44.749671], [5.857654, 44.753131], [5.8682, 44.753988], [5.898281, 44.753604], [5.918474, 44.756032], [5.957849, 44.765172], [5.96644, 44.770391], [5.972483, 44.776807], [5.973406, 44.786464], [5.97, 44.793594], [5.968462, 44.801241], [5.973098, 44.808063], [5.996367, 44.821972], [6.012956, 44.829618], [6.021987, 44.832508], [6.031611, 44.833672], [6.040598, 44.832277], [6.057649, 44.827707], [6.067097, 44.827751], [6.077336, 44.829871], [6.128862, 44.854887], [6.13853, 44.8576], [6.148286, 44.857468], [6.167204, 44.852975], [6.176191, 44.852305], [6.206162, 44.857007], [6.215456, 44.857007], [6.233913, 44.854964], [6.243999, 44.855711], [6.27676, 44.866148], [6.286824, 44.867905], [6.29614, 44.868015], [6.305324, 44.866664], [6.340832, 44.857886], [6.349204, 44.857007], [6.356806, 44.857886], [6.361662, 44.862269], [6.365068, 44.868169], [6.367551, 44.882847], [6.369726, 44.911939], [6.367705, 44.919794], [6.363508, 44.928012], [6.352148, 44.938811], [6.343008, 44.945887], [6.335405, 44.953588], [6.33123, 44.962113], [6.331384, 44.98402], [6.32967, 44.992348], [6.32532, 44.999478], [6.314795, 45.005729], [6.305017, 45.007432], [6.259072, 45.000489], [6.246218, 45.001488], [6.23655, 45.003356], [6.227102, 45.006663], [6.22229, 45.017254], [6.222444, 45.034228], [6.232199, 45.069417], [6.23499, 45.086347], [6.239494, 45.099673], [6.242285, 45.105463], [6.266367, 45.124788], [6.282803, 45.115285], [6.292405, 45.112802], [6.308115, 45.110945], [6.332153, 45.11167], [6.357114, 45.107836], [6.370957, 45.10242], [6.378559, 45.095751], [6.383679, 45.082205], [6.387085, 45.075932], [6.393742, 45.070428], [6.459375, 45.053585], [6.469614, 45.053992], [6.48082, 45.057892], [6.495542, 45.070845], [6.501452, 45.080139], [6.504551, 45.088467], [6.506242, 45.095202], [6.510901, 45.100684], [6.520041, 45.104013], [6.549089, 45.10298], [6.560866, 45.104848], [6.597825, 45.121042], [6.628147, 45.123448], [6.629385, 45.123545], [6.614614, 45.114767], [6.602728, 45.10345], [6.620298, 45.084433], [6.636576, 45.074459], [6.638127, 45.067431], [6.63699, 45.059421], [6.639677, 45.050378], [6.651666, 45.03565], [6.662208, 45.029242], [6.697245, 45.026917], [6.723496, 45.013378], [6.729904, 44.984697], [6.72794, 44.928732], [6.745407, 44.907803], [6.77817, 44.887649], [6.847106, 44.859072], [6.86602, 44.855661], [6.915319, 44.862689], [6.932682, 44.861656], [6.982808, 44.84698], [7.000792, 44.832975], [7.004926, 44.827963], [7.007096, 44.822071], [7.006786, 44.819022], [7.005856, 44.816335], [7.00596, 44.81153], [7.004099, 44.810806], [6.999138, 44.795045], [6.998415, 44.793753], [7.009784, 44.7721], [7.015158, 44.747399], [7.018982, 44.738872], [7.038819, 44.71212], [7.049368, 44.697893], [7.055155, 44.684871], [7.037275, 44.684612], [7.001205, 44.69226], [6.982808, 44.692157], [6.959864, 44.683165], [6.941467, 44.666991], [6.9383, 44.65797], [6.934336, 44.646682], [6.945601, 44.625443], [6.931649, 44.61795], [6.897336, 44.57542], [6.846383, 44.547463], [6.835737, 44.534027], [6.838838, 44.502918], [6.861266, 44.474909], [6.891651, 44.451965], [6.9178, 44.436307], [6.88421, 44.423026], [6.877182, 44.414396], [6.86881, 44.383183], [6.86633, 44.377189], [6.866123, 44.372125], [6.869844, 44.362926], [6.873978, 44.358379], [6.878435, 44.354623], [6.895992, 44.339827], [6.903847, 44.330008], [6.915629, 44.3097], [6.92121, 44.302155], [6.930202, 44.295385], [6.950046, 44.285102], [6.959244, 44.27735], [6.965549, 44.267532], [6.968856, 44.258178], [6.973403, 44.249445], [6.982808, 44.241745], [6.996141, 44.237818], [7.008027, 44.239213], [7.020016, 44.242107], [7.033451, 44.242934], [7.04606, 44.240298], [7.104868, 44.217767], [7.144969, 44.207225], [7.251319, 44.160045], [7.270129, 44.154309], [7.296174, 44.151156], [7.3093, 44.147487], [7.316225, 44.140201], [7.321599, 44.131881], [7.331004, 44.125266], [7.340616, 44.123664], [7.38082, 44.122941], [7.554763, 44.159063], [7.583599, 44.160716], [7.624733, 44.180095], [7.655636, 44.176064], [7.64189, 44.14356], [7.654085, 44.124956], [7.676203, 44.108988], [7.687932, 44.090799], [7.691912, 44.084649], [7.689949, 44.067337], [7.678787, 44.056588], [7.664317, 44.048579], [7.653362, 44.03969], [7.646954, 44.027495], [7.638686, 44.005067], [7.630934, 43.993543], [7.60861, 43.975611], [7.556934, 43.944089], [7.53678, 43.920783], [7.493475, 43.886237], [7.477869, 43.865515], [7.482726, 43.840219], [7.502289, 43.792223], [7.489106, 43.785468], [7.484874, 43.785386], [7.480724, 43.785834], [7.47641, 43.784491], [7.475759, 43.780829], [7.477306, 43.768134], [7.47641, 43.764634], [7.468435, 43.761705], [7.462657, 43.762112], [7.454345, 43.757117], [7.445974, 43.749845], [7.437454, 43.743361], [7.426246, 43.755464], [7.406969, 43.763505], [7.387538, 43.757899], [7.372655, 43.745832], [7.367263, 43.734125], [7.36575, 43.72273], [7.353184, 43.715691], [7.342296, 43.707831], [7.338064, 43.69831], [7.330533, 43.686424], [7.319002, 43.68525], [7.300904, 43.687689], [7.280253, 43.693326], [7.257273, 43.691648], [7.241675, 43.684869], [7.228509, 43.674196], [7.231814, 43.663471], [7.213805, 43.648673], [7.203791, 43.64436], [7.196677, 43.656916], [7.177651, 43.660109], [7.164595, 43.656061], [7.151622, 43.654771], [7.144216, 43.645453], [7.136567, 43.641181], [7.133067, 43.633857], [7.126154, 43.605833], [7.132091, 43.578803], [7.132579, 43.573554], [7.136242, 43.562458], [7.138916, 43.55402], [7.125511, 43.547768], [7.112941, 43.564544], [7.104324, 43.568294], [7.088427, 43.568674], [7.071052, 43.560805], [7.058108, 43.549886], [7.045078, 43.542143], [7.037202, 43.536264], [7.030634, 43.547889], [7.014468, 43.547087], [6.993819, 43.548906], [6.9756, 43.546946], [6.962087, 43.540107], [6.945203, 43.527253], [6.940888, 43.51246], [6.949555, 43.50788], [6.948985, 43.507392], [6.953805, 43.504616], [6.954299, 43.500106], [6.933185, 43.480346], [6.92508, 43.47276], [6.920372, 43.449012], [6.898242, 43.437999], [6.894028, 43.427629], [6.871072, 43.426093], [6.869672, 43.432052], [6.86656, 43.435456], [6.862957, 43.439362], [6.857988, 43.436176], [6.856098, 43.428729], [6.860136, 43.415868], [6.846672, 43.412577], [6.834826, 43.415811], [6.818843, 43.416072], [6.78305, 43.408635], [6.772974, 43.418454], [6.757086, 43.422687], [6.746501, 43.417906], [6.731146, 43.407847], [6.732824, 43.382079], [6.717784, 43.366889], [6.717838, 43.350604], [6.693931, 43.348372], [6.674571, 43.346381], [6.666026, 43.333197], [6.661306, 43.322333], [6.652029, 43.314928], [6.624629, 43.295913], [6.597243, 43.284007], [6.590892, 43.268898], [6.611672, 43.264288], [6.672358, 43.276195], [6.693374, 43.272973], [6.698022, 43.265457], [6.685395, 43.248037], [6.668356, 43.239536], [6.665403, 43.22129], [6.671978, 43.213609], [6.679801, 43.201553], [6.6604, 43.190412], [6.640391, 43.18183], [6.629161, 43.179877], [6.609874, 43.173407], [6.599457, 43.174994], [6.59547, 43.179877], [6.593272, 43.18773], [6.581276, 43.184374], [6.563718, 43.18445], [6.539912, 43.182204], [6.536427, 43.172544], [6.526714, 43.160567], [6.505683, 43.150971], [6.479163, 43.15606], [6.451332, 43.152719], [6.422018, 43.152342], [6.401679, 43.146938], [6.378541, 43.136079], [6.36608, 43.118635], [6.369878, 43.105519], [6.375371, 43.090841], [6.342258, 43.090764], [6.328868, 43.099921], [6.325694, 43.104193], [6.306202, 43.109413], [6.280374, 43.118666], [6.25347, 43.120875], [6.219702, 43.116547], [6.193198, 43.108773], [6.178664, 43.102856], [6.162934, 43.092597], [6.153168, 43.071967], [6.152768, 43.048107], [6.17133, 43.042325], [6.18542, 43.045444], [6.180072, 43.035922], [6.154462, 43.033751], [6.097694, 43.031262], [6.088517, 43.034848], [6.103031, 43.040781], [6.119254, 43.04515], [6.132066, 43.052638], [6.129088, 43.071362], [6.109662, 43.084316], [6.091933, 43.082903], [6.044523, 43.078208], [6.027008, 43.078195], [6.01652, 43.098936], [5.991732, 43.102347], [5.958652, 43.102168], [5.934093, 43.113593], [5.936534, 43.119452], [5.938243, 43.129096], [5.940929, 43.134019], [5.92449, 43.134345], [5.908539, 43.131293], [5.879405, 43.120429], [5.896251, 43.115424], [5.91061, 43.093204], [5.927252, 43.087601], [5.951379, 43.079977], [5.940288, 43.07091], [5.917208, 43.072742], [5.887956, 43.072226], [5.875336, 43.068793], [5.856605, 43.044829], [5.81896, 43.053469], [5.790242, 43.069931], [5.781873, 43.079118], [5.802896, 43.088891], [5.818085, 43.09909], [5.811465, 43.106725], [5.800564, 43.111849], [5.783407, 43.114598], [5.78084, 43.123334], [5.776127, 43.130811], [5.760558, 43.131982], [5.741012, 43.132063], [5.696299, 43.146875], [5.687673, 43.16885], [5.673919, 43.179889], [5.672189, 43.180416], [5.655221, 43.18559], [5.634213, 43.187229], [5.622903, 43.176727], [5.61242, 43.160429], [5.588262, 43.167979], [5.572706, 43.169148], [5.558974, 43.181578], [5.547246, 43.193859], [5.537836, 43.20739], [5.524952, 43.212629], [5.514336, 43.20774], [5.504176, 43.205659], [5.459833, 43.208519], [5.439754, 43.207646], [5.409515, 43.211292], [5.395311, 43.212341], [5.370337, 43.207859], [5.34698, 43.215899], [5.350597, 43.233588], [5.35377, 43.243801], [5.36085, 43.253974], [5.369151, 43.270412], [5.357343, 43.280344], [5.355968, 43.29206], [5.351817, 43.297919], [5.338883, 43.334289], [5.294173, 43.355472], [5.238279, 43.328041], [5.163237, 43.329314], [5.125174, 43.325769], [5.064795, 43.328019], [5.034022, 43.335476], [5.013936, 43.357921], [5.005572, 43.381627], [5.026134, 43.409328], [5.05714, 43.422064], [5.146169, 43.422064], [5.173839, 43.42829], [5.192882, 43.439521], [5.213552, 43.457831], [5.226329, 43.480292], [5.22283, 43.503974], [5.193614, 43.489935], [5.165538, 43.482489], [5.139985, 43.485785], [5.118419, 43.503974], [5.111501, 43.519354], [5.11085, 43.527899], [5.105724, 43.533026], [5.084972, 43.538153], [5.077403, 43.538886], [5.053722, 43.538153], [5.049571, 43.541449], [5.03533, 43.555732], [5.029145, 43.55858], [5.022309, 43.552192], [5.01588, 43.538764], [5.010997, 43.525092], [5.009288, 43.517646], [5.014659, 43.498725], [5.023692, 43.490465], [5.035818, 43.485582], [5.050304, 43.476711], [5.062266, 43.451646], [5.051117, 43.429267], [5.027599, 43.416978], [4.998466, 43.414699], [4.983084, 43.41706], [4.928477, 43.440131], [4.903168, 43.431627], [4.892589, 43.42536], [4.868175, 43.421454], [4.858409, 43.415229], [4.850271, 43.401435], [4.854991, 43.396186], [4.864891, 43.3779], [4.867532, 43.365112], [4.901005, 43.366965], [4.877189, 43.350782], [4.855778, 43.341779], [4.850823, 43.358929], [4.833263, 43.381985], [4.791759, 43.399115], [4.757823, 43.422349], [4.742442, 43.448716], [4.744965, 43.507392], [4.742442, 43.524482], [4.736176, 43.539496], [4.725841, 43.556789], [4.711925, 43.571519], [4.694591, 43.579088], [4.694591, 43.572903], [4.724376, 43.538398], [4.72877, 43.527899], [4.72877, 43.456203], [4.742524, 43.422553], [4.769705, 43.401923], [4.800059, 43.386054], [4.823019, 43.367169], [4.820279, 43.346356], [4.791247, 43.345222], [4.665886, 43.347541], [4.592336, 43.359889], [4.566289, 43.371094], [4.565544, 43.387949], [4.585704, 43.404242], [4.588044, 43.416891], [4.579594, 43.430066], [4.555208, 43.443265], [4.513031, 43.455797], [4.409419, 43.447741], [4.205903, 43.459906]]]}, "properties": {"source": "https://simplemaps.com", "id": "FRPAC", "name": "Provence Alpes C\u00f4te d'Azur"}}, {"type": "Feature", "id": 4, "geometry": {"type": "Polygon", "coordinates": [[[6.629385, 45.123545], [6.628147, 45.123448], [6.597825, 45.121042], [6.560866, 45.104848], [6.549089, 45.10298], [6.520041, 45.104013], [6.510901, 45.100684], [6.506242, 45.095202], [6.504551, 45.088467], [6.501452, 45.080139], [6.495542, 45.070845], [6.48082, 45.057892], [6.469614, 45.053992], [6.459375, 45.053585], [6.393742, 45.070428], [6.387085, 45.075932], [6.383679, 45.082205], [6.378559, 45.095751], [6.370957, 45.10242], [6.357114, 45.107836], [6.332153, 45.11167], [6.308115, 45.110945], [6.292405, 45.112802], [6.282803, 45.115285], [6.266367, 45.124788], [6.242285, 45.105463], [6.239494, 45.099673], [6.23499, 45.086347], [6.232199, 45.069417], [6.222444, 45.034228], [6.22229, 45.017254], [6.227102, 45.006663], [6.23655, 45.003356], [6.246218, 45.001488], [6.259072, 45.000489], [6.305017, 45.007432], [6.314795, 45.005729], [6.32532, 44.999478], [6.32967, 44.992348], [6.331384, 44.98402], [6.33123, 44.962113], [6.335405, 44.953588], [6.343008, 44.945887], [6.352148, 44.938811], [6.363508, 44.928012], [6.367705, 44.919794], [6.369726, 44.911939], [6.367551, 44.882847], [6.365068, 44.868169], [6.361662, 44.862269], [6.356806, 44.857886], [6.349204, 44.857007], [6.340832, 44.857886], [6.305324, 44.866664], [6.29614, 44.868015], [6.286824, 44.867905], [6.27676, 44.866148], [6.243999, 44.855711], [6.233913, 44.854964], [6.215456, 44.857007], [6.206162, 44.857007], [6.176191, 44.852305], [6.167204, 44.852975], [6.148286, 44.857468], [6.13853, 44.8576], [6.128862, 44.854887], [6.077336, 44.829871], [6.067097, 44.827751], [6.057649, 44.827707], [6.040598, 44.832277], [6.031611, 44.833672], [6.021987, 44.832508], [6.012956, 44.829618], [5.996367, 44.821972], [5.973098, 44.808063], [5.968462, 44.801241], [5.97, 44.793594], [5.973406, 44.786464], [5.972483, 44.776807], [5.96644, 44.770391], [5.957849, 44.765172], [5.918474, 44.756032], [5.898281, 44.753604], [5.8682, 44.753988], [5.857654, 44.753131], [5.845041, 44.749671], [5.836362, 44.742233], [5.812038, 44.712053], [5.817927, 44.702803], [5.828606, 44.696881], [5.830627, 44.6903], [5.829551, 44.683423], [5.823969, 44.676864], [5.816521, 44.669811], [5.800547, 44.658561], [5.793054, 44.654903], [5.763764, 44.651794], [5.74656, 44.64596], [5.734255, 44.642961], [5.722939, 44.641466], [5.70479, 44.642961], [5.692859, 44.645081], [5.683498, 44.645806], [5.672666, 44.645389], [5.657922, 44.641412], [5.653594, 44.634973], [5.65344, 44.627667], [5.651418, 44.617505], [5.644431, 44.605596], [5.61479, 44.573197], [5.609516, 44.565913], [5.608418, 44.561365], [5.60811, 44.555839], [5.610132, 44.550093], [5.61323, 44.545808], [5.620195, 44.539403], [5.64553, 44.526352], [5.653132, 44.520749], [5.65823, 44.513717], [5.659328, 44.5025], [5.651264, 44.495941], [5.606726, 44.473046], [5.595564, 44.47064], [5.587038, 44.471497], [5.525273, 44.487625], [5.494072, 44.490778], [5.48414, 44.490877], [5.472363, 44.489327], [5.467397, 44.484933], [5.465683, 44.47899], [5.466628, 44.472222], [5.468628, 44.464883], [5.471902, 44.458423], [5.477636, 44.452534], [5.484756, 44.448371], [5.492204, 44.445503], [5.497785, 44.441779], [5.500268, 44.438318], [5.500422, 44.430979], [5.497939, 44.427266], [5.492512, 44.42364], [5.484756, 44.422662], [5.475769, 44.423124], [5.448589, 44.428815], [5.439294, 44.428815], [5.428132, 44.424783], [5.426726, 44.419356], [5.430132, 44.413258], [5.444392, 44.402019], [5.449819, 44.395614], [5.452456, 44.389594], [5.453862, 44.380036], [5.455246, 44.375279], [5.459289, 44.370269], [5.496709, 44.348197], [5.501499, 44.346286], [5.508178, 44.344737], [5.527448, 44.342364], [5.537512, 44.339903], [5.555661, 44.331992], [5.564341, 44.330004], [5.610439, 44.332179], [5.619272, 44.331718], [5.627029, 44.329674], [5.630962, 44.324533], [5.628742, 44.318227], [5.622524, 44.30991], [5.623161, 44.30334], [5.628259, 44.298122], [5.635598, 44.292804], [5.647551, 44.280917], [5.65467, 44.276215], [5.670644, 44.271172], [5.678093, 44.266855], [5.683982, 44.259417], [5.685058, 44.233269], [5.681653, 44.193971], [5.678884, 44.190653], [5.670952, 44.181073], [5.675127, 44.156629], [5.670952, 44.151103], [5.66414, 44.148828], [5.65623, 44.149938], [5.649397, 44.153838], [5.64476, 44.159474], [5.6432, 44.165648], [5.638235, 44.17224], [5.627182, 44.177799], [5.603781, 44.181029], [5.590444, 44.178239], [5.577876, 44.169527], [5.565417, 44.156892], [5.536897, 44.135656], [5.506157, 44.12178], [5.471264, 44.124856], [5.462431, 44.128207], [5.425957, 44.151256], [5.40906, 44.156739], [5.398777, 44.163166], [5.393196, 44.169395], [5.390559, 44.176734], [5.388691, 44.18449], [5.385439, 44.192653], [5.378935, 44.202057], [5.371179, 44.206089], [5.361885, 44.207946], [5.352722, 44.207353], [5.338725, 44.208748], [5.269072, 44.227249], [5.254636, 44.227787], [5.240222, 44.225392], [5.222973, 44.224381], [5.192739, 44.228721], [5.17749, 44.233885], [5.166943, 44.240663], [5.163537, 44.247376], [5.162307, 44.25433], [5.16167, 44.268931], [5.162768, 44.276061], [5.171447, 44.28975], [5.174546, 44.297089], [5.172832, 44.30523], [5.167097, 44.308174], [5.159824, 44.307394], [5.153144, 44.30334], [5.139345, 44.292903], [5.12726, 44.289344], [5.111089, 44.288201], [5.065605, 44.295639], [5.05229, 44.29621], [4.984482, 44.282027], [4.965102, 44.276215], [4.945678, 44.267887], [4.927529, 44.262471], [4.918696, 44.260867], [4.891362, 44.258999], [4.882221, 44.256989], [4.872905, 44.253264], [4.854778, 44.243135], [4.844846, 44.238796], [4.831772, 44.236675], [4.822324, 44.238389], [4.814414, 44.243036], [4.809602, 44.249079], [4.78708, 44.295902], [4.781499, 44.303373], [4.77405, 44.310811], [4.759175, 44.320083], [4.751418, 44.323862], [4.743816, 44.326258], [4.716328, 44.329279], [4.68594, 44.329674], [4.657529, 44.326752], [4.657837, 44.281719], [4.612353, 44.290574], [4.585239, 44.300659], [4.579504, 44.303604], [4.575923, 44.305768], [4.571133, 44.311272], [4.567705, 44.313524], [4.559905, 44.317447], [4.557114, 44.319874], [4.555246, 44.322984], [4.55061, 44.327115], [4.520837, 44.336826], [4.495832, 44.338123], [4.465598, 44.336002], [4.455666, 44.331817], [4.45081, 44.325972], [4.450041, 44.313107], [4.448503, 44.306933], [4.445075, 44.301121], [4.438725, 44.29588], [4.429431, 44.291661], [4.418115, 44.290475], [4.407414, 44.29265], [4.395637, 44.301121], [4.392165, 44.308174], [4.392473, 44.315535], [4.39511, 44.321742], [4.396714, 44.328301], [4.394033, 44.334398], [4.38643, 44.338892], [4.373093, 44.339672], [4.342243, 44.333673], [4.333828, 44.330674], [4.311657, 44.315689], [4.285598, 44.303966], [4.278896, 44.299022], [4.267273, 44.28797], [4.25967, 44.283708], [4.251145, 44.281796], [4.240136, 44.282521], [4.228974, 44.285257], [4.160486, 44.314656], [4.149016, 44.317249], [4.140798, 44.321632], [4.135393, 44.32851], [4.130581, 44.331685], [4.120188, 44.332948], [4.102478, 44.327653], [4.093777, 44.327422], [4.08479, 44.328741], [4.075957, 44.328565], [4.057763, 44.323808], [4.049875, 44.325203], [4.044294, 44.33107], [4.04102, 44.362974], [4.036076, 44.375564], [4.040405, 44.384738], [4.046447, 44.389846], [4.050798, 44.395274], [4.049699, 44.403547], [4.036384, 44.417389], [4.021794, 44.439538], [3.993999, 44.457852], [3.965478, 44.535503], [3.957414, 44.550873], [3.943264, 44.56989], [3.922016, 44.580272], [3.911777, 44.59495], [3.900307, 44.62213], [3.891936, 44.663219], [3.880422, 44.692234], [3.877478, 44.695332], [3.875302, 44.69898], [3.871106, 44.709878], [3.868469, 44.722106], [3.872204, 44.750912], [3.847859, 44.755098], [3.84197, 44.757064], [3.83529, 44.760064], [3.829204, 44.764865], [3.823315, 44.767557], [3.80844, 44.770962], [3.795102, 44.776181], [3.765285, 44.794737], [3.737841, 44.816204], [3.728679, 44.820939], [3.716396, 44.824806], [3.661311, 44.830904], [3.655114, 44.833518], [3.653247, 44.83855], [3.656037, 44.844054], [3.66052, 44.850185], [3.662541, 44.856227], [3.661157, 44.862687], [3.654192, 44.869411], [3.643469, 44.87431], [3.625495, 44.876618], [3.612927, 44.876585], [3.602336, 44.874728], [3.594602, 44.870982], [3.589944, 44.865478], [3.588537, 44.859128], [3.587461, 44.845175], [3.584055, 44.83855], [3.578474, 44.833057], [3.569465, 44.829146], [3.560324, 44.827553], [3.526333, 44.826487], [3.515786, 44.824784], [3.506623, 44.822126], [3.49278, 44.816028], [3.478674, 44.821653], [3.460085, 44.836616], [3.402978, 44.914696], [3.394299, 44.935087], [3.390564, 44.948424], [3.386696, 44.953489], [3.379204, 44.956796], [3.369734, 44.954236], [3.357341, 44.955346], [3.344948, 44.952962], [3.337653, 44.95038], [3.297004, 44.930121], [3.285359, 44.926254], [3.275119, 44.924057], [3.266242, 44.92465], [3.258025, 44.926353], [3.244226, 44.922068], [3.18758, 44.880979], [3.1682, 44.871762], [3.154204, 44.86974], [3.147063, 44.875398], [3.131418, 44.89313], [3.124299, 44.895657], [3.115598, 44.8938], [3.107072, 44.888527], [3.100349, 44.881452], [3.096943, 44.858963], [3.089494, 44.837001], [3.079738, 44.830058], [3.062534, 44.823565], [3.053547, 44.811271], [3.044648, 44.791792], [3.030542, 44.749341], [3.024961, 44.715053], [3.021247, 44.706989], [3.003713, 44.689729], [2.994265, 44.676831], [2.980114, 44.644279], [2.94632, 44.665076], [2.939487, 44.671283], [2.933708, 44.677611], [2.925798, 44.690817], [2.921316, 44.704088], [2.919909, 44.710812], [2.918195, 44.731071], [2.916789, 44.737783], [2.914482, 44.744298], [2.910153, 44.750813], [2.90688, 44.756779], [2.909978, 44.761789], [2.917119, 44.765326], [2.926567, 44.768589], [2.928589, 44.773258], [2.926567, 44.778092], [2.920986, 44.781817], [2.916174, 44.783728], [2.893718, 44.788353], [2.885324, 44.791891], [2.878601, 44.797165], [2.874118, 44.803317], [2.866999, 44.823521], [2.861858, 44.830233], [2.841093, 44.848635], [2.830085, 44.864599], [2.825603, 44.866203], [2.820593, 44.867027], [2.811892, 44.866455], [2.782602, 44.861863], [2.775769, 44.863105], [2.773, 44.867543], [2.774538, 44.880057], [2.774538, 44.886516], [2.773132, 44.893174], [2.770056, 44.899997], [2.764101, 44.906665], [2.750149, 44.918289], [2.744414, 44.924441], [2.739909, 44.931055], [2.734504, 44.934724], [2.726726, 44.935351], [2.594033, 44.834991], [2.590012, 44.828267], [2.588144, 44.821763], [2.585815, 44.808634], [2.583486, 44.802273], [2.577751, 44.794627], [2.554504, 44.772149], [2.54343, 44.754999], [2.540793, 44.748902], [2.537234, 44.729698], [2.533982, 44.723161], [2.529499, 44.717217], [2.52361, 44.711482], [2.493376, 44.687993], [2.482478, 44.675513], [2.471623, 44.668229], [2.454704, 44.66156], [2.422404, 44.65877], [2.384743, 44.65888], [2.373537, 44.660165], [2.367649, 44.660275], [2.361276, 44.658748], [2.352597, 44.654068], [2.346247, 44.651903], [2.340051, 44.651903], [2.332141, 44.656649], [2.327483, 44.662], [2.321286, 44.667174], [2.311926, 44.669031], [2.300456, 44.668723], [2.239174, 44.653969], [2.22988, 44.65298], [2.214213, 44.647201], [2.205315, 44.622339], [2.194636, 44.623427], [2.181606, 44.631227], [2.175717, 44.639654], [2.171213, 44.650223], [2.164709, 44.678359], [2.161281, 44.684555], [2.153239, 44.690454], [2.137067, 44.695365], [2.132255, 44.698672], [2.134431, 44.706264], [2.14278, 44.720271], [2.158513, 44.774533], [2.156799, 44.783827], [2.151526, 44.795769], [2.135969, 44.818094], [2.093737, 44.865741], [2.085388, 44.879793], [2.079323, 44.896975], [2.071106, 44.956631], [2.058713, 44.97511], [2.081521, 44.982987], [2.117204, 44.985932], [2.125114, 44.988469], [2.131618, 44.992655], [2.133947, 44.997489], [2.134563, 44.99984], [2.134123, 45.001906], [2.132717, 45.005443], [2.129619, 45.010695], [2.109777, 45.036732], [2.106526, 45.043423], [2.107448, 45.050949], [2.113645, 45.05854], [2.151943, 45.079414], [2.160666, 45.086237], [2.168115, 45.09474], [2.175388, 45.107682], [2.179123, 45.117141], [2.185012, 45.127732], [2.206875, 45.159494], [2.209709, 45.170887], [2.207336, 45.180313], [2.200656, 45.187014], [2.194943, 45.194013], [2.192131, 45.201483], [2.191384, 45.209899], [2.192614, 45.216754], [2.194636, 45.223698], [2.232956, 45.245253], [2.237614, 45.249878], [2.243679, 45.271038], [2.246008, 45.274784], [2.25049, 45.277234], [2.269453, 45.280497], [2.289777, 45.288814], [2.297666, 45.293098], [2.330427, 45.331342], [2.338337, 45.333561], [2.343457, 45.336275], [2.347785, 45.339713], [2.354619, 45.352633], [2.367033, 45.36886], [2.368418, 45.372475], [2.369033, 45.376606], [2.369187, 45.38044], [2.368725, 45.384626], [2.367473, 45.388031], [2.365473, 45.391031], [2.362683, 45.393557], [2.359431, 45.395941], [2.355695, 45.398029], [2.35229, 45.40038], [2.349961, 45.403148], [2.351828, 45.406631], [2.357871, 45.410092], [2.37446, 45.413607], [2.38382, 45.414025], [2.391247, 45.413278], [2.395598, 45.411883], [2.403662, 45.40829], [2.417768, 45.399655], [2.441389, 45.392272], [2.470063, 45.389009], [2.476413, 45.389635], [2.48217, 45.3918], [2.488674, 45.396974], [2.498781, 45.417749], [2.518645, 45.47924], [2.502363, 45.487172], [2.499419, 45.491017], [2.496628, 45.501026], [2.496013, 45.515099], [2.496936, 45.5336], [2.495398, 45.54518], [2.488872, 45.556133], [2.472546, 45.56869], [2.467119, 45.576029], [2.465097, 45.584555], [2.475952, 45.617679], [2.481379, 45.623732], [2.488872, 45.627237], [2.508559, 45.632697], [2.514448, 45.636641], [2.518337, 45.64075], [2.52049, 45.644375], [2.52205, 45.649176], [2.523918, 45.659284], [2.525456, 45.676851], [2.525456, 45.691474], [2.524687, 45.697725], [2.515525, 45.71349], [2.489944, 45.736086], [2.48417, 45.741187], [2.476259, 45.745944], [2.471008, 45.750745], [2.469118, 45.751986], [2.45967, 45.754008], [2.451936, 45.754645], [2.444157, 45.756798], [2.438576, 45.761544], [2.435324, 45.767697], [2.431237, 45.780924], [2.427678, 45.787593], [2.422404, 45.794108], [2.401025, 45.814202], [2.398234, 45.821804], [2.400564, 45.829187], [2.41155, 45.838086], [2.432248, 45.846941], [2.442158, 45.853072], [2.453781, 45.863717], [2.464021, 45.868672], [2.473315, 45.870891], [2.492277, 45.868441], [2.498034, 45.868936], [2.501594, 45.869859], [2.505769, 45.872913], [2.519875, 45.887118], [2.526071, 45.892392], [2.533674, 45.896918], [2.541892, 45.903455], [2.548615, 45.912552], [2.555735, 45.928339], [2.561799, 45.938128], [2.567819, 45.946389], [2.575114, 45.953113], [2.590144, 45.96422], [2.595285, 45.971197], [2.593264, 45.985775], [2.594033, 45.99507], [2.593725, 45.999519], [2.597746, 46.009858], [2.597439, 46.017295], [2.594648, 46.026853], [2.585815, 46.040751], [2.568918, 46.062306], [2.563798, 46.070161], [2.561162, 46.081895], [2.560239, 46.090827], [2.566743, 46.135948], [2.558371, 46.152097], [2.537717, 46.175531], [2.531345, 46.185452], [2.526994, 46.19434], [2.520974, 46.21584], [2.514602, 46.225805], [2.474084, 46.271409], [2.463405, 46.279857], [2.449431, 46.283373], [2.441081, 46.280945], [2.431106, 46.273716], [2.424602, 46.275111], [2.418537, 46.282494], [2.415285, 46.288702], [2.41111, 46.299424], [2.405837, 46.305027], [2.396828, 46.310147], [2.368418, 46.313871], [2.349038, 46.318365], [2.339743, 46.322649], [2.331657, 46.329054], [2.323769, 46.346215], [2.321748, 46.356762], [2.315969, 46.366682], [2.288525, 46.385491], [2.253896, 46.419801], [2.279846, 46.451068], [2.287273, 46.463362], [2.291623, 46.468383], [2.298435, 46.471997], [2.306521, 46.47303], [2.315485, 46.476645], [2.324846, 46.483983], [2.340051, 46.500573], [2.399641, 46.521765], [2.41946, 46.525226], [2.435324, 46.525896], [2.445256, 46.524501], [2.454572, 46.524556], [2.482785, 46.529972], [2.529631, 46.532202], [2.613479, 46.549462], [2.617346, 46.551967], [2.618576, 46.556592], [2.618422, 46.561349], [2.6175, 46.565788], [2.615786, 46.569897], [2.612072, 46.5755], [2.606338, 46.581993], [2.591396, 46.594572], [2.585507, 46.601394], [2.583332, 46.60814], [2.584738, 46.614776], [2.592165, 46.625015], [2.593418, 46.628728], [2.591396, 46.634002], [2.579619, 46.644702], [2.576213, 46.650591], [2.576828, 46.655865], [2.580871, 46.659655], [2.586892, 46.661336], [2.610051, 46.660204], [2.619675, 46.661369], [2.625256, 46.667279], [2.621213, 46.680661], [2.622004, 46.686121], [2.628025, 46.689296], [2.653293, 46.69012], [2.670564, 46.6987], [2.700183, 46.7173], [2.715871, 46.730923], [2.722243, 46.734307], [2.730153, 46.732132], [2.733713, 46.727946], [2.738833, 46.723035], [2.772693, 46.713345], [2.780735, 46.714586], [2.79594, 46.72743], [2.805542, 46.730736], [2.81778, 46.72922], [2.828371, 46.726584], [2.838149, 46.725935], [2.84885, 46.733406], [2.854585, 46.740141], [2.86155, 46.750325], [2.867614, 46.754412], [2.931379, 46.78324], [2.975764, 46.793216], [3.002021, 46.790172], [3.029773, 46.790942], [3.029157, 46.781328], [3.029926, 46.776418], [3.031179, 46.772001], [3.032871, 46.768518], [3.037199, 46.762729], [3.051526, 46.750325], [3.071059, 46.739163], [3.090285, 46.732703], [3.09802, 46.728462], [3.102524, 46.727177], [3.107863, 46.726759], [3.117619, 46.728726], [3.129704, 46.728462], [3.14737, 46.724639], [3.15917, 46.718618], [3.185559, 46.696272], [3.193777, 46.690592], [3.204192, 46.687274], [3.215969, 46.687176], [3.256003, 46.701029], [3.269187, 46.702523], [3.285512, 46.702425], [3.312956, 46.699008], [3.328469, 46.694339], [3.349123, 46.685879], [3.35844, 46.684649], [3.368349, 46.686242], [3.378896, 46.692504], [3.390432, 46.705259], [3.397243, 46.709632], [3.407614, 46.711357], [3.43352, 46.705776], [3.439255, 46.700095], [3.445979, 46.687121], [3.452021, 46.680979], [3.456965, 46.674717], [3.458371, 46.668576], [3.457273, 46.662292], [3.456833, 46.656249], [3.4607, 46.65147], [3.470456, 46.649965], [3.483486, 46.650844], [3.494956, 46.654052], [3.536858, 46.672652], [3.550217, 46.676475], [3.559863, 46.681386], [3.563752, 46.691724], [3.564675, 46.699524], [3.567619, 46.706292], [3.57988, 46.71084], [3.588845, 46.715828], [3.593657, 46.724694], [3.593657, 46.73234], [3.594909, 46.738701], [3.596755, 46.742887], [3.62488, 46.739262], [3.649665, 46.707566], [3.65261, 46.701227], [3.65573, 46.690691], [3.657883, 46.685934], [3.670803, 46.67664], [3.67344, 46.673893], [3.684909, 46.663764], [3.688799, 46.661753], [3.693918, 46.660204], [3.698708, 46.657106], [3.702751, 46.651547], [3.707717, 46.639945], [3.72435, 46.622686], [3.736281, 46.618599], [3.740017, 46.615446], [3.742961, 46.610151], [3.745598, 46.59333], [3.744675, 46.5676], [3.743423, 46.563513], [3.739402, 46.556592], [3.738918, 46.552978], [3.74094, 46.54933], [3.748542, 46.545738], [3.764802, 46.541816], [3.767307, 46.540574], [3.776272, 46.534729], [3.780534, 46.533026], [3.790905, 46.531269], [3.795717, 46.529775], [3.798969, 46.527654], [3.802068, 46.525072], [3.805495, 46.523106], [3.809978, 46.521864], [3.824875, 46.523029], [3.830149, 46.522875], [3.834851, 46.521864], [3.839026, 46.518975], [3.84988, 46.509153], [3.864756, 46.50266], [3.866623, 46.501111], [3.870644, 46.496728], [3.873918, 46.494629], [3.878247, 46.492849], [3.906657, 46.487191], [3.936738, 46.484093], [3.946714, 46.481303], [3.958645, 46.475304], [3.971828, 46.470602], [3.974311, 46.469416], [3.976794, 46.466856], [3.978816, 46.462637], [3.9802, 46.455024], [3.980661, 46.448223], [3.982068, 46.443389], [3.984221, 46.439774], [3.986726, 46.436369], [3.989187, 46.431787], [3.989494, 46.427239], [3.988725, 46.422537], [3.979123, 46.394895], [3.978947, 46.388172], [3.979892, 46.383162], [3.981892, 46.380272], [3.984397, 46.377526], [3.986418, 46.374538], [3.987649, 46.370912], [3.987165, 46.366342], [3.985935, 46.360684], [3.985935, 46.356246], [3.987033, 46.35262], [3.988879, 46.349104], [3.991516, 46.345699], [3.995075, 46.34193], [3.998195, 46.339414], [4.000041, 46.337536], [4.001272, 46.33536], [4.001447, 46.332317], [4.000832, 46.329219], [3.999734, 46.326341], [3.98811, 46.319342], [3.978332, 46.312157], [3.886465, 46.276199], [3.895034, 46.263224], [3.898308, 46.252677], [3.898747, 46.250766], [3.898747, 46.249272], [3.895495, 46.225398], [3.895671, 46.218828], [3.897671, 46.213203], [3.903713, 46.208908], [3.912414, 46.205788], [3.935969, 46.201053], [3.945901, 46.197493], [3.971521, 46.181936], [3.979892, 46.178058], [3.99167, 46.176355], [4.006611, 46.176872], [4.063718, 46.192736], [4.075341, 46.19356], [4.093008, 46.191242], [4.133679, 46.181881], [4.142995, 46.181365], [4.153674, 46.182431], [4.179624, 46.188814], [4.191709, 46.189945], [4.239675, 46.181958], [4.270349, 46.173719], [4.279511, 46.172785], [4.289026, 46.172741], [4.300012, 46.173982], [4.312273, 46.176608], [4.328401, 46.181958], [4.354328, 46.196867], [4.383947, 46.224772], [4.388452, 46.2331], [4.39656, 46.254149], [4.40291, 46.278308], [4.405239, 46.284175], [4.408491, 46.289811], [4.414226, 46.293459], [4.422751, 46.294151], [4.460017, 46.281934], [4.49893, 46.275035], [4.517585, 46.276243], [4.530615, 46.280121], [4.537119, 46.285603], [4.545337, 46.288702], [4.554323, 46.288669], [4.565068, 46.280121], [4.571902, 46.272837], [4.581196, 46.265905], [4.591589, 46.262444], [4.605696, 46.26307], [4.614221, 46.267256], [4.618879, 46.27309], [4.620483, 46.279374], [4.621252, 46.28601], [4.622944, 46.292602], [4.628217, 46.297018], [4.638149, 46.299193], [4.664956, 46.292162], [4.67302, 46.288185], [4.675349, 46.279912], [4.674118, 46.273299], [4.673965, 46.266685], [4.677414, 46.261313], [4.697256, 46.25248], [4.704089, 46.247459], [4.705935, 46.238835], [4.703144, 46.224728], [4.705166, 46.218026], [4.714153, 46.203228], [4.720217, 46.188649], [4.739179, 46.176971], [4.797824, 46.171752], [4.795188, 46.178992], [4.794419, 46.182398], [4.793957, 46.188012], [4.795188, 46.192275], [4.80123, 46.203118], [4.815183, 46.250557], [4.818611, 46.257336], [4.872751, 46.337591], [4.874465, 46.341128], [4.875234, 46.344973], [4.87508, 46.348698], [4.874157, 46.356037], [4.874157, 46.359706], [4.875542, 46.363376], [4.877563, 46.366781], [4.885935, 46.375537], [4.899272, 46.396082], [4.902722, 46.403992], [4.905205, 46.412825], [4.911884, 46.44719], [4.913269, 46.451167], [4.914983, 46.455045], [4.925683, 46.472668], [4.927375, 46.476678], [4.933725, 46.487444], [4.935132, 46.491322], [4.937153, 46.500518], [4.937614, 46.501605], [4.940713, 46.504396], [4.946601, 46.507187], [4.959983, 46.509516], [4.973166, 46.508791], [4.988196, 46.505736], [5.025307, 46.493311], [5.041435, 46.490905], [5.064067, 46.492663], [5.125239, 46.509043], [5.15532, 46.511219], [5.166482, 46.509406], [5.178589, 46.505429], [5.195991, 46.495146], [5.213657, 46.479798], [5.240376, 46.468712], [5.310974, 46.455353], [5.311281, 46.419856], [5.320268, 46.408387], [5.344768, 46.402904], [5.353513, 46.399136], [5.363884, 46.391402], [5.367773, 46.383107], [5.370256, 46.373659], [5.375354, 46.360431], [5.382956, 46.352334], [5.391789, 46.346918], [5.413872, 46.342754], [5.426572, 46.338623], [5.439602, 46.325033], [5.44782, 46.322495], [5.469111, 46.320298], [5.473901, 46.315519], [5.474538, 46.309521], [5.472824, 46.30239], [5.470342, 46.295107], [5.468803, 46.286504], [5.46988, 46.276869], [5.475154, 46.270091], [5.48258, 46.266169], [5.50987, 46.260686], [5.514682, 46.261983], [5.518462, 46.263839], [5.520945, 46.266762], [5.527602, 46.271387], [5.548213, 46.277539], [5.552717, 46.27966], [5.556584, 46.282033], [5.564956, 46.290899], [5.5679, 46.293535], [5.571789, 46.295469], [5.576184, 46.296601], [5.586885, 46.297326], [5.591675, 46.298106], [5.59541, 46.300017], [5.597563, 46.303423], [5.600508, 46.311125], [5.60299, 46.314179], [5.606242, 46.316662], [5.613999, 46.32032], [5.617405, 46.322474], [5.625622, 46.331285], [5.628896, 46.33368], [5.647859, 46.34404], [5.650649, 46.341568], [5.697824, 46.312113], [5.70758, 46.302028], [5.711469, 46.293294], [5.7107, 46.28612], [5.714414, 46.277671], [5.721687, 46.273606], [5.730542, 46.271233], [5.839614, 46.267388], [5.861697, 46.269629], [5.871914, 46.271903], [5.880923, 46.275474], [5.915683, 46.296711], [5.922209, 46.302292], [5.927636, 46.308026], [5.934294, 46.313146], [5.942973, 46.3172], [5.948247, 46.320276], [5.952114, 46.323275], [5.964836, 46.34048], [5.968923, 46.34482], [6.003025, 46.369836], [6.01032, 46.378921], [6.017439, 46.386238], [6.059013, 46.417386], [6.108185, 46.396497], [6.122861, 46.385542], [6.135057, 46.370401], [6.1364, 46.359342], [6.118607, 46.331771], [6.104051, 46.309216], [6.100743, 46.301413], [6.093612, 46.273094], [6.093095, 46.262294], [6.094026, 46.253044], [6.089685, 46.246377], [6.067671, 46.241623], [6.061883, 46.241158], [6.055888, 46.241675], [6.048033, 46.243432], [6.046173, 46.243535], [6.044519, 46.243432], [6.042866, 46.24307], [5.982921, 46.222709], [5.95853, 46.211961], [5.954809, 46.19992], [5.965248, 46.186226], [5.982921, 46.170826], [5.979821, 46.162248], [5.972172, 46.152171], [5.95884, 46.130467], [5.982921, 46.140441], [6.028293, 46.147934], [6.073872, 46.149174], [6.107875, 46.138632], [6.140328, 46.150207], [6.191384, 46.191704], [6.255359, 46.221108], [6.281198, 46.240073], [6.27603, 46.26312], [6.269002, 46.265239], [6.252259, 46.259916], [6.24182, 46.263689], [6.237583, 46.267926], [6.227971, 46.284463], [6.227454, 46.288494], [6.218256, 46.305495], [6.216594, 46.309504], [6.214122, 46.315469], [6.219496, 46.329111], [6.24058, 46.348955], [6.269105, 46.375026], [6.301558, 46.394482], [6.332357, 46.401381], [6.365223, 46.40244], [6.397676, 46.408176], [6.482942, 46.448587], [6.547021, 46.457372], [6.613684, 46.455899], [6.762667, 46.42926], [6.777716, 46.424107], [6.787058, 46.414171], [6.788107, 46.405008], [6.789229, 46.395205], [6.782097, 46.378462], [6.755742, 46.357068], [6.750368, 46.345518], [6.769488, 46.322677], [6.804938, 46.296607], [6.827676, 46.269477], [6.792226, 46.221676], [6.774863, 46.185864], [6.765664, 46.151603], [6.774346, 46.134808], [6.853927, 46.122612], [6.869224, 46.112329], [6.86819, 46.10468], [6.861162, 46.097032], [6.853101, 46.090211], [6.848553, 46.085043], [6.851344, 46.086025], [6.853101, 46.076103], [6.853411, 46.065665], [6.851964, 46.064683], [6.852377, 46.056931], [6.85031, 46.052746], [6.85093, 46.049645], [6.859715, 46.044994], [6.869224, 46.044064], [6.876872, 46.048095], [6.884003, 46.053211], [6.892375, 46.055588], [6.915112, 46.048612], [6.982808, 45.995385], [6.987666, 45.993111], [6.991283, 45.982466], [7.002756, 45.961692], [7.009784, 45.943398], [7.015158, 45.933321], [7.022083, 45.92526], [7.007717, 45.920506], [6.997175, 45.911307], [6.989113, 45.899267], [6.982808, 45.885779], [6.969166, 45.869759], [6.949012, 45.857822], [6.926378, 45.849761], [6.905087, 45.845368], [6.880386, 45.845523], [6.873461, 45.8448], [6.872736, 45.83968], [6.871699, 45.832767], [6.870662, 45.828273], [6.864441, 45.826891], [6.858564, 45.833458], [6.851997, 45.836223], [6.843356, 45.838643], [6.816204, 45.832914], [6.800804, 45.826455], [6.788092, 45.811727], [6.782717, 45.795294], [6.781994, 45.777465], [6.783868, 45.764995], [6.784681, 45.759585], [6.795946, 45.718141], [6.8161, 45.69685], [6.843075, 45.682742], [6.869224, 45.679022], [6.882556, 45.675508], [6.905294, 45.659695], [6.918626, 45.652563], [6.951079, 45.646776], [6.963378, 45.640729], [6.969476, 45.625847], [6.967099, 45.620162], [6.955627, 45.602592], [6.952939, 45.594272], [6.954903, 45.586211], [6.965859, 45.574429], [6.969786, 45.566987], [6.975264, 45.525646], [6.982808, 45.511125], [7.02849, 45.493142], [7.072002, 45.470042], [7.075369, 45.466286], [7.081821, 45.459087], [7.088745, 45.446633], [7.096807, 45.435419], [7.110139, 45.428288], [7.152927, 45.41511], [7.160679, 45.410924], [7.159645, 45.39847], [7.150757, 45.383226], [7.130086, 45.357078], [7.097737, 45.329844], [7.092569, 45.323953], [7.097634, 45.294962], [7.108382, 45.274912], [7.108382, 45.259202], [7.0812, 45.243079], [7.062183, 45.218533], [7.055466, 45.213675], [7.050195, 45.215019], [7.037689, 45.225768], [7.029731, 45.228197], [6.994487, 45.221324], [6.958727, 45.2098], [6.945808, 45.201066], [6.928445, 45.179569], [6.913769, 45.170164], [6.904674, 45.168614], [6.881316, 45.168407], [6.873461, 45.165926], [6.86819, 45.157451], [6.872841, 45.152025], [6.878629, 45.147426], [6.876665, 45.141225], [6.844109, 45.130115], [6.808142, 45.139106], [6.771452, 45.153162], [6.736415, 45.157348], [6.72887, 45.154609], [6.710887, 45.144739], [6.702205, 45.141225], [6.694351, 45.140295], [6.676264, 45.14076], [6.667376, 45.139623], [6.632701, 45.125515], [6.629385, 45.123545]], [[4.888, 44.31626], [4.897009, 44.312382], [4.980593, 44.312525], [4.991799, 44.315601], [5.001247, 44.322885], [5.013991, 44.342979], [5.021858, 44.351834], [5.038008, 44.361502], [5.043391, 44.367863], [5.043413, 44.37774], [5.039062, 44.386199], [5.032185, 44.393549], [4.99237, 44.42308], [4.978659, 44.428233], [4.963718, 44.42887], [4.949897, 44.424475], [4.938449, 44.416389], [4.888659, 44.355965], [4.881914, 44.341529], [4.880683, 44.332014], [4.882639, 44.323204], [4.888, 44.31626]]]}, "properties": {"source": "https://simplemaps.com", "id": "FRARA", "name": "Auvergne Rh\u00f4ne Alpes"}}, {"type": "Feature", "id": 5, "geometry": {"type": "Polygon", "coordinates": [[[3.395376, 48.411744], [3.412888, 48.402054], [3.416447, 48.388826], [3.417546, 48.380356], [3.421281, 48.369809], [3.427302, 48.366557], [3.44488, 48.370051], [3.461623, 48.368183], [3.492649, 48.356427], [3.509743, 48.347441], [3.522751, 48.338652], [3.587614, 48.280775], [3.599875, 48.26724], [3.606687, 48.257474], [3.607456, 48.250849], [3.606687, 48.243356], [3.60761, 48.238401], [3.612927, 48.223207], [3.613235, 48.217209], [3.610927, 48.211221], [3.60528, 48.205376], [3.587461, 48.193907], [3.582341, 48.187809], [3.581572, 48.180965], [3.618069, 48.169407], [3.648918, 48.151324], [3.665793, 48.143886], [3.679812, 48.142183], [3.697632, 48.145896], [3.701653, 48.150313], [3.703674, 48.155927], [3.708178, 48.160519], [3.717319, 48.16231], [3.733183, 48.157212], [3.74094, 48.150708], [3.744499, 48.143216], [3.747312, 48.135822], [3.752256, 48.128066], [3.766054, 48.11965], [3.783171, 48.104247], [3.854231, 48.022026], [3.858713, 48.015258], [3.859021, 48.009809], [3.852341, 48.00637], [3.835598, 48.004228], [3.830456, 48.001097], [3.829511, 47.998592], [3.831687, 47.993813], [3.838718, 47.989781], [3.858713, 47.982607], [3.868161, 47.982398], [3.886926, 47.9871], [3.89844, 47.986353], [3.903252, 47.981925], [3.905735, 47.976037], [3.903405, 47.955492], [3.904196, 47.947923], [3.909162, 47.939035], [3.916281, 47.933772], [3.925114, 47.930927], [3.951987, 47.928389], [3.990593, 47.931289], [3.998327, 47.930663], [4.004282, 47.929586], [4.020256, 47.924258], [4.028935, 47.922292], [4.037614, 47.922654], [4.045832, 47.9264], [4.059367, 47.936146], [4.067893, 47.938211], [4.076726, 47.937156], [4.096413, 47.932476], [4.117727, 47.93219], [4.127483, 47.933146], [4.135854, 47.93542], [4.141281, 47.939914], [4.145764, 47.945451], [4.152136, 47.950615], [4.161738, 47.954097], [4.175427, 47.953196], [4.185051, 47.948241], [4.19529, 47.94121], [4.203025, 47.939145], [4.208606, 47.941957], [4.211242, 47.947198], [4.211726, 47.95346], [4.210935, 47.959656], [4.210935, 47.965753], [4.212649, 47.970302], [4.21823, 47.972422], [4.223635, 47.968412], [4.238115, 47.949758], [4.255495, 47.934542], [4.267404, 47.927873], [4.276567, 47.924159], [4.28841, 47.924258], [4.325918, 47.946044], [4.541777, 47.965292], [4.554323, 47.96917], [4.560366, 47.974433], [4.559135, 47.980717], [4.558982, 47.988858], [4.563156, 47.997845], [4.583217, 48.010742], [4.59717, 48.014665], [4.6102, 48.015258], [4.642961, 48.008589], [4.659221, 48.008699], [4.670075, 48.01082], [4.698508, 48.022026], [4.732038, 48.005854], [4.79332, 47.996889], [4.804812, 47.99133], [4.806965, 47.985364], [4.797517, 47.973554], [4.800769, 47.96638], [4.811623, 47.962502], [4.847329, 47.953658], [4.856469, 47.948439], [4.860666, 47.943847], [4.860359, 47.939914], [4.85803, 47.934849], [4.847636, 47.923643], [4.843879, 47.917029], [4.84355, 47.909481], [4.848889, 47.900253], [4.856162, 47.896199], [4.86438, 47.895628], [4.870752, 47.899407], [4.87864, 47.909481], [4.884067, 47.91258], [4.894614, 47.910976], [4.945678, 47.86636], [4.967893, 47.842146], [4.98635, 47.813879], [4.989294, 47.807155], [4.989448, 47.800805], [4.98635, 47.795114], [4.97844, 47.791192], [4.969607, 47.789852], [4.950007, 47.788973], [4.940559, 47.786665], [4.933418, 47.781787], [4.931572, 47.773438], [4.936999, 47.766176], [4.946909, 47.758793], [4.954511, 47.750993], [4.954665, 47.749641], [4.954819, 47.743599], [4.960444, 47.714815], [4.963542, 47.705619], [4.971452, 47.693424], [4.981692, 47.687843], [4.991447, 47.686129], [4.998896, 47.688151], [5.004323, 47.691249], [5.01553, 47.701378], [5.021748, 47.705465], [5.033679, 47.703807], [5.043281, 47.695127], [5.059255, 47.676802], [5.069692, 47.667035], [5.079931, 47.660015], [5.099619, 47.651204], [5.109375, 47.648337], [5.119153, 47.647787], [5.128974, 47.648457], [5.137961, 47.650534], [5.145564, 47.654917], [5.151452, 47.660037], [5.154704, 47.665882], [5.160901, 47.671408], [5.167734, 47.675407], [5.179358, 47.676571], [5.186389, 47.67244], [5.189641, 47.666915], [5.19041, 47.660762], [5.194123, 47.6535], [5.203593, 47.646315], [5.221721, 47.635593], [5.24644, 47.625254], [5.257756, 47.622464], [5.263491, 47.618959], [5.266743, 47.61518], [5.26938, 47.600974], [5.275576, 47.590845], [5.283794, 47.588307], [5.293769, 47.589812], [5.322136, 47.605259], [5.330508, 47.608566], [5.339341, 47.607379], [5.345075, 47.60226], [5.35103, 47.594921], [5.358611, 47.593449], [5.365598, 47.596679], [5.370564, 47.600579], [5.374892, 47.607841], [5.406885, 47.658697], [5.413081, 47.665673], [5.420683, 47.671067], [5.433406, 47.674143], [5.443469, 47.674451], [5.466936, 47.677351], [5.483679, 47.682306], [5.501345, 47.6819], [5.555046, 47.660191], [5.565901, 47.657664], [5.576338, 47.656884], [5.586709, 47.657862], [5.682729, 47.680603], [5.692397, 47.685668], [5.700923, 47.693062], [5.704175, 47.70551], [5.703406, 47.714606], [5.700769, 47.723439], [5.700923, 47.733316], [5.703559, 47.744939], [5.709909, 47.764111], [5.708371, 47.775273], [5.7, 47.792016], [5.704328, 47.801135], [5.715952, 47.812945], [5.821025, 47.863482], [5.832956, 47.871238], [5.85249, 47.894287], [5.860752, 47.90111], [5.872859, 47.904988], [5.882922, 47.906427], [5.892085, 47.909064], [5.896413, 47.914436], [5.89782, 47.919292], [5.891755, 47.93263], [5.911047, 47.937156], [5.922209, 47.9441], [5.926076, 47.948055], [5.942973, 47.971335], [5.948554, 47.976377], [5.955058, 47.979651], [5.961738, 47.979289], [5.966594, 47.974982], [5.967824, 47.969324], [5.968462, 47.962809], [5.964529, 47.949944], [5.965605, 47.944363], [5.970923, 47.940902], [5.982261, 47.943693], [5.989995, 47.947923], [6.001465, 47.956404], [6.026338, 47.967302], [6.034402, 47.972631], [6.052683, 47.991], [6.063845, 48.000196], [6.070986, 48.00436], [6.083269, 48.007403], [6.099397, 48.008699], [6.146902, 48.001613], [6.166897, 47.99211], [6.176806, 47.984353], [6.182695, 47.976762], [6.18364, 47.970247], [6.181926, 47.958162], [6.186123, 47.952834], [6.195923, 47.948285], [6.213611, 47.944308], [6.228486, 47.937178], [6.243845, 47.932212], [6.268542, 47.931959], [6.282803, 47.934849], [6.292712, 47.939452], [6.304248, 47.946429], [6.322375, 47.950461], [6.37344, 47.95302], [6.412046, 47.942265], [6.498662, 47.90467], [6.50655, 47.902505], [6.518349, 47.900802], [6.537773, 47.899945], [6.552649, 47.901187], [6.565679, 47.903999], [6.576533, 47.908031], [6.585102, 47.913458], [6.591782, 47.919611], [6.601076, 47.932168], [6.60635, 47.937431], [6.613799, 47.941309], [6.624631, 47.940331], [6.6372, 47.935058], [6.6557, 47.920973], [6.675388, 47.902505], [6.68499, 47.895573], [6.696526, 47.889948], [6.727837, 47.881467], [6.740713, 47.876094], [6.761521, 47.862482], [6.836012, 47.824165], [6.841743, 47.821217], [6.868923, 47.818998], [6.870154, 47.802255], [6.875427, 47.796828], [6.882722, 47.791038], [7.023742, 47.735667], [7.039914, 47.725043], [7.050307, 47.715584], [7.055405, 47.703114], [7.058833, 47.680241], [7.058679, 47.673473], [7.057888, 47.666442], [7.056042, 47.659883], [7.053098, 47.653061], [7.048901, 47.646238], [7.043628, 47.63947], [7.026533, 47.623606], [7.023742, 47.619475], [7.022336, 47.613993], [7.023435, 47.605984], [7.02917, 47.599502], [7.037278, 47.59591], [7.046572, 47.595778], [7.05635, 47.596635], [7.067358, 47.595284], [7.079751, 47.590922], [7.134221, 47.549712], [7.1429, 47.540253], [7.148701, 47.532035], [7.150547, 47.525312], [7.151492, 47.51906], [7.151316, 47.512754], [7.150547, 47.507975], [7.146526, 47.499296], [7.142285, 47.487958], [7.142169, 47.487651], [7.140318, 47.487852], [7.127296, 47.492942], [7.103731, 47.496275], [7.053915, 47.490384], [7.027974, 47.492942], [7.018879, 47.49767], [7.009784, 47.499247], [7.000792, 47.49767], [6.991904, 47.492942], [6.9733, 47.489092], [6.97578, 47.477956], [6.986116, 47.464132], [6.990973, 47.452221], [6.983429, 47.443798], [6.968546, 47.435194], [6.952319, 47.428837], [6.93917, 47.426844], [6.926068, 47.424858], [6.924517, 47.405996], [6.898783, 47.395713], [6.884003, 47.382587], [6.871601, 47.366955], [6.86664, 47.354165], [6.985599, 47.362123], [7.003996, 47.368143], [7.018879, 47.359901], [7.033865, 47.350651], [7.044303, 47.340497], [7.036552, 47.329515], [7.027147, 47.325433], [7.016915, 47.323521], [7.006476, 47.319361], [6.991904, 47.305951], [6.986529, 47.304504], [6.977434, 47.303729], [6.958624, 47.290551], [6.952216, 47.270036], [6.956247, 47.245231], [6.888344, 47.211305], [6.859302, 47.190919], [6.840285, 47.169525], [6.838076, 47.168132], [6.774759, 47.128184], [6.744787, 47.121053], [6.746027, 47.103948], [6.731661, 47.098883], [6.72794, 47.097126], [6.72422, 47.09077], [6.699105, 47.084621], [6.6897, 47.07829], [6.676264, 47.0624], [6.688253, 47.043848], [6.665412, 47.021291], [6.598698, 46.986539], [6.491107, 46.963388], [6.442635, 46.944164], [6.427752, 46.909076], [6.431886, 46.900032], [6.445219, 46.882617], [6.448422, 46.871559], [6.446769, 46.857709], [6.443118, 46.851455], [6.441188, 46.848149], [6.434263, 46.839545], [6.418554, 46.807015], [6.417107, 46.802157], [6.419897, 46.796525], [6.425168, 46.791615], [6.432609, 46.785982], [6.433023, 46.76911], [6.429199, 46.760816], [6.417933, 46.751101], [6.407391, 46.745701], [6.374215, 46.733609], [6.34786, 46.71317], [6.337938, 46.707409], [6.266315, 46.680356], [6.131853, 46.595607], [6.118417, 46.583463], [6.121517, 46.570285], [6.137978, 46.557588], [6.145702, 46.55163], [6.110355, 46.520831], [6.075525, 46.479593], [6.064157, 46.471118], [6.060229, 46.46502], [6.060229, 46.459904], [6.0624, 46.455202], [6.064777, 46.451068], [6.0655, 46.447993], [6.0655, 46.440371], [6.067567, 46.433601], [6.065707, 46.427012], [6.054235, 46.419416], [6.059013, 46.417386], [6.017439, 46.386238], [6.01032, 46.378921], [6.003025, 46.369836], [5.968923, 46.34482], [5.964836, 46.34048], [5.952114, 46.323275], [5.948247, 46.320276], [5.942973, 46.3172], [5.934294, 46.313146], [5.927636, 46.308026], [5.922209, 46.302292], [5.915683, 46.296711], [5.880923, 46.275474], [5.871914, 46.271903], [5.861697, 46.269629], [5.839614, 46.267388], [5.730542, 46.271233], [5.721687, 46.273606], [5.714414, 46.277671], [5.7107, 46.28612], [5.711469, 46.293294], [5.70758, 46.302028], [5.697824, 46.312113], [5.650649, 46.341568], [5.647859, 46.34404], [5.628896, 46.33368], [5.625622, 46.331285], [5.617405, 46.322474], [5.613999, 46.32032], [5.606242, 46.316662], [5.60299, 46.314179], [5.600508, 46.311125], [5.597563, 46.303423], [5.59541, 46.300017], [5.591675, 46.298106], [5.586885, 46.297326], [5.576184, 46.296601], [5.571789, 46.295469], [5.5679, 46.293535], [5.564956, 46.290899], [5.556584, 46.282033], [5.552717, 46.27966], [5.548213, 46.277539], [5.527602, 46.271387], [5.520945, 46.266762], [5.518462, 46.263839], [5.514682, 46.261983], [5.50987, 46.260686], [5.48258, 46.266169], [5.475154, 46.270091], [5.46988, 46.276869], [5.468803, 46.286504], [5.470342, 46.295107], [5.472824, 46.30239], [5.474538, 46.309521], [5.473901, 46.315519], [5.469111, 46.320298], [5.44782, 46.322495], [5.439602, 46.325033], [5.426572, 46.338623], [5.413872, 46.342754], [5.391789, 46.346918], [5.382956, 46.352334], [5.375354, 46.360431], [5.370256, 46.373659], [5.367773, 46.383107], [5.363884, 46.391402], [5.353513, 46.399136], [5.344768, 46.402904], [5.320268, 46.408387], [5.311281, 46.419856], [5.310974, 46.455353], [5.240376, 46.468712], [5.213657, 46.479798], [5.195991, 46.495146], [5.178589, 46.505429], [5.166482, 46.509406], [5.15532, 46.511219], [5.125239, 46.509043], [5.064067, 46.492663], [5.041435, 46.490905], [5.025307, 46.493311], [4.988196, 46.505736], [4.973166, 46.508791], [4.959983, 46.509516], [4.946601, 46.507187], [4.940713, 46.504396], [4.937614, 46.501605], [4.937153, 46.500518], [4.935132, 46.491322], [4.933725, 46.487444], [4.927375, 46.476678], [4.925683, 46.472668], [4.914983, 46.455045], [4.913269, 46.451167], [4.911884, 46.44719], [4.905205, 46.412825], [4.902722, 46.403992], [4.899272, 46.396082], [4.885935, 46.375537], [4.877563, 46.366781], [4.875542, 46.363376], [4.874157, 46.359706], [4.874157, 46.356037], [4.87508, 46.348698], [4.875234, 46.344973], [4.874465, 46.341128], [4.872751, 46.337591], [4.818611, 46.257336], [4.815183, 46.250557], [4.80123, 46.203118], [4.795188, 46.192275], [4.793957, 46.188012], [4.794419, 46.182398], [4.795188, 46.178992], [4.797824, 46.171752], [4.739179, 46.176971], [4.720217, 46.188649], [4.714153, 46.203228], [4.705166, 46.218026], [4.703144, 46.224728], [4.705935, 46.238835], [4.704089, 46.247459], [4.697256, 46.25248], [4.677414, 46.261313], [4.673965, 46.266685], [4.674118, 46.273299], [4.675349, 46.279912], [4.67302, 46.288185], [4.664956, 46.292162], [4.638149, 46.299193], [4.628217, 46.297018], [4.622944, 46.292602], [4.621252, 46.28601], [4.620483, 46.279374], [4.618879, 46.27309], [4.614221, 46.267256], [4.605696, 46.26307], [4.591589, 46.262444], [4.581196, 46.265905], [4.571902, 46.272837], [4.565068, 46.280121], [4.554323, 46.288669], [4.545337, 46.288702], [4.537119, 46.285603], [4.530615, 46.280121], [4.517585, 46.276243], [4.49893, 46.275035], [4.460017, 46.281934], [4.422751, 46.294151], [4.414226, 46.293459], [4.408491, 46.289811], [4.405239, 46.284175], [4.40291, 46.278308], [4.39656, 46.254149], [4.388452, 46.2331], [4.383947, 46.224772], [4.354328, 46.196867], [4.328401, 46.181958], [4.312273, 46.176608], [4.300012, 46.173982], [4.289026, 46.172741], [4.279511, 46.172785], [4.270349, 46.173719], [4.239675, 46.181958], [4.191709, 46.189945], [4.179624, 46.188814], [4.153674, 46.182431], [4.142995, 46.181365], [4.133679, 46.181881], [4.093008, 46.191242], [4.075341, 46.19356], [4.063718, 46.192736], [4.006611, 46.176872], [3.99167, 46.176355], [3.979892, 46.178058], [3.971521, 46.181936], [3.945901, 46.197493], [3.935969, 46.201053], [3.912414, 46.205788], [3.903713, 46.208908], [3.897671, 46.213203], [3.895671, 46.218828], [3.895495, 46.225398], [3.898747, 46.249272], [3.898747, 46.250766], [3.898308, 46.252677], [3.895034, 46.263224], [3.886465, 46.276199], [3.978332, 46.312157], [3.98811, 46.319342], [3.999734, 46.326341], [4.000832, 46.329219], [4.001447, 46.332317], [4.001272, 46.33536], [4.000041, 46.337536], [3.998195, 46.339414], [3.995075, 46.34193], [3.991516, 46.345699], [3.988879, 46.349104], [3.987033, 46.35262], [3.985935, 46.356246], [3.985935, 46.360684], [3.987165, 46.366342], [3.987649, 46.370912], [3.986418, 46.374538], [3.984397, 46.377526], [3.981892, 46.380272], [3.979892, 46.383162], [3.978947, 46.388172], [3.979123, 46.394895], [3.988725, 46.422537], [3.989494, 46.427239], [3.989187, 46.431787], [3.986726, 46.436369], [3.984221, 46.439774], [3.982068, 46.443389], [3.980661, 46.448223], [3.9802, 46.455024], [3.978816, 46.462637], [3.976794, 46.466856], [3.974311, 46.469416], [3.971828, 46.470602], [3.958645, 46.475304], [3.946714, 46.481303], [3.936738, 46.484093], [3.906657, 46.487191], [3.878247, 46.492849], [3.873918, 46.494629], [3.870644, 46.496728], [3.866623, 46.501111], [3.864756, 46.50266], [3.84988, 46.509153], [3.839026, 46.518975], [3.834851, 46.521864], [3.830149, 46.522875], [3.824875, 46.523029], [3.809978, 46.521864], [3.805495, 46.523106], [3.802068, 46.525072], [3.798969, 46.527654], [3.795717, 46.529775], [3.790905, 46.531269], [3.780534, 46.533026], [3.776272, 46.534729], [3.767307, 46.540574], [3.764802, 46.541816], [3.748542, 46.545738], [3.74094, 46.54933], [3.738918, 46.552978], [3.739402, 46.556592], [3.743423, 46.563513], [3.744675, 46.5676], [3.745598, 46.59333], [3.742961, 46.610151], [3.740017, 46.615446], [3.736281, 46.618599], [3.72435, 46.622686], [3.707717, 46.639945], [3.702751, 46.651547], [3.698708, 46.657106], [3.693918, 46.660204], [3.688799, 46.661753], [3.684909, 46.663764], [3.67344, 46.673893], [3.670803, 46.67664], [3.657883, 46.685934], [3.65573, 46.690691], [3.65261, 46.701227], [3.649665, 46.707566], [3.62488, 46.739262], [3.596755, 46.742887], [3.594909, 46.738701], [3.593657, 46.73234], [3.593657, 46.724694], [3.588845, 46.715828], [3.57988, 46.71084], [3.567619, 46.706292], [3.564675, 46.699524], [3.563752, 46.691724], [3.559863, 46.681386], [3.550217, 46.676475], [3.536858, 46.672652], [3.494956, 46.654052], [3.483486, 46.650844], [3.470456, 46.649965], [3.4607, 46.65147], [3.456833, 46.656249], [3.457273, 46.662292], [3.458371, 46.668576], [3.456965, 46.674717], [3.452021, 46.680979], [3.445979, 46.687121], [3.439255, 46.700095], [3.43352, 46.705776], [3.407614, 46.711357], [3.397243, 46.709632], [3.390432, 46.705259], [3.378896, 46.692504], [3.368349, 46.686242], [3.35844, 46.684649], [3.349123, 46.685879], [3.328469, 46.694339], [3.312956, 46.699008], [3.285512, 46.702425], [3.269187, 46.702523], [3.256003, 46.701029], [3.215969, 46.687176], [3.204192, 46.687274], [3.193777, 46.690592], [3.185559, 46.696272], [3.15917, 46.718618], [3.14737, 46.724639], [3.129704, 46.728462], [3.117619, 46.728726], [3.107863, 46.726759], [3.102524, 46.727177], [3.09802, 46.728462], [3.090285, 46.732703], [3.071059, 46.739163], [3.051526, 46.750325], [3.037199, 46.762729], [3.032871, 46.768518], [3.031179, 46.772001], [3.029926, 46.776418], [3.029157, 46.781328], [3.029773, 46.790942], [3.034255, 46.812079], [3.0352, 46.81487], [3.040319, 46.823054], [3.063918, 46.852926], [3.069983, 46.862979], [3.073235, 46.870318], [3.072312, 46.87781], [3.071059, 46.881326], [3.069499, 46.884886], [3.058952, 46.900398], [3.056645, 46.905177], [3.054162, 46.913263], [3.05447, 46.918537], [3.055876, 46.922975], [3.064226, 46.940542], [3.072751, 46.963262], [3.075564, 46.973952], [3.075388, 46.981422], [3.074004, 46.989431], [3.070752, 47.001209], [3.070598, 47.026565], [3.068423, 47.045506], [3.066423, 47.048494], [3.063786, 47.051131], [3.060512, 47.053789], [3.041242, 47.065039], [3.03643, 47.068709], [3.031618, 47.075839], [3.030849, 47.083277], [3.031618, 47.091802], [3.034255, 47.106864], [3.034431, 47.114851], [3.033486, 47.12219], [3.026828, 47.140142], [3.024807, 47.143844], [3.013183, 47.173969], [2.998308, 47.202753], [2.991277, 47.212674], [2.98987, 47.216079], [2.980422, 47.251895], [2.976862, 47.260453], [2.97205, 47.266935], [2.967854, 47.269627], [2.951418, 47.277559], [2.944607, 47.282206], [2.919118, 47.305179], [2.915735, 47.30742], [2.911384, 47.309211], [2.901298, 47.311946], [2.896794, 47.313649], [2.892773, 47.315692], [2.888269, 47.319021], [2.883632, 47.323471], [2.87737, 47.331788], [2.875041, 47.337116], [2.87458, 47.341455], [2.875832, 47.344916], [2.884863, 47.357858], [2.897102, 47.368328], [2.908901, 47.383676], [2.911384, 47.388741], [2.912614, 47.391993], [2.916042, 47.398969], [2.923007, 47.408681], [2.924699, 47.41235], [2.932148, 47.440179], [2.93184, 47.447781], [2.93028, 47.452923], [2.925183, 47.458702], [2.907824, 47.474049], [2.901936, 47.481883], [2.892927, 47.500076], [2.881765, 47.514567], [2.874717, 47.520525], [2.855969, 47.536375], [2.858606, 47.540462], [2.858913, 47.544252], [2.899914, 47.559886], [2.90967, 47.562215], [2.948474, 47.562676], [2.96926, 47.567587], [2.960559, 47.583319], [2.931071, 47.609137], [2.925007, 47.619003], [2.924568, 47.627067], [2.934323, 47.639207], [2.934323, 47.648644], [2.928435, 47.659543], [2.914636, 47.67745], [2.903474, 47.686602], [2.875349, 47.704191], [2.866692, 47.7083], [2.856606, 47.710629], [2.847312, 47.710937], [2.836897, 47.71587], [2.832722, 47.722099], [2.830876, 47.730108], [2.831953, 47.739358], [2.834897, 47.749125], [2.835974, 47.750674], [2.842807, 47.755871], [2.850871, 47.759441], [2.860319, 47.761891], [2.880798, 47.76355], [2.899738, 47.762671], [2.908901, 47.763078], [2.918195, 47.765044], [2.950341, 47.779096], [2.982575, 47.78783], [2.992353, 47.792378], [3.0, 47.801222], [3.001252, 47.808605], [3.0, 47.815483], [2.997517, 47.823019], [2.998923, 47.829018], [3.002021, 47.833621], [3.007141, 47.839147], [3.012107, 47.847233], [3.010239, 47.853825], [3.000461, 47.864932], [2.996286, 47.874907], [2.992199, 47.899868], [2.994572, 47.907262], [2.999231, 47.90958], [3.012546, 47.908855], [3.021247, 47.911129], [3.029157, 47.916502], [3.044978, 47.929938], [3.054931, 47.935783], [3.075871, 47.9441], [3.085012, 47.948758], [3.093691, 47.957536], [3.112346, 47.988704], [3.117927, 48.000844], [3.114521, 48.018411], [3.112346, 48.025651], [3.107995, 48.032364], [3.092131, 48.043943], [3.061457, 48.060741], [3.052756, 48.067509], [3.04511, 48.076397], [3.026828, 48.125077], [3.022653, 48.131845], [3.01549, 48.137525], [3.008064, 48.141865], [2.994572, 48.14672], [2.95656, 48.154323], [2.938718, 48.155949], [2.925644, 48.155927], [2.929973, 48.169649], [2.93261, 48.18202], [2.936806, 48.193907], [2.940564, 48.199543], [2.947397, 48.205376], [2.958559, 48.210705], [2.990485, 48.221241], [3.002329, 48.229305], [3.007602, 48.235896], [3.016281, 48.2493], [3.01738, 48.250651], [3.023576, 48.256595], [3.027905, 48.262044], [3.029926, 48.268317], [3.026521, 48.274524], [3.020632, 48.280666], [3.01582, 48.287258], [3.013491, 48.294135], [3.012414, 48.300672], [3.012414, 48.307648], [3.013183, 48.314152], [3.01549, 48.320612], [3.019226, 48.326556], [3.024345, 48.332345], [3.026652, 48.337872], [3.028982, 48.347023], [3.031794, 48.354494], [3.035815, 48.358185], [3.042341, 48.361756], [3.092439, 48.360877], [3.098657, 48.361909], [3.106303, 48.366634], [3.111731, 48.36904], [3.12041, 48.371259], [3.130627, 48.372347], [3.179538, 48.369963], [3.190832, 48.36682], [3.206499, 48.366172], [3.307837, 48.377873], [3.317439, 48.376939], [3.336731, 48.372061], [3.346355, 48.371468], [3.355012, 48.374313], [3.369734, 48.393089], [3.395376, 48.411744]]]}, "properties": {"source": "https://simplemaps.com", "id": "FRBFC", "name": "Bourgogne Franche Comt\u00e9"}}, {"type": "Feature", "id": 6, "geometry": {"type": "Polygon", "coordinates": [[[4.657837, 44.281719], [4.667285, 44.257966], [4.67726, 44.247068], [4.685632, 44.240301], [4.688423, 44.23606], [4.689367, 44.232138], [4.688269, 44.227381], [4.688115, 44.219415], [4.689983, 44.214922], [4.693696, 44.211978], [4.706264, 44.206089], [4.715097, 44.199267], [4.718965, 44.194564], [4.721294, 44.190247], [4.724392, 44.160298], [4.724392, 44.152289], [4.723008, 44.13994], [4.721909, 44.136018], [4.720371, 44.132909], [4.71958, 44.129503], [4.718965, 44.124702], [4.723469, 44.094007], [4.725952, 44.088832], [4.729511, 44.085943], [4.733137, 44.086195], [4.740564, 44.08925], [4.744914, 44.09059], [4.749726, 44.09126], [4.760888, 44.09059], [4.766294, 44.089766], [4.772973, 44.087744], [4.777939, 44.084339], [4.824961, 44.037262], [4.844384, 44.022068], [4.848098, 44.017179], [4.849812, 44.012664], [4.849504, 44.008731], [4.848735, 44.005061], [4.847483, 44.002249], [4.846406, 44.000853], [4.845791, 44.000392], [4.845461, 44.000205], [4.844692, 43.999953], [4.842934, 43.999689], [4.839836, 43.999612], [4.834409, 44.000084], [4.833332, 44.000238], [4.832871, 44.000414], [4.82852, 44.00104], [4.824961, 44.00093], [4.820918, 44.000392], [4.820302, 43.999326], [4.820149, 43.996898], [4.820149, 43.990779], [4.822016, 43.975849], [4.821401, 43.971893], [4.819995, 43.96807], [4.817973, 43.964555], [4.812854, 43.958765], [4.80635, 43.95292], [4.800307, 43.948844], [4.788069, 43.943593], [4.781653, 43.939385], [4.77917, 43.93721], [4.77282, 43.932826], [4.739179, 43.922433], [4.726721, 43.917215], [4.68873, 43.895154], [4.659221, 43.883234], [4.64729, 43.875873], [4.64094, 43.8706], [4.640017, 43.862492], [4.641247, 43.851275], [4.643269, 43.844331], [4.644653, 43.841046], [4.649311, 43.819392], [4.649465, 43.812207], [4.64885, 43.805857], [4.646367, 43.794871], [4.633799, 43.768438], [4.616858, 43.741027], [4.615451, 43.736863], [4.615451, 43.733347], [4.616242, 43.730096], [4.617473, 43.727173], [4.618088, 43.72224], [4.617165, 43.71589], [4.612661, 43.703948], [4.608794, 43.698729], [4.604926, 43.696038], [4.602136, 43.695752], [4.597785, 43.695884], [4.592973, 43.696818], [4.588491, 43.698213], [4.580888, 43.702344], [4.572517, 43.705805], [4.541469, 43.712935], [4.536042, 43.713715], [4.530923, 43.713616], [4.526264, 43.712891], [4.499546, 43.706277], [4.477068, 43.693071], [4.451645, 43.666583], [4.447251, 43.659552], [4.443384, 43.650148], [4.440439, 43.644699], [4.431606, 43.632009], [4.429431, 43.627879], [4.429585, 43.624781], [4.431606, 43.622089], [4.434858, 43.619924], [4.439341, 43.618419], [4.444614, 43.617442], [4.449887, 43.617233], [4.459863, 43.617804], [4.462961, 43.615113], [4.463115, 43.609378], [4.457534, 43.59682], [4.453051, 43.590987], [4.448349, 43.587317], [4.443383, 43.586647], [4.426487, 43.586021], [4.420444, 43.584834], [4.412995, 43.58189], [4.40959, 43.578166], [4.408337, 43.573881], [4.407414, 43.567311], [4.404624, 43.564158], [4.400427, 43.562246], [4.381772, 43.558972], [4.377751, 43.5575], [4.33708, 43.532122], [4.321413, 43.524629], [4.309328, 43.520828], [4.286696, 43.517807], [4.278896, 43.513104], [4.271601, 43.506985], [4.263845, 43.503568], [4.25532, 43.503568], [4.249738, 43.501536], [4.247585, 43.500965], [4.246794, 43.500338], [4.246487, 43.499877], [4.244465, 43.495439], [4.241521, 43.485924], [4.231281, 43.47151], [4.205903, 43.459906], [4.181651, 43.463772], [4.16033, 43.471503], [4.132823, 43.487046], [4.117198, 43.510484], [4.132823, 43.532782], [4.131196, 43.536241], [4.105317, 43.551866], [4.047455, 43.556138], [3.990896, 43.550849], [3.952973, 43.539944], [3.939301, 43.532538], [3.739919, 43.412828], [3.622162, 43.374905], [3.589692, 43.354885], [3.513357, 43.281073], [3.492361, 43.274319], [3.452403, 43.288764], [3.428396, 43.285468], [3.385427, 43.283922], [3.317719, 43.263088], [3.244314, 43.219428], [3.22755, 43.20425], [3.220958, 43.195217], [3.207286, 43.186632], [3.195893, 43.176663], [3.178722, 43.165229], [3.165945, 43.152411], [3.15447, 43.135281], [3.135997, 43.121039], [3.114024, 43.106309], [3.104177, 43.087795], [3.096039, 43.072577], [3.086029, 43.054022], [3.070404, 43.026923], [3.063243, 43.008368], [3.056082, 42.992702], [3.046153, 42.964179], [3.038992, 42.942776], [3.04184, 42.932807], [3.054698, 42.92711], [3.056082, 42.907131], [3.047537, 42.847235], [3.046276, 42.837076], [3.040457, 42.790188], [3.038992, 42.750271], [3.043305, 42.724595], [3.037608, 42.683214], [3.04184, 42.629055], [3.046153, 42.587673], [3.05185, 42.554877], [3.066091, 42.54206], [3.087494, 42.534939], [3.114594, 42.530626], [3.13738, 42.524929], [3.145925, 42.51496], [3.145925, 42.503526], [3.143077, 42.492133], [3.150238, 42.482164], [3.160248, 42.475043], [3.175873, 42.456488], [3.18157, 42.435085], [3.18097, 42.431484], [3.137824, 42.425939], [3.111675, 42.425008], [3.086147, 42.427179], [3.06558, 42.432011], [3.053591, 42.437643], [3.043876, 42.445266], [3.036021, 42.454619], [3.029613, 42.465652], [3.022998, 42.467047], [2.99375, 42.467616], [2.983104, 42.469321], [2.966051, 42.461001], [2.933702, 42.470225], [2.900835, 42.45126], [2.884092, 42.449193], [2.866936, 42.449632], [2.850813, 42.448366], [2.834793, 42.441312], [2.804614, 42.419557], [2.788594, 42.412012], [2.767717, 42.409557], [2.728546, 42.414027], [2.708082, 42.41289], [2.690409, 42.406172], [2.648241, 42.381471], [2.640283, 42.372841], [2.649378, 42.353721], [2.66178, 42.34336], [2.662194, 42.339019], [2.635425, 42.337882], [2.613411, 42.340957], [2.567419, 42.352636], [2.548092, 42.352248], [2.540341, 42.346977], [2.531969, 42.330776], [2.525251, 42.325893], [2.514812, 42.325661], [2.50365, 42.328451], [2.483393, 42.336978], [2.464893, 42.340621], [2.445566, 42.351964], [2.429856, 42.367544], [2.422518, 42.383693], [2.406602, 42.384262], [2.375493, 42.389326], [2.317305, 42.409609], [2.305316, 42.416973], [2.277411, 42.428626], [2.245992, 42.42612], [2.184187, 42.411805], [2.136954, 42.416223], [2.121038, 42.410617], [2.116284, 42.405397], [2.108739, 42.390644], [2.103985, 42.38483], [2.08011, 42.371265], [2.063264, 42.357907], [2.051688, 42.352351], [2.035255, 42.349251], [2.00921, 42.34708], [1.995671, 42.348682], [1.983372, 42.354548], [1.963735, 42.367234], [1.954227, 42.382685], [1.941101, 42.420099], [1.927458, 42.436894], [1.911955, 42.441958], [1.893248, 42.442733], [1.869787, 42.44679], [1.813667, 42.475238], [1.792686, 42.481723], [1.730571, 42.488054], [1.712174, 42.493712], [1.712691, 42.496787], [1.711967, 42.499293], [1.710004, 42.501334], [1.707006, 42.502782], [1.710624, 42.527741], [1.717091, 42.53989], [1.721683, 42.548515], [1.739976, 42.561641], [1.765091, 42.563372], [1.761107, 42.567646], [1.752688, 42.576679], [1.729434, 42.582001], [1.713311, 42.589546], [1.721993, 42.609855], [1.608304, 42.618123], [1.597349, 42.621921], [1.543089, 42.649362], [1.527793, 42.648535], [1.49844, 42.640241], [1.466814, 42.641455], [1.451415, 42.602052], [1.429297, 42.595386], [1.414828, 42.609338], [1.397981, 42.643626], [1.378758, 42.663237], [1.361084, 42.686724], [1.352713, 42.690057], [1.343308, 42.690444], [1.338243, 42.694449], [1.342584, 42.70866], [1.319123, 42.713363], [1.195927, 42.713647], [1.162544, 42.705689], [1.151485, 42.706723], [1.134328, 42.715973], [1.124096, 42.729744], [1.116552, 42.745247], [1.106733, 42.759613], [1.08906, 42.771318], [1.068182, 42.776124], [0.982916, 42.780361], [0.975268, 42.783746], [0.958732, 42.79372], [0.950257, 42.796123], [0.940025, 42.793668], [0.93062, 42.788035], [0.921111, 42.784366], [0.910363, 42.787674], [0.894446, 42.799327], [0.885765, 42.804236], [0.856102, 42.812762], [0.812901, 42.831624], [0.795744, 42.833847], [0.776314, 42.832451], [0.758847, 42.835268], [0.724327, 42.845293], [0.706757, 42.846585], [0.679369, 42.845112], [0.656321, 42.83842], [0.651567, 42.824054], [0.653737, 42.802686], [0.639681, 42.774677], [0.65074, 42.763386], [0.643299, 42.759071], [0.639578, 42.754833], [0.63348, 42.744782], [0.64764, 42.741036], [0.659629, 42.7299], [0.66645, 42.714758], [0.665416, 42.698661], [0.663426, 42.696214], [0.656735, 42.68799], [0.643609, 42.684476], [0.608159, 42.68799], [0.483515, 42.685303], [0.466927, 42.690444], [0.42879, 42.683029], [0.409282, 42.682254], [0.389283, 42.685148], [0.3844, 42.688584], [0.383676, 42.692692], [0.384012, 42.696852], [0.381816, 42.700108], [0.354169, 42.717497], [0.336031, 42.712691], [0.318306, 42.69954], [0.290245, 42.670291], [0.275388, 42.668689], [0.259808, 42.682383], [0.238362, 42.710366], [0.222394, 42.716205], [0.169168, 42.726463], [0.152941, 42.724603], [0.134183, 42.715223], [0.072843, 42.708479], [-0.00431, 42.687525], [-0.038933, 42.685148], [-0.078414, 42.696671], [-0.084202, 42.70109], [-0.088853, 42.706128], [-0.095752, 42.710676], [-0.10849, 42.713363], [-0.119032, 42.716851], [-0.121822, 42.723311], [-0.123114, 42.730365], [-0.129238, 42.735894], [-0.145723, 42.745893], [-0.157789, 42.760699], [-0.163629, 42.777984], [-0.161407, 42.795348], [-0.17939, 42.789741], [-0.208355, 42.783875], [-0.235149, 42.786227], [-0.247034, 42.80483], [-0.305139, 42.830812], [-0.305171, 42.830974], [-0.308786, 42.848443], [-0.315147, 42.873766], [-0.317059, 42.887301], [-0.317026, 42.893871], [-0.315872, 42.900891], [-0.31251, 42.908131], [-0.305171, 42.91681], [-0.29703, 42.923633], [-0.289406, 42.931642], [-0.284187, 42.940761], [-0.282847, 42.956317], [-0.283649, 42.965853], [-0.28856, 42.980531], [-0.290032, 42.987606], [-0.288318, 42.994693], [-0.281551, 43.003163], [-0.264961, 43.015358], [-0.253239, 43.026311], [-0.246054, 43.030497], [-0.237836, 43.032541], [-0.208953, 43.032848], [-0.198692, 43.034243], [-0.189617, 43.039418], [-0.18497, 43.046471], [-0.191869, 43.065741], [-0.192649, 43.076804], [-0.191408, 43.091845], [-0.183882, 43.102018], [-0.176752, 43.107138], [-0.156416, 43.114268], [-0.147869, 43.118662], [-0.138871, 43.12499], [-0.132214, 43.133977], [-0.118151, 43.158817], [-0.110944, 43.164761], [-0.10544, 43.166464], [-0.092729, 43.163618], [-0.085928, 43.165948], [-0.080688, 43.172506], [-0.077172, 43.181339], [-0.070613, 43.203982], [-0.066351, 43.211475], [-0.059187, 43.217517], [-0.042214, 43.229404], [-0.034952, 43.235864], [-0.030173, 43.241984], [-0.027206, 43.247928], [-0.026349, 43.253486], [-0.02792, 43.258079], [-0.036863, 43.276898], [-0.035831, 43.291884], [-0.032502, 43.301695], [-0.027514, 43.310308], [-0.021647, 43.316526], [-0.014748, 43.322107], [-0.007793, 43.325051], [0.011191, 43.328831], [0.018793, 43.332445], [0.023232, 43.339169], [0.0221, 43.348936], [0.008873, 43.371128], [0.00561, 43.384685], [0.009027, 43.422006], [0.007005, 43.428565], [0.002204, 43.433322], [-0.007793, 43.434168], [-0.015242, 43.430729], [-0.021647, 43.425566], [-0.027305, 43.419567], [-0.034183, 43.414381], [-0.042137, 43.414821], [-0.049014, 43.421171], [-0.052211, 43.440836], [-0.049684, 43.449856], [-0.043378, 43.453163], [-0.035468, 43.451768], [-0.026921, 43.451273], [-0.019812, 43.453987], [-0.016297, 43.459107], [-0.017769, 43.467885], [-0.022735, 43.479409], [-0.047278, 43.522223], [-0.053453, 43.529276], [-0.061022, 43.534835], [-0.071778, 43.539615], [-0.079523, 43.545196], [-0.089653, 43.564521], [-0.109681, 43.574804], [-0.202955, 43.588998], [-0.236342, 43.587053], [-0.243857, 43.594294], [-0.24657, 43.599127], [-0.249515, 43.610982], [-0.252459, 43.616145], [-0.267005, 43.623176], [-0.267906, 43.628988], [-0.263467, 43.63703], [-0.25091, 43.648577], [-0.245252, 43.65964], [-0.245944, 43.668187], [-0.25158, 43.675109], [-0.254678, 43.681415], [-0.252668, 43.68648], [-0.243263, 43.689896], [-0.227399, 43.690358], [-0.222104, 43.692731], [-0.215457, 43.698828], [-0.196912, 43.7326], [-0.195275, 43.738852], [-0.198538, 43.745059], [-0.204328, 43.750925], [-0.208953, 43.756551], [-0.208953, 43.763219], [-0.207009, 43.772294], [-0.208118, 43.788026], [-0.206778, 43.796189], [-0.202614, 43.805286], [-0.191221, 43.81836], [-0.183443, 43.835355], [-0.183882, 43.841772], [-0.187629, 43.84833], [-0.192254, 43.854845], [-0.197604, 43.867194], [-0.202493, 43.873236], [-0.217555, 43.885025], [-0.223905, 43.89143], [-0.221917, 43.89867], [-0.213776, 43.907085], [-0.179389, 43.926333], [-0.16748, 43.930915], [-0.131818, 43.926366], [-0.112416, 43.926828], [-0.100013, 43.928377], [-0.088642, 43.934892], [-0.069427, 43.951997], [-0.04462, 43.965587], [-0.034435, 43.969147], [-0.023976, 43.971113], [-0.009013, 43.967191], [-0.001938, 43.963522], [0.002973, 43.95871], [0.004522, 43.953283], [0.004522, 43.94802], [0.00127, 43.943153], [-0.006739, 43.935386], [-0.00909, 43.929926], [-0.008859, 43.923982], [-0.005036, 43.918401], [-0.000279, 43.914941], [0.004841, 43.912567], [0.012432, 43.910392], [0.020705, 43.909107], [0.055268, 43.907041], [0.064365, 43.908535], [0.073264, 43.912567], [0.079987, 43.921972], [0.081987, 43.930552], [0.076032, 43.955974], [0.08524, 43.967321], [0.089743, 43.972871], [0.11611, 43.980727], [0.123999, 43.981298], [0.133776, 43.97876], [0.140939, 43.969433], [0.147927, 43.967653], [0.157067, 43.969125], [0.169021, 43.974783], [0.177063, 43.981034], [0.183127, 43.987648], [0.1982, 44.007753], [0.203649, 44.013026], [0.211867, 44.017102], [0.221623, 44.018552], [0.268491, 44.005424], [0.287409, 43.998041], [0.294221, 43.99636], [0.303735, 43.996646], [0.31426, 43.999228], [0.340012, 44.012202], [0.354272, 44.017465], [0.374641, 44.019849], [0.447392, 44.045941], [0.455918, 44.052302], [0.466311, 44.056334], [0.476594, 44.057026], [0.490854, 44.05328], [0.499841, 44.052149], [0.508674, 44.052379], [0.576635, 44.070902], [0.5925, 44.072814], [0.612648, 44.067288], [0.623503, 44.061707], [0.651936, 44.041316], [0.658901, 44.03757], [0.679665, 44.040459], [0.741738, 44.067024], [0.744375, 44.07845], [0.746242, 44.08413], [0.752658, 44.098445], [0.758371, 44.105367], [0.765666, 44.110948], [0.787221, 44.118078], [0.795109, 44.122549], [0.799306, 44.130283], [0.800866, 44.13648], [0.803503, 44.142116], [0.807898, 44.145422], [0.818884, 44.149037], [0.828508, 44.149246], [0.837649, 44.147378], [0.854699, 44.141523], [0.863906, 44.139995], [0.872893, 44.139842], [0.881726, 44.140819], [0.889482, 44.144027], [0.894294, 44.149652], [0.894602, 44.157925], [0.890866, 44.164407], [0.884055, 44.169142], [0.876013, 44.172493], [0.871179, 44.175855], [0.871816, 44.180864], [0.894909, 44.19273], [0.905918, 44.201024], [0.943337, 44.259681], [0.946435, 44.266316], [0.947204, 44.272908], [0.944743, 44.279104], [0.938371, 44.283576], [0.930637, 44.286751], [0.904973, 44.292749], [0.898337, 44.296364], [0.893811, 44.301351], [0.886538, 44.312646], [0.887482, 44.319358], [0.897238, 44.334453], [0.900183, 44.341166], [0.901106, 44.347319], [0.901106, 44.353932], [0.900336, 44.360469], [0.901106, 44.367116], [0.904226, 44.373213], [0.911191, 44.377597], [0.92009, 44.378992], [0.930461, 44.375586], [0.936833, 44.370467], [0.949533, 44.365742], [0.969528, 44.362798], [1.051333, 44.367786], [1.064307, 44.378262], [1.064516, 44.378432], [1.064524, 44.378741], [1.065131, 44.40292], [1.06823, 44.412379], [1.067461, 44.422245], [1.060935, 44.430672], [1.044191, 44.4409], [1.037534, 44.446437], [1.033974, 44.452633], [1.030041, 44.465191], [1.027097, 44.47064], [1.023383, 44.47499], [1.0209, 44.479638], [1.019802, 44.486076], [1.021362, 44.500512], [1.019494, 44.505555], [1.015319, 44.511267], [1.009892, 44.517387], [1.003542, 44.523221], [1.00029, 44.527362], [0.998269, 44.532713], [1.002136, 44.539249], [1.01299, 44.547566], [1.061572, 44.564925], [1.077211, 44.574533], [1.094795, 44.585337], [1.119909, 44.603629], [1.131071, 44.615187], [1.174995, 44.673041], [1.189563, 44.682566], [1.19934, 44.685027], [1.218149, 44.687092], [1.226982, 44.689103], [1.2352, 44.692619], [1.249614, 44.702495], [1.257898, 44.707044], [1.276025, 44.712152], [1.287956, 44.717371], [1.299602, 44.725644], [1.314851, 44.7412], [1.321662, 44.751428], [1.322277, 44.761811], [1.317312, 44.76815], [1.311731, 44.773083], [1.310324, 44.780311], [1.313906, 44.788738], [1.325837, 44.801757], [1.335593, 44.805822], [1.345832, 44.807063], [1.354533, 44.806723], [1.363674, 44.810963], [1.372089, 44.819643], [1.383252, 44.836847], [1.391316, 44.846207], [1.399072, 44.853261], [1.42656, 44.870235], [1.433371, 44.875969], [1.43726, 44.88344], [1.437414, 44.889867], [1.434316, 44.899151], [1.43447, 44.906149], [1.441128, 44.912917], [1.446093, 44.921398], [1.446709, 44.932945], [1.425022, 44.983822], [1.429965, 45.000093], [1.45864, 45.015078], [1.473999, 45.020044], [1.477251, 45.022835], [1.487226, 45.02935], [1.502893, 45.031876], [1.506145, 45.034206], [1.515285, 45.041797], [1.52258, 45.045049], [1.529699, 45.04495], [1.535324, 45.040819], [1.537522, 45.035084], [1.540158, 45.030196], [1.546179, 45.027636], [1.568064, 45.034535], [1.580918, 45.035601], [1.609812, 45.029086], [1.626247, 45.02289], [1.659294, 45.006509], [1.693418, 44.984646], [1.698691, 44.978648], [1.701635, 44.97255], [1.7057, 44.966244], [1.714226, 44.960202], [1.733166, 44.954159], [1.744943, 44.948578], [1.754084, 44.943041], [1.759709, 44.938657], [1.766213, 44.935241], [1.777858, 44.933384], [1.799567, 44.932868], [1.852016, 44.945788], [1.907871, 44.96842], [1.917473, 44.970386], [1.926306, 44.970177], [1.935359, 44.966244], [1.940632, 44.962212], [1.945905, 44.960817], [1.953508, 44.960872], [1.979084, 44.971155], [1.984401, 44.972495], [2.005188, 44.974726], [2.058713, 44.97511], [2.071106, 44.956631], [2.079323, 44.896975], [2.085388, 44.879793], [2.093737, 44.865741], [2.135969, 44.818094], [2.151526, 44.795769], [2.156799, 44.783827], [2.158513, 44.774533], [2.14278, 44.720271], [2.134431, 44.706264], [2.132255, 44.698672], [2.137067, 44.695365], [2.153239, 44.690454], [2.161281, 44.684555], [2.164709, 44.678359], [2.171213, 44.650223], [2.175717, 44.639654], [2.181606, 44.631227], [2.194636, 44.623427], [2.205315, 44.622339], [2.214213, 44.647201], [2.22988, 44.65298], [2.239174, 44.653969], [2.300456, 44.668723], [2.311926, 44.669031], [2.321286, 44.667174], [2.327483, 44.662], [2.332141, 44.656649], [2.340051, 44.651903], [2.346247, 44.651903], [2.352597, 44.654068], [2.361276, 44.658748], [2.367649, 44.660275], [2.373537, 44.660165], [2.384743, 44.65888], [2.422404, 44.65877], [2.454704, 44.66156], [2.471623, 44.668229], [2.482478, 44.675513], [2.493376, 44.687993], [2.52361, 44.711482], [2.529499, 44.717217], [2.533982, 44.723161], [2.537234, 44.729698], [2.540793, 44.748902], [2.54343, 44.754999], [2.554504, 44.772149], [2.577751, 44.794627], [2.583486, 44.802273], [2.585815, 44.808634], [2.588144, 44.821763], [2.590012, 44.828267], [2.594033, 44.834991], [2.726726, 44.935351], [2.734504, 44.934724], [2.739909, 44.931055], [2.744414, 44.924441], [2.750149, 44.918289], [2.764101, 44.906665], [2.770056, 44.899997], [2.773132, 44.893174], [2.774538, 44.886516], [2.774538, 44.880057], [2.773, 44.867543], [2.775769, 44.863105], [2.782602, 44.861863], [2.811892, 44.866455], [2.820593, 44.867027], [2.825603, 44.866203], [2.830085, 44.864599], [2.841093, 44.848635], [2.861858, 44.830233], [2.866999, 44.823521], [2.874118, 44.803317], [2.878601, 44.797165], [2.885324, 44.791891], [2.893718, 44.788353], [2.916174, 44.783728], [2.920986, 44.781817], [2.926567, 44.778092], [2.928589, 44.773258], [2.926567, 44.768589], [2.917119, 44.765326], [2.909978, 44.761789], [2.90688, 44.756779], [2.910153, 44.750813], [2.914482, 44.744298], [2.916789, 44.737783], [2.918195, 44.731071], [2.919909, 44.710812], [2.921316, 44.704088], [2.925798, 44.690817], [2.933708, 44.677611], [2.939487, 44.671283], [2.94632, 44.665076], [2.980114, 44.644279], [2.994265, 44.676831], [3.003713, 44.689729], [3.021247, 44.706989], [3.024961, 44.715053], [3.030542, 44.749341], [3.044648, 44.791792], [3.053547, 44.811271], [3.062534, 44.823565], [3.079738, 44.830058], [3.089494, 44.837001], [3.096943, 44.858963], [3.100349, 44.881452], [3.107072, 44.888527], [3.115598, 44.8938], [3.124299, 44.895657], [3.131418, 44.89313], [3.147063, 44.875398], [3.154204, 44.86974], [3.1682, 44.871762], [3.18758, 44.880979], [3.244226, 44.922068], [3.258025, 44.926353], [3.266242, 44.92465], [3.275119, 44.924057], [3.285359, 44.926254], [3.297004, 44.930121], [3.337653, 44.95038], [3.344948, 44.952962], [3.357341, 44.955346], [3.369734, 44.954236], [3.379204, 44.956796], [3.386696, 44.953489], [3.390564, 44.948424], [3.394299, 44.935087], [3.402978, 44.914696], [3.460085, 44.836616], [3.478674, 44.821653], [3.49278, 44.816028], [3.506623, 44.822126], [3.515786, 44.824784], [3.526333, 44.826487], [3.560324, 44.827553], [3.569465, 44.829146], [3.578474, 44.833057], [3.584055, 44.83855], [3.587461, 44.845175], [3.588537, 44.859128], [3.589944, 44.865478], [3.594602, 44.870982], [3.602336, 44.874728], [3.612927, 44.876585], [3.625495, 44.876618], [3.643469, 44.87431], [3.654192, 44.869411], [3.661157, 44.862687], [3.662541, 44.856227], [3.66052, 44.850185], [3.656037, 44.844054], [3.653247, 44.83855], [3.655114, 44.833518], [3.661311, 44.830904], [3.716396, 44.824806], [3.728679, 44.820939], [3.737841, 44.816204], [3.765285, 44.794737], [3.795102, 44.776181], [3.80844, 44.770962], [3.823315, 44.767557], [3.829204, 44.764865], [3.83529, 44.760064], [3.84197, 44.757064], [3.847859, 44.755098], [3.872204, 44.750912], [3.868469, 44.722106], [3.871106, 44.709878], [3.875302, 44.69898], [3.877478, 44.695332], [3.880422, 44.692234], [3.891936, 44.663219], [3.900307, 44.62213], [3.911777, 44.59495], [3.922016, 44.580272], [3.943264, 44.56989], [3.957414, 44.550873], [3.965478, 44.535503], [3.993999, 44.457852], [4.021794, 44.439538], [4.036384, 44.417389], [4.049699, 44.403547], [4.050798, 44.395274], [4.046447, 44.389846], [4.040405, 44.384738], [4.036076, 44.375564], [4.04102, 44.362974], [4.044294, 44.33107], [4.049875, 44.325203], [4.057763, 44.323808], [4.075957, 44.328565], [4.08479, 44.328741], [4.093777, 44.327422], [4.102478, 44.327653], [4.120188, 44.332948], [4.130581, 44.331685], [4.135393, 44.32851], [4.140798, 44.321632], [4.149016, 44.317249], [4.160486, 44.314656], [4.228974, 44.285257], [4.240136, 44.282521], [4.251145, 44.281796], [4.25967, 44.283708], [4.267273, 44.28797], [4.278896, 44.299022], [4.285598, 44.303966], [4.311657, 44.315689], [4.333828, 44.330674], [4.342243, 44.333673], [4.373093, 44.339672], [4.38643, 44.338892], [4.394033, 44.334398], [4.396714, 44.328301], [4.39511, 44.321742], [4.392473, 44.315535], [4.392165, 44.308174], [4.395637, 44.301121], [4.407414, 44.29265], [4.418115, 44.290475], [4.429431, 44.291661], [4.438725, 44.29588], [4.445075, 44.301121], [4.448503, 44.306933], [4.450041, 44.313107], [4.45081, 44.325972], [4.455666, 44.331817], [4.465598, 44.336002], [4.495832, 44.338123], [4.520837, 44.336826], [4.55061, 44.327115], [4.555246, 44.322984], [4.557114, 44.319874], [4.559905, 44.317447], [4.567705, 44.313524], [4.571133, 44.311272], [4.575923, 44.305768], [4.579504, 44.303604], [4.585239, 44.300659], [4.612353, 44.290574], [4.657837, 44.281719]], [[1.947509, 42.451234], [1.960634, 42.443715], [1.983372, 42.441261], [1.986163, 42.441261], [1.996084, 42.442837], [1.999495, 42.443896], [1.988436, 42.458185], [1.978308, 42.474979], [1.967972, 42.485702], [1.956604, 42.481775], [1.945648, 42.463817], [1.947509, 42.451234]]]}, "properties": {"source": "https://simplemaps.com", "id": "FROCC", "name": "Occitanie"}}, {"type": "Feature", "id": 7, "geometry": {"type": "Polygon", "coordinates": [[[-1.079081, 48.498689], [-1.02872, 48.493108], [-0.994893, 48.493273], [-0.962077, 48.49937], [-0.956858, 48.500963], [-0.954277, 48.502875], [-0.946861, 48.505666], [-0.936193, 48.507325], [-0.915781, 48.501381], [-0.91221, 48.499524], [-0.906475, 48.499008], [-0.899444, 48.496932], [-0.862706, 48.501799], [-0.846226, 48.492229], [-0.83491, 48.479441], [-0.822188, 48.459787], [-0.816893, 48.454382], [-0.809631, 48.451151], [-0.800951, 48.453524], [-0.793876, 48.456469], [-0.78579, 48.456996], [-0.778375, 48.453118], [-0.771706, 48.447691], [-0.763906, 48.443044], [-0.754369, 48.441286], [-0.74235, 48.444483], [-0.735583, 48.450196], [-0.733572, 48.45637], [-0.730463, 48.461852], [-0.723388, 48.464533], [-0.6744, 48.473212], [-0.6646, 48.472729], [-0.657426, 48.467532], [-0.654394, 48.46149], [-0.650373, 48.456469], [-0.64099, 48.454612], [-0.554297, 48.468312], [-0.544377, 48.471619], [-0.535027, 48.476343], [-0.501025, 48.501227], [-0.492906, 48.504666], [-0.483139, 48.506292], [-0.470428, 48.507061], [-0.419946, 48.504117], [-0.352632, 48.491878], [-0.337933, 48.493735], [-0.333384, 48.497942], [-0.329045, 48.503062], [-0.319124, 48.512334], [-0.308094, 48.51629], [-0.293976, 48.518509], [-0.271322, 48.518124], [-0.258271, 48.522046], [-0.248866, 48.526803], [-0.243857, 48.532956], [-0.241352, 48.539262], [-0.243263, 48.545766], [-0.244549, 48.552907], [-0.241604, 48.558016], [-0.233497, 48.561278], [-0.171116, 48.545096], [-0.162854, 48.539877], [-0.158207, 48.532824], [-0.160679, 48.521739], [-0.166546, 48.514455], [-0.164404, 48.503238], [-0.154406, 48.489856], [-0.120887, 48.463247], [-0.103034, 48.453294], [-0.088235, 48.44857], [-0.078985, 48.448306], [-0.070097, 48.447174], [-0.062242, 48.439418], [-0.056705, 48.431563], [-0.052728, 48.380641], [0.006544, 48.385475], [0.016926, 48.38531], [0.02945, 48.383454], [0.047204, 48.378806], [0.061311, 48.379575], [0.067067, 48.383871], [0.070319, 48.396528], [0.073725, 48.401702], [0.079987, 48.404954], [0.085393, 48.406657], [0.092072, 48.407876], [0.099807, 48.408162], [0.110661, 48.410535], [0.115473, 48.412809], [0.121054, 48.416709], [0.128349, 48.423246], [0.135534, 48.433035], [0.142653, 48.439836], [0.152585, 48.445471], [0.165285, 48.447537], [0.175524, 48.451459], [0.192487, 48.460193], [0.280598, 48.474091], [0.294221, 48.473685], [0.309931, 48.471564], [0.351943, 48.458853], [0.364094, 48.453997], [0.371521, 48.448515], [0.376662, 48.439682], [0.378354, 48.432266], [0.3782, 48.424663], [0.373081, 48.397824], [0.374025, 48.369732], [0.377893, 48.356482], [0.382551, 48.346199], [0.390461, 48.332917], [0.400832, 48.32416], [0.416081, 48.315756], [0.443195, 48.304704], [0.463366, 48.302836], [0.476594, 48.304704], [0.485734, 48.306868], [0.493183, 48.304594], [0.498303, 48.296486], [0.500017, 48.289301], [0.500324, 48.283149], [0.499072, 48.274414], [0.501071, 48.271064], [0.515178, 48.265845], [0.60041, 48.249772], [0.637917, 48.248838], [0.639367, 48.250332], [0.641235, 48.251475], [0.645432, 48.253365], [0.655341, 48.252892], [0.667119, 48.247861], [0.684939, 48.233435], [0.706076, 48.20998], [0.715546, 48.201531], [0.726247, 48.194654], [0.750285, 48.184349], [0.770632, 48.180833], [0.798383, 48.185952], [0.847097, 48.160992], [0.857644, 48.159025], [0.888713, 48.15763], [0.898161, 48.155971], [0.906555, 48.152719], [0.912883, 48.147193], [0.912575, 48.141458], [0.902973, 48.134273], [0.88344, 48.128945], [0.847273, 48.111762], [0.835627, 48.107499], [0.831606, 48.102852], [0.832551, 48.09448], [0.839055, 48.089723], [0.846789, 48.085933], [0.85237, 48.081352], [0.852238, 48.076243], [0.843076, 48.071178], [0.832858, 48.069519], [0.812556, 48.069366], [0.803964, 48.067553], [0.797614, 48.062807], [0.797307, 48.054457], [0.801482, 48.046734], [0.806975, 48.03968], [0.810227, 48.033869], [0.814709, 48.029364], [0.822136, 48.028079], [0.839516, 48.027354], [0.844152, 48.021641], [0.842922, 48.011435], [0.835012, 47.990407], [0.833298, 47.978542], [0.834243, 47.968445], [0.840593, 47.954646], [0.837187, 47.94589], [0.828354, 47.936299], [0.805041, 47.921006], [0.791242, 47.914909], [0.779619, 47.907097], [0.773884, 47.896847], [0.771093, 47.887564], [0.770632, 47.879357], [0.771093, 47.871809], [0.77217, 47.864679], [0.772478, 47.856692], [0.771862, 47.849485], [0.770017, 47.842454], [0.744704, 47.787522], [0.734926, 47.779228], [0.720974, 47.770625], [0.691772, 47.757705], [0.669602, 47.750421], [0.667273, 47.750158], [0.656594, 47.747993], [0.635896, 47.738952], [0.613264, 47.722901], [0.60197, 47.701477], [0.609572, 47.689217], [0.610495, 47.687733], [0.612956, 47.681482], [0.612517, 47.675539], [0.608166, 47.67076], [0.59885, 47.668101], [0.584128, 47.667035], [0.571208, 47.664871], [0.517815, 47.646315], [0.477824, 47.640042], [0.462268, 47.633373], [0.453918, 47.626968], [0.451281, 47.621772], [0.443833, 47.618849], [0.431418, 47.621178], [0.408259, 47.630605], [0.397426, 47.630912], [0.384704, 47.624123], [0.381298, 47.617454], [0.381936, 47.610478], [0.384243, 47.604303], [0.387341, 47.591933], [0.389516, 47.585649], [0.385012, 47.581441], [0.371389, 47.580221], [0.31382, 47.591933], [0.285849, 47.594559], [0.241772, 47.602886], [0.218371, 47.560512], [0.214328, 47.548515], [0.214812, 47.535287], [0.221315, 47.517105], [0.223029, 47.509711], [0.221777, 47.50224], [0.190158, 47.453538], [0.185588, 47.439563], [0.173986, 47.414734], [0.171789, 47.404967], [0.178315, 47.386181], [0.177063, 47.377447], [0.149948, 47.345586], [0.121516, 47.320054], [0.110222, 47.306772], [0.105256, 47.299081], [0.099499, 47.286722], [0.081525, 47.230197], [0.06676, 47.153688], [0.013828, 47.160587], [-0.004047, 47.156555], [-0.036863, 47.127925], [-0.040686, 47.120894], [-0.042236, 47.11361], [-0.045026, 47.105854], [-0.053068, 47.096252], [-0.064252, 47.092472], [-0.09185, 47.086144], [-0.10032, 47.079871], [-0.105539, 47.07429], [-0.109043, 47.06961], [-0.118228, 47.057338], [-0.143013, 47.062809], [-0.148232, 47.067621], [-0.152461, 47.074367], [-0.154021, 47.082134], [-0.158976, 47.091439], [-0.170578, 47.098262], [-0.181322, 47.100635], [-0.192023, 47.100075], [-0.211766, 47.09612], [-0.269697, 47.097229], [-0.37633, 47.088133], [-0.403455, 47.079552], [-0.459013, 47.068083], [-0.473196, 47.06638], [-0.496015, 47.074674], [-0.506781, 47.07607], [-0.517658, 47.075367], [-0.537741, 47.070258], [-0.54709, 47.066533], [-0.555132, 47.060952], [-0.558461, 47.0548], [-0.556209, 47.048186], [-0.544849, 47.036255], [-0.544223, 47.030356], [-0.549156, 47.02517], [-0.592046, 47.010415], [-0.608976, 46.999253], [-0.613931, 46.997232], [-0.63241, 46.992431], [-0.69646, 46.988091], [-0.751711, 46.991288], [-0.780407, 46.996979], [-0.837536, 46.989695], [-0.851126, 46.98964], [-0.860926, 46.991244], [-0.870352, 46.994211], [-0.909375, 47.011778], [-0.920329, 47.014414], [-0.935007, 47.016557], [-0.941357, 47.013305], [-0.943378, 47.008965], [-0.9434, 47.006537], [-0.946004, 47.000385], [-0.909397, 46.982378], [-0.896038, 46.971293], [-0.882865, 46.952638], [-0.872758, 46.9423], [-0.846424, 46.931709], [-0.833614, 46.919251], [-0.829791, 46.910473], [-0.828011, 46.890082], [-0.821155, 46.873372], [-0.812421, 46.862825], [-0.803434, 46.854816], [-0.745767, 46.829855], [-0.724058, 46.816496], [-0.715588, 46.807893], [-0.712017, 46.802049], [-0.713259, 46.797347], [-0.716126, 46.791667], [-0.725816, 46.77867], [-0.724728, 46.767508], [-0.716148, 46.750995], [-0.689155, 46.721332], [-0.662282, 46.683045], [-0.657811, 46.673168], [-0.654965, 46.664775], [-0.654526, 46.658139], [-0.654998, 46.650899], [-0.652999, 46.642527], [-0.647505, 46.632145], [-0.635431, 46.621862], [-0.629444, 46.613853], [-0.626774, 46.606558], [-0.625126, 46.586409], [-0.617194, 46.556999], [-0.615953, 46.54755], [-0.618282, 46.541244], [-0.6235, 46.53563], [-0.631037, 46.531368], [-0.637211, 46.524864], [-0.640134, 46.514943], [-0.624115, 46.461429], [-0.623522, 46.45487], [-0.625049, 46.448487], [-0.632388, 46.432875], [-0.633882, 46.422801], [-0.629927, 46.408507], [-0.623522, 46.403245], [-0.616722, 46.403882], [-0.610833, 46.406629], [-0.603494, 46.406189], [-0.569338, 46.38704], [-0.557846, 46.377405], [-0.555286, 46.369726], [-0.558154, 46.362343], [-0.565416, 46.356992], [-0.572677, 46.35474], [-0.577973, 46.354334], [-0.585773, 46.355465], [-0.5942, 46.355982], [-0.60334, 46.355257], [-0.612074, 46.35206], [-0.641946, 46.328802], [-0.649516, 46.325725], [-0.656108, 46.324978], [-0.685298, 46.325264], [-0.695252, 46.32355], [-0.722245, 46.313552], [-0.729068, 46.309477], [-0.744778, 46.303533], [-0.756589, 46.301204], [-0.825088, 46.331328], [-0.85061, 46.334306], [-0.8671, 46.334152], [-0.882107, 46.330713], [-0.888051, 46.328802], [-0.919911, 46.324825], [-0.931337, 46.32177], [-0.941126, 46.320584], [-0.959935, 46.320067], [-0.970251, 46.324154], [-0.973118, 46.329219], [-0.968537, 46.334954], [-0.961462, 46.339909], [-0.956551, 46.346446], [-0.955002, 46.353708], [-0.961769, 46.361541], [-0.969833, 46.362442], [-0.988334, 46.356707], [-0.998387, 46.354795], [-1.019645, 46.353092], [-1.080158, 46.342754], [-1.090287, 46.339546], [-1.097033, 46.334613], [-1.114633, 46.316706], [-1.119105, 46.311125], [-1.11919, 46.311011], [-1.132476, 46.324123], [-1.177235, 46.326158], [-1.214345, 46.310696], [-1.213206, 46.27912], [-1.240102, 46.284247], [-1.259185, 46.300442], [-1.277415, 46.319525], [-1.293365, 46.322659], [-1.303456, 46.323879], [-1.334218, 46.336737], [-1.356842, 46.350328], [-1.370229, 46.354193], [-1.423329, 46.342475], [-1.44872, 46.343411], [-1.459584, 46.364732], [-1.465484, 46.38996], [-1.481435, 46.408189], [-1.504465, 46.419338], [-1.53189, 46.423082], [-1.598785, 46.425035], [-1.62564, 46.431138], [-1.617177, 46.443549], [-1.633453, 46.454291], [-1.686757, 46.460883], [-1.720286, 46.481269], [-1.748606, 46.486558], [-1.761138, 46.492011], [-1.768422, 46.50023], [-1.779652, 46.522122], [-1.789174, 46.532945], [-1.788889, 46.520453], [-1.78307, 46.504137], [-1.781728, 46.495429], [-1.786, 46.490953], [-1.7954, 46.494534], [-1.804799, 46.503608], [-1.827056, 46.576972], [-1.822662, 46.594387], [-1.838694, 46.599066], [-1.846588, 46.610256], [-1.851226, 46.623725], [-1.857411, 46.635321], [-1.872426, 46.647406], [-1.887807, 46.656562], [-1.89977, 46.666246], [-1.909901, 46.691799], [-1.923166, 46.699164], [-1.940012, 46.70307], [-1.956451, 46.704291], [-1.964996, 46.710395], [-1.994618, 46.752021], [-2.050282, 46.79206], [-2.081288, 46.807359], [-2.107167, 46.813463], [-2.118764, 46.819973], [-2.126088, 46.835598], [-2.130035, 46.854682], [-2.131256, 46.871812], [-2.128774, 46.893459], [-2.121978, 46.903713], [-2.096344, 46.91649], [-2.102162, 46.93065], [-2.087473, 46.941229], [-2.049224, 46.957465], [-2.037017, 46.972561], [-2.020172, 47.008612], [-2.00829, 47.026353], [-1.990716, 47.035387], [-1.992584, 47.052314], [-2.003774, 47.070014], [-2.014556, 47.08161], [-2.030019, 47.092108], [-2.090159, 47.11518], [-2.205474, 47.129096], [-2.241119, 47.142483], [-2.227854, 47.148627], [-2.21703, 47.155504], [-2.205393, 47.1612], [-2.172841, 47.164374], [-2.165191, 47.167873], [-2.162099, 47.176012], [-2.159088, 47.190863], [-2.158681, 47.204495], [-2.169301, 47.22016], [-2.172109, 47.235256], [-2.170888, 47.246324], [-2.166982, 47.259223], [-2.160553, 47.271186], [-2.151682, 47.27969], [-2.127675, 47.286811], [-2.035634, 47.29328], [-2.028717, 47.296942], [-2.021962, 47.299262], [-2.014556, 47.300116], [-2.006581, 47.29328], [-1.999135, 47.28856], [-1.947865, 47.279364], [-1.932485, 47.27969], [-1.939361, 47.286444], [-1.927805, 47.286322], [-1.917063, 47.284166], [-1.907338, 47.279934], [-1.898427, 47.273424], [-1.918853, 47.273424], [-1.918853, 47.266018], [-1.877838, 47.24551], [-1.836252, 47.239936], [-1.82608, 47.235256], [-1.803944, 47.21898], [-1.780995, 47.211982], [-1.72704, 47.210761], [-1.747222, 47.219916], [-1.788238, 47.225572], [-1.805653, 47.235256], [-1.835927, 47.259752], [-1.871165, 47.27969], [-1.905629, 47.293931], [-1.925689, 47.298489], [-1.94929, 47.300116], [-1.95816, 47.302395], [-1.972157, 47.31216], [-2.010121, 47.319729], [-2.148101, 47.313218], [-2.179555, 47.300116], [-2.186594, 47.292711], [-2.190582, 47.2862], [-2.195953, 47.279934], [-2.206288, 47.273424], [-2.236073, 47.267483], [-2.259429, 47.251614], [-2.278391, 47.246405], [-2.298085, 47.24665], [-2.31607, 47.251654], [-2.330963, 47.26081], [-2.355336, 47.280097], [-2.371409, 47.286444], [-2.388092, 47.287909], [-2.39745, 47.287584], [-2.404897, 47.286444], [-2.412831, 47.281724], [-2.416575, 47.27497], [-2.418121, 47.268866], [-2.419179, 47.266018], [-2.448394, 47.266588], [-2.541982, 47.300116], [-2.541982, 47.306952], [-2.519032, 47.304633], [-2.476064, 47.290676], [-2.453359, 47.29328], [-2.436187, 47.307034], [-2.445383, 47.32038], [-2.465443, 47.333808], [-2.480621, 47.347887], [-2.487945, 47.345404], [-2.491282, 47.343899], [-2.494252, 47.341742], [-2.489369, 47.334418], [-2.488922, 47.33039], [-2.494252, 47.320624], [-2.501698, 47.320624], [-2.503326, 47.349595], [-2.514801, 47.364936], [-2.556386, 47.383246], [-2.476796, 47.415676], [-2.466135, 47.415229], [-2.4558, 47.412177], [-2.439036, 47.40998], [-2.441029, 47.404446], [-2.442209, 47.404364], [-2.446401, 47.402533], [-2.439036, 47.396308], [-2.429433, 47.403876], [-2.395009, 47.416978], [-2.391835, 47.423651], [-2.407135, 47.425727], [-2.431752, 47.426174], [-2.44815, 47.430609], [-2.439036, 47.44477], [-2.455312, 47.452216], [-2.461097, 47.452645], [-2.460909, 47.452714], [-2.459634, 47.45312], [-2.452889, 47.461855], [-2.445429, 47.464854], [-2.433102, 47.465832], [-2.422797, 47.462635], [-2.413206, 47.458339], [-2.404109, 47.455603], [-2.394969, 47.455274], [-2.375611, 47.458658], [-2.365866, 47.459119], [-2.356154, 47.458394], [-2.345739, 47.459482], [-2.3345, 47.463975], [-2.320185, 47.477488], [-2.312176, 47.486563], [-2.306551, 47.494363], [-2.303244, 47.500384], [-2.302255, 47.501625], [-2.299256, 47.503174], [-2.292357, 47.505888], [-2.281227, 47.506975], [-2.27435, 47.504438], [-2.270142, 47.50224], [-2.268615, 47.500691], [-2.266418, 47.499219], [-2.261946, 47.497154], [-2.253366, 47.495264], [-2.24138, 47.496637], [-2.227845, 47.500307], [-2.210893, 47.507591], [-2.202521, 47.506767], [-2.199039, 47.50413], [-2.198643, 47.501757], [-2.199159, 47.495704], [-2.199039, 47.491155], [-2.197643, 47.487804], [-2.193348, 47.483509], [-2.186756, 47.481421], [-2.179263, 47.482476], [-2.173429, 47.486069], [-2.165519, 47.494781], [-2.16051, 47.505064], [-2.154412, 47.513117], [-2.143019, 47.519632], [-2.132143, 47.522268], [-2.119948, 47.529629], [-2.109972, 47.542319], [-2.097778, 47.586604], [-2.090823, 47.598953], [-2.087308, 47.603655], [-2.085835, 47.607995], [-2.087154, 47.612499], [-2.087, 47.616136], [-2.084748, 47.620245], [-2.083748, 47.623299], [-2.086407, 47.629187], [-2.088549, 47.632626], [-2.081034, 47.649809], [-2.049658, 47.661224], [-2.034859, 47.669518], [-2.030695, 47.671221], [-2.023433, 47.672858], [-1.992638, 47.676473], [-1.958251, 47.675846], [-1.937938, 47.68469], [-1.865845, 47.702796], [-1.835149, 47.694655], [-1.816297, 47.692227], [-1.806135, 47.692337], [-1.685318, 47.718484], [-1.657698, 47.72957], [-1.640571, 47.739512], [-1.635605, 47.746203], [-1.629222, 47.752795], [-1.621751, 47.759046], [-1.612896, 47.764945], [-1.592011, 47.775481], [-1.488564, 47.808353], [-1.472897, 47.819306], [-1.461713, 47.823437], [-1.431204, 47.825195], [-1.409495, 47.82359], [-1.399025, 47.821107], [-1.389753, 47.817032], [-1.382754, 47.808913], [-1.379107, 47.802255], [-1.364539, 47.795476], [-1.351312, 47.791862], [-1.251006, 47.780392], [-1.242964, 47.809539], [-1.233769, 47.817163], [-1.228891, 47.822975], [-1.224463, 47.831676], [-1.215762, 47.858263], [-1.21095, 47.868294], [-1.20103, 47.884235], [-1.193844, 47.899715], [-1.183462, 47.933662], [-1.177178, 47.948132], [-1.172949, 47.954592], [-1.167697, 47.960799], [-1.153777, 47.973268], [-1.144856, 47.978882], [-1.134936, 47.983167], [-1.124444, 47.986067], [-1.11215, 47.987748], [-1.077862, 47.989264], [-1.067348, 47.990769], [-1.057164, 47.993197], [-1.048902, 47.996274], [-1.042046, 48.000196], [-1.040629, 48.001514], [-1.039487, 48.006678], [-1.039333, 48.015522], [-1.043211, 48.032781], [-1.043672, 48.04435], [-1.041354, 48.055589], [-1.041794, 48.062334], [-1.046825, 48.068179], [-1.06202, 48.077276], [-1.066832, 48.082934], [-1.069512, 48.087812], [-1.070391, 48.09058], [-1.082333, 48.152411], [-1.07962, 48.156883], [-1.077005, 48.159541], [-1.074346, 48.161354], [-1.071578, 48.163573], [-1.070391, 48.168122], [-1.070292, 48.174318], [-1.076543, 48.20341], [-1.07884, 48.209826], [-1.081894, 48.229074], [-1.083575, 48.235347], [-1.085223, 48.23995], [-1.092023, 48.250332], [-1.094341, 48.252453], [-1.098615, 48.255452], [-1.100724, 48.259561], [-1.101658, 48.267394], [-1.097055, 48.278809], [-1.091946, 48.287258], [-1.072413, 48.312944], [-1.069776, 48.318184], [-1.069205, 48.329555], [-1.070237, 48.349242], [-1.082333, 48.423147], [-1.082432, 48.440143], [-1.079279, 48.458029], [-1.079081, 48.498689]]]}, "properties": {"source": "https://simplemaps.com", "id": "FRPDL", "name": "Pays de la Loire"}}, {"type": "Feature", "id": 8, "geometry": {"type": "Polygon", "coordinates": [[[-1.079081, 48.498689], [-1.079279, 48.458029], [-1.082432, 48.440143], [-1.082333, 48.423147], [-1.070237, 48.349242], [-1.069205, 48.329555], [-1.069776, 48.318184], [-1.072413, 48.312944], [-1.091946, 48.287258], [-1.097055, 48.278809], [-1.101658, 48.267394], [-1.100724, 48.259561], [-1.098615, 48.255452], [-1.094341, 48.252453], [-1.092023, 48.250332], [-1.085223, 48.23995], [-1.083575, 48.235347], [-1.081894, 48.229074], [-1.07884, 48.209826], [-1.076543, 48.20341], [-1.070292, 48.174318], [-1.070391, 48.168122], [-1.071578, 48.163573], [-1.074346, 48.161354], [-1.077005, 48.159541], [-1.07962, 48.156883], [-1.082333, 48.152411], [-1.070391, 48.09058], [-1.069512, 48.087812], [-1.066832, 48.082934], [-1.06202, 48.077276], [-1.046825, 48.068179], [-1.041794, 48.062334], [-1.041354, 48.055589], [-1.043672, 48.04435], [-1.043211, 48.032781], [-1.039333, 48.015522], [-1.039487, 48.006678], [-1.040629, 48.001514], [-1.042046, 48.000196], [-1.048902, 47.996274], [-1.057164, 47.993197], [-1.067348, 47.990769], [-1.077862, 47.989264], [-1.11215, 47.987748], [-1.124444, 47.986067], [-1.134936, 47.983167], [-1.144856, 47.978882], [-1.153777, 47.973268], [-1.167697, 47.960799], [-1.172949, 47.954592], [-1.177178, 47.948132], [-1.183462, 47.933662], [-1.193844, 47.899715], [-1.20103, 47.884235], [-1.21095, 47.868294], [-1.215762, 47.858263], [-1.224463, 47.831676], [-1.228891, 47.822975], [-1.233769, 47.817163], [-1.242964, 47.809539], [-1.251006, 47.780392], [-1.351312, 47.791862], [-1.364539, 47.795476], [-1.379107, 47.802255], [-1.382754, 47.808913], [-1.389753, 47.817032], [-1.399025, 47.821107], [-1.409495, 47.82359], [-1.431204, 47.825195], [-1.461713, 47.823437], [-1.472897, 47.819306], [-1.488564, 47.808353], [-1.592011, 47.775481], [-1.612896, 47.764945], [-1.621751, 47.759046], [-1.629222, 47.752795], [-1.635605, 47.746203], [-1.640571, 47.739512], [-1.657698, 47.72957], [-1.685318, 47.718484], [-1.806135, 47.692337], [-1.816297, 47.692227], [-1.835149, 47.694655], [-1.865845, 47.702796], [-1.937938, 47.68469], [-1.958251, 47.675846], [-1.992638, 47.676473], [-2.023433, 47.672858], [-2.030695, 47.671221], [-2.034859, 47.669518], [-2.049658, 47.661224], [-2.081034, 47.649809], [-2.088549, 47.632626], [-2.086407, 47.629187], [-2.083748, 47.623299], [-2.084748, 47.620245], [-2.087, 47.616136], [-2.087154, 47.612499], [-2.085835, 47.607995], [-2.087308, 47.603655], [-2.090823, 47.598953], [-2.097778, 47.586604], [-2.109972, 47.542319], [-2.119948, 47.529629], [-2.132143, 47.522268], [-2.143019, 47.519632], [-2.154412, 47.513117], [-2.16051, 47.505064], [-2.165519, 47.494781], [-2.173429, 47.486069], [-2.179263, 47.482476], [-2.186756, 47.481421], [-2.193348, 47.483509], [-2.197643, 47.487804], [-2.199039, 47.491155], [-2.199159, 47.495704], [-2.198643, 47.501757], [-2.199039, 47.50413], [-2.202521, 47.506767], [-2.210893, 47.507591], [-2.227845, 47.500307], [-2.24138, 47.496637], [-2.253366, 47.495264], [-2.261946, 47.497154], [-2.266418, 47.499219], [-2.268615, 47.500691], [-2.270142, 47.50224], [-2.27435, 47.504438], [-2.281227, 47.506975], [-2.292357, 47.505888], [-2.299256, 47.503174], [-2.302255, 47.501625], [-2.303244, 47.500384], [-2.306551, 47.494363], [-2.312176, 47.486563], [-2.320185, 47.477488], [-2.3345, 47.463975], [-2.345739, 47.459482], [-2.356154, 47.458394], [-2.365866, 47.459119], [-2.375611, 47.458658], [-2.394969, 47.455274], [-2.404109, 47.455603], [-2.413206, 47.458339], [-2.422797, 47.462635], [-2.433102, 47.465832], [-2.445429, 47.464854], [-2.452889, 47.461855], [-2.459634, 47.45312], [-2.460909, 47.452714], [-2.461097, 47.452645], [-2.476186, 47.453762], [-2.488922, 47.459174], [-2.480621, 47.478217], [-2.49474, 47.491197], [-2.483632, 47.497952], [-2.421213, 47.50023], [-2.384674, 47.507148], [-2.363922, 47.506171], [-2.380116, 47.509223], [-2.407053, 47.506049], [-2.425364, 47.506171], [-2.501698, 47.526679], [-2.517486, 47.528388], [-2.530507, 47.527248], [-2.563222, 47.519843], [-2.600697, 47.519843], [-2.609853, 47.517727], [-2.61559, 47.514146], [-2.621693, 47.513414], [-2.631988, 47.519843], [-2.616933, 47.521715], [-2.599355, 47.52912], [-2.584462, 47.540473], [-2.576812, 47.553941], [-2.592275, 47.543647], [-2.606435, 47.54206], [-2.621205, 47.543036], [-2.638254, 47.540269], [-2.630116, 47.53913], [-2.623931, 47.537177], [-2.619944, 47.533393], [-2.617787, 47.526679], [-2.643056, 47.526435], [-2.654775, 47.528306], [-2.665517, 47.533515], [-2.667104, 47.509589], [-2.680735, 47.504218], [-2.714019, 47.512396], [-2.730702, 47.511623], [-2.782786, 47.499416], [-2.802154, 47.498114], [-2.817128, 47.499213], [-2.83019, 47.503608], [-2.843658, 47.512396], [-2.845693, 47.516181], [-2.861073, 47.535834], [-2.864817, 47.536851], [-2.868967, 47.542182], [-2.878529, 47.545315], [-2.889882, 47.546617], [-2.892934, 47.547675], [-2.89151, 47.549058], [-2.892079, 47.553941], [-2.90925, 47.558417], [-2.892568, 47.566596], [-2.865305, 47.566636], [-2.850575, 47.546535], [-2.843658, 47.546535], [-2.838124, 47.551825], [-2.832428, 47.554023], [-2.825429, 47.552476], [-2.816396, 47.546535], [-2.815297, 47.552965], [-2.80956, 47.567613], [-2.794016, 47.555121], [-2.768666, 47.549547], [-2.741444, 47.551337], [-2.720204, 47.560777], [-2.727651, 47.567613], [-2.688629, 47.604397], [-2.68399, 47.622992], [-2.706532, 47.642727], [-2.706532, 47.636542], [-2.696929, 47.629787], [-2.695627, 47.623358], [-2.701568, 47.618354], [-2.714019, 47.616034], [-2.699778, 47.609198], [-2.704254, 47.604438], [-2.708608, 47.602281], [-2.720204, 47.601752], [-2.725331, 47.607367], [-2.77538, 47.629096], [-2.754465, 47.62702], [-2.734486, 47.62226], [-2.746327, 47.633856], [-2.758209, 47.639065], [-2.789133, 47.642727], [-2.77538, 47.636542], [-2.796051, 47.629869], [-2.847727, 47.626166], [-2.857981, 47.619127], [-2.86677, 47.607164], [-2.886383, 47.60102], [-2.919423, 47.595526], [-2.919423, 47.601752], [-2.912668, 47.601752], [-2.912668, 47.609198], [-2.925689, 47.607652], [-2.928822, 47.606024], [-2.933095, 47.601752], [-2.939931, 47.601752], [-2.943756, 47.613959], [-2.944814, 47.624091], [-2.94164, 47.631822], [-2.933095, 47.636542], [-2.947499, 47.636908], [-2.957997, 47.642157], [-2.964589, 47.651434], [-2.967193, 47.663805], [-2.97468, 47.663805], [-2.973297, 47.655992], [-2.968577, 47.6435], [-2.967193, 47.636542], [-2.967193, 47.612616], [-2.963612, 47.602607], [-2.954701, 47.591539], [-2.943512, 47.581488], [-2.933095, 47.574449], [-2.935618, 47.567572], [-2.937245, 47.564683], [-2.939931, 47.560777], [-2.942616, 47.564399], [-2.952952, 47.574449], [-2.961293, 47.570543], [-2.970286, 47.576972], [-2.980946, 47.587348], [-2.994496, 47.595526], [-2.988596, 47.582261], [-2.994211, 47.576077], [-3.003407, 47.578681], [-3.008168, 47.591783], [-3.01179, 47.607164], [-3.018219, 47.605658], [-3.021718, 47.59455], [-3.015696, 47.581244], [-3.029937, 47.581936], [-3.035797, 47.583319], [-3.042388, 47.58808], [-3.073842, 47.576484], [-3.089752, 47.575507], [-3.103749, 47.581244], [-3.09732, 47.584052], [-3.090728, 47.58808], [-3.100453, 47.594184], [-3.11205, 47.599188], [-3.12328, 47.598782], [-3.131703, 47.58808], [-3.127187, 47.586615], [-3.122955, 47.583238], [-3.118031, 47.581244], [-3.128896, 47.547593], [-3.12328, 47.518988], [-3.10676, 47.495795], [-3.084543, 47.478217], [-3.098134, 47.478705], [-3.11913, 47.482611], [-3.125478, 47.478217], [-3.131703, 47.478217], [-3.143788, 47.507026], [-3.145375, 47.516099], [-3.143219, 47.527045], [-3.13386, 47.543931], [-3.131703, 47.557441], [-3.134185, 47.580756], [-3.141184, 47.598049], [-3.15217, 47.611233], [-3.166493, 47.62226], [-3.176015, 47.62637], [-3.187245, 47.629584], [-3.196685, 47.63349], [-3.200592, 47.639594], [-3.198394, 47.652574], [-3.18635, 47.680609], [-3.111195, 47.704169], [-3.115061, 47.709418], [-3.117177, 47.715033], [-3.118031, 47.722154], [-3.118031, 47.732123], [-3.122792, 47.729926], [-3.134511, 47.726793], [-3.13915, 47.724677], [-3.13976, 47.745795], [-3.13915, 47.75259], [-3.145375, 47.75259], [-3.153188, 47.742011], [-3.16393, 47.743882], [-3.177358, 47.748521], [-3.193186, 47.746405], [-3.179189, 47.742743], [-3.169667, 47.735419], [-3.163319, 47.724758], [-3.159088, 47.711005], [-3.164052, 47.710273], [-3.165028, 47.70954], [-3.165028, 47.707912], [-3.166493, 47.704169], [-3.178375, 47.710028], [-3.185374, 47.706366], [-3.193227, 47.699937], [-3.207387, 47.697333], [-3.203521, 47.694322], [-3.193186, 47.683743], [-3.207143, 47.679144], [-3.211903, 47.669827], [-3.215077, 47.66059], [-3.224192, 47.656399], [-3.231597, 47.660346], [-3.262074, 47.683743], [-3.287587, 47.688666], [-3.331532, 47.696723], [-3.358266, 47.697333], [-3.340199, 47.702297], [-3.322418, 47.700995], [-3.282623, 47.691148], [-3.282623, 47.697333], [-3.298451, 47.703844], [-3.316274, 47.708075], [-3.358266, 47.711005], [-3.358266, 47.718451], [-3.349355, 47.719062], [-3.345123, 47.721259], [-3.343984, 47.726264], [-3.343984, 47.735541], [-3.340566, 47.739488], [-3.323557, 47.737738], [-3.317291, 47.738959], [-3.304433, 47.761135], [-3.2954, 47.773017], [-3.282623, 47.779934], [-3.282623, 47.787339], [-3.304351, 47.770087], [-3.331776, 47.752509], [-3.362172, 47.740424], [-3.383168, 47.737047], [-3.375478, 47.734035], [-3.369252, 47.729804], [-3.364491, 47.724677], [-3.364491, 47.718451], [-3.446441, 47.704576], [-3.460683, 47.707587], [-3.464996, 47.713039], [-3.494862, 47.738959], [-3.509185, 47.759426], [-3.520253, 47.768134], [-3.524485, 47.772447], [-3.52831, 47.779934], [-3.539297, 47.773749], [-3.555653, 47.773993], [-3.590972, 47.779934], [-3.616851, 47.77912], [-3.625152, 47.779934], [-3.633046, 47.783026], [-3.644399, 47.791734], [-3.649037, 47.793606], [-3.68692, 47.792304], [-3.706166, 47.796942], [-3.714589, 47.810614], [-3.723215, 47.813381], [-3.77538, 47.793606], [-3.789906, 47.803209], [-3.811187, 47.802924], [-3.833567, 47.79975], [-3.851715, 47.801012], [-3.853098, 47.804348], [-3.872222, 47.828315], [-3.879221, 47.833564], [-3.886464, 47.83747], [-3.889963, 47.843451], [-3.885854, 47.855048], [-3.894521, 47.855292], [-3.900787, 47.857123], [-3.913197, 47.862453], [-3.916331, 47.873359], [-3.935129, 47.887885], [-3.961822, 47.89997], [-3.988271, 47.903469], [-3.979237, 47.883002], [-3.98648, 47.867906], [-4.008901, 47.851264], [-4.029205, 47.855048], [-4.019154, 47.854478], [-4.01122, 47.855943], [-4.005442, 47.8605], [-4.001943, 47.869289], [-4.014068, 47.866278], [-4.024037, 47.865953], [-4.031565, 47.863715], [-4.036692, 47.855048], [-4.064931, 47.870795], [-4.078236, 47.874417], [-4.09439, 47.875474], [-4.106557, 47.880113], [-4.119293, 47.891913], [-4.12914, 47.90762], [-4.132192, 47.923895], [-4.14273, 47.912014], [-4.13683, 47.896918], [-4.123362, 47.883246], [-4.111195, 47.875474], [-4.111195, 47.869289], [-4.123769, 47.868598], [-4.133616, 47.866197], [-4.142649, 47.861762], [-4.15274, 47.855048], [-4.17162, 47.877021], [-4.185618, 47.874417], [-4.188466, 47.862128], [-4.173899, 47.855048], [-4.176666, 47.851264], [-4.180043, 47.848212], [-4.180043, 47.841986], [-4.15274, 47.841986], [-4.15274, 47.834459], [-4.185211, 47.813381], [-4.200551, 47.807196], [-4.225168, 47.802436], [-4.371816, 47.807196], [-4.371246, 47.814765], [-4.373443, 47.828681], [-4.371816, 47.834459], [-4.365468, 47.837104], [-4.356068, 47.837063], [-4.347646, 47.838324], [-4.343861, 47.845119], [-4.34732, 47.862942], [-4.362213, 47.888576], [-4.371978, 47.915839], [-4.386952, 47.934068], [-4.434641, 47.975653], [-4.523264, 48.022691], [-4.533274, 48.026312], [-4.546702, 48.020738], [-4.55899, 48.010688], [-4.572011, 48.005927], [-4.601959, 48.02558], [-4.619211, 48.027655], [-4.652984, 48.026312], [-4.728139, 48.040595], [-4.721506, 48.044135], [-4.716461, 48.050238], [-4.71227, 48.056586], [-4.706207, 48.06391], [-4.705556, 48.06745], [-4.704254, 48.071235], [-4.700795, 48.074774], [-4.697418, 48.074897], [-4.689524, 48.068834], [-4.683705, 48.067328], [-4.361928, 48.115709], [-4.304758, 48.104071], [-4.289906, 48.108222], [-4.28539, 48.115383], [-4.275706, 48.143622], [-4.280181, 48.154934], [-4.294342, 48.16706], [-4.297353, 48.174058], [-4.302358, 48.196356], [-4.315826, 48.205512], [-4.358225, 48.21186], [-4.366119, 48.215155], [-4.372426, 48.220038], [-4.376861, 48.225979], [-4.379262, 48.232367], [-4.404368, 48.226142], [-4.457631, 48.248969], [-4.485463, 48.242621], [-4.499989, 48.224921], [-4.513987, 48.202094], [-4.531646, 48.183092], [-4.557485, 48.177191], [-4.548736, 48.198432], [-4.543772, 48.205064], [-4.555043, 48.216539], [-4.561187, 48.225043], [-4.563629, 48.232367], [-4.558665, 48.244208], [-4.550933, 48.248603], [-4.54719, 48.25259], [-4.554067, 48.262763], [-4.566274, 48.264879], [-4.626332, 48.266547], [-4.623687, 48.277045], [-4.626332, 48.287055], [-4.615387, 48.291083], [-4.607086, 48.290595], [-4.598785, 48.288398], [-4.58788, 48.287055], [-4.575185, 48.290025], [-4.572906, 48.29682], [-4.57551, 48.30386], [-4.57726, 48.307522], [-4.559478, 48.338691], [-4.546702, 48.346828], [-4.530141, 48.34162], [-4.543202, 48.304674], [-4.515533, 48.295844], [-4.426503, 48.300035], [-4.416371, 48.296617], [-4.409657, 48.292304], [-4.401967, 48.28856], [-4.388987, 48.287055], [-4.376861, 48.287787], [-4.329701, 48.297024], [-4.262603, 48.300035], [-4.268951, 48.295844], [-4.275217, 48.294013], [-4.289906, 48.29385], [-4.269358, 48.288398], [-4.187489, 48.300035], [-4.187489, 48.307522], [-4.218821, 48.306057], [-4.23054, 48.309882], [-4.234731, 48.321723], [-4.243967, 48.31391], [-4.257721, 48.311347], [-4.270172, 48.314683], [-4.275706, 48.324856], [-4.281972, 48.323676], [-4.324696, 48.321723], [-4.316314, 48.330797], [-4.312082, 48.333075], [-4.303619, 48.335395], [-4.303131, 48.339586], [-4.298492, 48.343817], [-4.288686, 48.348538], [-4.269399, 48.362738], [-4.286285, 48.362535], [-4.30899, 48.351549], [-4.324696, 48.348456], [-4.324696, 48.355292], [-4.317291, 48.355292], [-4.317291, 48.362738], [-4.324696, 48.362738], [-4.327789, 48.357856], [-4.334055, 48.352729], [-4.337717, 48.348456], [-4.35261, 48.352729], [-4.384185, 48.338121], [-4.406606, 48.335395], [-4.403798, 48.339179], [-4.402821, 48.339586], [-4.399159, 48.34162], [-4.406606, 48.348456], [-4.415028, 48.342922], [-4.426503, 48.338853], [-4.439931, 48.336371], [-4.453725, 48.335395], [-4.453725, 48.34162], [-4.396596, 48.387763], [-4.385569, 48.393744], [-4.289906, 48.431586], [-4.307729, 48.428046], [-4.339019, 48.416083], [-4.358957, 48.411119], [-4.426503, 48.403713], [-4.457509, 48.394843], [-4.520619, 48.368313], [-4.569569, 48.360297], [-4.599355, 48.350165], [-4.618886, 48.348456], [-4.636342, 48.351142], [-4.671132, 48.360582], [-4.690541, 48.362738], [-4.694081, 48.359442], [-4.694081, 48.3522], [-4.695668, 48.344957], [-4.704498, 48.34162], [-4.754994, 48.341986], [-4.768381, 48.345404], [-4.77717, 48.355618], [-4.783355, 48.37641], [-4.76476, 48.377631], [-4.766347, 48.390448], [-4.783355, 48.417385], [-4.784901, 48.436184], [-4.779856, 48.454901], [-4.768056, 48.468655], [-4.749257, 48.472602], [-4.749257, 48.478827], [-4.774648, 48.491278], [-4.764556, 48.520209], [-4.739898, 48.550726], [-4.721995, 48.568183], [-4.711578, 48.563666], [-4.700795, 48.560736], [-4.708241, 48.568183], [-4.692291, 48.575507], [-4.673451, 48.579576], [-4.642486, 48.581855], [-4.623036, 48.578192], [-4.589833, 48.565741], [-4.57726, 48.568183], [-4.600494, 48.589342], [-4.607737, 48.603013], [-4.594635, 48.609117], [-4.548818, 48.601223], [-4.530141, 48.601711], [-4.557485, 48.609117], [-4.554433, 48.613227], [-4.552602, 48.616522], [-4.554799, 48.619696], [-4.563629, 48.62344], [-4.563629, 48.629625], [-4.485463, 48.629625], [-4.46288, 48.63231], [-4.429799, 48.642808], [-4.406606, 48.643256], [-4.4204, 48.648871], [-4.426503, 48.650092], [-4.426503, 48.657538], [-4.398061, 48.660956], [-4.370229, 48.67182], [-4.343251, 48.67886], [-4.317291, 48.678046], [-4.299143, 48.663642], [-4.306508, 48.641547], [-4.283111, 48.643256], [-4.252594, 48.655463], [-4.242055, 48.657538], [-4.229807, 48.655951], [-4.207143, 48.64997], [-4.193756, 48.650092], [-4.193756, 48.657538], [-4.213002, 48.6612], [-4.207753, 48.671373], [-4.190582, 48.683051], [-4.173899, 48.691107], [-4.154652, 48.696234], [-4.131459, 48.699164], [-4.108713, 48.698147], [-4.090688, 48.691107], [-4.084788, 48.69717], [-4.079254, 48.696926], [-4.07433, 48.692287], [-4.070221, 48.684882], [-4.064036, 48.684882], [-4.057362, 48.689602], [-4.053293, 48.695543], [-4.052642, 48.70307], [-4.056549, 48.712144], [-4.042714, 48.713935], [-4.030507, 48.717027], [-4.009348, 48.725816], [-3.973988, 48.732815], [-3.967763, 48.72956], [-3.970286, 48.720038], [-3.973866, 48.712795], [-3.972727, 48.707709], [-3.961008, 48.704739], [-3.961008, 48.698554], [-3.967763, 48.698554], [-3.967763, 48.691107], [-3.957753, 48.686835], [-3.951039, 48.679389], [-3.949534, 48.669338], [-3.954742, 48.657538], [-3.926584, 48.676174], [-3.911936, 48.68122], [-3.891998, 48.678046], [-3.901967, 48.672024], [-3.906321, 48.6706], [-3.906321, 48.664374], [-3.894195, 48.65355], [-3.864654, 48.641018], [-3.851715, 48.629625], [-3.844309, 48.636461], [-3.851715, 48.643256], [-3.844309, 48.650092], [-3.848948, 48.656318], [-3.852447, 48.664537], [-3.8579, 48.684882], [-3.851715, 48.684882], [-3.8485, 48.679022], [-3.845448, 48.676011], [-3.837473, 48.6706], [-3.840077, 48.688056], [-3.837148, 48.707261], [-3.829254, 48.718451], [-3.816965, 48.712144], [-3.812652, 48.716742], [-3.810455, 48.721503], [-3.809804, 48.726955], [-3.810129, 48.733222], [-3.797109, 48.721177], [-3.778432, 48.717353], [-3.731923, 48.71898], [-3.720855, 48.71601], [-3.697865, 48.702338], [-3.686635, 48.698554], [-3.673818, 48.698228], [-3.638173, 48.704739], [-3.638539, 48.687812], [-3.614003, 48.682685], [-3.584788, 48.682807], [-3.570546, 48.687974], [-3.580474, 48.711086], [-3.584543, 48.726386], [-3.580474, 48.733222], [-3.52831, 48.739488], [-3.542836, 48.745673], [-3.577382, 48.774237], [-3.581532, 48.790595], [-3.571401, 48.799058], [-3.542592, 48.807807], [-3.520863, 48.833645], [-3.515289, 48.841946], [-3.509185, 48.841946], [-3.499827, 48.836981], [-3.468129, 48.835679], [-3.433583, 48.822211], [-3.419749, 48.821438], [-3.425404, 48.818427], [-3.42809, 48.815741], [-3.429921, 48.812445], [-3.433339, 48.807807], [-3.409901, 48.806545], [-3.397613, 48.807318], [-3.388743, 48.811184], [-3.378651, 48.819322], [-3.371816, 48.822496], [-3.287465, 48.843451], [-3.275787, 48.849351], [-3.268951, 48.849351], [-3.259511, 48.847724], [-3.229726, 48.87226], [-3.213612, 48.869818], [-3.207143, 48.855414], [-3.207753, 48.835924], [-3.214955, 48.817857], [-3.227895, 48.807807], [-3.226796, 48.80329], [-3.225575, 48.800482], [-3.22053, 48.794135], [-3.216868, 48.806789], [-3.20873, 48.816352], [-3.178822, 48.84101], [-3.154205, 48.854926], [-3.145375, 48.862372], [-3.134999, 48.859198], [-3.116444, 48.874091], [-3.103749, 48.876654], [-3.091461, 48.871283], [-3.08434, 48.862209], [-3.08373, 48.851711], [-3.090728, 48.841946], [-3.090728, 48.835679], [-3.077056, 48.828274], [-3.084625, 48.820136], [-3.097524, 48.794135], [-3.104075, 48.7862], [-3.125478, 48.767401], [-3.125478, 48.759955], [-3.118031, 48.759955], [-3.085032, 48.804999], [-3.0655, 48.823961], [-3.049184, 48.821438], [-3.039296, 48.826972], [-3.028717, 48.828803], [-3.018219, 48.826972], [-3.008168, 48.821438], [-3.015696, 48.814602], [-3.01179, 48.813666], [-3.009389, 48.813707], [-3.008372, 48.812486], [-3.008168, 48.807807], [-3.017812, 48.805854], [-3.025502, 48.802924], [-3.042388, 48.794135], [-3.042388, 48.787909], [-3.029286, 48.780463], [-3.003651, 48.773871], [-2.952952, 48.772284], [-2.933095, 48.767401], [-2.934438, 48.759101], [-2.934397, 48.753078], [-2.933095, 48.746324], [-2.942738, 48.740912], [-2.946685, 48.739488], [-2.946685, 48.733222], [-2.932037, 48.726955], [-2.913971, 48.716498], [-2.898671, 48.704779], [-2.892079, 48.69477], [-2.826975, 48.657538], [-2.817047, 48.627672], [-2.812978, 48.619696], [-2.811431, 48.61457], [-2.814361, 48.609931], [-2.816396, 48.604926], [-2.812978, 48.598578], [-2.808013, 48.595608], [-2.795033, 48.591254], [-2.771067, 48.579169], [-2.714019, 48.560736], [-2.716949, 48.551703], [-2.721018, 48.544623], [-2.726674, 48.538967], [-2.734486, 48.534003], [-2.722727, 48.533637], [-2.713124, 48.530097], [-2.704701, 48.524156], [-2.696278, 48.516669], [-2.682362, 48.509019], [-2.679677, 48.518378], [-2.680247, 48.532782], [-2.676137, 48.540229], [-2.636342, 48.538804], [-2.620025, 48.543606], [-2.600697, 48.557603], [-2.577056, 48.582465], [-2.569407, 48.58869], [-2.558827, 48.594143], [-2.541086, 48.59809], [-2.473622, 48.625963], [-2.459543, 48.636461], [-2.459543, 48.643256], [-2.468007, 48.643948], [-2.487457, 48.650092], [-2.44286, 48.659084], [-2.421051, 48.656968], [-2.412262, 48.643256], [-2.38622, 48.650092], [-2.356068, 48.663275], [-2.329986, 48.680365], [-2.31607, 48.698554], [-2.312489, 48.686957], [-2.305328, 48.679633], [-2.295237, 48.676581], [-2.281972, 48.678046], [-2.281972, 48.6706], [-2.289418, 48.666571], [-2.293772, 48.661363], [-2.297475, 48.655707], [-2.302398, 48.650092], [-2.330312, 48.629625], [-2.312652, 48.620185], [-2.294016, 48.628608], [-2.27359, 48.642645], [-2.250966, 48.650092], [-2.246205, 48.644721], [-2.240712, 48.621324], [-2.237294, 48.615912], [-2.225942, 48.612372], [-2.219228, 48.603665], [-2.215688, 48.592434], [-2.213694, 48.581855], [-2.202789, 48.585883], [-2.195546, 48.593451], [-2.192128, 48.603746], [-2.192616, 48.615912], [-2.188385, 48.601304], [-2.182973, 48.588772], [-2.174062, 48.582953], [-2.159088, 48.58869], [-2.159088, 48.595445], [-2.163197, 48.596503], [-2.172109, 48.601711], [-2.161041, 48.613023], [-2.149322, 48.618883], [-2.137034, 48.617987], [-2.124338, 48.609117], [-2.131256, 48.615302], [-2.136627, 48.622138], [-2.144846, 48.636461], [-2.100209, 48.646918], [-2.052358, 48.650092], [-2.049794, 48.645575], [-2.028717, 48.619696], [-2.027089, 48.608954], [-2.022043, 48.598944], [-2.013254, 48.59162], [-2.000885, 48.58869], [-2.005116, 48.578844], [-2.00829, 48.575019], [-1.982493, 48.548977], [-1.976389, 48.535631], [-1.980295, 48.513577], [-1.970448, 48.520697], [-1.939361, 48.534003], [-1.948545, 48.5383], [-1.967275, 48.547065], [-1.961903, 48.554918], [-1.976633, 48.572699], [-1.980295, 48.58869], [-1.9735, 48.58869], [-1.96939, 48.584174], [-1.965159, 48.581203], [-1.952952, 48.575019], [-1.960357, 48.586615], [-1.96939, 48.592759], [-1.979807, 48.595119], [-1.991119, 48.595445], [-2.000478, 48.601304], [-2.019032, 48.631049], [-2.028717, 48.643256], [-2.025543, 48.651313], [-2.018137, 48.660346], [-2.006581, 48.667629], [-1.991119, 48.6706], [-1.987701, 48.673773], [-1.987701, 48.680853], [-1.985911, 48.687893], [-1.976959, 48.691107], [-1.939361, 48.691107], [-1.945627, 48.698554], [-1.843739, 48.712144], [-1.846669, 48.707831], [-1.846913, 48.703437], [-1.843577, 48.698147], [-1.836334, 48.691107], [-1.861195, 48.664211], [-1.860951, 48.640855], [-1.838206, 48.623765], [-1.79601, 48.615912], [-1.722808, 48.615302], [-1.643951, 48.62344], [-1.595693, 48.640936], [-1.589671, 48.641808], [-1.588528, 48.63982], [-1.584705, 48.631657], [-1.583123, 48.626647], [-1.580234, 48.620077], [-1.571807, 48.606234], [-1.555767, 48.585976], [-1.549999, 48.574165], [-1.545407, 48.569178], [-1.542869, 48.563465], [-1.540035, 48.551874], [-1.537288, 48.544612], [-1.528763, 48.530737], [-1.498693, 48.494866], [-1.490992, 48.48934], [-1.465767, 48.477662], [-1.458066, 48.471773], [-1.448255, 48.465752], [-1.433478, 48.462929], [-1.410165, 48.463247], [-1.381689, 48.470399], [-1.365934, 48.477244], [-1.34539, 48.49068], [-1.335678, 48.494998], [-1.311519, 48.500865], [-1.303016, 48.504117], [-1.294908, 48.508929], [-1.287536, 48.515125], [-1.273847, 48.529495], [-1.265728, 48.535482], [-1.24782, 48.53701], [-1.222761, 48.53523], [-1.120676, 48.515828], [-1.105064, 48.506698], [-1.079081, 48.498689]]]}, "properties": {"source": "https://simplemaps.com", "id": "FRBRE", "name": "Bretagne"}}, {"type": "Feature", "id": 9, "geometry": {"type": "Polygon", "coordinates": [[[1.373069, 50.06572], [1.516384, 50.000674], [1.680871, 49.888482], [1.695417, 49.874222], [1.710227, 49.835022], [1.720444, 49.820004], [1.7409, 49.798042], [1.750349, 49.783705], [1.753469, 49.776806], [1.754546, 49.765622], [1.746174, 49.759261], [1.7282, 49.752625], [1.719499, 49.745418], [1.685354, 49.709624], [1.679157, 49.697045], [1.680695, 49.688959], [1.689704, 49.68808], [1.699614, 49.689706], [1.710227, 49.692651], [1.720752, 49.694485], [1.729431, 49.69376], [1.734858, 49.685345], [1.730354, 49.676709], [1.71906, 49.664328], [1.707722, 49.658], [1.687529, 49.650979], [1.680871, 49.64508], [1.683947, 49.639576], [1.689089, 49.633918], [1.693571, 49.626996], [1.69311, 49.607726], [1.69667, 49.577393], [1.701635, 49.567307], [1.705393, 49.555222], [1.709282, 49.521055], [1.712534, 49.509893], [1.719675, 49.503488], [1.726025, 49.503125], [1.732551, 49.504367], [1.741516, 49.50763], [1.751755, 49.509333], [1.761577, 49.508399], [1.769487, 49.498764], [1.767927, 49.489898], [1.761577, 49.477967], [1.753469, 49.473056], [1.747097, 49.471375], [1.743537, 49.470913], [1.741208, 49.469233], [1.737495, 49.464629], [1.730837, 49.450984], [1.721213, 49.435845], [1.716555, 49.423804], [1.717984, 49.410994], [1.721213, 49.382056], [1.749909, 49.310996], [1.776628, 49.267227], [1.78344, 49.251209], [1.782517, 49.249836], [1.780341, 49.248671], [1.775222, 49.246353], [1.767795, 49.245782], [1.760808, 49.247507], [1.757182, 49.249188], [1.755315, 49.250484], [1.743713, 49.261855], [1.735319, 49.267227], [1.725564, 49.270435], [1.714863, 49.269655], [1.705085, 49.265623], [1.692165, 49.252319], [1.690935, 49.249704], [1.69278, 49.243123], [1.698054, 49.230664], [1.668149, 49.19074], [1.619875, 49.082591], [1.581225, 49.068638], [1.454004, 49.048632], [1.444533, 49.042688], [1.443457, 49.035712], [1.453059, 49.021507], [1.455388, 49.014937], [1.455564, 49.009158], [1.45508, 49.005643], [1.452136, 48.99748], [1.45073, 48.99225], [1.451521, 48.986153], [1.456486, 48.981044], [1.464397, 48.978924], [1.474152, 48.978199], [1.482722, 48.97665], [1.488303, 48.973321], [1.487863, 48.965509], [1.486611, 48.957995], [1.487995, 48.951689], [1.492807, 48.939549], [1.452751, 48.923036], [1.448093, 48.917268], [1.445324, 48.909578], [1.454157, 48.888386], [1.454157, 48.880629], [1.451367, 48.870763], [1.444226, 48.863787], [1.435546, 48.858953], [1.411926, 48.851493], [1.395183, 48.844407], [1.372397, 48.830795], [1.36196, 48.821127], [1.355302, 48.811283], [1.351589, 48.801363], [1.34414, 48.787674], [1.334055, 48.780225], [1.323684, 48.775369], [1.300041, 48.768294], [1.258205, 48.751595], [1.25302, 48.750309], [1.248999, 48.749738], [1.247439, 48.750001], [1.237683, 48.75421], [1.229157, 48.756769], [1.218918, 48.757824], [1.18385, 48.755737], [1.173127, 48.756099], [1.162756, 48.75744], [1.153747, 48.760439], [1.126106, 48.776402], [1.114328, 48.779115], [1.108901, 48.778215], [1.105034, 48.774128], [1.105341, 48.761548], [1.102858, 48.75589], [1.096816, 48.752375], [1.09029, 48.750771], [1.087346, 48.750309], [1.085456, 48.750177], [1.064824, 48.751551], [1.052893, 48.750771], [1.038918, 48.747727], [1.030349, 48.742454], [1.023691, 48.735686], [1.018418, 48.728578], [1.009431, 48.720932], [0.999499, 48.717592], [0.988513, 48.716406], [0.978581, 48.71723], [0.96799, 48.717054], [0.872739, 48.69897], [0.859665, 48.694345], [0.848811, 48.688291], [0.816423, 48.665088], [0.822773, 48.620572], [0.832858, 48.604631], [0.850371, 48.582976], [0.863598, 48.57399], [0.89258, 48.562048], [0.94549, 48.523002], [0.951071, 48.515674], [0.952961, 48.509335], [0.951862, 48.504325], [0.950764, 48.501381], [0.949841, 48.499832], [0.947204, 48.493108], [0.946435, 48.486341], [0.946897, 48.478958], [0.949072, 48.469499], [0.953093, 48.463577], [0.959157, 48.45782], [0.967683, 48.45125], [0.978735, 48.441], [0.979812, 48.433112], [0.974648, 48.426136], [0.96643, 48.4195], [0.960695, 48.413271], [0.956652, 48.406657], [0.950324, 48.392935], [0.944875, 48.38764], [0.916464, 48.368732], [0.894909, 48.359449], [0.827102, 48.34031], [0.81361, 48.337849], [0.796208, 48.336476], [0.788606, 48.334982], [0.783815, 48.331368], [0.77885, 48.32416], [0.775114, 48.312867], [0.77885, 48.305374], [0.785837, 48.300155], [0.793571, 48.296123], [0.797922, 48.28951], [0.798076, 48.281369], [0.796054, 48.268789], [0.7959, 48.260176], [0.796823, 48.253233], [0.798076, 48.250442], [0.800075, 48.247707], [0.817346, 48.228008], [0.823234, 48.219538], [0.827409, 48.208991], [0.824641, 48.201191], [0.8175, 48.194994], [0.810227, 48.190809], [0.798383, 48.185952], [0.770632, 48.180833], [0.750285, 48.184349], [0.726247, 48.194654], [0.715546, 48.201531], [0.706076, 48.20998], [0.684939, 48.233435], [0.667119, 48.247861], [0.655341, 48.252892], [0.645432, 48.253365], [0.641235, 48.251475], [0.639367, 48.250332], [0.637917, 48.248838], [0.60041, 48.249772], [0.515178, 48.265845], [0.501071, 48.271064], [0.499072, 48.274414], [0.500324, 48.283149], [0.500017, 48.289301], [0.498303, 48.296486], [0.493183, 48.304594], [0.485734, 48.306868], [0.476594, 48.304704], [0.463366, 48.302836], [0.443195, 48.304704], [0.416081, 48.315756], [0.400832, 48.32416], [0.390461, 48.332917], [0.382551, 48.346199], [0.377893, 48.356482], [0.374025, 48.369732], [0.373081, 48.397824], [0.3782, 48.424663], [0.378354, 48.432266], [0.376662, 48.439682], [0.371521, 48.448515], [0.364094, 48.453997], [0.351943, 48.458853], [0.309931, 48.471564], [0.294221, 48.473685], [0.280598, 48.474091], [0.192487, 48.460193], [0.175524, 48.451459], [0.165285, 48.447537], [0.152585, 48.445471], [0.142653, 48.439836], [0.135534, 48.433035], [0.128349, 48.423246], [0.121054, 48.416709], [0.115473, 48.412809], [0.110661, 48.410535], [0.099807, 48.408162], [0.092072, 48.407876], [0.085393, 48.406657], [0.079987, 48.404954], [0.073725, 48.401702], [0.070319, 48.396528], [0.067067, 48.383871], [0.061311, 48.379575], [0.047204, 48.378806], [0.02945, 48.383454], [0.016926, 48.38531], [0.006544, 48.385475], [-0.052728, 48.380641], [-0.056705, 48.431563], [-0.062242, 48.439418], [-0.070097, 48.447174], [-0.078985, 48.448306], [-0.088235, 48.44857], [-0.103034, 48.453294], [-0.120887, 48.463247], [-0.154406, 48.489856], [-0.164404, 48.503238], [-0.166546, 48.514455], [-0.160679, 48.521739], [-0.158207, 48.532824], [-0.162854, 48.539877], [-0.171116, 48.545096], [-0.233497, 48.561278], [-0.241604, 48.558016], [-0.244549, 48.552907], [-0.243263, 48.545766], [-0.241352, 48.539262], [-0.243857, 48.532956], [-0.248866, 48.526803], [-0.258271, 48.522046], [-0.271322, 48.518124], [-0.293976, 48.518509], [-0.308094, 48.51629], [-0.319124, 48.512334], [-0.329045, 48.503062], [-0.333384, 48.497942], [-0.337933, 48.493735], [-0.352632, 48.491878], [-0.419946, 48.504117], [-0.470428, 48.507061], [-0.483139, 48.506292], [-0.492906, 48.504666], [-0.501025, 48.501227], [-0.535027, 48.476343], [-0.544377, 48.471619], [-0.554297, 48.468312], [-0.64099, 48.454612], [-0.650373, 48.456469], [-0.654394, 48.46149], [-0.657426, 48.467532], [-0.6646, 48.472729], [-0.6744, 48.473212], [-0.723388, 48.464533], [-0.730463, 48.461852], [-0.733572, 48.45637], [-0.735583, 48.450196], [-0.74235, 48.444483], [-0.754369, 48.441286], [-0.763906, 48.443044], [-0.771706, 48.447691], [-0.778375, 48.453118], [-0.78579, 48.456996], [-0.793876, 48.456469], [-0.800951, 48.453524], [-0.809631, 48.451151], [-0.816893, 48.454382], [-0.822188, 48.459787], [-0.83491, 48.479441], [-0.846226, 48.492229], [-0.862706, 48.501799], [-0.899444, 48.496932], [-0.906475, 48.499008], [-0.91221, 48.499524], [-0.915781, 48.501381], [-0.936193, 48.507325], [-0.946861, 48.505666], [-0.954277, 48.502875], [-0.956858, 48.500963], [-0.962077, 48.49937], [-0.994893, 48.493273], [-1.02872, 48.493108], [-1.079081, 48.498689], [-1.105064, 48.506698], [-1.120676, 48.515828], [-1.222761, 48.53523], [-1.24782, 48.53701], [-1.265728, 48.535482], [-1.273847, 48.529495], [-1.287536, 48.515125], [-1.294908, 48.508929], [-1.303016, 48.504117], [-1.311519, 48.500865], [-1.335678, 48.494998], [-1.34539, 48.49068], [-1.365934, 48.477244], [-1.381689, 48.470399], [-1.410165, 48.463247], [-1.433478, 48.462929], [-1.448255, 48.465752], [-1.458066, 48.471773], [-1.465767, 48.477662], [-1.490992, 48.48934], [-1.498693, 48.494866], [-1.528763, 48.530737], [-1.537288, 48.544612], [-1.540035, 48.551874], [-1.542869, 48.563465], [-1.545407, 48.569178], [-1.549999, 48.574165], [-1.555767, 48.585976], [-1.571807, 48.606234], [-1.580234, 48.620077], [-1.583123, 48.626647], [-1.584705, 48.631657], [-1.588528, 48.63982], [-1.589671, 48.641808], [-1.579701, 48.643256], [-1.500559, 48.636461], [-1.393137, 48.652411], [-1.356557, 48.643256], [-1.372304, 48.66059], [-1.394602, 48.66828], [-1.432851, 48.6706], [-1.433013, 48.66828], [-1.437734, 48.664455], [-1.443267, 48.662828], [-1.445953, 48.667467], [-1.447092, 48.673896], [-1.45051, 48.679511], [-1.4558, 48.683417], [-1.490224, 48.690131], [-1.502675, 48.695502], [-1.507965, 48.701605], [-1.516469, 48.725165], [-1.553619, 48.747138], [-1.562082, 48.770819], [-1.562571, 48.798489], [-1.566762, 48.82217], [-1.578847, 48.837836], [-1.602935, 48.841946], [-1.602935, 48.849351], [-1.589101, 48.853583], [-1.578521, 48.862616], [-1.571848, 48.874213], [-1.56371, 48.922105], [-1.557037, 48.932318], [-1.548411, 48.923814], [-1.542795, 48.935248], [-1.541982, 48.944078], [-1.547027, 48.949693], [-1.55899, 48.951809], [-1.563059, 48.957587], [-1.552235, 49.015448], [-1.545766, 49.030341], [-1.532338, 49.035142], [-1.507965, 49.027533], [-1.507965, 49.033677], [-1.527252, 49.039781], [-1.549713, 49.039781], [-1.56843, 49.03266], [-1.576324, 49.017279], [-1.579457, 49.01317], [-1.586537, 49.018988], [-1.593577, 49.028998], [-1.59675, 49.037421], [-1.595937, 49.061265], [-1.593739, 49.071967], [-1.589345, 49.082099], [-1.603424, 49.083971], [-1.608754, 49.091498], [-1.607737, 49.102729], [-1.602935, 49.115627], [-1.595937, 49.128485], [-1.589019, 49.134589], [-1.569488, 49.143541], [-1.581776, 49.149848], [-1.584218, 49.148424], [-1.589345, 49.143541], [-1.597768, 49.159369], [-1.604482, 49.178209], [-1.608795, 49.197821], [-1.610422, 49.215888], [-1.602651, 49.225409], [-1.584462, 49.226264], [-1.548411, 49.219306], [-1.548411, 49.225491], [-1.569569, 49.229682], [-1.595286, 49.237861], [-1.616851, 49.238227], [-1.624664, 49.219306], [-1.640533, 49.231513], [-1.657094, 49.268378], [-1.671864, 49.280097], [-1.665395, 49.284613], [-1.662587, 49.286038], [-1.658193, 49.287543], [-1.68692, 49.302436], [-1.699086, 49.313544], [-1.706654, 49.329169], [-1.686187, 49.329169], [-1.686187, 49.335354], [-1.699127, 49.355862], [-1.706654, 49.355862], [-1.714752, 49.338528], [-1.733266, 49.346259], [-1.755727, 49.362454], [-1.775502, 49.370103], [-1.772857, 49.377021], [-1.771108, 49.37995], [-1.767974, 49.383734], [-1.78189, 49.381537], [-1.795074, 49.377631], [-1.806793, 49.376858], [-1.816477, 49.383734], [-1.819569, 49.396796], [-1.815785, 49.430854], [-1.816477, 49.445217], [-1.819407, 49.452053], [-1.823598, 49.458482], [-1.838206, 49.475816], [-1.839508, 49.480658], [-1.84024, 49.485826], [-1.843739, 49.493598], [-1.853586, 49.504299], [-1.879465, 49.52497], [-1.884674, 49.53091], [-1.878407, 49.544867], [-1.850168, 49.561713], [-1.843739, 49.571845], [-1.839223, 49.603176], [-1.839508, 49.619778], [-1.846913, 49.633938], [-1.855051, 49.645087], [-1.860585, 49.654771], [-1.869496, 49.661689], [-1.901601, 49.665839], [-1.945627, 49.677965], [-1.937652, 49.701565], [-1.939565, 49.716458], [-1.935211, 49.724107], [-1.908355, 49.726386], [-1.898997, 49.72427], [-1.87914, 49.71483], [-1.867299, 49.712714], [-1.839426, 49.7154], [-1.829457, 49.712714], [-1.824615, 49.708441], [-1.820953, 49.696357], [-1.816477, 49.691637], [-1.811838, 49.690741], [-1.800893, 49.692084], [-1.79601, 49.691637], [-1.773997, 49.686713], [-1.707753, 49.680162], [-1.633046, 49.66352], [-1.617177, 49.664293], [-1.616689, 49.662014], [-1.616363, 49.65705], [-1.613922, 49.652248], [-1.606679, 49.650051], [-1.59732, 49.652289], [-1.58373, 49.662055], [-1.572865, 49.664293], [-1.561187, 49.663031], [-1.540395, 49.657782], [-1.528432, 49.657457], [-1.511464, 49.662543], [-1.49592, 49.672187], [-1.470123, 49.695054], [-1.455719, 49.702216], [-1.409495, 49.711575], [-1.391265, 49.712714], [-1.271148, 49.698432], [-1.263051, 49.695502], [-1.259104, 49.6883], [-1.25414, 49.67178], [-1.232249, 49.641425], [-1.227773, 49.624091], [-1.253326, 49.61225], [-1.257558, 49.602851], [-1.259999, 49.593451], [-1.264027, 49.58926], [-1.286204, 49.588935], [-1.294993, 49.586819], [-1.301422, 49.581773], [-1.306264, 49.558091], [-1.293609, 49.538398], [-1.276519, 49.520738], [-1.261586, 49.49315], [-1.185292, 49.430365], [-1.175689, 49.415229], [-1.172231, 49.393378], [-1.174224, 49.382392], [-1.1787, 49.374579], [-1.183258, 49.369452], [-1.18517, 49.3664], [-1.181996, 49.356187], [-1.173818, 49.357001], [-1.163075, 49.361518], [-1.151723, 49.362698], [-1.141021, 49.356675], [-1.133453, 49.349514], [-1.122874, 49.345445], [-1.118764, 49.346202], [-1.103424, 49.349026], [-1.103424, 49.355862], [-1.113759, 49.36579], [-1.106353, 49.379462], [-1.089589, 49.391547], [-1.072255, 49.396796], [-0.940419, 49.392279], [-0.822133, 49.362698], [-0.650787, 49.355862], [-0.607981, 49.347398], [-0.583363, 49.345893], [-0.546946, 49.358954], [-0.522532, 49.355292], [-0.479482, 49.34276], [-0.411122, 49.34276], [-0.393625, 49.338039], [-0.363433, 49.325018], [-0.3131, 49.317328], [-0.219472, 49.280097], [-0.194081, 49.295233], [-0.033844, 49.320054], [0.012869, 49.334622], [0.040294, 49.350409], [0.06308, 49.354478], [0.071951, 49.35928], [0.095958, 49.383734], [0.162364, 49.415188], [0.286876, 49.43362], [0.294264, 49.434715], [0.411306, 49.452053], [0.457286, 49.467434], [0.476573, 49.478665], [0.493175, 49.493598], [0.42213, 49.464423], [0.33961, 49.456733], [0.256847, 49.464057], [0.185313, 49.479967], [0.164806, 49.479967], [0.147309, 49.480943], [0.12436, 49.485785], [0.104421, 49.493598], [0.095958, 49.503241], [0.092784, 49.509263], [0.078624, 49.51553], [0.075369, 49.524075], [0.076589, 49.53498], [0.079682, 49.542182], [0.13087, 49.603502], [0.170909, 49.691637], [0.185883, 49.703193], [0.23585, 49.729316], [0.246755, 49.729437], [0.256847, 49.735907], [0.387462, 49.775051], [0.397634, 49.784369], [0.522797, 49.832953], [0.557384, 49.839789], [0.59669, 49.857245], [0.674815, 49.8758], [0.760916, 49.875067], [1.172618, 49.961005], [1.196951, 49.973578], [1.221202, 49.97899], [1.260997, 50.007514], [1.373069, 50.06572]]]}, "properties": {"source": "https://simplemaps.com", "id": "FRNOR", "name": "Normandie"}}, {"type": "Feature", "id": 10, "geometry": {"type": "Polygon", "coordinates": [[[9.394298, 41.847968], [9.403005, 41.779731], [9.401622, 41.706448], [9.398611, 41.701484], [9.391124, 41.699042], [9.381196, 41.692694], [9.372244, 41.683905], [9.367035, 41.674221], [9.380707, 41.674221], [9.37794, 41.65644], [9.373057, 41.645168], [9.363617, 41.640041], [9.353201, 41.640815], [9.345225, 41.640326], [9.342133, 41.63467], [9.34669, 41.619574], [9.333263, 41.624457], [9.318207, 41.627143], [9.303722, 41.627834], [9.292166, 41.62641], [9.293956, 41.617621], [9.284434, 41.607652], [9.278575, 41.598375], [9.292166, 41.59162], [9.325043, 41.601955], [9.345063, 41.604478], [9.354177, 41.595404], [9.350597, 41.581204], [9.341075, 41.569281], [9.326671, 41.561103], [9.309093, 41.558173], [9.299653, 41.55329], [9.292166, 41.542914], [9.281993, 41.533271], [9.264659, 41.530829], [9.268728, 41.523749], [9.269867, 41.516791], [9.268728, 41.509955], [9.264659, 41.502875], [9.276215, 41.499416], [9.279145, 41.491645], [9.27475, 41.482856], [9.264659, 41.476142], [9.270844, 41.468736], [9.255219, 41.463609], [9.228038, 41.450019], [9.210704, 41.448228], [9.210704, 41.440863], [9.220063, 41.435045], [9.223318, 41.427314], [9.219981, 41.419623], [9.210704, 41.41352], [9.210704, 41.407294], [9.222016, 41.410956], [9.237966, 41.422268], [9.250336, 41.427802], [9.246593, 41.412909], [9.23878, 41.395901], [9.230154, 41.380927], [9.223155, 41.372504], [9.206716, 41.365912], [9.193858, 41.369127], [9.169119, 41.386176], [9.153331, 41.391343], [9.122244, 41.394965], [9.096446, 41.40351], [9.10727, 41.429267], [9.112153, 41.432563], [9.121349, 41.434638], [9.105154, 41.445502], [9.080903, 41.453192], [9.06658, 41.4619], [9.079845, 41.476142], [9.079845, 41.482367], [9.068207, 41.479478], [9.038748, 41.4619], [9.031993, 41.468736], [9.03419, 41.470893], [9.035411, 41.471625], [9.036632, 41.472846], [9.038748, 41.476142], [9.028087, 41.473822], [9.024099, 41.472113], [9.018321, 41.468736], [9.011485, 41.476142], [9.000987, 41.483059], [8.975597, 41.489081], [8.95102, 41.491889], [8.93572, 41.489203], [8.924815, 41.49494], [8.916759, 41.501654], [8.906912, 41.50731], [8.883637, 41.511176], [8.881114, 41.514838], [8.879161, 41.519355], [8.873709, 41.523383], [8.864268, 41.525336], [8.856293, 41.525336], [8.848399, 41.526109], [8.83961, 41.530829], [8.853282, 41.537665], [8.853282, 41.54385], [8.840587, 41.547268], [8.833344, 41.550727], [8.823904, 41.549954], [8.809906, 41.55268], [8.797211, 41.557074], [8.791759, 41.561225], [8.796397, 41.580552], [8.793224, 41.587307], [8.778087, 41.59162], [8.785411, 41.604682], [8.792003, 41.625149], [8.801768, 41.639065], [8.819021, 41.632636], [8.872569, 41.651068], [8.881114, 41.657131], [8.885753, 41.670885], [8.896983, 41.677924], [8.910655, 41.683824], [8.922699, 41.694647], [8.899181, 41.695461], [8.836436, 41.70893], [8.812348, 41.709296], [8.788829, 41.712551], [8.776134, 41.722398], [8.784923, 41.742499], [8.760102, 41.742662], [8.719086, 41.730699], [8.695567, 41.729438], [8.69809, 41.733059], [8.702973, 41.742499], [8.688731, 41.741767], [8.677989, 41.744086], [8.667979, 41.747504], [8.655121, 41.749905], [8.668224, 41.754869], [8.6963, 41.758205], [8.709158, 41.763577], [8.71754, 41.77204], [8.722016, 41.782416], [8.720225, 41.791693], [8.709158, 41.797065], [8.709158, 41.804511], [8.731944, 41.804592], [8.752289, 41.8098], [8.784923, 41.824408], [8.78004, 41.83393], [8.772309, 41.840399], [8.76238, 41.844143], [8.750824, 41.845526], [8.783702, 41.853583], [8.791759, 41.859117], [8.789317, 41.861314], [8.785818, 41.867987], [8.781749, 41.873684], [8.778087, 41.872789], [8.79005, 41.886949], [8.791759, 41.887112], [8.794607, 41.892157], [8.803396, 41.90054], [8.805431, 41.906928], [8.803071, 41.907457], [8.791759, 41.913764], [8.785981, 41.922838], [8.781423, 41.928778], [8.775076, 41.932318], [8.764415, 41.934271], [8.744395, 41.932807], [8.710297, 41.918769], [8.688731, 41.913764], [8.647634, 41.911811], [8.629893, 41.908637], [8.614268, 41.900784], [8.60727, 41.913764], [8.618663, 41.930487], [8.614431, 41.944078], [8.586274, 41.96898], [8.635509, 41.972642], [8.65504, 41.978705], [8.668793, 41.996324], [8.656098, 42.002875], [8.664561, 42.014472], [8.684337, 42.02558], [8.706065, 42.030463], [8.711274, 42.033271], [8.738048, 42.043931], [8.743419, 42.044135], [8.744965, 42.056586], [8.739106, 42.063422], [8.723481, 42.072089], [8.706228, 42.100491], [8.699229, 42.10932], [8.688813, 42.111151], [8.660899, 42.105455], [8.655121, 42.10932], [8.647716, 42.122016], [8.629568, 42.130072], [8.6067, 42.133734], [8.586274, 42.13349], [8.591075, 42.14289], [8.593761, 42.146552], [8.586274, 42.151435], [8.578136, 42.154202], [8.569102, 42.154975], [8.559581, 42.153998], [8.569672, 42.155585], [8.577891, 42.158759], [8.593761, 42.16706], [8.593761, 42.174506], [8.565766, 42.174506], [8.565766, 42.181301], [8.577647, 42.184882], [8.581798, 42.194525], [8.57781, 42.204413], [8.565766, 42.208564], [8.574067, 42.219916], [8.565766, 42.225735], [8.552419, 42.22899], [8.545258, 42.232855], [8.54949, 42.242255], [8.559906, 42.24433], [8.586274, 42.243354], [8.593761, 42.246283], [8.601329, 42.250678], [8.61085, 42.254625], [8.651134, 42.260403], [8.664724, 42.264879], [8.675059, 42.270657], [8.680837, 42.272773], [8.685232, 42.271918], [8.687755, 42.272935], [8.688731, 42.280951], [8.674001, 42.289496], [8.672048, 42.291164], [8.634776, 42.304836], [8.632335, 42.308661], [8.629649, 42.315253], [8.625173, 42.319159], [8.611095, 42.310045], [8.605317, 42.310452], [8.60141, 42.314765], [8.599864, 42.321926], [8.604747, 42.325588], [8.634776, 42.338935], [8.612804, 42.352444], [8.591563, 42.351142], [8.552094, 42.338935], [8.559581, 42.346381], [8.553477, 42.354885], [8.549653, 42.36579], [8.549083, 42.377102], [8.552094, 42.386705], [8.560802, 42.381659], [8.570486, 42.381781], [8.5796, 42.385932], [8.586274, 42.392971], [8.598643, 42.3876], [8.602387, 42.391913], [8.603526, 42.400336], [8.60727, 42.407213], [8.612071, 42.411811], [8.614024, 42.416246], [8.618663, 42.419582], [8.65089, 42.423285], [8.659516, 42.429877], [8.661632, 42.439765], [8.661388, 42.45189], [8.672374, 42.464423], [8.676768, 42.472479], [8.672048, 42.476142], [8.659679, 42.477118], [8.657074, 42.480048], [8.659353, 42.484361], [8.667491, 42.509711], [8.680431, 42.521064], [8.697602, 42.527004], [8.716563, 42.530707], [8.710785, 42.540106], [8.716319, 42.561998], [8.709158, 42.571723], [8.709158, 42.579169], [8.71697, 42.576117], [8.719737, 42.575995], [8.720876, 42.574123], [8.723481, 42.565497], [8.740001, 42.572333], [8.750662, 42.568793], [8.759613, 42.561754], [8.771251, 42.558051], [8.786957, 42.561998], [8.798839, 42.571763], [8.807465, 42.58511], [8.812836, 42.599596], [8.805431, 42.606431], [8.843028, 42.608059], [8.906505, 42.632473], [9.018321, 42.650133], [9.049978, 42.662177], [9.052989, 42.681586], [9.107107, 42.725897], [9.117849, 42.732001], [9.141449, 42.735012], [9.165212, 42.735175], [9.176036, 42.732815], [9.185069, 42.733385], [9.236827, 42.722561], [9.257823, 42.713934], [9.264659, 42.708889], [9.270844, 42.702216], [9.276134, 42.694159], [9.28533, 42.67475], [9.292166, 42.67475], [9.327891, 42.720038], [9.34254, 42.749091], [9.333018, 42.770942], [9.340994, 42.790107], [9.33546, 42.807603], [9.321788, 42.82392], [9.305675, 42.83926], [9.333018, 42.867133], [9.332856, 42.8758], [9.326345, 42.885321], [9.326182, 42.893785], [9.330252, 42.903551], [9.336925, 42.910386], [9.360199, 42.928616], [9.356781, 42.933539], [9.355724, 42.93651], [9.356944, 42.94066], [9.360199, 42.949123], [9.349946, 42.957221], [9.343435, 42.97309], [9.341807, 42.990668], [9.34669, 43.003729], [9.363048, 43.011542], [9.404307, 43.011664], [9.422374, 43.017402], [9.435557, 43.003729], [9.444509, 42.997992], [9.464041, 42.990058], [9.464041, 42.982611], [9.455577, 42.974555], [9.453868, 42.963813], [9.458751, 42.952338], [9.470063, 42.942288], [9.465505, 42.923529], [9.484386, 42.832424], [9.482758, 42.802314], [9.450369, 42.708889], [9.451427, 42.696723], [9.449392, 42.682603], [9.450369, 42.653632], [9.449067, 42.651068], [9.446056, 42.648586], [9.44337, 42.64525], [9.442882, 42.64057], [9.445323, 42.637885], [9.449962, 42.635728], [9.4546, 42.634589], [9.456554, 42.634426], [9.459239, 42.625434], [9.461681, 42.619819], [9.461436, 42.614569], [9.456554, 42.606431], [9.46461, 42.60163], [9.468028, 42.594957], [9.470714, 42.587226], [9.476899, 42.579169], [9.484874, 42.574449], [9.511892, 42.565497], [9.509125, 42.579983], [9.504731, 42.586615], [9.489594, 42.612616], [9.518565, 42.580959], [9.528087, 42.563544], [9.532237, 42.544379], [9.53004, 42.486314], [9.533377, 42.456244], [9.545909, 42.435126], [9.539887, 42.422065], [9.535411, 42.408189], [9.532725, 42.392523], [9.532237, 42.373725], [9.536957, 42.353176], [9.555431, 42.314276], [9.559581, 42.294582], [9.552257, 42.170152], [9.559581, 42.146552], [9.556895, 42.138251], [9.554942, 42.120836], [9.552745, 42.113023], [9.545584, 42.10399], [9.518565, 42.08511], [9.507823, 42.072211], [9.492442, 42.047756], [9.423839, 41.973537], [9.408702, 41.962226], [9.403168, 41.952948], [9.402843, 41.917426], [9.395832, 41.860441], [9.394298, 41.847968]]]}, "properties": {"source": "https://simplemaps.com", "id": "FR20R", "name": "Corse"}}, {"type": "Feature", "id": 11, "geometry": {"type": "Polygon", "coordinates": [[[2.253896, 46.419801], [2.288525, 46.385491], [2.315969, 46.366682], [2.321748, 46.356762], [2.323769, 46.346215], [2.331657, 46.329054], [2.339743, 46.322649], [2.349038, 46.318365], [2.368418, 46.313871], [2.396828, 46.310147], [2.405837, 46.305027], [2.41111, 46.299424], [2.415285, 46.288702], [2.418537, 46.282494], [2.424602, 46.275111], [2.431106, 46.273716], [2.441081, 46.280945], [2.449431, 46.283373], [2.463405, 46.279857], [2.474084, 46.271409], [2.514602, 46.225805], [2.520974, 46.21584], [2.526994, 46.19434], [2.531345, 46.185452], [2.537717, 46.175531], [2.558371, 46.152097], [2.566743, 46.135948], [2.560239, 46.090827], [2.561162, 46.081895], [2.563798, 46.070161], [2.568918, 46.062306], [2.585815, 46.040751], [2.594648, 46.026853], [2.597439, 46.017295], [2.597746, 46.009858], [2.593725, 45.999519], [2.594033, 45.99507], [2.593264, 45.985775], [2.595285, 45.971197], [2.590144, 45.96422], [2.575114, 45.953113], [2.567819, 45.946389], [2.561799, 45.938128], [2.555735, 45.928339], [2.548615, 45.912552], [2.541892, 45.903455], [2.533674, 45.896918], [2.526071, 45.892392], [2.519875, 45.887118], [2.505769, 45.872913], [2.501594, 45.869859], [2.498034, 45.868936], [2.492277, 45.868441], [2.473315, 45.870891], [2.464021, 45.868672], [2.453781, 45.863717], [2.442158, 45.853072], [2.432248, 45.846941], [2.41155, 45.838086], [2.400564, 45.829187], [2.398234, 45.821804], [2.401025, 45.814202], [2.422404, 45.794108], [2.427678, 45.787593], [2.431237, 45.780924], [2.435324, 45.767697], [2.438576, 45.761544], [2.444157, 45.756798], [2.451936, 45.754645], [2.45967, 45.754008], [2.469118, 45.751986], [2.471008, 45.750745], [2.476259, 45.745944], [2.48417, 45.741187], [2.489944, 45.736086], [2.515525, 45.71349], [2.524687, 45.697725], [2.525456, 45.691474], [2.525456, 45.676851], [2.523918, 45.659284], [2.52205, 45.649176], [2.52049, 45.644375], [2.518337, 45.64075], [2.514448, 45.636641], [2.508559, 45.632697], [2.488872, 45.627237], [2.481379, 45.623732], [2.475952, 45.617679], [2.465097, 45.584555], [2.467119, 45.576029], [2.472546, 45.56869], [2.488872, 45.556133], [2.495398, 45.54518], [2.496936, 45.5336], [2.496013, 45.515099], [2.496628, 45.501026], [2.499419, 45.491017], [2.502363, 45.487172], [2.518645, 45.47924], [2.498781, 45.417749], [2.488674, 45.396974], [2.48217, 45.3918], [2.476413, 45.389635], [2.470063, 45.389009], [2.441389, 45.392272], [2.417768, 45.399655], [2.403662, 45.40829], [2.395598, 45.411883], [2.391247, 45.413278], [2.38382, 45.414025], [2.37446, 45.413607], [2.357871, 45.410092], [2.351828, 45.406631], [2.349961, 45.403148], [2.35229, 45.40038], [2.355695, 45.398029], [2.359431, 45.395941], [2.362683, 45.393557], [2.365473, 45.391031], [2.367473, 45.388031], [2.368725, 45.384626], [2.369187, 45.38044], [2.369033, 45.376606], [2.368418, 45.372475], [2.367033, 45.36886], [2.354619, 45.352633], [2.347785, 45.339713], [2.343457, 45.336275], [2.338337, 45.333561], [2.330427, 45.331342], [2.297666, 45.293098], [2.289777, 45.288814], [2.269453, 45.280497], [2.25049, 45.277234], [2.246008, 45.274784], [2.243679, 45.271038], [2.237614, 45.249878], [2.232956, 45.245253], [2.194636, 45.223698], [2.192614, 45.216754], [2.191384, 45.209899], [2.192131, 45.201483], [2.194943, 45.194013], [2.200656, 45.187014], [2.207336, 45.180313], [2.209709, 45.170887], [2.206875, 45.159494], [2.185012, 45.127732], [2.179123, 45.117141], [2.175388, 45.107682], [2.168115, 45.09474], [2.160666, 45.086237], [2.151943, 45.079414], [2.113645, 45.05854], [2.107448, 45.050949], [2.106526, 45.043423], [2.109777, 45.036732], [2.129619, 45.010695], [2.132717, 45.005443], [2.134123, 45.001906], [2.134563, 44.99984], [2.133947, 44.997489], [2.131618, 44.992655], [2.125114, 44.988469], [2.117204, 44.985932], [2.081521, 44.982987], [2.058713, 44.97511], [2.005188, 44.974726], [1.984401, 44.972495], [1.979084, 44.971155], [1.953508, 44.960872], [1.945905, 44.960817], [1.940632, 44.962212], [1.935359, 44.966244], [1.926306, 44.970177], [1.917473, 44.970386], [1.907871, 44.96842], [1.852016, 44.945788], [1.799567, 44.932868], [1.777858, 44.933384], [1.766213, 44.935241], [1.759709, 44.938657], [1.754084, 44.943041], [1.744943, 44.948578], [1.733166, 44.954159], [1.714226, 44.960202], [1.7057, 44.966244], [1.701635, 44.97255], [1.698691, 44.978648], [1.693418, 44.984646], [1.659294, 45.006509], [1.626247, 45.02289], [1.609812, 45.029086], [1.580918, 45.035601], [1.568064, 45.034535], [1.546179, 45.027636], [1.540158, 45.030196], [1.537522, 45.035084], [1.535324, 45.040819], [1.529699, 45.04495], [1.52258, 45.045049], [1.515285, 45.041797], [1.506145, 45.034206], [1.502893, 45.031876], [1.487226, 45.02935], [1.477251, 45.022835], [1.473999, 45.020044], [1.45864, 45.015078], [1.429965, 45.000093], [1.425022, 44.983822], [1.446709, 44.932945], [1.446093, 44.921398], [1.441128, 44.912917], [1.43447, 44.906149], [1.434316, 44.899151], [1.437414, 44.889867], [1.43726, 44.88344], [1.433371, 44.875969], [1.42656, 44.870235], [1.399072, 44.853261], [1.391316, 44.846207], [1.383252, 44.836847], [1.372089, 44.819643], [1.363674, 44.810963], [1.354533, 44.806723], [1.345832, 44.807063], [1.335593, 44.805822], [1.325837, 44.801757], [1.313906, 44.788738], [1.310324, 44.780311], [1.311731, 44.773083], [1.317312, 44.76815], [1.322277, 44.761811], [1.321662, 44.751428], [1.314851, 44.7412], [1.299602, 44.725644], [1.287956, 44.717371], [1.276025, 44.712152], [1.257898, 44.707044], [1.249614, 44.702495], [1.2352, 44.692619], [1.226982, 44.689103], [1.218149, 44.687092], [1.19934, 44.685027], [1.189563, 44.682566], [1.174995, 44.673041], [1.131071, 44.615187], [1.119909, 44.603629], [1.094795, 44.585337], [1.077211, 44.574533], [1.061572, 44.564925], [1.01299, 44.547566], [1.002136, 44.539249], [0.998269, 44.532713], [1.00029, 44.527362], [1.003542, 44.523221], [1.009892, 44.517387], [1.015319, 44.511267], [1.019494, 44.505555], [1.021362, 44.500512], [1.019802, 44.486076], [1.0209, 44.479638], [1.023383, 44.47499], [1.027097, 44.47064], [1.030041, 44.465191], [1.033974, 44.452633], [1.037534, 44.446437], [1.044191, 44.4409], [1.060935, 44.430672], [1.067461, 44.422245], [1.06823, 44.412379], [1.065131, 44.40292], [1.064524, 44.378741], [1.064516, 44.378432], [1.064307, 44.378262], [1.051333, 44.367786], [0.969528, 44.362798], [0.949533, 44.365742], [0.936833, 44.370467], [0.930461, 44.375586], [0.92009, 44.378992], [0.911191, 44.377597], [0.904226, 44.373213], [0.901106, 44.367116], [0.900336, 44.360469], [0.901106, 44.353932], [0.901106, 44.347319], [0.900183, 44.341166], [0.897238, 44.334453], [0.887482, 44.319358], [0.886538, 44.312646], [0.893811, 44.301351], [0.898337, 44.296364], [0.904973, 44.292749], [0.930637, 44.286751], [0.938371, 44.283576], [0.944743, 44.279104], [0.947204, 44.272908], [0.946435, 44.266316], [0.943337, 44.259681], [0.905918, 44.201024], [0.894909, 44.19273], [0.871816, 44.180864], [0.871179, 44.175855], [0.876013, 44.172493], [0.884055, 44.169142], [0.890866, 44.164407], [0.894602, 44.157925], [0.894294, 44.149652], [0.889482, 44.144027], [0.881726, 44.140819], [0.872893, 44.139842], [0.863906, 44.139995], [0.854699, 44.141523], [0.837649, 44.147378], [0.828508, 44.149246], [0.818884, 44.149037], [0.807898, 44.145422], [0.803503, 44.142116], [0.800866, 44.13648], [0.799306, 44.130283], [0.795109, 44.122549], [0.787221, 44.118078], [0.765666, 44.110948], [0.758371, 44.105367], [0.752658, 44.098445], [0.746242, 44.08413], [0.744375, 44.07845], [0.741738, 44.067024], [0.679665, 44.040459], [0.658901, 44.03757], [0.651936, 44.041316], [0.623503, 44.061707], [0.612648, 44.067288], [0.5925, 44.072814], [0.576635, 44.070902], [0.508674, 44.052379], [0.499841, 44.052149], [0.490854, 44.05328], [0.476594, 44.057026], [0.466311, 44.056334], [0.455918, 44.052302], [0.447392, 44.045941], [0.374641, 44.019849], [0.354272, 44.017465], [0.340012, 44.012202], [0.31426, 43.999228], [0.303735, 43.996646], [0.294221, 43.99636], [0.287409, 43.998041], [0.268491, 44.005424], [0.221623, 44.018552], [0.211867, 44.017102], [0.203649, 44.013026], [0.1982, 44.007753], [0.183127, 43.987648], [0.177063, 43.981034], [0.169021, 43.974783], [0.157067, 43.969125], [0.147927, 43.967653], [0.140939, 43.969433], [0.133776, 43.97876], [0.123999, 43.981298], [0.11611, 43.980727], [0.089743, 43.972871], [0.08524, 43.967321], [0.076032, 43.955974], [0.081987, 43.930552], [0.079987, 43.921972], [0.073264, 43.912567], [0.064365, 43.908535], [0.055268, 43.907041], [0.020705, 43.909107], [0.012432, 43.910392], [0.004841, 43.912567], [-0.000279, 43.914941], [-0.005036, 43.918401], [-0.008859, 43.923982], [-0.00909, 43.929926], [-0.006739, 43.935386], [0.00127, 43.943153], [0.004522, 43.94802], [0.004522, 43.953283], [0.002973, 43.95871], [-0.001938, 43.963522], [-0.009013, 43.967191], [-0.023976, 43.971113], [-0.034435, 43.969147], [-0.04462, 43.965587], [-0.069427, 43.951997], [-0.088642, 43.934892], [-0.100013, 43.928377], [-0.112416, 43.926828], [-0.131818, 43.926366], [-0.16748, 43.930915], [-0.179389, 43.926333], [-0.213776, 43.907085], [-0.221917, 43.89867], [-0.223905, 43.89143], [-0.217555, 43.885025], [-0.202493, 43.873236], [-0.197604, 43.867194], [-0.192254, 43.854845], [-0.187629, 43.84833], [-0.183882, 43.841772], [-0.183443, 43.835355], [-0.191221, 43.81836], [-0.202614, 43.805286], [-0.206778, 43.796189], [-0.208118, 43.788026], [-0.207009, 43.772294], [-0.208953, 43.763219], [-0.208953, 43.756551], [-0.204328, 43.750925], [-0.198538, 43.745059], [-0.195275, 43.738852], [-0.196912, 43.7326], [-0.215457, 43.698828], [-0.222104, 43.692731], [-0.227399, 43.690358], [-0.243263, 43.689896], [-0.252668, 43.68648], [-0.254678, 43.681415], [-0.25158, 43.675109], [-0.245944, 43.668187], [-0.245252, 43.65964], [-0.25091, 43.648577], [-0.263467, 43.63703], [-0.267906, 43.628988], [-0.267005, 43.623176], [-0.252459, 43.616145], [-0.249515, 43.610982], [-0.24657, 43.599127], [-0.243857, 43.594294], [-0.236342, 43.587053], [-0.202955, 43.588998], [-0.109681, 43.574804], [-0.089653, 43.564521], [-0.079523, 43.545196], [-0.071778, 43.539615], [-0.061022, 43.534835], [-0.053453, 43.529276], [-0.047278, 43.522223], [-0.022735, 43.479409], [-0.017769, 43.467885], [-0.016297, 43.459107], [-0.019812, 43.453987], [-0.026921, 43.451273], [-0.035468, 43.451768], [-0.043378, 43.453163], [-0.049684, 43.449856], [-0.052211, 43.440836], [-0.049014, 43.421171], [-0.042137, 43.414821], [-0.034183, 43.414381], [-0.027305, 43.419567], [-0.021647, 43.425566], [-0.015242, 43.430729], [-0.007793, 43.434168], [0.002204, 43.433322], [0.007005, 43.428565], [0.009027, 43.422006], [0.00561, 43.384685], [0.008873, 43.371128], [0.0221, 43.348936], [0.023232, 43.339169], [0.018793, 43.332445], [0.011191, 43.328831], [-0.007793, 43.325051], [-0.014748, 43.322107], [-0.021647, 43.316526], [-0.027514, 43.310308], [-0.032502, 43.301695], [-0.035831, 43.291884], [-0.036863, 43.276898], [-0.02792, 43.258079], [-0.026349, 43.253486], [-0.027206, 43.247928], [-0.030173, 43.241984], [-0.034952, 43.235864], [-0.042214, 43.229404], [-0.059187, 43.217517], [-0.066351, 43.211475], [-0.070613, 43.203982], [-0.077172, 43.181339], [-0.080688, 43.172506], [-0.085928, 43.165948], [-0.092729, 43.163618], [-0.10544, 43.166464], [-0.110944, 43.164761], [-0.118151, 43.158817], [-0.132214, 43.133977], [-0.138871, 43.12499], [-0.147869, 43.118662], [-0.156416, 43.114268], [-0.176752, 43.107138], [-0.183882, 43.102018], [-0.191408, 43.091845], [-0.192649, 43.076804], [-0.191869, 43.065741], [-0.18497, 43.046471], [-0.189617, 43.039418], [-0.198692, 43.034243], [-0.208953, 43.032848], [-0.237836, 43.032541], [-0.246054, 43.030497], [-0.253239, 43.026311], [-0.264961, 43.015358], [-0.281551, 43.003163], [-0.288318, 42.994693], [-0.290032, 42.987606], [-0.28856, 42.980531], [-0.283649, 42.965853], [-0.282847, 42.956317], [-0.284187, 42.940761], [-0.289406, 42.931642], [-0.29703, 42.923633], [-0.305171, 42.91681], [-0.31251, 42.908131], [-0.315872, 42.900891], [-0.317026, 42.893871], [-0.317059, 42.887301], [-0.315147, 42.873766], [-0.308786, 42.848443], [-0.305171, 42.830974], [-0.305139, 42.830812], [-0.307418, 42.831831], [-0.322792, 42.842502], [-0.328244, 42.83258], [-0.335169, 42.824958], [-0.342998, 42.822736], [-0.351679, 42.829247], [-0.399738, 42.801316], [-0.423923, 42.790671], [-0.454464, 42.788914], [-0.508414, 42.807492], [-0.53389, 42.808008], [-0.535647, 42.784211], [-0.544432, 42.782015], [-0.561175, 42.77354], [-0.56903, 42.772636], [-0.578694, 42.777338], [-0.578539, 42.783307], [-0.577144, 42.789792], [-0.582931, 42.795839], [-0.587324, 42.796846], [-0.60355, 42.796846], [-0.610165, 42.799094], [-0.609958, 42.802841], [-0.608046, 42.807182], [-0.609493, 42.811445], [-0.648302, 42.849789], [-0.666079, 42.860744], [-0.700392, 42.876428], [-0.71052, 42.877668], [-0.720287, 42.876609], [-0.730106, 42.877513], [-0.740286, 42.884799], [-0.745867, 42.89392], [-0.744782, 42.899295], [-0.741423, 42.903894], [-0.740906, 42.910896], [-0.745032, 42.918727], [-0.759665, 42.946501], [-0.786433, 42.953271], [-0.863534, 42.943065], [-0.943219, 42.947896], [-0.98146, 42.957043], [-1.01629, 42.976241], [-1.028485, 42.986706], [-1.045074, 42.990219], [-1.079697, 42.993397], [-1.08719, 42.997997], [-1.103726, 43.005748], [-1.112408, 43.008255], [-1.149925, 43.005722], [-1.182533, 43.025282], [-1.216898, 43.03926], [-1.274879, 43.046831], [-1.293689, 43.055203], [-1.310587, 43.069491], [-1.315083, 43.082875], [-1.30697, 43.095975], [-1.286041, 43.109178], [-1.308623, 43.113571], [-1.331051, 43.107344], [-1.348259, 43.093081], [-1.355184, 43.073031], [-1.357613, 43.046831], [-1.366139, 43.033318], [-1.383141, 43.029209], [-1.410529, 43.030915], [-1.435024, 43.03572], [-1.457141, 43.045074], [-1.47528, 43.060138], [-1.487837, 43.081816], [-1.479621, 43.090265], [-1.438435, 43.122795], [-1.425774, 43.135275], [-1.410529, 43.166901], [-1.399677, 43.206744], [-1.403501, 43.243331], [-1.432233, 43.265009], [-1.444222, 43.265112], [-1.455281, 43.262218], [-1.466392, 43.260771], [-1.508094, 43.276765], [-1.539204, 43.283561], [-1.559047, 43.284078], [-1.573982, 43.277437], [-1.581888, 43.260358], [-1.587573, 43.251599], [-1.598477, 43.246999], [-1.611086, 43.245811], [-1.621886, 43.246999], [-1.634082, 43.251108], [-1.639043, 43.255681], [-1.646329, 43.272786], [-1.647983, 43.281545], [-1.645192, 43.287643], [-1.645037, 43.292371], [-1.654907, 43.297539], [-1.673872, 43.304154], [-1.683019, 43.304929], [-1.703328, 43.298624], [-1.724825, 43.296532], [-1.736556, 43.29232], [-1.747356, 43.291002], [-1.74973, 43.294793], [-1.752421, 43.299089], [-1.75578, 43.318546], [-1.768234, 43.330922], [-1.796914, 43.341128], [-1.797172, 43.353324], [-1.796449, 43.374382], [-1.794075, 43.386015], [-1.791371, 43.384589], [-1.790761, 43.384263], [-1.775502, 43.376166], [-1.767974, 43.383612], [-1.749623, 43.389228], [-1.661, 43.399685], [-1.637807, 43.423773], [-1.615468, 43.432563], [-1.59675, 43.442532], [-1.588043, 43.451158], [-1.566396, 43.482164], [-1.562082, 43.493394], [-1.553334, 43.50137], [-1.513987, 43.538642], [-1.506337, 43.550116], [-1.476877, 43.580064], [-1.470041, 43.611518], [-1.445953, 43.668443], [-1.404937, 43.832343], [-1.381174, 43.889594], [-1.346099, 44.019192], [-1.281565, 44.302191], [-1.25414, 44.44245], [-1.251303, 44.468215], [-1.247304, 44.504543], [-1.249745, 44.519233], [-1.25829, 44.547553], [-1.257232, 44.556057], [-1.230784, 44.583564], [-1.226877, 44.589911], [-1.224192, 44.601996], [-1.206288, 44.647895], [-1.186513, 44.665473], [-1.161448, 44.666164], [-1.100209, 44.655341], [-1.065012, 44.659125], [-1.044749, 44.66942], [-1.044423, 44.684638], [-1.069163, 44.703192], [-1.055491, 44.703192], [-1.065297, 44.717475], [-1.140859, 44.768134], [-1.151723, 44.77143], [-1.156402, 44.773424], [-1.160634, 44.776516], [-1.165354, 44.778713], [-1.172231, 44.778266], [-1.176503, 44.775214], [-1.178456, 44.770901], [-1.179758, 44.766913], [-1.182118, 44.765204], [-1.188588, 44.755846], [-1.233632, 44.706855], [-1.244944, 44.662746], [-1.253814, 44.638658], [-1.260365, 44.627427], [-1.199452, 45.120836], [-1.157867, 45.27912], [-1.139963, 45.490058], [-1.133697, 45.504828], [-1.099599, 45.553534], [-1.085276, 45.569037], [-1.069163, 45.57331], [-1.058583, 45.569648], [-1.056223, 45.565131], [-1.056752, 45.557603], [-1.057362, 45.546332], [-1.06017, 45.543036], [-1.062327, 45.537746], [-1.062327, 45.532416], [-1.059234, 45.527045], [-1.048695, 45.515041], [-1.039947, 45.50727], [-0.972971, 45.470526], [-0.930776, 45.453803], [-0.915273, 45.450426], [-0.794179, 45.355414], [-0.766184, 45.326077], [-0.754506, 45.295885], [-0.751943, 45.275946], [-0.738678, 45.238715], [-0.720041, 45.145941], [-0.715972, 45.134508], [-0.6822, 45.076483], [-0.648183, 45.044908], [-0.609853, 45.018459], [-0.577789, 45.005072], [-0.568959, 44.997992], [-0.560699, 44.985419], [-0.559193, 44.976142], [-0.562082, 44.96015], [-0.560862, 44.939276], [-0.556508, 44.918525], [-0.548166, 44.902289], [-0.534657, 44.894965], [-0.538645, 44.908759], [-0.542388, 44.937201], [-0.548451, 44.94953], [-0.538971, 44.976508], [-0.550364, 44.998196], [-0.572581, 45.014309], [-0.596181, 45.024644], [-0.565297, 45.023586], [-0.539418, 45.019517], [-0.516428, 45.011379], [-0.493764, 44.997992], [-0.518951, 45.029446], [-0.558746, 45.043443], [-0.602162, 45.053453], [-0.637766, 45.073065], [-0.655995, 45.099107], [-0.668691, 45.130805], [-0.706603, 45.322155], [-0.706654, 45.322414], [-0.719716, 45.36107], [-0.753041, 45.424058], [-0.773101, 45.452094], [-0.795481, 45.477118], [-0.841786, 45.514553], [-0.98351, 45.586982], [-0.986887, 45.591254], [-0.990875, 45.610053], [-0.997222, 45.614325], [-1.030263, 45.62287], [-1.083811, 45.660386], [-1.113922, 45.668931], [-1.132802, 45.671698], [-1.149322, 45.6789], [-1.163442, 45.688951], [-1.175608, 45.700263], [-1.194203, 45.710191], [-1.22936, 45.704779], [-1.247304, 45.709906], [-1.230133, 45.779608], [-1.230295, 45.792426], [-1.163808, 45.806708], [-1.144276, 45.806098], [-1.080556, 45.753404], [-1.069163, 45.748114], [-1.05724, 45.74022], [-0.987172, 45.717353], [-1.009633, 45.735175], [-1.099477, 45.786037], [-1.125356, 45.807685], [-1.130686, 45.816718], [-1.132151, 45.828314], [-1.136586, 45.843248], [-1.143219, 45.857733], [-1.151723, 45.86815], [-1.140614, 45.872301], [-1.133656, 45.878241], [-1.128529, 45.884223], [-1.123769, 45.888658], [-1.112538, 45.895657], [-1.097035, 45.902289], [-1.087758, 45.903225], [-1.079742, 45.902004], [-1.073354, 45.904364], [-1.069163, 45.915961], [-1.070424, 45.926337], [-1.076324, 45.936713], [-1.083485, 45.94538], [-1.089752, 45.950751], [-1.084218, 45.953925], [-1.074208, 45.961575], [-1.069163, 45.964342], [-1.085561, 45.971991], [-1.096588, 45.985419], [-1.110748, 46.018378], [-1.089752, 46.008205], [-1.072987, 46.007473], [-1.059722, 46.015774], [-1.048695, 46.03266], [-1.048695, 46.038804], [-1.052887, 46.04328], [-1.058583, 46.047919], [-1.065175, 46.051581], [-1.084218, 46.056545], [-1.087758, 46.064683], [-1.088735, 46.074774], [-1.096018, 46.088365], [-1.095693, 46.097724], [-1.097035, 46.101549], [-1.100738, 46.103095], [-1.113596, 46.106147], [-1.117014, 46.107815], [-1.122955, 46.112494], [-1.129018, 46.11579], [-1.128896, 46.120063], [-1.117014, 46.128241], [-1.14037, 46.14057], [-1.14802, 46.141913], [-1.152089, 46.143866], [-1.151845, 46.148424], [-1.150543, 46.153266], [-1.151723, 46.156195], [-1.157094, 46.156968], [-1.172231, 46.156195], [-1.182607, 46.158393], [-1.19164, 46.157945], [-1.200185, 46.159125], [-1.209706, 46.166164], [-1.210805, 46.174547], [-1.204416, 46.184312], [-1.194488, 46.192776], [-1.18517, 46.19717], [-1.190541, 46.216295], [-1.179596, 46.229478], [-1.110748, 46.259223], [-1.102651, 46.271959], [-1.103505, 46.280015], [-1.108022, 46.28852], [-1.110748, 46.30268], [-1.11919, 46.311011], [-1.119105, 46.311125], [-1.114633, 46.316706], [-1.097033, 46.334613], [-1.090287, 46.339546], [-1.080158, 46.342754], [-1.019645, 46.353092], [-0.998387, 46.354795], [-0.988334, 46.356707], [-0.969833, 46.362442], [-0.961769, 46.361541], [-0.955002, 46.353708], [-0.956551, 46.346446], [-0.961462, 46.339909], [-0.968537, 46.334954], [-0.973118, 46.329219], [-0.970251, 46.324154], [-0.959935, 46.320067], [-0.941126, 46.320584], [-0.931337, 46.32177], [-0.919911, 46.324825], [-0.888051, 46.328802], [-0.882107, 46.330713], [-0.8671, 46.334152], [-0.85061, 46.334306], [-0.825088, 46.331328], [-0.756589, 46.301204], [-0.744778, 46.303533], [-0.729068, 46.309477], [-0.722245, 46.313552], [-0.695252, 46.32355], [-0.685298, 46.325264], [-0.656108, 46.324978], [-0.649516, 46.325725], [-0.641946, 46.328802], [-0.612074, 46.35206], [-0.60334, 46.355257], [-0.5942, 46.355982], [-0.585773, 46.355465], [-0.577973, 46.354334], [-0.572677, 46.35474], [-0.565416, 46.356992], [-0.558154, 46.362343], [-0.555286, 46.369726], [-0.557846, 46.377405], [-0.569338, 46.38704], [-0.603494, 46.406189], [-0.610833, 46.406629], [-0.616722, 46.403882], [-0.623522, 46.403245], [-0.629927, 46.408507], [-0.633882, 46.422801], [-0.632388, 46.432875], [-0.625049, 46.448487], [-0.623522, 46.45487], [-0.624115, 46.461429], [-0.640134, 46.514943], [-0.637211, 46.524864], [-0.631037, 46.531368], [-0.6235, 46.53563], [-0.618282, 46.541244], [-0.615953, 46.54755], [-0.617194, 46.556999], [-0.625126, 46.586409], [-0.626774, 46.606558], [-0.629444, 46.613853], [-0.635431, 46.621862], [-0.647505, 46.632145], [-0.652999, 46.642527], [-0.654998, 46.650899], [-0.654526, 46.658139], [-0.654965, 46.664775], [-0.657811, 46.673168], [-0.662282, 46.683045], [-0.689155, 46.721332], [-0.716148, 46.750995], [-0.724728, 46.767508], [-0.725816, 46.77867], [-0.716126, 46.791667], [-0.713259, 46.797347], [-0.712017, 46.802049], [-0.715588, 46.807893], [-0.724058, 46.816496], [-0.745767, 46.829855], [-0.803434, 46.854816], [-0.812421, 46.862825], [-0.821155, 46.873372], [-0.828011, 46.890082], [-0.829791, 46.910473], [-0.833614, 46.919251], [-0.846424, 46.931709], [-0.872758, 46.9423], [-0.882865, 46.952638], [-0.896038, 46.971293], [-0.909397, 46.982378], [-0.946004, 47.000385], [-0.9434, 47.006537], [-0.943378, 47.008965], [-0.941357, 47.013305], [-0.935007, 47.016557], [-0.920329, 47.014414], [-0.909375, 47.011778], [-0.870352, 46.994211], [-0.860926, 46.991244], [-0.851126, 46.98964], [-0.837536, 46.989695], [-0.780407, 46.996979], [-0.751711, 46.991288], [-0.69646, 46.988091], [-0.63241, 46.992431], [-0.613931, 46.997232], [-0.608976, 46.999253], [-0.592046, 47.010415], [-0.549156, 47.02517], [-0.544223, 47.030356], [-0.544849, 47.036255], [-0.556209, 47.048186], [-0.558461, 47.0548], [-0.555132, 47.060952], [-0.54709, 47.066533], [-0.537741, 47.070258], [-0.517658, 47.075367], [-0.506781, 47.07607], [-0.496015, 47.074674], [-0.473196, 47.06638], [-0.459013, 47.068083], [-0.403455, 47.079552], [-0.37633, 47.088133], [-0.269697, 47.097229], [-0.211766, 47.09612], [-0.192023, 47.100075], [-0.181322, 47.100635], [-0.170578, 47.098262], [-0.158976, 47.091439], [-0.154021, 47.082134], [-0.152461, 47.074367], [-0.148232, 47.067621], [-0.143013, 47.062809], [-0.118228, 47.057338], [-0.109043, 47.06961], [-0.105539, 47.07429], [-0.10032, 47.079871], [-0.09185, 47.086144], [-0.064252, 47.092472], [-0.053068, 47.096252], [-0.045026, 47.105854], [-0.042236, 47.11361], [-0.040686, 47.120894], [-0.036863, 47.127925], [-0.004047, 47.156555], [0.013828, 47.160587], [0.06676, 47.153688], [0.076911, 47.140581], [0.082624, 47.134638], [0.086953, 47.127409], [0.092072, 47.121773], [0.100114, 47.118576], [0.112221, 47.120015], [0.128657, 47.127255], [0.135534, 47.127046], [0.140324, 47.121004], [0.140017, 47.114928], [0.138786, 47.108446], [0.140324, 47.102986], [0.147158, 47.098833], [0.160188, 47.099196], [0.183435, 47.104414], [0.19185, 47.102294], [0.195871, 47.094692], [0.196662, 47.086847], [0.194794, 47.079146], [0.192312, 47.07217], [0.190773, 47.065501], [0.19218, 47.059766], [0.200068, 47.055503], [0.213867, 47.055426], [0.226897, 47.057547], [0.249265, 47.063589], [0.257944, 47.063435], [0.264909, 47.060337], [0.27082, 47.049582], [0.27717, 47.045297], [0.298725, 47.043979], [0.306987, 47.042583], [0.310393, 47.037925], [0.311799, 47.032223], [0.3107, 47.019743], [0.304196, 46.999506], [0.302482, 46.98039], [0.303581, 46.965921], [0.305295, 46.958483], [0.308239, 46.951452], [0.315358, 46.944168], [0.326674, 46.938532], [0.345285, 46.935686], [0.388747, 46.938949], [0.433923, 46.932742], [0.443986, 46.935434], [0.451281, 46.939587], [0.457302, 46.944366], [0.465388, 46.947475], [0.483713, 46.950804], [0.563144, 46.953254], [0.572746, 46.954989], [0.581272, 46.958087], [0.583513, 46.961471], [0.583667, 46.965042], [0.582524, 46.968371], [0.580964, 46.971711], [0.578964, 46.974864], [0.576635, 46.977731], [0.573691, 46.980544], [0.571516, 46.983488], [0.570285, 46.987003], [0.569494, 46.994441], [0.569494, 46.997627], [0.569055, 47.000725], [0.570109, 47.001626], [0.572439, 47.003901], [0.584436, 47.001264], [0.639851, 46.976973], [0.660769, 46.970854], [0.671777, 46.965976], [0.681994, 46.958274], [0.692849, 46.942926], [0.713371, 46.90008], [0.831452, 46.779417], [0.873684, 46.756214], [0.880751, 46.750453], [0.894602, 46.739163], [0.902358, 46.729814], [0.91352, 46.711027], [0.916926, 46.69948], [0.916926, 46.689867], [0.914135, 46.683253], [0.910883, 46.676837], [0.908247, 46.670564], [0.906862, 46.663918], [0.906994, 46.644186], [0.909807, 46.630233], [0.916003, 46.615138], [0.924111, 46.605734], [0.936218, 46.595506], [0.959597, 46.581136], [0.986623, 46.570512], [1.007255, 46.56659], [1.014089, 46.564392], [1.01967, 46.559954], [1.022439, 46.544518], [1.026789, 46.5383], [1.038786, 46.534422], [1.101452, 46.534367], [1.111538, 46.532532], [1.1207, 46.529203], [1.129357, 46.524501], [1.136806, 46.518404], [1.142585, 46.512196], [1.146628, 46.506308], [1.149419, 46.500474], [1.149265, 46.497837], [1.141135, 46.473547], [1.142387, 46.464505], [1.153308, 46.454222], [1.163371, 46.448377], [1.182905, 46.441038], [1.194682, 46.42792], [1.177016, 46.387018], [1.194067, 46.377636], [1.207141, 46.376295], [1.221093, 46.368902], [1.232717, 46.36766], [1.247131, 46.36766], [1.290769, 46.371593], [1.304699, 46.374615], [1.312346, 46.379877], [1.315774, 46.386161], [1.321047, 46.392204], [1.33467, 46.39706], [1.344909, 46.396137], [1.35405, 46.391226], [1.360114, 46.384535], [1.364751, 46.377998], [1.369914, 46.372154], [1.414431, 46.350939], [1.44594, 46.364947], [1.511418, 46.411924], [1.525525, 46.414429], [1.536115, 46.412616], [1.548046, 46.408793], [1.561845, 46.407354], [1.588059, 46.410188], [1.598034, 46.407354], [1.602363, 46.402487], [1.601418, 46.396027], [1.603923, 46.389413], [1.612448, 46.383788], [1.628884, 46.38125], [1.640815, 46.383162], [1.650944, 46.388282], [1.660239, 46.394972], [1.672478, 46.401015], [1.683508, 46.402641], [1.725256, 46.395774], [1.736879, 46.398257], [1.745405, 46.403058], [1.749909, 46.408793], [1.75237, 46.41489], [1.752678, 46.421427], [1.751601, 46.427942], [1.751294, 46.43505], [1.753469, 46.442104], [1.761884, 46.450211], [1.770739, 46.452002], [1.77988, 46.450958], [1.787922, 46.446498], [1.809323, 46.426723], [1.81853, 46.421768], [1.831384, 46.420471], [1.841008, 46.423888], [1.861464, 46.434655], [1.87155, 46.437116], [1.881525, 46.438203], [1.97102, 46.436391], [1.983567, 46.434193], [2.003628, 46.426701], [2.011538, 46.425327], [2.068469, 46.425382], [2.102329, 46.415879], [2.139175, 46.421365], [2.155085, 46.423734], [2.253896, 46.419801]], [[-0.066878, 43.377588], [-0.070591, 43.381422], [-0.075524, 43.384147], [-0.087356, 43.386652], [-0.093454, 43.386421], [-0.099288, 43.385048], [-0.107187, 43.37906], [-0.111922, 43.369491], [-0.114811, 43.348716], [-0.112284, 43.338477], [-0.105759, 43.331358], [-0.096805, 43.327787], [-0.086994, 43.32815], [-0.083379, 43.329402], [-0.07993, 43.331303], [-0.076766, 43.333862], [-0.073953, 43.337114], [-0.066186, 43.351364], [-0.064021, 43.359219], [-0.063483, 43.367283], [-0.064483, 43.37282], [-0.066878, 43.377588]], [[-0.117975, 43.247565], [-0.107538, 43.247818], [-0.097497, 43.250795], [-0.080501, 43.272152], [-0.090301, 43.295498], [-0.113636, 43.305265], [-0.137278, 43.285819], [-0.138619, 43.27179], [-0.137553, 43.264824], [-0.134872, 43.258342], [-0.127511, 43.250806], [-0.117975, 43.247565]]]}, "properties": {"source": "https://simplemaps.com", "id": "FRNAQ", "name": "Nouvelle Aquitaine"}}, {"type": "Feature", "id": 12, "geometry": {"type": "Polygon", "coordinates": [[[3.029773, 46.790942], [3.002021, 46.790172], [2.975764, 46.793216], [2.931379, 46.78324], [2.867614, 46.754412], [2.86155, 46.750325], [2.854585, 46.740141], [2.84885, 46.733406], [2.838149, 46.725935], [2.828371, 46.726584], [2.81778, 46.72922], [2.805542, 46.730736], [2.79594, 46.72743], [2.780735, 46.714586], [2.772693, 46.713345], [2.738833, 46.723035], [2.733713, 46.727946], [2.730153, 46.732132], [2.722243, 46.734307], [2.715871, 46.730923], [2.700183, 46.7173], [2.670564, 46.6987], [2.653293, 46.69012], [2.628025, 46.689296], [2.622004, 46.686121], [2.621213, 46.680661], [2.625256, 46.667279], [2.619675, 46.661369], [2.610051, 46.660204], [2.586892, 46.661336], [2.580871, 46.659655], [2.576828, 46.655865], [2.576213, 46.650591], [2.579619, 46.644702], [2.591396, 46.634002], [2.593418, 46.628728], [2.592165, 46.625015], [2.584738, 46.614776], [2.583332, 46.60814], [2.585507, 46.601394], [2.591396, 46.594572], [2.606338, 46.581993], [2.612072, 46.5755], [2.615786, 46.569897], [2.6175, 46.565788], [2.618422, 46.561349], [2.618576, 46.556592], [2.617346, 46.551967], [2.613479, 46.549462], [2.529631, 46.532202], [2.482785, 46.529972], [2.454572, 46.524556], [2.445256, 46.524501], [2.435324, 46.525896], [2.41946, 46.525226], [2.399641, 46.521765], [2.340051, 46.500573], [2.324846, 46.483983], [2.315485, 46.476645], [2.306521, 46.47303], [2.298435, 46.471997], [2.291623, 46.468383], [2.287273, 46.463362], [2.279846, 46.451068], [2.253896, 46.419801], [2.155085, 46.423734], [2.139175, 46.421365], [2.102329, 46.415879], [2.068469, 46.425382], [2.011538, 46.425327], [2.003628, 46.426701], [1.983567, 46.434193], [1.97102, 46.436391], [1.881525, 46.438203], [1.87155, 46.437116], [1.861464, 46.434655], [1.841008, 46.423888], [1.831384, 46.420471], [1.81853, 46.421768], [1.809323, 46.426723], [1.787922, 46.446498], [1.77988, 46.450958], [1.770739, 46.452002], [1.761884, 46.450211], [1.753469, 46.442104], [1.751294, 46.43505], [1.751601, 46.427942], [1.752678, 46.421427], [1.75237, 46.41489], [1.749909, 46.408793], [1.745405, 46.403058], [1.736879, 46.398257], [1.725256, 46.395774], [1.683508, 46.402641], [1.672478, 46.401015], [1.660239, 46.394972], [1.650944, 46.388282], [1.640815, 46.383162], [1.628884, 46.38125], [1.612448, 46.383788], [1.603923, 46.389413], [1.601418, 46.396027], [1.602363, 46.402487], [1.598034, 46.407354], [1.588059, 46.410188], [1.561845, 46.407354], [1.548046, 46.408793], [1.536115, 46.412616], [1.525525, 46.414429], [1.511418, 46.411924], [1.44594, 46.364947], [1.414431, 46.350939], [1.369914, 46.372154], [1.364751, 46.377998], [1.360114, 46.384535], [1.35405, 46.391226], [1.344909, 46.396137], [1.33467, 46.39706], [1.321047, 46.392204], [1.315774, 46.386161], [1.312346, 46.379877], [1.304699, 46.374615], [1.290769, 46.371593], [1.247131, 46.36766], [1.232717, 46.36766], [1.221093, 46.368902], [1.207141, 46.376295], [1.194067, 46.377636], [1.177016, 46.387018], [1.194682, 46.42792], [1.182905, 46.441038], [1.163371, 46.448377], [1.153308, 46.454222], [1.142387, 46.464505], [1.141135, 46.473547], [1.149265, 46.497837], [1.149419, 46.500474], [1.146628, 46.506308], [1.142585, 46.512196], [1.136806, 46.518404], [1.129357, 46.524501], [1.1207, 46.529203], [1.111538, 46.532532], [1.101452, 46.534367], [1.038786, 46.534422], [1.026789, 46.5383], [1.022439, 46.544518], [1.01967, 46.559954], [1.014089, 46.564392], [1.007255, 46.56659], [0.986623, 46.570512], [0.959597, 46.581136], [0.936218, 46.595506], [0.924111, 46.605734], [0.916003, 46.615138], [0.909807, 46.630233], [0.906994, 46.644186], [0.906862, 46.663918], [0.908247, 46.670564], [0.910883, 46.676837], [0.914135, 46.683253], [0.916926, 46.689867], [0.916926, 46.69948], [0.91352, 46.711027], [0.902358, 46.729814], [0.894602, 46.739163], [0.880751, 46.750453], [0.873684, 46.756214], [0.831452, 46.779417], [0.713371, 46.90008], [0.692849, 46.942926], [0.681994, 46.958274], [0.671777, 46.965976], [0.660769, 46.970854], [0.639851, 46.976973], [0.584436, 47.001264], [0.572439, 47.003901], [0.570109, 47.001626], [0.569055, 47.000725], [0.569494, 46.997627], [0.569494, 46.994441], [0.570285, 46.987003], [0.571516, 46.983488], [0.573691, 46.980544], [0.576635, 46.977731], [0.578964, 46.974864], [0.580964, 46.971711], [0.582524, 46.968371], [0.583667, 46.965042], [0.583513, 46.961471], [0.581272, 46.958087], [0.572746, 46.954989], [0.563144, 46.953254], [0.483713, 46.950804], [0.465388, 46.947475], [0.457302, 46.944366], [0.451281, 46.939587], [0.443986, 46.935434], [0.433923, 46.932742], [0.388747, 46.938949], [0.345285, 46.935686], [0.326674, 46.938532], [0.315358, 46.944168], [0.308239, 46.951452], [0.305295, 46.958483], [0.303581, 46.965921], [0.302482, 46.98039], [0.304196, 46.999506], [0.3107, 47.019743], [0.311799, 47.032223], [0.310393, 47.037925], [0.306987, 47.042583], [0.298725, 47.043979], [0.27717, 47.045297], [0.27082, 47.049582], [0.264909, 47.060337], [0.257944, 47.063435], [0.249265, 47.063589], [0.226897, 47.057547], [0.213867, 47.055426], [0.200068, 47.055503], [0.19218, 47.059766], [0.190773, 47.065501], [0.192312, 47.07217], [0.194794, 47.079146], [0.196662, 47.086847], [0.195871, 47.094692], [0.19185, 47.102294], [0.183435, 47.104414], [0.160188, 47.099196], [0.147158, 47.098833], [0.140324, 47.102986], [0.138786, 47.108446], [0.140017, 47.114928], [0.140324, 47.121004], [0.135534, 47.127046], [0.128657, 47.127255], [0.112221, 47.120015], [0.100114, 47.118576], [0.092072, 47.121773], [0.086953, 47.127409], [0.082624, 47.134638], [0.076911, 47.140581], [0.06676, 47.153688], [0.081525, 47.230197], [0.099499, 47.286722], [0.105256, 47.299081], [0.110222, 47.306772], [0.121516, 47.320054], [0.149948, 47.345586], [0.177063, 47.377447], [0.178315, 47.386181], [0.171789, 47.404967], [0.173986, 47.414734], [0.185588, 47.439563], [0.190158, 47.453538], [0.221777, 47.50224], [0.223029, 47.509711], [0.221315, 47.517105], [0.214812, 47.535287], [0.214328, 47.548515], [0.218371, 47.560512], [0.241772, 47.602886], [0.285849, 47.594559], [0.31382, 47.591933], [0.371389, 47.580221], [0.385012, 47.581441], [0.389516, 47.585649], [0.387341, 47.591933], [0.384243, 47.604303], [0.381936, 47.610478], [0.381298, 47.617454], [0.384704, 47.624123], [0.397426, 47.630912], [0.408259, 47.630605], [0.431418, 47.621178], [0.443833, 47.618849], [0.451281, 47.621772], [0.453918, 47.626968], [0.462268, 47.633373], [0.477824, 47.640042], [0.517815, 47.646315], [0.571208, 47.664871], [0.584128, 47.667035], [0.59885, 47.668101], [0.608166, 47.67076], [0.612517, 47.675539], [0.612956, 47.681482], [0.610495, 47.687733], [0.609572, 47.689217], [0.60197, 47.701477], [0.613264, 47.722901], [0.635896, 47.738952], [0.656594, 47.747993], [0.667273, 47.750158], [0.669602, 47.750421], [0.691772, 47.757705], [0.720974, 47.770625], [0.734926, 47.779228], [0.744704, 47.787522], [0.770017, 47.842454], [0.771862, 47.849485], [0.772478, 47.856692], [0.77217, 47.864679], [0.771093, 47.871809], [0.770632, 47.879357], [0.771093, 47.887564], [0.773884, 47.896847], [0.779619, 47.907097], [0.791242, 47.914909], [0.805041, 47.921006], [0.828354, 47.936299], [0.837187, 47.94589], [0.840593, 47.954646], [0.834243, 47.968445], [0.833298, 47.978542], [0.835012, 47.990407], [0.842922, 48.011435], [0.844152, 48.021641], [0.839516, 48.027354], [0.822136, 48.028079], [0.814709, 48.029364], [0.810227, 48.033869], [0.806975, 48.03968], [0.801482, 48.046734], [0.797307, 48.054457], [0.797614, 48.062807], [0.803964, 48.067553], [0.812556, 48.069366], [0.832858, 48.069519], [0.843076, 48.071178], [0.852238, 48.076243], [0.85237, 48.081352], [0.846789, 48.085933], [0.839055, 48.089723], [0.832551, 48.09448], [0.831606, 48.102852], [0.835627, 48.107499], [0.847273, 48.111762], [0.88344, 48.128945], [0.902973, 48.134273], [0.912575, 48.141458], [0.912883, 48.147193], [0.906555, 48.152719], [0.898161, 48.155971], [0.888713, 48.15763], [0.857644, 48.159025], [0.847097, 48.160992], [0.798383, 48.185952], [0.810227, 48.190809], [0.8175, 48.194994], [0.824641, 48.201191], [0.827409, 48.208991], [0.823234, 48.219538], [0.817346, 48.228008], [0.800075, 48.247707], [0.798076, 48.250442], [0.796823, 48.253233], [0.7959, 48.260176], [0.796054, 48.268789], [0.798076, 48.281369], [0.797922, 48.28951], [0.793571, 48.296123], [0.785837, 48.300155], [0.77885, 48.305374], [0.775114, 48.312867], [0.77885, 48.32416], [0.783815, 48.331368], [0.788606, 48.334982], [0.796208, 48.336476], [0.81361, 48.337849], [0.827102, 48.34031], [0.894909, 48.359449], [0.916464, 48.368732], [0.944875, 48.38764], [0.950324, 48.392935], [0.956652, 48.406657], [0.960695, 48.413271], [0.96643, 48.4195], [0.974648, 48.426136], [0.979812, 48.433112], [0.978735, 48.441], [0.967683, 48.45125], [0.959157, 48.45782], [0.953093, 48.463577], [0.949072, 48.469499], [0.946897, 48.478958], [0.946435, 48.486341], [0.947204, 48.493108], [0.949841, 48.499832], [0.950764, 48.501381], [0.951862, 48.504325], [0.952961, 48.509335], [0.951071, 48.515674], [0.94549, 48.523002], [0.89258, 48.562048], [0.863598, 48.57399], [0.850371, 48.582976], [0.832858, 48.604631], [0.822773, 48.620572], [0.816423, 48.665088], [0.848811, 48.688291], [0.859665, 48.694345], [0.872739, 48.69897], [0.96799, 48.717054], [0.978581, 48.71723], [0.988513, 48.716406], [0.999499, 48.717592], [1.009431, 48.720932], [1.018418, 48.728578], [1.023691, 48.735686], [1.030349, 48.742454], [1.038918, 48.747727], [1.052893, 48.750771], [1.064824, 48.751551], [1.085456, 48.750177], [1.087346, 48.750309], [1.09029, 48.750771], [1.096816, 48.752375], [1.102858, 48.75589], [1.105341, 48.761548], [1.105034, 48.774128], [1.108901, 48.778215], [1.114328, 48.779115], [1.126106, 48.776402], [1.153747, 48.760439], [1.162756, 48.75744], [1.173127, 48.756099], [1.18385, 48.755737], [1.218918, 48.757824], [1.229157, 48.756769], [1.237683, 48.75421], [1.247439, 48.750001], [1.248999, 48.749738], [1.25302, 48.750309], [1.258205, 48.751595], [1.300041, 48.768294], [1.323684, 48.775369], [1.334055, 48.780225], [1.34414, 48.787674], [1.351589, 48.801363], [1.355302, 48.811283], [1.36196, 48.821127], [1.372397, 48.830795], [1.395183, 48.844407], [1.411926, 48.851493], [1.435546, 48.858953], [1.444226, 48.863787], [1.451367, 48.870763], [1.454157, 48.880629], [1.454157, 48.888386], [1.445324, 48.909578], [1.448093, 48.917268], [1.452751, 48.923036], [1.492807, 48.939549], [1.54697, 48.868412], [1.562483, 48.854405], [1.570371, 48.845396], [1.575183, 48.831795], [1.575183, 48.822654], [1.573007, 48.813503], [1.567888, 48.798671], [1.566657, 48.792728], [1.566042, 48.78741], [1.566174, 48.783169], [1.567734, 48.772886], [1.570525, 48.76803], [1.576589, 48.761933], [1.605461, 48.750617], [1.606384, 48.748606], [1.606252, 48.745245], [1.604362, 48.737082], [1.599265, 48.73005], [1.583862, 48.717076], [1.578127, 48.710725], [1.575183, 48.703958], [1.576106, 48.698036], [1.578896, 48.692895], [1.594607, 48.686951], [1.602517, 48.68137], [1.61135, 48.663693], [1.620051, 48.653465], [1.634773, 48.642874], [1.6852, 48.619407], [1.698054, 48.611969], [1.703393, 48.603136], [1.705261, 48.588668], [1.709436, 48.581966], [1.717961, 48.575066], [1.736242, 48.568123], [1.748042, 48.56207], [1.757819, 48.552182], [1.761577, 48.543503], [1.763752, 48.535614], [1.764675, 48.528616], [1.764829, 48.522574], [1.762961, 48.508072], [1.763752, 48.501205], [1.764521, 48.499777], [1.773816, 48.485769], [1.784978, 48.476782], [1.800952, 48.467796], [1.849687, 48.45035], [1.875153, 48.44412], [1.911145, 48.44924], [1.91934, 48.444483], [1.919978, 48.421104], [1.923054, 48.413062], [1.932414, 48.405009], [1.941731, 48.400065], [1.950717, 48.392935], [1.958166, 48.38252], [1.963132, 48.359273], [1.968076, 48.346562], [1.977238, 48.335916], [1.995564, 48.329148], [1.998684, 48.325523], [1.999738, 48.319942], [1.9855, 48.305912], [1.976909, 48.300155], [1.971657, 48.294937], [1.970713, 48.289092], [1.972273, 48.284236], [1.988444, 48.276744], [2.133508, 48.299068], [2.1675, 48.309692], [2.17664, 48.315394], [2.182067, 48.321337], [2.190593, 48.334565], [2.197712, 48.338707], [2.207644, 48.339069], [2.221486, 48.3324], [2.230495, 48.326303], [2.235901, 48.319458], [2.23779, 48.313174], [2.243986, 48.308472], [2.255918, 48.305605], [2.28156, 48.310614], [2.292854, 48.316173], [2.299226, 48.323051], [2.305422, 48.327127], [2.315969, 48.328006], [2.360354, 48.310461], [2.390584, 48.313594], [2.390661, 48.313602], [2.399465, 48.314515], [2.414494, 48.300979], [2.420075, 48.292146], [2.433786, 48.254628], [2.435632, 48.251475], [2.436884, 48.249816], [2.4932, 48.224701], [2.50623, 48.215253], [2.513679, 48.206618], [2.513371, 48.199828], [2.511042, 48.193489], [2.500188, 48.181196], [2.500034, 48.178328], [2.500649, 48.176493], [2.50623, 48.168407], [2.508867, 48.16264], [2.507483, 48.157212], [2.502033, 48.153752], [2.497551, 48.152928], [2.472546, 48.156905], [2.463537, 48.156388], [2.455649, 48.152334], [2.450837, 48.146621], [2.449299, 48.140063], [2.450529, 48.134141], [2.457341, 48.128846], [2.466811, 48.124319], [2.48184, 48.121661], [2.49632, 48.12177], [2.531828, 48.128791], [2.548, 48.130109], [2.684824, 48.122594], [2.698469, 48.125385], [2.718684, 48.133965], [2.728286, 48.141139], [2.735888, 48.148149], [2.745798, 48.154422], [2.761157, 48.158278], [2.788337, 48.159959], [2.800598, 48.156597], [2.803235, 48.151433], [2.798884, 48.145589], [2.795149, 48.139228], [2.795456, 48.13324], [2.811123, 48.130812], [2.825119, 48.131482], [2.925644, 48.155927], [2.938718, 48.155949], [2.95656, 48.154323], [2.994572, 48.14672], [3.008064, 48.141865], [3.01549, 48.137525], [3.022653, 48.131845], [3.026828, 48.125077], [3.04511, 48.076397], [3.052756, 48.067509], [3.061457, 48.060741], [3.092131, 48.043943], [3.107995, 48.032364], [3.112346, 48.025651], [3.114521, 48.018411], [3.117927, 48.000844], [3.112346, 47.988704], [3.093691, 47.957536], [3.085012, 47.948758], [3.075871, 47.9441], [3.054931, 47.935783], [3.044978, 47.929938], [3.029157, 47.916502], [3.021247, 47.911129], [3.012546, 47.908855], [2.999231, 47.90958], [2.994572, 47.907262], [2.992199, 47.899868], [2.996286, 47.874907], [3.000461, 47.864932], [3.010239, 47.853825], [3.012107, 47.847233], [3.007141, 47.839147], [3.002021, 47.833621], [2.998923, 47.829018], [2.997517, 47.823019], [3.0, 47.815483], [3.001252, 47.808605], [3.0, 47.801222], [2.992353, 47.792378], [2.982575, 47.78783], [2.950341, 47.779096], [2.918195, 47.765044], [2.908901, 47.763078], [2.899738, 47.762671], [2.880798, 47.76355], [2.860319, 47.761891], [2.850871, 47.759441], [2.842807, 47.755871], [2.835974, 47.750674], [2.834897, 47.749125], [2.831953, 47.739358], [2.830876, 47.730108], [2.832722, 47.722099], [2.836897, 47.71587], [2.847312, 47.710937], [2.856606, 47.710629], [2.866692, 47.7083], [2.875349, 47.704191], [2.903474, 47.686602], [2.914636, 47.67745], [2.928435, 47.659543], [2.934323, 47.648644], [2.934323, 47.639207], [2.924568, 47.627067], [2.925007, 47.619003], [2.931071, 47.609137], [2.960559, 47.583319], [2.96926, 47.567587], [2.948474, 47.562676], [2.90967, 47.562215], [2.899914, 47.559886], [2.858913, 47.544252], [2.858606, 47.540462], [2.855969, 47.536375], [2.874717, 47.520525], [2.881765, 47.514567], [2.892927, 47.500076], [2.901936, 47.481883], [2.907824, 47.474049], [2.925183, 47.458702], [2.93028, 47.452923], [2.93184, 47.447781], [2.932148, 47.440179], [2.924699, 47.41235], [2.923007, 47.408681], [2.916042, 47.398969], [2.912614, 47.391993], [2.911384, 47.388741], [2.908901, 47.383676], [2.897102, 47.368328], [2.884863, 47.357858], [2.875832, 47.344916], [2.87458, 47.341455], [2.875041, 47.337116], [2.87737, 47.331788], [2.883632, 47.323471], [2.888269, 47.319021], [2.892773, 47.315692], [2.896794, 47.313649], [2.901298, 47.311946], [2.911384, 47.309211], [2.915735, 47.30742], [2.919118, 47.305179], [2.944607, 47.282206], [2.951418, 47.277559], [2.967854, 47.269627], [2.97205, 47.266935], [2.976862, 47.260453], [2.980422, 47.251895], [2.98987, 47.216079], [2.991277, 47.212674], [2.998308, 47.202753], [3.013183, 47.173969], [3.024807, 47.143844], [3.026828, 47.140142], [3.033486, 47.12219], [3.034431, 47.114851], [3.034255, 47.106864], [3.031618, 47.091802], [3.030849, 47.083277], [3.031618, 47.075839], [3.03643, 47.068709], [3.041242, 47.065039], [3.060512, 47.053789], [3.063786, 47.051131], [3.066423, 47.048494], [3.068423, 47.045506], [3.070598, 47.026565], [3.070752, 47.001209], [3.074004, 46.989431], [3.075388, 46.981422], [3.075564, 46.973952], [3.072751, 46.963262], [3.064226, 46.940542], [3.055876, 46.922975], [3.05447, 46.918537], [3.054162, 46.913263], [3.056645, 46.905177], [3.058952, 46.900398], [3.069499, 46.884886], [3.071059, 46.881326], [3.072312, 46.87781], [3.073235, 46.870318], [3.069983, 46.862979], [3.063918, 46.852926], [3.040319, 46.823054], [3.0352, 46.81487], [3.034255, 46.812079], [3.029773, 46.790942]]]}, "properties": {"source": "https://simplemaps.com", "id": "FRCVL", "name": "Centre Val de Loire"}}, {"type": "Feature", "id": 13, "geometry": {"type": "Polygon", "coordinates": [[[1.698054, 49.230664], [1.712534, 49.221513], [1.715478, 49.214185], [1.718576, 49.203561], [1.725388, 49.195805], [1.737495, 49.189455], [1.748964, 49.187126], [1.760127, 49.185939], [1.792119, 49.185862], [1.838986, 49.175447], [1.86799, 49.172767], [1.8857, 49.167801], [1.920417, 49.173953], [1.967614, 49.174931], [1.987522, 49.177469], [2.002067, 49.182446], [2.04476, 49.203616], [2.057175, 49.208516], [2.071589, 49.211933], [2.081037, 49.210691], [2.088947, 49.206352], [2.095935, 49.200617], [2.108679, 49.194256], [2.134563, 49.184961], [2.149768, 49.185478], [2.17385, 49.181962], [2.23779, 49.163099], [2.252973, 49.161396], [2.266508, 49.161857], [2.30061, 49.176381], [2.318737, 49.179578], [2.334931, 49.176381], [2.509196, 49.112562], [2.518776, 49.112243], [2.535695, 49.117824], [2.54343, 49.115033], [2.549231, 49.110134], [2.553274, 49.104553], [2.562107, 49.096071], [2.583332, 49.084546], [2.626486, 49.097829], [2.650986, 49.094104], [2.66885, 49.081448], [2.680627, 49.075768], [2.691042, 49.075922], [2.712114, 49.082096], [2.720837, 49.080075], [2.730461, 49.073362], [2.735427, 49.071011], [2.745798, 49.067858], [2.75573, 49.067803], [2.763464, 49.07044], [2.768737, 49.074109], [2.774077, 49.079635], [2.784931, 49.08548], [2.794709, 49.086667], [2.804465, 49.085897], [2.859397, 49.075043], [2.937927, 49.084546], [2.953593, 49.088941], [2.963833, 49.086359], [2.978554, 49.078141], [2.986618, 49.078866], [3.002329, 49.088172], [3.016281, 49.092094], [3.029773, 49.093072], [3.045285, 49.092303], [3.056316, 49.095401], [3.079738, 49.1062], [3.140866, 49.093149], [3.149084, 49.087051], [3.159016, 49.078141], [3.174089, 49.055663], [3.175649, 49.046105], [3.172397, 49.036185], [3.1682, 49.02967], [3.165564, 49.023726], [3.165739, 49.019046], [3.169145, 49.010345], [3.175957, 49.004346], [3.319944, 48.919905], [3.331919, 48.917433], [3.348354, 48.923783], [3.356418, 48.924739], [3.36323, 48.920477], [3.367273, 48.91484], [3.371294, 48.899493], [3.372854, 48.887276], [3.374568, 48.880475], [3.383093, 48.870763], [3.418645, 48.852856], [3.435212, 48.848384], [3.449538, 48.846945], [3.477905, 48.850098], [3.475268, 48.828807], [3.471555, 48.823302], [3.463952, 48.817172], [3.454504, 48.815414], [3.420798, 48.815854], [3.409328, 48.81314], [3.406384, 48.808647], [3.410559, 48.803582], [3.424665, 48.795727], [3.42561, 48.790486], [3.418469, 48.785235], [3.405769, 48.777742], [3.398781, 48.770151], [3.394914, 48.760153], [3.395529, 48.753869], [3.397243, 48.751034], [3.398781, 48.750177], [3.404362, 48.749584], [3.415832, 48.750672], [3.42049, 48.750353], [3.422973, 48.748958], [3.425918, 48.746123], [3.430883, 48.73896], [3.438332, 48.733972], [3.44644, 48.73005], [3.451252, 48.724359], [3.453889, 48.717955], [3.455427, 48.712066], [3.461623, 48.695993], [3.463337, 48.685611], [3.454965, 48.662254], [3.456218, 48.650059], [3.459294, 48.642401], [3.46738, 48.638787], [3.476828, 48.639248], [3.495285, 48.643698], [3.501218, 48.643643], [3.508205, 48.641709], [3.515324, 48.63347], [3.537802, 48.61342], [3.493571, 48.587734], [3.476345, 48.56965], [3.468764, 48.551918], [3.461316, 48.5398], [3.451384, 48.533296], [3.439101, 48.530528], [3.426994, 48.530319], [3.41135, 48.527583], [3.405923, 48.524716], [3.404055, 48.519311], [3.408559, 48.513158], [3.419568, 48.501799], [3.420644, 48.498491], [3.417854, 48.493108], [3.396628, 48.481067], [3.391047, 48.474453], [3.389487, 48.467895], [3.400495, 48.453448], [3.401111, 48.44958], [3.400341, 48.445054], [3.394607, 48.432596], [3.391816, 48.421104], [3.395376, 48.411744], [3.369734, 48.393089], [3.355012, 48.374313], [3.346355, 48.371468], [3.336731, 48.372061], [3.317439, 48.376939], [3.307837, 48.377873], [3.206499, 48.366172], [3.190832, 48.36682], [3.179538, 48.369963], [3.130627, 48.372347], [3.12041, 48.371259], [3.111731, 48.36904], [3.106303, 48.366634], [3.098657, 48.361909], [3.092439, 48.360877], [3.042341, 48.361756], [3.035815, 48.358185], [3.031794, 48.354494], [3.028982, 48.347023], [3.026652, 48.337872], [3.024345, 48.332345], [3.019226, 48.326556], [3.01549, 48.320612], [3.013183, 48.314152], [3.012414, 48.307648], [3.012414, 48.300672], [3.013491, 48.294135], [3.01582, 48.287258], [3.020632, 48.280666], [3.026521, 48.274524], [3.029926, 48.268317], [3.027905, 48.262044], [3.023576, 48.256595], [3.01738, 48.250651], [3.016281, 48.2493], [3.007602, 48.235896], [3.002329, 48.229305], [2.990485, 48.221241], [2.958559, 48.210705], [2.947397, 48.205376], [2.940564, 48.199543], [2.936806, 48.193907], [2.93261, 48.18202], [2.929973, 48.169649], [2.925644, 48.155927], [2.825119, 48.131482], [2.811123, 48.130812], [2.795456, 48.13324], [2.795149, 48.139228], [2.798884, 48.145589], [2.803235, 48.151433], [2.800598, 48.156597], [2.788337, 48.159959], [2.761157, 48.158278], [2.745798, 48.154422], [2.735888, 48.148149], [2.728286, 48.141139], [2.718684, 48.133965], [2.698469, 48.125385], [2.684824, 48.122594], [2.548, 48.130109], [2.531828, 48.128791], [2.49632, 48.12177], [2.48184, 48.121661], [2.466811, 48.124319], [2.457341, 48.128846], [2.450529, 48.134141], [2.449299, 48.140063], [2.450837, 48.146621], [2.455649, 48.152334], [2.463537, 48.156388], [2.472546, 48.156905], [2.497551, 48.152928], [2.502033, 48.153752], [2.507483, 48.157212], [2.508867, 48.16264], [2.50623, 48.168407], [2.500649, 48.176493], [2.500034, 48.178328], [2.500188, 48.181196], [2.511042, 48.193489], [2.513371, 48.199828], [2.513679, 48.206618], [2.50623, 48.215253], [2.4932, 48.224701], [2.436884, 48.249816], [2.435632, 48.251475], [2.433786, 48.254628], [2.420075, 48.292146], [2.414494, 48.300979], [2.399465, 48.314515], [2.390661, 48.313602], [2.390584, 48.313594], [2.360354, 48.310461], [2.315969, 48.328006], [2.305422, 48.327127], [2.299226, 48.323051], [2.292854, 48.316173], [2.28156, 48.310614], [2.255918, 48.305605], [2.243986, 48.308472], [2.23779, 48.313174], [2.235901, 48.319458], [2.230495, 48.326303], [2.221486, 48.3324], [2.207644, 48.339069], [2.197712, 48.338707], [2.190593, 48.334565], [2.182067, 48.321337], [2.17664, 48.315394], [2.1675, 48.309692], [2.133508, 48.299068], [1.988444, 48.276744], [1.972273, 48.284236], [1.970713, 48.289092], [1.971657, 48.294937], [1.976909, 48.300155], [1.9855, 48.305912], [1.999738, 48.319942], [1.998684, 48.325523], [1.995564, 48.329148], [1.977238, 48.335916], [1.968076, 48.346562], [1.963132, 48.359273], [1.958166, 48.38252], [1.950717, 48.392935], [1.941731, 48.400065], [1.932414, 48.405009], [1.923054, 48.413062], [1.919978, 48.421104], [1.91934, 48.444483], [1.911145, 48.44924], [1.875153, 48.44412], [1.849687, 48.45035], [1.800952, 48.467796], [1.784978, 48.476782], [1.773816, 48.485769], [1.764521, 48.499777], [1.763752, 48.501205], [1.762961, 48.508072], [1.764829, 48.522574], [1.764675, 48.528616], [1.763752, 48.535614], [1.761577, 48.543503], [1.757819, 48.552182], [1.748042, 48.56207], [1.736242, 48.568123], [1.717961, 48.575066], [1.709436, 48.581966], [1.705261, 48.588668], [1.703393, 48.603136], [1.698054, 48.611969], [1.6852, 48.619407], [1.634773, 48.642874], [1.620051, 48.653465], [1.61135, 48.663693], [1.602517, 48.68137], [1.594607, 48.686951], [1.578896, 48.692895], [1.576106, 48.698036], [1.575183, 48.703958], [1.578127, 48.710725], [1.583862, 48.717076], [1.599265, 48.73005], [1.604362, 48.737082], [1.606252, 48.745245], [1.606384, 48.748606], [1.605461, 48.750617], [1.576589, 48.761933], [1.570525, 48.76803], [1.567734, 48.772886], [1.566174, 48.783169], [1.566042, 48.78741], [1.566657, 48.792728], [1.567888, 48.798671], [1.573007, 48.813503], [1.575183, 48.822654], [1.575183, 48.831795], [1.570371, 48.845396], [1.562483, 48.854405], [1.54697, 48.868412], [1.492807, 48.939549], [1.487995, 48.951689], [1.486611, 48.957995], [1.487863, 48.965509], [1.488303, 48.973321], [1.482722, 48.97665], [1.474152, 48.978199], [1.464397, 48.978924], [1.456486, 48.981044], [1.451521, 48.986153], [1.45073, 48.99225], [1.452136, 48.99748], [1.45508, 49.005643], [1.455564, 49.009158], [1.455388, 49.014937], [1.453059, 49.021507], [1.443457, 49.035712], [1.444533, 49.042688], [1.454004, 49.048632], [1.581225, 49.068638], [1.619875, 49.082591], [1.668149, 49.19074], [1.698054, 49.230664]]]}, "properties": {"source": "https://simplemaps.com", "id": "FRIDF", "name": "\u00cele de France"}}]}