{"type":"FeatureCollection","bbox":[49.084041910071676,37.19281552315959,203.6537094598051,212.6459472709312],"properties":{"note":"Created with cartogram-cpp v25.10. Coordinates are in a custom projection, not EPSG:4326.","projected":true},"features":[{"type":"Feature","properties":{"CC_1":"NA","COUNTRY":"India","ENGTYPE_1":"UnionTerritory","GID_0":"IND","GID_1":"IND.1_1","HASC_1":"IN.AN","ISO_1":"NA","NAME_1":"AndamanandNicobar","NL_NAME_1":"NA","TYPE_1":"UnionTerritor","VARNAME_1":"Andaman&NicobarIslands|Andama"},"geometry":{"type":"MultiPolygon","coordinates":[[[[192.2899284500179,77.26682946000324],[192.4056452024629,77.25034713786349],[192.32419063532421,77.07297978445467],[192.4495987508836,77.07800977584027],[192.6305876226641,76.57313420932115],[192.53262744594718,76.43210291530711],[192.81200240047704,75.98256237823355],[192.73457493200414,75.30793866230805],[192.86986745920336,74.93773503813823],[192.80533193624981,74.58656272624552],[192.72925541145037,74.65939742446284],[192.65884773559577,74.44788550150366],[192.80809089276394,74.46678723251067],[192.57907733557408,74.29023482013329],[192.59561575791085,74.06700434984973],[192.0760231058072,74.61122839418613],[192.50390404690535,74.12398474499058],[191.91965714448858,74.23679930166341],[191.87510785704507,74.4333333436879],[191.90670381328792,74.23737769888103],[192.1132050530309,74.1827720336644],[192.5247888422358,73.62050709099867],[192.43493276579406,73.66443624642643],[192.53330575641826,73.56074015632761],[192.18259047926705,73.39489776879525],[191.83211350910645,73.48486113795373],[191.74894075648717,73.32833233998966],[191.43123823391167,73.50435796857157],[191.35043722338233,75.2059399893599],[191.2269382402994,75.31784951022058],[191.32722809261006,75.27180287103796],[191.37357453963045,75.50200975799936],[191.43309372149008,75.39880115857052],[191.57296024252224,75.6845891194168],[191.70756392263374,75.66790909857745],[191.76527304001132,75.36402176492776],[191.7469656903264,75.9230021850723],[191.65950579045278,75.6970844258406],[191.45739657208938,75.70160040210772],[191.37792930909234,76.70953391911982],[191.42212879848034,76.5560724045268],[191.52697596500613,76.8708327370137],[191.67659143409196,76.56547984191383],[191.5844679931332,76.89926015925636],[191.6482769187253,76.80477859346145],[191.68729765393465,77.07101327581786],[191.97353784874522,76.99308240274763],[192.2899284500179,77.26682946000324]]]]}},{"type":"Feature","properties":{"CC_1":"NA","COUNTRY":"India","ENGTYPE_1":"State","GID_0":"IND","GID_1":"IND.2_1","HASC_1":"IN.AP","ISO_1":"IN-AP","NAME_1":"AndhraPradesh","NL_NAME_1":"NA","TYPE_1":"State","VARNAME_1":"NA"},"geometry":{"type":"MultiPolygon","coordinates":[[[[109.92344719688074,83.20440348444563],[109.69389973494565,83.23327466444337],[109.5547290252348,82.94834461932241],[109.290535818627,82.9885521175287],[108.93993239208393,82.7470546556166],[109.04874827620725,82.44917059862138],[108.89985835975506,82.43021849512485],[108.19073444525985,81.17357779324163],[107.88321864523249,80.92123365824621],[107.74182417957735,80.37016922342688],[107.5647403085867,80.29222702145373],[107.43368368543628,80.77730663739122],[107.45874064156247,80.40193310527408],[107.05334522857791,80.06143085487369],[106.90206297210176,79.57235907286946],[106.31029740767963,79.49014839543531],[105.59957710393773,80.15871055734372],[105.51537470449462,79.96416548170558],[105.2752521623538,80.0235400967619],[105.5398398786834,80.23800586300645],[105.64082426983325,80.40522871266232],[105.66541454767345,80.7037151883961],[106.04892231991386,81.61908239919674],[106.47727393552393,81.67461170956601],[106.93578833713386,82.20794313303065],[107.099778484029,82.05794302299722],[107.51236506145368,82.14611563620296],[107.54187116748803,81.87252509572643],[107.63965122641345,82.12203666148372],[107.45718453442319,82.25846910234517],[107.56108635799849,82.50861311240133],[107.79978257721876,82.51236988285177],[107.8987696307255,82.88317666197734],[108.31993073635722,83.05125493658679],[108.57982028990345,83.31969214660054],[108.4901959258791,83.42386187086194],[108.96716804309887,83.6719537115197],[108.82887055902364,83.81635680624234],[109.04047907255666,83.92868572052363],[109.10538968198179,84.43037811410412],[108.8041142392135,84.16857360472773],[108.56162995889554,84.41307897618947],[108.02226908402935,84.3272155396944],[107.93558936856235,84.46620037517064],[108.1077375045876,84.48880619223429],[107.85987845243818,84.5309438842541],[108.45677650393299,85.80671084611923],[107.39208337561357,85.73239183286283],[107.05097301531369,85.52305229192528],[107.2155418363232,85.86085825588505],[107.01635961459704,86.00470299832601],[106.50093945328919,85.86321433830325],[106.47587279494202,86.13863530517219],[106.74147950640675,86.15507322050706],[106.6847108987803,86.40612462981701],[106.97263183081158,86.67450514656998],[107.01505695846396,87.08007292447779],[106.64132244366199,87.20805189425151],[106.56499725495887,87.01879099487942],[106.23363619596198,87.02035599280185],[105.90020793098492,86.75536758670864],[105.98269668517499,87.0836381407978],[106.23675310414167,87.18746727239288],[106.327486594742,87.48685798730739],[105.8623628167975,87.16753538110339],[105.69743024081454,87.321667191173],[105.24855747916187,87.29292662892337],[105.19106255164755,86.89366242142073],[104.81452979221295,86.72187073106063],[104.78882378195213,86.59759786977605],[104.2794252884544,86.42945720085538],[104.1291914344857,86.10941693296913],[104.09584376578472,86.25815561689467],[103.85208412747127,86.18787191293951],[103.95060346149396,86.33007985443882],[103.48311007059155,86.17090526723379],[103.62578027710911,86.07695278855974],[103.35327189456338,86.09676904849997],[103.01776545389693,85.92318076083697],[102.77136362889892,86.00946216848007],[102.71362868240644,85.74453796197585],[102.45066774466487,85.8018650053345],[102.42396444191522,85.67515396456677],[102.16276427885886,85.61123252778118],[102.48147985802528,86.29160006262347],[102.10252869705478,86.22890085066305],[102.30299388047223,86.45047911227611],[101.4619010910523,86.2392233881324],[101.42603831052745,86.39234561615595],[100.94429272959987,86.20843184166964],[100.98020948313656,86.49384819320841],[100.65671941831818,86.25916096654102],[100.67613224410835,86.36900922327655],[100.39997240796086,86.2107621988634],[100.53459995226723,86.52617994392278],[100.2917426529386,86.1653784153797],[99.97272401812592,86.05938968922561],[100.2118893797902,85.96106418259687],[100.10823583770132,85.59673512628014],[99.4019974723886,85.35634732310989],[98.99853250109237,85.4392083538632],[98.85793013588632,85.21561725794568],[98.69084280543308,85.605059475783],[99.42774226973229,86.19364126446912],[99.24025296386118,86.58946148266796],[98.83277746703357,86.71764966444292],[99.2129541173728,86.95046715545968],[98.9502210497532,87.27641481730062],[98.6469857563597,87.2219645506421],[98.73032273109521,87.37064396935584],[99.11381808035622,87.49211970289852],[99.14997562750628,87.60090533056264],[99.75271186218751,87.64287531677905],[99.62370847105261,87.04076365697313],[100.36360947176928,87.12972535471577],[100.51415326695755,86.89563004731055],[101.51342344080888,87.28094575560712],[101.47906163658389,87.17173364667057],[101.83597100643527,87.32683939185533],[102.06153295990657,87.15397536529973],[101.83519686547247,86.6723656038764],[102.14230075663235,86.64754675842622],[102.48363914354138,86.86347692654283],[102.38622530757584,86.98163941669605],[102.56650027177868,87.0535028506577],[102.57370279756363,87.22623810066143],[102.20530711010541,87.11466025717506],[102.3474643898983,87.3376804683619],[101.93158353774662,87.33575271190644],[102.62333886982451,87.95548283444691],[102.22965032441317,87.76653252791814],[102.65575152280657,88.17700722953185],[103.45851560815998,88.23863336016659],[103.49992807872788,88.80600202402604],[103.14686287893714,88.79190937950113],[103.15402791578286,88.94285354749688],[102.79373551475067,88.96042451517225],[102.61695030104623,88.81433243075935],[102.88002821548456,88.3957008689779],[102.62779257209746,88.29361729269148],[102.48387375998726,88.62281732824545],[101.86498010656715,88.53261713003167],[101.90620109304231,88.79474888246342],[101.2358110583878,88.58562270508487],[101.09747063084178,88.61412804167337],[101.05312789199797,88.6232649564453],[100.81118476894241,88.60312631749125],[100.77100732618523,88.58555793080373],[100.741051495608,88.56398634633666],[100.45361556431136,87.9667840333714],[100.0363708018299,88.00605678899932],[99.15839067569492,87.83781479118682],[99.08069136106673,87.970474394143],[99.27799911348161,88.07620619208319],[98.77464253713568,88.25298140274285],[99.0790159634642,88.62270509316409],[99.2935674154682,88.5994004840233],[99.58524504432266,89.02044648633863],[98.7731456984087,88.81758429251991],[97.9797155903432,89.27367755703919],[98.34426074467494,89.98067735379776],[98.22800648894311,90.1712895568217],[98.76102126720224,90.37241138796509],[98.9827899048223,91.1728448599269],[98.6916717783811,91.05756833890464],[98.15566812695474,91.11753468087008],[98.38964902801848,91.31376126896977],[98.30430668450416,91.47593200244428],[98.52571553172749,91.68427786797596],[99.11188967113063,91.50103616277548],[99.91889393405908,91.56614911406686],[100.43606125104667,91.75432116700429],[100.37787723783362,91.63160448184834],[100.67052267889451,91.66299872763877],[101.31477101391896,92.38585963231114],[101.20032013174698,92.44684976846044],[101.42460954763921,92.5758317031564],[101.3881295366004,92.68593151156533],[101.11137039898185,92.76351230222303],[101.47520960166766,92.9521961315992],[101.10489563234125,93.07679177233999],[101.08171446844753,93.24030511157125],[100.70333807960756,93.1601109436601],[100.49928515557289,93.64641272455005],[100.1060940025827,93.9129743234763],[100.53056092107208,93.93892499436252],[100.62920268990166,94.54735490915675],[101.04758910364258,94.68529431814672],[101.3037790725031,94.5946063574232],[101.39213058874151,94.7573161649486],[101.02656532830878,94.85231802752783],[101.04728987520838,94.99082154053616],[100.82115722868333,94.97803793684561],[101.00934693466432,95.49852845067468],[100.68946783451034,95.4946493790719],[101.16113832431009,95.99428311243604],[101.27002915941634,96.05670272165487],[101.38731119751876,96.11169540455948],[102.53448130850407,96.47796391368658],[104.42257720006387,96.50593652833389],[104.57173845602635,96.49192088499696],[104.62900222475938,96.49215767452479],[104.84632591766575,96.49274139679163],[106.41676118214913,96.374683806891],[107.05695222395345,96.64861374777063],[107.81249573759222,96.55906765487674],[108.02484862203134,96.849930381174],[108.22400046577128,96.54299701054966],[108.52534866012421,96.49199683295495],[108.9154057428156,96.68588282271955],[109.0536255092972,97.01062501680188],[109.47053229058574,97.26078270007775],[109.62989551225445,97.87255536751165],[110.07560725806857,97.97765437720369],[110.72369640288824,98.41147157634339],[111.75597436850278,98.45962293732981],[112.08641916337078,98.76427112800982],[112.60811959176638,98.53778106929477],[113.18149365605544,98.57026035954762],[113.64290406484912,99.1153377834603],[113.632973555442,99.4589018040767],[113.83253319584468,99.51901647879545],[114.04398339977801,99.24093906180256],[114.19318729937652,99.42612663658396],[114.14851409404045,99.82968324263526],[114.26800478821843,99.92896340342882],[114.41801792977317,100.0279043840427],[114.49362529653845,100.07777112859492],[114.71613489999697,100.20296540083035],[116.04486880797366,100.60301690192566],[116.16663641209642,100.75301770745263],[116.32611118025864,102.2327351182457],[116.63195589268972,102.7321801650608],[117.64141399018972,103.14323837222356],[117.81114136199668,103.34956240148065],[119.08410660308607,104.03335235270005],[119.91425465787131,104.68363063076166],[120.10661656873403,104.50481267397308],[120.42623448321339,104.64973721626663],[120.63284285238993,104.34875516792042],[120.97886169626321,104.48098593698842],[121.59218844283588,105.29347413460985],[121.7371528512135,105.80477661841124],[121.33314362214034,106.01610152525036],[121.73264134095457,106.82393977903172],[121.90817981645338,106.86376631611861],[121.94171183101312,107.03599883299485],[122.15382069245858,107.08780518383794],[122.41907824497123,107.56756927647284],[122.48513409476888,107.37514350027648],[122.76320903074146,107.44363604145047],[122.9171182237073,106.49833736086543],[123.08284207068417,106.41988225566516],[123.12697195961876,106.11225581888468],[123.26450531762944,106.42229209118827],[123.53963857486605,106.04281872885443],[123.58301293653474,106.01358605457726],[123.59575377680258,106.00499921158428],[123.61377381770494,105.97028712168915],[123.93512097686411,105.94709179322541],[124.14011299596606,106.17199871304784],[123.94676238912425,106.34772659769953],[124.1557123069877,107.16860636790061],[123.75360448277371,107.23477471196884],[123.71425563887689,107.00556645109437],[123.1699459548651,107.26756365130574],[123.32247448620919,107.53221115676352],[123.34099970424064,107.61648339255174],[123.27571903577743,107.90672472663962],[123.39360390657541,108.07564985081879],[123.60268379411907,107.69446886236011],[123.89313392152268,108.41889934974839],[124.20192924437352,108.70937970645727],[124.59641990708587,108.43444626205289],[124.47493770640156,108.19532102116133],[124.70470903928006,108.32085398099794],[125.33487088294355,108.15681673984088],[125.58793297996004,109.0952520492427],[125.77889422006187,109.13851530476927],[125.78219295335012,109.5420685795328],[126.30932693954603,109.5615807227701],[126.4184976222204,109.78508184725327],[126.94848817621002,110.04925521897354],[127.13665822707922,110.7791918072106],[127.47320754951086,110.80219138302044],[127.70842068489007,111.25251691843516],[127.77381292638232,111.3756584874126],[127.77753840514741,111.38267401845812],[127.80389296775954,111.39955367168048],[127.96326906633129,111.18331128452508],[128.1593090235732,111.25923680601568],[128.5566051050901,111.97880996438792],[128.73823552915647,112.91677573562029],[128.65704856645507,113.02781802406112],[128.99114325493483,114.0589363067319],[129.77229715969392,114.90561284754536],[129.64796743618933,115.2277005871032],[129.79856411842314,115.51886592343504],[130.14354908158032,115.75218234202407],[130.19441185227907,115.8310041968651],[130.5831230892979,116.32767871764219],[131.07260797701915,116.16486912403148],[131.18497291841547,115.91597375429814],[131.53073765569695,115.73740482354174],[131.45944911343463,116.05636659968896],[131.5999449553184,116.21201649380461],[131.67233395738072,116.09486223275002],[131.68729520076533,116.11409751152195],[131.70431405278845,116.12264400786079],[131.6891757149745,116.71286387648817],[131.79840999824452,116.58777343054929],[131.5791927034887,117.06538436490987],[131.68019275643263,117.49800292598201],[131.8771514508525,117.72561388060818],[131.6635603428059,117.8226932044106],[131.83391803259087,118.15072256317168],[131.7417707500645,118.40240492074363],[132.1262283764538,119.15804486656518],[132.3136323760606,118.92315452884617],[132.35501203512786,118.47418263075521],[132.4408709648268,118.48432704202537],[132.37787265287645,118.18971318270582],[132.60777428653861,118.04949956237556],[132.58722755579703,117.41600200834122],[132.82497829853673,117.1291313023422],[132.88688763822594,117.48887973759133],[133.32949066052032,117.81064261376483],[133.25557354090546,118.23376931778299],[133.4005894139283,118.29603775186524],[133.51891984471405,118.08006856601736],[133.6476915665881,118.06448986163059],[133.80851285441935,117.66403362447596],[134.11164854929376,117.55748558925299],[134.24563124524823,117.69109820645369],[134.34303012734077,117.5701203897775],[134.4074250662473,117.59012733661444],[134.41322313271897,117.59192874538391],[134.43899879082272,117.65623531862249],[134.37011450120866,117.91423520962039],[134.1684109893049,118.07224830965133],[134.34908281766687,118.58671931184202],[134.21174180445104,118.59498979097458],[134.08881588928406,118.81415623198998],[134.17971389549015,118.91656165395621],[134.00717171145712,118.98911137021707],[133.9859167225856,119.30331603239756],[134.12291559778558,119.34698612866455],[134.35633815761418,119.9805204107711],[134.6273804695247,119.69787798345999],[134.6577632478323,119.52817355476515],[134.67771820579856,119.8223480048809],[134.85827094940657,119.7045460102685],[134.88641812769777,119.89135180467098],[135.1780402542822,119.87712546803624],[135.1540913927206,120.05494461744763],[135.2136774046705,119.96633190008416],[135.33100859826337,120.15936238621832],[135.04574096613726,120.7246929633431],[135.1697761761318,120.6143930519186],[135.03224811313953,120.87890743931301],[135.02810416832094,120.63580507880624],[134.89175823138498,121.12654652038727],[135.05572232092604,121.20236117184533],[135.23398950757752,121.04502675281154],[135.43568178739224,120.65548115892199],[135.37154593948424,121.01318508400587],[135.46859910922655,120.98216807696187],[135.43493288565998,121.48316003007096],[135.59745864668915,121.08697576329794],[135.52094532953663,121.12719743354475],[135.67727518596485,120.93782385202418],[135.71415258848234,121.37461123263046],[135.74308465969693,121.19875650196214],[135.89151310135583,121.37276558503743],[135.9159398795801,121.7691214690827],[136.41242948799822,120.72654394172602],[136.37226920760537,120.57749834519163],[136.77586052530995,119.98257660935502],[136.5205727923298,120.52334133872708],[136.68678282032792,120.61617423698416],[137.34193728988276,119.20451110083047],[137.9236553946696,119.00450674835434],[138.14036318624892,118.63271172520281],[138.3790579912038,118.53726652852498],[138.49821002874907,118.66042072016637],[139.10409744321697,118.49213971141181],[139.2109392152604,118.66017356499756],[139.11924065246947,119.01763265864528],[139.24308392903276,118.88559860620822],[139.16353693635702,119.10306862852404],[139.30785917869318,118.97484495374012],[139.20556517147236,119.16876764854777],[139.3985577946175,119.09453029261816],[139.4334598880654,119.52254368978069],[139.27455190404476,119.85452223115011],[139.54460621563916,119.5740205268904],[139.53886222898842,119.73647550557644],[139.87764015585643,119.97527553345445],[139.98718671492415,119.63032661881299],[140.03832446524356,119.85889896639631],[140.24456756110743,119.87420503022611],[139.87013662639598,120.33955498751452],[140.16225764080855,120.24003473581264],[140.1324048231115,120.45988441976074],[140.32526484938086,120.32330816718188],[140.31020486985756,120.21470760674188],[140.30670373001806,120.20816401367398],[140.30028989970413,120.19617663313352],[140.30248707803884,120.18254573703007],[140.33073290761956,120.1086109495835],[140.4315421708758,120.00295156762957],[140.63984653222005,119.78854361489866],[140.12641706892896,118.77058406671343],[140.09495683933258,118.28091739959396],[139.49365247036803,117.0125248962888],[139.5486503093465,117.07072860157929],[138.867978524037,115.98239219816028],[138.89556060347326,115.7845791354161],[137.3927120334904,115.02161453006187],[136.58072366766405,114.04311912321693],[136.11480040763584,112.90216240927887],[135.97370748272726,113.06510141301395],[136.09487392250819,112.85334008163787],[135.86703754810867,112.45015919071956],[133.3016642011847,110.95406029892985],[132.17882517297647,109.67577733982144],[131.5563665085185,108.28633311556105],[131.77103709515816,107.57711601073154],[131.97472772229048,107.68441954143204],[132.0302976941477,108.45909269382493],[131.91244912371133,108.70162284955154],[132.04580115233063,108.52132536075797],[132.04611374743962,108.0507975625789],[131.84905576211366,106.79079542666997],[131.6567217599466,106.62045925979889],[131.6565286210047,106.8199362099725],[131.30577989200802,106.64306976242682],[131.306124971439,106.8983657854281],[131.1052803197851,106.69062822564185],[131.46423249585874,106.4295706820577],[131.448515509655,106.07460628383026],[131.58478415214796,105.81178268679075],[131.46359546717997,105.72418740340122],[131.59223606512978,105.76381252312783],[131.45969102110962,105.46734846857453],[131.635469350526,105.50959251736025],[128.92209377376486,103.42960746473075],[128.14358032504887,103.71018913525786],[127.51435463909745,103.50914208853038],[127.42794617589189,103.61977224252331],[127.34642309167717,103.59264343367475],[127.24594577532139,103.35589560221116],[127.41353111308527,103.60313348662957],[127.46351560300226,103.47619977854052],[126.86049408687033,102.92193719566548],[126.18183350482352,100.82569121993488],[126.18390547172174,100.49003306076982],[125.41105485540557,99.22085053587841],[125.47083360252896,98.83373329120892],[125.11738850499646,98.40138484193255],[124.58041848527307,98.28399148285035],[124.43438350769571,98.85952702258642],[124.55273123033345,98.48109270023916],[124.57463249148162,99.05966345629933],[124.42753249641032,99.41746343884547],[124.03997078384195,99.48492522984745],[122.20790703484424,98.50272623649981],[121.77879627304031,98.00767453214256],[121.29797117013294,96.82622697165037],[120.4293671059907,95.68071726555567],[120.52667747245708,95.64512381008805],[120.31153451311063,94.92778648227461],[120.14713883875393,95.03491992511577],[120.30103119392044,94.88520447207163],[120.06150240496852,94.35571359855689],[120.0139337455524,92.7036035329787],[119.88410615273958,92.73145432287481],[120.0633518112158,92.68674945855047],[120.43762107297006,91.36638252463248],[119.68309543351974,88.66236510439184],[119.9659004354719,87.67117301957055],[119.86426049243087,88.03617640892321],[120.53968266312592,86.40893263262659],[120.47903884075279,85.71061168350546],[120.76176874364334,84.96456542911096],[119.82965454088566,86.19863447648163],[119.93320283953017,85.45391274550394],[119.73649681899425,85.67877670739065],[119.78519059796974,85.77628560459678],[119.75531501995204,85.67521976429002],[119.82620466562419,85.84375188855164],[119.68865981479081,86.11983345935542],[119.69389438660193,85.76550801604873],[119.48570722840284,85.81922267904366],[119.62360801178441,85.73567533611043],[119.27607452531424,85.4324051337181],[119.8663835219077,84.79554386005847],[119.8615654704607,84.75982476786619],[119.76092491084987,84.79285789537425],[119.7408389649814,84.7991533080868],[119.72057899934043,84.81736108858428],[119.70204178412314,84.83402062057425],[119.69826272605941,84.83741688791898],[119.62138265576823,84.96100546997236],[118.78087804199862,85.135310435978],[119.19862731917102,84.7779009816791],[118.57909551042238,84.69258607381731],[118.60645170496132,84.4727174314552],[118.37703503157194,84.46680691388362],[118.51313165563758,84.2617210465663],[118.3225080906495,84.00542359502217],[117.1772689967037,83.84071652173532],[116.97829358181052,83.99244354067099],[116.72883498027478,83.83544571002034],[117.20930878013533,83.44257213757996],[116.91228972576812,83.33812177023222],[116.71192976431259,83.53300449805465],[116.47227373203788,83.46899572145767],[116.50069617768357,83.65665101747014],[116.34911034357155,83.61988227931678],[116.3158888485464,83.94600931829088],[115.62648131035581,83.79362509415432],[115.51290881945937,84.15715918245776],[115.03280404168962,84.25373916572022],[114.80321901983808,84.24990194944863],[114.52258727524617,84.15109064374958],[114.79226494033321,84.04498624401435],[114.64432123099132,83.61777644372],[114.85590481396021,83.70785203328282],[114.69669738432933,83.47192722819098],[114.1956752925584,83.34713645115676],[114.1984742130999,83.1533491134925],[113.76331638699577,83.03652218789577],[113.49308033354346,83.36583254324592],[112.80842316102695,82.95383392056317],[112.7582254207862,82.75635038503154],[112.06759051419998,82.84963704172627],[111.56956502736864,83.26414388181587],[111.12409071363987,83.28118135924254],[110.93527304907892,83.12902352770757],[111.14703853057716,83.02343312209325],[110.83483744330599,83.05960451106608],[110.94116569924715,83.38588714947052],[110.19072336159724,83.28082391599551],[110.0258195723093,83.2256755520482],[110.00218406847638,83.22056143160515],[109.92344719688074,83.20440348444563]]]]}},{"type":"Feature","properties":{"CC_1":"NA","COUNTRY":"India","ENGTYPE_1":"State","GID_0":"IND","GID_1":"IND.3_1","HASC_1":"IN.AR","ISO_1":"IN-AR","NAME_1":"ArunachalPradesh","NL_NAME_1":"NA","TYPE_1":"State","VARNAME_1":"AgencedelaFrontièreduNord-E"},"geometry":{"type":"MultiPolygon","coordinates":[[[[199.76508697848857,167.3369084467089],[199.97917108342116,167.43422469213976],[200.03854285570964,167.58325083637502],[200.20293574486317,167.7051888450552],[200.33976362359385,167.68537003326313],[200.78293189204123,167.8388124848494],[200.82886155335171,167.8106277024125],[200.98777259112745,167.94630131307585],[200.99829817322436,167.95607192311618],[200.92047511596007,168.02977805646887],[200.84532192549818,167.98220092451422],[200.84741378027115,168.0301260705048],[200.81511607862177,168.00620105201222],[200.85848812853308,168.1618016405408],[200.7661225437756,168.25589620916006],[200.7538136514122,168.35705535181813],[201.05233865630802,168.59482618350836],[200.5595793691902,168.56352694914852],[200.18571912634792,168.43511853980482],[200.05903986791566,168.4574189077688],[199.31630075776675,168.27078980638245],[199.17526324731892,168.23445006005386],[199.17332545639147,168.23395076854976],[199.0838270309109,168.20781080765317],[198.80693142328718,168.09405522088446],[197.87256686326788,167.90638616957241],[197.8441784677634,167.96346298904731],[197.4072270558156,167.96274618379493],[197.39776437501666,168.00592284147956],[197.25528875975982,167.98988629652592],[197.2504967606165,167.91774049429068],[196.10375037223577,167.79898131858664],[195.5679248690586,167.62267278787448],[195.57787655740705,167.56575733299468],[195.22498691109053,167.36504003134888],[193.93517518872588,167.24671314862826],[193.7744271806185,167.39165256479438],[193.19444351900273,167.40002695163258],[193.02088601874098,167.2756632510038],[192.09112931803264,167.00491647386778],[191.4357601820729,166.81253887804186],[191.1081396659831,166.6137895144533],[191.3332306494877,166.89951638172528],[191.30077472420632,167.03394452020493],[191.51805075046445,167.2458799254972],[191.7709741760059,167.38912365609127],[192.05717231524795,167.466692185451],[192.11046718424666,167.56871587997986],[191.6309270013785,167.65398136735672],[189.85892184406723,167.57133083349],[188.21919512194677,167.58442790189875],[188.5825873412186,167.69624420510377],[188.0233345760312,167.913196417859],[187.82373760568413,167.92273771503875],[187.54674239331203,168.03715922396285],[188.79650114832432,167.84481360502372],[189.61542809747314,167.87392399409475],[190.62211222898597,167.8192239159908],[191.481497679494,167.91804773229046],[192.16115515184774,167.872508531528],[193.74901242856652,167.9459172890252],[194.26127261260467,168.05642736097008],[193.72952214860953,168.06333706172944],[193.8068761962609,168.1129607086917],[195.2147773200059,168.2237831000146],[195.18800357856193,168.25869736568112],[195.76386678273033,168.32467554073818],[195.7943199766278,168.4342160254909],[195.57400510663376,168.4522459888763],[195.7539399681546,168.56911028357558],[195.677078577828,168.74459958000773],[195.99335242779597,168.80965796477926],[196.12229733701926,168.78068015337274],[196.14166490816348,168.82172989311624],[196.61993371515038,168.7945601404423],[197.25531252466473,168.88306733306155],[197.44056813559175,168.85113283062293],[197.60821181789254,168.91959173207152],[197.54489610224493,168.97528550747285],[197.93658009038495,169.02294044997893],[197.9383018710691,169.14610556499719],[198.0617200275219,169.21024778623462],[198.32445878918884,169.17714976254248],[198.37103414754358,169.30538348050038],[198.74114092078835,169.26650509985586],[198.69581892564693,169.55788759326197],[199.31633152323872,169.27520401090283],[199.32325190823323,169.2253870989832],[199.74608677960444,169.27947725132196],[199.67776821579156,169.29921786002276],[200.1607569902379,169.34098424312737],[200.15491219208553,169.30571759745715],[200.5131199450979,169.34648837454284],[200.59168828652503,169.45610120289803],[200.67709738769247,169.46117014055312],[200.66859324036662,169.54103360427465],[201.22481934685106,169.979598291364],[201.48767387468712,170.51027173938678],[201.59191877768836,170.23971312586917],[201.56838858678293,170.0973946208861],[201.64232978256524,169.9537427515025],[201.8944216070941,170.35817033413423],[201.9165620990393,170.28982045676776],[201.77270962286912,169.9025971466533],[201.29496589436337,169.5232709985125],[201.332792285903,169.36543664304907],[202.03596575126016,169.88893469408313],[201.84947292794322,169.63119359322945],[201.90726979892327,169.6706773422137],[201.85566965861835,169.53178043338474],[201.90089058072078,169.4171691411259],[201.625143598712,169.21942603043425],[201.6476985934312,169.18287893839752],[201.4824993068731,169.06438729088367],[201.52938307315532,169.0342200857472],[201.42237596660658,168.95400886262564],[201.55399435704447,168.91501821357468],[201.61162597670378,168.98835991772512],[201.8122117621691,169.0596816212383],[201.9195880003544,168.99771019145675],[202.10300682266882,169.05412083551568],[202.2181580402494,169.01656696702972],[202.4995416133701,169.14956999115927],[202.62737335770242,169.10881552409464],[203.10267140859196,169.14840775694677],[203.6537094598051,169.0320911977884],[203.4826088201415,169.05611496954202],[203.18231196370894,168.99074319081245],[203.05202778170957,168.86222008851777],[203.34926364814743,168.85453159138962],[203.30113205673587,168.8295596069814],[203.51785885935385,168.7644498156895],[203.37882027292355,168.75651587087052],[203.24295701880988,168.58111216809235],[202.9332330201674,168.58376783709522],[202.9139030348731,168.64525816272746],[202.67800108078436,168.60270314771674],[202.42757573701223,168.4073423040003],[202.48487508366605,168.3400283717135],[202.2938215181426,168.34637111219416],[202.12441203360703,168.25007203274987],[202.25783404177798,168.14053062101453],[202.24409850664213,168.071441126439],[203.3184966454447,167.30287258462175],[203.27460514511583,167.25953204005478],[202.30582716025202,167.75228043514687],[202.3056492043073,167.84402854787743],[202.08523145328633,167.9710395263451],[201.72722301330953,168.02527294242574],[201.61866707802838,167.941170623107],[201.3603242172616,167.92456138113187],[201.00050072939706,167.75517887596712],[200.85268324860868,167.4857349126441],[200.5933228264426,167.37333994118993],[200.35928342084304,167.08153511028354],[200.29360187550196,167.116439398394],[200.1135288921454,166.9192699355763],[199.99875433369442,166.9148249822426],[199.41072981425103,166.21999905691607],[199.30126562167365,166.21991823711406],[199.28184060951332,166.32032649728626],[199.35842832995894,166.48885192929882],[199.27619870049642,166.61550138821605],[199.36734993713867,166.7177255045218],[199.3585609273387,167.0486430697327],[199.35885412111696,167.05086969325532],[199.36545346670826,167.05676581017048],[199.4579214846967,167.06899784692902],[199.76508697848857,167.3369084467089]],[[201.09080550140837,168.75843602185535],[201.11845643183108,168.75264447698777],[201.0853359970808,168.75991504195426],[201.09080550140837,168.75843602185535]],[[202.12770292613092,168.47228221366487],[202.14248549799365,168.45744261874637],[202.09755636652886,168.50863760762303],[202.12770292613092,168.47228221366487]],[[202.15577578857702,168.44993458749065],[202.16079552491814,168.4485724646566],[202.14248549799365,168.45744261874637],[202.15577578857702,168.44993458749065]],[[202.19054728767395,168.4405003627575],[202.21784138499294,168.43670541380223],[202.17954643293973,168.44348483284688],[202.19054728767395,168.4405003627575]],[[202.33720796972258,168.36714860463348],[202.279601885847,168.43065862720883],[202.28998431196206,168.41761879944022],[202.33720796972258,168.36714860463348]]]]}},{"type":"Feature","properties":{"CC_1":"NA","COUNTRY":"India","ENGTYPE_1":"State","GID_0":"IND","GID_1":"IND.4_1","HASC_1":"IN.AS","ISO_1":"IN-AS","NAME_1":"Assam","NL_NAME_1":"NA","TYPE_1":"State","VARNAME_1":"NA"},"geometry":{"type":"MultiPolygon","coordinates":[[[[190.95560855329126,153.4706666974973],[190.90342544136075,153.39080978378615],[190.87150709914107,153.32142614195578],[190.77006254488313,153.06139448166897],[190.75135363221005,152.68640116685768],[190.7375771397502,152.44824289324336],[190.67094001894444,152.2410619598334],[190.65117921052715,151.99253278525538],[190.63326519579527,151.7480240961765],[190.48747301026975,151.62155049943317],[190.35244562069136,151.04211380748018],[190.2956587417707,151.0863610764354],[190.21606739089322,151.50152051222295],[190.0732338241678,151.45196601702204],[189.9710118650165,151.41764571278645],[189.77890523378005,151.34197952926098],[189.7343833407359,151.94706784134274],[189.72512930911867,151.978186029661],[189.7256179144959,151.98147317168838],[189.72900443498634,152.00445253544618],[189.72668742214086,152.00873083724665],[189.71807662311986,152.02689150468888],[189.48255959003626,152.72583165109654],[189.58315680961147,153.46415257022838],[189.6703586482844,154.13179281110348],[189.60336156514757,154.62342745271616],[189.52133418873538,154.6158580370846],[189.49440494802684,154.97299283615416],[189.71572918598267,155.1079890712221],[190.00447040198267,154.8740364991458],[190.27793954905547,155.12669130959927],[190.2865797882314,155.40656204299253],[190.15468940121337,155.36344047728116],[190.2111467782591,155.42672615343565],[190.12565716303766,155.45002562504777],[190.34682093314493,155.91288559694226],[190.54007494570956,155.91231397957634],[190.5019952792334,156.0114617618447],[190.80774720505877,156.00759810579677],[190.85533708983328,156.0682592749964],[190.9028136117607,156.11159246199114],[190.94447086226057,156.12479015519884],[190.96276352933165,156.14595275860754],[190.96632155684227,156.15006900501558],[190.97940396583226,156.18111776406684],[191.49475362681977,156.37457968667974],[191.3717847268387,156.43820546781205],[191.48506162076484,156.6745297523477],[191.08431303502445,156.8638450389082],[190.91198832977773,156.79522005098542],[190.90653611112285,156.9372433556413],[190.8128543233515,156.8954991029047],[191.19479706481638,157.4582181364864],[190.91212786495504,157.20693560217873],[190.84097655468895,157.40309685351426],[190.67428431389584,157.35490944509465],[190.43751760422577,157.5405579944879],[190.48268686680382,157.69949918296686],[190.2945457080054,157.7649135988011],[189.7846970181185,157.44694251350217],[189.6381814378185,157.2122285137716],[189.63150761149774,157.73801884733396],[189.7688707738546,158.30011808337338],[189.6034452053591,158.21236053547287],[189.60286121135,158.4709702803365],[190.0686127684629,159.48206975514046],[190.04861320851407,159.4877098543744],[190.04721340724274,159.48810461396388],[190.04450317569717,159.4823377995587],[190.03238542919644,159.45648725788675],[190.02170611817746,159.43366939385697],[190.01288252332736,159.39908071577455],[189.65842370506954,159.230606584469],[189.51472357014853,158.8789955424113],[189.1342444447035,158.56075223192045],[188.98524125883915,158.23237263793396],[188.83121971994058,158.729932985732],[188.68178627669366,158.7804997612422],[188.48677721531152,158.1816428357224],[188.53039694612656,157.73402513845573],[188.4228428606008,157.50089162514084],[188.25232177347732,157.5959030140428],[188.26683721092368,157.94069371078191],[188.10589180170993,157.93181457363318],[187.95448090189808,157.3826832883811],[188.04023637750723,157.48163661716868],[187.8735419031516,157.22075325545043],[188.0471941488555,157.31822055902322],[187.99473264159866,157.23230455199032],[187.45862373554513,156.9631488705872],[187.2969780511433,156.65028891547368],[186.9926504685761,156.51640255419045],[186.95621127329858,156.8742079055213],[186.3889557939241,156.6535645645634],[186.4897957239664,156.74710411470573],[186.20134390491427,156.5865127856696],[186.26122082747094,156.80490733090429],[186.0098527205262,156.72844659668166],[185.8374699652489,156.9088280874572],[185.78522193624622,156.74525441270777],[185.59176074983412,156.83855692300378],[185.29604101442004,156.73790699593252],[185.21478230398853,156.57337789794457],[185.0620836507409,156.55098047861986],[185.0348924451486,156.68285984458453],[184.79554625892243,156.6122271480741],[184.63449401654685,156.3871534642378],[184.58833835090277,156.51834597209594],[184.35766745748344,156.57237148256343],[184.22991107325072,156.29194831797736],[184.1791230448107,156.52951236036105],[183.84674741515786,156.74169785703128],[183.71599432337655,156.5823840173029],[183.4923437514644,156.68574265289493],[182.6398274578807,156.3221643051161],[182.13879287596222,156.46820118346227],[181.72771456852692,156.10863557109127],[181.92103285034622,156.03469722890736],[181.52921536208476,155.92636600337016],[181.83908402622717,155.7247335693628],[181.52197816432056,155.6564877556561],[182.64587211281847,155.39337188471615],[182.0115407744753,155.1722262592592],[181.89436884571973,155.33196822745464],[181.4581926138114,155.44660269219406],[180.8103174899324,155.75299865382567],[180.09644125905166,156.09281788797114],[180.40103440879085,156.60456162849542],[179.87760221041367,156.6421101225861],[179.53692333944713,156.74568741130244],[180.03927833140122,156.86018457271348],[179.27259338273961,157.1948684075586],[179.47801826643817,156.98538672946756],[178.51287977396277,157.54531084460288],[178.45762141263614,157.37019496847057],[178.48127875412945,157.52363717456024],[178.07813117250137,157.56259670519717],[178.31943552587583,157.68296601672773],[176.68276431758696,158.71064115175326],[176.35639464381063,158.78558987563582],[176.33190680566702,158.8245012583975],[176.29724514304718,158.83937804569962],[176.20540938765583,158.87879395643262],[176.5584423070058,159.0321574963799],[176.10286285506794,159.08788153531003],[176.39123459981266,159.23116084770993],[175.96088776147997,159.47330119194714],[176.33004944395583,159.39497346435473],[175.94374284244856,159.70836075303706],[176.53140777728217,159.59125196016657],[176.2650176653902,159.844794240251],[176.97640344446413,160.14054983563298],[177.0641741069383,159.98591516757796],[177.42114525796015,160.19927103218592],[177.0282758201972,160.2789719189518],[177.31534598488935,160.71270439967415],[177.2811815871995,160.80643795688928],[177.2580763208,160.84082062109636],[176.91640534600168,161.05653955506287],[176.7944139109099,162.00549581118747],[176.2818106505302,162.6842013255067],[176.16073893928467,162.94629191825837],[177.8754412359813,162.96447411322828],[178.82091045862765,163.32871933088387],[178.65071419783698,163.59521941328526],[178.89070561928304,163.9544544423046],[179.45621995166522,163.83830901373136],[179.80966910955203,164.1702803024219],[180.28731576402316,164.13340520430052],[181.36251378484488,163.4937840997659],[182.56979305700153,163.56301426470444],[183.60173026277565,163.92395863589672],[185.6563164859001,164.1281678168186],[185.97921892371608,164.57329128263189],[186.61655401222163,164.59123964845708],[187.3842232622123,164.61122739671612],[187.87058899788008,165.19204257124414],[188.10544514808623,164.89913820921527],[189.07897838569076,165.34186667272013],[189.82411521639392,166.00990484584688],[190.37042991129115,166.49673313526424],[190.77804653218965,166.32428094001898],[191.1081396659831,166.6137895144533],[191.4357601820729,166.81253887804186],[192.09112931803264,167.00491647386778],[193.02088601874098,167.2756632510038],[193.19444351900273,167.40002695163258],[193.7744271806185,167.39165256479438],[193.93517518872588,167.24671314862826],[195.22498691109053,167.36504003134888],[195.57787655740705,167.56575733299468],[195.5679248690586,167.62267278787448],[196.10375037223577,167.79898131858664],[197.2504967606165,167.91774049429068],[197.25528875975982,167.98988629652592],[197.39776437501666,168.00592284147956],[197.4072270558156,167.96274618379493],[197.8441784677634,167.96346298904731],[197.87256686326788,167.90638616957241],[198.80693142328718,168.09405522088446],[199.0838270309109,168.20781080765317],[199.17526324731892,168.23445006005386],[199.18876126170912,168.2384022691197],[199.31630075776675,168.27078980638245],[200.05903986791566,168.4574189077688],[200.18571912634792,168.43511853980482],[200.5595793691902,168.56352694914852],[201.05233865630802,168.59482618350836],[200.7538136514122,168.35705535181813],[200.7661225437756,168.25589620916006],[200.85848812853308,168.1618016405408],[200.81511607862177,168.00620105201222],[200.84741378027115,168.0301260705048],[200.84532192549818,167.98220092451422],[200.92047511596007,168.02977805646887],[200.99829817322436,167.95607192311618],[200.99477778241425,167.95170358155582],[200.98777259112745,167.94630131307585],[200.82886155335171,167.8106277024125],[200.78293189204123,167.8388124848494],[200.33976362359385,167.68537003326313],[200.20293574486317,167.7051888450552],[200.03854285570964,167.58325083637502],[199.97917108342116,167.43422469213976],[199.76508697848857,167.3369084467089],[199.4579214846967,167.06899784692902],[199.36545346670826,167.05676581017048],[199.3585609273387,167.0486430697327],[199.26198153880176,166.92819934599626],[198.86422390161243,166.61323458328405],[198.65813493969205,166.62450736131785],[198.64017052075903,166.6158504621008],[198.61726648506192,166.6031222325068],[198.48661385445476,166.50397912758535],[198.22316000420244,166.3002494781892],[197.87094138636178,166.20557018066188],[197.478500503446,166.2178314835604],[197.47501142884238,166.2295372505674],[197.46963102445716,166.2475883865534],[196.98100966886483,166.24363691435124],[196.75852453309224,166.01405201867675],[196.81291165143364,165.72046374606828],[196.65165459853714,165.10433134811495],[196.47288879404755,165.69591524158312],[196.32534098175194,165.0231371824853],[196.37680058564843,164.64042176021223],[196.41342621749743,164.3546198501144],[196.31291978658922,164.15333328604513],[196.2715389298655,162.76361451600465],[196.21337351370704,162.4097841976781],[196.0476376614172,162.03032867002193],[195.9240327862181,161.75556498837835],[195.9148025115126,161.56100955124495],[195.7777342312325,161.25825845659938],[195.6604254686367,160.99221012044546],[195.62492249430207,160.91376031344774],[195.5576611752878,160.92045247348392],[195.4057183478358,160.5481265542121],[195.45336157425334,160.99032998576854],[195.4903070528743,161.36404614368632],[195.32268204632862,160.98914341911598],[195.24670291670665,160.82353138623003],[195.24977569806165,160.5746530869681],[195.05649160944537,160.07282786727993],[194.48074992758305,159.18208036946123],[193.73216456606923,158.38246246734346],[194.02492061650932,158.1214005576907],[193.88427619357853,157.70898922724567],[193.85092162786552,157.65438048826593],[193.88032488871752,157.6204493484345],[193.59600145597676,157.31988081110046],[193.0821398832749,156.37896420013746],[192.98237404136827,156.3273006186686],[192.88481048806085,156.13519825713593],[192.52460401034452,155.41673477561352],[192.37798544910467,155.27176083232064],[192.3411943342989,155.33820554132578],[192.03423744950973,154.79872233749248],[191.89759264147253,154.5607244885117],[191.98260605457,154.5421106951619],[191.84069428322465,154.46897528229277],[191.81813677717076,154.41276313265234],[191.72505743520531,154.17196865897284],[191.68765663898796,153.98274618776765],[191.59905589814974,153.56402724853726],[191.49179555932426,153.50541187735732],[191.43108985063736,153.43586481368214],[191.19005646991536,153.3260602451945],[191.04396315006272,153.12397781152399],[190.91940394654702,152.95363945009225],[191.01892253815026,153.58429655365038],[190.95560855329126,153.4706666974973]],[[179.74377683810147,156.70261583272048],[179.74662013376985,156.7008658593843],[179.74688944045317,156.70205150997703],[179.74377683810147,156.70261583272048]]]]}},{"type":"Feature","properties":{"CC_1":"NA","COUNTRY":"India","ENGTYPE_1":"State","GID_0":"IND","GID_1":"IND.5_1","HASC_1":"IN.BR","ISO_1":"IN-BR","NAME_1":"Bihar","NL_NAME_1":"NA","TYPE_1":"State","VARNAME_1":"NA"},"geometry":{"type":"MultiPolygon","coordinates":[[[[143.61938239004274,147.9106161597296],[143.57367106384223,147.88353686466837],[143.16863312056043,147.49877758902787],[142.9205911852361,147.48864873722562],[142.8956239589734,147.6606236304619],[142.23000678161492,147.52321644912385],[141.55440845802156,146.57137128509018],[141.42961264126814,145.9911926017452],[141.00416121085334,145.8743849646894],[140.67002401089155,145.38701214236542],[140.6164162624477,145.49906875273302],[139.7299335966296,145.00827882243814],[139.6948671880174,144.83064679616007],[139.1604854886788,144.4048889023234],[139.1934229246425,144.23599191734803],[138.75244700391966,143.83352106983432],[138.85321788022637,144.1423143509378],[138.37390312993165,143.630068757251],[138.0939268480036,143.5154779263825],[138.13982540530668,143.95600304509844],[137.95667110877338,143.8262947325918],[138.01502425978018,144.16543020243864],[137.89480385590977,144.21139664118667],[137.37767313283456,143.60631342689078],[137.24635027724557,143.26130931852657],[136.9479859211183,143.22749418428276],[136.54403393564917,142.59391126223173],[136.4508160355801,142.75698962269158],[136.3086523112201,142.67708897679992],[136.35362322102463,142.79963437564675],[136.01719913397903,142.93290770271304],[135.9343465508022,143.09101322741026],[136.10845671426466,143.32878464447828],[136.0373502624514,143.61811620280594],[135.86789545831624,143.3802378244566],[135.78837735647352,143.48126088234744],[135.52643358287088,143.38176928974457],[135.54418287013402,143.18809697711507],[135.41349514740503,143.31643778866635],[135.2564738219837,142.97108393875993],[135.0385715784798,143.61889147630734],[134.83125427811086,143.72112907041804],[134.53512413094876,143.13377115322308],[133.74087744028068,142.73463431185462],[132.9037415692922,142.6528455734814],[133.06446474374332,143.20664996267274],[133.06323789873716,143.21525983018353],[133.05347520927242,143.22138943977455],[132.89721498790942,143.32001011116176],[132.97222246442954,143.5176674217741],[132.85970526216283,143.85005413982947],[132.51153342266355,144.06475530256517],[132.42279205719825,145.52645091062212],[132.32595180598213,145.5380369767786],[132.31995962278097,145.5490043984755],[132.31162188884457,145.6158045369956],[132.46299598352724,146.22282308737218],[132.44059774022168,146.6864434725316],[132.4170100523101,146.6829506292886],[132.4093266037511,146.68600165245837],[132.38983787898115,146.69374043672508],[132.72638706098925,147.2697014607699],[133.08227332311213,147.5828501961998],[133.09469780798713,147.59689963290228],[133.1219650525078,147.64075167696103],[133.18256274073545,147.79127997516622],[133.20821555986157,147.82991916119838],[133.33911125756197,147.86180734177333],[133.36192197868675,147.86047623645513],[133.36340107808857,147.86582823446025],[133.37358825337745,147.90251491779273],[133.40014067531834,147.93449792037129],[133.40286654167647,147.93778128905808],[133.47940611019305,147.99689977853214],[134.01668487745047,148.67912917170366],[134.08699943378147,148.56993602635083],[134.48436472122023,148.9684253923019],[134.34805231226866,149.04785459395367],[134.87053315449225,149.87173885374156],[135.60115690855358,150.56953949869552],[135.61829791626218,150.9490620375153],[136.0231502911422,151.25959883020084],[136.21790013026498,150.91902523664623],[136.79681936910754,151.0287998003743],[136.93374914730512,151.5201526215551],[137.17715366356072,151.59274702345613],[137.2345918036953,151.28866626945566],[137.4803290109818,151.4316240613333],[137.7751595571016,151.2524207246012],[137.92051458250864,151.59270820048494],[137.95801645210497,151.32781346330566],[138.02735413274263,151.67657932899047],[138.38770418231775,151.69397348691484],[138.26870061645835,151.8823151341195],[138.39736492711097,152.11664665828286],[137.97402565151992,152.30829928053723],[138.06015260207306,152.49664751924422],[137.51844565347267,152.60033551562265],[137.47973533411323,152.84885811903948],[137.22652094581036,152.98251462367523],[136.9245956993995,152.85131759537808],[136.54202044974738,153.12171048081484],[136.36370924365391,153.02786482471427],[136.40646933561405,153.26051353200145],[136.124556609259,153.67622183169053],[135.93066212991732,153.66062344626926],[135.80122448689275,154.15421050706811],[135.90976802695718,154.58785533124356],[136.20788318014414,154.51546850763077],[136.4114405633191,154.8226023888816],[136.61216880135626,154.75486357782557],[136.82858114911605,155.61920971127876],[136.3879771042752,155.6114910294334],[136.15551015976095,155.9836869110662],[135.63775372797767,155.91199601011866],[135.72732357866911,156.35603248085516],[136.00266582387817,156.340870251291],[136.0902735102242,156.50293275733424],[136.46007548591334,156.6361076031198],[136.75681194404865,157.3151664379718],[137.61440112626872,157.1795845151484],[138.33426888258276,157.47924601146767],[138.33372552574397,157.75927479052123],[137.9836870234438,157.7829840947361],[137.94198963834742,158.21519142782816],[137.66738646668318,158.0157476974881],[137.59481998814132,158.18045153800105],[137.79607859301817,158.5431081233388],[137.73060644923146,158.9362623350277],[137.45986350377248,158.65869181334435],[137.28012889153018,158.75503177728876],[137.36612668255248,158.97265421452192],[137.19101061382185,159.02715629726316],[137.12208529628793,158.86909718785256],[136.9231752653826,159.0349228004743],[137.057788738324,159.99840773243568],[136.8394678185982,160.15113247797],[136.9965505657185,160.35034151304075],[136.60842896037377,160.26669852861673],[136.88589798981948,160.94680918702304],[136.53161229631422,161.5669996854169],[136.58863035899157,161.62353487886256],[136.6052634441929,161.6400271033488],[136.62510889929916,161.66821755637795],[136.65578759971638,161.71179662566487],[136.6667916662115,161.72742789327737],[136.69024093227307,161.7870181854311],[136.62483434695594,161.96290271610664],[136.564055433835,161.94451779952513],[136.55578251612712,161.94201533783018],[136.54524885496758,161.93138278799302],[136.44640750714305,161.83161353010678],[136.27789494361872,161.8268792680485],[136.2500669912748,161.84254656850277],[136.24567325150218,161.84502026977566],[136.24669177576914,161.8524155550894],[136.25040015493394,161.8793412974236],[136.4050816698985,162.07292055318712],[136.6629486001281,162.39086998995498],[136.5128047683094,162.38274734885812],[136.5148557792268,162.64414060827363],[136.82785748615214,162.8458455685552],[137.27122668506502,162.80804674254696],[137.6818345065837,163.46961175949465],[137.93907851676767,163.51128103106842],[137.89983222984415,163.2852551924807],[138.17068263122974,163.18515969783954],[138.1468795438754,163.01852306115],[138.3768361494936,163.12542395680512],[138.43183380119712,162.7318321533284],[140.039343151031,162.5978556627853],[140.27870695493397,161.76759155694788],[139.9326327390344,160.5128184911191],[140.44602488400682,160.28592262728574],[140.53132029956737,160.40642661520747],[140.61655496641734,160.2654057620032],[140.71920761566383,160.45954706798864],[140.90719399682348,160.25194648515023],[141.39730488865143,160.1522602204502],[141.3809378386342,159.85495366197256],[141.7899364000163,159.73949305504073],[141.5663183027499,159.49985823800225],[142.41397964315692,159.72288642898732],[142.25757967236748,159.36492080465985],[142.34660140611138,159.02281508538547],[142.9446962325502,159.02448090512107],[143.36957779323902,159.42692932624558],[143.59276038015076,159.41689026265715],[144.64578638716088,160.28645200764217],[145.03478373709925,160.09896251751178],[144.86087892662493,159.1039128216341],[145.32851275940516,158.80692591771634],[145.44897062783085,158.9014933979642],[145.38773619842368,158.61865549218442],[145.9654093943137,159.10889858049],[146.06613293146427,159.36920646747964],[146.48891359496898,159.62131596921898],[147.03687295642587,159.56852426966776],[146.98965366664493,159.4107314834693],[147.3113784589823,159.57114604471926],[147.50779252710052,159.48621799420397],[147.64717730924897,159.6923160460295],[148.11133705393974,159.80220416809786],[149.12272294174522,159.70242763400967],[149.19152429454715,159.4895534280116],[149.98242302930407,159.2643198670145],[150.25733799097097,159.5899381690996],[150.585514933752,159.57077823715832],[150.96318340197007,159.84040050693335],[150.9946293722035,160.01400792547304],[151.20629244592487,160.09359240286457],[151.25994004831506,160.28312853152897],[151.7396002430795,160.55385453052287],[152.02804317526883,160.96997755786285],[152.23571327636208,161.00702098746893],[152.19950415564426,160.13513720046998],[152.6953110979983,159.940755939907],[153.49801513139587,160.14016827187115],[153.4600072139568,159.9172269768232],[154.01019169242267,159.870514444604],[154.29770393447777,160.34057095526563],[155.09730572696253,160.73540087131133],[155.9723515172721,160.55530327416753],[156.42516173656094,160.7726002833719],[156.59696124809764,161.13183899497386],[157.10611888778368,161.1000709588685],[157.3590374668022,161.58091518850708],[157.7486495874182,161.50048897436292],[158.02342428992594,161.9340655800222],[158.7049015766744,161.33875784335976],[158.9582227926047,161.39256067077042],[159.49480626932683,162.091451021058],[159.61019581336782,162.8848102307946],[159.6102027701401,162.88485536113615],[159.6269346620728,162.8843878528517],[159.8184342936754,162.74416868816058],[160.49151780039932,163.01174397723688],[160.49996882286683,163.1612820815377],[160.63625218131114,162.9865049027548],[160.1997242137243,162.65623155849946],[160.93256439270345,162.14299694224343],[160.5850391711707,161.88097135006524],[161.1170864883531,161.6362448351445],[161.02393997337484,161.5127292844497],[161.00431992405464,161.47582592398376],[160.9845026865979,161.46146974667573],[160.94011961855156,161.42931737449257],[158.77304590569653,159.67622131305967],[158.6543831496739,159.77689452788513],[158.4980062900947,159.4992714671004],[158.62302837951705,159.48636399997],[158.48822999316684,159.30157480812],[158.61194301455063,159.20925235019627],[158.3359952816662,159.00435505971956],[158.21513156873874,159.12396612869566],[157.59713948681133,158.6746539995428],[157.27913898327535,157.84773200234974],[157.1837919095145,157.79594755957197],[157.17650315598542,157.79198892691383],[157.1511131384362,157.7338404893456],[157.24974365404526,157.42466429478094],[157.93197798111558,157.45509016264603],[157.68635295286612,157.23984190777344],[157.85855048101953,157.15146439838205],[157.74170010378938,156.8556317074524],[158.05004529228927,156.91699249599705],[158.19177494315022,156.6590597383738],[158.8049914470211,156.61478743704305],[158.85469245519397,156.17889157942568],[158.50390298590347,155.83112127747222],[158.72509047642723,155.2771725400234],[157.78756758756066,155.3598850400761],[157.6551970155205,155.3345282152647],[157.64788109136865,155.328963839493],[157.59477309060068,155.28857073718316],[157.24658675363492,155.1159848317689],[157.03373466467622,154.77565493854894],[156.53732704928876,154.47815340152877],[156.38315630580368,154.52476295715996],[156.072976635004,154.22120851934736],[156.2679963592268,153.8211757214915],[156.33866995272513,153.81390084181632],[156.40353738478163,153.79357060548182],[156.64588667147962,153.7209004508975],[156.267773235025,153.35321613638968],[156.31275324562534,153.17931555130653],[155.94482545811616,153.2171881909517],[155.9604221817847,153.35462009152465],[155.3675018188809,153.2849645911942],[155.3434487837313,153.5238499461166],[154.48138582789778,153.4755156301718],[154.5127996448602,153.58854910317876],[154.21438056647798,153.43463382375245],[154.05704919640513,153.14304084586857],[153.6991136917295,153.19829220675788],[153.33626812611055,152.55036937154657],[152.7513565653963,152.60026323127434],[152.53343917473254,152.43255642675797],[152.19394014860984,152.45919983912052],[151.67560137803176,151.65590751368197],[151.40621194924626,151.69002095855808],[150.5429619354905,151.18298164858646],[150.31685013431172,150.38531048692752],[150.05811360428714,150.3241367204419],[149.71805349501037,150.05433945116994],[149.84857261625308,150.0571788897052],[149.19439043183527,149.06864391970237],[148.47254932708802,149.07835497546006],[148.20675931890014,148.76012763565643],[148.19699691005485,148.5517935398037],[148.0582371013021,148.63503049589949],[147.6419658114898,148.50855180996277],[147.72237942107827,148.6592640229818],[147.6514877145824,148.7374343235435],[147.66456271528256,148.65327301102258],[147.46504111594845,148.68967839640885],[147.28326544579517,148.45257800920842],[146.87168042287814,148.21873433199514],[146.6261969311272,148.34549296143834],[145.93187986098036,147.7057665669374],[145.1731966317106,146.62682176465765],[144.90025700101248,146.521088555866],[144.661633256736,146.7302073494522],[144.27326226581027,146.6513229724553],[144.82775812314313,147.48028563677002],[144.52658257652996,147.3034349142085],[144.2575297988472,147.36947459429152],[143.88004613778696,147.07344500590094],[143.73484838664248,147.29912982972616],[143.89419303598706,147.79823722662695],[143.52786889538677,147.69237489188538],[143.66395561683706,147.94087372499627],[143.61938239004274,147.9106161597296]]]]}},{"type":"Feature","properties":{"CC_1":"NA","COUNTRY":"India","ENGTYPE_1":"UnionTerritory","GID_0":"IND","GID_1":"IND.6_1","HASC_1":"IN.CH","ISO_1":"IN-CH","NAME_1":"Chandigarh","NL_NAME_1":"NA","TYPE_1":"UnionTerritor","VARNAME_1":"NA"},"geometry":{"type":"MultiPolygon","coordinates":[[[[102.61340874991201,195.7319607612569],[102.86850421733953,194.12132233721184],[102.86621892382072,193.60947071683847],[102.59820553088795,192.79200110796538],[102.39838996456844,192.20343106135599],[102.49065906559795,192.08161889457273],[101.12816811594921,191.050253699802],[99.53030476074264,191.08135346726098],[98.43215893899307,191.46196400093652],[98.29059678035122,191.90612155220794],[97.97200717393488,194.3342744751663],[97.98987444020763,194.77893929608473],[99.30313680539996,196.01546795880193],[99.82488748272743,196.50555771298093],[99.99725557695328,196.56205105581918],[100.07424740441132,196.61758276658531],[100.11479092388211,196.64305879480497],[100.2037089124798,196.65854644188542],[100.57168390695429,196.7220664080356],[100.76613139417056,196.5103199465826],[101.0423974416313,195.86940522556102],[101.8359127412716,196.441166375267],[102.03679804536002,196.2829065781377],[102.07249649144667,196.25167329378513],[102.03646578665195,196.22709946665267],[101.56651826950566,195.88860839613426],[101.44077231567758,195.73859866722495],[102.61340874991201,195.7319607612569]]]]}},{"type":"Feature","properties":{"CC_1":"NA","COUNTRY":"India","ENGTYPE_1":"State","GID_0":"IND","GID_1":"IND.7_1","HASC_1":"IN.CT","ISO_1":"IN-CT","NAME_1":"Chhattisgarh","NL_NAME_1":"NA","TYPE_1":"State","VARNAME_1":"NA"},"geometry":{"type":"MultiPolygon","coordinates":[[[[130.01479279462524,119.99575444142367],[130.0181213841538,119.93267026470275],[130.24479931624063,119.7344870400553],[130.2111442448837,119.53882751144805],[130.0931708905683,119.59683742139123],[129.6188948150036,118.66800471527446],[129.56778925226695,118.2555757528515],[129.24874126342013,118.17683001698579],[129.2830218488337,118.05917932412913],[128.8064863631668,117.66127344532319],[128.72298798315165,117.11007391472263],[128.78825194297173,116.97879222660235],[128.44614652969824,115.03058529873935],[128.28167856891454,115.09497947595518],[128.22232988848347,114.6482439604402],[128.2154893944226,114.610065912777],[128.21672812979295,114.58720381109794],[128.220846440924,114.51119625527046],[128.10780817196556,114.51959356844586],[128.05378277356368,114.51915983622627],[128.01432486152456,114.51392756819973],[127.96302468562523,114.50652053342257],[127.93059908152428,114.50183194128745],[127.85870680610765,114.47143562391251],[127.674025207743,114.45304197335683],[127.53519153686237,114.5524797461748],[127.508536965329,114.57157072901695],[127.42136185644777,114.65607048365304],[127.2855624849277,114.66183899655994],[126.90269643733762,114.09142504356798],[126.74772281775026,114.041331811586],[126.45235273329342,115.95542866936496],[126.5874087381979,116.59804708099092],[126.1235467392347,116.22100567944592],[126.12585176359211,116.86665482575022],[125.95704967214951,116.85363424663036],[125.85768960542622,116.3784074632711],[125.58476474117742,116.33729079559433],[125.5924269011796,116.66686316540752],[125.8256881120346,116.92454886131893],[125.54533400801046,117.81868576706938],[125.5945698832244,117.98254148616306],[125.44604847913236,118.012142676531],[125.48211229872692,118.13731080861173],[124.71822054917064,119.14401800647937],[124.47084090786457,119.15786551999548],[124.00213875060402,118.7552532621876],[123.98959653282725,118.76402782913863],[123.96014090964285,118.81307422123304],[123.72831534114913,119.54535710108453],[123.66454249836067,119.68169198021724],[123.60295654802555,119.77434041252299],[123.6080321051832,119.80574159937244],[123.61622742080985,119.82914731622057],[123.74517541010235,119.88199559205648],[123.77229023174637,119.91972869662254],[123.78006133565974,119.93054299886681],[123.80274690685555,119.99220146718164],[123.82952078672113,120.06312380050966],[123.84715633131799,120.09426876241199],[124.07056032264148,120.26970366767654],[124.07797721479105,120.30157020358682],[124.08200956427895,120.35310661757443],[124.07106483668336,120.41450526373646],[124.05490881467283,120.46989833477868],[124.04200112108143,120.51415407964151],[124.032116546663,120.54804465819018],[124.00133055032113,120.60660390467599],[123.98590732408522,120.63594102590241],[123.97535570931292,120.65601166462429],[123.92143662452128,120.7181899145896],[123.87892221030985,120.80093368497943],[123.86286850639488,120.8209328812654],[123.81523001565517,120.88027940541467],[123.7536796549789,120.95695689686224],[123.85928016622383,121.72272265228305],[123.9943017367524,121.8948417655641],[124.02379799860492,122.36204249604515],[124.28492226839671,122.71900576883883],[124.2980482129161,123.07098397731251],[124.5304423364657,123.28957905836795],[124.65295792179052,123.69497778182807],[125.0187362493042,124.11706910636997],[125.21487922829886,123.566861110043],[125.47822127590425,123.68063635328598],[125.47550438906052,123.48486819423591],[125.7351581040632,123.50749194256353],[126.11479178430363,123.98087261952178],[125.88960733397569,124.35011542360161],[126.30203287458428,124.62005466479803],[126.25114033850264,124.93167866780774],[126.0168995732688,125.18512360122087],[125.80704658427922,125.18276131464881],[125.6290845766409,125.40407380579919],[125.37633493715747,125.40388095038733],[125.41393451230564,125.88122878451709],[124.91961696145127,126.3247408163724],[124.9317999250349,126.59099197598245],[124.60494815418015,126.5139300425585],[124.67680888705254,126.28967894193747],[124.34903261001475,126.39185857849294],[124.36089555082506,126.5210466057348],[124.46733929316953,126.48196284502008],[124.75669770480437,126.86813098225173],[124.72727586630506,127.01376630156687],[124.38496164325879,127.07724501318175],[124.54797080246757,127.34757305306118],[124.77523661319587,127.20259528095309],[124.94220008168288,127.63478736963164],[124.93602355445685,128.3114770798887],[124.35479328236444,128.45845179729102],[124.42739640155577,128.70915263259843],[124.29362721956372,128.99646448442024],[124.80265015268193,129.18754753559253],[124.91937651781424,129.39777558630814],[125.21464380564592,129.52190863700713],[125.06030397425488,129.8712257128618],[125.11388512252161,130.95162826706655],[124.63095681401556,130.82690421335496],[124.5378597543636,131.04150355489497],[124.88414000620656,131.29779646664227],[124.60003233194196,132.5051916775613],[124.47871112058054,132.47297543112307],[124.2736082267194,132.45644493709648],[124.08268101368728,132.8280401655821],[124.08236160452023,133.3105119078076],[124.11267885268097,133.3092229830437],[124.12095264725542,133.31355037858057],[124.11950312819351,133.32761755734504],[124.11860139705553,133.3285342007253],[124.10511801388527,133.3422405633056],[124.11570110886109,133.60072548674358],[124.34924727340015,133.76127867045216],[124.42431634488219,133.74648486743456],[124.42972113612564,133.74791578938363],[124.45306876984793,133.75409709038982],[124.46973000252768,133.75850816243047],[124.48507339671079,133.76800745515084],[124.50339993953844,133.77935365357303],[124.50909024739573,133.7828765963691],[124.51209932670602,133.78754316250325],[124.5455802589567,133.83706572067607],[124.58297211988523,133.86189532286974],[124.6132094717894,133.87705284409384],[124.64692957807438,133.88060315074486],[124.66867800527018,133.89272259137073],[124.67631401856383,133.90333068825856],[124.7125058763541,133.9536091148701],[124.76975588514823,133.96701222649543],[124.77920218394783,133.9736690637349],[124.78826011474263,133.98643724084658],[124.85185995312958,134.1584762185363],[124.835802821312,134.1885380514086],[124.82940313030093,134.1943159914229],[124.79456686548647,134.22576779871633],[124.95888456235878,134.63503847073653],[124.71326166231384,135.32289456416927],[124.76799651449565,135.57518856308172],[125.04214511184028,135.47764532374123],[124.98633729472581,135.9080126039347],[124.97951954577096,135.91658142980276],[124.97227598216503,135.93999313355175],[124.90863589293289,136.10493792121824],[125.001343699063,136.08588151791886],[125.15702291600559,136.4575111148033],[125.18568242615241,136.44987608777245],[125.21253148623052,136.44048723341362],[125.26572825814264,136.42188484128556],[125.47612215147795,136.19530799647464],[125.49949502304182,136.3117481074411],[125.446406171573,136.35068714971393],[125.43224614684945,136.36107309301536],[125.42762509234817,136.3644624945864],[125.3994172452164,136.37677710677022],[125.36273192610592,136.3906946428347],[125.36138918386365,136.40820322306942],[125.36525570205899,136.40912157902517],[125.4102342172137,136.41980464973173],[125.51802879742226,136.3975681425374],[125.45912003119832,136.65594388510243],[125.6906942617895,136.64265653676904],[125.76382634420065,136.74500723339904],[125.63996532452248,137.15350518639684],[125.89161281763721,137.2144671138873],[126.05637070259932,137.0703398702274],[126.23272693022122,137.14909645338642],[126.334186221915,137.07720042015688],[126.37316542537536,137.1796401047213],[126.59570187085555,137.07195308891073],[126.67982714111038,136.89830445106355],[126.88832053851038,136.91709618445554],[126.82647828683523,136.98617883338804],[126.98322902626887,136.9459998355419],[127.09413697279153,137.03668107880875],[127.55624894715075,136.99622412921718],[127.5020071823474,137.1243150250299],[127.75103923844541,137.219322013502],[127.87126217234982,137.11371333734132],[127.80567982674769,137.35629004420008],[127.91157947921383,137.41733362260095],[127.77560345240862,137.73826693575296],[128.10064263544388,137.7074932523325],[128.33951854258177,137.81965680139334],[128.24395987637223,138.1633452773093],[128.5593663277733,138.1032909644322],[128.64925899653838,138.1750790487233],[128.83703744034955,138.10483729060155],[128.91930944792296,138.23483827019538],[128.83877316366028,138.43557594491014],[128.9369999669369,138.54508048440172],[128.9035992681431,138.68896211238828],[128.57815162535934,138.94173910881034],[128.29059573292028,138.97933343547038],[128.2698606433035,139.0790056283559],[128.14521226212938,139.07645838499496],[127.82387239612504,139.48121135144837],[127.45053392518444,139.54111651820557],[127.08219088311444,139.73428495244724],[126.75739887546081,139.6101358946648],[126.4097272146864,139.87846362836112],[126.52884875926785,139.88328390373673],[126.50190198752834,140.02234642429116],[126.73363182422523,140.1264538513022],[126.47555761313916,140.31646259159345],[126.46788048222092,140.3333845490778],[126.45741917236921,140.34812366501873],[126.41748243947714,140.38156789159905],[126.39640056771844,140.40305370599737],[126.37905915551589,140.4207273911546],[126.37173407920716,140.42525892082458],[126.35937464579033,140.43290486700604],[126.3540558572694,140.43619524201029],[126.34385433500101,140.43795727412942],[126.30046843019468,140.4454509947498],[126.28565041049306,140.44801039970594],[126.27935590212498,140.4490976027357],[126.27454767192089,140.4533357524119],[126.2677828892555,140.45929847887174],[126.22373753371126,140.49812166358103],[126.21542428544589,140.50816280414665],[126.21420166644555,140.51315652631703],[126.2115989622237,140.52455313520056],[126.39764842747928,140.6349709108941],[126.72639891373447,140.39211952183334],[127.13694159883217,140.27057126291203],[127.48794674451733,140.3676014585646],[128.52892800914452,140.084606350074],[128.62766776991955,140.1374940902312],[128.73140193871893,139.99351784090763],[129.75201502071604,139.78481016828988],[129.67601855899892,139.8733854107673],[130.08559857676883,139.94710620961988],[130.08039356027246,139.9592369870295],[130.07463801700843,139.96396257015198],[130.02651895124131,140.00347068165843],[130.44742229986713,140.17157530005898],[130.46181394272315,140.18890539825566],[130.48934705197584,140.195298487477],[130.528851569378,140.2023131894017],[130.98610768668698,139.9718448759914],[131.68973845750736,140.14828233817792],[131.74697242430932,140.36261011450404],[131.98537278834874,140.53196988922002],[132.02457404637732,140.68253323313405],[132.18319943765175,140.84599126637386],[132.19825990949516,140.84372038608254],[132.26740367930194,140.8515148206037],[132.5714672825123,140.87794968462373],[132.76919298563953,140.76935221791507],[132.8531706187054,140.76252766882737],[132.8597162667699,140.76028286989282],[132.88451120040642,140.75177956509225],[133.01314055182797,140.32702814274307],[133.11483490548324,140.32239037049246],[133.04042133811015,140.25350535999428],[133.57410913584604,140.19872256105998],[133.68208181427048,139.84221110113086],[133.60992943469475,139.75038117519722],[133.94251680893368,139.4906074024071],[134.4437446077317,139.54406330597956],[134.4643964461494,139.7481444339552],[134.73399246745495,139.84373469803916],[134.71761682786376,139.39469274196315],[134.5573172641367,139.209280497335],[134.53284239677893,138.93114441587286],[134.68284848897045,138.89404939963123],[134.74198604705433,138.9839163895114],[134.92666209888915,138.87403012159513],[134.7942232995446,138.28453997976882],[135.13959069803636,138.10972837825702],[135.2820965671892,137.74574265950775],[135.3438201193158,137.92430466973414],[135.4850734930245,137.79011989980097],[135.656453268204,137.82765502166154],[135.69626944675085,137.74491062561003],[135.97880712694402,137.79166766362806],[136.048159594986,137.55803300648165],[136.05580473441117,137.5428577255605],[136.0555522673844,137.53476082094733],[136.05462370408515,137.5049807401251],[135.92001716272915,137.44172838109813],[135.82557278530757,137.12741038431682],[135.66648547735332,137.0569969349839],[135.7119764496271,136.90285497492542],[135.4843943961692,136.73966797558094],[135.26950226312468,136.7582858980833],[135.078913689096,136.56673452233605],[135.0985310275897,136.4177110981477],[135.02944869884496,136.36691745024848],[135.23183189074194,136.23426533494967],[135.1815804675866,135.90901816081515],[134.7679463936985,135.88611090472114],[134.4981152862038,135.58951988081213],[134.18003954296728,135.56408468654786],[133.99283260337424,135.2345215073491],[133.9734949356345,135.19634017794243],[134.11960568934242,135.06227380034304],[133.94891329348565,135.0669626957216],[133.96938297103642,134.74976340832333],[134.18630591104832,134.5168239591801],[134.1453772008862,134.2537605171735],[134.01862627679682,134.2894498596369],[134.05667415879472,134.1414355132185],[133.90870187397243,134.2499636255689],[133.93384858835225,133.97425374238696],[133.7861664334109,133.76339251173104],[134.0094294300808,133.52781849054642],[133.91341575284775,133.4866729128367],[133.86466673939773,133.6501442714965],[133.68762381588786,133.49819450655238],[133.6493692883312,133.09841101943871],[133.8763521352593,132.2907477859988],[133.52899213307745,132.59965449838072],[133.57107788488776,132.0977611163462],[133.42939026294732,132.07686812322146],[133.45438760490723,131.78806304634912],[133.44760966119608,131.76794731110573],[133.4308518326646,131.7182130470931],[133.4256504580701,131.5412357535206],[133.39011263411012,131.53433892028698],[133.10488132236102,131.55329632826877],[132.7413299028371,132.02565818765086],[132.2876774076121,132.05577815093102],[131.8228367358876,132.30019104811052],[131.87469413950225,132.0718711358057],[131.77711875313634,131.97718213061572],[131.8333431852647,131.78938431331045],[131.66300928855043,131.4332969297868],[131.46712696889188,131.33696403534495],[131.4111767509447,131.0215035882455],[131.0581163916972,131.45750265916584],[131.23516478440882,130.28670441959926],[131.12965042553083,130.04487047987675],[131.32341024726188,129.77265876953672],[131.37209809145602,129.51291455110163],[131.43086374724726,129.57186989121467],[131.50217300956987,129.27838484386558],[131.43804712893075,129.00429790352183],[131.56551029324257,128.7149736915417],[131.46352040895135,128.20968519369794],[131.54817530702013,127.7613016155294],[132.58015162097917,127.04290901559551],[132.62257490070482,126.33061981576033],[132.45173145396268,126.40288049245976],[132.27837528997634,126.25173467635965],[132.210174490201,126.52430074411973],[132.27914970402784,126.63118870052642],[132.25519657763147,126.66615557604946],[131.75705247094155,127.04814474415315],[131.7478400566102,127.0519129131714],[131.70350052600443,127.049687493801],[131.45924730046886,126.87524034340328],[131.05871726708023,127.77829381142782],[130.90561204380606,127.76636720451647],[130.51134329562618,128.26194857667136],[130.42181421711535,128.13477104252223],[130.1405536810546,128.64207664226453],[129.93830837900265,128.39176730553572],[129.813833513417,127.81261858006434],[129.8802088595234,127.51364874910998],[130.21138767671005,127.26578945203558],[130.29891408760597,126.89092139572995],[130.52064448857476,126.88632558493892],[130.492977777449,125.36992428078977],[130.41309479818645,125.15153093302956],[130.64960726169596,125.19550897924896],[130.74444741667514,124.68089625328156],[130.97023672200595,124.64036683368758],[130.82710770504352,124.22710393165715],[130.96304230108996,124.12925720093712],[130.86506315498053,123.73382603874548],[130.96213885561275,122.89830567865553],[131.09314772984558,122.69116350674521],[131.03167342013697,122.51380411859606],[131.14658314899492,122.24139923165589],[131.191220177982,121.59595920581877],[130.97198164713666,121.54330428153958],[130.9437253919988,120.9291951604922],[130.83319687405032,120.73564952879795],[130.66553230682848,120.7305173882366],[130.66224054706095,120.4712164611147],[130.44045396534187,120.48642713670993],[130.379416826765,120.41136827691588],[130.35942861660632,120.39542059367955],[130.30388234977698,120.38179176476366],[130.24109405588382,120.31198767105542],[130.21579327175937,119.98679413012238],[130.0207271925653,120.06694108072773],[130.01479279462524,119.99575444142367]]]]}},{"type":"Feature","properties":{"CC_1":"NA","COUNTRY":"India","ENGTYPE_1":"State","GID_0":"IND","GID_1":"IND.10_1","HASC_1":"IN.GA","ISO_1":"IN-GA","NAME_1":"Goa","NL_NAME_1":"NA","TYPE_1":"State","VARNAME_1":"Gôa"},"geometry":{"type":"MultiPolygon","coordinates":[[[[78.58465123699634,88.24374127529057],[78.58371917953367,88.24306448922296],[78.51124655474939,88.19044062781762],[77.46702017157104,87.83018232295653],[76.98121845433046,88.00310499472388],[76.89187374612484,87.7069092074384],[75.96442426453805,87.70158744381672],[75.71772776790999,87.59766924793406],[75.00916508083426,87.77172315112202],[75.23997051711704,88.24609353177027],[74.34087941891464,88.55715917527912],[74.32227846923652,88.80746846572998],[73.54076240469261,89.21463282948947],[74.08959743195699,89.71296129122115],[73.67573690873205,91.84925781071281],[73.22998631740313,91.7834338564325],[72.66615027508662,92.26122610936707],[74.09672838506908,92.18349421427106],[73.06728308671929,92.6943303828761],[73.26020414319657,92.99899785417998],[72.77456471660275,92.97984781177966],[72.72459372993251,94.04991979778612],[73.07430461231891,94.13146931654839],[72.81400328132895,94.10446364895328],[72.51017615167751,95.12483130618116],[73.89624715323438,95.10619115213889],[73.98364796851314,95.10796960378696],[74.0448575030653,95.11915945770278],[75.15930914426619,95.73956915884489],[75.1978812997488,95.34016242312495],[76.00341886420881,95.22502240057882],[76.16084862956001,94.73964456121621],[76.028580842194,94.22410416727986],[76.6222968160134,93.98870229774492],[78.23371815160749,94.26731125684229],[79.19085127643615,94.38217383373512],[79.31039625991667,94.10831249478261],[79.64680342956922,94.17295371569028],[79.82472077369643,93.74836407364447],[79.63083432897639,93.34662466712223],[79.93030303214452,92.95296926806076],[79.58193143289958,92.75837498861497],[79.74677226134783,91.77769326631673],[80.1524278726937,91.67869790012674],[80.14686555967398,91.12144540005303],[79.22001846034496,90.74785153730505],[79.68642821211552,90.11489801917443],[79.04963938518411,89.2381252597988],[79.13807336534856,88.77272743910223],[78.47491530104877,88.35054133996883],[78.57806199827124,88.28554455273107],[78.60271976386164,88.25187660016681],[78.58465123699634,88.24374127529057]]]]}},{"type":"Feature","properties":{"CC_1":"NA","COUNTRY":"India","ENGTYPE_1":"State","GID_0":"IND","GID_1":"IND.11_1","HASC_1":"IN.GJ","ISO_1":"IN-GJ","NAME_1":"Gujarat","NL_NAME_1":"NA","TYPE_1":"State","VARNAME_1":"Goudjerate|Gujerat|Gujerate"},"geometry":{"type":"MultiPolygon","coordinates":[[[[74.13251965015368,126.75920519496682],[73.89863906573218,126.58955651038019],[74.1957048493291,126.31779328627377],[74.15540967686337,126.14753372556231],[74.14268965300015,126.13841354116629],[73.83778981076377,126.19819754676004],[73.6567420661932,126.19888309620448],[73.16879910845049,126.0059710341247],[72.9093417553297,125.49954139635085],[72.64761279489049,125.4995635652434],[72.62612844059655,125.33504184944312],[72.09660667003777,125.34736637448137],[72.58242744463236,126.57510366392815],[73.28896354172255,127.2500461940486],[73.87622875999715,127.32364283141241],[74.04360067453766,127.66747681381199],[73.71178797781035,127.69948110807195],[73.98352339487244,127.84166802230074],[73.82186253237913,128.0715521635268],[74.43691042567235,129.20357310903907],[74.45857696145922,130.569430581777],[74.77182617603447,130.60867527003037],[74.41453510152657,130.88761213905823],[74.59547139514235,131.0919028699878],[74.42354587146507,131.17909050129492],[74.49247307451667,132.36151908770034],[74.28629932051275,132.04608637476233],[74.20627838547263,133.24422461145954],[74.57492216782545,133.3958350170379],[74.07442449302498,133.39717805605875],[74.39215768093283,134.09345217906045],[74.01057108796964,134.1143370280117],[73.63338111116781,133.28926274549275],[73.42520827899433,133.2232864320108],[73.73597835879421,134.6142484791962],[73.89764853173867,134.61065783560215],[73.61320820856281,135.05112106462127],[75.02221813080457,137.13558938198918],[74.5203006451184,136.7076225610508],[75.05569770776899,137.5921840801905],[75.67270471006435,138.02892999969188],[75.14190026987905,137.83370231036918],[74.51133457669482,137.22509400028235],[74.52611923025358,137.8867891823925],[74.8451811140396,138.32134475318895],[76.72892189876431,139.16780217737156],[75.92369915552007,139.12287561715493],[74.22551885111224,138.45820119764034],[73.97251794526967,138.70603298791954],[74.7788153808097,139.81833193642728],[74.43036568111494,139.91415600475938],[74.61697510801577,141.04225236698073],[75.28706324080665,142.33062038391162],[75.87109805750401,142.93191235595697],[77.14018161560733,142.96767819735726],[77.81106469909503,143.67683303600683],[78.49687165061829,143.74078803805213],[78.72179347431464,144.1284870835757],[78.21117991513968,143.7458830959876],[78.18532109815791,144.01901212896612],[77.3144911135092,143.44403522914075],[76.67946247437591,143.32252630589198],[76.49485901868768,143.5718158119683],[75.36857535141195,143.04951969781737],[75.61718447815932,143.36551710471713],[74.76132741703199,142.56821853907854],[75.02687370175637,142.97755215362653],[74.81619600795841,142.8559770323949],[74.6450290211726,143.26894604137334],[74.2635435410946,143.26097834957073],[74.57374039546283,143.6697412114465],[74.46622041698726,143.818883064773],[74.16117955403716,143.66134248417137],[74.49031956196158,143.61010014295698],[74.14032469375636,143.25421668462636],[74.4552515953272,143.19139307813913],[74.12109333227315,142.39299832232186],[73.90394262357887,142.8647111893361],[73.82698318099906,142.33172113610698],[74.01021496426628,142.22491026289276],[73.81208858064548,141.95458279621215],[73.74687295403359,142.25246470173425],[73.45627192068962,141.68040808167615],[73.22285541762406,142.1884820775982],[73.3191266624876,141.68291431719422],[72.46434139252963,139.98998453970182],[72.43526033810438,140.86138546698794],[72.95097204026003,141.09799530874406],[73.06808027800011,141.46045782565722],[72.42537522667003,140.9300394211267],[72.28901598701887,140.58826566795273],[71.82281222750487,140.6423158336477],[71.98281439926535,140.41079324769797],[72.25347896707801,140.5055661041049],[72.05604609131095,140.0768711660044],[71.77132126979912,139.8908216618023],[71.48105526761995,140.1158770679781],[71.47431724496278,139.92412191311158],[71.75545045049856,139.84650232151387],[72.03133891423826,140.00675620761382],[72.22068447041005,139.56979202502413],[71.98634290770006,138.43719313563574],[71.94087891316698,138.8037096391598],[71.49224998448129,138.94792343544492],[71.66909634485276,138.84190567486394],[72.11017374511859,137.63340867246936],[71.12074647160895,135.9655042124977],[69.5234188105732,133.923314790183],[69.36993147526643,134.09589883142837],[69.45640234966335,133.7808405231422],[69.28346951576883,133.62391861878606],[69.40894458981884,133.16664412782444],[68.30198820766347,132.4515486927018],[68.58191643820824,132.86186011486586],[68.09168317101688,132.27079576201805],[66.54307263808255,131.67053999131093],[66.58097124871286,131.524952268709],[64.4293469622779,130.74936246097414],[64.38920594722951,130.5733958108146],[63.83990260601153,130.1361877516824],[63.4792996265673,130.15269070403002],[61.96069566634332,129.3757929423755],[60.8462479471339,129.1258423489531],[60.95002153479053,129.2690050649885],[60.12902939508874,129.05869329090757],[60.45861453189877,129.295936686443],[60.15531422595529,129.18670435226687],[60.120963661829265,129.3917641870314],[60.09042461394918,129.04063242367678],[59.87643835361174,128.9329163647172],[59.69800445000928,129.0111514250761],[59.820872970478234,128.9903409966839],[59.78068896732427,129.1449030632622],[59.67577047038182,129.01638285155641],[57.61471160323429,130.20228929389518],[56.56285804923637,131.2710722325875],[55.52054398692353,132.6605794054111],[54.40293466219622,134.64013313265102],[54.527584617785536,134.71780450860095],[54.390461062100506,134.656086656444],[54.03473881589582,135.1985752928651],[54.426003102046174,135.49461216993356],[54.35493898408525,135.9786131112586],[53.95493783605829,135.9070826452789],[54.154728548323384,135.6412832859059],[53.69045240148904,135.92562470608405],[54.17091864665054,135.44843390300616],[54.01180567607314,135.2404968512258],[51.82617308592158,137.45269517195152],[50.21271099033066,139.619154011992],[50.18422453838498,139.98466164079412],[50.62072744373213,140.64956648626185],[51.32503470094258,141.03985583703025],[51.01281675227752,140.7776013987127],[51.18752086505373,140.5333438180467],[51.946549773182284,140.76881065348778],[51.57739291042579,140.07137064599297],[51.913519579558255,139.72166044933985],[52.703221039899226,140.10178371968465],[52.68031202087407,140.20532455834865],[53.22865496290278,140.16231538715942],[53.6999873307242,140.33663562012688],[53.96560064374653,140.62001645931463],[53.897634463959264,140.97666891668018],[54.18871511492862,140.79891487110967],[54.19058883099413,140.48205177551222],[54.38640342187786,140.50061235001834],[54.22430360767811,140.34620621972692],[54.458134859967856,140.46941761003103],[54.434633028374975,140.30319257528438],[54.56457567913276,140.58644018188437],[54.798436630086854,140.54809946458303],[54.89238134595732,140.76871173701397],[55.11954420462294,140.79635449750145],[55.17562373984947,141.10164266279781],[55.00498364421446,141.06833674045828],[55.42656195984418,141.3155178244912],[55.749067708811296,140.85906360372033],[56.01051914322058,141.16446073306503],[55.82487463807398,141.23183606181345],[56.02312877903837,141.19740585072424],[56.09320695103227,141.36577358996703],[56.072881495107964,141.2518996811965],[56.16959471876737,141.49590006303134],[56.06940742943345,141.22658562921004],[56.56565374573398,141.2707609852563],[56.81389760858824,141.65465452768066],[56.88802708560218,141.54267622406124],[56.86814104845068,141.75449980214066],[58.27593708513227,141.98915747352663],[60.17154882581481,144.41395607140817],[60.3625935193611,144.47949026961194],[61.08083896280449,145.53446620815163],[60.712291996721405,145.4304951803917],[60.27490686507166,144.98652923663383],[60.18838891577363,144.62728100371217],[59.96192483667718,144.53252464730593],[59.02662859907139,144.88097850258634],[59.22697356247531,144.6773297747181],[58.80256033792952,144.53827191097977],[58.56747361833251,144.66522769648688],[58.86686418116751,145.10199993312824],[58.505015620377065,144.632407544841],[58.584508570932044,144.54982720402552],[58.368222056372915,144.57569378334844],[58.65636917124667,144.5201834433635],[58.40353744553059,144.29734212344806],[56.76570087637506,143.9308281157684],[56.04241893348479,143.57841818718674],[55.605878106853304,142.96207036014394],[55.44218444024671,143.2711843837933],[55.36571772054567,143.13210558040151],[55.271520730846404,143.33287774469187],[55.26542362879856,143.18963439274873],[54.997375946610035,143.12308280886162],[54.75431137594401,143.32028319788753],[54.18586723062564,143.1615964845421],[53.56702803489415,143.43286998687745],[52.550044523244544,143.46654838279807],[49.58239622622635,145.26977235513868],[49.43646458589876,145.41698739991742],[49.71307450953499,145.22612910474916],[49.21586537187627,145.72795151262233],[49.33278024950693,145.83469912939495],[49.49401172081234,145.67020333456423],[49.366666252684126,145.85285348021242],[49.8348815772204,146.0566645051126],[49.63340194965637,146.02094789049622],[49.60826501717483,146.20675443783955],[50.20789606698265,146.24437664175107],[50.46628673195884,146.48332363683642],[50.20294975930472,146.2530476594962],[49.80055892896221,146.268833520243],[49.8943384383549,146.41523561780988],[49.78518496808112,146.26402066757478],[49.51679767239381,146.75548522711657],[49.524515564798,146.60965605150633],[49.1324446261576,147.32525009001762],[49.15009124059137,147.14600829406206],[49.084041910071676,147.4326434958482],[49.280186420802686,148.47857569265557],[49.4590612832237,148.48448867031817],[49.511314672341086,148.73540805707165],[51.09016587760042,149.77329362087139],[50.98714520882916,149.727666776879],[51.26160290100559,150.02658231709555],[50.210337023396704,149.73415588958355],[49.670770705933435,149.17133322893133],[49.587485890006164,149.34776810513497],[49.76844469632732,149.5495245188809],[49.642304893784235,149.60460258169775],[50.708053069577645,150.297704823499],[50.40594720228222,150.18644245959513],[50.262723272887875,150.3860140659866],[50.24342470820356,150.26741352723107],[49.95737115840793,150.40619833043863],[51.3096526283227,150.58827275102743],[51.861981419446025,152.6888349920577],[52.2870493268007,152.87161174731318],[52.278527948418564,152.22988975725752],[52.57994182601751,152.18823801057957],[52.99923298791799,152.7133013590385],[53.17327579008284,152.40205911231692],[53.902314957298294,152.72371739129096],[54.525194279037194,152.54725365233892],[55.27682848665336,152.8631025009089],[56.445674579730394,152.80352999422274],[57.10283022344004,152.99512332756075],[57.7392350639009,152.38199326479588],[58.451494920129676,152.4191498826453],[59.77873394061588,152.79046887141948],[60.65211839560606,153.82701079387073],[64.33301932935635,155.750008203413],[64.5666678026702,155.67743696480827],[64.14982131909207,155.1748260895336],[63.96937610969619,154.4882259549038],[65.62067666848748,154.72172765477387],[66.34088470736994,155.16269823801832],[66.29016034721135,155.3469380622073],[67.15598782415294,155.98316829907677],[67.53620029641485,155.91979416965435],[67.95975474336461,156.15778433778252],[67.26658963067837,156.36765499848462],[67.28544677927711,156.84660582121285],[67.47465507971484,157.25972005967026],[67.99830379137235,157.4488412970549],[68.05842062622523,157.3843845494776],[68.20507625315798,157.31727286532674],[68.33881839995738,157.25928005098314],[68.51515632977751,157.1996831524935],[68.53319850499935,157.19358544177226],[68.71667761925852,157.1120698687713],[69.01982674767441,156.98868266255465],[69.38503031938171,157.17676638368124],[69.47938029767425,156.99237733110562],[69.93219658583436,157.10170610231737],[70.44647792346362,156.9196632264871],[70.63277370191435,156.70004551868215],[71.38836036752672,156.71377015618035],[71.47615254091667,156.46861024663593],[71.75410413315498,156.3289195195664],[71.86950824451719,156.63817200399345],[72.19442496191348,156.34345747022937],[72.53162227305616,156.39577882528584],[72.53030003184595,156.51022034887322],[73.05964943226786,156.49127763984725],[73.06937911309771,156.2832979097048],[73.8175842111652,155.9417748200221],[74.65584815657495,155.79518533156784],[74.06359991801516,155.74017267439862],[74.33408377641413,155.4897733759985],[74.5618625624306,155.53762420166464],[74.96521493570393,155.2348237757904],[75.350733683677,155.17479990162525],[75.59195183184893,154.841205413346],[75.86873277826518,154.82231280427794],[75.75972294353514,154.97823354138006],[75.9594703444782,155.1598901289414],[77.03433405249346,154.87024259155748],[77.41353637353247,154.48768184211775],[78.30736514701303,154.43529786155784],[78.74449043962778,154.26517827245],[79.13519368377497,154.37091534334246],[78.9132346090904,154.45544554127153],[79.0812116887202,154.79127838985983],[79.60488760043849,154.79774596571022],[79.82460299739269,154.52706840824357],[79.71802792324415,154.45510239514093],[80.80733473630028,154.27705094208883],[80.58582712044905,154.0815351937861],[80.3244285824053,154.11700562655963],[80.13832028752272,153.70684538754608],[81.22316002166937,153.29814930456595],[81.08436012254288,153.13120616685953],[81.42053214314426,152.9311590124894],[81.92867833294943,153.07450795583904],[81.95517386750296,153.27794884558907],[82.20257181248701,153.29980790190396],[82.200271591479,153.1424283469444],[82.51790319866501,152.95802441951122],[82.66377832957326,152.46617363278486],[82.27620847908183,152.21102417055513],[82.43766132604166,151.84778834713677],[82.72851001296398,151.86204871471057],[83.30488068638059,151.3844033289476],[83.28732602307348,151.18781441727],[83.46722699801147,150.9713821478644],[83.70572384198258,151.0545628656609],[84.26200688198259,150.74533036812676],[84.17359289114077,150.42203637777328],[84.3174664937035,150.26853585453105],[84.19421649879011,150.11171243236245],[84.55648056284039,150.01221726533186],[84.77827931901535,149.76202957372206],[84.98714640215937,149.87705739928856],[85.43344411430765,149.75692747386896],[85.93360992997059,149.30023851214298],[86.38244490133334,149.33317524490337],[86.44079723851576,149.2897319756916],[86.47716009038537,149.25547946564453],[86.92047728821993,148.94812325025404],[87.20368499478116,148.89056218778242],[87.3138451333763,148.85307049418003],[87.52578687485573,148.70696413470367],[87.54939106548747,148.42478868338287],[87.93463128051876,148.22170915509128],[88.01972076711144,148.31201256282552],[88.25135128349706,148.21857344113374],[88.54219346683121,147.8647232991238],[88.79863133325202,147.60738872487798],[89.06473622058667,147.11850560630864],[89.03860840092673,147.13338954634793],[88.99656012177678,147.1573427148008],[89.23703669813865,146.71350418848726],[89.48351305694487,146.67019944280054],[89.65078440763865,146.33632836618227],[89.22976520547871,145.6994333215061],[88.58560835826734,145.98892073763028],[87.91676815888223,145.61549668341087],[87.22926334700558,145.880028110733],[87.18542562063496,145.66391661584947],[87.48889840433444,145.67261128981687],[87.44648293569838,145.49053992426252],[87.78045066988307,145.21986229829037],[87.86508902930201,145.3582484879226],[87.97380929248202,145.22488325313796],[88.15329669725816,145.38080393209842],[88.2439218383824,145.17964889573688],[88.80190678585072,144.85040467390434],[88.57505913226399,144.9274441724225],[88.39162494338365,144.79710728848994],[88.267016229962,144.87072243345105],[88.17205170985682,144.68883278588802],[87.41551694792204,145.0271454757157],[87.33806014949573,144.71002585345576],[87.54603480355433,144.47616129076073],[87.44664280453992,144.39998394024857],[87.74593538088911,144.29435323037325],[87.79863831773325,143.7649946112169],[88.12116265710137,143.64739954758448],[87.61166015556071,143.3736088138156],[87.6416851180062,143.3549079824581],[87.65502889907259,143.3517564881805],[87.71744427174539,143.33701541225636],[87.95633052268013,143.23596535229615],[87.90895267178209,143.10250277632176],[87.85703794922705,143.1070221435049],[87.33856479318382,143.07172398005957],[85.18297548449425,142.04591003457034],[85.39484681871343,141.83672062294335],[85.23063347654788,141.60935703296832],[85.62954179009152,141.2066387310457],[85.43607570556631,140.7739956251952],[84.61402535287722,140.50971408693465],[84.83871482487795,140.3367659485976],[84.86884178072621,139.42995058883042],[85.53148315761803,139.64257343453352],[85.78900971973731,139.91837311255995],[85.94605559646197,139.80486778995697],[85.96434149478296,139.97745565678628],[86.50050789518112,140.1291081762194],[86.66467302684738,140.23083677936086],[86.68819681498125,140.23834699617345],[86.73360952710948,140.25284548222476],[86.744865885586,140.25643919307598],[86.8215431447276,140.26366325543515],[87.27866715211896,140.2980261443439],[87.33416091460586,140.3052592272445],[87.3364806741522,140.30556158578648],[87.41557207369064,140.33857100579792],[87.4964579460398,140.4191278116899],[87.66202584668952,140.47721205017382],[87.66529162400114,140.4758560042149],[87.69536118848912,140.46337024431136],[87.69781041928127,140.46235325227508],[87.69802077627533,140.39580621632467],[87.74551129782833,140.31872937808643],[87.74720301241089,140.31598373523053],[87.74182958661882,140.24645663526337],[88.35337293373536,140.4325703513902],[88.76863546263792,140.79112636259816],[88.92228036509316,140.60852568214418],[88.57412902104966,140.05677269634944],[88.54409197845986,140.02834161659962],[88.53415281408155,140.02467245615816],[88.19501231983416,139.8994747193801],[88.12936221147794,139.81040866762163],[88.07706784330537,139.782251412879],[88.0453005209047,139.77426557526775],[87.99065446513393,139.76052836059228],[87.97609947092604,139.75686944912627],[87.97103656149895,139.76345682665263],[87.96507575798645,139.77121245879698],[87.96137637890507,139.77602573996927],[87.95024006612894,139.8699555593616],[87.88782682989556,139.86614310636904],[87.87628511034248,139.860980317786],[87.83610132707341,139.84300549379805],[87.76694064982358,139.66782404780702],[86.89282942000476,139.38809306548404],[86.78850500065545,139.34166691746273],[86.78252030775403,139.3414451509668],[86.74502210711556,139.34005563195626],[86.49989674305817,139.55617811750943],[86.19097931345908,138.97184734401185],[85.4111034069158,138.61072952374616],[85.06154417756508,137.73730200080215],[84.51902942452617,137.3569156080282],[84.05429047235486,137.33925788685573],[83.7322931498864,136.46636433775998],[83.07428993819258,136.337330754979],[82.96111280910888,136.0722412108683],[82.49815910862702,136.12130082794954],[82.14614655157047,135.9159155895835],[82.02884345929579,136.2982751777567],[81.81309700236754,136.04604161476553],[82.05221147857954,135.79409702003272],[83.02581129415144,135.87066842396223],[82.7953596162736,135.19667202206875],[82.9039609428401,134.9896495264132],[83.2307718255911,135.10337980569017],[83.23224626266901,134.87349360330143],[83.93509785230063,134.8762382187124],[83.72809848914656,134.41672078639675],[83.92479830286749,133.709492806329],[83.72966029495444,132.86786561550224],[83.18330335390343,132.64494885088843],[82.87855064076784,132.27246201684818],[82.52570343782376,132.1833469330618],[82.56203444192744,131.62094433877473],[81.58891328613738,130.93820972024886],[80.89029444818172,130.73991574097025],[80.70925458999882,130.95375816537],[80.70690635636623,131.2125879602617],[80.59154167882662,131.32052113151008],[80.48080522793981,131.37305714252247],[80.44552275387886,131.37998699733532],[80.35565543600605,131.39763789857895],[80.11252394724187,131.53670531294938],[79.73849730905536,131.24712650098644],[79.69823843983427,131.84441060742495],[78.87716894444904,130.92135696497405],[78.94821853231662,130.89010464559576],[78.96166321246668,130.88419078387463],[78.97623658345853,130.84227946202037],[79.4435184770342,130.19271329162368],[78.06973117302772,128.37988199668666],[78.28997883579376,128.52070682079204],[77.9247080212111,126.81474598397021],[77.45484157949778,126.59859333703412],[77.46065214947237,126.76951194673586],[76.78820690130726,126.4358300727186],[76.32006768897189,125.7360151504653],[76.13533605285683,125.8353968160547],[76.11200216049055,125.8108726159565],[76.10684078164763,125.79351900430493],[76.08996105473014,125.73676590893444],[76.00238297697891,125.67097817388174],[75.90848594768607,125.96767135068569],[76.20154633978741,126.17226351447285],[75.53655739905595,126.24772915140792],[75.55864682664478,126.03697519249275],[74.98097628328793,125.82721767794249],[75.05987809561623,126.38488187426245],[76.03613933790545,127.02198130148683],[76.08796146998674,127.26689142811573],[75.52296224979293,127.03724871749382],[75.62162363136608,127.56307514175134],[75.3930525513849,127.19480689377883],[75.0462787750712,127.08583253066581],[74.94279984892813,126.84342718408772],[74.78454578919897,127.01392304462678],[74.39542222184629,126.62534285980823],[74.13251965015368,126.75920519496682]]]]}},{"type":"Feature","properties":{"CC_1":"NA","COUNTRY":"India","ENGTYPE_1":"State","GID_0":"IND","GID_1":"IND.12_1","HASC_1":"IN.HR","ISO_1":"IN-HR","NAME_1":"Haryana","NL_NAME_1":"NA","TYPE_1":"State","VARNAME_1":"NA"},"geometry":{"type":"MultiPolygon","coordinates":[[[[86.30565002112203,161.21151483863542],[87.35271825950397,159.98261916230845],[87.06884024333381,160.10211518145644],[87.82308498974606,159.36706505408245],[87.90836377207151,159.22277969548043],[87.92821222617424,159.1891975870144],[87.9312507678504,159.16558908332112],[87.07210401567275,159.9659753967846],[86.8889001714378,160.15998218842782],[86.36690315915642,160.59606075442431],[86.82938107589432,160.06714527657587],[86.58088404929701,160.26394043771108],[86.5768920756052,160.25288217638018],[86.58025563602843,160.19827897342182],[86.97870383509722,159.6390012625958],[88.21942293978627,158.31781717343938],[87.98940117456269,158.3875754168662],[86.88337645334707,159.49325589231944],[86.94066314158056,159.40090551747437],[86.03439181918013,160.41517568105706],[85.31597177052814,161.36235465410675],[85.57288976094581,161.07620618681872],[85.20554796352782,161.56736432916455],[85.34266307113788,161.4752512703857],[84.99390577222013,161.87042996324487],[85.2728433457294,161.61706354240303],[84.92384274561226,162.05151221318138],[84.96963630144715,161.92363184561646],[84.37481341956733,162.65327707665426],[84.37677677984703,163.06613090842959],[84.98132963729226,162.22917572253166],[83.82070464497396,164.22794898410962],[83.58837568462062,164.7714310292847],[82.9265580984625,165.81535786408338],[82.5486371411952,166.41474933483994],[82.10927256856118,166.89698219495546],[82.06365175628686,167.32933413249916],[81.56643054306811,168.7257392120321],[81.4978591770806,169.28222193602818],[81.35273385811922,169.4238003051348],[81.15528005066159,170.3712935519328],[81.21236137909551,171.44041451256533],[81.1701913229573,172.42216526488664],[81.24131587652533,172.44515685274595],[81.36965130023546,173.24225927595785],[81.15046430508886,173.21156207353891],[81.23798959829998,173.7601422166532],[81.10475687079301,173.73902196383779],[81.33078543679605,174.3775639737647],[81.27469735139336,174.48043348257005],[81.44732578797931,174.86629965894454],[81.67774097386473,175.80868134456978],[81.46577018564425,175.35183176122118],[81.4225206895141,175.41882476653984],[81.58026670155844,176.03831657670773],[81.18743383899468,175.30235564187348],[81.16920195801592,175.60929227736077],[80.76137411565188,175.09958625758964],[80.63985220244766,175.18248961948805],[80.75547948194095,175.66190359302888],[80.39333951740895,175.52874483903994],[80.62111051666147,176.31904059675827],[80.38705064267894,176.57456084774688],[79.96391512082734,176.14296579988186],[79.44088950457237,176.13147473873457],[79.26408342859172,175.75707244216508],[79.13278901789153,175.73023643035276],[79.17982086038438,176.01061861547555],[79.23747299762312,176.36292272071128],[79.15239848534625,176.49693881423352],[79.28487947773897,176.82955060685012],[79.43035324823796,176.80534375020935],[79.76096607655806,177.3947052948004],[79.6879157457413,177.66652989980193],[80.36624149350774,179.26513323928924],[79.85603313806106,179.10698540891735],[79.95607119215751,179.46439311018204],[80.49323953668431,180.17207669844012],[80.43313852997285,180.50163897706295],[80.5432023286951,180.75754610789346],[80.60494560255023,180.88954230805035],[80.7188046330911,180.61386395471806],[80.75909453113769,180.59639951631783],[80.88139048373723,180.56856629594773],[81.31233702674011,181.34988112715058],[81.69679105710941,181.85249434267374],[81.78718129152406,181.65086992004495],[81.9188696566609,181.84109290788052],[81.8538130553336,181.53823813294588],[81.99109706667048,181.73532598124842],[81.97780671349425,180.95969738052247],[82.34134871182044,181.43240532224127],[82.58497990179309,181.887596308765],[82.4808492043663,181.4907573282701],[82.30781795644035,181.20624329474393],[82.30813886191393,180.9838167234228],[82.1757026971332,180.71736104944284],[82.26639697106626,180.5494137422791],[82.48451219693422,181.06279337523074],[82.71605294880536,181.31979734655505],[82.53438881970527,180.55446910462166],[82.0322422978679,179.46279101188296],[82.05340438814217,178.9048591688457],[81.91037065926525,178.35238620812802],[82.29557573073299,179.02648626212516],[82.25544561455725,179.1131059642864],[82.57687157252707,179.93121581989647],[82.66935691869428,179.90958748439613],[82.74305272660672,180.2421651317314],[83.28036854590907,181.08681917850913],[84.01774601487217,181.81898153599462],[84.14241999367903,181.5953504106954],[84.56531000978113,181.89553700526653],[84.43383919664366,181.68334737897464],[84.87087440155017,181.97171233980782],[85.21376293826899,182.3228789115313],[85.55500082693796,182.36517934193466],[86.36359354013453,182.99232007825444],[87.45013515611643,183.42076243126272],[87.26143648889298,183.0229400361483],[87.47128555570025,183.10243266900807],[88.69095426398448,183.85271394909614],[89.4074165928452,184.6494580784326],[89.72793824646472,184.80578917004684],[90.54123542118197,185.49384905725225],[91.46262770320311,185.99634467934703],[90.98647411819098,185.99934131621177],[91.03165728472797,186.23423865023477],[91.47047899935458,186.35582145935692],[91.69600573234696,186.680573381724],[92.65705859749919,187.2036508078507],[92.37246145962052,187.3220383947074],[92.46706709965994,187.4503427291002],[92.64349243479616,187.28001722369262],[93.32810452403022,187.23154696795888],[93.60192282457373,187.3259431854513],[93.4759200834713,187.40091543422872],[93.98205912872362,187.3600055882415],[94.0618131623356,187.62563655405282],[94.32999105674577,187.68507220464363],[94.40494638458904,187.28724350430093],[94.86741383418008,187.1754256271625],[95.53101239345315,187.18729654240587],[95.81268102418018,187.10722862441173],[96.69958859240839,187.1620934459591],[96.96610574121549,187.40647736084185],[96.19912343066332,187.62085500283143],[95.55012910259126,187.61346877682416],[95.83503762440023,187.7001462632023],[96.69569988327461,187.63020942805022],[97.87774098705934,187.72110975118977],[98.96927090281383,187.80854965389534],[98.32912154471346,187.91698351473335],[100.47343437898942,188.16402985251676],[101.0937590950993,188.43628941490226],[102.08041952801506,188.6040710015415],[102.71521275713584,189.07891099326622],[102.80926255328775,189.16407765021881],[102.87276040553454,189.229066541632],[102.48418409259364,188.97106067451796],[102.64004855964819,189.16423796399562],[102.85168116065776,189.64441678250006],[103.61510132793073,190.6391591792163],[103.07110602915795,190.1689509806815],[103.38032063277541,190.6654694502835],[104.01071660414635,192.00383920628448],[103.62644280008428,191.7875189398191],[103.28566840951594,191.68811038879107],[103.33894901767793,191.98739143627296],[103.37286681182303,192.18368274452004],[103.385948945549,192.87847195595364],[103.09410108042155,192.09706008856045],[102.7729676599011,191.58481243439667],[102.49065906559795,192.08161889457273],[102.39838996456844,192.20343106135599],[102.5332317702307,192.53415594328914],[102.59820553088795,192.79200110796538],[102.66590259642192,193.03776880352365],[102.86621892382072,193.60947071683847],[102.86850421733953,194.12132233721184],[102.61340874991201,195.7319607612569],[102.78198031755782,196.6975911260615],[102.1954995180302,197.54507037927786],[101.72486126647183,197.99375937057766],[101.22573042045424,198.58243643425095],[101.69710665386262,198.88678670190484],[101.96390321540542,198.41239002158096],[102.39671349723629,198.1865830067829],[102.66106934226725,198.3344911002223],[102.88017854120079,198.5523607859139],[103.4660173964114,197.80031005073525],[103.86559658112942,197.15116477981064],[103.83952283626284,197.42262812861557],[103.8440977062655,197.4419363573397],[103.85503776319374,197.48810884340114],[103.87882876308858,197.4644482431807],[103.90059884310482,197.43047122174596],[103.93467520017607,197.3350083615192],[103.96220731345643,197.23450039872876],[104.02685112306966,196.98491781972342],[104.42586473457463,196.00418395691244],[104.43585611795356,196.37235352916073],[104.92458656119638,196.04332065706976],[105.28822346032388,195.66937366266632],[105.51927185849539,194.94331547524112],[105.60843264867296,194.46256438682124],[105.55426623659463,194.16463195580792],[105.44274530202674,193.81884837939157],[105.7149472726988,193.6220965650618],[105.72813998453921,193.08088209556985],[106.22497820209391,193.35922717968856],[106.40208578600993,193.00507616590326],[106.58569078491655,193.51613575654002],[106.45197852302718,192.9143986966078],[106.71126994851596,193.0415092809726],[106.79594725332268,193.40533695920402],[106.9841930212998,192.68880379890356],[107.03437951095661,192.51434377415023],[106.89126739042075,191.8799883779441],[106.58627045540402,191.03921845220057],[106.32925559461862,190.81694506155583],[106.28777923708776,190.7193327854384],[106.28274672905543,190.69847979772294],[106.2673936506146,190.6348619050016],[106.3109389729137,190.61262401204573],[106.30171936077868,190.55386939280442],[106.29369695161016,190.5339729365058],[106.26759474833635,190.46923660408675],[106.3064413786483,190.3916804291737],[105.49850105692875,189.73721253060785],[105.203495029392,189.17169717539588],[104.87820361912581,188.84310494113936],[104.4706837760545,188.25858251330504],[103.99795403484659,187.99834397550418],[104.22875910021409,187.8271814015652],[104.1347740836892,187.77163462523896],[104.00536174667135,187.69514968749053],[103.96976274336654,187.6802943206417],[103.26355955063767,187.13917496558392],[103.57164391460317,187.1204956268356],[103.18509369779485,186.94564208949197],[103.88403897066051,186.80108389633756],[104.10403366949595,186.66066019252295],[103.60941543608168,186.5594086027361],[104.06169444762168,186.46626954064868],[103.19172596728279,185.5031729316583],[102.45819660167189,185.1928834255343],[104.23728302943007,183.92775611312027],[104.30637795944595,183.85974828040605],[104.30345450700467,183.8584074098995],[103.95727611970331,183.6992994311358],[103.33777247567583,183.4738570223191],[104.59760938038234,182.32642116513205],[102.892320784998,182.55955060628912],[103.26128553079408,182.04437992786598],[102.30350581485779,182.09752055572028],[101.46654384933686,181.85103916097006],[101.15208556401734,181.77168617656736],[100.95077264157015,181.77161429280252],[98.79532873710332,183.02705937758344],[98.22514881830202,183.20270322490694],[97.56558361805979,183.01094962316228],[94.89742577784635,181.66701963359182],[93.47239061734648,181.02457152566228],[90.55872764858263,179.89727121520824],[90.16310194965239,179.42587327885977],[89.22288531177844,177.98140078847652],[88.98996977926765,177.42907017173354],[88.65907373285727,176.26766172352424],[88.53998267167088,174.79841909718024],[88.18042068898615,174.2112646637333],[87.87306424756315,173.30185596531982],[87.62236337866763,171.87883938550698],[88.34885386867936,170.82348081987158],[86.85326939990874,171.00573155023312],[86.80513477474196,168.30512215806908],[87.32725301492678,167.03522011292944],[88.79689717176807,164.1791131260513],[89.20646922790948,163.53502569003902],[90.96916667026375,162.5007929709339],[92.85444105586426,161.63861773545233],[92.60753447055227,163.4981052803635],[93.72447089064383,162.0668757553888],[94.32138120059119,161.53950595034098],[95.65786019638202,160.5689816254171],[97.03642339873777,160.21885192445978],[97.37237803625251,159.04820299517667],[97.73570082559017,158.3714188337247],[98.81076296478176,158.01030184193255],[99.90783423480988,157.81676185045652],[102.03316061273108,158.29650512494027],[103.31463904204784,158.77069677480415],[103.01000639665016,159.62647651787032],[104.62799024605873,160.61495876606872],[106.60352254299585,162.06842889875173],[107.83172527425121,163.3385927106433],[108.00578982618198,163.04430785785223],[108.29135816027372,162.47198361765766],[108.42783177529803,162.24837162874104],[109.33936762556206,161.29342816267052],[108.8815596909732,159.77906081651184],[107.97612905005623,159.01774239780133],[108.0974107426938,158.63274910286114],[107.96891152055923,158.5037474804592],[107.91391735157906,158.4332888161453],[107.87227751992202,158.38106485374664],[107.68414134268492,158.19046460947754],[107.18412852533544,157.94812539638014],[108.09012170292044,158.02937163981545],[107.33011265012206,157.3114729907718],[106.83870425737325,157.1468131256536],[106.62039918466307,156.7882103941617],[107.36684300618283,157.06944272385473],[106.5360698423612,156.52786706978014],[105.36171549116426,155.18577414321402],[105.82802353345151,154.9946268620661],[105.34847931047543,154.7716730007584],[105.66131973913805,154.82471599151188],[105.21986214749776,154.55772569352098],[104.85653071131675,154.50705258537732],[104.60408737844992,154.29591709827162],[104.47462882465878,154.18285151409907],[104.14047038555594,153.98339963221594],[103.69885612832806,153.97810671139973],[103.62991385442075,153.75126702588005],[102.67319395894833,153.5265654239289],[101.97821889258968,153.2296508421896],[101.92576263193374,153.2105978779047],[101.9125665940154,153.20193960508558],[101.89764986063352,153.19215233802953],[101.8886155009746,153.19254740805712],[101.7128435394117,153.20845606909427],[101.33438454969331,153.1159705870158],[100.80135287906545,153.21172758512853],[100.73017491659375,153.14326997749566],[100.37096528638966,153.1110074425595],[100.61815282885014,153.15763704967105],[100.20787911380634,153.17426851673852],[99.8489708619247,153.05723063007636],[98.60111770534797,153.1859718018567],[98.4560940879677,153.10200054439827],[99.35470593302034,152.97932149260816],[98.1929487310554,153.02464358709832],[98.12417165338334,152.8372477407779],[97.21311886183562,152.8952246546557],[96.8044460170847,153.06299246934503],[97.18568302610416,152.9872417458126],[96.75505593351488,153.1196171407979],[96.66449311264118,153.38684262037677],[96.95714044406785,153.34573616380084],[96.47601153669802,153.77329511880342],[96.00805469269946,154.67576677024192],[95.68543290712906,155.29583338194573],[93.71624311484334,156.5358665617529],[93.96143256379442,156.50400590358998],[93.11785630855127,157.07074685018137],[92.18459350810436,157.40821132214617],[92.5450134070154,156.70914097254854],[91.85555372536494,156.7317220423274],[90.98185710379093,156.95355430071373],[91.205097759019,156.71340996577305],[91.81890991472756,156.16186978337666],[90.6879004547173,156.5418361354829],[90.02510765887912,157.35760828158726],[89.0618309560767,158.21037971966268],[89.36443425421407,158.02380277607847],[88.61085574904143,158.82547461502696],[89.02881647799785,158.51417185673776],[88.32918567627341,159.43865304669876],[87.29216700280698,160.1500908506825],[87.06655480901595,160.4972734195364],[86.30565002112203,161.21151483863542]]]]}},{"type":"Feature","properties":{"CC_1":"NA","COUNTRY":"India","ENGTYPE_1":"UnionTerritory","GID_0":"IND","GID_1":"IND.13_1","HASC_1":"IN.HP","ISO_1":"IN-HP","NAME_1":"HimachalPradesh","NL_NAME_1":"NA","TYPE_1":"UnionTerritor","VARNAME_1":"NA"},"geometry":{"type":"MultiPolygon","coordinates":[[[[109.89470794926389,195.78680770473937],[110.65022831388647,194.44867949697237],[110.67771553221874,194.36147004197593],[110.67927988571577,194.35873315593284],[110.77508384485641,194.23401032516384],[111.24097522046932,193.39966210940196],[111.31436847783716,193.20331948470408],[110.97964607084207,193.46815390492853],[110.9397011367224,193.49571879101933],[110.85365622455673,193.50349409298144],[110.80622048964526,193.55816967186698],[110.75307631757738,193.62539590447446],[110.24425849000131,194.4906728427891],[109.57578420880657,195.01408989939887],[109.09689161418572,195.65205423241446],[108.7008286539393,195.84708642474288],[108.29415454175448,196.5709205983992],[108.07833244025892,196.96011394001573],[107.79357922827722,197.3151540324867],[107.64743884805688,197.2035427054807],[107.08910280827766,197.64687764231164],[107.0340281785657,197.51142466066634],[106.75648624803671,197.96398110757593],[106.56923844357078,198.05990346124423],[106.46781670513872,197.6904913949873],[106.69697552699348,197.12707711438736],[106.69055120682258,196.96194680019815],[106.81432496226125,196.73744552635586],[106.51088972961865,197.2043065959249],[106.63351202804054,196.7973050802648],[106.80313194236354,196.6159518477661],[107.02362176640816,196.06070603575094],[106.797268725903,196.43911884324217],[107.33508938221063,194.02288064075157],[107.23086651613114,194.09914908964927],[107.41496715930056,193.08145721277344],[107.41173260023551,192.99633637689502],[107.41141634302178,192.98801373450686],[107.40335334685223,192.98543656744033],[107.38976414166297,192.98109306394124],[106.96561867403594,193.0567609049372],[106.95285573973126,193.04670197996438],[106.931502168754,193.00652919682386],[106.94151908692537,192.89910855497104],[106.9841930212998,192.68880379890356],[106.79594725332268,193.40533695920402],[106.71126994851596,193.0415092809726],[106.45197852302718,192.9143986966078],[106.58569078491655,193.51613575654002],[106.40208578600993,193.00507616590326],[106.22497820209391,193.35922717968856],[105.72813998453921,193.08088209556985],[105.7149472726988,193.6220965650618],[105.44274530202674,193.81884837939157],[105.55426623659463,194.16463195580792],[105.59690503153087,194.3362879163771],[105.60843264867296,194.46256438682124],[105.59155041413024,194.66258191858594],[105.51927185849539,194.94331547524112],[105.28822346032388,195.66937366266632],[104.92458656119638,196.04332065706976],[104.43585611795356,196.37235352916073],[104.42586473457463,196.00418395691244],[104.02685112306966,196.98491781972342],[103.98713304643681,197.14814120323987],[103.96220731345643,197.23450039872876],[103.90059884310482,197.43047122174596],[103.85503776319374,197.48810884340114],[103.84392977596322,197.44585510434752],[103.8440977062655,197.4419363573397],[103.86559658112942,197.15116477981064],[103.4660173964114,197.80031005073525],[102.88017854120079,198.5523607859139],[102.66106934226725,198.3344911002223],[102.39671349723629,198.1865830067829],[102.31833627935279,198.23727554067136],[101.96390321540542,198.41239002158096],[101.69710665386262,198.88678670190484],[101.22573042045424,198.58243643425095],[100.29918246905885,199.36013692468651],[99.35431112714606,199.66091203371724],[99.71655828007172,200.55262538513642],[99.40695503540752,200.58679151051228],[99.46109563355266,200.90121741816827],[99.82220737716568,201.08208636428338],[99.3758374115894,201.08072387787797],[99.5412490199282,201.2819446626682],[99.34124171749886,201.44201940759865],[99.08618721118,201.28283532895142],[99.12019477029341,201.45210924350448],[98.97730018189866,201.31695013140393],[98.9657812356581,201.4379759161357],[98.78662409304357,201.37096010690635],[98.6639218848847,201.5790663722509],[98.40118239473782,201.4036649721258],[98.53745413251276,201.54725161763662],[98.01415923083482,202.04888516977874],[97.72238635453209,201.89109248589426],[97.75266497989622,201.6539666927502],[96.28320673606409,200.8296434495976],[96.14978578014937,201.12656694826464],[96.36941269289547,201.3450615962165],[95.89092158317143,201.99493136272645],[95.45824298575097,202.98166820478156],[95.74884733445774,203.05468804379564],[95.46860599931776,203.55030911361234],[94.30163231551379,203.57303689802575],[93.91375849899276,203.47095794758619],[94.52204359400854,203.88704166155748],[94.3358781100651,203.85415035287215],[94.43957385128516,204.00870818342244],[96.11113368534798,204.71085574002433],[96.10142219431881,204.72207290495265],[96.08051582307432,204.7340398459167],[96.04413631407232,204.7548637101557],[95.80862390780646,204.85875700584424],[95.95039470923876,204.9764770052634],[95.96426109195535,204.98221830323274],[96.13963237489419,205.0530305277383],[96.24198310458888,205.12098849769671],[96.14691159540519,205.15599231697092],[96.26571719485673,205.28683401811068],[95.8237593814444,205.50398556772257],[95.9343656855796,205.5667614358651],[96.45723697905696,205.50415851685537],[97.25486854782524,205.71964946485215],[97.90590527148694,205.7583042293742],[98.67391113225383,206.0207123410681],[99.37645958612649,206.08101690388267],[99.54069220761062,206.01924011632264],[99.89644389718721,206.05707000253503],[99.95461063751907,206.17215731528614],[100.15431418492204,206.14678268786855],[100.1086261152234,206.0012668788603],[100.43901135543338,205.75346278084908],[101.05764128222648,205.58130095216939],[101.11613024358238,205.46138602984772],[101.81546613057594,205.2400793243214],[101.90784392621583,205.33196850746444],[102.10828398504907,205.264482213226],[102.73214784438235,205.3673810089091],[103.29252994618447,205.12387071611772],[103.23789980545122,205.06300602961372],[103.7699680774264,204.81152474732008],[104.04599374243894,204.68288685354787],[104.1067715093169,204.51205122529575],[104.52432624794756,204.0925527714247],[104.69005794488615,204.02102130981262],[104.62997476520731,204.14931768891316],[104.74557739875992,204.06563400124452],[104.78979340016893,204.1283131285386],[104.90536456563848,204.02540730204328],[104.9193159750024,204.08229853874118],[105.1498619289016,203.95734066870284],[105.23274726841844,203.93973778814345],[105.47639243971662,203.90320114240865],[105.41510078570037,203.9910269943835],[105.61644697017158,203.9490921332013],[105.69630436865978,203.9083161858105],[105.72645275532625,203.89052249040625],[105.95743367581535,203.45793507333084],[105.63636868764935,203.5135491320206],[105.64335053826679,203.3506541960239],[105.80983602224275,203.19421667258055],[106.12983502595223,203.13084644806423],[106.14992020481023,203.11171561203037],[106.15920446585761,203.1055320584003],[106.17295986222237,203.09637061510497],[106.64335655948575,202.6721693167571],[106.72012947108999,202.60401043930295],[106.58372275336833,202.53239865573696],[106.60460719945158,202.25341194879852],[106.85022590965015,202.04339049708628],[107.32479783376309,201.6324760264747],[107.3309982197689,201.43537362521917],[108.01740719410992,200.48920766928228],[108.20843683374424,200.22422466148697],[108.34920391606428,200.03198413682708],[108.42437296835615,199.92739206865934],[108.41224526533927,199.15209708329922],[108.82354023830288,198.27142409801124],[109.00280875062137,198.00028890318475],[109.440718283498,197.34653148767552],[109.06851980249832,197.18441923613983],[109.69784836317126,196.3019729491092],[109.7180362822715,195.9989938859498],[109.89470794926389,195.78680770473937]]]]}},{"type":"Feature","properties":{"CC_1":"NA","COUNTRY":"India","ENGTYPE_1":"State","GID_0":"Z01","GID_1":"Z01.14_1","HASC_1":"IN.JK","ISO_1":"NA","NAME_1":"JammuandKashmir","NL_NAME_1":"NA","TYPE_1":"State","VARNAME_1":"NA"},"geometry":{"type":"MultiPolygon","coordinates":[[[[92.02255493021386,203.96751825635909],[91.55947082583242,203.7212227871335],[91.01598713393872,203.65735332637922],[90.21525488763915,203.39740884703554],[90.23054762339191,203.72135823889454],[90.4798481245939,203.929228785987],[90.47234927927404,204.09057749289295],[90.9295237746364,204.5710090724629],[90.60752049814192,204.4055988342204],[90.3785699380274,204.1664535517227],[89.95849590016152,203.98614826375592],[89.7099775851895,204.0533774927147],[89.72927848242063,204.36407242468155],[89.24083217081939,204.35122264811915],[89.60148393895372,204.67119565239628],[88.92191276112445,204.63517169895715],[88.64093199906031,204.95522808249558],[88.16429811577177,204.96274458076743],[88.20944752591261,205.0691440205031],[88.58703353441581,205.10389802865393],[89.06803348332753,205.36449317123441],[89.0131723663907,205.5107142302093],[88.20372157872967,205.612664836487],[87.93937239235116,206.04631985332514],[88.55074759677025,206.2389369067202],[89.04270213096336,206.25322938385972],[89.49236067917853,206.4719482466241],[89.49447533825722,206.7136288494056],[88.97428885369695,206.8363862048601],[88.40279967154171,206.80210711928277],[87.79950240800605,206.96099899737135],[88.02190408895456,207.09461812314925],[88.38770089142514,207.3167719759328],[88.42227105527239,207.45586837078818],[88.08973521244592,207.78659579250063],[87.37401443605128,207.91476207276094],[87.45494534353365,208.1070349322548],[88.08337220006968,208.32396811394327],[88.02021484362987,208.61780412699216],[88.26770481237035,208.71396837112087],[88.09331589189937,209.1510732899889],[88.21005345994061,209.40653750452879],[88.45757925283407,209.42639977303944],[88.62310572700379,209.26741100382054],[89.11470487995183,209.18482778935453],[89.80144582669706,209.6467719470385],[91.05670181149085,209.25570409341321],[91.47370262778904,208.8055256690908],[92.00085880033615,208.66389919390903],[92.39241474854838,208.5598199285218],[92.9312178238205,208.23959196352877],[93.44860415732957,208.30156568916348],[93.94562716705563,208.13785891088312],[93.91996573272418,208.01757012296412],[94.28916651364982,207.70892252947118],[95.8737958032159,207.5424669395379],[96.25074190168439,207.60893029361472],[96.90010324349367,208.0129642388248],[97.23578173203353,208.22488899851183],[97.5783865045114,208.05332439875772],[97.86231226686544,208.2965587977452],[98.17821707945957,208.5651840913084],[98.45387571870096,208.59918524188353],[98.78530454895562,208.93582681530506],[99.14455173311869,208.74872028511848],[99.5267566301705,208.79217856526336],[99.65167101099856,209.23171140193307],[99.62741728603635,209.6685260792498],[99.93878742414233,209.9004749932878],[100.28199333362025,209.68907559205985],[100.3051539650954,210.21973057948142],[100.46006912115632,210.15522512765324],[100.68859597182788,210.309365019923],[101.90853866816357,211.9763835428029],[102.86274808165427,212.6459472709312],[102.97157444655289,212.2499480481407],[103.27892277607263,212.48924211092339],[103.85062161153175,212.58260872816024],[103.97944929478285,212.4758282834625],[103.71502347058437,212.26252550197054],[103.35480579773564,211.9696882376894],[103.34867591855524,211.2673408489236],[103.69940747953264,210.6031775255062],[103.48117568520286,210.39875359048574],[103.71113004553523,208.6255635749156],[103.97737188431945,208.10586094849054],[104.6486178954264,207.9137347658541],[105.34906213466616,207.96660089384525],[105.98607762501946,207.81969904281124],[107.46214609181708,207.48716329779296],[107.54879406730493,207.466964816754],[107.40410040288131,207.3051685662013],[106.25561592082502,206.98721378061316],[106.56496533285178,206.92836050420013],[106.35189085653224,206.79411555332098],[106.53919278906557,206.5683617254038],[106.75130422337813,206.30819848957253],[106.41565365796117,206.0720544516611],[106.97872687245965,205.270679470184],[107.41935531219534,204.87367001418224],[107.99460657934468,204.35018577844232],[108.18348676061585,204.17967217949695],[108.25020484325111,204.01348627863635],[108.86882726520165,203.586129373709],[108.74556177605646,203.4190509577167],[108.82121821350773,203.2328712931066],[109.31243678748368,202.83983584913892],[109.45135505318619,202.54872525573347],[109.42571184725702,202.1542526616284],[109.60890468291605,201.9017784917907],[109.65954143695579,201.40750254475557],[109.77280308469395,201.32170772507058],[109.81742182380756,200.81829853496566],[109.38638668233209,200.97071768839797],[109.3154263107113,200.61456976592223],[109.16207662697175,200.79414339914825],[108.81667163830859,200.9070261482579],[108.0140977993116,201.8456422374898],[107.8474877951245,202.0392169941374],[107.69655296800899,202.21212073151747],[107.5800584463912,202.60183487128913],[107.32223168736758,202.94902437150438],[106.95663521972,202.92933233639943],[106.1296309371735,203.21762787721207],[106.17295986222237,203.09637061510497],[106.16871932551223,203.09733091920015],[106.15920446585761,203.1055320584003],[106.12983502595223,203.13084644806423],[105.80983602224275,203.19421667258055],[105.64335053826679,203.3506541960239],[105.63636868764935,203.5135491320206],[105.95743367581535,203.45793507333084],[105.72645275532625,203.89052249040625],[105.61644697017158,203.9490921332013],[105.41510078570037,203.9910269943835],[105.47639243971662,203.90320114240865],[105.23274726841844,203.93973778814345],[105.19106837667564,203.9459096826733],[105.1498619289016,203.95734066870284],[104.9193159750024,204.08229853874118],[104.90536456563848,204.02540730204328],[104.78979340016893,204.1283131285386],[104.74557739875992,204.06563400124452],[104.62997476520731,204.14931768891316],[104.69005794488615,204.02102130981262],[104.52432624794756,204.0925527714247],[104.1067715093169,204.51205122529575],[104.04599374243894,204.68288685354787],[103.7699680774264,204.81152474732008],[103.23789980545122,205.06300602961372],[103.29252994618447,205.12387071611772],[102.73214784438235,205.3673810089091],[102.10828398504907,205.264482213226],[101.90784392621583,205.33196850746444],[101.81546613057594,205.2400793243214],[101.11613024358238,205.46138602984772],[101.05764128222648,205.58130095216939],[100.43901135543338,205.75346278084908],[100.1086261152234,206.0012668788603],[100.15431418492204,206.14678268786855],[99.95461063751907,206.17215731528614],[99.89644389718721,206.05707000253503],[99.54069220761062,206.01924011632264],[99.37645958612649,206.08101690388267],[98.67391113225383,206.0207123410681],[97.90590527148694,205.7583042293742],[97.25486854782524,205.71964946485215],[96.45723697905696,205.50415851685537],[95.9343656855796,205.5667614358651],[95.8237593814444,205.50398556772257],[96.26571719485673,205.28683401811068],[96.14691159540519,205.15599231697092],[96.24198310458888,205.12098849769671],[96.13963237489419,205.0530305277383],[96.02316259416062,205.0045975048803],[95.96426109195535,204.98221830323274],[95.77607443147399,204.90810576990998],[94.12693738223334,204.202146458591],[93.80156015399515,203.92849557850968],[93.80552188535852,204.08846131721853],[93.00540361723323,203.87349847542419],[92.46762462156278,203.95565157167215],[92.25133517490902,203.85431479560992],[92.02255493021386,203.96751825635909]]]]}},{"type":"Feature","properties":{"CC_1":"NA","COUNTRY":"India","ENGTYPE_1":"State","GID_0":"IND","GID_1":"IND.15_1","HASC_1":"IN.JH","ISO_1":"IN-JH","NAME_1":"Jharkhand","NL_NAME_1":"NA","TYPE_1":"State","VARNAME_1":"Vananchal"},"geometry":{"type":"MultiPolygon","coordinates":[[[[139.0951254438825,133.50794245092095],[138.93680630470013,133.682627285019],[138.9679180494875,133.58419530978543],[138.53267711627902,134.07493892663226],[138.43689358276217,133.9739371477042],[138.40924658945684,133.96356398261534],[138.39854155004463,133.9595474467165],[138.37961708964076,133.96463879395105],[138.46911222962123,134.10707607797622],[138.50320517868624,134.87601083336614],[138.62672053492096,134.91574428905844],[138.41715381383406,135.7890209834021],[137.86070494904857,135.69346464851128],[137.8349864795508,135.7885753129739],[137.45182677262875,135.83862983889685],[137.43953445399544,135.7436135820318],[136.6154633082915,135.83104210467624],[136.4896027049284,135.6458578165994],[136.06263259378085,135.66689712414694],[135.5468705810963,136.03220968864377],[135.51930361586912,136.20698638500332],[135.0985310275897,136.4177110981477],[135.078913689096,136.56673452233605],[135.26950226312468,136.7582858980833],[135.4843943961692,136.73966797558094],[135.7119764496271,136.90285497492542],[135.66648547735332,137.0569969349839],[135.82557278530757,137.12741038431682],[135.92001716272915,137.44172838109813],[136.05462370408515,137.5049807401251],[136.0583209938208,137.52579866547129],[136.0555522673844,137.53476082094733],[136.048159594986,137.55803300648165],[135.97880712694402,137.79166766362806],[135.69626944675085,137.74491062561003],[135.656453268204,137.82765502166154],[135.4850734930245,137.79011989980097],[135.3438201193158,137.92430466973414],[135.2820965671892,137.74574265950775],[135.13959069803636,138.10972837825702],[134.7942232995446,138.28453997976882],[134.92666209888915,138.87403012159513],[134.74198604705433,138.9839163895114],[134.68284848897045,138.89404939963123],[134.53284239677893,138.93114441587286],[134.5573172641367,139.209280497335],[134.71761682786376,139.39469274196315],[134.73399246745495,139.84373469803916],[134.4643964461494,139.7481444339552],[134.4437446077317,139.54406330597956],[133.94251680893368,139.4906074024071],[133.60992943469475,139.75038117519722],[133.68208181427048,139.84221110113086],[133.57410913584604,140.19872256105998],[133.04042133811015,140.25350535999428],[133.11483490548324,140.32239037049246],[133.01314055182797,140.32702814274307],[132.88451120040642,140.75177956509225],[132.87387170404418,140.7588646647036],[132.8597162667699,140.76028286989282],[132.76919298563953,140.76935221791507],[132.5714672825123,140.87794968462373],[132.26740367930194,140.8515148206037],[132.18319943765175,140.84599126637386],[132.5212685544183,141.5244726523975],[132.42483319711954,141.63326159328483],[132.7239085995911,141.87058879025125],[132.53415870074508,141.9802349670631],[132.50032416150452,142.4344216371329],[132.9037415692922,142.6528455734814],[133.74087744028068,142.73463431185462],[134.53512413094876,143.13377115322308],[134.83125427811086,143.72112907041804],[135.0385715784798,143.61889147630734],[135.2564738219837,142.97108393875993],[135.41349514740503,143.31643778866635],[135.54418287013402,143.18809697711507],[135.52643358287088,143.38176928974457],[135.78837735647352,143.48126088234744],[135.86789545831624,143.3802378244566],[136.0373502624514,143.61811620280594],[136.10845671426466,143.32878464447828],[135.9343465508022,143.09101322741026],[136.01719913397903,142.93290770271304],[136.35362322102463,142.79963437564675],[136.3086523112201,142.67708897679992],[136.4508160355801,142.75698962269158],[136.54403393564917,142.59391126223173],[136.9479859211183,143.22749418428276],[137.24635027724557,143.26130931852657],[137.37767313283456,143.60631342689078],[137.89480385590977,144.21139664118667],[138.01502425978018,144.16543020243864],[137.95667110877338,143.8262947325918],[138.13982540530668,143.95600304509844],[138.0939268480036,143.5154779263825],[138.37390312993165,143.630068757251],[138.85321788022637,144.1423143509378],[138.75244700391966,143.83352106983432],[139.1934229246425,144.23599191734803],[139.1604854886788,144.4048889023234],[139.6948671880174,144.83064679616007],[139.7299335966296,145.00827882243814],[140.6164162624477,145.49906875273302],[140.67002401089155,145.38701214236542],[141.00416121085334,145.8743849646894],[141.42961264126814,145.9911926017452],[141.55440845802156,146.57137128509018],[142.23000678161492,147.52321644912385],[142.8956239589734,147.6606236304619],[142.9205911852361,147.48864873722562],[143.16863312056043,147.49877758902787],[143.57367106384223,147.88353686466837],[143.66395561683706,147.94087372499627],[143.52786889538677,147.69237489188538],[143.89419303598706,147.79823722662695],[143.73484838664248,147.29912982972616],[143.88004613778696,147.07344500590094],[144.2575297988472,147.36947459429152],[144.52658257652996,147.3034349142085],[144.82775812314313,147.48028563677002],[144.27326226581027,146.6513229724553],[144.661633256736,146.7302073494522],[144.90025700101248,146.521088555866],[145.1731966317106,146.62682176465765],[145.93187986098036,147.7057665669374],[146.6261969311272,148.34549296143834],[146.87168042287814,148.21873433199514],[147.28326544579517,148.45257800920842],[147.46504111594845,148.68967839640885],[147.66456271528256,148.65327301102258],[147.6514877145824,148.7374343235435],[147.72237942107827,148.6592640229818],[147.6419658114898,148.50855180996277],[148.0582371013021,148.63503049589949],[148.19699691005485,148.5517935398037],[148.20675931890014,148.76012763565643],[148.47254932708802,149.07835497546006],[149.19439043183527,149.06864391970237],[149.84857261625308,150.0571788897052],[149.71805349501037,150.05433945116994],[150.05811360428714,150.3241367204419],[150.31685013431172,150.38531048692752],[150.5429619354905,151.18298164858646],[151.40621194924626,151.69002095855808],[151.67560137803176,151.65590751368197],[152.19394014860984,152.45919983912052],[152.53343917473254,152.43255642675797],[152.7513565653963,152.60026323127434],[153.33626812611055,152.55036937154657],[153.6991136917295,153.19829220675788],[154.05704919640513,153.14304084586857],[154.21438056647798,153.43463382375245],[154.5127996448602,153.58854910317876],[154.48138582789778,153.4755156301718],[155.3434487837313,153.5238499461166],[155.3675018188809,153.2849645911942],[155.9604221817847,153.35462009152465],[155.94482545811616,153.2171881909517],[155.58508875004844,152.50860531748924],[155.60063865072985,152.47109549726406],[155.61573160571268,152.46224814519127],[155.70329161977864,152.41092126633774],[155.75135844124605,152.39739420377452],[155.89735497958412,152.37703882906993],[156.8830976614396,151.8537193240367],[156.79142153940447,151.61705457802486],[156.08321018762123,151.34450520284406],[156.12609721378,151.2061736470501],[155.86144358633567,151.15211861668203],[155.60711033201633,150.78440473172915],[155.53339050905652,150.90766404459555],[155.32393117803448,150.68967154250984],[156.01701253958998,150.6590740569259],[155.8821073279885,150.38213469011353],[156.21763135404728,150.33623487262824],[155.89285529755375,150.1233038141181],[156.11048351108786,150.0723755432336],[155.76537752452973,150.01825761366047],[156.194171967497,150.05783650600702],[155.97877699950274,149.78490891456875],[155.52614839453526,149.65870077933536],[154.7258896465804,149.69481328347644],[154.94741653426243,149.62009972094884],[154.98677630010667,149.26055282679846],[155.26196940110546,149.32263032316976],[154.8964606766481,148.84467564185672],[155.13265604488942,148.8868502322474],[154.63079529831109,148.25169386910443],[153.47456224671652,147.84661729218624],[153.34183597391223,147.91573587667807],[153.3320658838545,147.698471149987],[153.90807453619283,147.58369095324088],[153.89726547115433,147.37893097170883],[153.27798676853564,147.4193247269312],[153.18449864735612,147.41937116561257],[153.16479780797638,147.4166676024426],[153.0883109924515,147.40617125081764],[152.81069272374552,147.33263025119706],[153.13663703330033,147.21255664148154],[152.83783463597877,147.05902902591367],[152.90733952397957,146.94425648798742],[152.21895653796213,147.04718191278033],[152.33658596958088,146.5336950225564],[151.79666770143908,146.4006678683988],[152.00769739952582,146.271223667317],[150.82599310617167,146.29829500330644],[150.97981762367863,146.43262679139247],[150.18392489779455,146.41051098070045],[150.30785799344292,146.06894350138455],[150.57432097907696,146.02118448523612],[150.33420651106655,145.58606187368457],[150.20445959347688,145.7523244639022],[150.17817706293374,145.40989814372418],[149.8627346177598,145.31884436055114],[150.02299347927618,145.46147210403123],[149.0896333774522,145.3737175291258],[149.3913565266622,145.20779655192075],[149.21717661106788,145.05539147283076],[147.67485346743427,145.18571028750583],[147.46579541979148,145.03448975468442],[147.20331852369605,145.10151301021676],[147.02741137922314,144.72579135176431],[147.02175821633145,144.8652224516657],[146.57416331857095,144.57065820087823],[146.54352567829886,144.63922406142657],[146.33760748183107,143.73804105246833],[145.9242626342802,143.64045159955148],[144.98488695691333,143.04990695714682],[144.60399638724124,142.578650768394],[143.99777344261855,142.3900426542433],[143.59620557733479,141.95830667791193],[143.40139866178632,141.3007801586998],[143.48746434165204,141.2585831321851],[142.97196437673134,140.93473975989374],[143.0603448746862,140.82844854285028],[142.81900535778578,140.89668864249967],[142.59302702517778,140.72506164745192],[142.47818990858565,140.8100827241294],[142.55944647024114,141.0534860457033],[142.13634838791387,140.9267543266312],[142.186352958166,141.53607780056615],[141.69416066961904,141.4764203065763],[141.56572036564606,141.2881182048776],[141.72124088401085,140.96118780499293],[141.25540815604236,140.50381924740321],[140.9716204682923,140.5155242884731],[140.91810068517225,140.1448671226091],[141.02515192369248,139.94558597097483],[140.91226327888486,139.91432463674056],[140.94171221577403,139.70202221361632],[140.72546115578353,139.38614618585615],[140.7226279331569,139.02587198891376],[141.03515729403725,138.6849526454624],[141.51589456088888,138.7810459779308],[141.5354736758065,138.6176220809412],[141.98687225017306,138.4747012993558],[142.2704583143978,137.97485581438715],[142.80822685739935,137.98969534952067],[143.4227325842209,137.64275746693966],[143.6136792577102,137.82312509778643],[144.2168784533144,137.80911748893712],[144.21182074311682,137.62460680906707],[144.54079170437657,137.8074673353138],[144.32562544760054,137.4240377890342],[143.9969605188148,137.44728808289878],[143.6428115194473,137.18875142806505],[143.85074259816435,137.01727949794548],[143.44366334997872,136.2738864969941],[144.06004651119076,135.57346485566984],[144.29970396444804,135.66748966207882],[144.96491788856656,135.1030249585581],[145.03055590917225,134.5271805379149],[145.78728565458803,134.35505171405595],[145.97711643846128,133.59364624841024],[145.65502038361026,133.68483167296736],[145.77494503362874,133.41197930098144],[145.8356641041684,133.32899119853815],[145.9003980519119,133.3047236120449],[145.9909288444166,133.27271047030914],[146.15178985473796,133.21683521507418],[146.47712448214952,132.99523539737973],[146.37709714230357,132.62013883992307],[146.72568218775652,132.30181551017495],[146.7460376842028,132.16230293830017],[146.72604453219404,132.0198719294084],[146.26457392267906,132.28917722945323],[146.1857040299855,132.1791461368003],[146.12907994050735,132.33866878176556],[146.18660991021045,132.00336249479966],[146.03559729343283,132.0692973289727],[146.104552530229,132.1393247720407],[146.0458464092153,132.1762621086324],[146.03642548713626,132.18208736668015],[146.0169015531095,132.1827387160095],[145.85830095687908,132.10577734799205],[145.81716212431508,132.141623716117],[145.77126768217988,132.16947903188918],[145.71941582020068,132.19972741166183],[145.70710353121768,132.21417386426702],[145.6935152797943,132.2301174496108],[145.18659188311628,132.66054772076345],[144.34083207653867,133.03087151838645],[143.94703079390473,133.34028357232432],[143.64246178756335,133.17755432365934],[142.84527239569758,133.70386961743324],[142.49172338824297,134.17191987092525],[141.66312670330404,134.63142890011125],[141.41553347253915,135.2729262887697],[141.34876739862574,135.0017285812364],[141.21443195086266,134.9828692330132],[141.13152711604198,134.6872692119947],[141.40056767625788,134.21601104036358],[141.34177446607802,134.02689150238615],[141.53060662367906,133.8001606955697],[141.33659383174876,133.55949499273038],[141.5725816821589,133.15734915259526],[141.32738888952008,132.1335393768707],[140.8515684140935,132.48683134757275],[140.8764964078906,132.92597217001895],[141.01171767953213,132.85979933348688],[140.89829031386873,133.08831462769726],[140.56048330342367,132.92606843207022],[140.41651226865298,133.19888720366816],[140.25866448856635,133.18905960202096],[139.79801707774538,133.69558854658402],[139.7266461301801,133.7664997482707],[139.6898358672123,133.80880636827558],[139.66467442351504,133.83772481523718],[139.63960992702852,133.86137068616407],[139.56489991029252,133.87193786887877],[139.52388456584194,133.88880402647814],[139.50196454354784,133.73165940664913],[139.3894592553687,133.80388772318062],[139.1862718189473,133.25451278929256],[139.0951254438825,133.50794245092095]]]]}},{"type":"Feature","properties":{"CC_1":"NA","COUNTRY":"India","ENGTYPE_1":"State","GID_0":"IND","GID_1":"IND.16_1","HASC_1":"IN.KA","ISO_1":"IN-KA","NAME_1":"Karnataka","NL_NAME_1":"NA","TYPE_1":"State","VARNAME_1":"Maisur|Mysore"},"geometry":{"type":"MultiPolygon","coordinates":[[[[87.91951991479566,73.06583358657511],[87.83866096270546,73.04431887326203],[87.77138162243219,72.99329710521073],[87.55217980994482,72.78859888090199],[87.00578897527788,72.40546560162137],[86.96670437861343,72.38939048499267],[86.92517410476415,72.3830716581171],[86.85990938569967,72.37314163785408],[86.78722782912249,72.34475166723139],[85.8133701776371,72.16426520444057],[85.3780773077671,72.4305962819542],[85.3285130178775,73.20751076154491],[84.46099362136984,72.85908901769032],[84.38677140838945,73.19640560057452],[84.02110336251695,72.97559126779844],[83.81964942956913,73.3460585276679],[83.36893952838383,73.20906675759166],[82.55700760455588,74.18888702695325],[82.04435369138268,74.02366109664119],[82.31404390043276,74.66755840579862],[81.87614016849447,74.87633505426534],[82.02363198724922,75.23433020627363],[82.64906888945976,75.46649512150182],[82.64384214692774,75.6889191673157],[81.74256441440917,75.22312694564069],[81.82213356630281,75.47719132878224],[81.37089195487505,75.5934479614152],[81.37700967194479,75.85493380712512],[82.04575978075195,76.22053900750235],[81.61590645863141,76.33089319518149],[81.04209873114307,75.84590962138277],[80.75350155754724,75.92504936389037],[80.8761147625054,76.27730043874104],[80.27197094810438,76.24709186655625],[80.57870842140127,76.51528600604216],[79.86944518258171,76.60635866477426],[79.7862914976181,76.39150752597345],[79.32630613335607,76.21720187765666],[79.52697000029684,76.66089371163474],[78.87418215615206,76.62521108129495],[79.21824096424994,76.97828869217021],[79.18640364675653,76.9946875800612],[79.17065153943466,76.99501063438846],[79.12472477892833,76.99595252987041],[77.88368062411791,76.50624777691095],[77.83566657322908,76.50384179925744],[77.8219447696448,76.50731437031986],[77.74064708794673,76.52219258342635],[77.75486203511306,77.45862733204731],[77.96955404386063,78.32892465006829],[77.97614683288097,78.22347089119481],[78.05410878085313,78.45420056675977],[77.97827936688262,78.34805748313907],[78.08041112323895,79.82905221812626],[78.29630382534103,79.52762197368679],[78.2466514775075,79.80828618896547],[78.84779017671494,82.46834273627442],[79.03583445942172,82.39800086081769],[78.34611652637909,83.22523204033422],[78.1648735438396,85.5207053655866],[78.42330859755712,85.71700966994064],[78.51429741163163,85.66056020374245],[78.5547269910043,85.89978205941739],[78.26064183136207,85.73084050063827],[78.15510371046226,85.84875224627413],[78.22390441763298,85.62742058677401],[77.66594577400065,85.58590680320914],[77.76963287505683,86.34598829689679],[77.33119719174468,86.70117298913382],[76.92164234194095,86.49791296435524],[76.45526881622698,86.75856067988938],[76.31830501766702,86.63620396427507],[75.5210134516295,86.97698714509934],[75.79251421025074,86.9366185994813],[76.09936791650952,87.25740949590133],[75.71772776790999,87.59766924793406],[75.82059660705977,87.65239983975157],[75.96442426453805,87.70158744381672],[76.89187374612484,87.7069092074384],[76.98121845433046,88.00310499472388],[77.46702017157104,87.83018232295653],[78.51124655474939,88.19044062781762],[78.54390126982156,88.22459769726129],[78.58371917953367,88.24306448922296],[78.60271976386164,88.25187660016681],[78.47491530104877,88.35054133996883],[79.13807336534856,88.77272743910223],[79.04963938518411,89.2381252597988],[79.68642821211552,90.11489801917443],[79.22001846034496,90.74785153730505],[80.14686555967398,91.12144540005303],[80.1524278726937,91.67869790012674],[79.74677226134783,91.77769326631673],[79.58193143289958,92.75837498861497],[79.93030303214452,92.95296926806076],[79.63083432897639,93.34662466712223],[79.82472077369643,93.74836407364447],[79.64680342956922,94.17295371569028],[79.31039625991667,94.10831249478261],[79.19085127643615,94.38217383373512],[78.23371815160749,94.26731125684229],[77.82388165726985,94.46906979082331],[78.41078189067004,94.49246775319716],[78.44921268462684,94.82362008790331],[79.6860471877614,95.1596610458931],[79.78157335412698,94.76290983084391],[80.79012599669541,94.74043957665718],[81.21374992006264,95.32564959268022],[80.8124747055659,95.43857595537261],[81.08955881854288,95.68919958018017],[81.43996145378915,95.33497668504559],[81.29000468677245,95.73985774838565],[82.03245943477768,96.54515036751977],[81.78160380014985,96.69343705899989],[81.25598767655683,96.66406489441317],[81.17261765566765,96.78737154945749],[81.75134382180335,97.05002947011522],[82.20458970194454,96.81617332393569],[82.43042356424598,97.42365659094457],[82.2083175021695,97.84900219445493],[81.69340790585098,98.02019902806794],[81.68934865264758,98.17178179465887],[81.12176161451679,98.35607610931113],[80.97767047188154,98.21395419729683],[80.87716394712967,98.62143786639399],[81.08826831320522,99.00048018438733],[81.21436214326626,98.8138421037386],[81.28116083222322,98.97376532232975],[81.27738147156744,99.00810442563524],[81.27579948624516,99.02247827411283],[81.25033511983455,99.05815610086515],[81.20773589049617,99.07172952090728],[81.12118498202004,99.08804505028512],[81.05340868530557,99.41847688024747],[80.68970434812263,99.53378611863151],[80.74073986677698,99.8097072321605],[80.44598272780719,99.68937204821773],[80.31498566612478,99.83055100188214],[80.61356518416703,99.83886562563055],[80.50199243174625,100.08870792923159],[80.92894353721263,99.77576537642854],[80.9680102060097,100.089137140256],[81.33367968722541,100.05819268499847],[81.49403253955658,99.83501879025353],[81.66868130558204,100.13494040593146],[82.27601690958123,100.19228298262891],[82.3341630019033,100.54024946032482],[82.50478169648318,100.29107958112914],[82.9456785509175,100.26639115747493],[82.99887725077392,99.78366440351931],[83.55835611812628,99.83878422837641],[83.60780989498342,100.03674773917054],[83.96509826349335,100.00193954845528],[83.7471922489761,100.2327115167839],[84.05738624856109,100.73941999027548],[85.84452087693643,101.04776412324298],[85.82829661650138,101.6368179571326],[86.27632408334901,101.77835968717469],[86.3279533209273,101.96575938094344],[86.01505889378171,102.11065690241327],[87.400362472934,102.23088363305618],[87.70520986521672,101.72124067939276],[88.09152981934106,101.71749293841438],[88.00623951256794,101.50350001686232],[88.67342168164177,101.63363980434323],[88.91521477155104,102.26526567512538],[90.36532012069858,102.49691490939107],[90.5013143679703,102.21063571745407],[91.12593189398257,102.3587576554757],[91.17618451433422,102.64861083443571],[91.47693631292896,102.63130757293189],[91.4443006433494,102.40345786570754],[91.95814276068256,102.37131086377512],[91.99993580854671,102.85929639280444],[91.78236895020936,102.86126015987739],[92.081525072386,103.04502209992225],[92.11233647039981,103.39243973755572],[91.95406503995142,103.38679397055297],[91.87333195652629,103.89862223750839],[92.14434855191834,104.05976428918316],[92.19207020757389,104.50305960266478],[91.83902149738176,104.72843977301658],[91.94587981111006,105.0074614465671],[91.73381635954826,105.2917519244636],[92.03301553466504,105.3614039635529],[92.29986174363404,105.97454614959884],[92.59699584337929,105.84183219172454],[92.6411023174908,105.52025677752157],[93.00605545264656,105.5935329785865],[93.50899848722011,105.23440252044651],[93.7074347269493,105.62047740934166],[93.92064978431242,105.35644878953683],[94.08745272583167,105.57717535701016],[94.12203127883734,105.13128709402457],[94.37191522398004,104.92707601296924],[95.42550620823903,105.14697199757349],[95.47911254840778,105.00900969255443],[95.89123539179596,105.2594039164444],[96.15816786949125,105.087736553848],[96.10492661424952,104.7988342973386],[96.26478395604937,104.87954457083039],[96.23580628749909,105.14535020074328],[96.79397275573103,105.3471602394254],[96.95948500096193,105.04147955521661],[97.48147856235002,105.20025912654494],[97.48986698757702,104.9224548280892],[97.70734721380896,104.93942537628057],[97.98209048352729,105.35709824510008],[97.65203629362674,105.3852439118555],[97.81836215293669,105.81137696380499],[97.527141502561,105.7850360100837],[97.55862196445733,106.04449280698238],[97.91659859323934,106.23335237648621],[97.70162932534438,106.21142366447339],[97.88729620725115,106.39632622886066],[97.75195222513098,106.97021879501507],[98.42547214539313,107.21919399176508],[98.57525185391988,107.58159572888664],[99.06964450467893,107.83995618706841],[99.15237080741147,108.31439591343462],[99.45042675007745,108.40654476726257],[99.53862273933404,108.80437055582101],[99.9335991157523,108.91670799452673],[99.79024900134986,108.39643154550086],[100.27564815028335,109.0771155826369],[100.68312676978678,108.41306709664893],[100.86757418161747,108.88174386785852],[101.13592508327491,109.06012490073874],[101.17594464663048,109.49395723689383],[101.533614110598,109.620386327407],[101.62967320577184,109.84022527336936],[101.35270460539083,110.07687430702123],[101.40902490922403,110.40600242319749],[101.75522641784298,110.17865315181155],[102.47996822009246,110.57563841312263],[102.59403679126983,111.52467473961126],[102.80457475579456,111.56731927276243],[102.95024172155948,112.0620514226581],[102.69030553052036,112.21440717735582],[102.9234121530894,112.83107956783448],[103.33135281182882,112.63867516804494],[103.39718687570664,112.83384852172368],[103.52857936995126,112.54981212381324],[103.83784665273049,112.56132784585033],[103.78239304284631,112.94824248162644],[104.12524252901008,113.1553960069754],[104.28834651548047,113.74961093614078],[104.50331355386307,113.72972662567832],[104.49097657264082,114.10686783763165],[104.79417102327452,114.58740650388091],[104.78776430157964,114.93543370023573],[105.34258346576786,115.34173191396127],[105.43258426372176,115.09834384756184],[105.61813428438406,115.22934469760844],[105.59102632776077,114.79972571631082],[105.83726355296781,114.64792057582656],[105.4475819924424,114.06382295075143],[105.95073295566776,113.87301596405263],[106.10403290407078,113.41953229039494],[106.41578395814854,113.57323315408289],[106.41190569703922,113.80180815965139],[106.65760228997857,113.62088190300837],[106.98354421233773,113.4468057848577],[106.68891777903416,112.78446161710153],[106.85950207248591,112.34360993380722],[106.80013826431659,111.78250686643412],[106.46703801012332,111.65703537405159],[106.47608319287696,111.42041426695708],[107.0216176089811,111.0117557180771],[106.96479862720025,110.63787667384395],[106.89035877996594,110.78270122060538],[106.75287133058222,110.31093107382513],[106.5607194896919,110.3789619678139],[106.5981499218276,110.067044109829],[106.44963840731913,110.10501144357028],[106.22301013907163,109.67992032844299],[106.11403348759893,109.77389616803606],[105.94083291382867,109.43873445743182],[106.30905002678608,109.23942313974086],[106.19494815302686,109.0139728991604],[105.5218897116662,108.7550398717561],[105.35941897130398,107.8873520728772],[105.70403939079647,107.51404361548353],[105.8952126903967,107.74964181097738],[106.00313322429292,107.54410791849796],[106.27311278090919,107.6160401730958],[106.25629480684063,107.37525081459114],[106.822587146966,107.02516017273246],[106.78947015852242,106.92212458309348],[106.55806169965143,106.92003748318213],[106.60825102494914,107.09186962743851],[106.28969642817617,106.65648497411769],[106.06657564444572,106.76645273206762],[106.03933587795925,106.57065130007625],[105.80707182000728,106.69399835801616],[105.63805727110253,106.4861918418184],[105.78433583546659,106.39913223619618],[105.65281653151749,106.07743108537119],[105.23021300501964,106.20098635207844],[105.04199385857171,105.56238881842833],[105.1577659489917,105.44699464726816],[104.64255757260361,105.06246132936803],[104.75045120734605,104.98115709434633],[104.45960150825175,104.61705015737915],[105.04394969962885,104.07560297371276],[105.17322582142282,103.27976890071744],[104.782608559853,102.54111818128376],[104.7922619748587,101.62021833001182],[104.56454738380666,101.60736836451792],[104.42738526253183,101.09897941968865],[104.7233165194352,101.13077105845741],[104.64724709216839,100.87577741590997],[104.33012612789848,100.76016977931913],[104.42370947841428,100.62526289248103],[104.69209849044418,100.70970827289523],[104.59985695849228,100.33540362664391],[104.08189692349092,100.14128442645642],[104.18398785915036,99.85258249863976],[102.77169291010682,99.36051372651673],[103.10817932712874,99.03276424040715],[104.81503187424887,99.09008660227887],[105.2972045916146,98.97582228533815],[105.26937379690978,98.69185970241247],[105.0831824563265,98.7085303247147],[104.83461882400786,98.47693521277499],[104.6148977294235,98.48696707838285],[104.49860527292974,98.23035479314834],[104.64708493765224,98.20325624036478],[104.4061371869875,97.6078160819034],[104.55305176516178,97.55114348262867],[104.37230311169786,97.12246493650542],[104.42257720006387,96.50593652833389],[102.53448130850407,96.47796391368658],[101.38731119751876,96.11169540455948],[101.16113832431009,95.99428311243604],[100.68946783451034,95.4946493790719],[101.00934693466432,95.49852845067468],[100.82115722868333,94.97803793684561],[101.04728987520838,94.99082154053616],[101.02656532830878,94.85231802752783],[101.39213058874151,94.7573161649486],[101.3037790725031,94.5946063574232],[101.04758910364258,94.68529431814672],[100.62920268990166,94.54735490915675],[100.53056092107208,93.93892499436252],[100.1060940025827,93.9129743234763],[100.49928515557289,93.64641272455005],[100.70333807960756,93.1601109436601],[101.08171446844753,93.24030511157125],[101.10489563234125,93.07679177233999],[101.47520960166766,92.9521961315992],[101.11137039898185,92.76351230222303],[101.3881295366004,92.68593151156533],[101.40806457479724,92.63602882065501],[101.42460954763921,92.5758317031564],[101.20032013174698,92.44684976846044],[101.31477101391896,92.38585963231114],[100.67052267889451,91.66299872763877],[100.37787723783362,91.63160448184834],[100.43606125104667,91.75432116700429],[99.91889393405908,91.56614911406686],[99.11188967113063,91.50103616277548],[98.52571553172749,91.68427786797596],[98.30430668450416,91.47593200244428],[98.38964902801848,91.31376126896977],[98.15566812695474,91.11753468087008],[98.6916717783811,91.05756833890464],[98.9827899048223,91.1728448599269],[98.76102126720224,90.37241138796509],[98.22800648894311,90.1712895568217],[98.34426074467494,89.98067735379776],[97.9797155903432,89.27367755703919],[98.7731456984087,88.81758429251991],[99.58524504432266,89.02044648633863],[99.2935674154682,88.5994004840233],[99.0790159634642,88.62270509316409],[98.77464253713568,88.25298140274285],[99.27799911348161,88.07620619208319],[99.08069136106673,87.970474394143],[99.15839067569492,87.83781479118682],[100.0363708018299,88.00605678899932],[100.45361556431136,87.9667840333714],[100.741051495608,88.56398634633666],[100.81118476894241,88.60312631749125],[101.05312789199797,88.6232649564453],[101.08849020220117,88.61217888912817],[101.09747063084178,88.61412804167337],[101.11040577446816,88.61693554331171],[101.2358110583878,88.58562270508487],[101.90620109304231,88.79474888246342],[101.86498010656715,88.53261713003167],[102.48387375998726,88.62281732824545],[102.62779257209746,88.29361729269148],[102.88002821548456,88.3957008689779],[102.61695030104623,88.81433243075935],[102.79373551475067,88.96042451517225],[103.15402791578286,88.94285354749688],[103.14686287893714,88.79190937950113],[103.49992807872788,88.80600202402604],[103.45851560815998,88.23863336016659],[102.65575152280657,88.17700722953185],[102.22965032441317,87.76653252791814],[102.62333886982451,87.95548283444691],[101.93158353774662,87.33575271190644],[102.3474643898983,87.3376804683619],[102.20530711010541,87.11466025717506],[102.57370279756363,87.22623810066143],[102.56650027177868,87.0535028506577],[102.38622530757584,86.98163941669605],[102.48363914354138,86.86347692654283],[102.14230075663235,86.64754675842622],[101.83519686547247,86.6723656038764],[102.06153295990657,87.15397536529973],[101.83597100643527,87.32683939185533],[101.47906163658389,87.17173364667057],[101.51342344080888,87.28094575560712],[100.51415326695755,86.89563004731055],[100.36360947176928,87.12972535471577],[99.62370847105261,87.04076365697313],[99.75271186218751,87.64287531677905],[99.14997562750628,87.60090533056264],[99.11381808035622,87.49211970289852],[98.73032273109521,87.37064396935584],[98.6469857563597,87.2219645506421],[98.9502210497532,87.27641481730062],[99.2129541173728,86.95046715545968],[98.83277746703357,86.71764966444292],[99.24025296386118,86.58946148266796],[99.42774226973229,86.19364126446912],[98.69084280543308,85.605059475783],[98.85793013588632,85.21561725794568],[98.99853250109237,85.4392083538632],[99.4019974723886,85.35634732310989],[100.10823583770132,85.59673512628014],[100.2118893797902,85.96106418259687],[99.97272401812592,86.05938968922561],[100.2917426529386,86.1653784153797],[100.53459995226723,86.52617994392278],[100.39997240796086,86.2107621988634],[100.67613224410835,86.36900922327655],[100.65671941831818,86.25916096654102],[100.98020948313656,86.49384819320841],[100.94429272959987,86.20843184166964],[101.42603831052745,86.39234561615595],[101.4619010910523,86.2392233881324],[102.30299388047223,86.45047911227611],[102.10252869705478,86.22890085066305],[102.48147985802528,86.29160006262347],[102.16276427885886,85.61123252778118],[102.42396444191522,85.67515396456677],[102.45066774466487,85.8018650053345],[102.71362868240644,85.74453796197585],[102.77136362889892,86.00946216848007],[103.01776545389693,85.92318076083697],[103.35327189456338,86.09676904849997],[103.62578027710911,86.07695278855974],[103.48311007059155,86.17090526723379],[103.95060346149396,86.33007985443882],[103.85208412747127,86.18787191293951],[104.09584376578472,86.25815561689467],[104.1291914344857,86.10941693296913],[104.2794252884544,86.42945720085538],[104.78882378195213,86.59759786977605],[104.81452979221295,86.72187073106063],[105.19106255164755,86.89366242142073],[105.24855747916187,87.29292662892337],[105.69743024081454,87.321667191173],[105.8623628167975,87.16753538110339],[106.327486594742,87.48685798730739],[106.23675310414167,87.18746727239288],[105.98269668517499,87.0836381407978],[105.90020793098492,86.75536758670864],[106.23363619596198,87.02035599280185],[106.56499725495887,87.01879099487942],[106.64132244366199,87.20805189425151],[107.01505695846396,87.08007292447779],[106.97263183081158,86.67450514656998],[106.6847108987803,86.40612462981701],[106.74147950640675,86.15507322050706],[106.47587279494202,86.13863530517219],[106.50093945328919,85.86321433830325],[107.01635961459704,86.00470299832601],[107.2155418363232,85.86085825588505],[107.05097301531369,85.52305229192528],[107.39208337561357,85.73239183286283],[108.45677650393299,85.80671084611923],[107.85987845243818,84.5309438842541],[108.1077375045876,84.48880619223429],[107.93558936856235,84.46620037517064],[108.02226908402935,84.3272155396944],[108.56162995889554,84.41307897618947],[108.8041142392135,84.16857360472773],[109.10538968198179,84.43037811410412],[109.04047907255666,83.92868572052363],[108.82887055902364,83.81635680624234],[108.96716804309887,83.6719537115197],[108.4901959258791,83.42386187086194],[108.57982028990345,83.31969214660054],[108.31993073635722,83.05125493658679],[107.8987696307255,82.88317666197734],[107.79978257721876,82.51236988285177],[107.56108635799849,82.50861311240133],[107.45718453442319,82.25846910234517],[107.63965122641345,82.12203666148372],[107.54187116748803,81.87252509572643],[107.51236506145368,82.14611563620296],[107.099778484029,82.05794302299722],[106.93578833713386,82.20794313303065],[106.47727393552393,81.67461170956601],[106.04892231991386,81.61908239919674],[105.66541454767345,80.7037151883961],[105.01880717732098,80.78363868022713],[104.47392065934471,81.4152047866112],[104.10804868313082,80.91874924505544],[104.01165086868163,81.3833074563091],[103.8113697752453,81.04820744456507],[103.67047252107847,81.09683807257893],[103.92947867888603,81.52555021711885],[102.80623785773078,81.09300189018631],[102.81507406721032,80.7145509358293],[102.24626661350061,79.77761823236253],[101.6339498926273,79.46275271213993],[101.6850324483407,79.63421648802174],[101.13804240694733,79.51579404248577],[100.83882008175186,78.27983631844961],[101.00787415415284,78.25066295212807],[100.76720743196248,77.96407162261158],[101.06072210730434,78.10513201402617],[100.87105432379155,77.19353736007372],[100.80735403654987,77.03294155935019],[100.15068318027585,76.35373048404416],[99.82123739210996,76.33355214854987],[99.7333559979873,75.80635159229894],[101.32872253494547,75.54953730945458],[101.54979473495064,74.96275454865199],[100.6519926691521,73.52066759015688],[99.49057911971721,73.57805701175744],[99.37301758754232,73.07293722122483],[99.24050693679624,73.23887305186165],[98.87715456852085,72.04834556919437],[98.48493946597438,72.39192599355843],[98.27876531971323,72.2635217542946],[98.04805843467048,72.67485799646018],[96.68574570315715,72.57640088422404],[96.66905749326128,72.12799768091465],[96.2763189005876,72.5856930781552],[96.38663285990265,72.69864116117773],[96.07158549522606,72.67650292529468],[96.17185629193446,72.83498296496612],[95.7046992241701,72.92046598456614],[95.5528900600258,72.62840048101133],[95.07228988170152,72.69914790771821],[94.28349049570454,71.43645595673092],[94.42865934328815,71.23306103456852],[94.27045901425682,71.04919455580352],[93.40064416672689,71.12202532820129],[93.07850239091293,71.03862129325259],[92.37821995075593,70.8492930174371],[92.20496384615532,70.772638221443],[92.14585631698543,70.76559114509254],[92.12911326501819,70.77049022369509],[92.10642309888465,70.7771294497819],[92.02997266481798,70.76768268045991],[91.90648347269946,70.74936019634136],[91.72309755669474,70.77352767191124],[91.71739306295194,71.33352173169347],[91.43554376538461,71.5309817824994],[90.60277432721202,70.94534900307607],[90.48943998752097,70.96870191955621],[90.45267252667604,71.13988841678847],[90.64796812659473,71.87319237985307],[90.02813862800858,71.49613632820503],[89.4850315371456,72.07284286356283],[88.96359015796418,71.88944794628368],[88.75000681238025,72.4264314316918],[88.03123744932537,71.98770476401658],[88.20900058957557,73.25679409518543],[88.02450696541058,73.1096674120195],[87.91951991479566,73.06583358657511]]]]}},{"type":"Feature","properties":{"CC_1":"NA","COUNTRY":"India","ENGTYPE_1":"State","GID_0":"IND","GID_1":"IND.17_1","HASC_1":"IN.KL","ISO_1":"IN-KL","NAME_1":"Kerala","NL_NAME_1":"NA","TYPE_1":"State","VARNAME_1":"NA"},"geometry":{"type":"MultiPolygon","coordinates":[[[[96.32495429835248,40.51248800774629],[96.44652046042512,40.254121815494095],[95.80215291594598,39.85435126176248],[95.33533991667015,39.881741392918585],[95.62116884017261,39.44799748572059],[94.63913109523557,38.95126078624897],[94.644665500732,38.691388651403],[94.85687412608513,38.76861862862656],[94.94728357438531,38.43662130019027],[94.57231697933045,38.51895906896426],[94.12384319683426,38.29970545548676],[92.53267015455758,39.04581362259162],[91.73142704056951,39.73624054074576],[90.42540915319385,40.51498892189551],[87.5171465987491,42.86636289226102],[87.18612825057188,42.91120337527052],[87.39383732858182,42.846959936286595],[87.15561193844287,42.90443946178838],[85.8173513057813,45.0995751190064],[86.04866155983154,45.02092671471711],[86.15220170584293,45.41378027042627],[85.94247741454708,45.16344671043831],[85.2914651790189,46.064387079337706],[85.78919607767571,45.138701145753124],[84.23774236164547,47.75345464543328],[83.59604749872241,49.57839075959587],[83.17179078094595,52.78964829989539],[83.83373035059776,52.285038111423006],[83.37471059756415,52.319132142176464],[83.48945862744532,51.8582796473639],[83.74671412815132,52.204401908719376],[83.65755522573008,51.55066175442852],[83.86363175950696,52.11052648269186],[84.16726508639607,52.00405112164657],[84.44804389033239,50.470156774462154],[84.18112567816405,51.9575816247483],[84.90563456039912,51.53683643600631],[84.708327543394,51.316699345366274],[84.61921216678014,50.37468270445328],[85.19041766872186,50.17363929160821],[84.38439193944798,48.62063879030312],[84.78105724061606,48.453559588935946],[84.7961856896728,48.65460642986429],[86.31679126565183,48.60692136146554],[86.67387066029525,48.83329473964827],[85.37058936497783,49.03679743387402],[85.51776718425691,49.956850379813304],[85.2219322917206,49.90655573819348],[85.44129044923937,50.41841807372952],[84.97046736621087,50.42740155878573],[84.82925444650728,51.24510874190608],[85.20740191377725,51.567137882998736],[84.74149633248993,52.38213307234908],[84.27587171352265,52.384480781121894],[84.54429771692976,52.12112600366498],[84.34546934180972,52.27209519933284],[84.42069638634263,52.09945633001048],[83.52911030846815,53.45799113389555],[83.5863815665133,52.970797070850026],[83.38377075027296,53.40530377460253],[83.61542625587504,53.493914042290434],[83.34448326473668,53.808349028690415],[83.54638706020187,53.58572925513916],[83.1600613722612,54.31284497708971],[83.29061173669919,53.82809940796862],[82.91076175567662,54.483754109292825],[83.2700404242839,52.85021025630637],[82.98735155842337,52.87379587918298],[82.54697399899945,54.79887893285486],[82.8610374835408,54.40299391879759],[82.76669533668714,54.921117242053135],[82.3922405750784,54.77374476707044],[81.34138007725382,57.92877158014891],[81.88743287624193,58.15667121415878],[81.5929392674126,58.41695119129379],[81.34166102563591,58.03535790194937],[81.32868274389824,57.781427799763094],[80.42112782672335,60.37574539883438],[80.6192978053088,63.40544425074703],[81.21778986897158,63.62914799100594],[80.62974273971366,63.43000435134678],[80.5817597809775,63.71828860851876],[80.98680315668753,63.988944274173576],[80.47885007562255,63.75581521701366],[80.3679716118668,64.63454624831623],[80.41841146465595,66.43820417372811],[79.69705496913201,66.51365399941157],[79.94859144630061,67.39201965500985],[79.89797749359543,67.15594337493214],[80.00269266328111,67.5638760392395],[79.92145773923318,67.38896039417487],[80.11984142012298,68.67807202337691],[79.83848068967,69.17914189748309],[80.25208811163957,69.25793280257926],[79.88736662470319,69.21299408588968],[80.37594275404655,69.59384981752673],[80.11602293861202,69.5969991799167],[79.79742353669286,69.1763710655031],[79.96321366013285,69.60590417056055],[79.78470115904213,69.3029543200559],[79.20042062076568,69.87570138953349],[79.01531475207192,70.69800631003847],[79.97586874737846,70.6099169507151],[79.95056736522776,70.99506776854247],[79.61836077777139,70.69497960835156],[79.25553969933425,70.99917044943476],[79.2307191925518,70.79329760490602],[79.1791541023889,71.47006687785867],[79.3290966304857,71.32613708841106],[79.83858580276515,71.49560247997641],[79.48140527163822,71.45187993585859],[80.1376587021709,71.86556304517289],[79.68799535905671,71.66164464948628],[80.12941714407819,72.355435548586],[81.33491896331377,72.82090049632903],[80.35063392161358,72.68242970294037],[79.72471846951325,72.2645883625297],[79.15815126194337,72.19760638377277],[78.76644408403662,71.40631738559394],[78.30933612333762,71.14615478087788],[78.51335910113728,71.86466795325474],[78.9259468978976,71.87061487929942],[78.7115816969561,72.01353623629117],[78.49400817499087,71.9253356361571],[78.76155689855399,72.06731588056552],[78.92414404349324,72.36958012187876],[78.73034267914358,72.05480168265846],[78.3140791429284,73.92197591939764],[78.29615186238637,73.76932798783454],[77.85214159789552,75.53318964045019],[77.89174698750404,75.4370580066999],[77.74064708794673,76.52219258342635],[77.8219447696448,76.50731437031986],[77.88368062411791,76.50624777691095],[79.12472477892833,76.99595252987041],[79.15436335287538,77.000733967157],[79.17065153943466,76.99501063438846],[79.21824096424994,76.97828869217021],[78.87418215615206,76.62521108129495],[79.52697000029684,76.66089371163474],[79.32630613335607,76.21720187765666],[79.7862914976181,76.39150752597345],[79.86944518258171,76.60635866477426],[80.57870842140127,76.51528600604216],[80.27197094810438,76.24709186655625],[80.8761147625054,76.27730043874104],[80.75350155754724,75.92504936389037],[81.04209873114307,75.84590962138277],[81.61590645863141,76.33089319518149],[82.04575978075195,76.22053900750235],[81.37700967194479,75.85493380712512],[81.37089195487505,75.5934479614152],[81.82213356630281,75.47719132878224],[81.74256441440917,75.22312694564069],[82.64384214692774,75.6889191673157],[82.64906888945976,75.46649512150182],[82.02363198724922,75.23433020627363],[81.87614016849447,74.87633505426534],[82.31404390043276,74.66755840579862],[82.04435369138268,74.02366109664119],[82.55700760455588,74.18888702695325],[83.36893952838383,73.20906675759166],[83.81964942956913,73.3460585276679],[84.02110336251695,72.97559126779844],[84.38677140838945,73.19640560057452],[84.46099362136984,72.85908901769032],[85.3285130178775,73.20751076154491],[85.3780773077671,72.4305962819542],[85.8133701776371,72.16426520444057],[86.78722782912249,72.34475166723139],[86.92517410476415,72.3830716581171],[87.00578897527788,72.40546560162137],[87.55217980994482,72.78859888090199],[87.83866096270546,73.04431887326203],[88.02450696541058,73.1096674120195],[88.20900058957557,73.25679409518543],[88.03123744932537,71.98770476401658],[88.75000681238025,72.4264314316918],[88.96359015796418,71.88944794628368],[89.4850315371456,72.07284286356283],[90.02813862800858,71.49613632820503],[90.64796812659473,71.87319237985307],[90.45267252667604,71.13988841678847],[90.47333992615609,71.01245271973991],[90.48943998752097,70.96870191955621],[90.60277432721202,70.94534900307607],[90.67152453966457,70.75196023361562],[90.64984549984159,70.70559786123025],[90.6091658157765,70.65741106094272],[90.121793353125,70.46548193013984],[89.97469281806829,70.1470399068626],[89.1977466114421,69.6755250998783],[89.04215973352053,69.90878108504964],[88.50523844519248,69.47899875549132],[88.20420893532571,68.4134712419756],[88.77521714671079,68.67825665945952],[90.06575783431543,68.5369420802061],[90.93905330287679,67.80414685779698],[91.27140602765577,67.92460687643623],[91.20611466426399,67.26251311127243],[89.84957474312051,66.33447211474105],[89.6890504474492,65.78148768836377],[89.95740943216877,66.0224313031104],[91.92029750123997,66.2671026575395],[92.75838195633577,66.96548162497872],[93.03240896835828,66.7605441185085],[92.54114959656756,66.11110407535028],[93.00701783781886,65.86650130252805],[92.9511400549742,64.99092448298043],[93.49654710707928,65.15221767926606],[93.46361740140787,64.94739813572079],[92.48827571539799,64.73549006809787],[91.36251885909134,63.42992525690579],[93.43397407994047,63.09765483339727],[93.70641780986773,62.57736187141912],[94.34609033312228,62.61612657262795],[94.22596654344582,61.6158367518413],[93.81874388685164,61.16886560958403],[94.02734510650859,60.7541206624989],[93.11466309712631,60.54855453328721],[93.40447829331968,60.20199974282602],[92.96754787371272,58.30357649250409],[93.34471868492963,57.79486572433747],[92.85524160176779,57.07279616609567],[93.56186275997185,57.11787331801105],[94.0573928171385,56.53626481388876],[94.94975421628246,56.47143842885909],[95.78929819236151,56.867149110187846],[95.71592087978264,57.12023130755716],[97.17030087450368,57.84179185038617],[97.80439950713208,57.7382751285202],[98.12927652435629,56.47400261613504],[98.46165158443418,56.303377798661984],[98.08352902066888,55.33784639294822],[97.38229960212337,55.22096432782652],[97.37501473635842,55.18750122110983],[97.38544169641142,55.179154129308515],[97.39686308281759,55.170010969619916],[97.39387790549398,55.065732659661435],[97.93249356207085,54.33130928313106],[98.00212353558379,53.76861021382439],[97.22326444585117,52.76981093013117],[97.47810869857031,52.506813093926425],[97.29032058810552,52.210880283905794],[97.60018600613677,51.90342920708379],[97.30009131406818,51.833148568938114],[96.55152511037048,49.99306941819561],[97.81102442704841,49.464089668654964],[98.39636570167212,49.71387299347822],[98.61149187866839,49.39233311970216],[98.80971086266237,49.706346055621296],[98.73420529890842,49.31892585582811],[99.21655358268094,48.848735269540214],[99.0886751818967,48.19100869831871],[98.81693067583501,48.2090426921598],[98.1866162344072,47.08701875344438],[97.87029908486822,47.09972963249856],[97.46125613609686,46.01478959903367],[97.02036328892986,45.75971272573139],[97.16607187215499,45.432278590538026],[96.05737715131954,44.50213686149341],[95.31678527344697,44.29736866337939],[96.66871933468042,42.66146999679707],[95.57618999036,41.81824900477681],[95.31123750504494,41.87549273974132],[96.32495429835248,40.51248800774629]]]]}},{"type":"Feature","properties":{"CC_1":"NA","COUNTRY":"India","ENGTYPE_1":"State","GID_0":"IND","GID_1":"IND.19_1","HASC_1":"IN.MP","ISO_1":"IN-MP","NAME_1":"MadhyaPradesh","NL_NAME_1":"NA","TYPE_1":"State","VARNAME_1":"NA"},"geometry":{"type":"MultiPolygon","coordinates":[[[[98.25834204833427,138.60376994620245],[97.1344220616298,138.71588600760737],[96.43672265049403,138.8731110959986],[96.06004594641409,138.84104080277683],[95.08310023416557,139.29816561961428],[94.74292629140373,139.25836624998124],[94.7531995811474,139.42948643279254],[94.50927274028022,139.40399680914481],[93.80193261431329,139.81603973393433],[93.7238231424735,139.8982328560833],[93.44711488108237,140.65394464211056],[92.39485766173418,141.29219280690185],[92.22383284012832,141.21899996716462],[92.21008828107918,141.19965669461607],[92.21008207523039,141.18533596587957],[92.21007687436718,141.17333435986595],[92.20377435830119,141.16989369831197],[92.20057124795379,141.16814506038548],[92.1977193953169,141.1665881806215],[92.17370759700992,141.172556182134],[92.11642060899615,141.18679455057014],[92.10165911060284,141.19046344048883],[92.03895932125823,141.2297911237727],[92.03185069126367,141.1904602167283],[91.96360987082623,141.2067525756179],[91.95920184336255,141.20780498332593],[91.95612352093677,141.20955010637323],[91.88203885652855,141.25154923363365],[90.96070865647596,141.70878349097887],[90.8576100912396,141.71225231623743],[90.85547762853327,141.71354234512637],[90.83609339172274,141.7252687989593],[90.81989581637058,141.73506748855567],[90.82007848942236,141.73653530255544],[90.82152613226991,141.7481673983524],[90.82275409719391,141.75803433870703],[90.82295817143107,141.75967411545196],[90.81597625538555,141.76716714978247],[90.80075911268207,141.78349827893734],[90.79936662754949,141.78499270236426],[90.73802629785224,141.78181370666866],[90.71169479976129,141.78044906256736],[90.70713566859057,141.78021278313363],[90.70075349186786,141.77478650771113],[90.69424368401948,141.7692517173304],[90.69114936331448,141.76981599547346],[90.6726105797256,141.77319671498338],[90.65209635760694,141.77693767407146],[90.6464930440028,141.78048386418823],[90.6405640062333,141.78423619658034],[90.63681607891964,141.7866081614099],[90.63888587632945,141.7877105375364],[90.66090254558533,141.7994366371342],[90.66058673562476,141.80183856708788],[90.65503131038795,141.84409100984038],[90.59499816775761,141.90031628588355],[90.5917681110285,141.9009476048758],[90.56519782781061,141.90614080296237],[90.49201891535354,141.8990751427241],[90.42209157928562,141.90169196242738],[90.4192325541885,141.90179895282085],[90.39939600994256,141.9062244652373],[90.37068361244403,141.91263017129475],[90.36749403958056,141.91334176168755],[90.36131870974867,141.91782673512586],[90.34514928719383,141.9295701452183],[90.34188506445577,141.93194086106274],[90.34301739305835,141.9357044210704],[90.35525588230206,141.97945981175138],[90.3440622130565,142.01294714813613],[90.35133617104754,142.5466816237311],[89.83185269848852,143.11908648095715],[89.50032229598102,143.17872405557085],[89.42842002674826,143.10509477517587],[89.42686699372668,143.10482531685247],[89.39659728893952,143.0995733848015],[89.378583480527,143.09531935946436],[89.31262408704252,143.05512335379024],[89.30840678172534,143.05248904287532],[89.29411078925949,143.05009926857517],[89.26536252618007,143.04529359590543],[89.24979607095376,143.04269144605587],[89.03553971518198,143.05045681234162],[89.02752418208831,143.05058295464093],[89.00788892854652,143.04588436771917],[88.96692158244863,143.0360811514691],[88.95634496459805,143.03355023643894],[88.94784209477348,143.0221825538016],[88.93461362928797,143.0044971134128],[88.92614003954168,142.99316857598706],[88.91135688544736,142.92866720512427],[88.9105868560643,142.92530743829133],[88.88642802728509,142.90818325472398],[88.4533263297023,142.9181456863668],[88.3105717622935,142.91977630293167],[88.29727982697943,142.92322043267842],[88.21965386283183,142.94333442555677],[88.19206550360232,142.95048296235322],[88.1894196971088,142.95259626127157],[88.16053618829037,142.97566653798873],[88.08764371843425,143.03388832332465],[88.08230050962435,143.0381561325641],[88.01702546880738,143.06939630888527],[87.99055011760571,143.08206722612033],[87.98182660158321,143.086242239652],[87.96600261161478,143.08977308490546],[87.92240685605287,143.09950071156013],[87.90895267178209,143.10250277632176],[87.95633052268013,143.23596535229615],[87.71744427174539,143.33701541225636],[87.66207423674652,143.3482065349055],[87.65502889907259,143.3517564881805],[87.61166015556071,143.3736088138156],[88.12116265710137,143.64739954758448],[87.79863831773325,143.7649946112169],[87.74593538088911,144.29435323037325],[87.44664280453992,144.39998394024857],[87.54603480355433,144.47616129076073],[87.33806014949573,144.71002585345576],[87.41551694792204,145.0271454757157],[88.17205170985682,144.68883278588802],[88.267016229962,144.87072243345105],[88.39162494338365,144.79710728848994],[88.57505913226399,144.9274441724225],[88.80190678585072,144.85040467390434],[88.2439218383824,145.17964889573688],[88.15329669725816,145.38080393209842],[87.97380929248202,145.22488325313796],[87.86508902930201,145.3582484879226],[87.78045066988307,145.21986229829037],[87.44648293569838,145.49053992426252],[87.48889840433444,145.67261128981687],[87.18542562063496,145.66391661584947],[87.22926334700558,145.880028110733],[87.91676815888223,145.61549668341087],[88.58560835826734,145.98892073763028],[89.22976520547871,145.6994333215061],[89.65078440763865,146.33632836618227],[89.48351305694487,146.67019944280054],[89.23703669813865,146.71350418848726],[88.99656012177678,147.1573427148008],[89.02569665109101,147.14350525847385],[89.03860840092673,147.13338954634793],[89.0515242322029,147.12327063661695],[89.06473622058667,147.11850560630864],[88.79863133325202,147.60738872487798],[89.12090982243879,147.61531130182954],[89.50946687968501,147.29183403798777],[90.20648521057161,147.16240597144],[90.50278906463534,147.24071905607806],[90.74898638270662,147.10126799583455],[90.91870454742113,147.15842690832162],[90.6288518849596,147.26448680886298],[90.76263173216009,147.27547677497864],[89.57900140341656,147.99993913196238],[89.79188576643922,148.05882114149094],[89.76351948820835,148.20116159639161],[91.52936802446393,147.9924335819312],[91.28859850212845,148.24587429010745],[91.41276995824494,148.32965735765669],[91.16651249366865,148.62222175252597],[91.0711604857649,149.03198446006482],[91.36238147843635,149.15205934977416],[90.54933540299811,150.09748811111984],[90.65948504716985,150.07485479772413],[89.7830407803228,150.60338893437705],[89.96177687240846,150.90418173984978],[89.14501612876336,151.37076239053636],[89.28724794047922,151.3546878164454],[89.18078245566153,151.52681412509247],[89.3759540388977,151.46307386526578],[89.36283622511755,151.6208246733102],[89.16140787398764,151.71890118735138],[89.08061844896446,151.986345987475],[89.83382067475625,151.3370884634624],[90.29890229045068,151.2162146869211],[90.18448787524936,151.3678744712425],[90.32609696964512,151.28851440031985],[90.21322766027532,151.43297539427834],[89.26644727555146,151.91639006105595],[89.36141877435742,151.891977216954],[89.30376645798276,151.97314573374695],[89.27278186602845,152.0122118231705],[89.24066888391674,152.04499794304797],[89.21135778549285,152.07111327387196],[89.15021058376806,152.12559364096387],[88.89454614236205,152.46896365197966],[89.70661139429028,151.84509401503365],[90.60103643243316,151.40335459503447],[90.44827466684775,151.6607439342974],[90.64388547956837,151.57423209006978],[90.59173885989877,151.73438901416768],[91.46489184216361,151.22671038375012],[91.54142570357376,151.17743970315996],[91.44358160958046,151.16272683127465],[91.62085967838826,150.97741994523483],[91.60191269231423,150.86309668292745],[91.24713553212736,151.18477166260504],[91.45697122194619,150.98592493217132],[91.35320260606915,150.98246000569833],[92.25522748514747,150.4903540706311],[91.69993880034603,150.65063200156476],[91.03470553463488,151.20138228594186],[91.39802882451058,150.853473213332],[91.19425222915211,150.81578446475626],[93.67419777451389,149.51625917768717],[94.65150313643144,149.26784978884243],[95.03031333661438,149.05892177659732],[95.0691901067837,148.92736124343804],[95.87492135180996,148.38023384829194],[95.70614809882579,148.41132218262408],[95.85210649822773,148.22346217771548],[95.5759760315116,148.27093487004225],[95.16647820636832,148.5248822859886],[94.91313956502283,148.4836234888955],[95.6315474544615,147.9368349213805],[95.38963784927051,147.9872426775628],[95.2683265149178,147.87315965426973],[95.80837753408764,147.56753127673005],[95.52651650556317,147.64081913996142],[95.49200794598734,147.50850763585012],[95.19774112474056,147.5093467087134],[94.97508962852191,147.7105677459264],[94.4858691703397,147.74454038191317],[94.1555759035205,147.96358587930987],[93.97308083341713,147.70621621750877],[94.66762326097319,147.33956245299564],[94.61980476704638,147.28973431929606],[95.30897042925342,146.99884648781313],[95.26944768291732,147.14447419921098],[95.4067598289331,147.10620787754567],[95.43664497073787,147.21090552356708],[95.26821886932044,147.3419241000469],[95.62171440317856,147.15045459882907],[96.00211331115136,147.10055481973316],[96.68979304817171,147.00846411551953],[96.52954861953103,147.22943619110382],[97.45828711417752,147.16678451784838],[97.29727080599763,147.40070149506195],[97.4369387395767,147.43093353865535],[97.33820132826506,147.54094366714898],[97.53353500893695,147.5879214927634],[97.81533714760945,147.3268834439583],[99.34738022760972,147.1046142417851],[99.72493855376491,146.92237823172766],[100.04721728398383,146.9074817835928],[100.03700531026607,147.03693187501872],[100.63283160381975,147.0151442941754],[100.60046299978652,146.84978198748013],[101.42257780553699,146.5939466588178],[102.00474300228947,146.5310129523084],[102.1908191458156,146.64721400165843],[101.4220315133906,147.0433678927035],[101.3775341451104,147.24556318123723],[101.09924798069292,147.394649624208],[101.59303153609237,147.3465082791431],[102.04563914418463,147.12344225161763],[102.51276018252948,147.1749672292102],[102.44352072442788,147.39779830896077],[101.67236286184995,147.72501285009093],[101.05145357297462,147.79168913905738],[100.71163922872273,147.9712450806196],[101.54225339732007,147.93642670695664],[100.83512958789466,148.28583119872673],[101.53268806011357,148.30452579580464],[102.10551704377495,148.20507034623077],[103.1204596750417,148.22425489569758],[103.39524363989774,148.1324162110269],[103.9212769893224,148.13773390065745],[103.7951525858374,148.2891602137283],[103.94910964643007,148.28364146335667],[103.46630884925627,148.47584477434407],[103.48264580208352,148.58833180512087],[103.33103830254741,148.58880282511723],[103.38208230337779,148.74682640838978],[103.03106459166999,148.8234383499362],[102.60377002411377,148.7463389093915],[102.58152114090444,148.6329457145813],[101.79582875377194,148.75864024496136],[100.99341431029038,148.74430684427574],[98.70487544481088,149.316948076338],[97.87768110548217,149.74011475938906],[97.40519010007287,150.13470565113548],[97.6945480424355,150.09906179894392],[97.61641573542434,150.2110725639062],[97.96639829075235,150.25768243082865],[99.24315037742298,150.1344154827534],[99.71156672477815,150.27804960644525],[100.41738442239213,150.23685156705983],[101.27644083996955,150.33997907035834],[101.96332558453234,150.30544275479198],[103.07995619956779,150.45971709222937],[103.55963707718647,150.42735190682137],[103.53096899789556,150.50412270687843],[105.8553562608002,150.6145483228617],[106.96222606278435,151.13257348742331],[107.45555180504968,151.1756902514714],[107.61329589758226,151.44466019133245],[107.59333067798094,151.4482602052194],[107.59221898287709,151.45081690411666],[107.57855924068011,151.48223185565388],[107.64818901719327,151.54355982988392],[107.69326798501967,151.55814460806215],[107.73002045832096,151.56615845700028],[108.09491205769366,151.6235128999397],[107.98945626580115,151.68761815320246],[108.2443476805833,151.75884752699457],[108.28756985687798,151.77851442218136],[108.61983406275982,151.8202087798122],[108.66095325600322,151.91083755821842],[109.21903063977825,152.0694763940905],[110.21005199635721,151.85496565568133],[110.57388767866243,151.91388471562686],[111.25108663879641,152.39708364365302],[111.2519535064264,152.3016268130684],[111.3618268194122,152.415050689981],[111.4953378300439,152.32345491862569],[111.72461422662087,152.43925091102375],[112.035692288272,152.23189828802376],[112.50611878588683,152.37566089885502],[112.49181743970378,152.19275844915114],[112.6038559824234,152.31626676968145],[112.62001634957615,152.3340815301892],[112.6346904294428,152.3443443083916],[112.70474346782748,152.39416246662432],[112.78056961034854,152.0072341202939],[112.63530891728715,151.78713157531652],[113.05957432741917,151.57537567469598],[112.99797330076761,151.3066116649573],[113.3962506184579,151.3871503885671],[113.1937937375996,151.1747084912132],[113.14464437526118,150.8688959403539],[113.43457674513017,150.87792921071213],[113.24891208240203,150.6141923939106],[112.93605575185033,150.52900244512728],[113.04483548233101,150.43552286114567],[112.84527824446036,150.44559805511767],[112.8147714062992,150.34944233451876],[112.60144869474368,150.34387469080042],[112.73681443063096,150.2397559211529],[112.41883989670879,150.20526368771561],[112.7347487892869,150.08592350347357],[112.42548910809886,149.93535571047622],[112.30957235548351,149.70751960090885],[112.04147818875802,149.61080242166747],[112.07631369126867,149.48153326527807],[111.87197213309659,149.46171254817727],[111.923647780294,149.2695950541899],[111.69739902109991,149.380770355123],[111.60167334738584,149.34491417084837],[111.7336243819725,149.3393559643521],[111.30553871106572,149.1567697168066],[111.66918830477951,148.935354975741],[111.64616379653107,148.79549306266478],[110.81688093473932,148.68248505169828],[109.90753336074425,148.7037249329196],[109.48414091505813,148.5974291238205],[109.61122010250133,148.46333442222817],[108.98878931431871,148.2785710011619],[109.23935719746538,148.17484555353406],[109.12752985247647,148.14046959343608],[110.06418700145554,147.71690986266742],[109.9344024113924,147.6934303917336],[110.1044787020003,147.60368093967182],[109.46201134007339,147.60757528085617],[109.56407376559017,147.38558607157248],[108.73740802132308,147.22821902294737],[109.56613092205558,146.5792877067447],[109.6086546197312,146.29349329213062],[109.40204565574733,146.27971511781874],[110.34419574781916,145.7042887659439],[110.29666801469402,145.6713549473522],[110.25086232122499,145.6653804050425],[110.25545083563536,145.64560398775376],[110.28835866974924,145.62666298711665],[110.29639855391741,145.62203541270304],[110.34607622020596,145.60138938067905],[110.36697530736477,145.57584432642227],[110.37154431499252,145.57294503657027],[110.38317052986497,145.5655675556066],[110.38953420164273,145.56152945138143],[110.43404628386013,145.54431967167068],[110.92774065860839,145.45021306407966],[111.21071678286899,145.6490786723355],[112.42091916364706,145.0700971773516],[112.92671048650921,145.00998112359673],[113.22399068336765,144.74617292177908],[113.67975159254166,144.74992789853334],[113.74852955782356,144.9102691113592],[114.01832673567338,144.9634519097665],[113.977329024764,145.2750223391732],[113.47332093424788,145.54824315508083],[113.82433624135909,145.47800026199582],[113.09732791145088,146.1168896034936],[112.60522661904551,146.05120820169805],[112.30798165149135,146.2758254890561],[112.44095923581027,146.4000957452589],[112.23192256557611,146.79863826224152],[111.30502963231528,147.11443666622773],[111.31595058775778,147.3627067266521],[111.02138458796186,147.47212176610856],[110.68684788156526,147.9038179767917],[109.86178975792129,148.004935484348],[110.4597367027296,148.09103439670136],[110.34146830544054,148.19854035681914],[110.63104294016279,148.14705278389377],[110.48659537384464,148.23766248592756],[110.89859564471126,148.28114786682042],[110.86754066808732,148.35644199417573],[111.26373752707767,148.31174739952075],[111.01686644434592,148.30216661689772],[111.07943875786103,148.21258117355057],[111.69880381816583,148.10719357039554],[111.54977375026176,148.26752598999556],[111.8984412086684,148.28210972242027],[111.35934891138294,148.39527536856232],[111.38109271967771,148.49970521161492],[112.05977615931832,148.3353837403674],[111.88708274879951,148.32365738296406],[112.01830203994783,148.2812125031066],[112.11165814917513,148.36527599563078],[111.90019424675778,148.4707939541414],[112.15735015967986,148.51016468069506],[112.11307231089282,148.59672569515283],[112.52350767535337,148.50420145348437],[112.40175222684681,148.50333179310655],[112.5251026953639,148.4090997448418],[112.39506270143248,148.2966053394086],[112.72182558164167,148.24801273014208],[112.88920534912333,148.06871275227934],[112.42165144119411,148.09411852380268],[112.71710475718086,148.13950733280086],[112.29723191447073,148.15138083244682],[111.87133066985913,147.94149481669297],[111.92196060989569,147.92697782757483],[111.93384900135041,147.92660900222836],[112.27971521936294,147.74398361777133],[112.36498916220509,148.04137797140763],[112.67378435877133,147.9792688625402],[112.73246566603575,148.007677929302],[112.7387877554622,148.01073860857036],[112.77525474879256,148.01358827213704],[112.93739566413711,147.83019326483364],[112.82836842939835,147.78663235147621],[112.75854225037929,147.79320568314125],[112.66236358699746,147.8334079799164],[112.64472119087657,147.83655033138672],[112.60955073158394,147.8367980874053],[112.44453598874594,147.80100366879864],[112.55105790427305,147.55219160286276],[112.69085326375587,147.6203438674034],[112.76249055251185,147.65677290563934],[113.17348025694965,147.57576554570082],[112.98623281833511,147.7214386143425],[113.18326379786785,147.77556707702752],[113.46322393613588,147.61027884444283],[113.36571243835265,147.41432686439043],[113.64152025803966,147.49706933767254],[113.85218393297518,147.3892667167906],[113.8749991028974,147.26882869225489],[113.92255217410664,147.24833735721342],[113.93034417669952,147.2449796658653],[113.94029337383961,147.2429867806094],[113.97849649959211,147.23533446002824],[114.2210295502254,147.29908361890062],[114.5194742987515,147.16367201802422],[114.40873526417957,147.2882231215507],[114.48667300428312,147.28329912317145],[114.51204774376583,147.28169598230636],[114.53781706890626,147.27558991977665],[114.58902839496628,147.18885760066104],[114.61430445845373,147.16822239549103],[114.62662321208202,147.16141471809817],[114.83247938873149,147.14757637645204],[114.84300612353132,147.1594401207575],[114.8795228107057,147.19800692582885],[114.56982920165566,147.49323334446026],[114.92424982172847,147.31629481286183],[114.84433765841496,147.52233040200312],[114.80976560380174,147.50342034666812],[114.7977167536967,147.50112075231812],[114.77000858037403,147.495832483457],[114.48979030037881,147.55604920549433],[114.44932123281467,147.59265281518338],[114.58658276777084,147.7265876459225],[114.6363272501455,147.7177403624716],[114.74750125884907,147.6936009487703],[114.85977448382636,147.66519542418158],[114.8207424606489,147.5713945122427],[114.96499120156189,147.47544040462355],[114.99681893157407,147.53988654465252],[115.3314340762494,147.3993257084283],[115.4340074545891,147.4449837175781],[115.63861978339754,147.33655159266044],[115.4800783659771,147.39420560046835],[115.4268947439802,147.20478083748037],[115.30595116381504,147.2575105429066],[115.22442973800239,147.1627297913564],[115.42011457638759,146.93771386821473],[115.42067821828144,147.0098344792655],[115.54076045268567,146.8769098134867],[115.70504363806873,146.90987493754486],[115.70297807582854,146.79462820194442],[115.86808826390401,146.70440566280425],[116.13053169992273,146.92024157545112],[116.35169632244809,146.7125910780473],[117.0802728918414,146.53765079313632],[117.62036988268235,146.2327468266955],[117.66143901719721,146.22258801315795],[117.69330766127695,146.21790346657977],[117.60431411173222,146.2989570954979],[117.71061985041284,146.36769958258176],[117.46501404822698,146.71154324351374],[117.69298054817142,146.71390498467957],[117.76796626618614,146.62129168072602],[117.83570334247065,146.7259992516466],[118.05785374892992,146.6611492881816],[118.05846937616332,146.89596851492976],[118.47786640107374,146.77764486183708],[118.66141160670023,146.97798727259632],[118.88249062483206,146.88809288921414],[118.89468938031999,146.96019054923278],[119.15662324539618,146.77956859581712],[119.31059026417844,146.39599724537257],[119.71232728782186,146.1739514269131],[119.90109580258357,145.91030513877044],[119.64729342237241,145.88021223161246],[119.45586879348173,145.56506121229108],[119.67048595116964,145.4370288439185],[119.67913844710785,145.42762350367389],[119.68098246651101,145.42561903813845],[119.68694153799893,145.42400327840429],[119.72911747023255,145.41256757517576],[119.9477000947567,145.3799037933395],[119.9651671047162,145.38415523645014],[119.96917658295536,145.39106731007553],[119.88280131215777,145.45734366239574],[119.87815171082727,145.47420109418553],[119.87766558121967,145.47596358867014],[119.88245554125676,145.4807898796404],[120.06816278349935,145.5755168273374],[120.09826590707732,145.5688972355469],[120.10472228247379,145.56747749684573],[120.10936238224986,145.5628640989066],[120.10075472824914,145.55171941694658],[120.11955033793677,145.5306820298597],[120.12042908974294,145.52638318729151],[120.12131712801535,145.52203891544963],[120.13166082241383,145.5119191977758],[120.3509992820996,145.3945459616532],[120.19939080781836,145.6089401542207],[120.5184872242509,145.42558256650182],[120.56367977128221,145.4897276046479],[120.765742777972,145.38124194919726],[120.64214805314522,145.52704836936584],[120.6096149849149,145.68035101173513],[120.80146999931267,145.5231398749182],[120.70250323555685,145.49791595008304],[121.04265473917172,145.3460758598817],[121.05569621708074,145.2558030921356],[121.45423846535192,145.18538981517378],[121.0519188277874,145.5185805744327],[121.4386807470253,145.45667867185665],[121.59770435334633,145.3051275480727],[121.52478557504872,145.582672141283],[121.83760559480775,145.4184025451048],[121.74346975054209,145.37783306412885],[121.82631054980195,145.14870507835263],[121.6857313316386,145.05516943277433],[121.82644776432383,144.90367744814222],[121.62667062021535,144.85405730516433],[121.71062009524564,144.7450057356762],[122.23563981260044,144.6950833002681],[122.3273710253218,144.5290299254855],[122.582252752978,144.48100244462873],[122.52470868062773,144.56622963605372],[122.79408071379672,144.49032250689044],[123.09607542520808,144.21815057062952],[123.12485739834445,144.4251797417145],[123.30590861171866,144.30175270164935],[123.23678864703342,144.51653171470213],[123.40196217908286,144.7649678038098],[123.32868001629171,144.94805659235885],[123.44040616128017,145.28666747248297],[123.60442479965472,145.27930868330697],[123.63801728059482,145.0018446528917],[123.64125735307606,145.25585894588033],[123.80831436404888,145.2710370343294],[124.06561263774165,145.0188265929462],[124.17629252240536,145.070935548148],[124.21188075865385,144.9417177818312],[124.03981079157114,144.93378974106872],[124.41769307377496,144.73840626799756],[124.52931368320846,144.9101723445575],[124.37221879974976,145.08297996767377],[124.61003027158507,145.11009008768912],[124.53522502039075,145.34104267928612],[124.90258392359216,145.32107924905694],[125.02433549304536,145.0967525628118],[124.91847233739222,145.05921385565546],[124.95797748850643,144.85823077240912],[125.03084233181892,144.97909990536675],[125.0993582584244,144.8702504792338],[124.92280873485859,144.74703369006497],[125.05026878949116,144.61620742515703],[125.22036563612426,144.73583166803672],[125.32464948578563,144.5342136602426],[125.48339621667402,144.57933190143896],[126.25852516890698,144.22063380420227],[126.27424808707855,144.33201832108878],[126.3011095529178,143.6705330777211],[126.58499136668226,143.3356333978016],[126.79633584197555,143.4343577621638],[127.26568887087518,143.1187376923512],[127.67299301636474,143.26765638403674],[127.59367976510644,143.1659733511285],[127.73253999785152,143.0393552002612],[127.56487040352185,142.80995108023473],[127.88939338132462,143.00554787730619],[127.85135090385273,142.40188873572617],[127.95738810296366,142.49159410373406],[128.1321276554528,142.42972797317265],[128.1220825124646,142.12920715453393],[128.62804271047534,142.09988087075834],[128.59022797662232,142.539442047457],[128.7098758586974,142.68285297396278],[128.76015448475215,142.54914125759967],[129.04986050263082,142.5949263965287],[129.09557143120261,142.47001262691032],[129.65468337498368,142.85756477534048],[129.779751611822,142.58837630322333],[130.0472483507082,142.65350162833835],[130.04163143767556,142.41807159957378],[130.18199121442026,142.44751406062062],[130.20400340716134,142.21174739535104],[129.86044836886506,142.15708953531077],[129.96081346594755,141.8907536374524],[129.9298276045412,141.31863904610339],[130.03542580134453,141.34739175452387],[130.10424927054962,140.66413093150726],[129.92768179084592,140.73697312892386],[130.103940029912,140.50787352651105],[130.28598796049968,140.5038422286608],[130.23665825965074,140.369876725163],[130.44563192089828,140.2984014993095],[130.45668486928975,140.22374489369605],[130.45802571528208,140.2146882142573],[130.4652246279202,140.20560078795188],[130.48934705197584,140.195298487477],[130.49057694595155,140.19477321948312],[130.46181394272315,140.18890539825566],[130.4579921483845,140.18812572981258],[130.44742229986713,140.17157530005898],[130.02651895124131,140.00347068165843],[130.07068593467739,139.9700405192787],[130.07463801700843,139.96396257015198],[130.08559857676883,139.94710620961988],[129.67601855899892,139.8733854107673],[129.75201502071604,139.78481016828988],[128.73140193871893,139.99351784090763],[128.62766776991955,140.1374940902312],[128.52892800914452,140.084606350074],[127.48794674451733,140.3676014585646],[127.13694159883217,140.27057126291203],[126.72639891373447,140.39211952183334],[126.39764842747928,140.6349709108941],[126.2115989622237,140.52455313520056],[126.21052606086027,140.51930257998936],[126.21420166644555,140.51315652631703],[126.22373753371126,140.49812166358103],[126.25990210344825,140.4696335768117],[126.2677828892555,140.45929847887174],[126.27105060758986,140.45501309542752],[126.27454767192089,140.4533357524119],[126.28565041049306,140.44801039970594],[126.28828061095243,140.44674884202425],[126.30046843019468,140.4454509947498],[126.33073540178793,140.44222794837776],[126.34385433500101,140.43795727412942],[126.35937464579033,140.43290486700604],[126.36543057363173,140.43093344946294],[126.37173407920716,140.42525892082458],[126.39640056771844,140.40305370599737],[126.45741917236921,140.34812366501873],[126.47555761313916,140.31646259159345],[126.73363182422523,140.1264538513022],[126.50190198752834,140.02234642429116],[126.52884875926785,139.88328390373673],[126.4097272146864,139.87846362836112],[126.75739887546081,139.6101358946648],[127.08219088311444,139.73428495244724],[127.45053392518444,139.54111651820557],[127.82387239612504,139.48121135144837],[128.14521226212938,139.07645838499496],[128.2698606433035,139.0790056283559],[128.29059573292028,138.97933343547038],[128.57815162535934,138.94173910881034],[128.9035992681431,138.68896211238828],[128.9369999669369,138.54508048440172],[128.83877316366028,138.43557594491014],[128.91930944792296,138.23483827019538],[128.83703744034955,138.10483729060155],[128.64925899653838,138.1750790487233],[128.5593663277733,138.1032909644322],[128.24395987637223,138.1633452773093],[128.33951854258177,137.81965680139334],[128.10064263544388,137.7074932523325],[127.77560345240862,137.73826693575296],[127.91157947921383,137.41733362260095],[127.80567982674769,137.35629004420008],[127.87126217234982,137.11371333734132],[127.75103923844541,137.219322013502],[127.5020071823474,137.1243150250299],[127.55624894715075,136.99622412921718],[127.09413697279153,137.03668107880875],[126.98322902626887,136.9459998355419],[126.82647828683523,136.98617883338804],[126.88832053851038,136.91709618445554],[126.67982714111038,136.89830445106355],[126.59570187085555,137.07195308891073],[126.37316542537536,137.1796401047213],[126.334186221915,137.07720042015688],[126.23272693022122,137.14909645338642],[126.05637070259932,137.0703398702274],[125.89161281763721,137.2144671138873],[125.63996532452248,137.15350518639684],[125.76382634420065,136.74500723339904],[125.6906942617895,136.64265653676904],[125.45912003119832,136.65594388510243],[125.51802879742226,136.3975681425374],[125.4102342172137,136.41980464973173],[125.36574273824812,136.41267759387944],[125.36525570205899,136.40912157902517],[125.36273192610592,136.3906946428347],[125.3994172452164,136.37677710677022],[125.43224614684945,136.36107309301536],[125.44007829708131,136.35732651031375],[125.446406171573,136.35068714971393],[125.45238028873132,136.3444189599557],[125.49949502304182,136.3117481074411],[125.47612215147795,136.19530799647464],[125.26572825814264,136.42188484128556],[125.23984728122542,136.432109772921],[125.21253148623052,136.44048723341362],[125.15702291600559,136.4575111148033],[125.001343699063,136.08588151791886],[124.90863589293289,136.10493792121824],[124.97227598216503,135.93999313355175],[124.98633729472581,135.9080126039347],[125.04214511184028,135.47764532374123],[124.76799651449565,135.57518856308172],[124.71326166231384,135.32289456416927],[124.95888456235878,134.63503847073653],[124.79456686548647,134.22576779871633],[124.65805775237763,134.22101741412442],[123.9534578130729,134.64984551282225],[123.94845911629638,134.5304404774239],[123.78717926796621,134.5339562386733],[123.78564403773552,134.80308428027428],[123.07313367493109,135.54735311262976],[122.79123524223479,135.6586770512773],[122.0662103537704,135.17625570359263],[121.74772125446296,135.24611311477219],[121.70246059781022,135.10704316503666],[121.38639113695328,135.12139330274886],[120.70128392398813,135.5477599232969],[120.28354405935826,135.41015815850093],[119.70768562099195,135.51658345362955],[119.41224495096836,136.38137362247232],[119.00191477054669,136.6186222964689],[118.92056434219029,136.54995402907593],[118.0337411978769,137.13835587123037],[118.01420042028163,136.71666615005202],[117.63321730398329,136.90250210384113],[117.34259366166478,136.64188942209125],[116.84489641002672,136.9251247607178],[116.42647248297048,136.91769432887256],[116.5157817364297,136.69647259005723],[116.39413132018,136.70742291993594],[116.56326393943344,136.2516875607864],[115.74479392426215,136.54305510445974],[115.68086334900033,136.43472948485334],[115.52339268330641,136.64664504554787],[115.40489410217484,136.51255544056397],[114.59368817052916,136.9216841971189],[114.4778582687494,137.13139135858142],[114.10309486130647,137.3234027394644],[113.6817054636637,137.30489786659714],[113.60609669264709,137.92114799239513],[113.2936451490556,138.0880221037338],[113.20106900671071,137.8874279177612],[112.58416235809221,138.1250950895296],[112.68210440017414,137.99690136174812],[112.1090851291904,138.0255205686833],[112.04184568238293,137.66764761564912],[110.1927765453547,137.25358952132427],[109.65343374987226,137.5625962213395],[109.38063046284176,137.45224270237242],[109.3352866588294,137.45606301623707],[109.31339287455607,137.4507664602551],[109.26169907592138,137.35116687336475],[109.19891656798808,137.3486663178059],[109.04709855363838,137.34261957975434],[108.96811752133729,137.58827739254247],[108.79910763183291,137.46332926192153],[108.43537926482303,137.66595494228343],[108.35552643794286,137.6720639811511],[108.4000395111674,137.52722973201986],[107.62723481668223,137.71041782263052],[107.30891791684971,138.45757879075094],[107.18357113187218,138.65953909950667],[107.17355954727185,138.6756698899165],[107.16069032771365,138.75359505866433],[107.17894259575834,138.78470889990123],[107.19169854222764,138.79191913179665],[107.22365919727068,138.80998472457287],[107.23659613370823,138.81729726009942],[107.24589691830475,138.81556494845563],[107.28324552145298,138.80860860843478],[107.351335779537,138.7959265012765],[108.39197140349644,138.59098725762067],[108.17652831540654,138.72012411496326],[107.8967796961954,139.7244300839683],[107.5310425173657,140.14385718801833],[106.29173674293409,140.32295010022858],[106.25174655380755,140.32099973609775],[106.23311396448463,140.3151678359464],[106.27501732999153,140.08841566981118],[105.78330771148188,139.98453157163408],[105.65498759432494,140.18331727239544],[104.93716932920967,140.23608004554106],[103.8933831853383,139.51884879607837],[103.25573489293372,139.54139372201337],[103.05679285715442,139.07764562661674],[103.2262000062022,138.8534437439264],[102.8948612494174,138.40288837229],[102.21636022375813,137.94624295744362],[102.42998658874615,137.58977775623208],[102.19727675054884,137.03415150116172],[101.38597722718745,137.1246529946982],[101.1712515334002,136.62289599991865],[100.71159835222176,136.41589594366803],[99.48359653663013,136.5492610225241],[99.17361217438031,137.0699378346729],[99.48484087023968,137.08781854518358],[99.44572272965974,137.61591091072142],[99.11400171160956,138.40207142461065],[98.8458946244719,138.29165708473352],[98.25834204833427,138.60376994620245]]]]}},{"type":"Feature","properties":{"CC_1":"NA","COUNTRY":"India","ENGTYPE_1":"State","GID_0":"IND","GID_1":"IND.20_1","HASC_1":"IN.MH","ISO_1":"IN-MH","NAME_1":"Maharashtra","NL_NAME_1":"NA","TYPE_1":"State","VARNAME_1":"NA"},"geometry":{"type":"MultiPolygon","coordinates":[[[[76.16084862956001,94.73964456121621],[76.00341886420881,95.22502240057882],[75.1978812997488,95.34016242312495],[75.15930914426619,95.73956915884489],[74.0448575030653,95.11915945770278],[73.89624715323438,95.10619115213889],[72.51017615167751,95.12483130618116],[72.17902567934081,95.32417004855337],[72.49278579943575,95.43831465162117],[72.02382431098732,96.72943550524488],[71.28583377779715,96.87890473978389],[71.25158053522509,97.5709838684018],[71.0985790581487,97.63437704055717],[71.40011192982706,98.75584672320758],[71.20645379769124,98.57786239991171],[71.26683738916896,99.12988004324305],[71.41587061729689,99.14241669187027],[71.28453482519804,99.15826706654576],[71.22250099931233,99.65307252810027],[71.39997498329353,99.65885613527443],[71.05193092298508,99.65690591621279],[71.43990013244128,99.94670973372772],[71.10100476595468,99.8868137303439],[70.92431272769505,100.80951939958413],[71.14844226145048,100.95879922115817],[71.17585282751811,100.59217672526026],[71.51610702399454,100.63547067088885],[71.27713805231248,100.81575026675424],[71.4218170893067,100.81531192459227],[71.23673486734553,100.92354009271837],[71.47681374394483,100.89054479809643],[71.1184794399292,101.24258673325414],[71.34964541979639,101.1669967956492],[71.40073721108976,101.36099193967885],[71.2211552388512,101.33788195782654],[71.40416168639189,101.74419912708382],[71.20233590656895,102.01523969690356],[71.57198980740719,102.57514800871851],[71.26882548675523,102.57011688569912],[71.29755738105158,102.9765562920046],[71.53537634313487,103.03281835931925],[71.24733217323598,103.04832439299085],[71.54360707182202,103.65181700044172],[71.38017348862529,103.658698608653],[71.46420298266094,103.90506152850496],[71.3074733082661,103.88752948601072],[71.39367461722952,104.07978662048737],[71.59700426911944,103.89174560702338],[71.5554421995574,104.01130222291081],[71.80163410385673,103.95907674519398],[71.58809547499996,104.03563385066798],[71.66355878213695,104.49529694918188],[71.23056894438544,105.81891853254976],[71.43664984050221,105.63765131923597],[71.61964633638209,105.87801249651554],[71.15290117947572,106.50013275625336],[71.4913290060352,106.69227136365046],[71.33878991669299,106.71951693159582],[71.40830262616683,107.1334263463174],[71.10770243646778,107.49940195954849],[71.39302097628868,107.66089166674186],[71.11490844949546,108.42811777309612],[71.30515376524158,108.50688077022758],[71.12209996709956,109.41682534992842],[71.44634472095674,109.28517492369255],[71.1698414082797,109.44238280625983],[70.94847331956186,110.01443963638658],[71.28338250038284,110.07449388508621],[70.86941446324406,110.04099854138518],[70.92129686112906,110.34312918950673],[70.68111957558537,110.64461057785346],[71.04608113266607,110.75760744769897],[70.85591639304674,110.74063957485495],[71.02784325573165,110.84218024918465],[70.80361063186922,110.71168873834227],[70.59252787478246,111.39388353194619],[70.74891888040088,111.80148186081159],[70.40797802096304,111.99600708580714],[70.563893867948,112.41845054739741],[70.83419859428602,112.11973579995195],[71.49118118517714,111.95226965077902],[71.33506829017117,111.72521458710179],[71.5308074710664,111.46892099255216],[71.37076638386611,111.74757013186212],[71.58706086705234,111.9768775793625],[71.4194737479543,112.49428763869851],[71.72003688292787,112.38275553577652],[71.77431430254774,112.66220527692936],[71.37913980755371,112.49029412195587],[71.44641112747206,112.27840889533505],[71.02245533571687,112.38368416962783],[70.48092917348714,112.97010335237064],[70.739953126,114.11554249022919],[70.89887883041698,114.06952848925059],[70.75376843342895,114.78411599351537],[70.61942207254327,114.77703020646905],[70.87053708352698,115.910323294178],[71.2084474691826,115.836356110446],[71.4696041167806,116.09034875375315],[71.61526868137275,115.83181549915679],[71.87124395835502,116.36682108458993],[71.49247242584708,116.21432105195808],[71.31388614693407,116.59929151108862],[71.7007208329772,116.65573087275499],[71.61969927259415,116.91287045721445],[72.392926082066,117.3258041399784],[72.18732576274024,117.31511320725659],[72.19996736900305,117.71370955260078],[71.97415067398913,117.70311564049278],[71.46193759300898,117.22096275308505],[71.12223719170916,117.29144042640812],[70.83103745741559,116.72490638859662],[70.5359910895752,116.49836675620725],[70.6394395157937,116.9441146748126],[70.50063686001437,116.82766036883591],[70.98876960373076,117.61286067153833],[70.83396985098372,117.5561516672552],[70.89268532417742,118.24442751194987],[71.1558412561091,118.53583736348851],[70.74326669502855,118.15742222854699],[70.76748545957608,118.42556869630386],[71.36071472672224,119.13099645109263],[70.81303288853967,118.60015433422723],[71.15253591643882,119.56731552996303],[70.90882403365616,119.86960570191289],[70.94539922901384,120.47288150005112],[71.25759146182055,120.67917168620372],[71.34035745738952,120.92007489849743],[71.22156334192888,120.77023760950499],[70.86353762736925,121.04213470009407],[70.91043621070301,121.39423088610064],[71.10432367454945,121.4132525338677],[71.18324527579173,122.50517281842842],[71.07861550605031,122.34468044965976],[70.86027204401951,123.21224963457627],[71.10339443042213,123.2742331222464],[71.08672623934224,123.73295165542079],[71.59952206722622,124.0453189514829],[71.80253498560657,123.76766512312139],[71.6892524434301,123.99900191813562],[71.75962899786424,124.87837074103291],[72.09660667003777,125.34736637448137],[72.62612844059655,125.33504184944312],[72.64761279489049,125.4995635652434],[72.9093417553297,125.49954139635085],[73.16879910845049,126.0059710341247],[73.6567420661932,126.19888309620448],[73.70126895333212,126.2031500650271],[73.83778981076377,126.19819754676004],[74.14268965300015,126.13841354116629],[74.1554826950331,126.15041417665404],[74.15540967686337,126.14753372556231],[74.06306297851319,125.39519424670061],[74.32596030202573,125.62622559539787],[74.51384928511587,125.10109279039068],[74.64515585176738,125.35266280666943],[75.52689697259238,125.09516297032343],[76.00238297697891,125.67097817388174],[76.08996105473014,125.73676590893444],[76.09418865439818,125.77492492252554],[76.10684078164763,125.79351900430493],[76.13533605285683,125.8353968160547],[76.32006768897189,125.7360151504653],[76.78820690130726,126.4358300727186],[77.46065214947237,126.76951194673586],[77.45484157949778,126.59859333703412],[77.9247080212111,126.81474598397021],[78.28997883579376,128.52070682079204],[78.06973117302772,128.37988199668666],[79.4435184770342,130.19271329162368],[78.97623658345853,130.84227946202037],[78.94821853231662,130.89010464559576],[78.94020169067197,130.90378892796807],[78.87716894444904,130.92135696497405],[79.69823843983427,131.84441060742495],[79.73849730905536,131.24712650098644],[80.11252394724187,131.53670531294938],[80.35565543600605,131.39763789857895],[80.43009587887535,131.3862695561159],[80.44552275387886,131.37998699733532],[80.59154167882662,131.32052113151008],[80.68689747697651,131.24510166833227],[80.70690635636623,131.2125879602617],[80.71458594854033,131.13669711371074],[80.70925458999882,130.95375816537],[80.89029444818172,130.73991574097025],[81.58891328613738,130.93820972024886],[82.56203444192744,131.62094433877473],[82.52570343782376,132.1833469330618],[82.87855064076784,132.27246201684818],[83.18330335390343,132.64494885088843],[83.72966029495444,132.86786561550224],[83.92479830286749,133.709492806329],[83.72809848914656,134.41672078639675],[83.93509785230063,134.8762382187124],[83.23224626266901,134.87349360330143],[83.2307718255911,135.10337980569017],[82.9039609428401,134.9896495264132],[82.7953596162736,135.19667202206875],[83.02581129415144,135.87066842396223],[82.05221147857954,135.79409702003272],[81.81309700236754,136.04604161476553],[82.02884345929579,136.2982751777567],[82.14614655157047,135.9159155895835],[82.49815910862702,136.12130082794954],[82.96111280910888,136.0722412108683],[83.07428993819258,136.337330754979],[83.7322931498864,136.46636433775998],[84.05429047235486,137.33925788685573],[84.51902942452617,137.3569156080282],[85.06154417756508,137.73730200080215],[85.4111034069158,138.61072952374616],[86.19097931345908,138.97184734401185],[86.49989674305817,139.55617811750943],[86.74502210711556,139.34005563195626],[86.77119668930452,139.33665657843022],[86.78252030775403,139.3414451509668],[86.89282942000476,139.38809306548404],[87.76694064982358,139.66782404780702],[87.83610132707341,139.84300549379805],[87.87028322512765,139.86025192346625],[87.87628511034248,139.860980317786],[87.95024006612894,139.8699555593616],[87.96507575798645,139.77121245879698],[87.96613098385158,139.76418910762987],[87.97103656149895,139.76345682665263],[87.99065446513393,139.76052836059228],[88.00750145820354,139.7580135227003],[88.0453005209047,139.77426557526775],[88.12936221147794,139.81040866762163],[88.19501231983416,139.8994747193801],[88.5262208770474,140.01830324048484],[88.53415281408155,140.02467245615816],[88.57412902104966,140.05677269634944],[88.92228036509316,140.60852568214418],[88.76863546263792,140.79112636259816],[88.35337293373536,140.4325703513902],[87.74182958661882,140.24645663526337],[87.74551129782833,140.31872937808643],[87.74568360084379,140.32211172146341],[87.69802077627533,140.39580621632467],[87.69536118848912,140.46337024431136],[87.67093514635368,140.47775223029018],[87.66529162400114,140.4758560042149],[87.4964579460398,140.4191278116899],[87.41557207369064,140.33857100579792],[87.33416091460586,140.3052592272445],[87.32771376525083,140.30262118580123],[87.27866715211896,140.2980261443439],[86.8215431447276,140.26366325543515],[86.73360952710948,140.25284548222476],[86.70761239065664,140.24964726140902],[86.68819681498125,140.23834699617345],[86.50050789518112,140.1291081762194],[85.96434149478296,139.97745565678628],[85.94605559646197,139.80486778995697],[85.78900971973731,139.91837311255995],[85.53148315761803,139.64257343453352],[84.86884178072621,139.42995058883042],[84.83871482487795,140.3367659485976],[84.61402535287722,140.50971408693465],[85.43607570556631,140.7739956251952],[85.62954179009152,141.2066387310457],[85.23063347654788,141.60935703296832],[85.39484681871343,141.83672062294335],[85.18297548449425,142.04591003457034],[87.33856479318382,143.07172398005957],[87.85703794922705,143.1070221435049],[87.92240685605287,143.09950071156013],[87.94230974229774,143.09721065942887],[87.96600261161478,143.08977308490546],[87.99055011760571,143.08206722612033],[87.99394510656131,143.08100148422875],[88.01702546880738,143.06939630888527],[88.08764371843425,143.03388832332465],[88.09855165171062,143.02840363998402],[88.16053618829037,142.97566653798873],[88.18665717832113,142.95344252226673],[88.1894196971088,142.95259626127157],[88.21965386283183,142.94333442555677],[88.28389240005674,142.92365580158594],[88.29727982697943,142.92322043267842],[88.4533263297023,142.9181456863668],[88.88642802728509,142.90818325472398],[88.91135688544736,142.92866720512427],[88.93461362928797,143.0044971134128],[88.93774422427376,143.01482668336303],[88.94784209477348,143.0221825538016],[88.96692158244863,143.0360811514691],[88.97230024799052,143.0399992812232],[89.00788892854652,143.04588436771917],[89.03553971518198,143.05045681234162],[89.26536252618007,143.04529359590543],[89.27469604553264,143.0448305515667],[89.29411078925949,143.05009926857517],[89.31262408704252,143.05512335379024],[89.32897060555771,143.05955942471354],[89.378583480527,143.09531935946436],[89.38021892467575,143.09649815380126],[89.39659728893952,143.0995733848015],[89.42520387188381,143.10315215504176],[89.42686699372668,143.10482531685247],[89.50032229598102,143.17872405557085],[89.83185269848852,143.11908648095715],[90.35133617104754,142.5466816237311],[90.3440622130565,142.01294714813613],[90.35585904016457,141.98137669967792],[90.35525588230206,141.97945981175138],[90.34221474483482,141.93801394738944],[90.34301739305835,141.9357044210704],[90.34514928719383,141.9295701452183],[90.34634241998768,141.9261370452516],[90.36131870974867,141.91782673512586],[90.37068361244403,141.91263017129475],[90.37257440893441,141.9115809724965],[90.39939600994256,141.9062244652373],[90.42209157928562,141.90169196242738],[90.42537551174897,141.90103613252097],[90.49201891535354,141.8990751427241],[90.56519782781061,141.90614080296237],[90.59052152791244,141.90206794769955],[90.5917681110285,141.9009476048758],[90.65503131038795,141.84409100984038],[90.66167026311976,141.80246475644506],[90.66058673562476,141.80183856708788],[90.63888587632945,141.7877105375364],[90.6405640062333,141.78423619658034],[90.64173521712007,141.78181136287543],[90.6464930440028,141.78048386418823],[90.6726105797256,141.77319671498338],[90.68889985219663,141.76865178546956],[90.69114936331448,141.76981599547346],[90.70075349186786,141.77478650771113],[90.71169479976129,141.78044906256736],[90.71303488494534,141.78114260907395],[90.73802629785224,141.78181370666866],[90.80075911268207,141.78349827893734],[90.80379572397214,141.78357982144715],[90.81597625538555,141.76716714978247],[90.82275409719391,141.75803433870703],[90.82405453440347,141.7562820630291],[90.82152613226991,141.7481673983524],[90.81829310908219,141.7377913198353],[90.82007848942236,141.73653530255544],[90.83609339172274,141.7252687989593],[90.8525755418254,141.71367358595555],[90.85547762853327,141.71354234512637],[90.96070865647596,141.70878349097887],[91.88203885652855,141.25154923363365],[91.9265527795026,141.22060022556911],[91.95612352093677,141.20955010637323],[91.96360987082623,141.2067525756179],[91.98140076294828,141.20010440012362],[92.03185069126367,141.1904602167283],[92.03895932125823,141.2297911237727],[92.11642060899615,141.18679455057014],[92.12878185152272,141.1799331739434],[92.17370759700992,141.172556182134],[92.20057124795379,141.16814506038548],[92.20290365030753,141.1677620703455],[92.20377435830119,141.16989369831197],[92.21008207523039,141.18533596587957],[92.22383284012832,141.21899996716462],[92.39485766173418,141.29219280690185],[93.44711488108237,140.65394464211056],[93.7238231424735,139.8982328560833],[93.76546978146945,139.84895268762406],[93.80193261431329,139.81603973393433],[94.50927274028022,139.40399680914481],[94.7531995811474,139.42948643279254],[94.74292629140373,139.25836624998124],[95.08310023416557,139.29816561961428],[96.06004594641409,138.84104080277683],[96.43672265049403,138.8731110959986],[97.1344220616298,138.71588600760737],[98.25834204833427,138.60376994620245],[98.8458946244719,138.29165708473352],[99.11400171160956,138.40207142461065],[99.44572272965974,137.61591091072142],[99.48484087023968,137.08781854518358],[99.17361217438031,137.0699378346729],[99.48359653663013,136.5492610225241],[100.71159835222176,136.41589594366803],[101.1712515334002,136.62289599991865],[101.38597722718745,137.1246529946982],[102.19727675054884,137.03415150116172],[102.42998658874615,137.58977775623208],[102.21636022375813,137.94624295744362],[102.8948612494174,138.40288837229],[103.2262000062022,138.8534437439264],[103.05679285715442,139.07764562661674],[103.25573489293372,139.54139372201337],[103.8933831853383,139.51884879607837],[104.93716932920967,140.23608004554106],[105.65498759432494,140.18331727239544],[105.78330771148188,139.98453157163408],[106.27501732999153,140.08841566981118],[106.23311396448463,140.3151678359464],[106.29173674293409,140.32295010022858],[107.5310425173657,140.14385718801833],[107.8967796961954,139.7244300839683],[108.17652831540654,138.72012411496326],[108.39197140349644,138.59098725762067],[107.351335779537,138.7959265012765],[107.32226587435434,138.79503808948255],[107.28324552145298,138.80860860843478],[107.25597311646258,138.81809341985428],[107.24589691830475,138.81556494845563],[107.22365919727068,138.80998472457287],[107.20189708606728,138.8045238478721],[107.19169854222764,138.79191913179665],[107.16069032771365,138.75359505866433],[107.18357113187218,138.65953909950667],[107.18696534877614,138.64558651618484],[107.30891791684971,138.45757879075094],[107.62723481668223,137.71041782263052],[108.4000395111674,137.52722973201986],[108.35552643794286,137.6720639811511],[108.37039596605227,137.67624194241142],[108.43537926482303,137.66595494228343],[108.79910763183291,137.46332926192153],[108.96811752133729,137.58827739254247],[109.04709855363838,137.34261957975434],[109.17477438837305,137.35165256059116],[109.19891656798808,137.3486663178059],[109.23324467158176,137.34442013733172],[109.26169907592138,137.35116687336475],[109.31339287455607,137.4507664602551],[109.38063046284176,137.45224270237242],[109.65343374987226,137.5625962213395],[110.1927765453547,137.25358952132427],[112.04184568238293,137.66764761564912],[112.1090851291904,138.0255205686833],[112.68210440017414,137.99690136174812],[112.58416235809221,138.1250950895296],[113.20106900671071,137.8874279177612],[113.2936451490556,138.0880221037338],[113.60609669264709,137.92114799239513],[113.6817054636637,137.30489786659714],[114.10309486130647,137.3234027394644],[114.4778582687494,137.13139135858142],[114.59368817052916,136.9216841971189],[115.40489410217484,136.51255544056397],[115.52339268330641,136.64664504554787],[115.68086334900033,136.43472948485334],[115.74479392426215,136.54305510445974],[116.56326393943344,136.2516875607864],[116.39413132018,136.70742291993594],[116.5157817364297,136.69647259005723],[116.42647248297048,136.91769432887256],[116.84489641002672,136.9251247607178],[117.34259366166478,136.64188942209125],[117.63321730398329,136.90250210384113],[118.01420042028163,136.71666615005202],[118.0337411978769,137.13835587123037],[118.92056434219029,136.54995402907593],[119.00191477054669,136.6186222964689],[119.41224495096836,136.38137362247232],[119.70768562099195,135.51658345362955],[120.28354405935826,135.41015815850093],[120.70128392398813,135.5477599232969],[121.38639113695328,135.12139330274886],[121.70246059781022,135.10704316503666],[121.74772125446296,135.24611311477219],[122.0662103537704,135.17625570359263],[122.79123524223479,135.6586770512773],[123.07313367493109,135.54735311262976],[123.78564403773552,134.80308428027428],[123.78717926796621,134.5339562386733],[123.94845911629638,134.5304404774239],[123.9534578130729,134.64984551282225],[124.65805775237763,134.22101741412442],[124.79456686548647,134.22576779871633],[124.82602942501586,134.19970022730195],[124.82940313030093,134.1943159914229],[124.85185995312958,134.1584762185363],[124.78826011474263,133.98643724084658],[124.76975588514823,133.96701222649543],[124.7125058763541,133.9536091148701],[124.69463620737476,133.92154240836666],[124.67631401856383,133.90333068825856],[124.64692957807438,133.88060315074486],[124.64087536993003,133.8777006948727],[124.6132094717894,133.87705284409384],[124.5455802589567,133.83706572067607],[124.51887690760637,133.79392350381235],[124.51209932670602,133.78754316250325],[124.50339993953844,133.77935365357303],[124.49672840265791,133.7730731409565],[124.48507339671079,133.76800745515084],[124.45306876984793,133.75409709038982],[124.43632426313253,133.74681932404835],[124.42972113612564,133.74791578938363],[124.34924727340015,133.76127867045216],[124.11570110886109,133.60072548674358],[124.10511801388527,133.3422405633056],[124.11845978971688,133.32943662241436],[124.11860139705553,133.3285342007253],[124.12095264725542,133.31355037858057],[124.08236160452023,133.3105119078076],[124.08268101368728,132.8280401655821],[124.2736082267194,132.45644493709648],[124.33315123605942,132.45663703751902],[124.47871112058054,132.47297543112307],[124.60003233194196,132.5051916775613],[124.88414000620656,131.29779646664227],[124.5378597543636,131.04150355489497],[124.63095681401556,130.82690421335496],[125.11388512252161,130.95162826706655],[125.06030397425488,129.8712257128618],[125.21464380564592,129.52190863700713],[124.91937651781424,129.39777558630814],[124.80265015268193,129.18754753559253],[124.29362721956372,128.99646448442024],[124.42739640155577,128.70915263259843],[124.35479328236444,128.45845179729102],[124.93602355445685,128.3114770798887],[124.94220008168288,127.63478736963164],[124.77523661319587,127.20259528095309],[124.54797080246757,127.34757305306118],[124.38496164325879,127.07724501318175],[124.72727586630506,127.01376630156687],[124.75669770480437,126.86813098225173],[124.46733929316953,126.48196284502008],[124.36089555082506,126.5210466057348],[124.34903261001475,126.39185857849294],[124.67680888705254,126.28967894193747],[124.60494815418015,126.5139300425585],[124.9317999250349,126.59099197598245],[124.91961696145127,126.3247408163724],[125.41393451230564,125.88122878451709],[125.37633493715747,125.40388095038733],[125.6290845766409,125.40407380579919],[125.80704658427922,125.18276131464881],[126.0168995732688,125.18512360122087],[126.25114033850264,124.93167866780774],[126.30203287458428,124.62005466479803],[125.88960733397569,124.35011542360161],[126.11479178430363,123.98087261952178],[125.7351581040632,123.50749194256353],[125.47550438906052,123.48486819423591],[125.47822127590425,123.68063635328598],[125.21487922829886,123.566861110043],[125.0187362493042,124.11706910636997],[124.65295792179052,123.69497778182807],[124.5304423364657,123.28957905836795],[124.2980482129161,123.07098397731251],[124.28492226839671,122.71900576883883],[124.02379799860492,122.36204249604515],[123.9943017367524,121.8948417655641],[123.85928016622383,121.72272265228305],[123.7536796549789,120.95695689686224],[123.76542158892431,120.93441362509482],[123.81523001565517,120.88027940541467],[123.85152491838544,120.8408323405979],[123.86286850639488,120.8209328812654],[123.92143662452128,120.7181899145896],[123.98590732408522,120.63594102590241],[123.99164434586315,120.62862198533352],[124.00133055032113,120.60660390467599],[124.04200112108143,120.51415407964151],[124.04758472633942,120.50146177364451],[124.05490881467283,120.46989833477868],[124.08200956427895,120.35310661757443],[124.07056032264148,120.26970366767654],[123.84715633131799,120.09426876241199],[123.80274690685555,119.99220146718164],[123.77229023174637,119.91972869662254],[123.76669585550835,119.9063794918254],[123.74517541010235,119.88199559205648],[123.61622742080985,119.82914731622057],[123.60295654802555,119.77434041252299],[123.66454249836067,119.68169198021724],[123.71477334711344,119.57226790034905],[123.36308408958936,119.18569961964585],[123.23456404049703,119.28848228065418],[123.04510638560939,119.09840673116241],[122.62181916715578,119.60242024174732],[122.07545320799133,119.65779751127927],[121.95653781694855,119.85967196297682],[122.2352754760314,120.13063782774313],[122.15773309533125,121.3950407774364],[121.8178757002483,121.22650401128062],[121.86353299171505,121.7905503039627],[122.3234230021016,122.19239586118094],[122.2143082057809,122.57662186542414],[122.45824955211224,123.07796526626421],[122.53398767255086,123.76191417181194],[122.38187697001072,124.11187207393613],[121.48789161219361,124.83299934446484],[121.22957561190958,124.85201353212403],[120.5374269163342,124.4949075537465],[120.39204256203105,124.07678614498236],[120.08091827352007,124.31381312733647],[119.64916178062815,123.88632510039076],[119.07613146450782,124.25367965666484],[118.75327649802956,124.13661258338952],[118.3140896878207,124.33184432233159],[118.3803045918875,124.13011646749209],[118.10524986115799,123.50369315598395],[118.18181249052151,123.30651463335836],[117.9110015392928,123.18104504243165],[117.49053480207762,123.5414010698592],[116.57200472990935,123.49507314048594],[116.78038020379236,123.7446260431253],[116.65429965032328,124.27299202162231],[116.01889158277905,124.10772731837207],[115.99907438444606,124.89672211793983],[115.22333221368869,125.08143276712028],[115.11693107098708,125.2895537411344],[114.10629041156605,125.71684841715405],[113.93903294674445,125.50138353596367],[113.30751397470726,125.99385773162152],[113.25872748027678,126.3657545061819],[112.8798408601084,126.57874974710826],[112.93337657842002,126.74636538048317],[112.81331053870804,126.74264598419848],[112.6534438783998,126.24136639598494],[112.93303594087917,126.09480175366488],[113.06601164985568,125.5747483296601],[112.86172615486818,125.0454592326505],[112.3284704512895,124.73155473220196],[112.51491253363676,123.91608814705219],[112.29565852341041,123.84803353898883],[112.40069437931004,122.9560605185636],[111.54656923130639,122.76458625232483],[111.40747129052457,121.34229907779897],[110.59895382257116,121.50694565583896],[109.9372323103139,122.53221758597644],[109.3907775056995,122.31002156400139],[109.60415062640476,121.8695049520745],[109.3916629936626,121.91038570480212],[109.05709164836539,120.92184221335499],[109.12755243634228,120.50084014783495],[108.84677490565666,120.65807680302453],[108.76873381258503,120.21822699738357],[108.5503272616663,120.35354418073277],[108.5184957426097,119.63679003986135],[108.83791213619267,119.58787306131535],[108.78180526004196,119.30279505303484],[109.04704411943915,119.27994036749648],[108.92769195612627,118.93361379576505],[109.18891126990823,118.86129737058414],[109.50753630383193,118.0304641046858],[108.82053907292419,118.02162469848939],[108.39896233550695,116.97046791601113],[108.27682304463715,117.20810001305645],[108.01541337161434,116.84962467111677],[107.99879764858534,115.84248041969119],[107.48460359530962,115.66815080136453],[107.4646762717503,115.87804462776018],[107.11763810600382,115.91316743449585],[107.09532240020711,115.24005826033007],[106.74594899156527,115.21663049338488],[106.97695934966276,114.99284735888297],[106.61656457027652,115.00444053855787],[106.77051363465941,114.77154111263269],[106.50199900747047,114.18074820562526],[106.79570720408418,113.75508157161383],[106.65760228997857,113.62088190300837],[106.41190569703922,113.80180815965139],[106.41578395814854,113.57323315408289],[106.10403290407078,113.41953229039494],[105.95073295566776,113.87301596405263],[105.4475819924424,114.06382295075143],[105.83726355296781,114.64792057582656],[105.59102632776077,114.79972571631082],[105.61813428438406,115.22934469760844],[105.43258426372176,115.09834384756184],[105.34258346576786,115.34173191396127],[104.78776430157964,114.93543370023573],[104.79417102327452,114.58740650388091],[104.49097657264082,114.10686783763165],[104.50331355386307,113.72972662567832],[104.28834651548047,113.74961093614078],[104.12524252901008,113.1553960069754],[103.78239304284631,112.94824248162644],[103.83784665273049,112.56132784585033],[103.52857936995126,112.54981212381324],[103.39718687570664,112.83384852172368],[103.33135281182882,112.63867516804494],[102.9234121530894,112.83107956783448],[102.69030553052036,112.21440717735582],[102.95024172155948,112.0620514226581],[102.80457475579456,111.56731927276243],[102.59403679126983,111.52467473961126],[102.47996822009246,110.57563841312263],[101.75522641784298,110.17865315181155],[101.40902490922403,110.40600242319749],[101.35270460539083,110.07687430702123],[101.62967320577184,109.84022527336936],[101.533614110598,109.620386327407],[101.17594464663048,109.49395723689383],[101.13592508327491,109.06012490073874],[100.86757418161747,108.88174386785852],[100.68312676978678,108.41306709664893],[100.27564815028335,109.0771155826369],[99.79024900134986,108.39643154550086],[99.9335991157523,108.91670799452673],[99.53862273933404,108.80437055582101],[99.45042675007745,108.40654476726257],[99.15237080741147,108.31439591343462],[99.06964450467893,107.83995618706841],[98.57525185391988,107.58159572888664],[98.42547214539313,107.21919399176508],[97.75195222513098,106.97021879501507],[97.88729620725115,106.39632622886066],[97.70162932534438,106.21142366447339],[97.91659859323934,106.23335237648621],[97.55862196445733,106.04449280698238],[97.527141502561,105.7850360100837],[97.81836215293669,105.81137696380499],[97.65203629362674,105.3852439118555],[97.98209048352729,105.35709824510008],[97.70734721380896,104.93942537628057],[97.48986698757702,104.9224548280892],[97.48147856235002,105.20025912654494],[96.95948500096193,105.04147955521661],[96.79397275573103,105.3471602394254],[96.23580628749909,105.14535020074328],[96.26478395604937,104.87954457083039],[96.10492661424952,104.7988342973386],[96.15816786949125,105.087736553848],[95.89123539179596,105.2594039164444],[95.47911254840778,105.00900969255443],[95.42550620823903,105.14697199757349],[94.37191522398004,104.92707601296924],[94.12203127883734,105.13128709402457],[94.08745272583167,105.57717535701016],[93.92064978431242,105.35644878953683],[93.7074347269493,105.62047740934166],[93.50899848722011,105.23440252044651],[93.00605545264656,105.5935329785865],[92.6411023174908,105.52025677752157],[92.59699584337929,105.84183219172454],[92.29986174363404,105.97454614959884],[92.03301553466504,105.3614039635529],[91.73381635954826,105.2917519244636],[91.94587981111006,105.0074614465671],[91.83902149738176,104.72843977301658],[92.19207020757389,104.50305960266478],[92.14434855191834,104.05976428918316],[91.87333195652629,103.89862223750839],[91.95406503995142,103.38679397055297],[92.11233647039981,103.39243973755572],[92.081525072386,103.04502209992225],[91.78236895020936,102.86126015987739],[91.99993580854671,102.85929639280444],[91.95814276068256,102.37131086377512],[91.4443006433494,102.40345786570754],[91.47693631292896,102.63130757293189],[91.17618451433422,102.64861083443571],[91.12593189398257,102.3587576554757],[90.5013143679703,102.21063571745407],[90.36532012069858,102.49691490939107],[88.91521477155104,102.26526567512538],[88.67342168164177,101.63363980434323],[88.00623951256794,101.50350001686232],[88.09152981934106,101.71749293841438],[87.70520986521672,101.72124067939276],[87.400362472934,102.23088363305618],[86.01505889378171,102.11065690241327],[86.3279533209273,101.96575938094344],[86.27632408334901,101.77835968717469],[85.82829661650138,101.6368179571326],[85.84452087693643,101.04776412324298],[84.05738624856109,100.73941999027548],[83.7471922489761,100.2327115167839],[83.96509826349335,100.00193954845528],[83.60780989498342,100.03674773917054],[83.55835611812628,99.83878422837641],[82.99887725077392,99.78366440351931],[82.9456785509175,100.26639115747493],[82.50478169648318,100.29107958112914],[82.3341630019033,100.54024946032482],[82.27601690958123,100.19228298262891],[81.66868130558204,100.13494040593146],[81.49403253955658,99.83501879025353],[81.33367968722541,100.05819268499847],[80.9680102060097,100.089137140256],[80.92894353721263,99.77576537642854],[80.50199243174625,100.08870792923159],[80.61356518416703,99.83886562563055],[80.31498566612478,99.83055100188214],[80.44598272780719,99.68937204821773],[80.74073986677698,99.8097072321605],[80.68970434812263,99.53378611863151],[81.05340868530557,99.41847688024747],[81.12118498202004,99.08804505028512],[81.25033511983455,99.05815610086515],[81.27738147156744,99.00810442563524],[81.28545491459383,98.99316380250295],[81.28116083222322,98.97376532232975],[81.21436214326626,98.8138421037386],[81.08826831320522,99.00048018438733],[80.87716394712967,98.62143786639399],[80.97767047188154,98.21395419729683],[81.12176161451679,98.35607610931113],[81.68934865264758,98.17178179465887],[81.69340790585098,98.02019902806794],[82.2083175021695,97.84900219445493],[82.43042356424598,97.42365659094457],[82.20458970194454,96.81617332393569],[81.75134382180335,97.05002947011522],[81.17261765566765,96.78737154945749],[81.25598767655683,96.66406489441317],[81.78160380014985,96.69343705899989],[82.03245943477768,96.54515036751977],[81.29000468677245,95.73985774838565],[81.43996145378915,95.33497668504559],[81.08955881854288,95.68919958018017],[80.8124747055659,95.43857595537261],[81.21374992006264,95.32564959268022],[80.79012599669541,94.74043957665718],[79.78157335412698,94.76290983084391],[79.6860471877614,95.1596610458931],[78.44921268462684,94.82362008790331],[78.41078189067004,94.49246775319716],[77.82388165726985,94.46906979082331],[78.23371815160749,94.26731125684229],[76.6222968160134,93.98870229774492],[76.028580842194,94.22410416727986],[76.16084862956001,94.73964456121621]]]]}},{"type":"Feature","properties":{"CC_1":"NA","COUNTRY":"India","ENGTYPE_1":"State","GID_0":"IND","GID_1":"IND.21_1","HASC_1":"IN.MN","ISO_1":"IN-MN","NAME_1":"Manipur","NL_NAME_1":"NA","TYPE_1":"State","VARNAME_1":"NA"},"geometry":{"type":"MultiPolygon","coordinates":[[[[192.42661625176598,152.88846788543918],[192.11788880768034,152.66231486136024],[191.97938084531648,152.4059489778404],[191.94372525507234,152.4461258723732],[191.83757671224538,152.17505362721033],[191.80977879386643,152.10182936708316],[191.75371144704843,152.1664867243128],[191.75732598929454,152.25679771968987],[191.77327178340633,152.5806638115474],[191.68345050698414,152.61036725416412],[191.62288238701387,152.39374315586812],[191.58824024377466,152.26473243790184],[191.4734985549045,151.9139358916482],[191.46829935250594,152.19854184933595],[191.4192096035937,152.18628648836864],[191.39518803858087,151.94183557541703],[191.3295558242885,152.00667453819676],[191.25096683215583,151.6929199040994],[191.24253891121086,151.92662542725188],[191.09947113895834,151.76239126412014],[191.1441935370778,152.63506642790912],[191.20988347985025,152.81442747645465],[191.27429957336125,152.9847956459434],[191.44479302519082,153.44948544218167],[191.49179555932426,153.50541187735732],[191.59905589814974,153.56402724853726],[191.68765663898796,153.98274618776765],[191.72505743520531,154.17196865897284],[191.81813677717076,154.41276313265234],[191.84069428322465,154.46897528229277],[191.98260605457,154.5421106951619],[191.89759264147253,154.5607244885117],[192.03423744950973,154.79872233749248],[192.3411943342989,155.33820554132578],[192.37798544910467,155.27176083232064],[192.52460401034452,155.41673477561352],[192.88481048806085,156.13519825713593],[192.98237404136827,156.3273006186686],[193.0821398832749,156.37896420013746],[193.59600145597676,157.31988081110046],[193.88032488871752,157.6204493484345],[193.8778216808912,157.42149802845665],[194.04170362364323,157.53016578789214],[194.1214462836723,157.43740888260714],[194.1997693978891,157.54525028404976],[194.25319287521546,157.62300186964683],[194.26862180855818,157.64654867812095],[194.31474837706673,157.72204364769402],[194.76511778015123,158.3938994970583],[195.04066412989545,158.97450808689985],[194.97467343589594,158.937498398366],[195.0269669705714,159.13502713931751],[195.31102493064975,159.4403923406137],[195.5710118136938,159.7223216918826],[195.62099943990899,159.83767620949857],[195.750185971532,159.7730954246753],[195.92050159858002,160.0106560585323],[195.8874329735931,159.8244285719113],[196.08401107010258,159.97673331391778],[196.40028556591048,160.41350558825195],[196.48741476999143,160.6736571295974],[196.5435816329259,160.7418229042169],[196.69224515453521,160.9261293627297],[196.98178843374222,161.44954962595455],[196.8762668828466,161.1879753166761],[196.9156343410645,161.2184479097748],[196.70084852476572,160.6628849704653],[196.64669038532855,160.52740434311988],[196.74172694349903,160.44491976460571],[196.77855633655446,160.4515316550533],[196.79386662209862,160.45428027300042],[196.80036951547154,160.45544772147053],[196.80910109277815,160.46203357560773],[196.84548425573348,160.5027307626286],[196.60722736208592,160.00544992679943],[196.42080235764396,159.60211846609693],[196.2596833129137,159.26696498124613],[196.48624475998173,159.18398598898534],[196.14560180807493,158.32999316553398],[196.00735284842142,158.0806091557626],[195.8700808542031,157.828036368623],[195.7630600411598,157.4629786702546],[195.5970420845917,157.18680549547545],[195.49452301301002,157.17689176174773],[195.38267630110744,156.87902547708262],[195.0445748443313,156.52221937591048],[194.84418660836678,156.14569611030674],[194.7558476148135,156.10565530931092],[194.74055840050016,155.99911266443917],[194.70906944331415,155.76645156658117],[194.60014604766917,155.68431804073163],[194.6651261016303,155.62692661811033],[194.53935047354008,155.472901125615],[194.465135143667,155.38384441652255],[194.03192036268044,153.86032071603574],[193.72220387897744,153.19852150569346],[193.60348675615148,153.17510737302422],[193.35579239921142,152.6604443311398],[193.15624517644164,152.58718210889808],[193.17076022938807,152.88924025840618],[192.71100947474528,152.93982731050951],[192.42978458747834,152.64849012835663],[192.42661625176598,152.88846788543918]]]]}},{"type":"Feature","properties":{"CC_1":"NA","COUNTRY":"India","ENGTYPE_1":"State","GID_0":"IND","GID_1":"IND.22_1","HASC_1":"IN.ML","ISO_1":"IN-ML","NAME_1":"Meghalaya","NL_NAME_1":"NA","TYPE_1":"State","VARNAME_1":"NA"},"geometry":{"type":"MultiPolygon","coordinates":[[[[187.09526304033858,155.21096712165433],[186.83905673876924,155.24688155506004],[185.24420693284083,154.78234124457686],[185.02368045545052,154.81650668483644],[184.73445501240852,154.69037708239034],[184.51410029945885,154.67130276478335],[184.51338704969962,154.7487776899349],[184.46671005407035,154.67940675722951],[183.94689230309137,154.5529615199203],[183.70757687707578,154.43881194777725],[183.35738736836743,154.49874619984666],[182.59311642480668,154.4353790706694],[181.95543757167408,154.55253652906063],[181.00903952863558,154.40435513692663],[181.1057280936432,154.64349274566254],[182.0115407744753,155.1722262592592],[182.64587211281847,155.39337188471615],[181.52197816432056,155.6564877556561],[181.83908402622717,155.7247335693628],[181.52921536208476,155.92636600337016],[181.92103285034622,156.03469722890736],[181.72771456852692,156.10863557109127],[182.13879287596222,156.46820118346227],[182.6398274578807,156.3221643051161],[183.4923437514644,156.68574265289493],[183.71599432337655,156.5823840173029],[183.84674741515786,156.74169785703128],[184.1791230448107,156.52951236036105],[184.22991107325072,156.29194831797736],[184.35766745748344,156.57237148256343],[184.58833835090277,156.51834597209594],[184.63449401654685,156.3871534642378],[184.79554625892243,156.6122271480741],[185.0348924451486,156.68285984458453],[185.0620836507409,156.55098047861986],[185.21478230398853,156.57337789794457],[185.29604101442004,156.73790699593252],[185.59176074983412,156.83855692300378],[185.78522193624622,156.74525441270777],[185.8374699652489,156.9088280874572],[186.0098527205262,156.72844659668166],[186.26122082747094,156.80490733090429],[186.20134390491427,156.5865127856696],[186.4897957239664,156.74710411470573],[186.3889557939241,156.6535645645634],[186.95621127329858,156.8742079055213],[186.9926504685761,156.51640255419045],[187.2969780511433,156.65028891547368],[187.45862373554513,156.9631488705872],[187.99473264159866,157.23230455199032],[188.0471941488555,157.31822055902322],[187.8735419031516,157.22075325545043],[188.04023637750723,157.48163661716868],[187.95448090189808,157.3826832883811],[188.10589180170993,157.93181457363318],[188.26683721092368,157.94069371078191],[188.25232177347732,157.5959030140428],[188.4228428606008,157.50089162514084],[188.53039694612656,157.73402513845573],[188.48677721531152,158.1816428357224],[188.68178627669366,158.7804997612422],[188.83121971994058,158.729932985732],[188.98524125883915,158.23237263793396],[189.1342444447035,158.56075223192045],[189.51472357014853,158.8789955424113],[189.65842370506954,159.230606584469],[190.01288252332736,159.39908071577455],[190.03238542919644,159.45648725788675],[190.03849954253522,159.47448406857887],[190.04450317569717,159.4823377995587],[190.04861320851407,159.4877098543744],[190.05244461887662,159.49271773324182],[190.0686127684629,159.48206975514046],[189.60286121135,158.4709702803365],[189.6034452053591,158.21236053547287],[189.7688707738546,158.30011808337338],[189.63150761149774,157.73801884733396],[189.6381814378185,157.2122285137716],[189.7846970181185,157.44694251350217],[190.2945457080054,157.7649135988011],[190.48268686680382,157.69949918296686],[190.43751760422577,157.5405579944879],[190.67428431389584,157.35490944509465],[190.84097655468895,157.40309685351426],[190.91212786495504,157.20693560217873],[191.19479706481638,157.4582181364864],[190.8128543233515,156.8954991029047],[190.90653611112285,156.9372433556413],[190.91198832977773,156.79522005098542],[191.08431303502445,156.8638450389082],[191.48506162076484,156.6745297523477],[191.3717847268387,156.43820546781205],[191.49475362681977,156.37457968667974],[190.97940396583226,156.18111776406684],[190.96276352933165,156.14595275860754],[190.96018520504663,156.14050417632097],[190.94447086226057,156.12479015519884],[190.9028136117607,156.11159246199114],[190.87861938955646,156.0920671676168],[190.85533708983328,156.0682592749964],[190.80774720505877,156.00759810579677],[190.5019952792334,156.0114617618447],[190.54007494570956,155.91231397957634],[190.34682093314493,155.91288559694226],[190.12565716303766,155.45002562504777],[190.2111467782591,155.42672615343565],[190.08717964174338,155.43989518947458],[190.12575385452317,155.65854556173576],[189.86985491278134,155.67947053260494],[189.90832933770992,155.75300778187685],[189.51942212610447,155.753322571043],[189.5887300974106,155.77845685369797],[189.23189628394022,155.88328882368347],[188.26147882690242,155.6692849316393],[188.2057441264693,155.52164476956114],[188.09217930336388,155.55214165489997],[187.80239527701536,155.32312985192092],[187.82704701518995,155.51707706678866],[187.3432727349308,155.15992254853313],[187.09526304033858,155.21096712165433]]]]}},{"type":"Feature","properties":{"CC_1":"NA","COUNTRY":"India","ENGTYPE_1":"State","GID_0":"IND","GID_1":"IND.23_1","HASC_1":"IN.MZ","ISO_1":"IN-MZ","NAME_1":"Mizoram","NL_NAME_1":"NA","TYPE_1":"State","VARNAME_1":"NA"},"geometry":{"type":"MultiPolygon","coordinates":[[[[191.39518803858087,151.94183557541703],[191.4192096035937,152.18628648836864],[191.46829935250594,152.19854184933595],[191.4734985549045,151.9139358916482],[191.58824024377466,152.26473243790184],[191.57409758062806,151.90139337556835],[191.62198638446296,151.73203396325286],[191.51482766578306,151.01529128822432],[191.43322969542723,150.4500045786067],[191.35976733822505,149.45177653800027],[191.23317561053494,148.80710786334888],[191.11395036387154,148.19313498166116],[191.12013117822556,148.00746096085575],[191.1515433433351,146.92426164470373],[191.04189227304,146.00481183651732],[191.0176151218077,145.80799429310267],[190.97578875852778,145.76876134047396],[190.9492512025027,146.10116888494503],[190.91217986648365,146.06250379058295],[190.85604528479772,145.01032011052408],[190.71250521965013,142.23393932902007],[190.7960739458751,141.78440299082652],[190.84781006322152,140.68012222083124],[190.76660302455645,140.5635395959424],[190.7877175657337,140.2139314506197],[190.6740115977074,140.32014643537138],[190.63100569953428,140.212619345914],[190.64454975213678,140.0091193332343],[190.66518860334716,139.72666539061922],[190.6005288518728,139.71816782904176],[190.60014100273753,139.42335615293675],[190.59798881816687,138.95066744267646],[190.54673172664315,139.2196964831964],[190.4122651490912,138.66125930802048],[190.43514965393044,139.3709196093194],[190.16929400517972,139.6897995472765],[190.05117608203068,139.21457868293382],[190.07724323434888,139.41196650713954],[189.92132249822683,138.78375147957635],[189.5863500665758,138.41401577251906],[189.809081295474,139.39182323876227],[189.89646838953706,139.3869392546713],[189.98582491472092,140.04692318644456],[190.06512528123616,140.62178973189137],[190.1491747581549,141.88234210908774],[190.2980561307239,144.15318432518097],[190.25142012273125,144.32623591158574],[190.27718083989475,145.00507699892125],[190.31661058091825,146.00667516549566],[190.33375319127816,146.48647914637326],[190.3922073922085,146.60966520252356],[190.26759966768347,148.00608334128233],[190.16586149362325,149.08720054642285],[190.11092186309676,149.52600423884718],[190.19737920718575,149.79576048939145],[190.21436229107658,149.81920756013372],[190.21570576452442,149.82106237738446],[190.21363875697858,149.8228786840413],[190.21196925013504,149.8243457016146],[190.21290010097158,149.82662653467364],[190.21881016055085,149.8411077584531],[190.21873190333918,149.85929143445384],[190.21566328574065,149.87615190052603],[190.23210736935235,150.03982698410275],[190.2275054573465,150.0746126447504],[190.22637659180648,150.08314569221872],[190.22589755512345,150.08676671049827],[190.22346131889776,150.08749087725607],[190.2104463113317,150.0913595644266],[190.19216675976267,150.2338817206932],[190.08318477168052,151.03885779770695],[189.95764166800205,151.40848869062026],[189.9710118650165,151.41764571278645],[190.0732338241678,151.45196601702204],[190.21606739089322,151.50152051222295],[190.2956587417707,151.0863610764354],[190.35244562069136,151.04211380748018],[190.48747301026975,151.62155049943317],[190.63326519579527,151.7480240961765],[190.65117921052715,151.99253278525538],[190.67094001894444,152.2410619598334],[190.7375771397502,152.44824289324336],[190.75135363221005,152.68640116685768],[190.77006254488313,153.06139448166897],[190.87150709914107,153.32142614195578],[190.95560855329126,153.4706666974973],[191.01892253815026,153.58429655365038],[190.91940394654702,152.95363945009225],[191.04396315006272,153.12397781152399],[191.19005646991536,153.3260602451945],[191.43108985063736,153.43586481368214],[191.44479302519082,153.44948544218167],[191.27429957336125,152.9847956459434],[191.20988347985025,152.81442747645465],[191.1441935370778,152.63506642790912],[191.09947113895834,151.76239126412014],[191.24253891121086,151.92662542725188],[191.25096683215583,151.6929199040994],[191.3295558242885,152.00667453819676],[191.39518803858087,151.94183557541703]]]]}},{"type":"Feature","properties":{"CC_1":"NA","COUNTRY":"India","ENGTYPE_1":"State","GID_0":"IND","GID_1":"IND.24_1","HASC_1":"IN.NL","ISO_1":"IN-NL","NAME_1":"Nagaland","NL_NAME_1":"NA","TYPE_1":"State","VARNAME_1":"NA"},"geometry":{"type":"MultiPolygon","coordinates":[[[[193.86226661442248,157.6759785112793],[193.88427619357853,157.70898922724567],[194.02492061650932,158.1214005576907],[193.73216456606923,158.38246246734346],[194.48074992758305,159.18208036946123],[195.05649160944537,160.07282786727993],[195.24977569806165,160.5746530869681],[195.24670291670665,160.82353138623003],[195.32268204632862,160.98914341911598],[195.4903070528743,161.36404614368632],[195.45336157425334,160.99032998576854],[195.4057183478358,160.5481265542121],[195.5576611752878,160.92045247348392],[195.62492249430207,160.91376031344774],[195.6604254686367,160.99221012044546],[195.7777342312325,161.25825845659938],[195.9148025115126,161.56100955124495],[195.9240327862181,161.75556498837835],[196.0476376614172,162.03032867002193],[196.21337351370704,162.4097841976781],[196.2715389298655,162.76361451600465],[196.31291978658922,164.15333328604513],[196.41342621749743,164.3546198501144],[196.37680058564843,164.64042176021223],[196.32534098175194,165.0231371824853],[196.47288879404755,165.69591524158312],[196.65165459853714,165.10433134811495],[196.81291165143364,165.72046374606828],[196.75852453309224,166.01405201867675],[196.98100966886483,166.24363691435124],[197.46963102445716,166.2475883865534],[197.47582512519824,166.2361326311066],[197.47501142884238,166.2295372505674],[197.47424567966183,166.2233305037803],[197.478500503446,166.2178314835604],[197.87094138636178,166.20557018066188],[198.22316000420244,166.3002494781892],[198.48661385445476,166.50397912758535],[198.61726648506192,166.6031222325068],[198.65813493969205,166.62450736131785],[198.86422390161243,166.61323458328405],[199.26198153880176,166.92819934599626],[199.35885412111696,167.05086969325532],[199.3585609273387,167.0486430697327],[199.36734993713867,166.7177255045218],[199.27619870049642,166.61550138821605],[199.35842832995894,166.48885192929882],[199.28184060951332,166.32032649728626],[199.30126562167365,166.21991823711406],[198.65689016463176,165.43611475123544],[198.78164508441148,165.28368864698297],[198.58399796480796,164.94887680659394],[198.59693490267364,164.7061379910136],[198.50157327170493,164.12515768653657],[198.63329059349763,164.1077255772871],[198.40932625985076,163.40450453918388],[198.21843746388527,163.17537426779296],[198.12470093248956,162.8625940962483],[198.1100177047336,162.41091440243798],[197.99895364233225,162.22579669538152],[197.81479839818346,161.91429196995838],[197.51382235169388,161.40202652495958],[197.5308878104091,161.32835840697396],[197.3864597392465,161.24828404127098],[197.19928067098633,160.8689492455809],[196.90308126832997,160.5613770514932],[196.84548425573348,160.5027307626286],[196.80910109277815,160.46203357560773],[196.79386662209862,160.45428027300042],[196.7864306556428,160.45049587514885],[196.77855633655446,160.4515316550533],[196.7698097112961,160.4526821772218],[196.74172694349903,160.44491976460571],[196.64669038532855,160.52740434311988],[196.70084852476572,160.6628849704653],[196.9156343410645,161.2184479097748],[196.8762668828466,161.1879753166761],[196.98178843374222,161.44954962595455],[196.69224515453521,160.9261293627297],[196.5435816329259,160.7418229042169],[196.48741476999143,160.6736571295974],[196.40028556591048,160.41350558825195],[196.08401107010258,159.97673331391778],[195.8874329735931,159.8244285719113],[195.92050159858002,160.0106560585323],[195.750185971532,159.7730954246753],[195.62099943990899,159.83767620949857],[195.5710118136938,159.7223216918826],[195.31102493064975,159.4403923406137],[195.0269669705714,159.13502713931751],[194.97467343589594,158.937498398366],[195.04066412989545,158.97450808689985],[194.76511778015123,158.3938994970583],[194.31474837706673,157.72204364769402],[194.28727286777382,157.67458300969287],[194.26862180855818,157.64654867812095],[194.25957656454295,157.6336011376619],[194.25319287521546,157.62300186964683],[194.23940408431633,157.60024352876974],[194.1997693978891,157.54525028404976],[194.1214462836723,157.43740888260714],[194.04170362364323,157.53016578789214],[193.8778216808912,157.42149802845665],[193.88032488871752,157.6204493484345],[193.85092162786552,157.65438048826593],[193.86226661442248,157.6759785112793]]]]}},{"type":"Feature","properties":{"CC_1":"NA","COUNTRY":"India","ENGTYPE_1":"UnionTerritory","GID_0":"IND","GID_1":"IND.25_1","HASC_1":"IN.DL","ISO_1":"NA","NAME_1":"NCTofDelhi","NL_NAME_1":"NA","TYPE_1":"UnionTerritor","VARNAME_1":"NA"},"geometry":{"type":"MultiPolygon","coordinates":[[[[107.90676116423734,163.26459664879647],[107.83172527425121,163.3385927106433],[106.60352254299585,162.06842889875173],[104.62799024605873,160.61495876606872],[103.01000639665016,159.62647651787032],[103.31463904204784,158.77069677480415],[102.03316061273108,158.29650512494027],[99.90783423480988,157.81676185045652],[98.81076296478176,158.01030184193255],[97.73570082559017,158.3714188337247],[97.37237803625251,159.04820299517667],[97.03642339873777,160.21885192445978],[95.65786019638202,160.5689816254171],[94.32138120059119,161.53950595034098],[93.72447089064383,162.0668757553888],[92.60753447055227,163.4981052803635],[92.85444105586426,161.63861773545233],[90.96916667026375,162.5007929709339],[89.20646922790948,163.53502569003902],[88.79689717176807,164.1791131260513],[87.32725301492678,167.03522011292944],[86.80513477474196,168.30512215806908],[86.85326939990874,171.00573155023312],[88.34885386867936,170.82348081987158],[87.62236337866763,171.87883938550698],[87.87306424756315,173.30185596531982],[88.18042068898615,174.2112646637333],[88.53998267167088,174.79841909718024],[88.65907373285727,176.26766172352424],[88.98996977926765,177.42907017173354],[89.22288531177844,177.98140078847652],[90.16310194965239,179.42587327885977],[90.55872764858263,179.89727121520824],[93.47239061734648,181.02457152566228],[94.89742577784635,181.66701963359182],[97.56558361805979,183.01094962316228],[98.22514881830202,183.20270322490694],[98.79532873710332,183.02705937758344],[100.95077264157015,181.77161429280252],[101.46654384933686,181.85103916097006],[101.66800481105682,181.8781372181212],[102.30350581485779,182.09752055572028],[103.26128553079408,182.04437992786598],[103.8579428206405,181.75637537262958],[103.97884311701273,181.69840452631567],[104.04952944897946,181.62110013458556],[104.28651642537967,181.37556760172998],[103.94388385057505,179.38237193840004],[104.25666179798893,179.24356219724461],[104.34162791620767,179.22936412459018],[105.08958631186022,179.09288997233296],[106.65657327365275,177.22753289750815],[107.91528598636974,174.78522367163353],[109.17147837669205,174.61408769009833],[108.94622439417243,172.30649149522424],[108.65687951490666,170.725536837898],[109.24039944582424,168.70709459446186],[107.34650516497281,166.9563438928808],[107.2140846125981,166.1312736060268],[107.19436015314,165.80804157535007],[107.90676116423734,163.26459664879647]]]]}},{"type":"Feature","properties":{"CC_1":"NA","COUNTRY":"India","ENGTYPE_1":"State","GID_0":"IND","GID_1":"IND.26_1","HASC_1":"IN.OR","ISO_1":"IN-OR","NAME_1":"Odisha","NL_NAME_1":"NA","TYPE_1":"State","VARNAME_1":"NA"},"geometry":{"type":"MultiPolygon","coordinates":[[[[130.16194664919115,115.78653168943035],[130.14354908158032,115.75218234202407],[129.79856411842314,115.51886592343504],[129.64796743618933,115.2277005871032],[129.4549334931856,115.0036671186469],[129.33398503613154,115.112987000752],[129.31681370759074,115.10203819788794],[129.29589565420858,115.07349347356131],[129.26887151602074,115.00313921523214],[129.25822832482208,114.96107405969974],[129.1255686008024,114.67745541518481],[128.61859162683777,114.54834690289138],[128.59237108683203,114.59488365645115],[128.220846440924,114.51119625527046],[128.21456191489648,114.56359942395756],[128.21672812979295,114.58720381109794],[128.22232988848347,114.6482439604402],[128.28167856891454,115.09497947595518],[128.44614652969824,115.03058529873935],[128.78825194297173,116.97879222660235],[128.72298798315165,117.11007391472263],[128.8064863631668,117.66127344532319],[129.2830218488337,118.05917932412913],[129.24874126342013,118.17683001698579],[129.56778925226695,118.2555757528515],[129.6188948150036,118.66800471527446],[130.0931708905683,119.59683742139123],[130.2111442448837,119.53882751144805],[130.24479931624063,119.7344870400553],[130.0181213841538,119.93267026470275],[130.0139981485054,119.95278809351093],[130.01542344910982,120.03036608651718],[130.0207271925653,120.06694108072773],[130.21579327175937,119.98679413012238],[130.24109405588382,120.31198767105542],[130.2753740324208,120.35601239890379],[130.30388234977698,120.38179176476366],[130.35942861660632,120.39542059367955],[130.44045396534187,120.48642713670993],[130.66224054706095,120.4712164611147],[130.66553230682848,120.7305173882366],[130.83319687405032,120.73564952879795],[130.9437253919988,120.9291951604922],[130.97198164713666,121.54330428153958],[131.191220177982,121.59595920581877],[131.14658314899492,122.24139923165589],[131.03167342013697,122.51380411859606],[131.09314772984558,122.69116350674521],[130.96213885561275,122.89830567865553],[130.86506315498053,123.73382603874548],[130.96304230108996,124.12925720093712],[130.82710770504352,124.22710393165715],[130.97023672200595,124.64036683368758],[130.74444741667514,124.68089625328156],[130.64960726169596,125.19550897924896],[130.41309479818645,125.15153093302956],[130.492977777449,125.36992428078977],[130.52064448857476,126.88632558493892],[130.29891408760597,126.89092139572995],[130.21138767671005,127.26578945203558],[129.8802088595234,127.51364874910998],[129.813833513417,127.81261858006434],[129.93830837900265,128.39176730553572],[130.1405536810546,128.64207664226453],[130.42181421711535,128.13477104252223],[130.51134329562618,128.26194857667136],[130.90561204380606,127.76636720451647],[131.05871726708023,127.77829381142782],[131.45924730046886,126.87524034340328],[131.70350052600443,127.049687493801],[131.75705247094155,127.04814474415315],[132.25519657763147,126.66615557604946],[132.26471928392635,126.65464671811789],[132.27914970402784,126.63118870052642],[132.210174490201,126.52430074411973],[132.27837528997634,126.25173467635965],[132.45173145396268,126.40288049245976],[132.62257490070482,126.33061981576033],[132.58015162097917,127.04290901559551],[131.54817530702013,127.7613016155294],[131.46352040895135,128.20968519369794],[131.56551029324257,128.7149736915417],[131.43804712893075,129.00429790352183],[131.50217300956987,129.27838484386558],[131.43086374724726,129.57186989121467],[131.37209809145602,129.51291455110163],[131.32341024726188,129.77265876953672],[131.12965042553083,130.04487047987675],[131.23516478440882,130.28670441959926],[131.0581163916972,131.45750265916584],[131.4111767509447,131.0215035882455],[131.46712696889188,131.33696403534495],[131.66300928855043,131.4332969297868],[131.8333431852647,131.78938431331045],[131.77711875313634,131.97718213061572],[131.87469413950225,132.0718711358057],[131.8228367358876,132.30019104811052],[132.2876774076121,132.05577815093102],[132.7413299028371,132.02565818765086],[133.10488132236102,131.55329632826877],[133.39011263411012,131.53433892028698],[133.40750250740052,131.53283049974584],[133.4256504580701,131.5412357535206],[133.4308518326646,131.7182130470931],[133.44141812238786,131.76017751235736],[133.44760966119608,131.76794731110573],[133.45271687860554,131.77435638850386],[133.45438760490723,131.78806304634912],[133.42939026294732,132.07686812322146],[133.57107788488776,132.0977611163462],[133.52899213307745,132.59965449838072],[133.8763521352593,132.2907477859988],[133.6493692883312,133.09841101943871],[133.68762381588786,133.49819450655238],[133.86466673939773,133.6501442714965],[133.91341575284775,133.4866729128367],[134.0094294300808,133.52781849054642],[133.7861664334109,133.76339251173104],[133.93384858835225,133.97425374238696],[133.90870187397243,134.2499636255689],[134.05667415879472,134.1414355132185],[134.01862627679682,134.2894498596369],[134.1453772008862,134.2537605171735],[134.18630591104832,134.5168239591801],[133.96938297103642,134.74976340832333],[133.94891329348565,135.0669626957216],[134.11960568934242,135.06227380034304],[133.9734949356345,135.19634017794243],[133.97724909523208,135.20800051780915],[133.99283260337424,135.2345215073491],[134.18003954296728,135.56408468654786],[134.4981152862038,135.58951988081213],[134.7679463936985,135.88611090472114],[135.1815804675866,135.90901816081515],[135.23183189074194,136.23426533494967],[135.02944869884496,136.36691745024848],[135.0985310275897,136.4177110981477],[135.51930361586912,136.20698638500332],[135.5468705810963,136.03220968864377],[136.06263259378085,135.66689712414694],[136.4896027049284,135.6458578165994],[136.6154633082915,135.83104210467624],[137.43953445399544,135.7436135820318],[137.45182677262875,135.83862983889685],[137.8349864795508,135.7885753129739],[137.86070494904857,135.69346464851128],[138.41715381383406,135.7890209834021],[138.62672053492096,134.91574428905844],[138.50320517868624,134.87601083336614],[138.46911222962123,134.10707607797622],[138.37961708964076,133.96463879395105],[138.40924658945684,133.96356398261534],[138.4237823992639,133.9630366955113],[138.43689358276217,133.9739371477042],[138.53267711627902,134.07493892663226],[138.9679180494875,133.58419530978543],[138.93680630470013,133.682627285019],[139.0951254438825,133.50794245092095],[139.1862718189473,133.25451278929256],[139.3894592553687,133.80388772318062],[139.50196454354784,133.73165940664913],[139.52388456584194,133.88880402647814],[139.54637614328374,133.87629142707544],[139.56489991029252,133.87193786887877],[139.63960992702852,133.86137068616407],[139.6898358672123,133.80880636827558],[139.79801707774538,133.69558854658402],[140.25866448856635,133.18905960202096],[140.41651226865298,133.19888720366816],[140.56048330342367,132.92606843207022],[140.89829031386873,133.08831462769726],[141.01171767953213,132.85979933348688],[140.8764964078906,132.92597217001895],[140.8515684140935,132.48683134757275],[141.32738888952008,132.1335393768707],[141.5725816821589,133.15734915259526],[141.33659383174876,133.55949499273038],[141.53060662367906,133.8001606955697],[141.34177446607802,134.02689150238615],[141.40056767625788,134.21601104036358],[141.13152711604198,134.6872692119947],[141.21443195086266,134.9828692330132],[141.34876739862574,135.0017285812364],[141.41553347253915,135.2729262887697],[141.66312670330404,134.63142890011125],[142.49172338824297,134.17191987092525],[142.84527239569758,133.70386961743324],[143.64246178756335,133.17755432365934],[143.94703079390473,133.34028357232432],[144.34083207653867,133.03087151838645],[145.18659188311628,132.66054772076345],[145.6935152797943,132.2301174496108],[145.70432770187227,132.21603927245533],[145.64805179593094,131.77374904466686],[146.11994927597743,131.6465046766301],[146.43741481242537,131.11277123067788],[147.41190947147396,130.77741418416093],[147.81970292041382,130.42591353968663],[147.92161542100044,130.38254717021928],[147.9287100603943,130.38031978841627],[148.06032575313637,130.33984484385036],[148.24109230002506,129.9273538851391],[147.85011171846372,129.43306509106367],[148.19814580819494,129.05209330471652],[148.89317683789662,128.86228470772062],[148.82692584942305,129.1253362539076],[149.4650097906195,129.20579700639877],[149.55729567431948,129.20748874118541],[149.5656234183882,129.21356843824543],[149.59490338409483,129.23494437390693],[149.6758516919109,129.4976655223052],[150.39840595497378,129.20999421775377],[150.80651454022947,128.06956324940512],[150.8276539177897,128.0606818634676],[150.91034840854599,128.02596270778875],[152.6481873485942,127.51970683493117],[152.9814092373,127.29586595559681],[153.04183975672365,126.98096323270268],[153.32037879862125,126.86096442490684],[152.61099658015286,126.74696139385168],[150.44950445822434,127.12498400009184],[149.08230199565958,127.133916751232],[147.5459585407251,126.84025466546976],[147.26933492649763,126.44192513833396],[147.75073889023764,125.85707339620258],[149.15401700903766,124.78772319210269],[149.07797341924305,124.66293293048743],[147.86125629298274,124.83193458316597],[147.72157283609982,124.37815292841552],[147.77648259128563,124.46867478710257],[148.05198373906828,124.38248310305939],[147.88562267872788,124.49904390650312],[148.16761272040915,124.35919857052949],[148.9972829624623,124.41537118250046],[150.12908150429138,124.20218910613359],[148.33651431015164,124.10623132977867],[147.7986379586147,123.84062938146101],[147.86695120076197,123.5064288476952],[148.2041003824333,123.32180161231284],[148.16218762424188,123.22227000193553],[148.27318230489533,123.22953929313137],[148.28472446816002,123.05220884133985],[147.8724450800489,122.87597408619733],[147.7783954315165,122.99600185829495],[147.88171781096742,122.8492773445538],[146.97253526774207,122.86690096569959],[146.92842969151732,122.72432249284418],[146.84378110097794,122.82328443044412],[146.93458828960038,122.7170842641701],[146.9665020454491,122.81042996586362],[147.05798602603346,122.455974297593],[147.0541229538184,122.64666700179343],[147.1117303711655,122.5395722621086],[147.3102655261452,122.81320425545152],[146.83474285504076,122.01796644389407],[146.06367464281232,122.67193117792984],[145.93416943241436,122.5698992501928],[146.24875650563385,122.4450563069118],[146.50264028681465,122.17059159342264],[146.39554936812485,122.20804388612255],[146.6482522874661,122.05347255991597],[146.56571566538693,121.99108142140578],[146.8175723925471,121.93160750166831],[146.0834989948012,122.07369320036304],[146.1766249547581,121.9327873562909],[145.18201750869275,122.05466452795986],[145.2861282089769,122.03153748176415],[143.5591746276064,122.1502349631261],[142.13910653316984,121.79665416322203],[141.01171590849884,120.8427303245016],[140.66403606772954,120.0172916097087],[140.46168649353478,119.9942902087252],[140.4806387406917,120.28306785601544],[140.34021609745693,120.17861919793268],[140.4315421708758,120.00295156762957],[140.43586676021636,119.99769976452691],[140.33073290761956,120.1086109495835],[140.30248707803884,120.18254573703007],[140.30670373001806,120.20816401367398],[140.32526484938086,120.32330816718188],[140.1324048231115,120.45988441976074],[140.16225764080855,120.24003473581264],[139.87013662639598,120.33955498751452],[140.24456756110743,119.87420503022611],[140.03832446524356,119.85889896639631],[139.98718671492415,119.63032661881299],[139.87764015585643,119.97527553345445],[139.53886222898842,119.73647550557644],[139.54460621563916,119.5740205268904],[139.27455190404476,119.85452223115011],[139.4334598880654,119.52254368978069],[139.3985577946175,119.09453029261816],[139.20556517147236,119.16876764854777],[139.30785917869318,118.97484495374012],[139.16353693635702,119.10306862852404],[139.24308392903276,118.88559860620822],[139.11924065246947,119.01763265864528],[139.2109392152604,118.66017356499756],[139.10409744321697,118.49213971141181],[138.49821002874907,118.66042072016637],[138.3790579912038,118.53726652852498],[138.14036318624892,118.63271172520281],[137.9236553946696,119.00450674835434],[137.34193728988276,119.20451110083047],[136.68678282032792,120.61617423698416],[136.5205727923298,120.52334133872708],[136.77586052530995,119.98257660935502],[136.37226920760537,120.57749834519163],[136.41242948799822,120.72654394172602],[135.9159398795801,121.7691214690827],[135.89151310135583,121.37276558503743],[135.74308465969693,121.19875650196214],[135.71415258848234,121.37461123263046],[135.67727518596485,120.93782385202418],[135.52094532953663,121.12719743354475],[135.59745864668915,121.08697576329794],[135.43493288565998,121.48316003007096],[135.46859910922655,120.98216807696187],[135.37154593948424,121.01318508400587],[135.43568178739224,120.65548115892199],[135.23398950757752,121.04502675281154],[135.05572232092604,121.20236117184533],[134.89175823138498,121.12654652038727],[135.02810416832094,120.63580507880624],[135.03224811313953,120.87890743931301],[135.1697761761318,120.6143930519186],[135.04574096613726,120.7246929633431],[135.33100859826337,120.15936238621832],[135.2136774046705,119.96633190008416],[135.1540913927206,120.05494461744763],[135.1780402542822,119.87712546803624],[134.88641812769777,119.89135180467098],[134.85827094940657,119.7045460102685],[134.67771820579856,119.8223480048809],[134.6577632478323,119.52817355476515],[134.6273804695247,119.69787798345999],[134.35633815761418,119.9805204107711],[134.12291559778558,119.34698612866455],[133.9859167225856,119.30331603239756],[134.00717171145712,118.98911137021707],[134.17971389549015,118.91656165395621],[134.08881588928406,118.81415623198998],[134.21174180445104,118.59498979097458],[134.34908281766687,118.58671931184202],[134.1684109893049,118.07224830965133],[134.37011450120866,117.91423520962039],[134.43899879082272,117.65623531862249],[134.4074250662473,117.59012733661444],[134.40399817561365,117.5829522304968],[134.34303012734077,117.5701203897775],[134.24563124524823,117.69109820645369],[134.11164854929376,117.55748558925299],[133.80851285441935,117.66403362447596],[133.6476915665881,118.06448986163059],[133.51891984471405,118.08006856601736],[133.4005894139283,118.29603775186524],[133.25557354090546,118.23376931778299],[133.32949066052032,117.81064261376483],[132.88688763822594,117.48887973759133],[132.82497829853673,117.1291313023422],[132.58722755579703,117.41600200834122],[132.60777428653861,118.04949956237556],[132.37787265287645,118.18971318270582],[132.4408709648268,118.48432704202537],[132.35501203512786,118.47418263075521],[132.3136323760606,118.92315452884617],[132.1262283764538,119.15804486656518],[131.7417707500645,118.40240492074363],[131.83391803259087,118.15072256317168],[131.6635603428059,117.8226932044106],[131.8771514508525,117.72561388060818],[131.68019275643263,117.49800292598201],[131.5791927034887,117.06538436490987],[131.79840999824452,116.58777343054929],[131.6891757149745,116.71286387648817],[131.70431405278845,116.12264400786079],[131.67233395738072,116.09486223275002],[131.5999449553184,116.21201649380461],[131.45944911343463,116.05636659968896],[131.53073765569695,115.73740482354174],[131.18497291841547,115.91597375429814],[131.07260797701915,116.16486912403148],[130.5831230892979,116.32767871764219],[130.19441185227907,115.8310041968651],[130.16194664919115,115.78653168943035]]]]}},{"type":"Feature","properties":{"CC_1":"NA","COUNTRY":"India","ENGTYPE_1":"UnionTerritory","GID_0":"IND","GID_1":"IND.27_1","HASC_1":"IN.PY","ISO_1":"IN-PY","NAME_1":"Puducherry","NL_NAME_1":"NA","TYPE_1":"UnionTerritor","VARNAME_1":"Pondicherry|Puduchcheri|Pondiché"},"geometry":{"type":"MultiPolygon","coordinates":[[[[118.48210290046879,66.65881448601358],[117.5659445225069,67.2766663183102],[117.3380988292941,66.69681669290708],[117.10226872355537,67.88873182837337],[116.24615561397725,66.97358063982496],[115.95768579214521,67.25461955625029],[115.0802823244619,68.57920554918074],[114.03917531625382,68.41929916128407],[115.19223181917286,69.62121754894866],[114.93806366920636,68.77823374726174],[115.9167350259012,69.16370927849954],[114.66696268231077,71.00304528978674],[115.53023717568394,72.31174919161126],[113.96858344905073,72.23523167899475],[115.72865998947428,73.5956726225456],[115.77824547631131,72.52203896923011],[116.78671221766524,73.1359056212739],[117.27434579897923,72.60452344083771],[115.90986621987835,71.73514912795147],[116.37642000653827,69.84878605330385],[117.66691823594135,70.99629798457269],[118.85201033977071,72.17246242708495],[119.43606425518746,71.57719157591265],[119.79410484474313,71.31957555130927],[119.75398680034026,70.67954593442573],[119.4900483454719,69.10751857792208],[118.73783595384782,69.10560798351067],[119.37999846371049,68.6331779656926],[118.48210290046879,66.65881448601358]]]]}},{"type":"Feature","properties":{"CC_1":"NA","COUNTRY":"India","ENGTYPE_1":"State","GID_0":"IND","GID_1":"IND.28_1","HASC_1":"IN.PB","ISO_1":"IN-PB","NAME_1":"Punjab","NL_NAME_1":"NA","TYPE_1":"State","VARNAME_1":"NA"},"geometry":{"type":"MultiPolygon","coordinates":[[[[87.47128555570025,183.10243266900807],[87.26143648889298,183.0229400361483],[87.45013515611643,183.42076243126272],[86.36359354013453,182.99232007825444],[85.55500082693796,182.36517934193466],[85.21376293826899,182.3228789115313],[84.87087440155017,181.97171233980782],[84.43383919664366,181.68334737897464],[84.56531000978113,181.89553700526653],[84.14241999367903,181.5953504106954],[84.01774601487217,181.81898153599462],[83.28036854590907,181.08681917850913],[82.74305272660672,180.2421651317314],[82.66935691869428,179.90958748439613],[82.57687157252707,179.93121581989647],[82.25544561455725,179.1131059642864],[82.29557573073299,179.02648626212516],[81.91037065926525,178.35238620812802],[82.05340438814217,178.9048591688457],[82.0322422978679,179.46279101188296],[82.53438881970527,180.55446910462166],[82.71605294880536,181.31979734655505],[82.48451219693422,181.06279337523074],[82.26639697106626,180.5494137422791],[82.1757026971332,180.71736104944284],[82.30813886191393,180.9838167234228],[82.30781795644035,181.20624329474393],[82.4808492043663,181.4907573282701],[82.58497990179309,181.887596308765],[82.34134871182044,181.43240532224127],[81.97780671349425,180.95969738052247],[81.99109706667048,181.73532598124842],[81.8538130553336,181.53823813294588],[81.9188696566609,181.84109290788052],[81.78718129152406,181.65086992004495],[81.69679105710941,181.85249434267374],[81.31233702674011,181.34988112715058],[80.88139048373723,180.56856629594773],[80.7188046330911,180.61386395471806],[80.60494560255023,180.88954230805035],[80.56708958358385,180.8147753692902],[80.01327919907555,180.77821675718195],[78.33259077855593,180.662220172507],[78.46223010855859,181.39240250005457],[78.81261654167498,182.0110593638331],[78.88952066231413,182.5616905373136],[78.93633349124659,183.2703078173862],[78.90624276973682,183.45764119942564],[78.75639746345706,184.41268365176325],[79.11866727073365,185.23848574275465],[79.2213149653396,185.1958759802735],[79.88590237986166,186.18352126175802],[79.96228739456573,186.01033228630172],[80.38579354181923,187.02764414303368],[80.69548659885984,187.23203964973013],[81.35481928938553,188.14202265605388],[81.61201582495687,188.30572687490422],[81.61713076614261,188.61906207095137],[81.81816989606362,188.8011066659841],[82.07108353531845,189.41590196423732],[82.28463115503432,189.46645307330135],[82.39740564043669,189.82881906601065],[83.88955448033718,191.28097227604687],[84.31817341775715,192.06472652445518],[84.48961001143397,191.92719601554376],[84.90137467795526,192.17700222213773],[85.32766772017037,192.68484126928865],[85.37147404575181,192.998241707579],[84.82370485128962,192.8135722847405],[84.62848344467241,192.35088405780445],[84.33001225856485,192.24745146775228],[84.45213513338761,192.57346136142039],[84.26922945700665,192.62301453417422],[84.91614331813749,194.0184862477907],[85.42957629481104,194.7343332214004],[86.42657145240172,196.12004161493377],[86.11687457522639,196.3213903839872],[86.49522123004922,196.76352077251792],[86.70663085756932,198.428461825253],[86.94749042778878,198.59078239175417],[87.30335151602594,199.34420351114764],[87.84602138685855,200.04467253316702],[88.82400990471169,200.89479489919617],[88.91303105519823,200.85282048926098],[89.0743810205507,200.96198572060968],[89.3966457117426,201.18245845378505],[89.81966565616831,201.69970810876416],[90.44092374914723,202.21511562826947],[90.724544983385,202.20161071963796],[91.4658793352254,202.68621743482078],[91.66789239548591,202.7135527139157],[91.8944934810917,202.91845102782713],[92.01107156163268,202.87741319786812],[92.81619932558016,203.48552068366027],[92.72668963871902,203.48165525861074],[93.11311187779319,203.7268200390932],[93.00540361723323,203.87349847542419],[93.80552188535852,204.08846131721853],[93.80156015399515,203.92849557850968],[94.12693738223334,204.202146458591],[95.77607443147399,204.90810576990998],[95.95039470923876,204.9764770052634],[95.80862390780646,204.85875700584424],[96.04413631407232,204.7548637101557],[96.0764422855338,204.7371243632109],[96.08051582307432,204.7340398459167],[96.11113368534798,204.71085574002433],[94.43957385128516,204.00870818342244],[94.3358781100651,203.85415035287215],[94.52204359400854,203.88704166155748],[93.91375849899276,203.47095794758619],[94.30163231551379,203.57303689802575],[95.46860599931776,203.55030911361234],[95.74884733445774,203.05468804379564],[95.45824298575097,202.98166820478156],[95.89092158317143,201.99493136272645],[96.36941269289547,201.3450615962165],[96.14978578014937,201.12656694826464],[96.28320673606409,200.8296434495976],[97.75266497989622,201.6539666927502],[97.72238635453209,201.89109248589426],[98.01415923083482,202.04888516977874],[98.53745413251276,201.54725161763662],[98.40118239473782,201.4036649721258],[98.6639218848847,201.5790663722509],[98.78662409304357,201.37096010690635],[98.9657812356581,201.4379759161357],[98.97730018189866,201.31695013140393],[99.12019477029341,201.45210924350448],[99.08618721118,201.28283532895142],[99.34124171749886,201.44201940759865],[99.5412490199282,201.2819446626682],[99.3758374115894,201.08072387787797],[99.82220737716568,201.08208636428338],[99.46109563355266,200.90121741816827],[99.40695503540752,200.58679151051228],[99.71655828007172,200.55262538513642],[99.35431112714606,199.66091203371724],[100.29918246905885,199.36013692468651],[101.22573042045424,198.58243643425095],[101.72486126647183,197.99375937057766],[102.1954995180302,197.54507037927786],[102.78198031755782,196.6975911260615],[102.61340874991201,195.7319607612569],[101.44077231567758,195.73859866722495],[102.03646578665195,196.22709946665267],[102.03679804536002,196.2829065781377],[102.0414496954415,196.3499094637825],[101.8359127412716,196.441166375267],[101.10408586344076,195.94511613763865],[101.0423974416313,195.86940522556102],[100.76613139417056,196.5103199465826],[100.57168390695429,196.7220664080356],[100.2917403000237,196.68640096968565],[100.2037089124798,196.65854644188542],[100.07424740441132,196.61758276658531],[99.82488748272743,196.50555771298093],[99.30313680539996,196.01546795880193],[97.98987444020763,194.77893929608473],[97.97200717393488,194.3342744751663],[98.29059678035122,191.90612155220794],[98.43215893899307,191.46196400093652],[99.53030476074264,191.08135346726098],[101.12816811594921,191.050253699802],[102.49065906559795,192.08161889457273],[102.7729676599011,191.58481243439667],[103.09410108042155,192.09706008856045],[103.385948945549,192.87847195595364],[103.37286681182303,192.18368274452004],[103.33894901767793,191.98739143627296],[103.28566840951594,191.68811038879107],[103.62644280008428,191.7875189398191],[104.01071660414635,192.00383920628448],[103.38032063277541,190.6654694502835],[103.07110602915795,190.1689509806815],[103.61510132793073,190.6391591792163],[102.85168116065776,189.64441678250006],[102.64004855964819,189.16423796399562],[102.48418409259364,188.97106067451796],[102.87276040553454,189.229066541632],[102.71521275713584,189.07891099326622],[102.08041952801506,188.6040710015415],[101.0937590950993,188.43628941490226],[100.47343437898942,188.16402985251676],[98.32912154471346,187.91698351473335],[98.96927090281383,187.80854965389534],[97.87774098705934,187.72110975118977],[96.69569988327461,187.63020942805022],[95.83503762440023,187.7001462632023],[95.55012910259126,187.61346877682416],[96.19912343066332,187.62085500283143],[96.96610574121549,187.40647736084185],[96.69958859240839,187.1620934459591],[95.81268102418018,187.10722862441173],[95.53101239345315,187.18729654240587],[94.86741383418008,187.1754256271625],[94.40494638458904,187.28724350430093],[94.32999105674577,187.68507220464363],[94.0618131623356,187.62563655405282],[93.98205912872362,187.3600055882415],[93.4759200834713,187.40091543422872],[93.60192282457373,187.3259431854513],[93.32810452403022,187.23154696795888],[92.64349243479616,187.28001722369262],[92.46706709965994,187.4503427291002],[92.37246145962052,187.3220383947074],[92.65705859749919,187.2036508078507],[91.69600573234696,186.680573381724],[91.47047899935458,186.35582145935692],[91.03165728472797,186.23423865023477],[90.98647411819098,185.99934131621177],[91.46262770320311,185.99634467934703],[90.54123542118197,185.49384905725225],[89.72793824646472,184.80578917004684],[89.4074165928452,184.6494580784326],[88.69095426398448,183.85271394909614],[87.47128555570025,183.10243266900807]]]]}},{"type":"Feature","properties":{"CC_1":"NA","COUNTRY":"India","ENGTYPE_1":"State","GID_0":"IND","GID_1":"IND.29_1","HASC_1":"IN.RJ","ISO_1":"IN-RJ","NAME_1":"Rajasthan","NL_NAME_1":"NA","TYPE_1":"State","VARNAME_1":"GreaterRajasthan|Rajputana"},"geometry":{"type":"MultiPolygon","coordinates":[[[[88.54219346683121,147.8647232991238],[88.25135128349706,148.21857344113374],[88.01972076711144,148.31201256282552],[87.93463128051876,148.22170915509128],[87.54939106548747,148.42478868338287],[87.52578687485573,148.70696413470367],[87.3138451333763,148.85307049418003],[87.28146973563923,148.86556688269775],[87.20368499478116,148.89056218778242],[86.92047728821993,148.94812325025404],[86.47716009038537,149.25547946564453],[86.38244490133334,149.33317524490337],[85.93360992997059,149.30023851214298],[85.43344411430765,149.75692747386896],[84.98714640215937,149.87705739928856],[84.77827931901535,149.76202957372206],[84.55648056284039,150.01221726533186],[84.19421649879011,150.11171243236245],[84.3174664937035,150.26853585453105],[84.17359289114077,150.42203637777328],[84.26200688198259,150.74533036812676],[83.70572384198258,151.0545628656609],[83.46722699801147,150.9713821478644],[83.28732602307348,151.18781441727],[83.30488068638059,151.3844033289476],[82.72851001296398,151.86204871471057],[82.43766132604166,151.84778834713677],[82.27620847908183,152.21102417055513],[82.66377832957326,152.46617363278486],[82.51790319866501,152.95802441951122],[82.200271591479,153.1424283469444],[82.20257181248701,153.29980790190396],[81.95517386750296,153.27794884558907],[81.92867833294943,153.07450795583904],[81.42053214314426,152.9311590124894],[81.08436012254288,153.13120616685953],[81.22316002166937,153.29814930456595],[80.13832028752272,153.70684538754608],[80.3244285824053,154.11700562655963],[80.58582712044905,154.0815351937861],[80.80733473630028,154.27705094208883],[79.71802792324415,154.45510239514093],[79.82460299739269,154.52706840824357],[79.60488760043849,154.79774596571022],[79.0812116887202,154.79127838985983],[78.9132346090904,154.45544554127153],[79.13519368377497,154.37091534334246],[78.74449043962778,154.26517827245],[78.30736514701303,154.43529786155784],[77.41353637353247,154.48768184211775],[77.03433405249346,154.87024259155748],[75.9594703444782,155.1598901289414],[75.75972294353514,154.97823354138006],[75.86873277826518,154.82231280427794],[75.59195183184893,154.841205413346],[75.350733683677,155.17479990162525],[74.96521493570393,155.2348237757904],[74.5618625624306,155.53762420166464],[74.33408377641413,155.4897733759985],[74.06359991801516,155.74017267439862],[74.65584815657495,155.79518533156784],[73.8175842111652,155.9417748200221],[73.06937911309771,156.2832979097048],[73.05964943226786,156.49127763984725],[72.53030003184595,156.51022034887322],[72.53162227305616,156.39577882528584],[72.19442496191348,156.34345747022937],[71.86950824451719,156.63817200399345],[71.75410413315498,156.3289195195664],[71.47615254091667,156.46861024663593],[71.38836036752672,156.71377015618035],[70.63277370191435,156.70004551868215],[70.44647792346362,156.9196632264871],[69.93219658583436,157.10170610231737],[69.47938029767425,156.99237733110562],[69.38503031938171,157.17676638368124],[69.01982674767441,156.98868266255465],[68.71667761925852,157.1120698687713],[68.51515632977751,157.1996831524935],[68.47816619843594,157.21576496142052],[68.33881839995738,157.25928005098314],[68.05842062622523,157.3843845494776],[67.99830379137235,157.4488412970549],[67.31857230238747,158.655016379973],[67.1394745259173,159.79251008084384],[66.06137790568235,161.056659439878],[66.22339086613225,162.41830091938556],[64.52587395124688,162.31037032441486],[63.770949100981994,162.4824614702942],[62.81036792868625,163.51138909528225],[62.745997401956174,163.91163086719038],[63.280530985918354,164.3983675809776],[63.51875261163167,165.43022398262602],[63.27516838173349,165.6792808308856],[62.7312878501928,165.76421362879375],[61.41116121863763,165.69053830714762],[59.197670346845385,166.13359924137387],[58.96930212167199,166.33193782104848],[59.08219004054175,167.03956337766303],[59.494433063331044,167.7138421920942],[61.21193134585471,168.5929783687181],[61.66662987212937,169.01038233729608],[62.147305924575164,169.19363028809266],[62.7218953238932,170.1528440626487],[63.32781955498001,170.6395145212624],[64.26653521153978,171.0881467053679],[64.95837767553229,171.08823620665896],[65.41634599923734,170.92019059021976],[66.0555280461857,170.24972469420885],[66.09344863032474,169.86083892400026],[66.54970490540771,169.25855854943555],[67.38813935305627,169.11553667993087],[68.86666175142955,169.40958114444194],[69.67469725178722,169.45630974732813],[70.70057959741276,169.35606945821456],[71.66232681820034,169.63254281453413],[71.80277144976449,170.47663462144294],[72.91445717524385,171.69879245927663],[73.33742546957752,173.13658562785236],[73.75242248026218,173.68244102504082],[75.17081407407574,174.50468174862561],[75.50304644263221,175.78230242700238],[75.59131838299021,176.0108354051623],[76.32691102007342,177.93348087436877],[76.50505296233621,178.87097889894247],[76.65767666227156,180.56212436033618],[78.07090836052765,181.5004590704782],[78.88952066231413,182.5616905373136],[78.81261654167498,182.0110593638331],[78.46223010855859,181.39240250005457],[78.33259077855593,180.662220172507],[80.01327919907555,180.77821675718195],[80.56708958358385,180.8147753692902],[80.5432023286951,180.75754610789346],[80.4657193337567,180.57191177729385],[80.43313852997285,180.50163897706295],[80.49323953668431,180.17207669844012],[79.95607119215751,179.46439311018204],[79.85603313806106,179.10698540891735],[80.36624149350774,179.26513323928924],[79.6879157457413,177.66652989980193],[79.76096607655806,177.3947052948004],[79.43035324823796,176.80534375020935],[79.28487947773897,176.82955060685012],[79.15239848534625,176.49693881423352],[79.23747299762312,176.36292272071128],[79.17982086038438,176.01061861547555],[79.13278901789153,175.73023643035276],[79.26408342859172,175.75707244216508],[79.44088950457237,176.13147473873457],[79.96391512082734,176.14296579988186],[80.38705064267894,176.57456084774688],[80.62111051666147,176.31904059675827],[80.39333951740895,175.52874483903994],[80.75547948194095,175.66190359302888],[80.63985220244766,175.18248961948805],[80.76137411565188,175.09958625758964],[81.16920195801592,175.60929227736077],[81.18743383899468,175.30235564187348],[81.58026670155844,176.03831657670773],[81.4225206895141,175.41882476653984],[81.46577018564425,175.35183176122118],[81.67774097386473,175.80868134456978],[81.44732578797931,174.86629965894454],[81.27469735139336,174.48043348257005],[81.33078543679605,174.3775639737647],[81.10475687079301,173.73902196383779],[81.23798959829998,173.7601422166532],[81.15046430508886,173.21156207353891],[81.36965130023546,173.24225927595785],[81.24131587652533,172.44515685274595],[81.1701913229573,172.42216526488664],[81.21236137909551,171.44041451256533],[81.15528005066159,170.3712935519328],[81.35273385811922,169.4238003051348],[81.4978591770806,169.28222193602818],[81.56643054306811,168.7257392120321],[82.06365175628686,167.32933413249916],[82.10927256856118,166.89698219495546],[82.5486371411952,166.41474933483994],[82.9265580984625,165.81535786408338],[83.58837568462062,164.7714310292847],[83.82070464497396,164.22794898410962],[84.98132963729226,162.22917572253166],[84.37677677984703,163.06613090842959],[84.37481341956733,162.65327707665426],[84.96963630144715,161.92363184561646],[84.92384274561226,162.05151221318138],[85.2728433457294,161.61706354240303],[84.99390577222013,161.87042996324487],[85.34266307113788,161.4752512703857],[85.20554796352782,161.56736432916455],[85.57288976094581,161.07620618681872],[85.31597177052814,161.36235465410675],[86.03439181918013,160.41517568105706],[86.94066314158056,159.40090551747437],[86.88337645334707,159.49325589231944],[87.98940117456269,158.3875754168662],[88.21942293978627,158.31781717343938],[86.97870383509722,159.6390012625958],[86.58025563602843,160.19827897342182],[86.58088404929701,160.26394043771108],[86.82938107589432,160.06714527657587],[86.36690315915642,160.59606075442431],[86.8889001714378,160.15998218842782],[87.00654251107747,160.03834986203228],[87.07210401567275,159.9659753967846],[87.9312507678504,159.16558908332112],[87.90836377207151,159.22277969548043],[87.90046620281197,159.242514344138],[87.82308498974606,159.36706505408245],[87.06884024333381,160.10211518145644],[87.35271825950397,159.98261916230845],[86.30565002112203,161.21151483863542],[87.06655480901595,160.4972734195364],[87.29216700280698,160.1500908506825],[88.32918567627341,159.43865304669876],[89.02881647799785,158.51417185673776],[88.61085574904143,158.82547461502696],[89.36443425421407,158.02380277607847],[89.0618309560767,158.21037971966268],[90.02510765887912,157.35760828158726],[90.6879004547173,156.5418361354829],[91.81890991472756,156.16186978337666],[91.205097759019,156.71340996577305],[91.03851835085327,156.87170116710985],[90.98185710379093,156.95355430071373],[91.85555372536494,156.7317220423274],[92.5450134070154,156.70914097254854],[92.18459350810436,157.40821132214617],[93.11785630855127,157.07074685018137],[93.96143256379442,156.50400590358998],[93.71624311484334,156.5358665617529],[95.68543290712906,155.29583338194573],[96.00805469269946,154.67576677024192],[96.47601153669802,153.77329511880342],[96.95714044406785,153.34573616380084],[96.66449311264118,153.38684262037677],[96.75505593351488,153.1196171407979],[97.18568302610416,152.9872417458126],[96.8044460170847,153.06299246934503],[97.21311886183562,152.8952246546557],[98.12417165338334,152.8372477407779],[98.1929487310554,153.02464358709832],[99.35470593302034,152.97932149260816],[98.4560940879677,153.10200054439827],[98.60111770534797,153.1859718018567],[99.8489708619247,153.05723063007636],[100.20787911380634,153.17426851673852],[100.61815282885014,153.15763704967105],[100.37096528638966,153.1110074425595],[100.73017491659375,153.14326997749566],[100.80135287906545,153.21172758512853],[101.33438454969331,153.1159705870158],[101.7128435394117,153.20845606909427],[101.92385495117513,153.18373188319282],[102.22579146241034,153.18518614363785],[102.18947426514728,152.96236336853562],[102.5760391703083,153.00416931281308],[102.67530645234164,152.87145789341878],[102.2769361380897,152.68019160629635],[102.68063118222412,152.6851099650222],[102.46920733545097,152.45257586472545],[103.23587721952929,152.4080191562593],[103.06817050133225,152.29937939056552],[104.47049845607653,152.27761726258754],[104.823361529343,152.37094877834087],[104.61166315343482,152.2400345175996],[105.23796938041811,152.08359047143068],[104.6213131103257,151.91846695253213],[104.51313982845065,151.80834358215787],[103.73241751953417,151.6667988048701],[103.60929733229207,151.65081634348044],[103.70978071008948,151.6458129463229],[103.76074218486792,151.63756839966086],[103.76091711369568,151.63638091311816],[103.76293212524732,151.6227022122922],[103.73560818421753,151.6091801688037],[103.79218924988206,151.6025977885921],[103.81637950411076,151.60181201904942],[103.84362561341975,151.6009269864802],[103.8544210768585,151.6005763185505],[103.86954168772309,151.60241781523908],[103.99111942666065,151.61722442627172],[104.17007128505855,151.6365221650259],[104.07885721365317,151.5477586027061],[104.98315634571682,151.61992753151435],[105.12804652163689,151.71023261391176],[105.3973280685828,151.62609684054397],[105.61965853705577,151.7124182058443],[105.4762266133786,151.60848879609387],[104.63942711212428,151.38685238368117],[102.99465723353457,151.26286767077696],[103.16074838236304,151.13389391387324],[103.70366498645323,151.12253731744147],[103.63569750241035,151.25009388709904],[105.0323495830441,151.22856471880684],[105.54585817852323,151.49730214169386],[106.40761703878441,151.5078586501282],[106.50362701294983,151.6209227243183],[107.1363692411651,151.71684182721546],[107.1288999021607,151.59685839628622],[107.32104340580467,151.6677774343803],[107.31080916226463,151.7735290184542],[107.64025048371882,151.81480058882582],[107.76765626512903,151.93398776044376],[107.73826160132793,151.9454934017731],[107.7364724528238,151.95081349157815],[107.73492351041253,151.95541932095028],[107.73398971927847,151.9581959784948],[107.74799286101538,151.96528764781388],[107.77938574079394,151.98118607450567],[108.64121853295116,152.1101488501428],[108.2425022490246,151.8804133694073],[108.29905284681513,151.78740274014643],[108.2443476805833,151.75884752699457],[107.98945626580115,151.68761815320246],[108.09491205769366,151.6235128999397],[107.73002045832096,151.56615845700028],[107.64818901719327,151.54355982988392],[107.57855924068011,151.48223185565388],[107.58521843897583,151.45286181148262],[107.59221898287709,151.45081690411666],[107.61329589758226,151.44466019133245],[107.45555180504968,151.1756902514714],[106.96222606278435,151.13257348742331],[105.8553562608002,150.6145483228617],[103.53096899789556,150.50412270687843],[103.55963707718647,150.42735190682137],[103.07995619956779,150.45971709222937],[101.96332558453234,150.30544275479198],[101.27644083996955,150.33997907035834],[100.41738442239213,150.23685156705983],[99.71156672477815,150.27804960644525],[99.24315037742298,150.1344154827534],[97.96639829075235,150.25768243082865],[97.61641573542434,150.2110725639062],[97.6945480424355,150.09906179894392],[97.40519010007287,150.13470565113548],[97.87768110548217,149.74011475938906],[98.70487544481088,149.316948076338],[100.99341431029038,148.74430684427574],[101.79582875377194,148.75864024496136],[102.58152114090444,148.6329457145813],[102.60377002411377,148.7463389093915],[103.03106459166999,148.8234383499362],[103.38208230337779,148.74682640838978],[103.33103830254741,148.58880282511723],[103.48264580208352,148.58833180512087],[103.46630884925627,148.47584477434407],[103.94910964643007,148.28364146335667],[103.7951525858374,148.2891602137283],[103.9212769893224,148.13773390065745],[103.39524363989774,148.1324162110269],[103.1204596750417,148.22425489569758],[102.10551704377495,148.20507034623077],[101.53268806011357,148.30452579580464],[100.83512958789466,148.28583119872673],[101.54225339732007,147.93642670695664],[100.71163922872273,147.9712450806196],[101.05145357297462,147.79168913905738],[101.67236286184995,147.72501285009093],[102.44352072442788,147.39779830896077],[102.51276018252948,147.1749672292102],[102.04563914418463,147.12344225161763],[101.59303153609237,147.3465082791431],[101.09924798069292,147.394649624208],[101.3775341451104,147.24556318123723],[101.4220315133906,147.0433678927035],[102.1908191458156,146.64721400165843],[102.00474300228947,146.5310129523084],[101.42257780553699,146.5939466588178],[100.60046299978652,146.84978198748013],[100.63283160381975,147.0151442941754],[100.03700531026607,147.03693187501872],[100.04721728398383,146.9074817835928],[99.72493855376491,146.92237823172766],[99.34738022760972,147.1046142417851],[97.81533714760945,147.3268834439583],[97.53353500893695,147.5879214927634],[97.33820132826506,147.54094366714898],[97.4369387395767,147.43093353865535],[97.29727080599763,147.40070149506195],[97.45828711417752,147.16678451784838],[96.52954861953103,147.22943619110382],[96.68979304817171,147.00846411551953],[96.00211331115136,147.10055481973316],[95.62171440317856,147.15045459882907],[95.26821886932044,147.3419241000469],[95.43664497073787,147.21090552356708],[95.4067598289331,147.10620787754567],[95.26944768291732,147.14447419921098],[95.30897042925342,146.99884648781313],[94.61980476704638,147.28973431929606],[94.66762326097319,147.33956245299564],[93.97308083341713,147.70621621750877],[94.1555759035205,147.96358587930987],[94.4858691703397,147.74454038191317],[94.97508962852191,147.7105677459264],[95.19774112474056,147.5093467087134],[95.49200794598734,147.50850763585012],[95.52651650556317,147.64081913996142],[95.80837753408764,147.56753127673005],[95.2683265149178,147.87315965426973],[95.38963784927051,147.9872426775628],[95.6315474544615,147.9368349213805],[94.91313956502283,148.4836234888955],[95.16647820636832,148.5248822859886],[95.5759760315116,148.27093487004225],[95.85210649822773,148.22346217771548],[95.70614809882579,148.41132218262408],[95.87492135180996,148.38023384829194],[95.0691901067837,148.92736124343804],[95.03031333661438,149.05892177659732],[94.65150313643144,149.26784978884243],[93.67419777451389,149.51625917768717],[91.19425222915211,150.81578446475626],[91.39802882451058,150.853473213332],[91.03470553463488,151.20138228594186],[91.69993880034603,150.65063200156476],[92.25522748514747,150.4903540706311],[91.35320260606915,150.98246000569833],[91.45697122194619,150.98592493217132],[91.24713553212736,151.18477166260504],[91.60191269231423,150.86309668292745],[91.62085967838826,150.97741994523483],[91.44358160958046,151.16272683127465],[91.54142570357376,151.17743970315996],[91.51831569094793,151.19258164914692],[91.46489184216361,151.22671038375012],[90.59173885989877,151.73438901416768],[90.64388547956837,151.57423209006978],[90.44827466684775,151.6607439342974],[90.60103643243316,151.40335459503447],[89.70661139429028,151.84509401503365],[88.89454614236205,152.46896365197966],[89.15021058376806,152.12559364096387],[89.17492368241963,152.10605106223284],[89.21135778549285,152.07111327387196],[89.27278186602845,152.0122118231705],[89.36141877435742,151.891977216954],[89.26644727555146,151.91639006105595],[90.21322766027532,151.43297539427834],[90.32609696964512,151.28851440031985],[90.18448787524936,151.3678744712425],[90.29890229045068,151.2162146869211],[89.83382067475625,151.3370884634624],[89.08061844896446,151.986345987475],[89.16140787398764,151.71890118735138],[89.36283622511755,151.6208246733102],[89.3759540388977,151.46307386526578],[89.18078245566153,151.52681412509247],[89.28724794047922,151.3546878164454],[89.14501612876336,151.37076239053636],[89.96177687240846,150.90418173984978],[89.7830407803228,150.60338893437705],[90.65948504716985,150.07485479772413],[90.54933540299811,150.09748811111984],[91.36238147843635,149.15205934977416],[91.0711604857649,149.03198446006482],[91.16651249366865,148.62222175252597],[91.41276995824494,148.32965735765669],[91.28859850212845,148.24587429010745],[91.52936802446393,147.9924335819312],[89.76351948820835,148.20116159639161],[89.79188576643922,148.05882114149094],[89.57900140341656,147.99993913196238],[90.76263173216009,147.27547677497864],[90.6288518849596,147.26448680886298],[90.91870454742113,147.15842690832162],[90.74898638270662,147.10126799583455],[90.50278906463534,147.24071905607806],[90.20648521057161,147.16240597144],[89.50946687968501,147.29183403798777],[89.12090982243879,147.61531130182954],[88.79863133325202,147.60738872487798],[88.54219346683121,147.8647232991238]]]]}},{"type":"Feature","properties":{"CC_1":"NA","COUNTRY":"India","ENGTYPE_1":"State","GID_0":"IND","GID_1":"IND.30_1","HASC_1":"IN.SK","ISO_1":"IN-SK","NAME_1":"Sikkim","NL_NAME_1":"NA","TYPE_1":"State","VARNAME_1":"NA"},"geometry":{"type":"MultiPolygon","coordinates":[[[[165.941471026593,167.8442883666951],[165.86958966533405,167.67964885444587],[164.95420126805112,167.76426588023628],[164.86495332758938,167.52621461216074],[164.4468212375762,167.41199604412037],[164.0582636612679,167.61978099795223],[163.88702494159577,167.5698584485981],[163.86558542134043,167.57250428134176],[163.74316511433352,167.6025887327429],[163.41445742725944,167.71359020900726],[162.9195874609095,167.5847905420593],[162.9760809408768,167.491599409257],[162.28679311946365,167.1269140541537],[161.5261571089057,167.0911195632094],[160.67875988950698,166.83673829370838],[160.57052701544913,166.73833496296763],[160.56069898969193,166.73267234639798],[160.52833663222782,166.71402611712082],[160.37630063343084,166.71129906589857],[160.1634752117033,166.7031248489012],[160.15337835782765,166.70297163067266],[160.14818006094944,166.70691447145884],[160.13688525590817,166.71548143464557],[160.13061913153766,166.72023420874058],[160.13054309749447,166.7350916476577],[160.1417774339136,166.92357288765322],[159.87103499276915,166.9459824704748],[159.74987908683153,166.91460740263983],[160.25989863538058,167.40748981410508],[160.14711279409474,167.49077565933632],[160.44442038755116,167.76043341106853],[160.28608734742042,167.88270091357023],[160.94892620728214,168.626712788419],[161.3028359646122,169.1692819310652],[161.16877488176615,169.2580984067718],[161.31774832934335,169.3506567681455],[160.8270173238541,169.5459385979067],[160.9537290280043,169.76543584885212],[161.25970779031795,169.75893515528648],[161.2983704690019,169.84041311998283],[161.4881097992117,169.80749483195723],[162.09115922488786,170.01681663503388],[162.3365879838322,170.00765667847116],[162.89553530254136,170.30895871116292],[163.19425158227932,170.30198994837247],[163.36518527354065,170.46958388352652],[163.81264237407714,170.51907967177786],[163.8542976094155,170.61475754290572],[164.17267342458848,170.39199410480512],[164.7139587108038,170.3855665031932],[165.32294395165155,170.18289087297907],[165.28685936919373,169.89311438118207],[165.6434446640897,169.6253892857865],[165.350718372526,169.4714105314736],[165.2395373215311,169.0334261324718],[164.66414710716856,168.77151979370308],[164.7546857625801,168.47353197344614],[165.941471026593,167.8442883666951]]]]}},{"type":"Feature","properties":{"CC_1":"NA","COUNTRY":"India","ENGTYPE_1":"State","GID_0":"IND","GID_1":"IND.31_1","HASC_1":"IN.TN","ISO_1":"IN-TN","NAME_1":"TamilNadu","NL_NAME_1":"NA","TYPE_1":"State","VARNAME_1":"Madras|Tamilnad"},"geometry":{"type":"MultiPolygon","coordinates":[[[[99.48557812361395,37.530843201750756],[99.21743830129417,37.19281552315959],[96.97412745595174,37.345100017498936],[94.12384319683426,38.29970545548676],[94.57231697933045,38.51895906896426],[94.94728357438531,38.43662130019027],[94.85687412608513,38.76861862862656],[94.644665500732,38.691388651403],[94.63913109523557,38.95126078624897],[95.62116884017261,39.44799748572059],[95.33533991667015,39.881741392918585],[95.80215291594598,39.85435126176248],[96.44652046042512,40.254121815494095],[96.32495429835248,40.51248800774629],[95.31123750504494,41.87549273974132],[95.57618999036,41.81824900477681],[96.66871933468042,42.66146999679707],[95.31678527344697,44.29736866337939],[96.05737715131954,44.50213686149341],[97.16607187215499,45.432278590538026],[97.02036328892986,45.75971272573139],[97.46125613609686,46.01478959903367],[97.87029908486822,47.09972963249856],[98.1866162344072,47.08701875344438],[98.81693067583501,48.2090426921598],[99.0886751818967,48.19100869831871],[99.21655358268094,48.848735269540214],[98.73420529890842,49.31892585582811],[98.80971086266237,49.706346055621296],[98.61149187866839,49.39233311970216],[98.39636570167212,49.71387299347822],[97.81102442704841,49.464089668654964],[96.55152511037048,49.99306941819561],[97.30009131406818,51.833148568938114],[97.60018600613677,51.90342920708379],[97.29032058810552,52.210880283905794],[97.47810869857031,52.506813093926425],[97.22326444585117,52.76981093013117],[98.00212353558379,53.76861021382439],[97.93249356207085,54.33130928313106],[97.39387790549398,55.065732659661435],[97.38544169641142,55.179154129308515],[97.38229960212337,55.22096432782652],[98.08352902066888,55.33784639294822],[98.46165158443418,56.303377798661984],[98.12927652435629,56.47400261613504],[97.80439950713208,57.7382751285202],[97.17030087450368,57.84179185038617],[95.71592087978264,57.12023130755716],[95.78929819236151,56.867149110187846],[94.94975421628246,56.47143842885909],[94.0573928171385,56.53626481388876],[93.56186275997185,57.11787331801105],[92.85524160176779,57.07279616609567],[93.34471868492963,57.79486572433747],[92.96754787371272,58.30357649250409],[93.40447829331968,60.20199974282602],[93.11466309712631,60.54855453328721],[94.02734510650859,60.7541206624989],[93.81874388685164,61.16886560958403],[94.22596654344582,61.6158367518413],[94.34609033312228,62.61612657262795],[93.70641780986773,62.57736187141912],[93.43397407994047,63.09765483339727],[91.36251885909134,63.42992525690579],[92.48827571539799,64.73549006809787],[93.46361740140787,64.94739813572079],[93.49654710707928,65.15221767926606],[92.9511400549742,64.99092448298043],[93.00701783781886,65.86650130252805],[92.54114959656756,66.11110407535028],[93.03240896835828,66.7605441185085],[92.75838195633577,66.96548162497872],[91.92029750123997,66.2671026575395],[89.95740943216877,66.0224313031104],[89.6890504474492,65.78148768836377],[89.84957474312051,66.33447211474105],[91.20611466426399,67.26251311127243],[91.27140602765577,67.92460687643623],[90.93905330287679,67.80414685779698],[90.06575783431543,68.5369420802061],[88.77521714671079,68.67825665945952],[88.20420893532571,68.4134712419756],[88.50523844519248,69.47899875549132],[89.04215973352053,69.90878108504964],[89.1977466114421,69.6755250998783],[89.97469281806829,70.1470399068626],[90.121793353125,70.46548193013984],[90.6091658157765,70.65741106094272],[90.67152453966457,70.75196023361562],[90.60277432721202,70.94534900307607],[91.43554376538461,71.5309817824994],[91.71739306295194,71.33352173169347],[91.72309755669474,70.77352767191124],[91.77811276638836,70.76003681479393],[91.90648347269946,70.74936019634136],[92.02997266481798,70.76768268045991],[92.12911326501819,70.77049022369509],[92.20496384615532,70.772638221443],[92.37821995075593,70.8492930174371],[93.00928021969214,71.01384234346114],[93.07850239091293,71.03862129325259],[93.1469003252047,71.06310519703324],[93.40064416672689,71.12202532820129],[94.27045901425682,71.04919455580352],[94.42865934328815,71.23306103456852],[94.28349049570454,71.43645595673092],[95.07228988170152,72.69914790771821],[95.5528900600258,72.62840048101133],[95.7046992241701,72.92046598456614],[96.17185629193446,72.83498296496612],[96.07158549522606,72.67650292529468],[96.38663285990265,72.69864116117773],[96.2763189005876,72.5856930781552],[96.66905749326128,72.12799768091465],[96.68574570315715,72.57640088422404],[98.04805843467048,72.67485799646018],[98.27876531971323,72.2635217542946],[98.48493946597438,72.39192599355843],[98.87715456852085,72.04834556919437],[99.24050693679624,73.23887305186165],[99.37301758754232,73.07293722122483],[99.49057911971721,73.57805701175744],[100.6519926691521,73.52066759015688],[101.54979473495064,74.96275454865199],[101.32872253494547,75.54953730945458],[99.7333559979873,75.80635159229894],[99.82123739210996,76.33355214854987],[100.15068318027585,76.35373048404416],[100.80735403654987,77.03294155935019],[100.83147618314726,77.0856661061573],[100.87105432379155,77.19353736007372],[101.06072210730434,78.10513201402617],[100.76720743196248,77.96407162261158],[101.00787415415284,78.25066295212807],[100.83882008175186,78.27983631844961],[101.13804240694733,79.51579404248577],[101.6850324483407,79.63421648802174],[101.6339498926273,79.46275271213993],[102.24626661350061,79.77761823236253],[102.81507406721032,80.7145509358293],[102.80623785773078,81.09300189018631],[103.92947867888603,81.52555021711885],[103.67047252107847,81.09683807257893],[103.8113697752453,81.04820744456507],[104.01165086868163,81.3833074563091],[104.10804868313082,80.91874924505544],[104.47392065934471,81.4152047866112],[105.01880717732098,80.78363868022713],[105.66541454767345,80.7037151883961],[105.64082426983325,80.40522871266232],[105.61670599858982,80.35650732641855],[105.5398398786834,80.23800586300645],[105.2752521623538,80.0235400967619],[105.51537470449462,79.96416548170558],[105.59957710393773,80.15871055734372],[106.31029740767963,79.49014839543531],[106.90206297210176,79.57235907286946],[107.05334522857791,80.06143085487369],[107.45874064156247,80.40193310527408],[107.43368368543628,80.77730663739122],[107.5647403085867,80.29222702145373],[107.74182417957735,80.37016922342688],[107.88321864523249,80.92123365824621],[108.19073444525985,81.17357779324163],[108.89985835975506,82.43021849512485],[109.04874827620725,82.44917059862138],[108.93993239208393,82.7470546556166],[109.290535818627,82.9885521175287],[109.5547290252348,82.94834461932241],[109.69389973494565,83.23327466444337],[109.92344719688074,83.20440348444563],[109.9663434526555,83.20929430597343],[110.00218406847638,83.22056143160515],[110.19072336159724,83.28082391599551],[110.94116569924715,83.38588714947052],[110.83483744330599,83.05960451106608],[111.14703853057716,83.02343312209325],[110.93527304907892,83.12902352770757],[111.12409071363987,83.28118135924254],[111.56956502736864,83.26414388181587],[112.06759051419998,82.84963704172627],[112.7582254207862,82.75635038503154],[112.80842316102695,82.95383392056317],[113.49308033354346,83.36583254324592],[113.76331638699577,83.03652218789577],[114.1984742130999,83.1533491134925],[114.1956752925584,83.34713645115676],[114.69669738432933,83.47192722819098],[114.85590481396021,83.70785203328282],[114.64432123099132,83.61777644372],[114.79226494033321,84.04498624401435],[114.52258727524617,84.15109064374958],[114.80321901983808,84.24990194944863],[114.87557879064974,84.25619723245346],[115.03280404168962,84.25373916572022],[115.51290881945937,84.15715918245776],[115.62648131035581,83.79362509415432],[116.3158888485464,83.94600931829088],[116.34911034357155,83.61988227931678],[116.50069617768357,83.65665101747014],[116.47227373203788,83.46899572145767],[116.71192976431259,83.53300449805465],[116.91228972576812,83.33812177023222],[117.20930878013533,83.44257213757996],[116.72883498027478,83.83544571002034],[116.97829358181052,83.99244354067099],[117.1772689967037,83.84071652173532],[118.3225080906495,84.00542359502217],[118.51313165563758,84.2617210465663],[118.37703503157194,84.46680691388362],[118.60645170496132,84.4727174314552],[118.57909551042238,84.69258607381731],[119.19862731917102,84.7779009816791],[118.78087804199862,85.135310435978],[119.62138265576823,84.96100546997236],[119.70204178412314,84.83402062057425],[119.70762741061569,84.82522694832143],[119.72057899934043,84.81736108858428],[119.76092491084987,84.79285789537425],[119.78108036476078,84.78061692812535],[119.8615654704607,84.75982476786619],[119.8663835219077,84.79554386005847],[120.77226440451334,84.38454582471167],[120.84060968361493,84.01589641395776],[121.1309591342241,84.02639745330748],[121.24258920678439,83.60725734385247],[121.17904909617134,84.11691202003468],[121.39172364814787,82.97667711373535],[121.20063501376728,82.6186367654998],[121.34461600245461,82.74205604931726],[121.19241920438277,81.36590974477582],[121.42425898343654,79.95298246707925],[121.19795561969923,80.28766501097424],[121.37388479488861,79.82233152234039],[121.4342612795872,79.93271992468647],[121.71085323821373,78.31310303581392],[121.56559194620198,78.57402147130858],[121.50818197606178,78.4215702574372],[121.70475494400196,78.30721293143752],[121.90441598677134,77.46235397048972],[121.31413880913979,76.58611366646568],[121.34050293307655,76.7792231358732],[120.81597338970782,76.71732732696165],[121.32562806368182,76.7693287443851],[121.06794181286563,76.26711651302844],[120.46227983714215,75.95683280166006],[121.0918380623736,76.13439997452261],[120.56772383477855,74.8007024800198],[120.19742698277702,74.09703291317226],[119.79410484474313,71.31957555130927],[119.43606425518746,71.57719157591265],[118.85201033977071,72.17246242708495],[117.66691823594135,70.99629798457269],[116.37642000653827,69.84878605330385],[115.90986621987835,71.73514912795147],[117.27434579897923,72.60452344083771],[116.78671221766524,73.1359056212739],[115.77824547631131,72.52203896923011],[115.72865998947428,73.5956726225456],[113.96858344905073,72.23523167899475],[115.53023717568394,72.31174919161126],[114.66696268231077,71.00304528978674],[115.9167350259012,69.16370927849954],[114.93806366920636,68.77823374726174],[115.19223181917286,69.62121754894866],[114.03917531625382,68.41929916128407],[115.0802823244619,68.57920554918074],[115.95768579214521,67.25461955625029],[116.24615561397725,66.97358063982496],[117.10226872355537,67.88873182837337],[117.3380988292941,66.69681669290708],[117.5659445225069,67.2766663183102],[118.48210290046879,66.65881448601358],[118.2832135797818,64.64078516337108],[118.10913144236993,63.7728797766072],[118.5160805517199,63.38285345688079],[120.14387884805686,62.70862188793839],[119.89770490800598,62.705001744189815],[120.28145706426757,62.7056172551511],[120.51932022331872,62.37786252200822],[120.50757731735374,61.968483511560905],[120.21473063607915,61.83837706101882],[120.51887309469039,61.929795322953154],[120.46138397961957,60.272877726741264],[119.19265341869585,60.11191370091558],[119.30090959889766,59.868638503930825],[118.8983956798904,59.8643178222452],[119.02202789661251,59.8098887553729],[118.80055210889371,59.639923077636666],[119.74136804719453,59.40922657052644],[119.50577427221643,59.26360390951993],[119.60968737720513,59.04612763000444],[120.00205428439692,59.09104719146584],[119.56570199126938,57.58650584050514],[119.65806549346918,55.316960551803575],[119.26423989923097,55.05548870318285],[118.61124919819646,54.975466414279964],[118.91016241049198,55.04142503112771],[118.7265788920508,55.20386089490211],[118.87633836594705,55.163791208190204],[118.75828056189506,55.21863840243324],[117.82112781355056,55.07795700479387],[117.78941809643614,55.41800890048135],[117.65037682765315,55.03916049765694],[117.19386665955066,54.92515529004549],[118.448890167578,54.88641947347307],[116.99390164264713,54.84125833900986],[117.45873090751418,55.20859040238977],[117.10339612471687,55.17028885900247],[117.14165152435099,54.99800635693206],[116.85714641246483,54.969527860522334],[117.04066918217224,55.00978200740138],[116.40803658471829,55.09501057727761],[116.67302454034592,54.96207264143147],[116.42063681101793,54.92354595003835],[116.95180944062858,54.895456161687235],[115.77394340655698,54.8822091999008],[114.79553633473051,54.21723015380132],[114.91512648484178,54.0862682429008],[114.5880656915991,53.84600165138656],[114.46494629974018,53.22310666549369],[114.83308339815451,52.74443619238691],[113.65399060417911,51.63272048852683],[113.63294981617139,51.396005507409086],[112.10142546433161,49.41037018130655],[111.82416275862455,48.492852888969466],[112.16068940879074,47.8668564527032],[113.19490884692416,47.0738706036142],[113.97917677121762,47.12591463167443],[113.34148443758596,46.820202241237574],[112.53782886946237,46.849994219157345],[111.31245266341446,46.5983571019403],[111.32106095264146,46.76810633882601],[111.30362171684587,46.58122884085543],[110.3869236794176,46.17531781812068],[110.00599068929216,46.24525268071211],[109.78055231249101,46.01931086327842],[109.89493323506704,45.926467406196814],[108.51955829226456,45.690693041466574],[108.53265571931453,45.84296592446485],[107.8696731803012,45.47485996554207],[106.66408171908213,44.46492053242784],[106.58521538563416,44.57907249400253],[105.58675709663886,43.5395875131958],[105.26127275505218,42.84142172133728],[105.54926298860931,42.82525610105222],[105.66419997887542,42.977535370106935],[105.86518233066398,42.74717686199553],[105.60380438504667,42.81583076221006],[105.80555986898993,42.74098167398718],[105.32656274203435,42.685239859035796],[104.74874443570586,42.0659079992097],[104.54791601255612,42.05800372123262],[104.35715093175529,41.6011193009028],[104.6562661185626,41.73620642800614],[104.45888066375622,41.65055605909248],[104.72277363092677,41.99149623746465],[104.72291788585295,41.68865987117032],[104.46238192365041,41.11105850643716],[103.66337427064525,40.05178465925173],[103.79843120730244,40.034736649459546],[101.52097566244363,38.44591723132456],[101.23230413454476,38.06204502035316],[99.48557812361395,37.530843201750756]]]]}},{"type":"Feature","properties":{"CC_1":"NA","COUNTRY":"India","ENGTYPE_1":"State","GID_0":"IND","GID_1":"IND.32_1","HASC_1":"IN.TG","ISO_1":"IN-TG","NAME_1":"Telangana","NL_NAME_1":"NA","TYPE_1":"State","VARNAME_1":"NA"},"geometry":{"type":"MultiPolygon","coordinates":[[[[116.04486880797366,100.60301690192566],[114.71613489999697,100.20296540083035],[114.41801792977317,100.0279043840427],[114.37343457303629,100.00172403021614],[114.26800478821843,99.92896340342882],[114.14851409404045,99.82968324263526],[114.19318729937652,99.42612663658396],[114.04398339977801,99.24093906180256],[113.83253319584468,99.51901647879545],[113.632973555442,99.4589018040767],[113.64290406484912,99.1153377834603],[113.18149365605544,98.57026035954762],[112.60811959176638,98.53778106929477],[112.08641916337078,98.76427112800982],[111.75597436850278,98.45962293732981],[110.72369640288824,98.41147157634339],[110.07560725806857,97.97765437720369],[109.62989551225445,97.87255536751165],[109.47053229058574,97.26078270007775],[109.0536255092972,97.01062501680188],[108.9154057428156,96.68588282271955],[108.52534866012421,96.49199683295495],[108.22400046577128,96.54299701054966],[108.02484862203134,96.849930381174],[107.81249573759222,96.55906765487674],[107.05695222395345,96.64861374777063],[106.41676118214913,96.374683806891],[104.84632591766575,96.49274139679163],[104.68884952016373,96.48788153979311],[104.62900222475938,96.49215767452479],[104.42257720006387,96.50593652833389],[104.37230311169786,97.12246493650542],[104.55305176516178,97.55114348262867],[104.4061371869875,97.6078160819034],[104.64708493765224,98.20325624036478],[104.49860527292974,98.23035479314834],[104.6148977294235,98.48696707838285],[104.83461882400786,98.47693521277499],[105.0831824563265,98.7085303247147],[105.26937379690978,98.69185970241247],[105.2972045916146,98.97582228533815],[104.81503187424887,99.09008660227887],[103.10817932712874,99.03276424040715],[102.77169291010682,99.36051372651673],[104.18398785915036,99.85258249863976],[104.08189692349092,100.14128442645642],[104.59985695849228,100.33540362664391],[104.69209849044418,100.70970827289523],[104.42370947841428,100.62526289248103],[104.33012612789848,100.76016977931913],[104.64724709216839,100.87577741590997],[104.7233165194352,101.13077105845741],[104.42738526253183,101.09897941968865],[104.56454738380666,101.60736836451792],[104.7922619748587,101.62021833001182],[104.782608559853,102.54111818128376],[105.17322582142282,103.27976890071744],[105.04394969962885,104.07560297371276],[104.45960150825175,104.61705015737915],[104.75045120734605,104.98115709434633],[104.64255757260361,105.06246132936803],[105.1577659489917,105.44699464726816],[105.04199385857171,105.56238881842833],[105.23021300501964,106.20098635207844],[105.65281653151749,106.07743108537119],[105.78433583546659,106.39913223619618],[105.63805727110253,106.4861918418184],[105.80707182000728,106.69399835801616],[106.03933587795925,106.57065130007625],[106.06657564444572,106.76645273206762],[106.28969642817617,106.65648497411769],[106.60825102494914,107.09186962743851],[106.55806169965143,106.92003748318213],[106.78947015852242,106.92212458309348],[106.8098345609375,106.97112810692468],[106.822587146966,107.02516017273246],[106.25629480684063,107.37525081459114],[106.27311278090919,107.6160401730958],[106.00313322429292,107.54410791849796],[105.8952126903967,107.74964181097738],[105.70403939079647,107.51404361548353],[105.35941897130398,107.8873520728772],[105.5218897116662,108.7550398717561],[106.19494815302686,109.0139728991604],[106.30905002678608,109.23942313974086],[105.94083291382867,109.43873445743182],[106.11403348759893,109.77389616803606],[106.22301013907163,109.67992032844299],[106.44963840731913,110.10501144357028],[106.5981499218276,110.067044109829],[106.5607194896919,110.3789619678139],[106.75287133058222,110.31093107382513],[106.89035877996594,110.78270122060538],[106.96479862720025,110.63787667384395],[107.0216176089811,111.0117557180771],[106.47608319287696,111.42041426695708],[106.46703801012332,111.65703537405159],[106.80013826431659,111.78250686643412],[106.85950207248591,112.34360993380722],[106.68891777903416,112.78446161710153],[106.98354421233773,113.4468057848577],[106.65760228997857,113.62088190300837],[106.79570720408418,113.75508157161383],[106.50199900747047,114.18074820562526],[106.77051363465941,114.77154111263269],[106.61656457027652,115.00444053855787],[106.97695934966276,114.99284735888297],[106.74594899156527,115.21663049338488],[107.09532240020711,115.24005826033007],[107.11763810600382,115.91316743449585],[107.4646762717503,115.87804462776018],[107.48460359530962,115.66815080136453],[107.99879764858534,115.84248041969119],[108.01541337161434,116.84962467111677],[108.27682304463715,117.20810001305645],[108.39896233550695,116.97046791601113],[108.82053907292419,118.02162469848939],[109.50753630383193,118.0304641046858],[109.18891126990823,118.86129737058414],[108.92769195612627,118.93361379576505],[109.04704411943915,119.27994036749648],[108.78180526004196,119.30279505303484],[108.83791213619267,119.58787306131535],[108.5184957426097,119.63679003986135],[108.5503272616663,120.35354418073277],[108.76873381258503,120.21822699738357],[108.84677490565666,120.65807680302453],[109.12755243634228,120.50084014783495],[109.05709164836539,120.92184221335499],[109.3916629936626,121.91038570480212],[109.60415062640476,121.8695049520745],[109.3907775056995,122.31002156400139],[109.9372323103139,122.53221758597644],[110.59895382257116,121.50694565583896],[111.40747129052457,121.34229907779897],[111.54656923130639,122.76458625232483],[112.40069437931004,122.9560605185636],[112.29565852341041,123.84803353898883],[112.51491253363676,123.91608814705219],[112.3284704512895,124.73155473220196],[112.86172615486818,125.0454592326505],[113.06601164985568,125.5747483296601],[112.93303594087917,126.09480175366488],[112.6534438783998,126.24136639598494],[112.81331053870804,126.74264598419848],[112.8756109891387,126.75335121206413],[112.93337657842002,126.74636538048317],[112.8798408601084,126.57874974710826],[113.25872748027678,126.3657545061819],[113.30751397470726,125.99385773162152],[113.93903294674445,125.50138353596367],[114.10629041156605,125.71684841715405],[115.11693107098708,125.2895537411344],[115.22333221368869,125.08143276712028],[115.99907438444606,124.89672211793983],[116.01889158277905,124.10772731837207],[116.65429965032328,124.27299202162231],[116.78038020379236,123.7446260431253],[116.57200472990935,123.49507314048594],[117.49053480207762,123.5414010698592],[117.9110015392928,123.18104504243165],[118.18181249052151,123.30651463335836],[118.10524986115799,123.50369315598395],[118.3803045918875,124.13011646749209],[118.3140896878207,124.33184432233159],[118.75327649802956,124.13661258338952],[119.07613146450782,124.25367965666484],[119.64916178062815,123.88632510039076],[120.08091827352007,124.31381312733647],[120.39204256203105,124.07678614498236],[120.5374269163342,124.4949075537465],[121.22957561190958,124.85201353212403],[121.48789161219361,124.83299934446484],[122.38187697001072,124.11187207393613],[122.53398767255086,123.76191417181194],[122.45824955211224,123.07796526626421],[122.2143082057809,122.57662186542414],[122.3234230021016,122.19239586118094],[121.86353299171505,121.7905503039627],[121.8178757002483,121.22650401128062],[122.15773309533125,121.3950407774364],[122.2352754760314,120.13063782774313],[121.95653781694855,119.85967196297682],[122.037014431459,119.71249099494075],[122.07545320799133,119.65779751127927],[122.62181916715578,119.60242024174732],[123.04510638560939,119.09840673116241],[123.23456404049703,119.28848228065418],[123.36308408958936,119.18569961964585],[123.71477334711344,119.57226790034905],[123.72831534114913,119.54535710108453],[123.96014090964285,118.81307422123304],[124.00213875060402,118.7552532621876],[124.47084090786457,119.15786551999548],[124.71822054917064,119.14401800647937],[125.48211229872692,118.13731080861173],[125.44604847913236,118.012142676531],[125.5945698832244,117.98254148616306],[125.54533400801046,117.81868576706938],[125.8256881120346,116.92454886131893],[125.5924269011796,116.66686316540752],[125.58476474117742,116.33729079559433],[125.85768960542622,116.3784074632711],[125.95704967214951,116.85363424663036],[126.12585176359211,116.86665482575022],[126.1235467392347,116.22100567944592],[126.5874087381979,116.59804708099092],[126.45235273329342,115.95542866936496],[126.74772281775026,114.041331811586],[126.90269643733762,114.09142504356798],[127.2855624849277,114.66183899655994],[127.42136185644777,114.65607048365304],[127.53519153686237,114.5524797461748],[127.536719133156,114.55108955667372],[127.674025207743,114.45304197335683],[127.85870680610765,114.47143562391251],[127.96302468562523,114.50652053342257],[127.97638508729774,114.51101399596102],[128.01432486152456,114.51392756819973],[128.10780817196556,114.51959356844586],[128.220846440924,114.51119625527046],[128.59237108683203,114.59488365645115],[128.60855547979597,114.55960580536203],[128.61859162683777,114.54834690289138],[129.1255686008024,114.67745541518481],[129.25822832482208,114.96107405969974],[129.29589565420858,115.07349347356131],[129.33398503613154,115.112987000752],[129.4549334931856,115.0036671186469],[129.64796743618933,115.2277005871032],[129.77229715969392,114.90561284754536],[128.99114325493483,114.0589363067319],[128.65704856645507,113.02781802406112],[128.73823552915647,112.91677573562029],[128.5566051050901,111.97880996438792],[128.1593090235732,111.25923680601568],[127.96326906633129,111.18331128452508],[127.80389296775954,111.39955367168048],[127.77381292638232,111.3756584874126],[127.76679852867844,111.37008634329344],[127.70842068489007,111.25251691843516],[127.47320754951086,110.80219138302044],[127.13665822707922,110.7791918072106],[126.94848817621002,110.04925521897354],[126.4184976222204,109.78508184725327],[126.30932693954603,109.5615807227701],[125.78219295335012,109.5420685795328],[125.77889422006187,109.13851530476927],[125.58793297996004,109.0952520492427],[125.33487088294355,108.15681673984088],[124.70470903928006,108.32085398099794],[124.47493770640156,108.19532102116133],[124.59641990708587,108.43444626205289],[124.20192924437352,108.70937970645727],[123.89313392152268,108.41889934974839],[123.60268379411907,107.69446886236011],[123.39360390657541,108.07564985081879],[123.31274184544053,107.96228309043816],[123.27571903577743,107.90672472663962],[123.34099970424064,107.61648339255174],[123.33216980484933,107.56584578547533],[123.32247448620919,107.53221115676352],[123.1699459548651,107.26756365130574],[123.71425563887689,107.00556645109437],[123.75360448277371,107.23477471196884],[124.1557123069877,107.16860636790061],[123.94676238912425,106.34772659769953],[124.14011299596606,106.17199871304784],[123.93512097686411,105.94709179322541],[123.61377381770494,105.97028712168915],[123.58301293653474,106.01358605457726],[123.57372386048421,106.02666133282676],[123.53963857486605,106.04281872885443],[123.26450531762944,106.42229209118827],[123.12697195961876,106.11225581888468],[123.08284207068417,106.41988225566516],[122.9171182237073,106.49833736086543],[122.76320903074146,107.44363604145047],[122.48513409476888,107.37514350027648],[122.41907824497123,107.56756927647284],[122.15382069245858,107.08780518383794],[121.94171183101312,107.03599883299485],[121.90817981645338,106.86376631611861],[121.73264134095457,106.82393977903172],[121.33314362214034,106.01610152525036],[121.7371528512135,105.80477661841124],[121.59218844283588,105.29347413460985],[120.97886169626321,104.48098593698842],[120.63284285238993,104.34875516792042],[120.42623448321339,104.64973721626663],[120.10661656873403,104.50481267397308],[119.91425465787131,104.68363063076166],[119.08410660308607,104.03335235270005],[117.81114136199668,103.34956240148065],[117.64141399018972,103.14323837222356],[116.63195589268972,102.7321801650608],[116.32611118025864,102.2327351182457],[116.16663641209642,100.75301770745263],[116.04486880797366,100.60301690192566]]]]}},{"type":"Feature","properties":{"CC_1":"NA","COUNTRY":"India","ENGTYPE_1":"State","GID_0":"IND","GID_1":"IND.33_1","HASC_1":"IN.TR","ISO_1":"IN-TR","NAME_1":"Tripura","NL_NAME_1":"NA","TYPE_1":"State","VARNAME_1":"NA"},"geometry":{"type":"MultiPolygon","coordinates":[[[[185.76402825734502,143.54078814073893],[185.7350684747506,143.98740382480204],[185.66546536378172,145.10352475883897],[185.88578734334791,145.44528046570974],[185.71468496872302,145.33013561170358],[185.65011075105198,146.21580928796612],[185.41289724163755,146.32887590559025],[185.4935390954709,146.53803807074712],[185.24211934933402,146.76939011618617],[185.23623487496542,147.27631670039443],[185.4373589773097,147.16632644808507],[185.55590136469635,147.4648599657365],[185.2298911197298,147.39381626720035],[185.3981765354198,147.84704722263325],[185.65622355395297,147.85447520698668],[185.89670142181794,148.54494279961295],[185.83581106843866,149.0865964517168],[186.05873615811663,149.12925886657058],[186.14824334956808,149.5762283535246],[186.53977332392978,149.51757721595865],[186.47264644629678,150.0132008541571],[186.43504856811336,150.2810587614412],[187.34822345903964,150.20167251555594],[187.80257233486094,150.41293057910343],[187.75675314489138,151.07524174512974],[187.96260032965387,150.70753207987124],[188.34050225774675,150.63643978151546],[188.15957853329962,151.1600694869549],[188.53021182640688,150.99142375401775],[188.67879773704618,151.0848159164137],[188.66321515783585,150.9529673614309],[188.86148108166586,150.80157614499035],[189.05477290620843,150.65600360831684],[188.89111666477356,151.62075390354795],[189.00118206194037,151.72164130481838],[189.15386380672095,151.56971859606656],[188.9902302494586,151.84036905245046],[189.3167191311392,151.8842229380377],[189.40361658442154,152.177393416608],[189.2778332651705,152.75350780557628],[189.48255959003626,152.72583165109654],[189.71807662311986,152.02689150468888],[189.72712427194065,152.01293982119563],[189.72668742214086,152.00873083724665],[189.7256179144959,151.98147317168838],[189.7343833407359,151.94706784134274],[189.77890523378005,151.34197952926098],[189.95764166800205,151.40848869062026],[190.08318477168052,151.03885779770695],[190.19216675976267,150.2338817206932],[190.2104463113317,150.0913595644266],[190.22253572177564,150.08887047048512],[190.22346131889776,150.08749087725607],[190.22637659180648,150.08314569221872],[190.22817223232323,150.08046930803448],[190.2275054573465,150.0746126447504],[190.2268124739431,150.06852577797082],[190.23210736935235,150.03982698410275],[190.21566328574065,149.87615190052603],[190.21881016055085,149.8411077584531],[190.21248212084436,149.82874731494098],[190.21290010097158,149.82662653467364],[190.21363875697858,149.8228786840413],[190.21436229107658,149.81920756013372],[190.21465660044692,149.8177142702273],[190.19737920718575,149.79576048939145],[190.11092186309676,149.52600423884718],[190.16586149362325,149.08720054642285],[190.11477400380022,149.0805710401125],[190.10776293824,148.723657656676],[190.08141488032481,148.8060094264214],[189.99401335551974,149.06586509971896],[189.89465955624394,148.5019676050569],[189.76638735957906,148.51007151981548],[189.67712152914243,148.7902537903828],[189.6089569105069,148.48626551863757],[189.73469499002988,147.48693540081808],[189.64637308446646,147.1426202876572],[189.54114623828957,147.12390036131364],[189.15065957183504,146.19432883785257],[189.04602928816675,146.0598298484974],[188.81475944158794,145.76614878536907],[188.8579487485272,144.99605587981375],[188.88135469158198,144.55792919263362],[188.43722404974284,144.2491545259945],[188.43066628673037,143.95955081969936],[188.05695624222787,143.6809777536607],[187.74768110791885,143.45211732875168],[187.318240560116,143.36700716413273],[187.07559685315303,142.99027233735487],[187.02902422420166,143.20902645657992],[186.85484048527053,143.1138103433243],[186.6854742830124,143.3032698990719],[186.67774173252647,143.66728627696557],[186.66776710265376,144.30133584751155],[186.6587742192259,144.75908713058527],[186.47675086886602,144.71906836429457],[186.56578552670325,144.99552380018352],[186.3333962248149,144.90865502832227],[186.32445556183615,145.1029008357578],[186.01038945581357,144.4824068359604],[186.0232823346078,143.5532625713405],[185.76402825734502,143.54078814073893]],[[185.2683389210866,147.23581882488182],[185.27408687834526,147.23604911655875],[185.2681653537407,147.24315562992535],[185.2683389210866,147.23581882488182]],[[185.26596788997034,147.2521839877679],[185.26576744912967,147.24947480658756],[185.26649219565203,147.24958824989142],[185.26596788997034,147.2521839877679]],[[188.9102362902952,150.7025312096449],[188.90957191383012,150.70400959522073],[188.90958211036087,150.7029948781478],[188.9102362902952,150.7025312096449]]]]}},{"type":"Feature","properties":{"CC_1":"NA","COUNTRY":"India","ENGTYPE_1":"State","GID_0":"IND","GID_1":"IND.34_1","HASC_1":"IN.UP","ISO_1":"IN-UP","NAME_1":"UttarPradesh","NL_NAME_1":"NA","TYPE_1":"State","VARNAME_1":"UnitedProvinces"},"geometry":{"type":"MultiPolygon","coordinates":[[[[132.02457404637732,140.68253323313405],[131.98537278834874,140.53196988922002],[131.74697242430932,140.36261011450404],[131.68973845750736,140.14828233817792],[130.98610768668698,139.9718448759914],[130.528851569378,140.2023131894017],[130.49057694595155,140.19477321948312],[130.48934705197584,140.195298487477],[130.4652246279202,140.20560078795188],[130.45668486928975,140.22374489369605],[130.45356882700537,140.23036543218637],[130.44563192089828,140.2984014993095],[130.23665825965074,140.369876725163],[130.28598796049968,140.5038422286608],[130.103940029912,140.50787352651105],[129.92768179084592,140.73697312892386],[130.10424927054962,140.66413093150726],[130.03542580134453,141.34739175452387],[129.9298276045412,141.31863904610339],[129.96081346594755,141.8907536374524],[129.86044836886506,142.15708953531077],[130.20400340716134,142.21174739535104],[130.18199121442026,142.44751406062062],[130.04163143767556,142.41807159957378],[130.0472483507082,142.65350162833835],[129.779751611822,142.58837630322333],[129.65468337498368,142.85756477534048],[129.09557143120261,142.47001262691032],[129.04986050263082,142.5949263965287],[128.76015448475215,142.54914125759967],[128.7098758586974,142.68285297396278],[128.59022797662232,142.539442047457],[128.62804271047534,142.09988087075834],[128.1220825124646,142.12920715453393],[128.1321276554528,142.42972797317265],[127.95738810296366,142.49159410373406],[127.85135090385273,142.40188873572617],[127.88939338132462,143.00554787730619],[127.56487040352185,142.80995108023473],[127.73253999785152,143.0393552002612],[127.59367976510644,143.1659733511285],[127.67299301636474,143.26765638403674],[127.26568887087518,143.1187376923512],[126.79633584197555,143.4343577621638],[126.58499136668226,143.3356333978016],[126.3011095529178,143.6705330777211],[126.27424808707855,144.33201832108878],[126.25852516890698,144.22063380420227],[125.48339621667402,144.57933190143896],[125.32464948578563,144.5342136602426],[125.22036563612426,144.73583166803672],[125.05026878949116,144.61620742515703],[124.92280873485859,144.74703369006497],[125.0993582584244,144.8702504792338],[125.03084233181892,144.97909990536675],[124.95797748850643,144.85823077240912],[124.91847233739222,145.05921385565546],[125.02433549304536,145.0967525628118],[124.90258392359216,145.32107924905694],[124.53522502039075,145.34104267928612],[124.61003027158507,145.11009008768912],[124.37221879974976,145.08297996767377],[124.52931368320846,144.9101723445575],[124.41769307377496,144.73840626799756],[124.03981079157114,144.93378974106872],[124.21188075865385,144.9417177818312],[124.17629252240536,145.070935548148],[124.06561263774165,145.0188265929462],[123.80831436404888,145.2710370343294],[123.64125735307606,145.25585894588033],[123.63801728059482,145.0018446528917],[123.60442479965472,145.27930868330697],[123.44040616128017,145.28666747248297],[123.32868001629171,144.94805659235885],[123.40196217908286,144.7649678038098],[123.23678864703342,144.51653171470213],[123.30590861171866,144.30175270164935],[123.12485739834445,144.4251797417145],[123.09607542520808,144.21815057062952],[122.79408071379672,144.49032250689044],[122.52470868062773,144.56622963605372],[122.582252752978,144.48100244462873],[122.3273710253218,144.5290299254855],[122.23563981260044,144.6950833002681],[121.71062009524564,144.7450057356762],[121.62667062021535,144.85405730516433],[121.82644776432383,144.90367744814222],[121.6857313316386,145.05516943277433],[121.82631054980195,145.14870507835263],[121.74346975054209,145.37783306412885],[121.83760559480775,145.4184025451048],[121.52478557504872,145.582672141283],[121.59770435334633,145.3051275480727],[121.4386807470253,145.45667867185665],[121.0519188277874,145.5185805744327],[121.45423846535192,145.18538981517378],[121.05569621708074,145.2558030921356],[121.04265473917172,145.3460758598817],[120.70250323555685,145.49791595008304],[120.80146999931267,145.5231398749182],[120.6096149849149,145.68035101173513],[120.64214805314522,145.52704836936584],[120.765742777972,145.38124194919726],[120.56367977128221,145.4897276046479],[120.5184872242509,145.42558256650182],[120.19939080781836,145.6089401542207],[120.3509992820996,145.3945459616532],[120.13166082241383,145.5119191977758],[120.12042908974294,145.52638318729151],[120.10075472824914,145.55171941694658],[120.10936238224986,145.5628640989066],[120.09826590707732,145.5688972355469],[120.0892263267975,145.57381204156871],[120.06816278349935,145.5755168273374],[119.88245554125676,145.4807898796404],[119.87815171082727,145.47420109418553],[119.87569917789898,145.4704464822066],[119.88280131215777,145.45734366239574],[119.96917658295536,145.39106731007553],[119.9477000947567,145.3799037933395],[119.72911747023255,145.41256757517576],[119.6919936340841,145.42165937056473],[119.68694153799893,145.42400327840429],[119.67913844710785,145.42762350367389],[119.67469760879851,145.42968381993717],[119.67048595116964,145.4370288439185],[119.45586879348173,145.56506121229108],[119.64729342237241,145.88021223161246],[119.90109580258357,145.91030513877044],[119.71232728782186,146.1739514269131],[119.31059026417844,146.39599724537257],[119.15662324539618,146.77956859581712],[118.89468938031999,146.96019054923278],[118.88249062483206,146.88809288921414],[118.66141160670023,146.97798727259632],[118.47786640107374,146.77764486183708],[118.05846937616332,146.89596851492976],[118.05785374892992,146.6611492881816],[117.83570334247065,146.7259992516466],[117.76796626618614,146.62129168072602],[117.69298054817142,146.71390498467957],[117.46501404822698,146.71154324351374],[117.71061985041284,146.36769958258176],[117.60431411173222,146.2989570954979],[117.69330766127695,146.21790346657977],[117.62036988268235,146.2327468266955],[117.0802728918414,146.53765079313632],[116.35169632244809,146.7125910780473],[116.13053169992273,146.92024157545112],[115.86808826390401,146.70440566280425],[115.70297807582854,146.79462820194442],[115.70504363806873,146.90987493754486],[115.54076045268567,146.8769098134867],[115.42067821828144,147.0098344792655],[115.42011457638759,146.93771386821473],[115.22442973800239,147.1627297913564],[115.30595116381504,147.2575105429066],[115.4268947439802,147.20478083748037],[115.4800783659771,147.39420560046835],[115.63861978339754,147.33655159266044],[115.4340074545891,147.4449837175781],[115.3314340762494,147.3993257084283],[114.99681893157407,147.53988654465252],[114.96499120156189,147.47544040462355],[114.8207424606489,147.5713945122427],[114.85977448382636,147.66519542418158],[114.74750125884907,147.6936009487703],[114.58658276777084,147.7265876459225],[114.44932123281467,147.59265281518338],[114.47307078178457,147.56816078644482],[114.48979030037881,147.55604920549433],[114.77000858037403,147.495832483457],[114.78907852476968,147.49719088843943],[114.7977167536967,147.50112075231812],[114.84433765841496,147.52233040200312],[114.92424982172847,147.31629481286183],[114.56982920165566,147.49323334446026],[114.8795228107057,147.19800692582885],[114.84626235643807,147.1716937481226],[114.84300612353132,147.1594401207575],[114.84126223772243,147.15287765195362],[114.83247938873149,147.14757637645204],[114.62662321208202,147.16141471809817],[114.58902839496628,147.18885760066104],[114.53781706890626,147.27558991977665],[114.48667300428312,147.28329912317145],[114.46104674775174,147.28716189835956],[114.40873526417957,147.2882231215507],[114.5194742987515,147.16367201802422],[114.2210295502254,147.29908361890062],[113.97849649959211,147.23533446002824],[113.95694344253377,147.23796527871838],[113.94029337383961,147.2429867806094],[113.92255217410664,147.24833735721342],[113.91062880825586,147.25193333061554],[113.8749991028974,147.26882869225489],[113.85218393297518,147.3892667167906],[113.64152025803966,147.49706933767254],[113.36571243835265,147.41432686439043],[113.46322393613588,147.61027884444283],[113.18326379786785,147.77556707702752],[112.98623281833511,147.7214386143425],[113.17348025694965,147.57576554570082],[112.76249055251185,147.65677290563934],[112.72167957669501,147.64049763961216],[112.69085326375587,147.6203438674034],[112.55105790427305,147.55219160286276],[112.44453598874594,147.80100366879864],[112.60955073158394,147.8367980874053],[112.66236358699746,147.8334079799164],[112.75854225037929,147.79320568314125],[112.79859152113912,147.78693585402453],[112.82836842939835,147.78663235147621],[112.93739566413711,147.83019326483364],[112.77525474879256,148.01358827213704],[112.73246566603575,148.007677929302],[112.72453093316705,148.00658192563617],[112.67378435877133,147.9792688625402],[112.36498916220509,148.04137797140763],[112.27971521936294,147.74398361777133],[111.93384900135041,147.92660900222836],[111.87133066985913,147.94149481669297],[112.29723191447073,148.15138083244682],[112.71710475718086,148.13950733280086],[112.42165144119411,148.09411852380268],[112.88920534912333,148.06871275227934],[112.72182558164167,148.24801273014208],[112.39506270143248,148.2966053394086],[112.5251026953639,148.4090997448418],[112.40175222684681,148.50333179310655],[112.52350767535337,148.50420145348437],[112.11307231089282,148.59672569515283],[112.15735015967986,148.51016468069506],[111.90019424675778,148.4707939541414],[112.11165814917513,148.36527599563078],[112.01830203994783,148.2812125031066],[111.88708274879951,148.32365738296406],[112.05977615931832,148.3353837403674],[111.38109271967771,148.49970521161492],[111.35934891138294,148.39527536856232],[111.8984412086684,148.28210972242027],[111.54977375026176,148.26752598999556],[111.69880381816583,148.10719357039554],[111.07943875786103,148.21258117355057],[111.01686644434592,148.30216661689772],[111.26373752707767,148.31174739952075],[110.86754066808732,148.35644199417573],[110.89859564471126,148.28114786682042],[110.48659537384464,148.23766248592756],[110.63104294016279,148.14705278389377],[110.34146830544054,148.19854035681914],[110.4597367027296,148.09103439670136],[109.86178975792129,148.004935484348],[110.68684788156526,147.9038179767917],[111.02138458796186,147.47212176610856],[111.31595058775778,147.3627067266521],[111.30502963231528,147.11443666622773],[112.23192256557611,146.79863826224152],[112.44095923581027,146.4000957452589],[112.30798165149135,146.2758254890561],[112.60522661904551,146.05120820169805],[113.09732791145088,146.1168896034936],[113.82433624135909,145.47800026199582],[113.47332093424788,145.54824315508083],[113.977329024764,145.2750223391732],[114.01832673567338,144.9634519097665],[113.74852955782356,144.9102691113592],[113.67975159254166,144.74992789853334],[113.22399068336765,144.74617292177908],[112.92671048650921,145.00998112359673],[112.42091916364706,145.0700971773516],[111.21071678286899,145.6490786723355],[110.92774065860839,145.45021306407966],[110.43404628386013,145.54431967167068],[110.38317052986497,145.5655675556066],[110.37515102059555,145.5689168445861],[110.37154431499252,145.57294503657027],[110.34607622020596,145.60138938067905],[110.28835866974924,145.62666298711665],[110.27408495086505,145.63291322384055],[110.25545083563536,145.64560398775376],[110.24752318106925,145.657284445546],[110.25086232122499,145.6653804050425],[110.29666801469402,145.6713549473522],[110.32202905432692,145.6832120329563],[110.34419574781916,145.7042887659439],[109.40204565574733,146.27971511781874],[109.6086546197312,146.29349329213062],[109.56613092205558,146.5792877067447],[108.73740802132308,147.22821902294737],[109.56407376559017,147.38558607157248],[109.46201134007339,147.60757528085617],[110.1044787020003,147.60368093967182],[109.9344024113924,147.6934303917336],[110.06418700145554,147.71690986266742],[109.12752985247647,148.14046959343608],[109.23935719746538,148.17484555353406],[108.98878931431871,148.2785710011619],[109.61122010250133,148.46333442222817],[109.48414091505813,148.5974291238205],[109.90753336074425,148.7037249329196],[110.81688093473932,148.68248505169828],[111.64616379653107,148.79549306266478],[111.66918830477951,148.935354975741],[111.30553871106572,149.1567697168066],[111.7336243819725,149.3393559643521],[111.60167334738584,149.34491417084837],[111.69739902109991,149.380770355123],[111.923647780294,149.2695950541899],[111.87197213309659,149.46171254817727],[112.07631369126867,149.48153326527807],[112.04147818875802,149.61080242166747],[112.30957235548351,149.70751960090885],[112.42548910809886,149.93535571047622],[112.7347487892869,150.08592350347357],[112.41883989670879,150.20526368771561],[112.73681443063096,150.2397559211529],[112.60144869474368,150.34387469080042],[112.8147714062992,150.34944233451876],[112.84527824446036,150.44559805511767],[113.04483548233101,150.43552286114567],[112.93605575185033,150.52900244512728],[113.24891208240203,150.6141923939106],[113.43457674513017,150.87792921071213],[113.14464437526118,150.8688959403539],[113.1937937375996,151.1747084912132],[113.3962506184579,151.3871503885671],[112.99797330076761,151.3066116649573],[113.05957432741917,151.57537567469598],[112.63530891728715,151.78713157531652],[112.78056961034854,152.0072341202939],[112.70474346782748,152.39416246662432],[112.64410690240928,152.3529188543876],[112.6346904294428,152.3443443083916],[112.6038559824234,152.31626676968145],[112.58617743416977,152.30016886065724],[112.49181743970378,152.19275844915114],[112.50611878588683,152.37566089885502],[112.035692288272,152.23189828802376],[111.72461422662087,152.43925091102375],[111.4953378300439,152.32345491862569],[111.3618268194122,152.415050689981],[111.2519535064264,152.3016268130684],[111.25108663879641,152.39708364365302],[110.57388767866243,151.91388471562686],[110.21005199635721,151.85496565568133],[109.21903063977825,152.0694763940905],[108.66095325600322,151.91083755821842],[108.61983406275982,151.8202087798122],[108.28756985687798,151.77851442218136],[108.29905284681513,151.78740274014643],[108.2425022490246,151.8804133694073],[108.64121853295116,152.1101488501428],[107.77938574079394,151.98118607450567],[107.75639530747178,151.9716321166865],[107.74799286101538,151.96528764781388],[107.73492351041253,151.95541932095028],[107.73201144851969,151.95322049872266],[107.7364724528238,151.95081349157815],[107.76765626512903,151.93398776044376],[107.64025048371882,151.81480058882582],[107.31080916226463,151.7735290184542],[107.32104340580467,151.6677774343803],[107.1288999021607,151.59685839628622],[107.1363692411651,151.71684182721546],[106.50362701294983,151.6209227243183],[106.40761703878441,151.5078586501282],[105.54585817852323,151.49730214169386],[105.0323495830441,151.22856471880684],[103.63569750241035,151.25009388709904],[103.70366498645323,151.12253731744147],[103.16074838236304,151.13389391387324],[102.99465723353457,151.26286767077696],[104.63942711212428,151.38685238368117],[105.4762266133786,151.60848879609387],[105.61965853705577,151.7124182058443],[105.3973280685828,151.62609684054397],[105.12804652163689,151.71023261391176],[104.98315634571682,151.61992753151435],[104.07885721365317,151.5477586027061],[104.17007128505855,151.6365221650259],[103.99111942666065,151.61722442627172],[103.89037933395508,151.6036165061328],[103.86954168772309,151.60241781523908],[103.84362561341975,151.6009269864802],[103.83286630345248,151.60030805444075],[103.81637950411076,151.60181201904942],[103.73560818421753,151.6091801688037],[103.76293212524732,151.6227022122922],[103.76709481056685,151.63524144616488],[103.76091711369568,151.63638091311816],[103.70978071008948,151.6458129463229],[103.60929733229207,151.65081634348044],[103.64049531408979,151.65598172273172],[103.73241751953417,151.6667988048701],[104.51313982845065,151.80834358215787],[104.6213131103257,151.91846695253213],[105.23796938041811,152.08359047143068],[104.61166315343482,152.2400345175996],[104.823361529343,152.37094877834087],[104.47049845607653,152.27761726258754],[103.06817050133225,152.29937939056552],[103.23587721952929,152.4080191562593],[102.46920733545097,152.45257586472545],[102.68063118222412,152.6851099650222],[102.2769361380897,152.68019160629635],[102.67530645234164,152.87145789341878],[102.5760391703083,153.00416931281308],[102.18947426514728,152.96236336853562],[102.22579146241034,153.18518614363785],[101.92385495117513,153.18373188319282],[101.8886155009746,153.19254740805712],[101.9125665940154,153.20193960508558],[101.97821889258968,153.2296508421896],[102.67319395894833,153.5265654239289],[103.62991385442075,153.75126702588005],[103.69885612832806,153.97810671139973],[104.14047038555594,153.98339963221594],[104.47462882465878,154.18285151409907],[104.53384908153338,154.22817480685555],[104.60408737844992,154.29591709827162],[104.85653071131675,154.50705258537732],[105.21986214749776,154.55772569352098],[105.66131973913805,154.82471599151188],[105.34847931047543,154.7716730007584],[105.82802353345151,154.9946268620661],[105.36171549116426,155.18577414321402],[106.5360698423612,156.52786706978014],[107.36684300618283,157.06944272385473],[106.62039918466307,156.7882103941617],[106.83870425737325,157.1468131256536],[107.33011265012206,157.3114729907718],[108.09012170292044,158.02937163981545],[107.18412852533544,157.94812539638014],[107.68414134268492,158.19046460947754],[107.91391735157906,158.4332888161453],[108.0974107426938,158.63274910286114],[107.97612905005623,159.01774239780133],[108.8815596909732,159.77906081651184],[109.33936762556206,161.29342816267052],[108.42783177529803,162.24837162874104],[108.33867350844905,162.34047945876623],[108.29135816027372,162.47198361765766],[108.00578982618198,163.04430785785223],[107.90676116423734,163.26459664879647],[107.19436015314,165.80804157535007],[107.34650516497281,166.9563438928808],[109.24039944582424,168.70709459446186],[108.65687951490666,170.725536837898],[108.94622439417243,172.30649149522424],[109.17147837669205,174.61408769009833],[107.91528598636974,174.78522367163353],[106.65657327365275,177.22753289750815],[105.08958631186022,179.09288997233296],[104.50055775770534,179.1583501583323],[104.34162791620767,179.22936412459018],[103.94388385057505,179.38237193840004],[104.28651642537967,181.37556760172998],[104.11221260606565,181.5764097837395],[104.04952944897946,181.62110013458556],[103.8579428206405,181.75637537262958],[103.75586909055355,181.8289528706933],[103.26128553079408,182.04437992786598],[102.892320784998,182.55955060628912],[104.59760938038234,182.32642116513205],[103.33777247567583,183.4738570223191],[103.95727611970331,183.6992994311358],[104.31121782308288,183.84995347996036],[104.30345450700467,183.8584074098995],[104.23728302943007,183.92775611312027],[102.45819660167189,185.1928834255343],[103.19172596728279,185.5031729316583],[104.06169444762168,186.46626954064868],[103.60941543608168,186.5594086027361],[104.10403366949595,186.66066019252295],[103.88403897066051,186.80108389633756],[103.18509369779485,186.94564208949197],[103.57164391460317,187.1204956268356],[103.26355955063767,187.13917496558392],[103.96976274336654,187.6802943206417],[104.1347740836892,187.77163462523896],[104.18750207540873,187.80025504255454],[104.22875910021409,187.8271814015652],[103.99795403484659,187.99834397550418],[104.4706837760545,188.25858251330504],[104.87820361912581,188.84310494113936],[105.203495029392,189.17169717539588],[105.49850105692875,189.73721253060785],[106.3064413786483,190.3916804291737],[106.26759474833635,190.46923660408675],[106.28794146479873,190.50771875087378],[106.29369695161016,190.5339729365058],[106.3109389729137,190.61262401204573],[106.2673936506146,190.6348619050016],[106.26881337836191,190.66298940151583],[106.28274672905543,190.69847979772294],[106.32925559461862,190.81694506155583],[106.58627045540402,191.03921845220057],[106.89126739042075,191.8799883779441],[107.03437951095661,192.51434377415023],[106.9841930212998,192.68880379890356],[106.94151908692537,192.89910855497104],[107.10240645967843,192.70710177040343],[107.39278156963813,191.83901594535826],[107.75366814912435,191.48368666501386],[108.50339609016373,190.7493767907458],[108.31772894205453,189.98052114117277],[108.18445480880501,190.10026081608942],[108.24520329093704,189.65673297292102],[108.0952338431586,189.5158447970304],[108.3510913357808,189.03644046556695],[108.2999570891533,188.8367753300598],[108.3265007470457,188.8033895482796],[108.34585228578237,188.78529377462036],[108.44585339663442,188.69178196182534],[109.11302211691088,188.03902758576348],[109.37726284290542,187.58792852302514],[109.4149500623184,187.5565458231515],[109.4257260390516,187.54757250941458],[109.45654213228107,187.5313341920307],[109.58615065459995,187.46303791886567],[109.77319666663507,187.2557830037107],[109.94545978107978,187.13754689019243],[110.04259982554017,187.07459407128408],[110.6838438403912,186.9313785411],[111.40892116669363,185.83475383911681],[111.35998798586706,185.7654436372756],[111.85374073716403,185.19332043022322],[112.10546038243072,185.05689140498208],[111.94891870301957,185.30387980330963],[112.50700280730445,186.02837010766714],[113.55716301206006,184.905688459133],[113.8926772384548,184.36549406076904],[114.00027253240339,184.17481872249007],[114.06192217643869,184.06805963299746],[114.698477145352,183.22015308734012],[114.93291030148231,182.95458121180033],[115.0112205189959,182.8658693944009],[116.02926896578228,181.70904847170024],[116.1202756601162,181.59002246437817],[116.13510236611253,181.56964026801865],[116.14736324154782,181.56496393410646],[116.15859304683303,181.5606808533787],[116.18049155994349,181.53431716073314],[116.36482501099836,181.31239750694718],[116.40098331469375,181.28752417794016],[116.47788179672452,181.20130664804444],[116.49744911837811,181.17936803371688],[116.50246707633785,181.1776021223091],[116.57528058811204,181.15197771251673],[116.61025747105185,180.49491902900394],[116.47423728817247,180.10006633693445],[116.4570689876295,180.2528387072145],[116.32276415621698,180.13429369528694],[116.7275658735174,179.12865798505555],[116.80433299000552,179.14285386547633],[117.14334432331488,177.85425316859602],[117.30077081379841,177.79036370784428],[117.50995615524829,177.13169104506474],[117.45351014162094,177.67686843702646],[117.91248841126178,176.82289267748962],[118.17005771808883,175.47972906260725],[118.2526193094096,175.5555558199263],[118.60041828097727,174.5380590595929],[118.737259444515,174.66752012032026],[118.92334450606052,173.47009926258517],[119.15465583733702,173.47707004070193],[119.2113786442094,173.74398091451656],[119.27264839317306,173.2831438795981],[119.27911775298257,173.27325479920597],[119.28382529313146,173.2790175284753],[119.30939439471607,173.3107905899966],[119.41699867040496,173.46871331094474],[119.55950729779792,173.24124765242385],[119.80517712637214,173.6009598990675],[119.92432358424546,173.2302855711203],[119.83816516762832,172.7281557884509],[119.99484780370841,173.1357786498943],[120.14817328403137,172.86946572990075],[120.02845871518102,172.77009302401154],[120.23278753581576,172.71285415298811],[120.3056047940729,171.93096528632722],[120.34283625565791,171.88107774726802],[120.38241390297878,171.84172752469902],[120.50260267252,171.84337722986766],[120.55522733869458,171.94932854278593],[120.56349835905071,171.97263890613192],[120.5686619927119,171.98719166644966],[120.59477004190484,172.06077244448358],[120.62156607230072,172.1601818552872],[120.64873138353528,172.2634729499215],[120.65950193618062,172.28476338024123],[120.66078855746771,172.28730667785675],[120.66442727416671,172.3010029767775],[120.62165786732572,172.60794631213224],[120.754919505583,172.81740412961904],[120.90251563683961,172.77449262791487],[121.23583651710231,172.10253633966693],[121.34233316297679,172.0978491413578],[121.7929441426927,170.9606418036152],[122.03269957873373,170.97114470109625],[122.36120540561815,170.23919149868715],[122.26214582292437,171.17668949862167],[122.38577616615484,171.36151366378473],[122.5766325960957,171.24155902874386],[122.58713140322365,170.98023963523298],[122.87752506794982,170.88364213211923],[122.98257879570434,170.42284161579022],[123.27880351015918,170.1985527010899],[123.35492179689433,169.8922276898526],[123.81167069328353,169.5637788617675],[123.83816034845603,169.24115898029248],[124.062359879024,169.18967990074384],[124.01241638547788,169.0584091687548],[124.19432438158931,169.14156834691073],[124.25687913573364,168.82720322200458],[124.8726681879226,168.31573846912087],[124.95218593116299,167.73297232349103],[125.29310530792736,167.0182694757717],[125.23630057711847,166.52319075391944],[125.48078750035198,166.61602980858692],[125.51528413620748,166.87152071624072],[125.81379629059252,166.75227318073473],[125.90737675006478,166.18220234182758],[126.79957769492032,165.50020269986643],[127.54238082172932,164.57413976417416],[127.72161790599264,164.59814764933168],[127.93509615696449,165.10586334722151],[128.37671046318115,165.08968084917268],[128.57678204811327,164.6874343252615],[128.71008155902223,164.70638661573722],[130.07212758609768,163.45755003317203],[131.16019831994114,163.88521003549212],[131.3272500111095,162.93860696782252],[131.18994223213943,162.31667550304454],[132.1172749075428,162.44548863809197],[132.21995106836138,162.22350948478612],[133.3261156626026,162.2997840515672],[133.74163912480716,161.51094741215064],[133.91562403971895,161.52863995948078],[134.33846036296197,162.16875961052182],[134.2874181513258,162.6384403038216],[135.34539907698218,162.74075297297435],[136.4050816698985,162.07292055318712],[136.25040015493394,161.8793412974236],[136.2446443558666,161.85840212380566],[136.24669177576914,161.8524155550894],[136.2500669912748,161.84254656850277],[136.25225921489493,161.8361365998752],[136.27789494361872,161.8268792680485],[136.44640750714305,161.83161353010678],[136.52698610533955,161.91862760116908],[136.54524885496758,161.93138278799302],[136.564055433835,161.94451779952513],[136.5754116983344,161.95244931467275],[136.62483434695594,161.96290271610664],[136.69024093227307,161.7870181854311],[136.65578759971638,161.71179662566487],[136.64952640805495,161.69812663882115],[136.62510889929916,161.66821755637795],[136.58863035899157,161.62353487886256],[136.57188388129993,161.60302206623595],[136.53161229631422,161.5669996854169],[136.88589798981948,160.94680918702304],[136.60842896037377,160.26669852861673],[136.9965505657185,160.35034151304075],[136.8394678185982,160.15113247797],[137.057788738324,159.99840773243568],[136.9231752653826,159.0349228004743],[137.12208529628793,158.86909718785256],[137.19101061382185,159.02715629726316],[137.36612668255248,158.97265421452192],[137.28012889153018,158.75503177728876],[137.45986350377248,158.65869181334435],[137.73060644923146,158.9362623350277],[137.79607859301817,158.5431081233388],[137.59481998814132,158.18045153800105],[137.66738646668318,158.0157476974881],[137.94198963834742,158.21519142782816],[137.9836870234438,157.7829840947361],[138.33372552574397,157.75927479052123],[138.33426888258276,157.47924601146767],[137.61440112626872,157.1795845151484],[136.75681194404865,157.3151664379718],[136.46007548591334,156.6361076031198],[136.0902735102242,156.50293275733424],[136.00266582387817,156.340870251291],[135.72732357866911,156.35603248085516],[135.63775372797767,155.91199601011866],[136.15551015976095,155.9836869110662],[136.3879771042752,155.6114910294334],[136.82858114911605,155.61920971127876],[136.61216880135626,154.75486357782557],[136.4114405633191,154.8226023888816],[136.20788318014414,154.51546850763077],[135.90976802695718,154.58785533124356],[135.80122448689275,154.15421050706811],[135.93066212991732,153.66062344626926],[136.124556609259,153.67622183169053],[136.40646933561405,153.26051353200145],[136.36370924365391,153.02786482471427],[136.54202044974738,153.12171048081484],[136.9245956993995,152.85131759537808],[137.22652094581036,152.98251462367523],[137.47973533411323,152.84885811903948],[137.51844565347267,152.60033551562265],[138.06015260207306,152.49664751924422],[137.97402565151992,152.30829928053723],[138.39736492711097,152.11664665828286],[138.26870061645835,151.8823151341195],[138.38770418231775,151.69397348691484],[138.02735413274263,151.67657932899047],[137.95801645210497,151.32781346330566],[137.92051458250864,151.59270820048494],[137.7751595571016,151.2524207246012],[137.4803290109818,151.4316240613333],[137.2345918036953,151.28866626945566],[137.17715366356072,151.59274702345613],[136.93374914730512,151.5201526215551],[136.79681936910754,151.0287998003743],[136.21790013026498,150.91902523664623],[136.0231502911422,151.25959883020084],[135.61829791626218,150.9490620375153],[135.60115690855358,150.56953949869552],[134.87053315449225,149.87173885374156],[134.34805231226866,149.04785459395367],[134.48436472122023,148.9684253923019],[134.08699943378147,148.56993602635083],[134.01668487745047,148.67912917170366],[133.47940611019305,147.99689977853214],[133.40014067531834,147.93449792037129],[133.38603245019888,147.92339119441684],[133.37358825337745,147.90251491779273],[133.36552879598327,147.86618045300847],[133.36340107808857,147.86582823446025],[133.33911125756197,147.86180734177333],[133.20821555986157,147.82991916119838],[133.18898421679233,147.80869571231133],[133.18256274073545,147.79127997516622],[133.1219650525078,147.64075167696103],[133.08227332311213,147.5828501961998],[132.72638706098925,147.2697014607699],[132.38983787898115,146.69374043672508],[132.40022375242233,146.68587304112867],[132.4093266037511,146.68600165245837],[132.44059774022168,146.6864434725316],[132.46299598352724,146.22282308737218],[132.31162188884457,145.6158045369956],[132.32595180598213,145.5380369767786],[132.42279205719825,145.52645091062212],[132.51153342266355,144.06475530256517],[132.85970526216283,143.85005413982947],[132.97222246442954,143.5176674217741],[132.89721498790942,143.32001011116176],[133.05347520927242,143.22138943977455],[133.06446474374332,143.20664996267274],[132.9037415692922,142.6528455734814],[132.50032416150452,142.4344216371329],[132.53415870074508,141.9802349670631],[132.7239085995911,141.87058879025125],[132.42483319711954,141.63326159328483],[132.5212685544183,141.5244726523975],[132.18319943765175,140.84599126637386],[132.02457404637732,140.68253323313405]]]]}},{"type":"Feature","properties":{"CC_1":"NA","COUNTRY":"India","ENGTYPE_1":"State","GID_0":"IND","GID_1":"IND.35_1","HASC_1":"IN.UT","ISO_1":"IN-UT","NAME_1":"Uttarakhand","NL_NAME_1":"NA","TYPE_1":"State","VARNAME_1":"Uttarakhand"},"geometry":{"type":"MultiPolygon","coordinates":[[[[119.28822621853544,173.277392769951],[119.28382529313146,173.2790175284753],[119.27264839317306,173.2831438795981],[119.2113786442094,173.74398091451656],[119.15465583733702,173.47707004070193],[118.92334450606052,173.47009926258517],[118.737259444515,174.66752012032026],[118.60041828097727,174.5380590595929],[118.2526193094096,175.5555558199263],[118.17005771808883,175.47972906260725],[117.91248841126178,176.82289267748962],[117.45351014162094,177.67686843702646],[117.50995615524829,177.13169104506474],[117.30077081379841,177.79036370784428],[117.14334432331488,177.85425316859602],[116.80433299000552,179.14285386547633],[116.7275658735174,179.12865798505555],[116.32276415621698,180.13429369528694],[116.4570689876295,180.2528387072145],[116.47423728817247,180.10006633693445],[116.61025747105185,180.49491902900394],[116.57528058811204,181.15197771251673],[116.51436894530492,181.16612663113443],[116.50246707633785,181.1776021223091],[116.47788179672452,181.20130664804444],[116.43862754697375,181.23915463627452],[116.40098331469375,181.28752417794016],[116.36482501099836,181.31239750694718],[116.18825245672842,181.52713760993004],[116.18049155994349,181.53431716073314],[116.14736324154782,181.56496393410646],[116.1202756601162,181.59002246437817],[116.10937795610283,181.60010385339407],[116.02926896578228,181.70904847170024],[115.0112205189959,182.8658693944009],[114.96264985987645,182.92465328668905],[114.93291030148231,182.95458121180033],[114.90276647133201,182.98491596927562],[114.698477145352,183.22015308734012],[114.06192217643869,184.06805963299746],[114.01759704211369,184.1492826510158],[114.00027253240339,184.17481872249007],[113.9024856899913,184.34635074040492],[113.8926772384548,184.36549406076904],[113.55716301206006,184.905688459133],[112.50700280730445,186.02837010766714],[111.94891870301957,185.30387980330963],[112.10546038243072,185.05689140498208],[111.85374073716403,185.19332043022322],[111.35998798586706,185.7654436372756],[111.40892116669363,185.83475383911681],[110.6838438403912,186.9313785411],[110.04259982554017,187.07459407128408],[109.77319666663507,187.2557830037107],[109.58615065459995,187.46303791886567],[109.4887849176011,187.51178976419808],[109.45654213228107,187.5313341920307],[109.4149500623184,187.5565458231515],[109.39687231538814,187.56750390933263],[109.37726284290542,187.58792852302514],[109.11302211691088,188.03902758576348],[108.44585339663442,188.69178196182534],[108.36279623201926,188.76628741291762],[108.34585228578237,188.78529377462036],[108.2999570891533,188.8367753300598],[108.3510913357808,189.03644046556695],[108.0952338431586,189.5158447970304],[108.24520329093704,189.65673297292102],[108.18445480880501,190.10026081608942],[108.31772894205453,189.98052114117277],[108.50339609016373,190.7493767907458],[107.75366814912435,191.48368666501386],[107.39278156963813,191.83901594535826],[107.10240645967843,192.70710177040343],[106.94151908692537,192.89910855497104],[106.931502168754,193.00652919682386],[106.96561867403594,193.0567609049372],[107.38976414166297,192.98109306394124],[107.4011668816951,192.98259239356196],[107.40335334685223,192.98543656744033],[107.41173260023551,192.99633637689502],[107.41333735402605,192.99842385530616],[107.41496715930056,193.08145721277344],[107.23086651613114,194.09914908964927],[107.33508938221063,194.02288064075157],[106.797268725903,196.43911884324217],[107.02362176640816,196.06070603575094],[106.80313194236354,196.6159518477661],[106.63351202804054,196.7973050802648],[106.51088972961865,197.2043065959249],[106.81432496226125,196.73744552635586],[106.69055120682258,196.96194680019815],[106.69697552699348,197.12707711438736],[106.46781670513872,197.6904913949873],[106.56923844357078,198.05990346124423],[106.75648624803671,197.96398110757593],[107.0340281785657,197.51142466066634],[107.08910280827766,197.64687764231164],[107.64743884805688,197.2035427054807],[107.79357922827722,197.3151540324867],[108.07833244025892,196.96011394001573],[108.29415454175448,196.5709205983992],[108.7008286539393,195.84708642474288],[109.09689161418572,195.65205423241446],[109.57578420880657,195.01408989939887],[110.24425849000131,194.4906728427891],[110.75307631757738,193.62539590447446],[110.85365622455673,193.50349409298144],[110.9397011367224,193.49571879101933],[110.95662731196882,193.48658730467156],[110.97964607084207,193.46815390492853],[111.31436847783716,193.20331948470408],[111.30971284851886,193.21590676456447],[111.24097522046932,193.39966210940196],[110.77508384485641,194.23401032516384],[110.67771553221874,194.36147004197593],[110.65022831388647,194.44867949697237],[110.59211938982018,194.8922397001868],[110.81769177577121,194.83727161007042],[110.89607887565339,195.33815341759663],[112.17134448924955,193.4328948198409],[112.18566877115663,193.2140990741455],[112.84168903565883,192.27326653304968],[113.25411065733316,191.96558727373787],[113.62937654236613,191.38028287064853],[114.05778869159982,191.18296224266857],[114.76398205625767,190.3565176005174],[115.38293876149012,190.3358540077355],[116.16095295481657,189.9399788023135],[116.63451534637393,189.31656453174577],[117.34020067804525,188.78706523356686],[117.71870358961911,188.27387201148284],[117.94710600730306,188.39336603805728],[118.20048839829798,188.01393805821897],[118.36076739001392,187.96759673937564],[118.51142233138718,187.50934348190216],[118.3671376489216,187.44356970087773],[118.7132031847777,186.76504086661828],[119.26398211211719,186.47463971427203],[120.62860911386669,185.29818960425015],[120.75243918165862,185.47560771860304],[121.84413312598103,184.3022250627796],[122.13169729680347,183.8146309516695],[123.03479145103445,183.11015391721892],[123.06670029737516,182.95985035041892],[122.70640720178062,183.06549955864864],[122.52564316751263,182.66723641248748],[122.63247174581977,182.35993393799075],[122.25700400900897,181.94097667422284],[122.22258010284717,181.61220731289185],[122.0208329778048,181.39382206237428],[121.68558064956508,181.43266978945985],[121.64891783324066,180.77016540495998],[121.47724860394804,180.47267794836057],[121.12350191095408,180.5646215397319],[121.02838630143356,180.31145864898102],[121.3633653463054,179.34561416787525],[121.27882095209223,178.9295877300985],[121.1527083743355,178.9256221318617],[121.23265883685431,178.74907877517717],[121.02358355212107,178.42046265403485],[121.10342268175235,178.1720280757729],[120.89154832150973,178.19100164127204],[121.28913056540662,176.7722738984836],[121.27650538991952,175.79447181261224],[121.1393812136555,176.0999384751933],[121.24833744316555,175.31152193980392],[121.13778314505055,175.14027562515471],[120.96963961037952,175.39009670506124],[120.85993572228146,175.1189191992641],[120.84115748534975,174.02606501373396],[120.68245831405486,173.53478174703702],[120.754919505583,172.81740412961904],[120.62165786732572,172.60794631213224],[120.66442727416671,172.3010029767775],[120.65950193618062,172.28476338024123],[120.62156607230072,172.1601818552872],[120.5686619927119,171.98719166644966],[120.56553087396637,171.97695327222243],[120.56349835905071,171.97263890613192],[120.50260267252,171.84337722986766],[120.38241390297878,171.84172752469902],[120.3056047940729,171.93096528632722],[120.23278753581576,172.71285415298811],[120.02845871518102,172.77009302401154],[120.14817328403137,172.86946572990075],[119.99484780370841,173.1357786498943],[119.83816516762832,172.7281557884509],[119.92432358424546,173.2302855711203],[119.80517712637214,173.6009598990675],[119.55950729779792,173.24124765242385],[119.41699867040496,173.46871331094474],[119.30939439471607,173.3107905899966],[119.28822621853544,173.277392769951]]]]}},{"type":"Feature","properties":{"CC_1":"NA","COUNTRY":"India","ENGTYPE_1":"State","GID_0":"IND","GID_1":"IND.36_1","HASC_1":"IN.WB","ISO_1":"IN-WB","NAME_1":"WestBengal","NL_NAME_1":"NA","TYPE_1":"State","VARNAME_1":"Bangla|BengalaOccidentale|Benga"},"geometry":{"type":"MultiPolygon","coordinates":[[[[166.21000029964716,132.12619699073161],[165.14616182790843,131.87620834204444],[165.74313212480166,132.74262197306751],[165.62611091465135,133.08399366937437],[165.6870786359292,132.72001069015946],[165.11437478373387,131.91375142583252],[165.17618753307454,131.8159717972078],[165.4962404714294,131.90014078825894],[164.84253534843762,130.85425535629935],[164.76914926573727,131.26619240190126],[164.50036616818232,131.42309731387044],[164.9361164113381,130.32794070777726],[164.60643216663559,129.9948759588336],[164.6460500948067,130.4550800039743],[164.59567151020462,129.96365643779598],[164.63039340332094,129.08243321183653],[164.3197941214635,128.60134318775238],[164.41567872696456,129.00117794044587],[164.27950811654304,128.7450493482914],[164.06276407005996,129.21654584334175],[164.27014071760243,129.2137172263429],[164.0542839928373,129.21799919668183],[164.07809503166482,128.78731749590315],[164.2595423563498,128.7025945561374],[164.03512036014152,128.61768532294522],[163.85224200335057,128.04650215986698],[163.5690309682842,128.14965635572676],[163.83440839709758,128.59260041497782],[163.85170840194596,128.8662322302731],[163.61905267358586,128.9788101379224],[164.06761645429634,129.3286746964565],[164.21220274348008,129.77758259957892],[164.05060456202207,129.3178295309466],[163.8442523609554,129.28365839869426],[163.60033022226753,128.96807131197335],[163.82572969132488,128.6040271850291],[163.23924084636278,128.18312916314156],[163.40673464187884,128.77804465122406],[163.3838860310834,128.82117193332903],[163.19506639646897,128.76706171668616],[163.35728761962977,129.26328768197084],[163.18861578090105,128.74752079277377],[163.39369951229403,128.78831740368625],[163.27686031704843,128.37399138385135],[162.7586591408056,127.8166502452855],[162.61038773391888,127.8783595493104],[162.8281864573383,128.16707290459357],[162.55703853385455,128.45739100537986],[162.74111502503564,128.59427810493372],[162.54818872155306,128.46599959445263],[162.81597526454274,128.16401456702965],[162.59453268512613,127.88450665446918],[162.5965539609195,126.98386849340771],[162.3586910690038,126.86443608849146],[162.39990625353187,127.98279296548212],[162.3059526441425,127.36340639114486],[161.8446059559453,127.18937979589636],[161.930951667749,127.3724105599486],[161.3730652171737,127.05435115440697],[161.5261448216666,127.30150828266011],[161.35285152238396,127.05257362510623],[161.62730939580058,127.07661135012043],[161.94563503770505,127.10523925886874],[161.35668836404636,126.50940350767743],[161.61385817966976,126.35064995412736],[161.29103855891515,126.50883224863153],[161.61937472032037,126.33748871720245],[161.42522495340944,126.21006985443083],[161.535315408254,126.31814826319771],[160.91833466005681,126.28893039000387],[160.2859362718276,126.94072639620651],[160.45544324132928,127.41505335948801],[160.1959975832645,127.65594182162032],[161.10255118398453,129.15284744164984],[160.6934563067577,129.99200362378335],[159.26126027284585,130.12474141515594],[159.69343400332497,131.01220473752528],[159.03502377639262,130.22211053858263],[158.3326653764156,130.52783288556176],[157.6548850386005,132.46935644238516],[157.19324422193034,132.5331602490001],[157.72571930256044,132.15024337980958],[157.80223127076837,131.27556382959682],[157.74066137205455,131.44597706393392],[157.85081313547602,130.7084058326921],[158.39417849683184,130.1613788880673],[159.42102914511597,129.91332893903152],[160.0246980927066,129.84567549752137],[160.73901122874057,129.27652489120288],[159.19461451082543,128.13997514404068],[158.43065665611675,129.08944291674536],[158.09908101366187,129.04455415705914],[159.0855614691343,128.16672295464977],[158.2692502176333,126.88722142810406],[157.21504987253468,126.60608018972101],[157.31963369414285,126.65737090983602],[156.45523736134595,126.51869051883335],[153.32037879862125,126.86096442490684],[153.04183975672365,126.98096323270268],[152.9814092373,127.29586595559681],[152.6481873485942,127.51970683493117],[150.91034840854599,128.02596270778875],[150.82937668131746,128.05756203095],[150.8276539177897,128.0606818634676],[150.82432083503832,128.06671789788788],[150.80651454022947,128.06956324940512],[150.39840595497378,129.20999421775377],[149.6758516919109,129.4976655223052],[149.59490338409483,129.23494437390693],[149.57769655727066,129.21450097172107],[149.5656234183882,129.21356843824543],[149.4650097906195,129.20579700639877],[148.82692584942305,129.1253362539076],[148.89317683789662,128.86228470772062],[148.19814580819494,129.05209330471652],[147.85011171846372,129.43306509106367],[148.24109230002506,129.9273538851391],[148.06032575313637,130.33984484385036],[147.97204705856083,130.36132996630582],[147.9287100603943,130.38031978841627],[147.81970292041382,130.42591353968663],[147.41190947147396,130.77741418416093],[146.43741481242537,131.11277123067788],[146.11994927597743,131.6465046766301],[145.64805179593094,131.77374904466686],[145.70432770187227,132.21603927245533],[145.70710353121768,132.21417386426702],[145.77126768217988,132.16947903188918],[145.85830095687908,132.10577734799205],[146.0169015531095,132.1827387160095],[146.0458464092153,132.1762621086324],[146.06213663832696,132.17261705965888],[146.104552530229,132.1393247720407],[146.03559729343283,132.0692973289727],[146.18660991021045,132.00336249479966],[146.12907994050735,132.33866878176556],[146.1857040299855,132.1791461368003],[146.26457392267906,132.28917722945323],[146.72604453219404,132.0198719294084],[146.7460376842028,132.16230293830017],[146.73237831705734,132.2828043132185],[146.72568218775652,132.30181551017495],[146.37709714230357,132.62013883992307],[146.47712448214952,132.99523539737973],[146.15178985473796,133.21683521507418],[146.02742879445066,133.25637146720445],[145.9909288444166,133.27271047030914],[145.94604445356947,133.29280272251],[145.9003980519119,133.3047236120449],[145.87675286629752,133.31122499674677],[145.8356641041684,133.32899119853815],[145.8209489214041,133.3449204646587],[145.77494503362874,133.41197930098144],[145.65502038361026,133.68483167296736],[145.97711643846128,133.59364624841024],[145.78728565458803,134.35505171405595],[145.03055590917225,134.5271805379149],[144.96491788856656,135.1030249585581],[144.29970396444804,135.66748966207882],[144.06004651119076,135.57346485566984],[143.44366334997872,136.2738864969941],[143.85074259816435,137.01727949794548],[143.6428115194473,137.18875142806505],[143.9969605188148,137.44728808289878],[144.32562544760054,137.4240377890342],[144.54079170437657,137.8074673353138],[144.21182074311682,137.62460680906707],[144.2168784533144,137.80911748893712],[143.6136792577102,137.82312509778643],[143.4227325842209,137.64275746693966],[142.80822685739935,137.98969534952067],[142.2704583143978,137.97485581438715],[141.98687225017306,138.4747012993558],[141.5354736758065,138.6176220809412],[141.51589456088888,138.7810459779308],[141.03515729403725,138.6849526454624],[140.7226279331569,139.02587198891376],[140.72546115578353,139.38614618585615],[140.94171221577403,139.70202221361632],[140.91226327888486,139.91432463674056],[141.02515192369248,139.94558597097483],[140.91810068517225,140.1448671226091],[140.9716204682923,140.5155242884731],[141.25540815604236,140.50381924740321],[141.72124088401085,140.96118780499293],[141.56572036564606,141.2881182048776],[141.69416066961904,141.4764203065763],[142.186352958166,141.53607780056615],[142.13634838791387,140.9267543266312],[142.55944647024114,141.0534860457033],[142.47818990858565,140.8100827241294],[142.59302702517778,140.72506164745192],[142.81900535778578,140.89668864249967],[143.0603448746862,140.82844854285028],[142.97196437673134,140.93473975989374],[143.48746434165204,141.2585831321851],[143.40139866178632,141.3007801586998],[143.59620557733479,141.95830667791193],[143.99777344261855,142.3900426542433],[144.60399638724124,142.578650768394],[144.98488695691333,143.04990695714682],[145.9242626342802,143.64045159955148],[146.33760748183107,143.73804105246833],[146.54352567829886,144.63922406142657],[146.57416331857095,144.57065820087823],[147.02175821633145,144.8652224516657],[147.02741137922314,144.72579135176431],[147.20331852369605,145.10151301021676],[147.46579541979148,145.03448975468442],[147.67485346743427,145.18571028750583],[149.21717661106788,145.05539147283076],[149.3913565266622,145.20779655192075],[149.0896333774522,145.3737175291258],[150.02299347927618,145.46147210403123],[149.8627346177598,145.31884436055114],[150.17817706293374,145.40989814372418],[150.20445959347688,145.7523244639022],[150.33420651106655,145.58606187368457],[150.57432097907696,146.02118448523612],[150.30785799344292,146.06894350138455],[150.18392489779455,146.41051098070045],[150.97981762367863,146.43262679139247],[150.82599310617167,146.29829500330644],[152.00769739952582,146.271223667317],[151.79666770143908,146.4006678683988],[152.33658596958088,146.5336950225564],[152.21895653796213,147.04718191278033],[152.90733952397957,146.94425648798742],[152.83783463597877,147.05902902591367],[153.13663703330033,147.21255664148154],[152.81069272374552,147.33263025119706],[153.0883109924515,147.40617125081764],[153.13810959008015,147.41604109331152],[153.16479780797638,147.4166676024426],[153.27798676853564,147.4193247269312],[153.89726547115433,147.37893097170883],[153.90807453619283,147.58369095324088],[153.3320658838545,147.698471149987],[153.34183597391223,147.91573587667807],[153.47456224671652,147.84661729218624],[154.63079529831109,148.25169386910443],[155.13265604488942,148.8868502322474],[154.8964606766481,148.84467564185672],[155.26196940110546,149.32263032316976],[154.98677630010667,149.26055282679846],[154.94741653426243,149.62009972094884],[154.7258896465804,149.69481328347644],[155.52614839453526,149.65870077933536],[155.97877699950274,149.78490891456875],[156.194171967497,150.05783650600702],[155.76537752452973,150.01825761366047],[156.11048351108786,150.0723755432336],[155.89285529755375,150.1233038141181],[156.21763135404728,150.33623487262824],[155.8821073279885,150.38213469011353],[156.01701253958998,150.6590740569259],[155.32393117803448,150.68967154250984],[155.53339050905652,150.90766404459555],[155.60711033201633,150.78440473172915],[155.86144358633567,151.15211861668203],[156.12609721378,151.2061736470501],[156.08321018762123,151.34450520284406],[156.79142153940447,151.61705457802486],[156.8830976614396,151.8537193240367],[155.89735497958412,152.37703882906993],[155.70329161977864,152.41092126633774],[155.62060850194382,152.45487027149207],[155.61573160571268,152.46224814519127],[155.58508875004844,152.50860531748924],[155.94482545811616,153.2171881909517],[156.31275324562534,153.17931555130653],[156.267773235025,153.35321613638968],[156.64588667147962,153.7209004508975],[156.40353738478163,153.79357060548182],[156.2679963592268,153.8211757214915],[156.072976635004,154.22120851934736],[156.38315630580368,154.52476295715996],[156.53732704928876,154.47815340152877],[157.03373466467622,154.77565493854894],[157.24658675363492,155.1159848317689],[157.59477309060068,155.28857073718316],[157.63898951286828,155.32699558708632],[157.64788109136865,155.328963839493],[157.78756758756066,155.3598850400761],[158.72509047642723,155.2771725400234],[158.50390298590347,155.83112127747222],[158.85469245519397,156.17889157942568],[158.8049914470211,156.61478743704305],[158.19177494315022,156.6590597383738],[158.05004529228927,156.91699249599705],[157.74170010378938,156.8556317074524],[157.85855048101953,157.15146439838205],[157.68635295286612,157.23984190777344],[157.93197798111558,157.45509016264603],[157.24974365404526,157.42466429478094],[157.1511131384362,157.7338404893456],[157.1837919095145,157.79594755957197],[157.1885687093818,157.8050260235114],[157.27913898327535,157.84773200234974],[157.59713948681133,158.6746539995428],[158.21513156873874,159.12396612869566],[158.3359952816662,159.00435505971956],[158.61194301455063,159.20925235019627],[158.48822999316684,159.30157480812],[158.62302837951705,159.48636399997],[158.4980062900947,159.4992714671004],[158.6543831496739,159.77689452788513],[158.77304590569653,159.67622131305967],[160.94011961855156,161.42931737449257],[160.97467180101597,161.44869182273558],[160.9845026865979,161.46146974667573],[161.02393997337484,161.5127292844497],[161.1170864883531,161.6362448351445],[160.5850391711707,161.88097135006524],[160.93256439270345,162.14299694224343],[160.1997242137243,162.65623155849946],[160.63625218131114,162.9865049027548],[160.49996882286683,163.1612820815377],[160.49151780039932,163.01174397723688],[159.8184342936754,162.74416868816058],[159.6269346620728,162.8843878528517],[159.61019581336782,162.8848102307946],[159.63566774892652,163.07473706773573],[159.82687269788903,163.19033449312508],[160.4715742517438,164.73213413469978],[160.44211032809795,165.4619048500504],[160.14849513050248,165.90232180427503],[160.28423069653704,166.1369611110573],[159.68876757722353,166.18724451439667],[159.443485907387,166.41648728187164],[159.74987908683153,166.91460740263983],[159.86987345580826,166.9458097246503],[159.87103499276915,166.9459824704748],[160.1417774339136,166.92357288765322],[160.13054309749447,166.7350916476577],[160.13688525590817,166.71548143464557],[160.13891336226936,166.70921044689032],[160.14818006094944,166.70691447145884],[160.1634752117033,166.7031248489012],[160.17644465887872,166.69991145726053],[160.37630063343084,166.71129906589857],[160.52833663222782,166.71402611712082],[160.54876346018014,166.72215165591325],[160.56069898969193,166.73267234639798],[160.67875988950698,166.83673829370838],[161.5261571089057,167.0911195632094],[162.28679311946365,167.1269140541537],[162.9760809408768,167.491599409257],[162.9195874609095,167.5847905420593],[163.41445742725944,167.71359020900726],[163.74316511433352,167.6025887327429],[163.88702494159577,167.5698584485981],[164.0582636612679,167.61978099795223],[164.4468212375762,167.41199604412037],[165.61703648093322,167.10898833239833],[165.8599598387283,166.1453859651698],[166.25252111324463,166.33000772760036],[166.53949100911456,165.840813973598],[166.9286334566262,165.61944699558654],[167.31573872082424,165.6584628167358],[167.64253634979212,165.3211388018081],[168.1447872479858,165.17724523649676],[168.6832160423262,164.45108999251812],[170.03891317647762,164.23706971362733],[171.1991960101824,164.42574260979632],[172.19069325799254,163.80638955797303],[173.06981627640997,163.84981516766192],[174.05243430880466,163.39637720267513],[173.7477069789872,163.0808730390964],[174.1821175597477,162.97586153627293],[174.25985935375596,163.14720177479236],[175.06104446745903,163.04263760907142],[175.26447951250458,162.684867298328],[176.2818106505302,162.6842013255067],[176.7944139109099,162.00549581118747],[176.91640534600168,161.05653955506287],[177.2580763208,160.84082062109636],[177.31534598488935,160.71270439967415],[177.0282758201972,160.2789719189518],[177.42114525796015,160.19927103218592],[177.0641741069383,159.98591516757796],[176.97640344446413,160.14054983563298],[176.2650176653902,159.844794240251],[176.53140777728217,159.59125196016657],[175.94374284244856,159.70836075303706],[176.33004944395583,159.39497346435473],[175.96088776147997,159.47330119194714],[176.39123459981266,159.23116084770993],[176.10286285506794,159.08788153531003],[176.5584423070058,159.0321574963799],[176.20540938765583,158.87879395643262],[176.29191331663196,158.84422659357006],[176.29724514304718,158.83937804569962],[176.35639464381063,158.78558987563582],[176.68276431758696,158.71064115175326],[176.06398215471557,158.72018701791777],[176.36438695596684,158.76336218698228],[176.01786767590252,159.01290762595693],[175.8371559446235,159.2127168822754],[175.35452655547485,159.1774166140222],[175.87812620783697,158.7814835696149],[175.30704006061555,158.81134955551974],[175.23728043682533,158.63851942897014],[175.82237637286755,158.35592724308952],[175.4597062861597,158.2397361141689],[175.76476363855153,158.28504230399832],[176.2437653226562,157.94425028259866],[175.61664838452796,157.82152713291384],[175.9275542168564,157.45980177236672],[175.373343081915,157.51498574283386],[175.34392937662375,157.67524645510497],[173.89639315894766,158.0062859379748],[173.74133131950293,158.20154606004928],[173.50311951317062,158.05488369119226],[173.1055080513727,158.1183163588348],[172.0012039097242,158.51569725266907],[171.16264523348875,159.00164382438135],[170.23170544025052,159.11518081964962],[169.27586911076406,160.0412716099284],[169.2242383381607,160.30815362568674],[169.47383662019433,160.11487060118574],[169.46106704980664,160.29028861058706],[168.99558730546715,160.39331313206276],[168.98239525853754,160.9008566038552],[168.33368854805622,161.0455252251826],[167.79694750556502,161.44988437801132],[167.41704217789953,161.76850342761037],[167.37111616128703,161.48768234376985],[166.9930427905423,161.4120756378514],[167.097433170173,161.1560417727901],[167.69833208527078,160.92091594951341],[167.61653559713432,160.81030257956132],[167.92392301113418,160.7766062377142],[168.37257115495473,160.26066022055355],[168.37732744877425,160.40165203227426],[168.66792482831363,160.18324330578616],[168.7596855384762,160.251696522177],[168.82482702080293,159.87111162901724],[167.81515025310642,160.02968058359096],[167.45272544669703,160.3781854081233],[166.9357029935574,160.49115107465494],[167.10173135062468,160.11261158843539],[166.64372691853754,160.15940490174313],[166.32560949102444,160.65809731853403],[165.54582906133516,160.9183619117453],[164.80204153231676,160.69918630721935],[164.75798349783815,160.95938443182283],[165.2014164683921,160.81838538236963],[164.78992303729356,161.12059674047097],[165.38167509109326,161.07544748849597],[165.4721937926292,161.19711064197529],[165.0724875508788,161.16018234049997],[164.7543370732435,161.59639297259633],[164.95196938901861,161.6465763676785],[164.07825461040423,162.20781716184806],[163.9920382230916,162.5282169828895],[163.79606772425086,162.38374912181698],[163.42454663321277,162.5219552264819],[163.38113398291193,162.7350099142697],[163.11225200464457,162.71056176281712],[163.0415442100686,162.9425690492195],[162.7477798054973,162.96565324720842],[162.66597606857925,163.24150614145128],[162.38282257969982,163.16617375387543],[162.08246207412014,163.97699997614558],[161.84588682618767,163.35934139855618],[161.4612836742901,162.75336413465897],[161.65634490032997,162.4035854701672],[161.69405108065342,162.6890026081521],[162.75771520394298,162.54112118041735],[163.239683142086,161.68686925547422],[162.5883666326187,161.75847764494432],[162.54306413756,161.88750778184266],[161.62424916813677,161.10088705028812],[161.7252428257152,160.79414820400763],[161.41158965086953,160.4361891143314],[160.29017882173395,159.96917201606445],[160.1059984086937,159.40263678071634],[160.365757729111,159.01886672100886],[159.99029766494795,158.87530394229745],[159.6047201284174,158.24214060519554],[159.65735479599456,157.35054968151533],[160.02065158672238,157.20420569152137],[161.19488554745226,157.4609009363145],[161.2072384057359,157.28486301894753],[162.50839741051553,156.50572270175846],[163.01855971386505,156.44627948037808],[163.02275516178514,155.97498163056312],[163.74380462534023,155.93617591305582],[164.09960294444105,155.51529741234825],[165.10198431580528,155.61277578982524],[166.29000209473986,155.40965968200646],[166.47204034816392,155.58459233317356],[167.37780850266267,155.63506841759192],[167.2673481501112,155.7598312418417],[168.01107112056837,155.78507633015965],[168.31180581275834,155.37822683857064],[167.80179140058647,155.11324128293055],[168.68654770781757,154.62280860098946],[168.92855417361176,154.67827771907096],[169.15636272757934,154.4680005315265],[170.1415303725095,154.39926759960113],[170.05884406688168,154.17329781897098],[169.40595453160967,154.1657520054497],[169.3963976854968,153.89626837779372],[169.10629410638504,153.93038412670953],[169.07882447309404,153.70785308618704],[168.2393317346857,153.76547470395178],[167.85897876908746,153.94200603941698],[167.43358308278295,153.66972861857622],[166.56612129323477,153.79663203048509],[165.1799967631581,153.7347833118648],[164.6632581250454,153.51917480297038],[163.61122458416355,153.69134769856532],[163.23726649712313,153.57010938111833],[163.53509150354057,152.62555207546455],[163.02244242726522,152.03808974265925],[162.4185905063482,152.12066580782002],[161.8026434395792,151.94858635021754],[162.11324551847628,151.83984446730045],[161.8403377712557,151.6706452912752],[161.00359436724827,151.88735596058214],[160.85897770442625,151.78179259060605],[160.0847401530735,152.31228113596046],[158.78001258551637,152.1841248207524],[159.36144990102653,151.78242928606488],[158.93747874585225,151.72233011627412],[158.79940669741976,151.44599984784833],[158.65311208899476,151.5434441701526],[157.40057315223868,150.51437180161753],[160.10309333803028,149.57635397065167],[161.29086550588832,149.39034302322435],[162.53084286575853,148.96434026903123],[165.12150576400228,148.7933267276867],[165.48039727442546,148.53293956446342],[165.6087384671919,148.72870398506166],[167.166881177138,148.7681936101087],[167.7118585621568,148.41540730638351],[167.7542234856034,147.7447652997035],[167.12370647311042,147.47338949165794],[167.47932128942404,147.4526610339408],[167.5179920797611,146.77852952986376],[167.86955676321267,146.87614939044352],[167.99155130851193,146.71894193955012],[167.64166422122003,146.71101136550664],[167.51672565772162,146.2365178004166],[166.77587532061256,145.92356675248513],[165.70404835905205,145.7984309168005],[166.01915065702758,145.52492690618288],[165.52627049309427,145.29369993972946],[165.75613508305773,145.23739897505155],[165.53231527526668,144.28910155152036],[165.89824947627326,144.34462916532803],[165.74410380936516,144.05333151233228],[166.49218252455944,144.15363236909914],[166.41938873535236,144.0194174883022],[167.70277652989444,143.24895510092705],[168.0690092238475,143.51594618066196],[168.12658326706537,143.0086623421031],[167.78602036900367,142.9447801739234],[167.6795608262068,142.22934403881723],[167.37712963359675,142.1273769335988],[167.42208305923398,141.73595781969976],[167.27770811443816,141.82335215557305],[167.29237071288867,141.6768981353857],[166.94893078606663,141.6402168526202],[167.17497272470456,141.27672272225456],[168.11726861301779,141.16721002158178],[168.15338993062898,141.46040316072293],[168.47177676015258,141.30515370479688],[169.16295991378934,141.46002497922387],[169.20055393582916,141.28871588358805],[169.93633910568428,141.45724843535996],[169.26787802134731,140.89241218552797],[169.28575862947247,140.69175855554948],[168.52283832432565,140.05596572199255],[168.60362278657115,139.46879508665947],[168.29771193047554,139.4291736118974],[168.3142123403684,138.95114066511738],[168.68252049402673,139.0984985717787],[168.72325488936357,138.55925907399336],[169.1218005268425,138.6109939943427],[169.09109212074392,137.94803001016754],[168.68215094224306,137.64432734372429],[168.62692745337793,137.29436161052976],[169.01105034113354,137.1110473114869],[168.65838532415825,136.6059458062395],[168.45905819365407,136.82262597644055],[168.0255584720626,136.59203879519052],[167.9175799805244,136.92107912938297],[167.526807253268,136.84465195418102],[167.58840914235554,137.10518084741355],[167.85752144754431,137.12304999074846],[167.88840425967354,137.14439194235078],[167.8121689958109,137.26725364141407],[167.86436592662247,137.13061987833683],[167.59562383557224,137.20822868572156],[167.52034888717236,136.82649588193783],[167.87415459560296,136.79280944627004],[168.03131920596712,136.57876725683224],[168.46259298995042,136.80798832666662],[168.63314691977212,136.3777685812756],[168.87525267635806,136.4344597615969],[168.6229530250098,135.97502055564664],[167.88051418317522,135.5560120423242],[167.59909416936202,135.1749117122839],[167.788924194367,135.0669384570277],[167.5825935980869,134.53549897061515],[167.31479685004024,134.47280666320037],[166.93088898659352,135.39558112526365],[167.0378248497532,135.12700780324872],[166.13801288878764,134.8207053321823],[166.1193634935554,135.3985275705327],[166.123898401073,134.81341143335732],[166.9791941494946,134.9223589466738],[167.2480767127568,134.40383325291182],[167.53929576461948,134.50228927830833],[167.70352116647925,133.9282229910487],[167.15345654555625,133.8063601970242],[166.72573109775692,132.78486318927398],[166.2220399173155,132.3537656048074],[166.21000029964716,132.12619699073161]],[[175.5072848742644,158.30905265919495],[175.52436086102887,158.30041578261176],[175.51995747345586,158.30990160084366],[175.5072848742644,158.30905265919495]],[[175.31033201227064,158.02195090848934],[175.1330122753614,158.06528778837446],[175.4029252640094,157.9603969374258],[175.31033201227064,158.02195090848934]],[[175.5352874396302,158.3591387501507],[175.5335480306405,158.39429632022825],[175.51042673679174,158.3830922482648],[175.5352874396302,158.3591387501507]],[[175.47194213425277,158.41351564206116],[175.47447813779203,158.40914227495892],[175.47345595727379,158.41279675685578],[175.47194213425277,158.41351564206116]],[[175.0309279449618,158.8469235626684],[175.00354364673774,158.87524883342456],[174.99690792927794,158.83562377855452],[175.0309279449618,158.8469235626684]],[[175.33405197012394,158.96327271400793],[175.25132964406708,158.88850582594665],[175.3780793615512,158.8552351857319],[175.33405197012394,158.96327271400793]],[[175.50521752050435,158.90257495144738],[175.53699957251038,158.8874822770143],[175.532859625435,158.911624787506],[175.50521752050435,158.90257495144738]],[[174.515554716849,158.20885450779133],[174.68698797806368,158.1104049927998],[174.69107253580793,158.15545459345435],[174.515554716849,158.20885450779133]],[[172.97842424972967,158.18454028881902],[172.96537228600545,158.1809191315862],[172.9861389846461,158.17723833400794],[172.97842424972967,158.18454028881902]],[[171.33125139288697,158.92415488902344],[171.3332211758269,158.92288213904294],[171.33676701276832,158.92415868669826],[171.33125139288697,158.92415488902344]],[[170.1569653222903,159.6912182788666],[170.17153370780537,159.64894942380462],[170.23422311466607,159.66499089042108],[170.1569653222903,159.6912182788666]],[[169.77667839101514,159.86807428804624],[169.6407271238545,159.93937852940536],[169.92751165507582,159.67699352167682],[170.06587333992843,159.78192429554457],[169.77667839101514,159.86807428804624]],[[169.39040555104572,160.01176415971878],[169.38526312379588,160.05637450462018],[169.37675396767068,160.02371335024378],[169.39040555104572,160.01176415971878]],[[168.7599982222527,161.01585577982385],[168.74445007777447,161.05325140382132],[168.72522729737497,161.02128168625288],[168.7599982222527,161.01585577982385]],[[168.57997752690696,161.05377779413476],[168.52688305900938,161.10746259094688],[168.55622351129296,161.0532186903219],[168.57997752690696,161.05377779413476]],[[169.52836545704002,160.10012616273033],[169.5544640638879,160.08511520167895],[169.5502433392303,160.0959869517272],[169.52836545704002,160.10012616273033]],[[169.54784203008512,160.11065280934017],[169.56889297859817,160.12909427303944],[169.536368434172,160.12607263708594],[169.54784203008512,160.11065280934017]],[[169.35813205884253,160.17330519963886],[169.35919178180256,160.19286558688324],[169.34823810648095,160.19663885459212],[169.35813205884253,160.17330519963886]],[[169.28797758119023,160.23066013032417],[169.2918013134928,160.2178104809346],[169.30830718778003,160.21519959444885],[169.28797758119023,160.23066013032417]],[[169.45050614965731,160.3044770253911],[169.471078011675,160.30102310352711],[169.44002252381426,160.3069675500272],[169.45050614965731,160.3044770253911]],[[168.78991737330912,159.90336567151405],[168.78866238548017,159.9042141074253],[168.7880700535684,159.90299196822244],[168.78991737330912,159.90336567151405]],[[168.01154518055833,160.35467141567517],[167.30766598533037,160.78037684872936],[167.76318091931464,160.2590042935291],[168.01154518055833,160.35467141567517]],[[168.40201661719684,160.08187193843816],[168.25264110323144,160.04626567492946],[168.34262100487305,159.99810290544343],[168.40201661719684,160.08187193843816]],[[168.51089027488166,160.12921975028496],[168.60873442612575,159.99936010346642],[168.63253546583607,160.0485417994989],[168.51089027488166,160.12921975028496]],[[168.71413259583764,160.2031326752934],[168.6896933796876,160.19271917563765],[168.7103298648743,160.1894501040422],[168.71413259583764,160.2031326752934]],[[168.4451080729202,160.30333636542878],[168.41974033457976,160.33681610316097],[168.41407886493977,160.27652725944054],[168.4451080729202,160.30333636542878]],[[167.70569130984728,160.7519903339073],[167.70541733954673,160.7826396890894],[167.6906572921663,160.71750228945834],[167.70569130984728,160.7519903339073]],[[167.4558444884813,160.89846537855388],[167.4564723356786,160.86612702687265],[167.49048396623425,160.87263057677887],[167.4558444884813,160.89846537855388]],[[168.00011290206652,161.31540767408563],[167.98352814281995,161.31788729176026],[168.00008998073997,161.29832804521322],[168.00011290206652,161.31540767408563]],[[168.6440954855093,136.67020714385433],[168.64953818759633,136.66925504239094],[168.6498951736582,136.67182077031188],[168.6440954855093,136.67020714385433]],[[165.84161846434276,145.4776747968924],[165.8404160391918,145.4801713745587],[165.83928132036291,145.4781497988131],[165.84161846434276,145.4776747968924]]]]}}]}
