{
"type": "FeatureCollection",
"name": "india_dorling",
"crs": { "type": "name", "properties": { "name": "urn:ogc:def:crs:OGC:1.3:CRS84" } },
"features": [
{ "type": "Feature", "properties": { "gdp": 6031.734889429159, "ENGTYPE_1": "UnionTerritory", "HASC_1": "IN.AN", "GID_1": "IND.1_1", "join_name": "andamanandnicobar", "ISO_1": "NA", "TYPE_1": "UnionTerritor", "NL_NAME_1": "NA", "CC_1": "NA", "NAME_1": "AndamanandNicobar", "COUNTRY": "India", "VARNAME_1": "Andaman&NicobarIslands|Andama", "GID_0": "IND", "pop": 6031.734889429159 }, "geometry": { "type": "Polygon", "coordinates": [ [ [ 92.982275226293638, 12.580151506318398 ], [ 92.980192661003571, 12.572476007536411 ], [ 92.977704341469945, 12.564918358970354 ], [ 92.974817165907936, 12.557499231820632 ], [ 92.971539119440365, 12.550238911498251 ], [ 92.967879251431398, 12.543157242571205 ], [ 92.963847649981346, 12.536273574980097 ], [ 92.959455413660166, 12.529606711663545 ], [ 92.954714620563621, 12.523174857729632 ], [ 92.949638294782744, 12.516995571305076 ], [ 92.944240370382801, 12.511085716188751 ], [ 92.938535652994176, 12.505461416430228 ], [ 92.932539779122379, 12.500138012949956 ], [ 92.926269173290152, 12.495130022310352 ], [ 92.919741003128749, 12.490451097742199 ], [ 92.912973132540415, 12.486113992524061 ], [ 92.905984073057951, 12.482130525806781 ], [ 92.898792933531027, 12.478511550967362 ], [ 92.891419368272437, 12.47526692657193 ], [ 92.883883523801074, 12.472405490018517 ], [ 92.876205984320237, 12.46993503392552 ], [ 92.868407716073676, 12.467862285323195 ], [ 92.860510010723289, 12.466192887699867 ], [ 92.85253442789417, 12.464931385946239 ], [ 92.844502737035228, 12.464081214234962 ], [ 92.836436858743909, 12.46364468686472 ], [ 92.828358805705122, 12.463622992091333 ], [ 92.820290623395707, 12.464016188960915 ], [ 92.812254330704818, 12.464823207152468 ], [ 92.804271860622393, 12.466041849830781 ], [ 92.796365001146711, 12.46766879950216 ], [ 92.788555336561771, 12.469699626859263 ], [ 92.780864189234919, 12.472128802593074 ], [ 92.773312562083646, 12.474949712143513 ], [ 92.765921081859389, 12.47815467335243 ], [ 92.758709943394749, 12.481734956976068 ], [ 92.751698854957979, 12.485680810006325 ], [ 92.744906984857295, 12.489981481743955 ], [ 92.738352909434312, 12.494625252558953 ], [ 92.732054562583187, 12.499599465267343 ], [ 92.726029186929409, 12.504890559046432 ], [ 92.720293286798025, 12.510484105803812 ], [ 92.714862583097769, 12.516364848909634 ], [ 92.70975197024336, 12.522516744194313 ], [ 92.704975475233951, 12.52892300310876 ], [ 92.700546219000429, 12.535566137937408 ], [ 92.696476380130292, 12.542428008949138 ], [ 92.692777161072144, 12.549489873365095 ], [ 92.689458756917446, 12.556732436017917 ], [ 92.68653032685026, 12.564135901570689 ], [ 92.683999968349795, 12.571680028160477 ], [ 92.681874694223993, 12.579344182325665 ], [ 92.68016041254549, 12.587107395072815 ], [ 92.678861909553973, 12.594948418934704 ], [ 92.677982835581645, 12.602845785867924 ], [ 92.677525694050772, 12.610777865834734 ], [ 92.677491833584483, 12.618722925911754 ], [ 92.67788144326326, 12.626659189765451 ], [ 92.678693551052064, 12.634564897332455 ], [ 92.679926025413721, 12.642418364540958 ], [ 92.681575580115464, 12.650198042909221 ], [ 92.683637782227407, 12.65788257885545 ], [ 92.686107063301407, 12.665450872554361 ], [ 92.688976733711172, 12.672882136175197 ], [ 92.692239000123777, 12.680155951337227 ], [ 92.695884986064812, 12.687252325620081 ], [ 92.699904755529261, 12.694151747968137 ], [ 92.704287339581697, 12.700835242830358 ], [ 92.709020765879686, 12.707284422879898 ], [ 92.714092091045671, 12.713481540161409 ], [ 92.719487435803615, 12.719409535517503 ], [ 92.725192022787809, 12.725052086150265 ], [ 92.731190216923082, 12.73039365117886 ], [ 92.737465568267027, 12.735419515059146 ], [ 92.744000857197008, 12.740115828737427 ], [ 92.750778141817378, 12.744469648416384 ], [ 92.757778807454329, 12.748468971818195 ], [ 92.764983618099521, 12.752102771836617 ], [ 92.772372769657068, 12.7553610274779 ], [ 92.779925944841523, 12.758234751997227 ], [ 92.787622369570528, 12.760716018146784 ], [ 92.795440870689077, 12.762797980459109 ], [ 92.803359934858932, 12.76447489449856 ], [ 92.811357768442221, 12.76574213302306 ], [ 92.819412358204829, 12.76659619900674 ], [ 92.827501532662708, 12.767034735484476 ], [ 92.835603023891622, 12.767056532188242 ], [ 92.843694529619498, 12.766661528955169 ], [ 92.851753775419283, 12.765850815897108 ], [ 92.859758576820525, 12.764626630331046 ], [ 92.867686901157015, 12.762992350479614 ], [ 92.8755169289702, 12.760952485961147 ], [ 92.88322711478807, 12.758512665097602 ], [ 92.890796247102969, 12.755679619079324 ], [ 92.898203507372983, 12.752461163034045 ], [ 92.905428527876268, 12.748866174057779 ], [ 92.912451448250451, 12.744904566273418 ], [ 92.919252970554936, 12.740587262992618 ], [ 92.925814412697633, 12.73592616606398 ], [ 92.932117760074348, 12.730934122499965 ], [ 92.938145715274217, 12.725624888481827 ], [ 92.943881745711764, 12.720013090850234 ], [ 92.949310129052193, 12.71411418619544 ], [ 92.954415996304647, 12.707944417668735 ], [ 92.959185372465342, 12.70152076964226 ], [ 92.963605214600264, 12.694860920350314 ], [ 92.967663447265849, 12.687983192651243 ], [ 92.97134899517431, 12.680906503053123 ], [ 92.974651813018667, 12.673650309151189 ], [ 92.977562912381941, 12.666234555629199 ], [ 92.980074385663585, 12.658679618979674 ], [ 92.982179426965587, 12.651006251101631 ], [ 92.983872349889552, 12.643235521935891 ], [ 92.98514860220574, 12.635388761301151 ], [ 92.986004777363732, 12.627487500094148 ], [ 92.986438622823925, 12.619553411019153 ], [ 92.986449045198341, 12.611608249011729 ], [ 92.986036112197482, 12.603673791522171 ], [ 92.985201051389978, 12.595771778822987 ], [ 92.983946245789653, 12.587923854504171 ], [ 92.982275226293638, 12.580151506318398 ] ] ] } },
{ "type": "Feature", "properties": { "gdp": 604228.61953199992, "ENGTYPE_1": "State", "HASC_1": "IN.AP", "GID_1": "IND.2_1", "join_name": "andhrapradesh", "ISO_1": "IN-AP", "TYPE_1": "State", "NL_NAME_1": "NA", "CC_1": "NA", "NAME_1": "AndhraPradesh", "COUNTRY": "India", "VARNAME_1": "NA", "GID_0": "IND", "pop": 604228.61953199992 }, "geometry": { "type": "Polygon", "coordinates": [ [ [ 81.631106520592411, 14.810004300505181 ], [ 81.618430811191445, 14.730524259207041 ], [ 81.601521710141284, 14.65182743834484 ], [ 81.580434702167764, 14.574126690295243 ], [ 81.555236229576707, 14.49763144376044 ], [ 81.526003419262366, 14.422547169558536 ], [ 81.492823787357594, 14.349074864275163 ], [ 81.455794923145618, 14.277410552657997 ], [ 81.415024153817214, 14.207744809516639 ], [ 81.370628191610237, 14.140262301777465 ], [ 81.322732764815456, 14.075141351235882 ], [ 81.271472234071112, 14.012553518446714 ], [ 81.216989195302986, 13.952663208100372 ], [ 81.159434070596035, 13.895627296146035 ], [ 81.0989646882107, 13.841594778844794 ], [ 81.035745852881078, 13.790706443866384 ], [ 80.969948907456583, 13.743094563481952 ], [ 80.901751286872525, 13.698882609852564 ], [ 80.831336065360176, 13.658184992369382 ], [ 80.758891497734041, 13.62110681696609 ], [ 80.684610555524088, 13.587743667296992 ], [ 80.608690458654181, 13.55818140765377 ], [ 80.531332203305283, 13.532496007484104 ], [ 80.452740086544864, 13.510753387368309 ], [ 80.373121228251279, 13.493009286312775 ], [ 80.29268509081507, 13.479309150226381 ], [ 80.21164299705984, 13.469688041458202 ], [ 80.130207646789245, 13.464170569291348 ], [ 80.048592632341794, 13.462770841309434 ], [ 79.967011953512824, 13.465492435574225 ], [ 79.885679532190849, 13.47232839357873 ], [ 79.804808727049007, 13.483261233967299 ], [ 79.724611848633444, 13.498262987039357 ], [ 79.645299675199283, 13.517295250081604 ], [ 79.567080969659671, 13.540309263596113 ], [ 79.490161998036612, 13.56724600851665 ], [ 79.414746049831521, 13.598036324522559 ], [ 79.341032960769354, 13.632601049576866 ], [ 79.269218638413037, 13.670851180825553 ], [ 79.199494591193059, 13.712688056999989 ], [ 79.132047461451137, 13.758003562465198 ], [ 79.067058563156465, 13.80668035304825 ], [ 79.004703425016345, 13.858592103768144 ], [ 78.945151339770788, 13.913603778565255 ], [ 78.888564920532417, 13.971571922100351 ], [ 78.835099665105176, 14.032344973653061 ], [ 78.784903529292137, 14.095763603104718 ], [ 78.73811651027799, 14.161661068934231 ], [ 78.694870241247656, 14.229863598092068 ], [ 78.655287598477841, 14.300190787545143 ], [ 78.619482322210459, 14.3724560272047 ], [ 78.587558652686326, 14.446466943860377 ], [ 78.559610982781521, 14.522025865647826 ], [ 78.535723528748264, 14.598930306474179 ], [ 78.515970020613224, 14.676973469715882 ], [ 78.500413413829193, 14.755944770388615 ], [ 78.489105623810246, 14.835630374869899 ], [ 78.482087285002294, 14.915813757131192 ], [ 78.479387536151563, 14.996276270310871 ], [ 78.481023833430513, 15.076797732332041 ], [ 78.487001793062731, 15.157157024142192 ], [ 78.497315065055474, 15.237132699025077 ], [ 78.511945239598916, 15.316503601311352 ], [ 78.530861787623721, 15.395049492695167 ], [ 78.554022036925033, 15.472551684247982 ], [ 78.581371185156684, 15.548793672114391 ], [ 78.61284235087966, 15.62356177477254 ], [ 78.648356663708014, 15.696645769652873 ], [ 78.687823394438652, 15.767839526827204 ], [ 78.731140125875427, 15.836941637412671 ], [ 78.778192964867131, 15.903756034279219 ], [ 78.828856795870408, 15.968092602608177 ], [ 78.882995576127811, 16.029767777822677 ], [ 78.940462672316883, 16.088605128400868 ], [ 79.001101238280768, 16.144435921087137 ], [ 79.064744633198941, 16.197099666040511 ], [ 79.131216879295962, 16.246444639498215 ], [ 79.200333157924717, 16.292328381590046 ], [ 79.271900342596922, 16.334618167012859 ], [ 79.345717567272473, 16.373191446367169 ], [ 79.421576827964245, 16.407936256064641 ], [ 79.499263615466788, 16.4387515948406 ], [ 79.578557576781776, 16.465547765045507 ], [ 79.65923320259121, 16.488246677042355 ], [ 79.741060537924525, 16.506782115206153 ], [ 79.823805912980887, 16.521099964200314 ], [ 79.907232690905531, 16.53115839439571 ], [ 79.99110202918024, 16.536928005497888 ], [ 80.075173651176797, 16.538391927655823 ], [ 80.159206624337344, 16.535545879538592 ], [ 80.242960141391293, 16.528398183084853 ], [ 80.326194300992555, 16.516969734849848 ], [ 80.408670884165943, 16.501293934095617 ], [ 80.490154122986453, 16.481416567990088 ], [ 80.570411457979517, 16.457395654497329 ], [ 80.649214280823699, 16.429301243752533 ], [ 80.726338659057532, 16.397215178921751 ], [ 80.801566039638772, 16.361230817741912 ], [ 80.874683928374225, 16.321452716125538 ], [ 80.945486542429862, 16.27799627538927 ], [ 81.013775433341593, 16.230987354829605 ], [ 81.079360078173139, 16.180561851518373 ], [ 81.142058436708481, 16.126865249326059 ], [ 81.201697472815695, 16.070052139299438 ], [ 81.25811363837731, 16.01028571362399 ], [ 81.311153318444312, 15.947737235486565 ], [ 81.360673236533643, 15.882585487223325 ], [ 81.406540819251973, 15.815016199189461 ], [ 81.448634519684788, 15.745221461821163 ], [ 81.486844099241438, 15.673399123377209 ], [ 81.52107086788844, 15.599752175849041 ], [ 81.551227882932935, 15.524488131510722 ], [ 81.577240106736085, 15.447818392550383 ], [ 81.599044523938872, 15.369957616177713 ], [ 81.616590218968682, 15.291123077543284 ], [ 81.629838414765814, 15.211534032732263 ], [ 81.638762473819625, 15.131411084012193 ], [ 81.643347862739077, 15.050975549419842 ], [ 81.643592081697008, 14.970448838669766 ], [ 81.639504560184776, 14.890051837256381 ], [ 81.631106520592411, 14.810004300505181 ] ] ] } },
{ "type": "Feature", "properties": { "gdp": 18509.16, "ENGTYPE_1": "State", "HASC_1": "IN.AR", "GID_1": "IND.3_1", "join_name": "arunachalpradesh", "ISO_1": "IN-AR", "TYPE_1": "State", "NL_NAME_1": "NA", "CC_1": "NA", "NAME_1": "ArunachalPradesh", "COUNTRY": "India", "VARNAME_1": "AgencedelaFrontièreduNord-E", "GID_0": "IND", "pop": 18509.16 }, "geometry": { "type": "Polygon", "coordinates": [ [ [ 94.978049237042882, 27.974646181942902 ], [ 94.973498032388918, 27.960548910156312 ], [ 94.968123601557281, 27.946682448782347 ], [ 94.961940991083083, 27.933084683638612 ], [ 94.954967435014055, 27.919792748364596 ], [ 94.947222304557656, 27.906842924142261 ], [ 94.938727052210155, 27.89427054190816 ], [ 94.929505150549303, 27.882109887306967 ], [ 94.919582025884324, 27.870394108627355 ], [ 94.908984986965905, 27.859155127951645 ], [ 94.897743148967933, 27.848423555740546 ], [ 94.885887352961404, 27.838228609064743 ], [ 94.873450081107919, 27.82859803368358 ], [ 94.860465367807819, 27.819558030161573 ], [ 94.846968707043331, 27.811133184200781 ], [ 94.832996956163754, 27.803346401356887 ], [ 94.818588236363794, 27.796218846295321 ], [ 94.80378183011139, 27.789769886730983 ], [ 94.788618075784996, 27.784017042184381 ], [ 94.773138259783892, 27.778975937674563 ], [ 94.757384506378074, 27.774660262456788 ], [ 94.741399665567158, 27.771081733901294 ], [ 94.725227199219631, 27.768250066596686 ], [ 94.708911065766173, 27.766172946749361 ], [ 94.692495603721682, 27.764856011938228 ], [ 94.676025414312306, 27.764302836270797 ], [ 94.659545243484899, 27.764514920975017 ], [ 94.643099863576211, 27.76549169044825 ], [ 94.626733954920297, 27.76723049377269 ], [ 94.610491987671907, 27.76972661169345 ], [ 94.594418104124202, 27.772973269043451 ], [ 94.578556001798091, 27.776961652586522 ], [ 94.562948817579539, 27.781680934238068 ], [ 94.547639013180984, 27.787118299609354 ], [ 94.53266826220046, 27.793258981809977 ], [ 94.518077339051288, 27.800086300429935 ], [ 94.503906010032196, 27.807581705611014 ], [ 94.490192926806145, 27.81572482710445 ], [ 94.476975522552735, 27.824493528199973 ], [ 94.464289911055559, 27.833863964399274 ], [ 94.45217078898267, 27.843810646694809 ], [ 94.440651341614, 27.854306509303079 ], [ 94.429763152263931, 27.865322981690365 ], [ 94.419536115643012, 27.876830064716696 ], [ 94.40999835539607, 27.888796410713173 ], [ 94.401176146047632, 27.901189407296812 ], [ 94.393093839578299, 27.913975264715891 ], [ 94.385773796847715, 27.927119106509004 ], [ 94.379236324071087, 27.940585063250701 ], [ 94.373499614546745, 27.954336369147097 ], [ 94.368579695822319, 27.968335461235228 ], [ 94.36449038247541, 27.982544080931952 ], [ 94.361243234673722, 27.99692337766929 ], [ 94.358847522666366, 28.011434014345625 ], [ 94.357310197344759, 28.026036274315334 ], [ 94.356635866997436, 28.040690169632597 ], [ 94.356826780368095, 28.05535555025968 ], [ 94.357882816109935, 28.069992213944456 ], [ 94.359801478713251, 28.084560016468515 ], [ 94.362577900965789, 28.099018981962647 ], [ 94.366204852987238, 28.113329412984445 ], [ 94.370672757860333, 28.127452000051083 ], [ 94.375969713862673, 28.141347930318698 ], [ 94.382081523282423, 28.154978995101029 ], [ 94.388991727781743, 28.168307695919232 ], [ 94.396681650250741, 28.181297348779019 ], [ 94.405130443073602, 28.193912186371563 ], [ 94.41431514270829, 28.206117457901261 ], [ 94.424210730458668, 28.217879526245916 ], [ 94.434790199297851, 28.22916596216324 ], [ 94.446024626579657, 28.239945635262448 ], [ 94.457883252454224, 28.250188801469285 ], [ 94.470333563783271, 28.259867186721159 ], [ 94.483341383330298, 28.268954066638987 ], [ 94.496870963981152, 28.277424341933859 ], [ 94.510885087731054, 28.285254609317629 ], [ 94.525345169156822, 28.292423227700297 ], [ 94.540211363074349, 28.298910379469952 ], [ 94.555442676066178, 28.304698126665592 ], [ 94.570997081547432, 28.309770461868975 ], [ 94.586831638025643, 28.314113353656222 ], [ 94.602902610195656, 28.317714786467963 ], [ 94.619165592500323, 28.320564794773063 ], [ 94.635575634777297, 28.322655491418185 ], [ 94.652087369603379, 28.323981090074984 ], [ 94.668655140941368, 28.324537921713596 ], [ 94.685233133688726, 28.324324445050703 ], [ 94.701775503723198, 28.323341250939425 ], [ 94.71823650803961, 28.321591060686838 ], [ 94.734570634570318, 28.319078718304763 ], [ 94.750732731284074, 28.315811176717951 ], [ 94.766678134160543, 28.311797477973531 ], [ 94.782362793642875, 28.307048727513433 ], [ 94.797743399176312, 28.301578062591418 ], [ 94.81277750144946, 28.295400614933332 ], [ 94.827423631963541, 28.288533467757791 ], [ 94.841641419566557, 28.280995607291633 ], [ 94.855391703600958, 28.272807868931455 ], [ 94.868636643327292, 28.263992878218215 ], [ 94.881339823301161, 28.254574986808155 ], [ 94.893466354396821, 28.244580203637607 ], [ 94.904982970187262, 28.234036121493041 ], [ 94.915858118409488, 28.22297183921162 ], [ 94.92606204726134, 28.211417879748925 ], [ 94.935566886296442, 28.199406104362506 ], [ 94.944346721703681, 28.186969623170221 ], [ 94.952377665777703, 28.174142702351372 ], [ 94.959637920408696, 28.160960668267883 ], [ 94.966107834439455, 28.147459808789279 ], [ 94.971769954760703, 28.133677272112536 ], [ 94.976609071035227, 28.1196509633731 ], [ 94.980612253963784, 28.105419439346722 ], [ 94.983768887026116, 28.091021801547239 ], [ 94.986070691651634, 28.07649758802577 ], [ 94.987511745794222, 28.061886664179472 ], [ 94.988088495906283, 28.047229112877911 ], [ 94.987799762325906, 28.032565124214806 ], [ 94.986646738110551, 28.017934885191504 ], [ 94.98463298136889, 28.003378469636097 ], [ 94.981764401159495, 27.988935728659161 ], [ 94.978049237042882, 27.974646181942902 ] ] ] } },
{ "type": "Feature", "properties": { "gdp": 227958.82836413325, "ENGTYPE_1": "State", "HASC_1": "IN.AS", "GID_1": "IND.4_1", "join_name": "assam", "ISO_1": "IN-AS", "TYPE_1": "State", "NL_NAME_1": "NA", "CC_1": "NA", "NAME_1": "Assam", "COUNTRY": "India", "VARNAME_1": "NA", "GID_0": "IND", "pop": 227958.82836413325 }, "geometry": { "type": "Polygon", "coordinates": [ [ [ 93.878937448382516, 26.128163712362905 ], [ 93.863840875658838, 26.078682232505237 ], [ 93.845914266400413, 26.029983602542249 ], [ 93.825210533353243, 25.982199838390574 ], [ 93.80178987832528, 25.93546024591722 ], [ 93.775719590912999, 25.889891084858235 ], [ 93.747073831826981, 25.845615243079163 ], [ 93.71593340172322, 25.802751921846269 ], [ 93.682385496437249, 25.761416332728412 ], [ 93.64652344950521, 25.721719406700775 ], [ 93.608446462839495, 25.683767515975905 ], [ 93.568259326406206, 25.647662209042025 ], [ 93.526072127728824, 25.613499959345074 ], [ 93.481999952018427, 25.581371928009784 ], [ 93.436162573703811, 25.551363740955775 ], [ 93.388684140108055, 25.523555280726896 ], [ 93.339692847990378, 25.498020493318112 ], [ 93.289320613644477, 25.474827210250599 ], [ 93.237702737217276, 25.454036986116101 ], [ 93.184977561885759, 25.435704951782562 ], [ 93.131286128504641, 25.419879683428192 ], [ 93.076771826314172, 25.40660308754569 ], [ 93.021580040276163, 25.395910302037382 ], [ 92.965857795586743, 25.387829613500902 ], [ 92.909753399898349, 25.38238239078634 ], [ 92.853416083768863, 25.379583034888007 ], [ 92.796995639845193, 25.37943894521775 ], [ 92.740642061280383, 25.381950502290358 ], [ 92.684505179878244, 25.387111066837047 ], [ 92.628734304457893, 25.394906995347544 ], [ 92.573477859932368, 25.40531767202685 ], [ 92.518883027598946, 25.418315557137081 ], [ 92.465095387147997, 25.433866251679696 ], [ 92.41225856090665, 25.451928578356377 ], [ 92.360513860848144, 25.472454678729616 ], [ 92.309999938913265, 25.495390126485297 ], [ 92.260852441210076, 25.520674056679159 ], [ 92.213203666678126, 25.548239310827174 ], [ 92.167182230827819, 25.578012597675869 ], [ 92.122912735189459, 25.609914669463297 ], [ 92.080515443132725, 25.643860513452633 ], [ 92.040105962745145, 25.679759558490936 ], [ 92.001794937485002, 25.717515896313031 ], [ 91.965687745351971, 25.757028517275412 ], [ 91.931884207346371, 25.798191560168711 ], [ 91.900478306013881, 25.840894575717893 ], [ 91.871557914897735, 25.885022803337911 ], [ 91.845204539743165, 25.930457460670002 ], [ 91.821493072319583, 25.977076045378212 ], [ 91.800491557742518, 26.024752648639918 ], [ 91.782260976191751, 26.073358279715666 ], [ 91.766855039930917, 26.122761200935262 ], [ 91.754320006537924, 26.172827272387593 ], [ 91.744694509255325, 26.223420305551315 ], [ 91.738009405362263, 26.274402425054337 ], [ 91.734287643456668, 26.325634437700028 ], [ 91.733544150515655, 26.376976207849971 ], [ 91.735785739575448, 26.428287038205486 ], [ 91.741011038835936, 26.479426054984831 ], [ 91.749210442952773, 26.53025259644971 ], [ 91.760366087228135, 26.580626603693602 ], [ 91.774451845351976, 26.630409012567746 ], [ 91.791433351277774, 26.679462145585553 ], [ 91.811268045740277, 26.727650102617321 ], [ 91.83390524783924, 26.774839149161121 ], [ 91.85928625202007, 26.820898100954373 ], [ 91.887344450683571, 26.865698703677104 ], [ 91.918005482549674, 26.909116006485409 ], [ 91.95118740678744, 26.951028728111588 ], [ 91.986800902804646, 26.991319614268143 ], [ 92.024749495466679, 27.029875785101879 ], [ 92.064929805386527, 27.066589071458665 ], [ 92.107231823797434, 27.101356338740718 ], [ 92.151539211386662, 27.134079797166589 ], [ 92.197729620335608, 27.164667297278296 ], [ 92.245675038678655, 27.193032609581412 ], [ 92.295242155961745, 27.219095687251119 ], [ 92.346292749053262, 27.242782910892398 ], [ 92.398684086835772, 27.264027314400707 ], [ 92.452269352388967, 27.282768791036968 ], [ 92.50689808116185, 27.298954278901043 ], [ 92.562416613528939, 27.312537925064582 ], [ 92.618668560030429, 27.323481227704995 ], [ 92.675495277511757, 27.331753155667339 ], [ 92.732736354304947, 27.337330244970161 ], [ 92.79023010253259, 27.340196671862753 ], [ 92.847814055566843, 27.340344302136042 ], [ 92.905325468640157, 27.337772716485748 ], [ 92.962601820583558, 27.332489211823642 ], [ 93.019481314659117, 27.324508778532309 ], [ 93.075803376461138, 27.313854053755254 ], [ 93.131409146879278, 27.300555250914325 ], [ 93.186141968152029, 27.284650065740852 ], [ 93.239847861084826, 27.266183559203334 ], [ 93.292375991568335, 27.245208017805208 ], [ 93.343579124603409, 27.221782791816882 ], [ 93.393314064123089, 27.195974112090738 ], [ 93.441442076995585, 27.167854886189645 ], [ 93.487829299694113, 27.137504474636671 ], [ 93.532347126231969, 27.105008448165041 ], [ 93.574872576077397, 27.07045832691421 ], [ 93.615288640887528, 27.033951302578636 ], [ 93.653484609027856, 26.995589944569833 ], [ 93.689356366975304, 26.955481891301652 ], [ 93.722806676835233, 26.913739527749808 ], [ 93.753745429336703, 26.870479650472173 ], [ 93.78208987180254, 26.82582312130549 ], [ 93.807764810722318, 26.779894510975605 ], [ 93.830702788683794, 26.732821733874328 ], [ 93.850844235543192, 26.684735675264395 ], [ 93.868137593833453, 26.63576981217733 ], [ 93.882539418523663, 26.586059829265299 ], [ 93.894014451350301, 26.535743230858529 ], [ 93.902535670040962, 26.484958950464875 ], [ 93.908084312844565, 26.4338469589289 ], [ 93.910649878866991, 26.382547872441553 ], [ 93.910230104788354, 26.331202561562961 ], [ 93.906830918606317, 26.279951762386794 ], [ 93.900466371111349, 26.228935690938052 ], [ 93.891158545850629, 26.178293661854816 ], [ 93.878937448382516, 26.128163712362905 ] ] ] } },
{ "type": "Feature", "properties": { "gdp": 371601.79015427618, "ENGTYPE_1": "State", "HASC_1": "IN.BR", "GID_1": "IND.5_1", "join_name": "bihar", "ISO_1": "IN-BR", "TYPE_1": "State", "NL_NAME_1": "NA", "CC_1": "NA", "NAME_1": "Bihar", "COUNTRY": "India", "VARNAME_1": "NA", "GID_0": "IND", "pop": 371601.79015427618 }, "geometry": { "type": "Polygon", "coordinates": [ [ [ 86.845241467783097, 25.626285659080537 ], [ 86.830697501434486, 25.562159483468722 ], [ 86.812495228474603, 25.498816570258128 ], [ 86.790691177451109, 25.436428607238575 ], [ 86.765351308577181, 25.375164299158222 ], [ 86.736550767929884, 25.315188930716271 ], [ 86.704373622293559, 25.256663942610846 ], [ 86.668912575944475, 25.199746521480041 ], [ 86.630268670649372, 25.144589204501109 ], [ 86.588550970117623, 25.091339499341085 ], [ 86.543876230110499, 25.040139520082363 ], [ 86.496368555366715, 24.991125639680959 ], [ 86.446159044458582, 24.944428159452237 ], [ 86.393385423641718, 24.900170996019074 ], [ 86.338191670710145, 24.858471386102 ], [ 86.280727629815246, 24.819439609479957 ], [ 86.221148618152185, 24.783178730402113 ], [ 86.159615025364886, 24.749784357689553 ], [ 86.096291906466618, 24.719344423725573 ], [ 86.031348569023123, 24.691938982500403 ], [ 85.964958155295136, 24.667640026844854 ], [ 85.897297219991813, 24.646511324961953 ], [ 85.828545304242866, 24.628608276342501 ], [ 85.758884506358569, 24.613977787132065 ], [ 85.688499049911186, 24.60265816500079 ], [ 85.617574849641514, 24.594679033554527 ], [ 85.546299075667122, 24.590061266315473 ], [ 85.474859716449757, 24.588816940291398 ], [ 85.40344514096229, 24.590949309146758 ], [ 85.332243660486242, 24.596452795981914 ], [ 85.261443090465789, 24.60531300572254 ], [ 85.191230312845079, 24.617506757116065 ], [ 85.121790839321633, 24.633002134326556 ], [ 85.053308375960555, 24.651758558113919 ], [ 84.985964389630794, 24.673726876575302 ], [ 84.91993767674758, 24.69884947541847 ], [ 84.855403934831202, 24.72706040772529 ], [ 84.792535337425235, 24.758285543149494 ], [ 84.731500112952531, 24.792442736477369 ], [ 84.672462128128302, 24.829442015458778 ], [ 84.615580476593081, 24.869185787793832 ], [ 84.56100907347539, 24.911569067132184 ], [ 84.508896256643723, 24.956479717911286 ], [ 84.459384395459168, 25.003798718824346 ], [ 84.412609507893222, 25.053400444669169 ], [ 84.36870088692865, 25.105152966284155 ], [ 84.327780737216131, 25.158918368230985 ], [ 84.28996382301176, 25.214553083829632 ], [ 84.255357128472113, 25.271908247095066 ], [ 84.224059531433156, 25.330830061065729 ], [ 84.196161491844251, 25.391160181947868 ], [ 84.171744756070566, 25.452736118435162 ], [ 84.150882078312762, 25.515391645491068 ], [ 84.133636960423544, 25.578957231810357 ], [ 84.120063411422464, 25.64326048010205 ], [ 84.110205728026287, 25.708126579260338 ], [ 84.104098297516757, 25.773378767414698 ], [ 84.101765424264059, 25.838838804774326 ], [ 84.103221181209179, 25.904327455107303 ], [ 84.108469287581784, 25.969664974620734 ], [ 84.117503014091554, 26.034671606937511 ], [ 84.130305116779468, 26.09916808279629 ], [ 84.146847800651116, 26.162976123037009 ], [ 84.16709271413572, 26.225918943373834 ], [ 84.190990975322549, 26.287821759402725 ], [ 84.218483230821022, 26.348512290241498 ], [ 84.249499747971186, 26.40782125915787 ], [ 84.283960540999445, 26.465582889506447 ], [ 84.321775531568122, 26.521635394267335 ], [ 84.362844744011596, 26.575821457461135 ], [ 84.407058535382546, 26.627988705704791 ], [ 84.454297860253988, 26.677990168172364 ], [ 84.504434570036736, 26.725684723233549 ], [ 84.557331746376917, 26.770937530062074 ], [ 84.612844068000115, 26.813620443535317 ], [ 84.670818210165351, 26.853612410785026 ], [ 84.73109327568794, 26.890799847809216 ], [ 84.793501256285751, 26.925076994614471 ], [ 84.857867522803176, 26.956346247426644 ], [ 84.924011342669246, 26.984518466587623 ], [ 84.991746422757288, 27.009513258843363 ], [ 85.060881475633366, 27.031259232824596 ], [ 85.131220807010791, 27.049694226627832 ], [ 85.202564922073165, 27.064765506514352 ], [ 85.274711148186853, 27.076429935866887 ], [ 85.347454271401318, 27.084654113665643 ], [ 85.420587184029955, 27.089414481877743 ], [ 85.493901540519474, 27.09069740128853 ], [ 85.567188418752096, 27.08849919543918 ], [ 85.640238983882185, 27.082826162477975 ], [ 85.71284515178975, 27.073694554871928 ], [ 85.784800249235886, 27.061130527068695 ], [ 85.855899667831196, 27.045170051339742 ], [ 85.925941508975527, 27.025858802175026 ], [ 85.994727216997603, 27.003252009737409 ], [ 86.062062197813219, 26.977414283017282 ], [ 86.127756420530019, 26.948419403458285 ], [ 86.191624999556467, 26.916350089947318 ], [ 86.25348875491521, 26.881297736180173 ], [ 86.31317474862287, 26.843362121524265 ], [ 86.370516795168626, 26.802651096603011 ], [ 86.425355944308265, 26.759280244919967 ], [ 86.477540934581356, 26.713372521927752 ], [ 86.526928616157861, 26.665057873022043 ], [ 86.57338434182212, 26.614472832008072 ], [ 86.616782325107138, 26.561760101644328 ], [ 86.657005964795374, 26.507068117913796 ], [ 86.69394813520563, 26.45055059971083 ], [ 86.727511441881745, 26.392366085657233 ], [ 86.757608442492881, 26.332677459778509 ], [ 86.784161832938111, 26.271651467776323 ], [ 86.807104598824722, 26.209458225631909 ], [ 86.826380132654364, 26.146270722261256 ], [ 86.841942317205948, 26.082264317923208 ], [ 86.853755575745495, 26.017616240050923 ], [ 86.861794889822548, 25.952505078141414 ], [ 86.866045785528271, 25.887110279292546 ], [ 86.866504289192804, 25.821611645926879 ], [ 86.863176853587319, 25.756188837185135 ], [ 86.856080255770749, 25.691020875410736 ], [ 86.845241467783097, 25.626285659080537 ] ] ] } },
{ "type": "Feature", "properties": { "gdp": 29275.078048364401, "ENGTYPE_1": "UnionTerritory", "HASC_1": "IN.CH", "GID_1": "IND.6_1", "join_name": "chandigarh", "ISO_1": "IN-CH", "TYPE_1": "UnionTerritor", "NL_NAME_1": "NA", "CC_1": "NA", "NAME_1": "Chandigarh", "COUNTRY": "India", "VARNAME_1": "NA", "GID_0": "IND", "pop": 29275.078048364401 }, "geometry": { "type": "Polygon", "coordinates": [ [ [ 77.616909936738779, 30.888171600407951 ], [ 77.614422037677897, 30.869812314678121 ], [ 77.610824854087411, 30.85159051790485 ], [ 77.606128882040153, 30.833556057244749 ], [ 77.600347602014452, 30.815758237268945 ], [ 77.593497435329596, 30.798245686214646 ], [ 77.585597692902809, 30.781066224393506 ], [ 77.576670516534975, 30.764266735098804 ], [ 77.566740812947501, 30.747893038343804 ], [ 77.555836180806665, 30.731989767752477 ], [ 77.543986830984991, 30.71660025091272 ], [ 77.531225500320616, 30.701766393490956 ], [ 77.517587359146475, 30.687528567393681 ], [ 77.503109912870627, 30.67392550324988 ], [ 77.487832897897135, 30.660994187474579 ], [ 77.471798172185402, 30.648769764160061 ], [ 77.455049600751323, 30.63728544202856 ], [ 77.437632936420258, 30.626572406665066 ], [ 77.419595696146871, 30.616659738235608 ], [ 77.400987033220503, 30.607574334881491 ], [ 77.381857605679457, 30.599340841965585 ], [ 77.362259441259695, 30.591981587332356 ], [ 77.342245799207063, 30.58551652272816 ], [ 77.321871029283443, 30.579963171514141 ], [ 77.301190428299705, 30.575336582788466 ], [ 77.280260094509444, 30.571649292020542 ], [ 77.259136780198531, 30.568911288284671 ], [ 77.237877742806887, 30.567129988164908 ], [ 77.216540594918939, 30.566310216389631 ], [ 77.195183153460476, 30.566454193237792 ], [ 77.173863288438866, 30.567561528744424 ], [ 77.152638771565265, 30.569629223718675 ], [ 77.131567125095842, 30.572651677571617 ], [ 77.110705471230546, 30.5766207029368 ], [ 77.09011038240628, 30.581525547051523 ], [ 77.069837732822066, 30.587352919851735 ], [ 77.049942551532823, 30.594087028718477 ], [ 77.030478877447194, 30.601709619798914 ], [ 77.011499616564734, 30.610200025810329 ], [ 76.99305640178595, 30.6195352202203 ], [ 76.975199455627333, 30.629689877681045 ], [ 76.957977456171335, 30.640636440582156 ], [ 76.941437406579666, 30.652345191569953 ], [ 76.925624508494522, 30.664784331868109 ], [ 76.910582039649881, 30.677920065218458 ], [ 76.896351236010688, 30.691716687247585 ], [ 76.882971178753252, 30.706136680049681 ], [ 76.870478686395003, 30.721140811762108 ], [ 76.858908212375795, 30.73668824089696 ], [ 76.84829174838562, 30.75273662517662 ], [ 76.838658733726277, 30.769242234610346 ], [ 76.830035970985421, 30.786160068533302 ], [ 76.822447548291706, 30.803443976319183 ], [ 76.815914768408646, 30.821046781463703 ], [ 76.810456084912929, 30.838920408725819 ], [ 76.806087045689608, 30.857016014001573 ], [ 76.802820243962074, 30.875284116595868 ], [ 76.800665277058656, 30.893674733547069 ], [ 76.799628713101967, 30.912137515650617 ], [ 76.799714065786844, 30.930621884819764 ], [ 76.800921777395374, 30.949077172413961 ], [ 76.803249210174968, 30.967452758159343 ], [ 76.80669064618499, 30.985698209280127 ], [ 76.811237295693019, 31.003763419455552 ], [ 76.816877314178427, 31.021598747213588 ], [ 76.82359582797541, 31.039155153370718 ], [ 76.831374968561207, 31.056384337126204 ], [ 76.840193915468049, 31.073238870419225 ], [ 76.850028947769943, 31.08967233015937 ], [ 76.860853504065872, 31.105639427943583 ], [ 76.872638250852845, 31.121096136876741 ], [ 76.885351159151995, 31.135999815119266 ], [ 76.898957589221567, 31.15030932579111 ], [ 76.913420383160528, 31.163985152870641 ], [ 76.928699965176961, 31.176989512736391 ], [ 76.944754449265687, 31.189286461009754 ], [ 76.961539754011085, 31.200841994370784 ], [ 76.979009724201333, 31.211624147030893 ], [ 76.99711625891436, 31.221603081562666 ], [ 77.015809445707717, 31.230751173802343 ], [ 77.035037700519439, 31.239043091557576 ], [ 77.05474791286349, 31.246455866872676 ], [ 77.074885595879323, 31.252968961621036 ], [ 77.095395040775543, 31.258564326216757 ], [ 77.116219475187265, 31.263226451257701 ], [ 77.137301224949937, 31.266942411934128 ], [ 77.158581878777682, 31.269701905060906 ], [ 77.180002455320292, 31.271497278613701 ], [ 77.201503572063075, 31.272323553673974 ], [ 77.223025615525103, 31.272178438712114 ], [ 77.244508912205632, 31.27106233616237 ], [ 77.265893899725, 31.268978341268255 ], [ 77.287121297605552, 31.265932233202516 ], [ 77.308132277139592, 31.261932458489877 ], [ 77.328868629795721, 31.25699010678656 ], [ 77.349272933621208, 31.251118879094438 ], [ 77.369288717107636, 31.244335048512429 ], [ 77.388860619997601, 31.23665741365129 ], [ 77.407934550524857, 31.22810724486126 ], [ 77.426457838595326, 31.218708223445031 ], [ 77.444379384434626, 31.208486374049265 ], [ 77.46164980224755, 31.197469990450774 ], [ 77.478221558456411, 31.185689554971255 ], [ 77.494049104108143, 31.173177651776083 ], [ 77.509089001065107, 31.159968874328264 ], [ 77.523300041619777, 31.146099727287741 ], [ 77.53664336120147, 31.131608523160438 ], [ 77.549082543869815, 31.116535274016655 ], [ 77.560583720319855, 31.100921578611651 ], [ 77.571115658151498, 31.084810505252801 ], [ 77.580649844186723, 31.068246470768827 ], [ 77.589160558647137, 31.051275115944946 ], [ 77.596624941034321, 31.03394317779733 ], [ 77.603023047585566, 31.016298359064475 ], [ 77.608337900206521, 30.998389195300518 ], [ 77.612555526811448, 30.980264919957815 ], [ 77.615664993030478, 30.96197532784926 ], [ 77.617658425270264, 30.943570637382209 ], [ 77.618531025142403, 30.925101351954879 ], [ 77.618281075298725, 30.906618120906462 ], [ 77.616909936738779, 30.888171600407951 ] ] ] } },
{ "type": "Feature", "properties": { "gdp": 225162.99, "ENGTYPE_1": "State", "HASC_1": "IN.CT", "GID_1": "IND.7_1", "join_name": "chhattisgarh", "ISO_1": "IN-CT", "TYPE_1": "State", "NL_NAME_1": "NA", "CC_1": "NA", "NAME_1": "Chhattisgarh", "COUNTRY": "India", "VARNAME_1": "NA", "GID_0": "IND", "pop": 225162.99 }, "geometry": { "type": "Polygon", "coordinates": [ [ [ 83.02806406311187, 21.100350160655744 ], [ 83.019137924467245, 21.050672049355622 ], [ 83.00746476038897, 21.0015071899013 ], [ 82.99308038311662, 20.952989258809421 ], [ 82.976027821072179, 20.905249916918628 ], [ 82.956357162544549, 20.858418463178641 ], [ 82.934125382939484, 20.812621497382395 ], [ 82.909396156426212, 20.767982592575013 ], [ 82.882239652817418, 20.724621977821958 ], [ 82.852732320517333, 20.682656231968583 ], [ 82.820956656369106, 20.642197988974662 ], [ 82.787000963222425, 20.603355655358477 ], [ 82.750959096030655, 20.566233140239262 ], [ 82.712930197270737, 20.530929598421757 ], [ 82.673018422461197, 20.49753918692393 ], [ 82.6313326565338, 20.466150835308451 ], [ 82.587986221792733, 20.436848030139672 ], [ 82.543096578172452, 20.409708613853155 ], [ 82.496785016483301, 20.384804598289584 ], [ 82.449176345309013, 20.362201993115921 ], [ 82.400398572199364, 20.34196064932604 ], [ 82.350582579777551, 20.324134117988418 ], [ 82.299861797361274, 20.308769524383809 ], [ 82.248371868676543, 20.295907457653943 ], [ 82.196250316225147, 20.285581876063009 ], [ 82.143636202850146, 20.277820027954839 ], [ 82.090669791029882, 20.272642388473127 ], [ 82.037492200418811, 20.270062612096375 ], [ 81.984245064144503, 20.270087501025287 ], [ 81.931070184362923, 20.272716989447755 ], [ 81.87810918757026, 20.277944143693023 ], [ 81.825503180168326, 20.285755178275245 ], [ 81.773392404781546, 20.296129487814124 ], [ 81.721915897828211, 20.309039694807147 ], [ 81.671211148855022, 20.324451713215566 ], [ 81.621413762153722, 20.342324827812124 ], [ 81.572657121190389, 20.362611789222701 ], [ 81.52507205639202, 20.385258924578576 ], [ 81.478786516851812, 20.410206263677505 ], [ 81.433925246532269, 20.437387680531472 ], [ 81.390609465565305, 20.466731050158302 ], [ 81.348956557270142, 20.498158420449059 ], [ 81.309079761531351, 20.531586198917751 ], [ 81.271087875202696, 20.566925354110829 ], [ 81.235084960225549, 20.604081631423242 ], [ 81.201170060173908, 20.642955783033816 ], [ 81.169436925959715, 20.68344381163725 ], [ 81.139973751454917, 20.725437227611661 ], [ 81.112862919805465, 20.768823319219141 ], [ 81.088180761231058, 20.813485435395812 ], [ 81.065997323119902, 20.85930328064082 ], [ 81.046376153239933, 20.906153221469207 ], [ 81.029374096897087, 20.953908603844042 ], [ 81.015041108876403, 21.002440080954944 ], [ 81.003420081001366, 21.051615950659333 ], [ 80.994546686143607, 21.101302501852018 ], [ 80.988449239503652, 21.151364368978147 ], [ 80.985148577968715, 21.201664893853753 ], [ 80.984657958330615, 21.252066493907794 ], [ 80.986982975118536, 21.302431035911372 ], [ 80.992121498765485, 21.352620214211978 ], [ 81.000063634784738, 21.402495932445969 ], [ 81.01079170458236, 21.451920687659737 ], [ 81.024280248474469, 21.500757955730048 ], [ 81.040496051413143, 21.548872576939146 ], [ 81.059398191853035, 21.596131140527127 ], [ 81.080938114110737, 21.642402367016864 ], [ 81.105059724483965, 21.687557487084671 ], [ 81.131699511304092, 21.731470615731556 ], [ 81.160786688997263, 21.774019120498505 ], [ 81.192243366125311, 21.815083982463559 ], [ 81.225984737268391, 21.854550148758655 ], [ 81.26191929849827, 21.892306875350322 ], [ 81.29994908607479, 21.928248058843295 ], [ 81.339969937879104, 21.962272556084457 ], [ 81.38187177697732, 21.994284490373122 ], [ 81.42553891658703, 22.024193543116379 ], [ 81.470850385599732, 22.051915229809769 ], [ 81.517680273693955, 22.077371159270395 ], [ 81.565898094957959, 22.100489275103477 ], [ 81.615369168830966, 22.12120407844402 ], [ 81.665955017064363, 22.139456831080889 ], [ 81.71751377530579, 22.155195738142734 ], [ 81.769900617815821, 22.168376109602434 ], [ 81.822968193743165, 22.178960499938395 ], [ 81.876567073309445, 22.186918825377532 ], [ 81.930546202189518, 22.192228458234858 ], [ 81.984753362319395, 22.194874297957693 ], [ 82.03903563732122, 22.194848818578333 ], [ 82.093239880704004, 22.192152092377491 ], [ 82.147213184979762, 22.186791789659118 ], [ 82.200803349829329, 22.178783154637763 ], [ 82.253859347457734, 22.168148957539152 ], [ 82.306231783298543, 22.154919423114041 ], [ 82.357773350256792, 22.13913213586298 ], [ 82.408339274723915, 22.120831922365689 ], [ 82.457787752651527, 22.100070711201962 ], [ 82.505980374036383, 22.076907371040882 ], [ 82.552782534244102, 22.05140752756143 ], [ 82.598063830682733, 22.023643359949396 ], [ 82.641698443430926, 21.993693377792699 ], [ 82.683565498524302, 21.961642179268594 ], [ 82.72354941271044, 21.92758019158298 ], [ 82.761540218594149, 21.8916033946814 ], [ 82.797433869209385, 21.853813029305435 ], [ 82.831132521173132, 21.814315290515722 ], [ 82.862544795696451, 21.773221007843009 ], [ 82.891586016847782, 21.730645313262048 ], [ 82.918178426584973, 21.686707298211175 ], [ 82.942251376190342, 21.641529660899401 ], [ 82.963741493860041, 21.595238345156471 ], [ 82.982592828311567, 21.547962172088532 ], [ 82.998756968382779, 21.499832465801195 ], [ 83.012193138699345, 21.450982674447172 ], [ 83.022868271586233, 21.401547987842267 ], [ 83.030757055491662, 21.351664952877357 ], [ 83.03584196027721, 21.301471087930029 ], [ 83.038113239807871, 21.251104497452836 ], [ 83.037568912346813, 21.200703487882251 ], [ 83.034214719324837, 21.150406185977268 ], [ 83.02806406311187, 21.100350160655744 ] ] ] } },
{ "type": "Feature", "properties": { "gdp": 55053.853141522231, "ENGTYPE_1": "State", "HASC_1": "IN.GA", "GID_1": "IND.10_1", "join_name": "goa", "ISO_1": "IN-GA", "TYPE_1": "State", "NL_NAME_1": "NA", "CC_1": "NA", "NAME_1": "Goa", "COUNTRY": "India", "VARNAME_1": "Gôa", "GID_0": "IND", "pop": 55053.853141522231 }, "geometry": { "type": "Polygon", "coordinates": [ [ [ 74.283807055391094, 15.412705700891735 ], [ 74.281673344705567, 15.388440632422945 ], [ 74.278234978187001, 15.364319868594093 ], [ 74.273502270877728, 15.340409343534622 ], [ 74.267489053592087, 15.316774348430945 ], [ 74.260212625680225, 15.293479355292503 ], [ 74.251693698755844, 15.270587843660376 ], [ 74.241956331636118, 15.248162130695782 ], [ 74.231027856760363, 15.226263205068717 ], [ 74.21893879836955, 15.204950565049849 ], [ 74.205722782742981, 15.18428206119207 ], [ 74.191416440801518, 15.164313743969043 ], [ 74.176059303397906, 15.145099716720567 ], [ 74.159693689624632, 15.126691994235966 ], [ 74.142364588478642, 15.109140367287555 ], [ 74.12411953422972, 15.092492273408622 ], [ 74.105008475845082, 15.076792674190514 ], [ 74.08508364082914, 15.062083939355922 ], [ 74.064399393840816, 15.048405737846597 ], [ 74.043012090454653, 15.035794936145614 ], [ 74.020979926435302, 15.024285504036394 ], [ 73.998362782896308, 15.013908427983255 ], [ 73.975222067716572, 15.004691632300478 ], [ 73.951620553588725, 14.99665990826006 ], [ 73.927622213074187, 14.989834851271549 ], [ 73.903292051041149, 14.984234806250717 ], [ 73.878695934860787, 14.979874821277367 ], [ 73.85390042273832, 14.976766609627155 ], [ 73.828972590554812, 14.974918520246099 ], [ 73.803979857595834, 14.974335516720386 ], [ 73.778989811543084, 14.97501916478002 ], [ 73.754070033105108, 14.976967628357833 ], [ 73.729287920662955, 14.980175674211248 ], [ 73.704710515306488, 14.984634685098692 ], [ 73.680404326638296, 14.990332681486572 ], [ 73.656435159719919, 14.997254351748671 ], [ 73.632867943537747, 15.005381090802915 ], [ 73.609766561363969, 15.014691047115994 ], [ 73.587193683389046, 15.025159177989762 ], [ 73.565210602001301, 15.036757313027902 ], [ 73.543877070089721, 15.049454225664393 ], [ 73.523251142744471, 15.06321571261932 ], [ 73.503389022729749, 15.078004681130796 ], [ 73.484344910101569, 15.093781243794012 ], [ 73.466170856342103, 15.110502820821646 ], [ 73.448916623379006, 15.128124249522088 ], [ 73.432629547856365, 15.146597900773614 ], [ 73.417354411019204, 15.165873802254913 ], [ 73.403133314569885, 15.185899768173762 ], [ 73.3900055628487, 15.206621535217147 ], [ 73.378007551684888, 15.227982904427517 ], [ 73.367172664256586, 15.249925888691278 ], [ 73.357531174289633, 15.272390865506829 ], [ 73.349110156914705, 15.295316734681293 ], [ 73.341933407491325, 15.318641080586572 ], [ 73.336021368693977, 15.342300338587183 ], [ 73.331391066141308, 15.366229965235757 ], [ 73.328056052833205, 15.390364611813702 ], [ 73.326026362643134, 15.414638300779625 ], [ 73.325308473093941, 15.438984604671369 ], [ 73.325905277623605, 15.463336826993492 ], [ 73.327816067525873, 15.487628184608491 ], [ 73.33103652372553, 15.511791991136963 ], [ 73.335558718522535, 15.535761840861133 ], [ 73.34137112741152, 15.559471792616351 ], [ 73.348458651054258, 15.582856553146803 ], [ 73.35680264745217, 15.605851659394686 ], [ 73.36638097433368, 15.628393659187585 ], [ 73.377168041738813, 15.650420289785792 ], [ 73.38913487474872, 15.671870653749396 ], [ 73.402249186272812, 15.692685391586824 ], [ 73.416475459770453, 15.7128068506487 ], [ 73.431775041747414, 15.732179249736586 ], [ 73.448106243830466, 15.750748838902734 ], [ 73.465424454186817, 15.768464053927437 ], [ 73.483682258017183, 15.785275664971566 ], [ 73.502829566815691, 15.801136918916317 ], [ 73.522813756052543, 15.816003674918161 ], [ 73.543579810900283, 15.829834532725954 ], [ 73.565070479590617, 15.842590953326946 ], [ 73.587226433953759, 15.854237371512264 ], [ 73.609986436662936, 15.86474129997584 ], [ 73.633287514674109, 15.874073424588733 ], [ 73.657065138324711, 15.882207690517989 ], [ 73.681253405528224, 15.889121378890454 ], [ 73.705785230478071, 15.894795173732765 ], [ 73.730592536253113, 15.89921321895223 ], [ 73.755606450698892, 15.902363165157574 ], [ 73.780757504942784, 15.904236206153737 ], [ 73.805975833889121, 15.904827104981493 ], [ 73.831191378030638, 15.904134209408914 ], [ 73.85633408590607, 15.902159456820085 ], [ 73.881334116531136, 15.89890836848325 ], [ 73.906122041129905, 15.894390033218952 ], [ 73.930629043496793, 15.888617080526268 ], [ 73.954787118326493, 15.88160564326277 ], [ 73.978529266858402, 15.873375310010189 ], [ 74.001789689194979, 15.863949067294692 ], [ 74.024503972669777, 15.853353231865583 ], [ 74.04660927565844, 15.841617373270211 ], [ 74.068044506248512, 15.828774226996437 ], [ 74.088750495206611, 15.814859598484835 ], [ 74.10867016270862, 15.799912258343616 ], [ 74.127748678326185, 15.783973829126888 ], [ 74.145933613793304, 15.767088664063719 ], [ 74.16317508810873, 15.7493037181498 ], [ 74.179425904563274, 15.730668412036424 ], [ 74.194641679315552, 15.711234489171646 ], [ 74.20878096117535, 15.691055866666558 ], [ 74.221805342290381, 15.670188480376387 ], [ 74.233679559468172, 15.648690124699296 ], [ 74.244371585903053, 15.62662028760772 ], [ 74.253852713113972, 15.604039981436182 ], [ 74.262097622936921, 15.58101156995704 ], [ 74.269084449451285, 15.557598592280272 ], [ 74.274794830755823, 15.533865584115842 ], [ 74.279213950544772, 15.509877896939013 ], [ 74.282330569468954, 15.485701515596233 ], [ 74.284137046299463, 15.461402874887177 ], [ 74.284629348943298, 15.437048675652665 ], [ 74.283807055391094, 15.412705700891735 ] ] ] } },
{ "type": "Feature", "properties": { "gdp": 1029009.7408125672, "ENGTYPE_1": "State", "HASC_1": "IN.GJ", "GID_1": "IND.11_1", "join_name": "gujarat", "ISO_1": "IN-GJ", "TYPE_1": "State", "NL_NAME_1": "NA", "CC_1": "NA", "NAME_1": "Gujarat", "COUNTRY": "India", "VARNAME_1": "Goudjerate|Gujerat|Gujerate", "GID_0": "IND", "pop": 1029009.7408125672 }, "geometry": { "type": "Polygon", "coordinates": [ [ [ 73.757250861530011, 22.64917461177771 ], [ 73.747924985849039, 22.541334734162128 ], [ 73.732563723142391, 22.43412611777498 ], [ 73.711228303716723, 22.3278398648064 ], [ 73.68399560696696, 22.222763372043168 ], [ 73.650957757316547, 22.119179587991947 ], [ 73.612221690235174, 22.017366294441604 ], [ 73.567908691249116, 21.917595413765625 ], [ 73.518153910752673, 21.820132343072753 ], [ 73.463105857304399, 21.725235316128654 ], [ 73.402925871952206, 21.633154793793047 ], [ 73.337787585982198, 21.544132883549043 ], [ 73.267876364325929, 21.458402788544067 ], [ 73.193388736696036, 21.37618828641693 ], [ 73.114531818350059, 21.297703238052566 ], [ 73.031522722211648, 21.223151126288133 ], [ 72.944587963906741, 21.15272462448878 ], [ 72.853962861103824, 21.086605194821555 ], [ 72.759890928381864, 21.0249627159805 ], [ 72.662623268689359, 20.967955140054151 ], [ 72.56241796230502, 20.915728178180881 ], [ 72.459539454064171, 20.868415014603983 ], [ 72.354257939478657, 20.826136048719604 ], [ 72.24684875024991, 20.788998664704049 ], [ 72.137591739558871, 20.757097028312561 ], [ 72.02677066740921, 20.730511910458372 ], [ 71.914672586207445, 20.70931053720825 ], [ 71.8015872266797, 20.693546465865968 ], [ 71.687806384156161, 20.683259486860003 ], [ 71.573623305196193, 20.678475551201117 ], [ 71.459332074482774, 20.679206723332811 ], [ 71.345227001884481, 20.685451159256299 ], [ 71.231602009563545, 20.697193109874874 ], [ 71.118750019005205, 20.714402949566068 ], [ 71.006962337850879, 20.73703723005363 ], [ 70.89652804644011, 20.76503875971343 ], [ 70.787733384000049, 20.798336708505882 ], [ 70.680861134470121, 20.836846738783041 ], [ 70.576190012009576, 20.880471162266378 ], [ 70.473994046308675, 20.929099123533966 ], [ 70.37454196791073, 20.982606810389083 ], [ 70.278096593848417, 21.040857691506819 ], [ 70.184914214008174, 21.10370278176913 ], [ 70.095243978754709, 21.170980935701309 ], [ 70.009327288479071, 21.24251916941288 ], [ 69.927397185872195, 21.318133011423644 ], [ 69.849677751873898, 21.397626882718523 ], [ 69.77638350640315, 21.480794506325115 ], [ 69.70771881513619, 21.567419346642033 ], [ 69.643877303765834, 21.657275078667585 ], [ 69.585041281345241, 21.750126087183549 ], [ 69.531381174490377, 21.8457279958409 ], [ 69.483054974385865, 21.943828225971384 ], [ 69.440207698709202, 22.044166584813926 ], [ 69.402970870750195, 22.146475882695484 ], [ 69.371462018161566, 22.250482578546393 ], [ 69.345784193922569, 22.355907452959155 ], [ 69.326025522234261, 22.462466307819877 ], [ 69.312258772184336, 22.569870691353547 ], [ 69.304540962123056, 22.677828647230058 ], [ 69.30291299777295, 22.78604548618026 ], [ 69.307399347153989, 22.894224578369656 ], [ 69.31800775543789, 23.002068164576528 ], [ 69.334729002847808, 23.109278184021736 ], [ 69.35753670869174, 23.21555711650139 ], [ 69.386387184554735, 23.320608836284475 ], [ 69.421219339577021, 23.424139475055913 ], [ 69.46195464060871, 23.525858291015133 ], [ 69.508497129856892, 23.625478541082508 ], [ 69.560733502426174, 23.722718353022838 ], [ 69.618533245899357, 23.817301594169198 ], [ 69.681748843811192, 23.908958733323892 ], [ 69.750216044535321, 23.99742769232623 ], [ 69.82375419673626, 24.082454683712623 ], [ 69.902166652134142, 24.163795030854409 ], [ 69.985241235896325, 24.241213966942194 ], [ 70.072750784507406, 24.31448740919517 ], [ 70.164453750485052, 24.383402704710583 ], [ 70.260094872806661, 24.447759344429912 ], [ 70.359405911396976, 24.507369641788404 ], [ 70.462106443507508, 24.562059372730467 ], [ 70.567904719298497, 24.611668373914927 ], [ 70.676498573422421, 24.656051096102267 ], [ 70.787576388911987, 24.695077109906524 ], [ 70.900818109198951, 24.728631561310653 ], [ 71.015896293645028, 24.756615574579115 ], [ 71.132477211554118, 24.77894660045812 ], [ 71.25022196926696, 24.795558707827283 ], [ 71.368787664617088, 24.806402817255766 ], [ 71.487828562758423, 24.811446875217964 ], [ 71.606997287163125, 24.810675968037202 ], [ 71.725946019437259, 24.804092374945878 ], [ 71.844327701512938, 24.791715559977504 ], [ 71.961797233752591, 24.773582102734025 ], [ 72.078012662541312, 24.749745568400098 ], [ 72.192636351048819, 24.720276317700865 ], [ 72.305336127009781, 24.685261257818954 ], [ 72.41578640159878, 24.644803535596743 ], [ 72.523669253759266, 24.59902217464856 ], [ 72.628675474680293, 24.548051658293296 ], [ 72.730505567496053, 24.492041460486771 ], [ 72.828870697703763, 24.431155527184028 ], [ 72.923493590250473, 24.365571710792576 ], [ 73.014109369720572, 24.295481160586448 ], [ 73.100466340558114, 24.221087672135916 ], [ 73.182326704771441, 24.142606998968734 ], [ 73.259467215089089, 24.060266129814242 ], [ 73.331679762054094, 23.974302534889475 ], [ 73.398771894056296, 23.884963384769879 ], [ 73.460567269800023, 23.792504745442049 ], [ 73.516906043184179, 23.697190753164858 ], [ 73.567645181025782, 23.599292772768319 ], [ 73.612658714485576, 23.499088542996724 ], [ 73.651837925448163, 23.396861312455805 ], [ 73.685091469468873, 23.29289896965307 ], [ 73.712345437221572, 23.187493170528583 ], [ 73.733543356665947, 23.080938466761317 ], [ 73.748646138395401, 22.973531438005441 ], [ 73.75763196683215, 22.865569831064015 ], [ 73.760496140099789, 22.757351708845757 ], [ 73.757250861530011, 22.64917461177771 ] ] ] } },
{ "type": "Feature", "properties": { "gdp": 495504.10640162957, "ENGTYPE_1": "State", "HASC_1": "IN.HR", "GID_1": "IND.12_1", "join_name": "haryana", "ISO_1": "IN-HR", "TYPE_1": "State", "NL_NAME_1": "NA", "CC_1": "NA", "NAME_1": "Haryana", "COUNTRY": "India", "VARNAME_1": "NA", "GID_0": "IND", "pop": 495504.10640162957 }, "geometry": { "type": "Polygon", "coordinates": [ [ [ 76.202249336621421, 29.267775839989916 ], [ 76.193338916279515, 29.192205522413392 ], [ 76.17995143634495, 29.11715131412662 ], [ 76.162134030992945, 29.042817466837814 ], [ 76.139945537288185, 28.96940574534932 ], [ 76.113456228055256, 28.897114896599188 ], [ 76.082747520083032, 28.826140132308218 ], [ 76.04791165943648, 28.756672626341565 ], [ 76.009051385616104, 28.688899027799671 ], [ 75.966279576259012, 28.62300099076036 ], [ 75.919718874020916, 28.559154721503788 ], [ 75.869501297215081, 28.497530543963414 ], [ 75.815767835713075, 28.438292484062178 ], [ 75.758668033537234, 28.381597873513311 ], [ 75.698359559493639, 28.327596973588381 ], [ 75.635007767112299, 28.276432619285821 ], [ 75.56878524507519, 28.228239884266539 ], [ 75.499871359228763, 28.183145766864246 ], [ 75.428451787192088, 28.141268897423338 ], [ 75.354718046488145, 28.102719267168542 ], [ 75.278867017045982, 28.06759797876876 ], [ 75.201100458843001, 28.035997018719026 ], [ 75.121624525383751, 28.007999051634354 ], [ 75.040649273642487, 27.98367723652154 ], [ 74.958388171034002, 27.963095065074981 ], [ 74.875057599919245, 27.946306222024646 ], [ 74.790876360101294, 27.933354467552558 ], [ 74.706065169723502, 27.92427354178481 ], [ 74.6208461649437, 27.919087091360581 ], [ 74.535442398729188, 27.917808618077082 ], [ 74.45007733909469, 27.920441449607264 ], [ 74.364974367091364, 27.926978732289303 ], [ 74.280356274848103, 27.937403445986359 ], [ 74.196444763968003, 27.951688441018508 ], [ 74.113459944591881, 27.969796497168254 ], [ 74.03161983545823, 27.991680404762427 ], [ 73.951139865313195, 28.017283067830871 ], [ 73.872232376057127, 28.046537629338648 ], [ 73.79510612805359, 28.079367618482092 ], [ 73.71996580807334, 28.115687120028358 ], [ 73.647011540399291, 28.155400965664924 ], [ 73.576438401677748, 28.19840494730618 ], [ 73.508435940166635, 28.244586052282497 ], [ 73.443187700101845, 28.293822720307599 ], [ 73.380870751977668, 28.345985122087779 ], [ 73.32165522961597, 28.400935459397019 ], [ 73.265703874980758, 28.458528286396994 ], [ 73.213171591778462, 28.518610851931303 ], [ 73.164205008969532, 28.581023462466217 ], [ 73.11894205540203, 28.645599865288972 ], [ 73.077511546862382, 28.71216765150692 ], [ 73.040032786920719, 28.780548678318947 ], [ 73.00661518302681, 28.850559509952284 ], [ 72.977357879387043, 28.922011876577614 ], [ 72.952349408221068, 28.994713150428318 ], [ 72.931667361057237, 29.068466838261465 ], [ 72.915378081778059, 29.143073089207068 ], [ 72.903536383168699, 29.218329216958125 ], [ 72.8961852887508, 29.294030235159454 ], [ 72.893355801702029, 29.369969404758702 ], [ 72.895066702662334, 29.445938791988947 ], [ 72.901324378216842, 29.521729835559157 ], [ 72.912122681812917, 29.597133921538656 ], [ 72.927442828822578, 29.671942964335262 ], [ 72.947253327393554, 29.7459499920841 ], [ 72.971509946646123, 29.818949734687148 ], [ 73.000155723666438, 29.890739212672909 ], [ 73.033121010620107, 29.961118324981872 ], [ 73.070323563162788, 30.029890433728497 ], [ 73.111668671157318, 30.096862943943517 ], [ 73.157049332519776, 30.161847876263597 ], [ 73.206346470812292, 30.224662430509433 ], [ 73.259429196976328, 30.285129538077495 ], [ 73.316155115362079, 30.343078401066652 ], [ 73.376370673956146, 30.398345016069612 ], [ 73.439911558443754, 30.450772680578506 ], [ 73.506603129467777, 30.500212479987681 ], [ 73.57626090216327, 30.546523753221237 ], [ 73.648691066760946, 30.589574535071446 ], [ 73.723691048764749, 30.629241973404643 ], [ 73.801050106923256, 30.665412719472602 ], [ 73.880549966935035, 30.697983289663483 ], [ 73.961965488555776, 30.726860397131187 ], [ 74.045065363516983, 30.751961251857924 ], [ 74.129612841421704, 30.773213827832762 ], [ 74.215366480557506, 30.790557096163461 ], [ 74.302080920364318, 30.803941223083541 ], [ 74.389507672114974, 30.81332773196814 ], [ 74.477395924214676, 30.818689628629972 ], [ 74.56549335840235, 30.820011489329755 ], [ 74.653546973044229, 30.817289511103176 ], [ 74.741303909649901, 30.810531524175925 ], [ 74.828512278713561, 30.799756966410637 ], [ 74.914921980988524, 30.784996819901632 ], [ 75.000285520342686, 30.766293510004587 ], [ 75.084358804413512, 30.743700767257515 ], [ 75.166901929384949, 30.717283452815874 ], [ 75.247679945341645, 30.687117348185129 ], [ 75.326463598817639, 30.653288910191126 ], [ 75.403030049344508, 30.615894992276658 ], [ 75.477163557014876, 30.575042533354644 ], [ 75.548656138309383, 30.530848215581027 ], [ 75.617308187684444, 30.483438092532737 ], [ 75.682929062681723, 30.432947189390596 ], [ 75.74533763059533, 30.379519076826821 ], [ 75.804362775014667, 30.323305420389278 ], [ 75.85984386084813, 30.264465507250943 ], [ 75.911631156719508, 30.203165752260862 ], [ 75.959586213914932, 30.13957918528569 ], [ 76.003582201338261, 30.07388492187151 ], [ 76.043504196204609, 30.006267619285353 ], [ 76.079249430462866, 29.936916920010596 ], [ 76.11072749318744, 29.866026884774893 ], [ 76.137860489412333, 29.793795417181411 ], [ 76.160583156097942, 29.720423681994969 ], [ 76.178842936119977, 29.646115519103407 ], [ 76.192600011350663, 29.571076855136717 ], [ 76.201827296061296, 29.495515114673911 ], [ 76.206510392016995, 29.419638632911784 ], [ 76.206647506752901, 29.343656071601828 ], [ 76.202249336621421, 29.267775839989916 ] ] ] } },
{ "type": "Feature", "properties": { "gdp": 114239.40708921342, "ENGTYPE_1": "UnionTerritory", "HASC_1": "IN.HP", "GID_1": "IND.13_1", "join_name": "himachalpradesh", "ISO_1": "IN-HP", "TYPE_1": "UnionTerritor", "NL_NAME_1": "NA", "CC_1": "NA", "NAME_1": "HimachalPradesh", "COUNTRY": "India", "VARNAME_1": "NA", "GID_0": "IND", "pop": 114239.40708921342 }, "geometry": { "type": "Polygon", "coordinates": [ [ [ 78.348508956711939, 31.880709462955235 ], [ 78.343250282689468, 31.844465511411386 ], [ 78.335781699100593, 31.808505786554967 ], [ 78.326126197427726, 31.772928469471417 ], [ 78.314312649311461, 31.737830581771941 ], [ 78.300375701526718, 31.703307725101268 ], [ 78.284355656745234, 31.669453825692926 ], [ 78.266298340663454, 31.636360884600339 ], [ 78.246254956089814, 31.604118734202849 ], [ 78.224281924596724, 31.572814801559005 ], [ 78.20044071635138, 31.54253387915028 ], [ 78.174797668743579, 31.513357903529947 ], [ 78.147423794430978, 31.485365742362472 ], [ 78.118394579421732, 31.458632990309972 ], [ 78.087789771810748, 31.433231774193533 ], [ 78.055693161781747, 31.409230567828352 ], [ 78.022192353479483, 31.386694016903419 ], [ 77.987378529349485, 31.365682774249102 ], [ 77.951346207532907, 31.346253345808201 ], [ 77.914192992894243, 31.328457947599695 ], [ 77.876019322249647, 31.312344373938963 ], [ 77.836928204352446, 31.297955877151473 ], [ 77.797024955182721, 31.285331058994256 ], [ 77.756416929076678, 31.274503773973748 ], [ 77.715213246222618, 31.265503044726461 ], [ 77.673524517040605, 31.258352989605562 ], [ 77.631462563955452, 31.2530727625943 ], [ 77.589140141065045, 31.249676505646281 ], [ 77.546670652200177, 31.248173313530064 ], [ 77.504167867867835, 31.248567211235951 ], [ 77.461745641565898, 31.250857143981122 ], [ 77.419517625955976, 31.255036979829701 ], [ 77.377596989380081, 31.261095524923171 ], [ 77.336096133208727, 31.269016551296691 ], [ 77.295126410509255, 31.278778837235961 ], [ 77.254797846528433, 31.290356220108844 ], [ 77.215218861487358, 31.303717661584642 ], [ 77.176495996194163, 31.318827325132741 ], [ 77.138733640986587, 31.335644665670177 ], [ 77.102033768525914, 31.354124531205752 ], [ 77.066495670972216, 31.374217276304794 ], [ 77.032215702081771, 31.39586888717551 ], [ 76.999287024776962, 31.419021118153353 ], [ 76.967799364750149, 31.443611639335078 ], [ 76.937838770673409, 31.469574195088725 ], [ 76.909487381595966, 31.496838773138617 ], [ 76.882823202121187, 31.525331783899368 ], [ 76.857919885963227, 31.554976249703397 ], [ 76.834846528491482, 31.585692003539883 ], [ 76.813667468876616, 31.617395896894273 ], [ 76.794442102456216, 31.650002016248759 ], [ 76.77722470394076, 31.683421907774871 ], [ 76.762064262079249, 31.717564809721097 ], [ 76.749004326401831, 31.752337891968434 ], [ 76.738082866649819, 31.787646502199163 ], [ 76.729332145494581, 31.823394418094928 ], [ 76.722778605133172, 31.859484104952813 ], [ 76.718442768332153, 31.895816978081253 ], [ 76.716339154469679, 31.932293669311495 ], [ 76.716476211100783, 31.968814296935513 ], [ 76.718856261540907, 32.005278738357951 ], [ 76.723475468928726, 32.041586904728305 ], [ 76.730323817190012, 32.077639016798884 ], [ 76.73938510928096, 32.11333588123685 ], [ 76.750636983041247, 32.148579166603248 ], [ 76.764050944933686, 32.183271678198118 ], [ 76.779592421891294, 32.217317630960729 ], [ 76.797220831429115, 32.250622919606897 ], [ 76.816889670114975, 32.283095385179415 ], [ 76.838546620421752, 32.314645077187748 ], [ 76.862133675912546, 32.345184510513711 ], [ 76.88758728463398, 32.374628916265664 ], [ 76.914838510514159, 32.402896485772601 ], [ 76.94381321248278, 32.429908606921195 ], [ 76.974432240947806, 32.455590092055147 ], [ 77.0066116511818, 32.479869396675674 ], [ 77.040262933087647, 32.502678828204708 ], [ 77.075293256731044, 32.523954744099079 ], [ 77.111605732946515, 32.543637738634395 ], [ 77.149099688243851, 32.56167281771026 ], [ 77.187670953165181, 32.578009561065713 ], [ 77.227212163169369, 32.592602271333561 ], [ 77.267613071050675, 32.605410109405334 ], [ 77.308760869833506, 32.616397215623621 ], [ 77.35054052502484, 32.625532816368199 ], [ 77.392835115052264, 32.632791315651239 ], [ 77.435526178666876, 32.638152371391215 ], [ 77.478494068050182, 32.641600956087871 ], [ 77.521618306329231, 32.64312740167874 ], [ 77.564777948178531, 32.642727428412506 ], [ 77.60785194216875, 32.640402157634696 ], [ 77.650719493510962, 32.636158108438423 ], [ 77.693260425844286, 32.630007178192891 ], [ 77.735355540718459, 32.621966607020248 ], [ 77.77688697343909, 32.612058926350784 ], [ 77.817738543962903, 32.60031189174363 ], [ 77.857796101561561, 32.586758400217164 ], [ 77.896947862008517, 32.571436392388449 ], [ 77.935084736087589, 32.554388739775241 ], [ 77.972100648272956, 32.535663117665301 ], [ 78.007892844486292, 32.515311864008034 ], [ 78.042362187899144, 32.493391824830489 ], [ 78.075413441816352, 32.469964186724042 ], [ 78.106955538746618, 32.445094296990185 ], [ 78.136901834842504, 32.418851472072383 ], [ 78.165170348969326, 32.391308794936251 ], [ 78.191683985742884, 32.362542902092592 ], [ 78.216370741957647, 32.33263376098639 ], [ 78.23916389590957, 32.301664438500246 ], [ 78.260002179200598, 32.269720861341717 ], [ 78.278829930693561, 32.236891569102646 ], [ 78.295597232368351, 32.20326746079251 ], [ 78.310260026908466, 32.168941535658789 ], [ 78.322780216925381, 32.134008629114412 ], [ 78.333125745801738, 32.098565144596286 ], [ 78.341270660206462, 32.062708782179357 ], [ 78.347195154402371, 32.026538264767964 ], [ 78.350885596530517, 31.990153062680019 ], [ 78.352334537115993, 31.953653117431113 ], [ 78.351540700094731, 31.91713856551414 ], [ 78.348508956711939, 31.880709462955235 ] ] ] } },
{ "type": "Feature", "properties": { "gdp": 117167.95243207288, "ENGTYPE_1": "State", "HASC_1": "IN.JK", "GID_1": "Z01.14_1", "join_name": "jammuandkashmir", "ISO_1": "NA", "TYPE_1": "State", "NL_NAME_1": "NA", "CC_1": "NA", "NAME_1": "JammuandKashmir", "COUNTRY": "India", "VARNAME_1": "NA", "GID_0": "Z01", "pop": 117167.95243207288 }, "geometry": { "type": "Polygon", "coordinates": [ [ [ 77.420134591695657, 33.714908179509713 ], [ 77.415081721605162, 33.678180963178491 ], [ 77.407741735343038, 33.641724070370934 ], [ 77.398137460772361, 33.605637066909075 ], [ 77.386297814840873, 33.570018393301098 ], [ 77.372257696431348, 33.534965100116686 ], [ 77.356057864499135, 33.500572588333156 ], [ 77.337744802102051, 33.466934355293901 ], [ 77.317370566945172, 33.434141746892877 ], [ 77.294992629072567, 33.402283716572128 ], [ 77.27067369634662, 33.371446591689015 ], [ 77.244481528359984, 33.341713847782408 ], [ 77.216488739426026, 33.313165891237254 ], [ 77.186772591291856, 33.28587985081726 ], [ 77.155414776214485, 33.259929378507287 ], [ 77.122501191033876, 33.235384460077064 ], [ 77.088121702869259, 33.212311235750057 ], [ 77.052369907054953, 33.19077183133227 ], [ 77.015342877922265, 33.170824200128969 ], [ 76.977140913021984, 33.152521975949547 ], [ 76.937867271370578, 33.13591433747429 ], [ 76.897627906291348, 33.121045884231428 ], [ 76.856531193409367, 33.107956524406823 ], [ 76.814687654347935, 33.096681374685168 ], [ 76.772209676663195, 33.087250672296094 ], [ 76.729211230543015, 33.079689699417024 ], [ 76.685807582787504, 33.074018720060337 ], [ 76.642115008580021, 33.070252929551188 ], [ 76.598250501551021, 33.068402416679398 ], [ 76.554331482631241, 33.068472138588625 ], [ 76.510475508187582, 33.070461908443306 ], [ 76.466799977931856, 33.074366395894437 ], [ 76.423421843092299, 33.080175140342462 ], [ 76.380457315338646, 33.087872576976494 ], [ 76.338021576953622, 33.097438075546073 ], [ 76.296228492748341, 33.108845991802468 ], [ 76.255190324223847, 33.122065731522802 ], [ 76.215017446488744, 33.137061827010506 ], [ 76.175818068450354, 33.153794025941529 ], [ 76.137697956806718, 33.172217392404093 ], [ 76.100760164376354, 33.192282419955852 ], [ 76.065104763314764, 33.213935156498444 ], [ 76.030828583776923, 33.237117340744675 ], [ 75.998024958598378, 33.261766550028767 ], [ 75.966783474578222, 33.287816359183395 ], [ 75.937189730960071, 33.315196510181813 ], [ 75.909325105717656, 33.343833092214645 ], [ 75.883266530262389, 33.37364873184498 ], [ 75.859086273199935, 33.404562792855494 ], [ 75.836851733769706, 33.436491585374021 ], [ 75.816625245608492, 33.469348583834119 ], [ 75.798463891482228, 33.503044653298325 ], [ 75.782419329632106, 33.53748828364288 ], [ 75.768537632379562, 33.572585831072601 ], [ 75.756859137630016, 33.608241766406863 ], [ 75.747418313908, 33.644358929548062 ], [ 75.740243639543209, 33.680838789516379 ], [ 75.735357496613275, 33.71758170940771 ], [ 75.732776080226941, 33.754487215605167 ], [ 75.732509323708584, 33.791454270549323 ], [ 75.734560840214741, 33.828381548349633 ], [ 75.73892788127975, 33.865167712496493 ], [ 75.745601312748775, 33.901711694914049 ], [ 75.754565608512252, 33.937912975575394 ], [ 75.765798862407237, 33.973671861886068 ], [ 75.779272818597164, 34.008889767028627 ], [ 75.794952920683102, 34.043469486449915 ], [ 75.812798379735938, 34.077315471665536 ], [ 75.832762261372025, 34.110334100550283 ], [ 75.854791591922094, 34.142433943282008 ], [ 75.878827483668758, 34.17352602310838 ], [ 75.904805279048446, 34.203524071110024 ], [ 75.932654713631891, 34.232344774142767 ], [ 75.962300097614047, 34.25990801515325 ], [ 75.993660515457705, 34.286137105077906 ], [ 76.026650043248637, 34.310959005554537 ], [ 76.06117798323308, 34.334304541698422 ], [ 76.097149114920782, 34.356108604221156 ], [ 76.134463962051399, 34.376310340200803 ], [ 76.173019074637153, 34.39485333184421 ], [ 76.212707325213614, 34.411685762620465 ], [ 76.253418218350944, 34.426760570182552 ], [ 76.295038212404265, 34.440035585538418 ], [ 76.337451052410785, 34.451473657977495 ], [ 76.380538112978257, 34.46104276530717 ], [ 76.424178749948794, 34.468716109004141 ], [ 76.468250659571751, 34.474472193938503 ], [ 76.512630243873616, 34.47829489238277 ], [ 76.557192980875456, 34.480173492073796 ], [ 76.601813798279579, 34.480102728154058 ], [ 76.646367449225579, 34.478082798874979 ], [ 76.690728888703177, 34.474119365006679 ], [ 76.734773649205792, 34.468223532955051 ], [ 76.778378214212879, 34.460411821648201 ], [ 76.821420388102482, 34.450706113312357 ], [ 76.863779661117491, 34.439133588315791 ], [ 76.905337568038462, 34.425726644316441 ], [ 76.945978039254257, 34.410522800005154 ], [ 76.98558774296724, 34.39356458379072 ], [ 77.024056417321646, 34.374899407825119 ], [ 77.061277191303631, 34.354579427818578 ], [ 77.097146893325942, 34.332661389141201 ], [ 77.131566346480781, 34.30920645975376 ], [ 77.164440649518951, 34.284280050552901 ], [ 77.195679442692992, 34.257951623755076 ], [ 77.225197157682985, 34.230294489980814 ], [ 77.252913250909216, 34.201385594732599 ], [ 77.278752419621085, 34.17130529499088 ], [ 77.302644800239406, 34.140137126677388 ], [ 77.3245261485161, 34.107967563758422 ], [ 77.344338001162086, 34.074885769779399 ], [ 77.362027818680076, 34.040983342637219 ], [ 77.377549109222429, 34.006354053408593 ], [ 77.390861533376054, 33.971093580061151 ], [ 77.401930989854634, 33.935299236878322 ], [ 77.410729682153956, 33.899069700430786 ], [ 77.417236166297528, 33.862504732924499 ], [ 77.421435379866594, 33.825704903751664 ], [ 77.423318652572476, 33.788771310061279 ], [ 77.422883698686348, 33.751805297156189 ], [ 77.420134591695657, 33.714908179509713 ] ] ] } },
{ "type": "Feature", "properties": { "gdp": 206612.8, "ENGTYPE_1": "State", "HASC_1": "IN.JH", "GID_1": "IND.15_1", "join_name": "jharkhand", "ISO_1": "IN-JH", "TYPE_1": "State", "NL_NAME_1": "NA", "CC_1": "NA", "NAME_1": "Jharkhand", "COUNTRY": "India", "VARNAME_1": "Vananchal", "GID_0": "IND", "pop": 206612.8 }, "geometry": { "type": "Polygon", "coordinates": [ [ [ 86.204946457859549, 23.376155163664656 ], [ 86.194656456104113, 23.328518020309065 ], [ 86.181692105981398, 23.281447756740196 ], [ 86.166092498055519, 23.235072297456909 ], [ 86.147903717982857, 23.189517452532584 ], [ 86.12717868483027, 23.14490658715637 ], [ 86.103976973663933, 23.10136029999677 ], [ 86.0783646232194, 23.058996111086525 ], [ 86.050413929466117, 23.017928159880139 ], [ 86.02020322587822, 22.978266914089616 ], [ 85.987816651216221, 22.940118889858841 ], [ 85.953343905615853, 22.903586383791865 ], [ 85.916879995766195, 22.868767217307958 ], [ 85.878524969944323, 22.835754493754795 ], [ 85.83838364365603, 22.804636368671197 ], [ 85.796565316612487, 22.775495833552924 ], [ 85.753183481752316, 22.748410513439683 ], [ 85.708355526996783, 22.723452478606795 ], [ 85.662202430404719, 22.700688070614188 ], [ 85.614848449371237, 22.680177742935257 ], [ 85.566420804493717, 22.661975916360444 ], [ 85.517049358707794, 22.646130849345422 ], [ 85.466866292276592, 22.63268452344948 ], [ 85.416005774198752, 22.621672543988218 ], [ 85.364603630584625, 22.613124056004629 ], [ 85.312797010535192, 22.607061675643127 ], [ 85.260724050046605, 22.603501436994744 ], [ 85.208523534452993, 22.602452754464185 ], [ 85.156334559912807, 22.603918400694624 ], [ 85.104296194438817, 22.607894500070735 ], [ 85.052547138969913, 22.614370537806238 ], [ 85.001225388982235, 22.623329384607022 ], [ 84.950467897140882, 22.634747336887202 ], [ 84.900410237498619, 22.648594172499436 ], [ 84.851186271755253, 22.66483322192596 ], [ 84.802927818102702, 22.683421454859687 ], [ 84.755764323192409, 22.704309582087149 ], [ 84.70982253777737, 22.727442172566317 ], [ 84.665226196596421, 22.752757785571767 ], [ 84.622095703087837, 22.780189117757061 ], [ 84.58054781953777, 22.809663164961254 ], [ 84.540695363290666, 22.841101398559477 ], [ 84.502646909669181, 22.874419956130524 ], [ 84.466506502273702, 22.909529846183894 ], [ 84.432373371352895, 22.946337166656729 ], [ 84.40034166095775, 22.984743336857409 ], [ 84.37050016561291, 23.024645342495653 ], [ 84.342932077257203, 23.065935993401379 ], [ 84.317714743223505, 23.108504193494227 ], [ 84.294919436042662, 23.152235222523963 ], [ 84.274611135868767, 23.197011029059187 ], [ 84.256848326332474, 23.242710534156043 ], [ 84.241682804634081, 23.289209945094843 ], [ 84.229159506689882, 23.336383078524424 ], [ 84.219316348141007, 23.384101692308121 ], [ 84.212184082026852, 23.432235825318816 ], [ 84.207786173909795, 23.480654144382761 ], [ 84.206138695218726, 23.529224297526895 ], [ 84.207250235552706, 23.577813272639165 ], [ 84.211121834653142, 23.626287760608111 ], [ 84.217746934713446, 23.674514521966106 ], [ 84.227111353648809, 23.722360756022237 ], [ 84.239193279895247, 23.769694471433848 ], [ 84.253963289246059, 23.816384857132903 ], [ 84.271384384167035, 23.862302652493785 ], [ 84.291412055956286, 23.907320515603963 ], [ 84.313994370033939, 23.951313388477026 ], [ 84.339072074559283, 23.994158858032499 ], [ 84.36657873247907, 24.035737511654517 ], [ 84.396440877011912, 24.07593328613639 ], [ 84.42857819046975, 24.114633808817565 ], [ 84.462903706209204, 24.151730729725312 ], [ 84.499324033393918, 24.187120043545029 ], [ 84.537739604135098, 24.22070240026126 ], [ 84.578044942461531, 24.252383403335408 ], [ 84.620128954453136, 24.282073894316721 ], [ 84.663875238757043, 24.309690222819377 ], [ 84.709162416588711, 24.335154500842073 ], [ 84.755864480209183, 24.358394840454221 ], [ 84.803851158759684, 24.379345573928482 ], [ 84.852988300230919, 24.397947455458876 ], [ 84.903138268244774, 24.414147843669372 ], [ 84.954160352234695, 24.42790086418864 ], [ 85.005911189525804, 24.439167551640448 ], [ 85.058245197740163, 24.447915970479968 ], [ 85.111015015885755, 24.454121314186821 ], [ 85.164071952431129, 24.4577659824138 ], [ 85.217266438622133, 24.458839635776251 ], [ 85.27044848526215, 24.457339228059638 ], [ 85.323468141154763, 24.453269015712984 ], [ 85.376175951396306, 24.446640544589936 ], [ 85.428423413707165, 24.437472613991293 ], [ 85.480063431003444, 24.425791218155744 ], [ 85.53095075843548, 24.411629465437635 ], [ 85.580942443156303, 24.395027475500008 ], [ 85.629898255130726, 24.376032254939631 ], [ 85.677681107353834, 24.354697551846062 ], [ 85.724157463916271, 24.331083689878714 ], [ 85.769197734430819, 24.305257382524264 ], [ 85.812676653421079, 24.27729152827116 ], [ 85.854473643366163, 24.247264987507567 ], [ 85.894473160195233, 24.215262342013283 ], [ 85.932565020131221, 24.181373637976147 ], [ 85.968644706892732, 24.145694113516456 ], [ 86.00261365837622, 24.108323911751139 ], [ 86.034379532055667, 24.069367780471122 ], [ 86.063856448453706, 24.0289347595408 ], [ 86.090965212154629, 23.987137857157894 ], [ 86.11563350994517, 23.944093716135651 ], [ 86.137796085783208, 23.899922271385091 ], [ 86.157394892404895, 23.854746399787029 ], [ 86.174379219489097, 23.808691563647308 ], [ 86.188705798400576, 23.761885448928084 ], [ 86.200338883631403, 23.714457599441381 ], [ 86.20925031115344, 23.666539048178219 ], [ 86.215419533980537, 23.618261946931167 ], [ 86.218833635319768, 23.569759195343899 ], [ 86.219487319763914, 23.521164070498145 ], [ 86.217382883044721, 23.472609858115327 ], [ 86.212530160924842, 23.424229486418824 ], [ 86.204946457859549, 23.376155163664656 ] ] ] } },
{ "type": "Feature", "properties": { "gdp": 1045168.0997677988, "ENGTYPE_1": "State", "HASC_1": "IN.KA", "GID_1": "IND.16_1", "join_name": "karnataka", "ISO_1": "IN-KA", "TYPE_1": "State", "NL_NAME_1": "NA", "CC_1": "NA", "NAME_1": "Karnataka", "COUNTRY": "India", "VARNAME_1": "Maisur|Mysore", "GID_0": "IND", "pop": 1045168.0997677988 }, "geometry": { "type": "Polygon", "coordinates": [ [ [ 78.294045482931807, 14.441624816215699 ], [ 78.280793028191525, 14.336837367129796 ], [ 78.261967495235922, 14.23292217180453 ], [ 78.237636555062437, 14.130159921414219 ], [ 78.20788220734093, 14.028826909141536 ], [ 78.172800395751082, 13.929194334230132 ], [ 78.132500596476078, 13.831527632584962 ], [ 78.087105382375128, 13.73608583489009 ], [ 78.036749965262857, 13.643120953018437 ], [ 77.981581718613697, 13.552877395323192 ], [ 77.921759682890311, 13.46559141122605 ], [ 77.85745405556365, 13.38149056535709 ], [ 77.788845667757926, 13.300793241351993 ], [ 77.716125449310653, 13.223708175280491 ], [ 77.639493883894701, 13.150434018559638 ], [ 77.559160455703918, 13.081158930104676 ], [ 77.475343089058796, 13.016060197381165 ], [ 77.388267582147336, 12.955303885951952 ], [ 77.298167035976064, 12.899044517056121 ], [ 77.205281279473851, 12.847424772716684 ], [ 77.109856291562096, 12.800575227848247 ], [ 77.012143620884686, 12.75861410882472 ], [ 76.912399803778086, 12.721647077969209 ], [ 76.810885780957875, 12.689767043443354 ], [ 76.707866313302873, 12.663053994040336 ], [ 76.603609397033267, 12.641574858422265 ], [ 76.498385678504761, 12.625383388391356 ], [ 76.392467868777004, 12.614520065837354 ], [ 76.286130158061241, 12.609012033067872 ], [ 76.179647630112271, 12.608873046295182 ], [ 76.073295676598747, 12.614103452125619 ], [ 75.967349411468547, 12.624690186972719 ], [ 75.862083085319739, 12.64060679939254 ], [ 75.757769499792985, 12.661813495415041 ], [ 75.654679422018873, 12.68825720702236 ], [ 75.553080999182342, 12.719871683995464 ], [ 75.453239173307679, 12.756577609420614 ], [ 75.355415096418838, 12.798282739208314 ], [ 75.259865546293454, 12.844882066033993 ], [ 75.166842343102942, 12.896258008156375 ], [ 75.076591767314994, 12.95228062360826 ], [ 74.989353979329636, 13.012807850280781 ], [ 74.905362441423563, 13.077685772438576 ], [ 74.824843342689618, 13.146748914206183 ], [ 74.748015027779218, 13.219820560555128 ], [ 74.675087430382533, 13.296713106296249 ], [ 74.606261512515104, 13.377228433543204 ], [ 74.541728710817978, 13.461158318056343 ], [ 74.481670391220604, 13.548284864807339 ], [ 74.426257313460411, 13.638380973017162 ], [ 74.375649107098056, 13.731210830818933 ], [ 74.32999376081159, 13.826530439578683 ], [ 74.28942712689458, 13.924088167775494 ], [ 74.254072443019808, 14.023625334194222 ], [ 74.224039873459745, 14.124876820024406 ], [ 74.199426072077074, 14.227571709285105 ], [ 74.180313769506824, 14.331433956810887 ], [ 74.166771387048598, 14.436183082839863 ], [ 74.158852679867067, 14.541534893041716 ], [ 74.156596412159956, 14.647202222614341 ], [ 74.160026066994234, 14.7528957028638 ], [ 74.169149593527237, 14.858324548466276 ], [ 74.183959194323108, 14.963197363393499 ], [ 74.204431155437604, 15.067222963269653 ], [ 74.230525721881151, 15.170111211717023 ], [ 74.262187020972959, 15.271573868045396 ], [ 74.299343035972043, 15.371325443446644 ], [ 74.341905632208992, 15.469084062674511 ], [ 74.389770637748455, 15.564572328022779 ], [ 74.442817980383467, 15.657518182264884 ], [ 74.500911882501143, 15.747655767086489 ], [ 74.563901115065718, 15.834726273432908 ], [ 74.631619311640335, 15.918478780106181 ], [ 74.703885343015855, 15.998671076883733 ], [ 74.78050375263652, 16.075070468395538 ], [ 74.861265252610394, 16.147454554987501 ], [ 74.945947279673106, 16.215611986818399 ], [ 75.034314610038109, 16.27934318748753 ], [ 75.126120031623699, 16.338461043568103 ], [ 75.221105071697139, 16.39279155652838 ], [ 75.319000777530135, 16.442174453661348 ], [ 75.419528547219002, 16.486463754806479 ], [ 75.522401007394137, 16.525528291842356 ], [ 75.627322934135819, 16.559252178145481 ], [ 75.733992213026568, 16.587535225455611 ], [ 75.842100833917343, 16.610293305853375 ], [ 75.951335915663208, 16.627458656841764 ], [ 76.061380755806042, 16.638980127828589 ], [ 76.17191589994566, 16.644823366626039 ], [ 76.282620225353682, 16.644970944916036 ], [ 76.39317203324805, 16.639422421972256 ], [ 76.503250144063131, 16.628194346277361 ], [ 76.612534990020734, 16.611320195027112 ], [ 76.720709699334265, 16.588850251862894 ], [ 76.827461166457979, 16.560851423524753 ], [ 76.932481102927582, 16.527406996457973 ], [ 77.035467063522276, 16.488616334739994 ], [ 77.136123442712275, 16.444594521014768 ], [ 77.234162436632317, 16.395471942426479 ], [ 77.3293049661401, 16.341393823833322 ], [ 77.421281556871193, 16.282519710847211 ], [ 77.509833172586013, 16.21902290549173 ], [ 77.594711998512182, 16.15108985748968 ], [ 77.675682171812682, 16.078919514385902 ], [ 77.752520456750347, 16.002722633878211 ], [ 77.825016862566429, 15.922721061867005 ], [ 77.892975202539247, 15.839146979843882 ], [ 77.956213593134066, 15.752242125319272 ], [ 78.014564892589235, 15.662256989039378 ], [ 78.067877078706147, 15.569449992764804 ], [ 78.116013566011475, 15.474086651375229 ], [ 78.158853462841506, 15.376438723030576 ], [ 78.1962917692519, 15.276783351057965 ], [ 78.22823951698264, 15.175402201147973 ], [ 78.254623853003352, 15.072580597334614 ], [ 78.275388068427361, 14.968606660103969 ], [ 78.290491574813132, 14.863770449826253 ], [ 78.29990983006789, 14.758363118540577 ], [ 78.303634216331588, 14.652676072940915 ], [ 78.301671872348564, 14.547000151218741 ], [ 78.294045482931807, 14.441624816215699 ] ] ] } },
{ "type": "Feature", "properties": { "gdp": 561993.61128464574, "ENGTYPE_1": "State", "HASC_1": "IN.KL", "GID_1": "IND.17_1", "join_name": "kerala", "ISO_1": "IN-KL", "TYPE_1": "State", "NL_NAME_1": "NA", "CC_1": "NA", "NAME_1": "Kerala", "COUNTRY": "India", "VARNAME_1": "NA", "GID_0": "IND", "pop": 561993.61128464574 }, "geometry": { "type": "Polygon", "coordinates": [ [ [ 76.912386486136612, 10.038835089117789 ], [ 76.904045391951783, 9.963785449896738 ], [ 76.891769177287884, 9.889305593362444 ], [ 76.875599534627639, 9.815597504328853 ], [ 76.855588480206023, 9.742860365780396 ], [ 76.8317981296981, 9.671290045264609 ], [ 76.804300451406263, 9.601078597400582 ], [ 76.773176998385154, 9.532413783410121 ], [ 76.738518620925362, 9.465478608463956 ], [ 76.700425160792292, 9.400450877525211 ], [ 76.659005128582365, 9.33750277026599 ], [ 76.614375365518427, 9.276800435533797 ], [ 76.56666069095894, 9.218503605751014 ], [ 76.515993536844036, 9.162765231543551 ], [ 76.462513570245804, 9.109731136816791 ], [ 76.406367305131099, 9.059539694424357 ], [ 76.347707704385058, 9.012321522513624 ], [ 76.286693773081367, 8.968199201574281 ], [ 76.223490143923939, 8.927287012171893 ], [ 76.158266655722983, 8.889690693307461 ], [ 76.091197925709437, 8.855507221313369 ], [ 76.022462916433412, 8.824824609173927 ], [ 75.952244497937954, 8.797721726140434 ], [ 75.880729005848153, 8.774268137504011 ], [ 75.808105795967535, 8.754523964384902 ], [ 75.734566795931485, 8.738539763401418 ], [ 75.660306054427878, 8.726356426089625 ], [ 75.58551928846336, 8.718005097958526 ], [ 75.510403429124679, 8.713507117082335 ], [ 75.435156166263226, 8.712873972152677 ], [ 75.359975492514494, 8.716107279935454 ], [ 75.28505924705388, 8.723198782102999 ], [ 75.210604659486393, 8.73413036143681 ], [ 75.136807894269836, 8.748874077422824 ], [ 75.063863596078974, 8.767392221285393 ], [ 74.991964436532996, 8.789637390530721 ], [ 74.921300662727859, 8.815552583091179 ], [ 74.852059648041958, 8.845071311180677 ], [ 74.784425445714135, 8.878117734985844 ], [ 74.718578345730393, 8.914606816328067 ], [ 74.654694435596952, 8.954444492436199 ], [ 74.592945165623021, 8.997527869969554 ], [ 74.533496919388, 9.043745439423578 ], [ 74.476510590119972, 9.092977310037059 ], [ 74.422141163770348, 9.145095465298423 ], [ 74.370537309628205, 9.199964039120907 ], [ 74.321840979378095, 9.25743961271915 ], [ 74.276187015567785, 9.317371532176127 ], [ 74.233702770513403, 9.379602246636455 ], [ 74.194507736730728, 9.443967667001125 ], [ 74.158713190041112, 9.510297544930861 ], [ 74.126421846556838, 9.578415871888037 ], [ 74.097727534804321, 9.648141297862981 ], [ 74.072714884291926, 9.719287569339972 ], [ 74.051459031872355, 9.791663985959605 ], [ 74.034025347284967, 9.865075875231172 ], [ 74.020469179292803, 9.939325084539153 ], [ 74.010835623847086, 10.014210489574943 ], [ 74.005159315722722, 10.08952851820786 ], [ 74.003464245065771, 10.165073688690253 ], [ 74.005763600280787, 10.240639160971032 ], [ 74.012059638660119, 10.316017299770726 ], [ 74.022343586116392, 10.391000247951842 ], [ 74.036595567327083, 10.465380508600688 ], [ 74.054784567529495, 10.538951534122692 ], [ 74.076868427122335, 10.611508320544816 ], [ 74.102793870129645, 10.682848005115828 ], [ 74.132496567468891, 10.752770465200234 ], [ 74.165901235835292, 10.821078916375685 ], [ 74.20292177286909, 10.887580507567435 ], [ 74.243461429114618, 10.952086910989243 ], [ 74.2874130171069, 11.014414904607458 ], [ 74.334659157736766, 11.074386944806376 ], [ 74.385072563850258, 11.131831726908461 ], [ 74.438516360831585, 11.186584731193644 ], [ 74.494844443706512, 11.23848875206785 ], [ 74.553901870082157, 11.287394408053688 ], [ 74.615525288017224, 11.333160630314849 ], [ 74.679543397689869, 11.375655127481336 ], [ 74.745777445506789, 11.414754824614796 ], [ 74.814041749074661, 11.450346274241555 ], [ 74.88414425123888, 11.482326037485658 ], [ 74.955887101186661, 11.510601033453684 ], [ 75.029067260412774, 11.535088855158453 ], [ 75.103477131162066, 11.555718050416242 ], [ 75.178905204792088, 11.572428366314272 ], [ 75.255136727347107, 11.585170956017144 ], [ 75.331954379500871, 11.593908546864219 ], [ 75.409138967913336, 11.598615568901712 ], [ 75.486470124956199, 11.599278243191813 ], [ 75.563727013695924, 11.595894629445837 ], [ 75.640689034981079, 11.588474632736331 ], [ 75.717136533463545, 11.57703996925402 ], [ 75.792851499392299, 11.561624091285061 ], [ 75.867618263051824, 11.542272071794232 ], [ 75.941224178775656, 11.519040449204986 ], [ 76.013460295548143, 11.491997033168087 ], [ 76.084122011312502, 11.461220672305052 ], [ 76.153009708230556, 11.42680098509868 ], [ 76.219929366285456, 11.388838055278606 ], [ 76.284693152783717, 11.347442093215475 ], [ 76.347119985493123, 11.302733064989958 ], [ 76.407036067347065, 11.254840290941853 ], [ 76.464275390850787, 11.203902015629541 ], [ 76.518680210539713, 11.150064951239633 ], [ 76.570101482059286, 11.093483796580488 ], [ 76.618399266660788, 11.034320733870487 ], [ 76.663443100132383, 10.972744905593334 ], [ 76.705112325408962, 10.908931873736591 ], [ 76.743296388326144, 10.843063063757645 ], [ 76.777895096198591, 10.775325195632783 ], [ 76.80881883911178, 10.705909704340439 ], [ 76.835988774015334, 10.635012152110543 ], [ 76.859336971894564, 10.562831634737138 ], [ 76.878806528473532, 10.489570184203675 ], [ 76.894351639066542, 10.41543216980998 ], [ 76.905937638343488, 10.340623699917037 ], [ 76.913541005910687, 10.265352026343214 ], [ 76.917149338727057, 10.189824953353217 ], [ 76.916761291480242, 10.114250253080508 ], [ 76.912386486136612, 10.038835089117789 ] ] ] } },
{ "type": "Feature", "properties": { "gdp": 541067.51, "ENGTYPE_1": "State", "HASC_1": "IN.MP", "GID_1": "IND.19_1", "join_name": "madhyapradesh", "ISO_1": "IN-MP", "TYPE_1": "State", "NL_NAME_1": "NA", "CC_1": "NA", "NAME_1": "MadhyaPradesh", "COUNTRY": "India", "VARNAME_1": "NA", "GID_0": "IND", "pop": 541067.51 }, "geometry": { "type": "Polygon", "coordinates": [ [ [ 79.897806208545092, 23.380953810286858 ], [ 79.886120864423248, 23.303092900056772 ], [ 79.870061962192722, 23.225916725948014 ], [ 79.849683345436844, 23.149634671756676 ], [ 79.825050204927919, 23.074453084068828 ], [ 79.796238801657566, 23.000574737260198 ], [ 79.763336166603764, 22.928198314300236 ], [ 79.726439778941213, 22.857517904369786 ], [ 79.685657224363368, 22.788722518195883 ], [ 79.641105835134823, 22.721995621905698 ], [ 79.592912313436685, 22.6575146901023 ], [ 79.541212339501527, 22.595450778772186 ], [ 79.486150165965228, 22.535968118544364 ], [ 79.427878199786662, 22.479223728739104 ], [ 79.366556573008367, 22.425367052566589 ], [ 79.30235270355027, 22.374539613765769 ], [ 79.235440847146492, 22.326874694910053 ], [ 79.166001641454173, 22.282497037549902 ], [ 79.094221643281799, 22.241522564312184 ], [ 79.020292859806659, 22.204058123034269 ], [ 78.944412274574503, 22.170201252974145 ], [ 78.866781369002652, 22.140039973109374 ], [ 78.787605640039899, 22.11365259251399 ], [ 78.707094114573522, 22.091107542786606 ], [ 78.625458861116314, 22.072463232491064 ], [ 78.542914499255048, 22.057767923564857 ], [ 78.459677707296819, 22.047059629649496 ], [ 78.375966728511386, 22.040366036298764 ], [ 78.292000876336601, 22.037704443026783 ], [ 78.208000038889736, 22.03908172716628 ], [ 78.124184183111439, 22.044494329517558 ], [ 78.040772858859782, 22.053928261779852 ], [ 77.957984703271322, 22.067359135769994 ], [ 77.876036945711405, 22.084752214442997 ], [ 77.795144913651484, 22.106062484742374 ], [ 77.715521539831073, 22.1312347523148 ], [ 77.637376871092471, 22.160203758132013 ], [ 77.56091757931145, 22.192894317065239 ], [ 77.486346474890112, 22.229221478458001 ], [ 77.413862023327994, 22.269090708737973 ], [ 77.343657865442708, 22.312398096099258 ], [ 77.275922341872757, 22.35903057727138 ], [ 77.210838022561418, 22.408866186370364 ], [ 77.148581241991877, 22.461774325800679 ], [ 77.089321641017946, 22.517616059141623 ], [ 77.033221716213163, 22.576244425913586 ], [ 76.980436377740702, 22.637504778069342 ], [ 76.931112516828478, 22.701235138003895 ], [ 76.885388584015189, 22.767266577812439 ], [ 76.843394179414702, 22.835423619459963 ], [ 76.805249656325529, 22.905524655449387 ], [ 76.771065739588181, 22.977382389495265 ], [ 76.740943160166026, 23.050804296622342 ], [ 76.714972307491564, 23.12559310201657 ], [ 76.693232901179726, 23.201547277858314 ], [ 76.675793683762109, 23.278461557267157 ], [ 76.662712136136946, 23.356127464383064 ], [ 76.654034217461842, 23.43433385950166 ], [ 76.649794131233705, 23.512867498073682 ], [ 76.650014119306817, 23.591513602269352 ], [ 76.654704285588508, 23.670056443700886 ], [ 76.663862451127372, 23.748279935789387 ], [ 76.67747404226543, 23.825968234159095 ], [ 76.695512013464608, 23.902906343341797 ], [ 76.717936806338912, 23.978880727979597 ], [ 76.744696346324019, 24.05367992662628 ], [ 76.775726078298703, 24.127095166165049 ], [ 76.810949042333675, 24.198920974788798 ], [ 76.85027599058634, 24.268955791425512 ], [ 76.89360554618375, 24.337002569437097 ], [ 76.940824404741349, 24.402869372380675 ], [ 76.991807578952802, 24.466369959588999 ], [ 77.046418686459546, 24.527324359312271 ], [ 77.104510280965712, 24.585559427158547 ], [ 77.165924226311049, 24.640909387581782 ], [ 77.230492112949278, 24.693216356190081 ], [ 77.298035716008869, 24.74233084068716 ], [ 77.368367493835407, 24.788112218313241 ], [ 77.44129112563725, 24.830429187720082 ], [ 77.516602086578544, 24.869160193297329 ], [ 77.594088258390386, 24.904193820064744 ], [ 77.673530573305925, 24.935429157353994 ], [ 77.754703688870052, 24.962776129627542 ], [ 77.837376690933979, 24.986155792916772 ], [ 77.921313821921274, 25.005500595508451 ], [ 78.006275231248253, 25.020754601664382 ], [ 78.092017744600753, 25.031873677325791 ], [ 78.178295648614238, 25.038825636927417 ], [ 78.26486148737483, 25.041590350626119 ], [ 78.351466867061177, 25.040159811435494 ], [ 78.437863264976642, 25.034538161947012 ], [ 78.523802839186288, 25.024741680510125 ], [ 78.609039234965877, 25.010798726937548 ], [ 78.693328384298667, 24.992749647993666 ], [ 78.776429294713751, 24.970646643115202 ], [ 78.858104823849246, 24.944553591000112 ], [ 78.938122436243006, 24.914545837882937 ], [ 79.016254939000476, 24.880709948490772 ], [ 79.09228119316262, 24.843143420842974 ], [ 79.165986797793124, 24.801954366216563 ], [ 79.23716474402174, 24.757261155749742 ], [ 79.305616036516525, 24.709192035294386 ], [ 79.371150280107784, 24.657884710255839 ], [ 79.433586229549192, 24.603485902271821 ], [ 79.492752300672876, 24.54615087968422 ], [ 79.54848704147048, 24.486042963844035 ], [ 79.600639561912161, 24.423333013363042 ], [ 79.649069921591575, 24.358198888484061 ], [ 79.693649474559166, 24.290824897785921 ], [ 79.734261170972857, 24.221401229468171 ], [ 79.770799815452378, 24.15012336947601 ], [ 79.803172282269884, 24.07719150872688 ], [ 79.831297687741682, 24.002809941687293 ], [ 79.855107520402896, 23.927186458523408 ], [ 79.874545729747311, 23.850531733010552 ], [ 79.889568774496439, 23.773058708337363 ], [ 79.900145631526229, 23.694981982880432 ], [ 79.906257766723073, 23.616517197955091 ], [ 79.907899069166007, 23.537880429469048 ], [ 79.905075750136788, 23.459287585320386 ], [ 79.897806208545092, 23.380953810286858 ] ] ] } },
{ "type": "Feature", "properties": { "gdp": 1966224.5795943553, "ENGTYPE_1": "State", "HASC_1": "IN.MH", "GID_1": "IND.20_1", "join_name": "maharashtra", "ISO_1": "IN-MH", "TYPE_1": "State", "NL_NAME_1": "NA", "CC_1": "NA", "NAME_1": "Maharashtra", "COUNTRY": "India", "VARNAME_1": "NA", "GID_0": "IND", "pop": 1966224.5795943553 }, "geometry": { "type": "Polygon", "coordinates": [ [ [ 78.555775234306267, 19.400716019807621 ], [ 78.536327519099899, 19.253888682336147 ], [ 78.508885133348613, 19.108301936804025 ], [ 78.473556390828051, 18.964347561389943 ], [ 78.430469580754192, 18.822410613854196 ], [ 78.379772295261546, 18.682868485707182 ], [ 78.321630729125502, 18.546090000201726 ], [ 78.256228956181843, 18.412434555049021 ], [ 78.183768186601995, 18.282251310419802 ], [ 78.104466008869707, 18.155878422475972 ], [ 78.018555619983047, 18.033642322383695 ], [ 77.92628504707568, 17.915857040491883 ], [ 77.827916363319815, 17.802823575117301 ], [ 77.723724900643703, 17.694829305166152 ], [ 77.613998461470999, 17.592147445637785 ], [ 77.499036531371814, 17.495036544902359 ], [ 77.379149494209017, 17.40374002252117 ], [ 77.254657851068231, 17.318485746283617 ], [ 77.125891443980422, 17.239485647070943 ], [ 76.993188685181309, 17.166935370120022 ], [ 76.856895792404643, 17.101013961252878 ], [ 76.717366030477123, 17.041883586654393 ], [ 76.574958959272038, 16.989689284823992 ], [ 76.430039687886548, 16.9445587493916 ], [ 76.282978134736354, 16.906602141575998 ], [ 76.134148293108254, 16.875911931168908 ], [ 75.98392750157943, 16.852562765051218 ], [ 75.832695718599183, 16.836611362386037 ], [ 75.680834800436898, 16.828096435783603 ], [ 75.528727781627026, 16.82703863789353 ], [ 75.376758156989709, 16.833440533048861 ], [ 75.225309164272787, 16.847286593759733 ], [ 75.074763066448156, 16.868543222031935 ], [ 74.925500432702577, 16.897158795661337 ], [ 74.777899417190355, 16.933063739831869 ], [ 74.632335034661494, 16.976170624513198 ], [ 74.489178432146602, 17.026374288319126 ], [ 74.348796155966056, 17.08355198963968 ], [ 74.21154941343795, 17.14756358600318 ], [ 74.077793328786157, 17.218251742750997 ], [ 73.947876192896246, 17.295442172219062 ], [ 73.822138706734052, 17.378943904712738 ], [ 73.700913218426933, 17.468549592633217 ], [ 73.584522954214066, 17.564035849162657 ], [ 73.473281243695524, 17.665163622940813 ], [ 73.367490740052418, 17.771678610163676 ], [ 73.267442636170259, 17.883311705508383 ], [ 73.173415877872884, 17.999779493230402 ], [ 73.08567637576526, 18.120784779694556 ], [ 73.004476217486683, 18.246017168486247 ], [ 72.930052882491012, 18.375153679103075 ], [ 72.862628461792895, 18.507859410053243 ], [ 72.802408885449111, 18.643788246981547 ], [ 72.74958316087438, 18.782583616211252 ], [ 72.704322625422265, 18.923879283829063 ], [ 72.666780216986524, 19.067300200154165 ], [ 72.637089766693578, 19.212463389121528 ], [ 72.615365318057627, 19.358978881777873 ], [ 72.601700477250432, 19.506450692737829 ], [ 72.596167799392617, 19.654477838080705 ], [ 72.598818215997454, 19.802655392790488 ], [ 72.609680508882832, 19.950575585453226 ], [ 72.628760836010414, 20.097828927534749 ], [ 72.656042314801979, 20.244005374170136 ], [ 72.691484668519877, 20.388695513007654 ], [ 72.735023941271962, 20.531491777272233 ], [ 72.786572287110332, 20.671989678847968 ], [ 72.846017838527473, 20.809789056832184 ], [ 72.913224659414723, 20.944495336689897 ], [ 72.988032787229869, 21.075720794840578 ], [ 73.070258368721824, 21.203085823244479 ], [ 73.159693893081609, 21.326220188326467 ], [ 73.256108525829802, 21.444764278385254 ], [ 73.35924854611325, 21.558370333489723 ], [ 73.468837889374129, 21.66670365176148 ], [ 73.584578796575769, 21.769443765891218 ], [ 73.70615257033036, 21.866285583732065 ], [ 73.833220437383332, 21.956940486862148 ], [ 73.965424515977148, 22.041137381108822 ], [ 74.102388885655429, 22.118623693179753 ], [ 74.243720756092316, 22.189166307750806 ], [ 74.3890117305519, 22.252552439615954 ], [ 74.537839158617317, 22.308590435809435 ], [ 74.68976757189219, 22.357110502960591 ], [ 74.844350195483585, 22.39796535553932 ], [ 75.001130527243049, 22.431030781084118 ], [ 75.159643975982505, 22.456206118979431 ], [ 75.319419549210693, 22.473414649853598 ], [ 75.479981580364722, 22.482603893203233 ], [ 75.640851485050703, 22.483745811405601 ], [ 75.801549535467032, 22.47683691885555 ], [ 75.961596641968598, 22.461898295549105 ], [ 76.12051613064628, 22.438975505030037 ], [ 76.277835505842603, 22.408138417207532 ], [ 76.433088186703216, 22.369480937144431 ], [ 76.585815207168551, 22.323120641491172 ], [ 76.735566869238156, 22.269198324804758 ], [ 76.881904339880066, 22.207877458531517 ], [ 77.024401182602148, 22.139343565947399 ], [ 77.162644815437787, 22.063803516831555 ], [ 77.296237887911929, 21.981484746096694 ], [ 77.42479957043129, 21.892634401007015 ], [ 77.547966750468177, 21.797518421978573 ], [ 77.665395130867424, 21.696420562275222 ], [ 77.776760226581303, 21.58964135218293 ], [ 77.881758257118307, 21.477497013464486 ], [ 77.980106932956986, 21.360318330064111 ], [ 78.071546135118965, 21.238449481146588 ], [ 78.155838487998011, 21.112246842619712 ], [ 78.232769826397501, 20.982077763298435 ], [ 78.302149558524107, 20.848319321831802 ], [ 78.363810927416964, 20.711357070425034 ], [ 78.41761117394897, 20.571583771254929 ], [ 78.463431605118799, 20.429398131298822 ], [ 78.501177571853802, 20.285203541079444 ], [ 78.530778360965883, 20.139406822572237 ], [ 78.552187006242889, 19.992416991233551 ], [ 78.565380023919246, 19.844644036792303 ], [ 78.570357077955876, 19.696497727105946 ], [ 78.567140580670781, 19.54838643902157 ], [ 78.555775234306267, 19.400716019807621 ] ] ] } },
{ "type": "Feature", "properties": { "gdp": 19530.67, "ENGTYPE_1": "State", "HASC_1": "IN.MN", "GID_1": "IND.21_1", "join_name": "manipur", "ISO_1": "IN-MN", "TYPE_1": "State", "NL_NAME_1": "NA", "CC_1": "NA", "NAME_1": "Manipur", "COUNTRY": "India", "VARNAME_1": "NA", "GID_0": "IND", "pop": 19530.67 }, "geometry": { "type": "Polygon", "coordinates": [ [ [ 94.184214998762187, 24.66623024538162 ], [ 94.179815515453214, 24.651799188157142 ], [ 94.174597079912346, 24.63759855148372 ], [ 94.168574309958785, 24.623667127253746 ], [ 94.161764001263776, 24.610042951947314 ], [ 94.15418507820111, 24.596763204006749 ], [ 94.145858539192815, 24.583864103736623 ], [ 94.136807396729182, 24.571380815983368 ], [ 94.127056612253199, 24.559347355840043 ], [ 94.116633026109128, 24.547796497611916 ], [ 94.105565282764189, 24.536759687267818 ], [ 94.093883751520494, 24.526266958592842 ], [ 94.081620442942224, 24.516346853246343 ], [ 94.068808921230115, 24.507026344918195 ], [ 94.055484212781195, 24.498330767765282 ], [ 94.041682711177813, 24.490283749298747 ], [ 94.027442078855387, 24.482907147879963 ], [ 94.0128011457019, 24.476220994972472 ], [ 93.997799804847688, 24.470243442284513 ], [ 93.982478905906163, 24.464990713924266 ], [ 93.966880145930361, 24.460477063678717 ], [ 93.951045958352509, 24.456714737513913 ], [ 93.935019400175918, 24.453713941382272 ], [ 93.918844037690889, 24.451482814410447 ], [ 93.902563830987631, 24.450027407528278 ], [ 93.88622301754063, 24.449351667587649 ], [ 93.869865995139804, 24.449457427006607 ], [ 93.853537204444308, 24.450344398962407 ], [ 93.837281011435692, 24.452010178144334 ], [ 93.821141590046821, 24.454450247064557 ], [ 93.805162805242503, 24.457657987912437 ], [ 93.789388096828475, 24.461624699926276 ], [ 93.773860364263058, 24.466339622242536 ], [ 93.758621852746117, 24.471789962171016 ], [ 93.743714040857682, 24.477960928832132 ], [ 93.729177530017267, 24.48483577207891 ], [ 93.715051936033035, 24.492395826615283 ], [ 93.701375783007052, 24.500620561209022 ], [ 93.688186399860356, 24.509487632885524 ], [ 93.675519819738398, 24.518972945976888 ], [ 93.663410682553348, 24.529050715888086 ], [ 93.651892140915976, 24.539693537430427 ], [ 93.640995769704659, 24.550872457560409 ], [ 93.630751479513975, 24.562557052350858 ], [ 93.621187434219735, 24.574715508008918 ], [ 93.612329972890109, 24.58731470574542 ], [ 93.604203536266169, 24.600320310287795 ], [ 93.596830598026543, 24.613696861819363 ], [ 93.590231601042959, 24.62740787111607 ], [ 93.584424898823741, 24.641415917643197 ], [ 93.579426702332455, 24.655682750363461 ], [ 93.575251032357755, 24.670169391000062 ], [ 93.57190967759972, 24.684836239488867 ], [ 93.569412158623919, 24.699643181345568 ], [ 93.567765697823162, 24.714549696667159 ], [ 93.56697519551129, 24.729514970478746 ], [ 93.567043212259037, 24.744498004131877 ], [ 93.567969957566902, 24.759457727453654 ], [ 93.569753284952711, 24.774353111342343 ], [ 93.572388693514824, 24.789143280500529 ], [ 93.575869336014662, 24.803787625993806 ], [ 93.580186033502784, 24.818245917321054 ], [ 93.585327296494597, 24.832478413680821 ], [ 93.591279352681852, 24.84644597411782 ], [ 93.598026181146039, 24.860110166234641 ], [ 93.605549553019614, 24.873433373154864 ], [ 93.613829078520197, 24.886378898426798 ], [ 93.622842260261564, 24.898911068560686 ], [ 93.632564552725071, 24.910995332896746 ], [ 93.642969427753428, 24.922598360507546 ], [ 93.654028445907414, 24.933688133844932 ], [ 93.665711333506749, 24.944234038849967 ], [ 93.677986065153888, 24.954206951252267 ], [ 93.690818951521038, 24.963579318797276 ], [ 93.704174732160084, 24.972325239148173 ], [ 93.718016673076789, 24.980420533224308 ], [ 93.732306668791821, 24.987842813747736 ], [ 93.747005348594428, 24.994571548786347 ], [ 93.762072186677656, 25.000588120094744 ], [ 93.777465615828788, 25.005875876070053 ], [ 93.793143144335019, 25.010420179156913 ], [ 93.809061475750511, 25.014208447551802 ], [ 93.825176631160176, 25.017230191075058 ], [ 93.841444073565143, 25.019477041097137 ], [ 93.857818834005883, 25.020942774424061 ], [ 93.874255639032171, 25.021623331065811 ], [ 93.89070903912355, 25.021516825831853 ], [ 93.90713353765949, 25.020623553716142 ], [ 93.923483720036842, 25.018945989054924 ], [ 93.939714382531079, 25.016488778459571 ], [ 93.955780660499116, 25.01325872754753 ], [ 93.971638155524204, 25.009264781513064 ], [ 93.987243061107648, 25.004517999600068 ], [ 94.002552286518153, 24.999031523557566 ], [ 94.017523578417439, 24.992820540178556 ], [ 94.03211563988927, 24.985902238039941 ], [ 94.046288246510258, 24.978295758581112 ], [ 94.06000235911236, 24.970022141674153 ], [ 94.073220232900212, 24.961104265857468 ], [ 94.085905522601408, 24.951566783418802 ], [ 94.098023383342863, 24.941436050530935 ], [ 94.109540566963446, 24.93074005265575 ], [ 94.120425513490744, 24.919508325447801 ], [ 94.130648437527796, 24.907771871400037 ], [ 94.140181409315431, 24.895563072486866 ], [ 94.148998430254821, 24.882915599069598 ], [ 94.15707550269596, 24.869864315340408 ], [ 94.164390693817467, 24.856445181588153 ], [ 94.170924193444762, 24.842695153577949 ], [ 94.176658365674371, 24.828652079343293 ], [ 94.18157779419289, 24.81435459369391 ], [ 94.185669321200905, 24.799842010747856 ], [ 94.188922079872029, 24.785154214799991 ], [ 94.191327520299197, 24.770331549840471 ], [ 94.192879428898962, 24.755414708038789 ], [ 94.193573941266081, 24.740444617509421 ], [ 94.193409548488944, 24.72546232967413 ], [ 94.192387096955798, 24.710508906534379 ], [ 94.190509781699816, 24.695625308165479 ], [ 94.187783133348873, 24.680852280739547 ], [ 94.184214998762187, 24.66623024538162 ] ] ] } },
{ "type": "Feature", "properties": { "gdp": 25117.363740837729, "ENGTYPE_1": "State", "HASC_1": "IN.ML", "GID_1": "IND.22_1", "join_name": "meghalaya", "ISO_1": "IN-ML", "TYPE_1": "State", "NL_NAME_1": "NA", "CC_1": "NA", "NAME_1": "Meghalaya", "COUNTRY": "India", "VARNAME_1": "NA", "GID_0": "IND", "pop": 25117.363740837729 }, "geometry": { "type": "Polygon", "coordinates": [ [ [ 91.622756292101911, 25.466933288077708 ], [ 91.618161026289769, 25.450436165867931 ], [ 91.612622821997036, 25.434180265126994 ], [ 91.606157284577236, 25.418209986305293 ], [ 91.598782528120907, 25.402568923795165 ], [ 91.590519121560675, 25.387299748406594 ], [ 91.581390028460262, 25.372444092605804 ], [ 91.571420540692856, 25.358042438807601 ], [ 91.560638206226045, 25.344134011000857 ], [ 91.549072751241567, 25.330756669975983 ], [ 91.536755996827935, 25.317946812411922 ], [ 91.52372177049233, 25.305739274067228 ], [ 91.510005812747465, 25.294167237309178 ], [ 91.495645679035363, 25.283262143200606 ], [ 91.480680637257166, 25.273053608352992 ], [ 91.46515156118376, 25.263569346740191 ], [ 91.449100820027155, 25.254835096654418 ], [ 91.43257216445744, 25.24687455297331 ], [ 91.41561060935345, 25.239709304892664 ], [ 91.398262313579849, 25.233358779266382 ], [ 91.380574457085103, 25.227840189681693 ], [ 91.362595115618305, 25.223168491383799 ], [ 91.344373133364783, 25.219356342150824 ], [ 91.32595799380195, 25.216414069205353 ], [ 91.307399689078338, 25.214349642236709 ], [ 91.288748588220713, 25.213168652592714 ], [ 91.270055304473885, 25.21287429868703 ], [ 91.251370562079572, 25.213467377653991 ], [ 91.232745062800248, 25.214946283269281 ], [ 91.214229352494741, 25.217307010141237 ], [ 91.195873688051904, 25.220543164162706 ], [ 91.177727904988714, 25.224645979201998 ], [ 91.159841286018164, 25.229604339994761 ], [ 91.142262430892245, 25.235404811187475 ], [ 91.125039127823769, 25.242031672467785 ], [ 91.108218226789816, 25.249466959704236 ], [ 91.091845515017624, 25.257690512003556 ], [ 91.075965594952422, 25.266680024580481 ], [ 91.060621765003631, 25.276411107321103 ], [ 91.045855903363943, 25.286857348907219 ], [ 91.031708355191867, 25.297990386355789 ], [ 91.018217823445269, 25.309779979813843 ], [ 91.005421263648969, 25.322194092436121 ], [ 90.993353782874578, 25.335198975158978 ], [ 90.982048543205622, 25.348759256171839 ], [ 90.971536669954773, 25.362838034873775 ], [ 90.961847164893001, 25.377396980090364 ], [ 90.953006824743227, 25.39239643231387 ], [ 90.945040165182405, 25.407795509717207 ], [ 90.93796935058667, 25.423552217680644 ], [ 90.931814129744097, 25.439623561558687 ], [ 90.926591777748754, 25.455965662403973 ], [ 90.92231704427715, 25.472533875353722 ], [ 90.919002108435521, 25.489282910375731 ], [ 90.916656540352506, 25.506166955060259 ], [ 90.915287269676369, 25.523139799136182 ], [ 90.914898561119912, 25.540154960382271 ], [ 90.915491997179814, 25.557165811596022 ], [ 90.917066468137975, 25.574125708277712 ], [ 90.919618169435097, 25.590988116680723 ], [ 90.923140606484807, 25.60770674187523 ], [ 90.927624606978043, 25.624235655468876 ], [ 90.933058340704108, 25.64052942262493 ], [ 90.93942734689341, 25.656543228018265 ], [ 90.946714569063701, 25.672233000367779 ], [ 90.954900397327947, 25.687555535185769 ], [ 90.963962718097704, 25.702468615386401 ], [ 90.973876971091855, 25.716931129398802 ], [ 90.984616213535134, 25.730903186434901 ], [ 90.996151191406696, 25.744346228567426 ], [ 91.008450417572732, 25.757223139281169 ], [ 91.021480256613899, 25.769498348168518 ], [ 91.035205016132011, 25.781137931449457 ], [ 91.049587044297056, 25.792109708007576 ], [ 91.064586833371379, 25.802383330645448 ], [ 91.080163128924895, 25.811930372275189 ], [ 91.096273044432564, 25.820724406775316 ], [ 91.112872180923731, 25.82874108425974 ], [ 91.129914751333217, 25.835958200521443 ], [ 91.147353709183818, 25.842355760430344 ], [ 91.165140881212793, 25.847916035084371 ], [ 91.183227103537973, 25.852623612530415 ], [ 91.20156236094455, 25.856465441893302 ], [ 91.220095928860275, 25.859430870770684 ], [ 91.238776517575104, 25.861511675773659 ], [ 91.257552418252246, 25.862702086114414 ], [ 91.276371650269141, 25.862998800164942 ], [ 91.295182109422157, 25.862400994932777 ], [ 91.313931716523584, 25.860910328423795 ], [ 91.332568565919658, 25.858530934883728 ], [ 91.351041073456784, 25.855269412934121 ], [ 91.369298123427214, 25.851134806641294 ], [ 91.387289214028371, 25.846138579579055 ], [ 91.404964600877861, 25.840294581969342 ], [ 91.422275438132942, 25.833619011006501 ], [ 91.439173916775374, 25.826130364492865 ], [ 91.455613399632611, 25.817849387934668 ], [ 91.471548552721899, 25.808799015267024 ], [ 91.486935472517828, 25.799004303397734 ], [ 91.501731808762017, 25.788492360777411 ], [ 91.515896882450832, 25.777292270222123 ], [ 91.529391798657912, 25.765435006232014 ], [ 91.542179553867825, 25.752953347064729 ], [ 91.554225137519879, 25.739881781838335 ], [ 91.565495627483685, 25.72625641295172 ], [ 91.575960279211088, 25.712114854123612 ], [ 91.585590608333462, 25.697496124362367 ], [ 91.594360466497861, 25.682440538189862 ], [ 91.602246110260126, 25.666989592450832 ], [ 91.609226262878252, 25.651185850047902 ], [ 91.615282168874145, 25.635072820948281 ], [ 91.620397641256702, 25.618694840813877 ], [ 91.624559101324436, 25.602096947610754 ], [ 91.627755610989553, 25.585324756556172 ], [ 91.629978897589766, 25.568424333763929 ], [ 91.631223371177299, 25.551442068948226 ], [ 91.631486134297575, 25.534424547546671 ], [ 91.630766984292137, 25.517418422620292 ], [ 91.629068408181254, 25.500470286886237 ], [ 91.626395570202618, 25.483626545234845 ], [ 91.622756292101911, 25.466933288077708 ] ] ] } },
{ "type": "Feature", "properties": { "gdp": 15138.856960778096, "ENGTYPE_1": "State", "HASC_1": "IN.MZ", "GID_1": "IND.23_1", "join_name": "mizoram", "ISO_1": "IN-MZ", "TYPE_1": "State", "NL_NAME_1": "NA", "CC_1": "NA", "NAME_1": "Mizoram", "COUNTRY": "India", "VARNAME_1": "NA", "GID_0": "IND", "pop": 15138.856960778096 }, "geometry": { "type": "Polygon", "coordinates": [ [ [ 93.09953764639755, 23.25003360346432 ], [ 93.095859337619814, 23.23733550850929 ], [ 93.091467963822126, 23.224832956434902 ], [ 93.086375801937635, 23.212560115268815 ], [ 93.080597030043862, 23.200550509379568 ], [ 93.074147686106727, 23.188836928846435 ], [ 93.067045621870292, 23.177451340981037 ], [ 93.059310452041188, 23.166424804228622 ], [ 93.050963498927175, 23.155787384667658 ], [ 93.042027732698514, 23.145568075319435 ], [ 93.032527707449006, 23.135794718469295 ], [ 93.022489493242688, 23.126493931193504 ], [ 93.011940604338349, 23.117691034275328 ], [ 93.00090992379198, 23.109409984684834 ], [ 92.9894276246429, 23.101673311786922 ], [ 92.977525087895671, 23.094502057432027 ], [ 92.9652348175143, 23.087915720073504 ], [ 92.952590352650915, 23.08193220304538 ], [ 92.939626177334802, 23.076567767123471 ], [ 92.926377627851522, 23.071836987482005 ], [ 92.912880798045421, 23.067752715147211 ], [ 92.899172442781534, 23.064326043038221 ], [ 92.885289879805697, 23.061566276674377 ], [ 92.871270890243736, 23.059480909617513 ], [ 92.857153617982362, 23.058075603705745 ], [ 92.842976468175777, 23.0573541741249 ], [ 92.828778005123795, 23.057318579351989 ], [ 92.814596849766843, 23.057968915993619 ], [ 92.800471577045144, 23.059303418531741 ], [ 92.786440613368313, 23.061318463976939 ], [ 92.77254213444229, 23.064008581418719 ], [ 92.758813963699581, 23.067366466450604 ], [ 92.745293471578407, 23.071383000436985 ], [ 92.732017475894835, 23.076047274576723 ], [ 92.719022143550831, 23.081346618708043 ], [ 92.706342893819453, 23.087266634787532 ], [ 92.69401430344567, 23.09379123496505 ], [ 92.682070013799887, 23.100902684165408 ], [ 92.67054264031708, 23.108581647076662 ], [ 92.659463684452035, 23.116807239433616 ], [ 92.648863448376972, 23.125557083475158 ], [ 92.638770952643952, 23.134807367442416 ], [ 92.629213857029228, 23.144532908974941 ], [ 92.620218384772471, 23.154707222251613 ], [ 92.61180925041667, 23.165302588712628 ], [ 92.60400959144981, 23.17629013118939 ], [ 92.596840903941498, 23.187639891259096 ], [ 92.590322982360718, 23.199320909631989 ], [ 92.584473863752905, 23.211301309369222 ], [ 92.579309776445712, 23.223548381721912 ], [ 92.574845093444026, 23.236028674372491 ], [ 92.571092290664254, 23.248708081852019 ], [ 92.568061910147819, 23.261551937899775 ], [ 92.56576252838282, 23.274525109524038 ], [ 92.564200729850114, 23.287592092517325 ], [ 92.563381085898811, 23.300717108172059 ], [ 92.563306139041956, 23.313864200939133 ], [ 92.563976392750391, 23.326997336765711 ], [ 92.565390306807743, 23.340080501845172 ], [ 92.567544298275493, 23.353077801508945 ], [ 92.570432748100686, 23.365953558987478 ], [ 92.574048013384029, 23.378672413765042 ], [ 92.578380445309222, 23.391199419253233 ], [ 92.583418412717592, 23.403500139506917 ], [ 92.589148331295888, 23.415540744707467 ], [ 92.595554698326779, 23.427288105139883 ], [ 92.602620132934803, 23.438709883391972 ], [ 92.610325421742729, 23.449774624508311 ], [ 92.618649569835739, 23.460451843834743 ], [ 92.62756985691253, 23.470712112294947 ], [ 92.637061898486124, 23.48052713884654 ], [ 92.647099711978385, 23.489869849871127 ], [ 92.657655787536214, 23.498714465260079 ], [ 92.668701163380319, 23.507036570967191 ], [ 92.680205505480743, 23.514813187808524 ], [ 92.692137191338318, 23.52202283629995 ], [ 92.704463397635749, 23.52864559733456 ], [ 92.717150191507343, 23.534663168513664 ], [ 92.73016262516326, 23.540058915957914 ], [ 92.743464833591247, 23.544817921438344 ], [ 92.757020135046929, 23.548927024681394 ], [ 92.770791134033018, 23.552374860716174 ], [ 92.784739826458377, 23.555151892147656 ], [ 92.798827706658884, 23.557250436255057 ], [ 92.813015875955244, 23.558664686830213 ], [ 92.827265152416459, 23.55939073068804 ], [ 92.841536181492941, 23.559426558796776 ], [ 92.855789547180308, 23.558772071993328 ], [ 92.869985883371697, 23.55742908126561 ], [ 92.884085985057112, 23.555401302601062 ], [ 92.898050919027526, 23.552694346417518 ], [ 92.911842133744642, 23.549315701609544 ], [ 92.925421568039368, 23.545274714260437 ], [ 92.938751758307944, 23.540582561086666 ], [ 92.951795943879361, 23.535252217697682 ], [ 92.96451817023592, 23.529298421770353 ], [ 92.976883389776248, 23.522737631253065 ], [ 92.988857559820758, 23.51558797772913 ], [ 93.000407737568707, 23.507869215084501 ], [ 93.011502171729447, 23.49960266363799 ], [ 93.022110390561295, 23.490811149906662 ], [ 93.032203286066505, 23.481518942191094 ], [ 93.041753194104231, 23.471751682177089 ], [ 93.05073397019855, 23.461536312762291 ], [ 93.059121060834855, 23.450901002326596 ], [ 93.066891570053315, 23.439875065673583 ], [ 93.074024321165567, 23.428488881881343 ], [ 93.080499913437109, 23.416773809306328 ], [ 93.086300773596221, 23.404762097993231 ], [ 93.091411202046714, 23.3924867997479 ], [ 93.095817413679924, 23.379981676137646 ], [ 93.099507573199375, 23.367281104685418 ], [ 93.102471824888738, 23.354419983529628 ], [ 93.104702316771025, 23.341433634822742 ], [ 93.106193219124904, 23.328357707143727 ], [ 93.106940737340722, 23.315228077200299 ], [ 93.106943119114931, 23.302080751096902 ], [ 93.106200655999587, 23.288951765442857 ], [ 93.104715679337275, 23.275877088574493 ], [ 93.102492550629094, 23.262892522161351 ], [ 93.09953764639755, 23.25003360346432 ] ] ] } },
{ "type": "Feature", "properties": { "gdp": 19523.949396, "ENGTYPE_1": "State", "HASC_1": "IN.NL", "GID_1": "IND.24_1", "join_name": "nagaland", "ISO_1": "IN-NL", "TYPE_1": "State", "NL_NAME_1": "NA", "CC_1": "NA", "NAME_1": "Nagaland", "COUNTRY": "India", "VARNAME_1": "NA", "GID_0": "IND", "pop": 19523.949396 }, "geometry": { "type": "Polygon", "coordinates": [ [ [ 94.775988952926284, 25.994704740557559 ], [ 94.771440783923211, 25.980260957314215 ], [ 94.766063974759163, 25.966052235085336 ], [ 94.759873583216645, 25.95211738828614 ], [ 94.752886869187179, 25.938494463593738 ], [ 94.74512324419895, 25.925220637284561 ], [ 94.736604215389107, 25.912332115126404 ], [ 94.727353324104442, 25.899864035079116 ], [ 94.717396079324033, 25.887850373049968 ], [ 94.706759886108415, 25.876323851939134 ], [ 94.695473969287519, 25.865315854200858 ], [ 94.683569292609192, 25.854856338135328 ], [ 94.671078473576856, 25.844973758115444 ], [ 94.658035694212487, 25.835694988941576 ], [ 94.64447660798632, 25.827045254505979 ], [ 94.63043824316189, 25.819048060937082 ], [ 94.615958902808345, 25.811725134381916 ], [ 94.601078061737937, 25.805096363573039 ], [ 94.585836260629577, 25.79917974731455 ], [ 94.570274997603732, 25.793991347008959 ], [ 94.554436617515975, 25.78954524433507 ], [ 94.538364199240206, 25.785853504174202 ], [ 94.522101441214105, 25.782926142869769 ], [ 94.505692545521597, 25.780771101892768 ], [ 94.489182100788568, 25.779394226973224 ], [ 94.472614964169225, 25.778799252744804 ], [ 94.456036142701606, 25.778987792937784 ], [ 94.439490674311287, 25.779959336142156 ], [ 94.423023508742631, 25.781711247150696 ], [ 94.406679388696944, 25.784238773879135 ], [ 94.390502731457119, 25.787535059847229 ], [ 94.37453751127704, 25.791591162192852 ], [ 94.35882714281432, 25.796396075178354 ], [ 94.343414365882765, 25.801936759135117 ], [ 94.328341131800371, 25.808198174780863 ], [ 94.313648491606713, 25.815163322830912 ], [ 94.299376486421451, 25.822813288812238 ], [ 94.285564040212861, 25.831127292977229 ], [ 94.272248855243689, 25.840082745200949 ], [ 94.259467310456543, 25.849655304734394 ], [ 94.247254363059028, 25.859818944672941 ], [ 94.235643453563313, 25.870546020988471 ], [ 94.224666414530788, 25.881807345960564 ], [ 94.214353383266783, 25.893572265831526 ], [ 94.204732718704491, 25.905808742497481 ], [ 94.195830922710641, 25.918483439037722 ], [ 94.187672566038302, 25.931561808872363 ], [ 94.180280219143867, 25.94500818832833 ], [ 94.173674388077444, 25.958785892383421 ], [ 94.167873455645378, 25.972857313347568 ], [ 94.162893628034155, 25.987184022232114 ], [ 94.158748887073827, 26.001726872546843 ], [ 94.155450948307148, 26.01644610625835 ], [ 94.153009225017655, 26.031301461633419 ], [ 94.151430798357595, 26.046252282684275 ], [ 94.150720393700709, 26.06125762992594 ], [ 94.150880363331211, 26.076276392149751 ], [ 94.151910675563741, 26.091267398911221 ], [ 94.153808910372263, 26.106189533426594 ], [ 94.156570261589096, 26.121001845567822 ], [ 94.160187545716639, 26.135663664643385 ], [ 94.164651217375734, 26.150134711649834 ], [ 94.169949391395463, 26.164375210678148 ], [ 94.176067871528886, 26.178345999158299 ], [ 94.182990185759351, 26.192008636627101 ], [ 94.190697628140811, 26.205325511704984 ], [ 94.199169307094692, 26.218259946971436 ], [ 94.20838220006479, 26.23077630143171 ], [ 94.218311214409695, 26.242840070272788 ], [ 94.228929254391559, 26.25441798161296 ], [ 94.240207294097857, 26.265478089955256 ], [ 94.252114456112423, 26.275989866064624 ], [ 94.264618095730611, 26.285924282996259 ], [ 94.277683890493307, 26.295253898014124 ], [ 94.291275934794257, 26.303952930148988 ], [ 94.305356839296792, 26.311997333157493 ], [ 94.319887834876269, 26.319364863657338 ], [ 94.334828880788081, 26.326035144227152 ], [ 94.350138776743947, 26.331989721274784 ], [ 94.365775278563589, 26.337212117492921 ], [ 94.381695217055025, 26.341687878737979 ], [ 94.397854619763208, 26.345404615184574 ], [ 94.414208835215192, 26.348352036626085 ], [ 94.430712659280104, 26.350521981809564 ], [ 94.447320463252879, 26.351908441712244 ], [ 94.463986323264308, 26.35250757668592 ], [ 94.480664150613876, 26.352317727414555 ], [ 94.497307822618097, 26.351339419650653 ], [ 94.513871313565545, 26.349575362714873 ], [ 94.530308825368266, 26.347030441764215 ], [ 94.54657491750136, 26.343711703852623 ], [ 94.562624635825401, 26.339628337829165 ], [ 94.578413639890357, 26.33479164813669 ], [ 94.593898328326787, 26.329215022594568 ], [ 94.60903596193765, 26.322913894266978 ], [ 94.623784784113042, 26.315905697537548 ], [ 94.638104138202067, 26.308209818528201 ], [ 94.651954581487487, 26.299847540017964 ], [ 94.665297995422918, 26.290841981034411 ], [ 94.678097691807338, 26.281218031305993 ], [ 94.690318514587275, 26.271002280778369 ], [ 94.701926936994525, 26.260222944414 ], [ 94.712891153745488, 26.248909782505383 ], [ 94.72318116804621, 26.237094016746969 ], [ 94.732768873167771, 26.224808242321529 ], [ 94.741628128376334, 26.212086336267287 ], [ 94.749734829022728, 26.198963362402719 ], [ 94.757066970617842, 26.185475473093344 ], [ 94.763604706740978, 26.171659808153546 ], [ 94.769330400649793, 26.157554391182266 ], [ 94.774228670482358, 26.143198023637201 ], [ 94.778286427962456, 26.128630176956495 ], [ 94.781492910541033, 26.113890883040177 ], [ 94.783839706927338, 26.099020623406485 ], [ 94.785320775984118, 26.084060217338195 ], [ 94.785932458981122, 26.069050709336295 ], [ 94.785673485220897, 26.054033256195879 ], [ 94.784544971070133, 26.039049014018726 ], [ 94.782550412447819, 26.024139025473989 ], [ 94.779695670839914, 26.009344107615235 ], [ 94.775988952926284, 25.994704740557559 ] ] ] } },
{ "type": "Feature", "properties": { "gdp": 550803.70239809598, "ENGTYPE_1": "UnionTerritory", "HASC_1": "IN.DL", "GID_1": "IND.25_1", "join_name": "nctofdelhi", "ISO_1": "NA", "TYPE_1": "UnionTerritor", "NL_NAME_1": "NA", "CC_1": "NA", "NAME_1": "NCTofDelhi", "COUNTRY": "India", "VARNAME_1": "NA", "GID_0": "IND", "pop": 550803.70239809598 }, "geometry": { "type": "Polygon", "coordinates": [ [ [ 79.366800115751118, 28.028622012433679 ], [ 79.354874048661486, 27.949324980576947 ], [ 79.33831475576774, 27.870696183952063 ], [ 79.317178679461435, 27.792949150771808 ], [ 79.291534263704634, 27.716294426240101 ], [ 79.261461655918154, 27.640939023906025 ], [ 79.227052384677222, 27.567085892532702 ], [ 79.188409015086123, 27.494933399555979 ], [ 79.145644783655413, 27.424674832105136 ], [ 79.098883214444726, 27.35649791645589 ], [ 79.048257718166795, 27.290584356688555 ], [ 78.993911175869798, 27.227109393230357 ], [ 78.935995508733711, 27.166241381871608 ], [ 78.874671235427726, 27.108141393760924 ], [ 78.810107018384372, 27.052962836807556 ], [ 78.742479200253598, 27.000851098845143 ], [ 78.671971331704967, 26.951943212846405 ], [ 78.598773691653165, 26.906367544418579 ], [ 78.523082800889227, 26.864243501756018 ], [ 78.445100930010696, 26.825681268181995 ], [ 78.365035602457084, 26.790781557370156 ], [ 78.283099093375156, 26.759635391304847 ], [ 78.199507924961424, 26.732323901011711 ], [ 78.114482358857941, 26.708918150068943 ], [ 78.028245886111847, 26.689478980894769 ], [ 77.941024715151244, 26.674056883794986 ], [ 77.853047258178378, 26.662691888749709 ], [ 77.764543616337775, 26.655413479915158 ], [ 77.675745063980784, 26.652240532817917 ], [ 77.586883532321082, 26.653181274223261 ], [ 77.498191092755434, 26.658233264664247 ], [ 77.409899440114373, 26.667383403625905 ], [ 77.322239376103894, 26.68060795738602 ], [ 77.235440293206537, 26.697872609521891 ], [ 77.149729659324038, 26.719132534098563 ], [ 77.065332503467673, 26.744332491559479 ], [ 76.982470902833128, 26.773406947342554 ], [ 76.901363471636273, 26.806280213245255 ], [ 76.822224852133587, 26.842866611557376 ], [ 76.745265208305256, 26.883070661973182 ], [ 76.670689722740718, 26.926787291281016 ], [ 76.598698097334122, 26.973902065810865 ], [ 76.529484058472278, 27.024291446596965 ], [ 76.463234867475705, 27.07782306718186 ], [ 76.400130837138775, 27.134356033954049 ], [ 76.340344855302249, 27.193741248867241 ], [ 76.284041916482963, 27.255821754341181 ], [ 76.23137866267767, 27.320433100087961 ], [ 76.18250293455327, 27.387403731545344 ], [ 76.137553334328345, 27.456555399529606 ], [ 76.096658801744155, 27.527703590646009 ], [ 76.059938204612806, 27.600657977912885 ], [ 76.027499945516197, 27.675222890970158 ], [ 75.9994415863097, 27.751197805150522 ], [ 75.97584949215738, 27.828377848596617 ], [ 75.956798496891452, 27.906554326507667 ], [ 75.942351591542277, 27.985515261496641 ], [ 75.932559637928975, 28.06504594893509 ], [ 75.92746110923089, 28.14492952605681 ], [ 75.927081859474313, 28.224947553486018 ], [ 75.931434923869503, 28.304880607751084 ], [ 75.940520351913051, 28.384508883241573 ], [ 75.95432507513442, 28.463612801966594 ], [ 75.972822811307779, 28.541973629377061 ], [ 75.995974006872459, 28.619374094422337 ], [ 76.023725819205836, 28.695599011929552 ], [ 76.056012140270994, 28.770435905314155 ], [ 76.09275366301712, 28.843675627563975 ], [ 76.133857991745629, 28.915112978377397 ], [ 76.179219797466573, 28.984547315288786 ], [ 76.228721019060686, 29.051783156574739 ], [ 76.282231110835028, 29.11663077370963 ], [ 76.339607336810829, 29.17890677112349 ], [ 76.400695111819815, 29.238434651016316 ], [ 76.465328389204586, 29.295045360993569 ], [ 76.533330094628553, 29.348577822315551 ], [ 76.604512605199659, 29.398879436592793 ], [ 76.67867827280449, 29.445806568814522 ], [ 76.755619990239353, 29.489225004665407 ], [ 76.835121798414121, 29.529010380168074 ], [ 76.916959532598185, 29.565048581784477 ], [ 77.000901505378749, 29.597236115217708 ], [ 77.086709223714308, 29.62548044127708 ], [ 77.174138137192543, 29.649700277301129 ], [ 77.262938414348625, 29.669825862777802 ], [ 77.352855743666566, 29.685799187952927 ], [ 77.44363215567995, 29.697574184381601 ], [ 77.53500686240838, 29.70511687654534 ], [ 77.626717110218323, 29.70840549383573 ], [ 77.718499042080154, 29.707430542384845 ], [ 77.81008856511238, 29.702194836410051 ], [ 77.901222219257306, 29.692713488926646 ], [ 77.991638042923199, 29.679013861871887 ], [ 78.081076431453809, 29.661135475871877 ], [ 78.169280984349029, 29.639129880069905 ], [ 78.255999337257506, 29.613060482618184 ], [ 78.340983974893561, 29.583002342614272 ], [ 78.42399302119307, 29.54904192443734 ], [ 78.5047910032159, 29.511276815604603 ], [ 78.583149585520701, 29.469815409428275 ], [ 78.658848271981654, 29.424776553900298 ], [ 78.731675072279018, 29.376289168372253 ], [ 78.801427130575959, 29.324491829724401 ], [ 78.867911314187324, 29.269532329833282 ], [ 78.930944760349107, 29.211567206250525 ], [ 78.990355379505985, 29.150761248093922 ], [ 79.045982313845116, 29.087286979229489 ], [ 79.097676350114384, 29.0213241208833 ], [ 79.145300286067496, 28.953059035871565 ], [ 79.188729250175484, 28.882684156670333 ], [ 79.227850974530028, 28.810397399567112 ], [ 79.26256602113682, 28.736401567141776 ], [ 79.292787962053708, 28.660903741319444 ], [ 79.318443514067368, 28.584114669215747 ], [ 79.33947262882289, 28.506248143965632 ], [ 79.355828539518868, 28.427520382680772 ], [ 79.36747776545954, 28.348149403629883 ], [ 79.374400075910316, 28.268354404668901 ], [ 79.37658841483784, 28.188355144878106 ], [ 79.374048788226247, 28.108371331281123 ], [ 79.366800115751118, 28.028622012433679 ] ] ] } },
{ "type": "Feature", "properties": { "gdp": 328549.50299364119, "ENGTYPE_1": "State", "HASC_1": "IN.OR", "GID_1": "IND.26_1", "join_name": "odisha", "ISO_1": "IN-OR", "TYPE_1": "State", "NL_NAME_1": "NA", "CC_1": "NA", "NAME_1": "Odisha", "COUNTRY": "India", "VARNAME_1": "NA", "GID_0": "IND", "pop": 328549.50299364119 }, "geometry": { "type": "Polygon", "coordinates": [ [ [ 85.607277793561749, 20.311338267626255 ], [ 85.595050283519555, 20.251747595355841 ], [ 85.57955149640938, 20.19285244964982 ], [ 85.560829256083295, 20.134812510173418 ], [ 85.538939885128471, 20.077784765478324 ], [ 85.513947997628847, 20.021923105938072 ], [ 85.485926273680349, 19.9673779286715 ], [ 85.454955216753348, 19.914295755239092 ], [ 85.421122894985245, 19.862818862827279 ], [ 85.384524667468995, 19.813084929570092 ], [ 85.345262896581829, 19.765226694592219 ], [ 85.303446647370635, 19.719371633295822 ], [ 85.259191374980759, 19.67564164835462 ], [ 85.21261860108018, 19.634152776823328 ], [ 85.163855580195502, 19.59501491371871 ], [ 85.113034956837467, 19.558331552379887 ], [ 85.060294414255026, 19.524199541872061 ], [ 85.00577631561751, 19.49270886165732 ], [ 84.949627338384843, 19.463942413719725 ], [ 84.891998102587451, 19.437975832300335 ], [ 84.833042793700272, 19.414877311368596 ], [ 84.772918780759767, 19.394707449932657 ], [ 84.711786230339598, 19.37751911526987 ], [ 84.649807716970329, 19.363357324140445 ], [ 84.587147830560554, 19.352259142032587 ], [ 84.523972781352882, 19.344253600476108 ], [ 84.460450002927757, 19.339361632450021 ], [ 84.396747753750631, 19.33759602590321 ], [ 84.333034717745676, 19.338961395400165 ], [ 84.269479604370119, 19.34345417189871 ], [ 84.206250748659329, 19.351062610661977 ], [ 84.143515711711601, 19.361766817302993 ], [ 84.081440882086284, 19.375538791955211 ], [ 84.020191078596966, 19.39234249155756 ], [ 83.959929154993517, 19.412133910236442 ], [ 83.900815607043441, 19.434861177759068 ], [ 83.843008182542903, 19.460464676023321 ], [ 83.786661494811895, 19.488877173537276 ], [ 83.731926640254642, 19.520023977827176 ], [ 83.67895082059735, 19.55382310569502 ], [ 83.627876970447247, 19.590185471226203 ], [ 83.578843390852867, 19.629015091424314 ], [ 83.531983389582308, 19.670209309320349 ], [ 83.487424928874233, 19.713659034374782 ], [ 83.445290281456096, 19.75924899995201 ], [ 83.405695695663468, 19.806858037610294 ], [ 83.368751070533179, 19.856359367903504 ], [ 83.334559641781624, 19.907620907346182 ], [ 83.303217679616054, 19.960505591139846 ], [ 83.27481419936062, 20.014871711204936 ], [ 83.249430685910525, 20.070573269003329 ], [ 83.227140833054861, 20.127460342575706 ], [ 83.208010298731296, 20.18537946715265 ], [ 83.192096477293802, 20.244174028633516 ], [ 83.179448289885897, 20.303684669156606 ], [ 83.170105994016268, 20.363749703916149 ], [ 83.164101013431747, 20.42420554831012 ], [ 83.161455789371246, 20.484887154432535 ], [ 83.162183654264382, 20.545628455853411 ], [ 83.166288728910772, 20.606262819560719 ], [ 83.173765844135986, 20.666623503871122 ], [ 83.184600487872686, 20.726544121051546 ], [ 83.198768778554722, 20.78585910333225 ], [ 83.216237465643545, 20.844404170933888 ], [ 83.236963958024305, 20.902016800679238 ], [ 83.260896380918282, 20.958536693710766 ], [ 83.287973661855901, 21.013806240795788 ], [ 83.318125646142676, 21.067670983663653 ], [ 83.351273242128343, 21.119980070793577 ], [ 83.387328596458445, 21.170586706050074 ], [ 83.426195299347896, 21.219348588551707 ], [ 83.467768619769757, 21.266128342156119 ], [ 83.511935770298635, 21.310793932948418 ], [ 83.55857620119005, 21.353219073137215 ], [ 83.607561923114261, 21.393283609784625 ], [ 83.658757857799117, 21.430873896832246 ], [ 83.712022215669791, 21.465883148928089 ], [ 83.767206899408748, 21.498211775611896 ], [ 83.824157932196698, 21.527767694479362 ], [ 83.882715909235856, 21.554466622017014 ], [ 83.942716471004772, 21.578232340878987 ], [ 84.003990796547384, 21.598996942467039 ], [ 84.06636611496279, 21.616701043769087 ], [ 84.129666233136518, 21.631293977517693 ], [ 84.193712077639063, 21.642733954837816 ], [ 84.25832224861793, 21.650988199670778 ], [ 84.323313583422717, 21.656033054381354 ], [ 84.388501727632516, 21.657854056080758 ], [ 84.453701711101701, 21.656445983326829 ], [ 84.518728526602402, 21.651812872993357 ], [ 84.583397708624005, 21.643968007234026 ], [ 84.647525909888131, 21.632933870598315 ], [ 84.710931473154815, 21.618742077490605 ], [ 84.773434995929634, 21.601433270294095 ], [ 84.834859885733238, 21.581056988610698 ], [ 84.895032903663278, 21.5576715101936 ], [ 84.95378469406235, 21.531343664271265 ], [ 85.010950298204762, 21.502148618077243 ], [ 85.066369650027042, 21.470169637512509 ], [ 85.119888052051849, 21.435497822970522 ], [ 85.171356629789997, 21.398231821452718 ], [ 85.220632763050475, 21.358477516191659 ], [ 85.267580492739953, 21.316347695080712 ], [ 85.312070901891616, 21.271961699280986 ], [ 85.353982469825468, 21.225445053440374 ], [ 85.393201398507259, 21.176929079013668 ], [ 85.429621910338454, 21.126550492217106 ], [ 85.463146516775311, 21.074450988186211 ], [ 85.493686257337373, 21.020776812931533 ], [ 85.521160908724951, 20.965678324702495 ], [ 85.545499163918933, 20.90930954637701 ], [ 85.566638781284851, 20.851827710492177 ], [ 85.584526703842016, 20.793392798520539 ], [ 85.599119148992401, 20.73416707597724 ], [ 85.61038166912617, 20.674314624916761 ], [ 85.618289183634317, 20.61400087534355 ], [ 85.622825982962397, 20.553392137020086 ], [ 85.62398570543229, 20.492655133108851 ], [ 85.621771287640556, 20.431956537032768 ], [ 85.616194889313775, 20.371462513880932 ], [ 85.607277793561749, 20.311338267626255 ] ] ] } },
{ "type": "Feature", "properties": { "gdp": 26616.537907000002, "ENGTYPE_1": "UnionTerritory", "HASC_1": "IN.PY", "GID_1": "IND.27_1", "join_name": "puducherry", "ISO_1": "IN-PY", "TYPE_1": "UnionTerritor", "NL_NAME_1": "NA", "CC_1": "NA", "NAME_1": "Puducherry", "COUNTRY": "India", "VARNAME_1": "Pondicherry|Puduchcheri|Pondiché", "GID_0": "IND", "pop": 26616.537907000002 }, "geometry": { "type": "Polygon", "coordinates": [ [ [ 80.99260379574801, 12.710940219894558 ], [ 80.990095514579366, 12.694424763283982 ], [ 80.986711270651213, 12.678062228790097 ], [ 80.982460731183096, 12.661897337066252 ], [ 80.977355918155624, 12.645974235932819 ], [ 80.971411171320909, 12.630336381122834 ], [ 80.964643105124821, 12.615026419245265 ], [ 80.957070559700099, 12.600086073262748 ], [ 80.948714546101087, 12.585556030772381 ], [ 80.939598185963661, 12.571475835366247 ], [ 80.929746645784775, 12.557883781337955 ], [ 80.919187066025984, 12.544816811990076 ], [ 80.90794848525546, 12.532310421785066 ], [ 80.896061759551429, 12.520398562570966 ], [ 80.883559477397512, 12.509113554100159 ], [ 80.870475870308553, 12.498485999047874 ], [ 80.856846719431346, 12.488544702723846 ], [ 80.842709258371187, 12.479316597657901 ], [ 80.82810207249976, 12.470826673228141 ], [ 80.813064995005533, 12.463097910486798 ], [ 80.797638999951175, 12.456151222326517 ], [ 80.781866092606677, 12.450005399116602 ], [ 80.765789197330221, 12.444677059926532 ], [ 80.749452043270978, 12.440180609440437 ], [ 80.732899048171177, 12.436528200654381 ], [ 80.716175200546417, 12.433729703434398 ], [ 80.699325940524702, 12.431792679002333 ], [ 80.682397039626608, 12.430722360401379 ], [ 80.665434479769232, 12.430521638983269 ], [ 80.648484331778334, 12.431191056944229 ], [ 80.631592633692264, 12.432728805925713 ], [ 80.614805269142821, 12.435130731682589 ], [ 80.598167846097098, 12.438390344809077 ], [ 80.581725576244565, 12.442498837500407 ], [ 80.565523155312761, 12.447445106315051 ], [ 80.549604644594268, 12.453215780890281 ], [ 80.534013353966031, 12.459795258550868 ], [ 80.518791726681485, 12.467165744738185 ], [ 80.503981226212701, 12.475307299174196 ], [ 80.489622225418827, 12.484197887661885 ], [ 80.475753898313755, 12.493813439411678 ], [ 80.462414114703364, 12.504127909769101 ], [ 80.449639337958644, 12.515113348208086 ], [ 80.437464526187526, 12.526739971439296 ], [ 80.425923037063839, 12.538976241472275 ], [ 80.415046536566237, 12.551788948455368 ], [ 80.404864911874625, 12.56514329810614 ], [ 80.39540618866566, 12.579003003531813 ], [ 80.386696453041154, 12.593330381226446 ], [ 80.37875977831645, 12.608086451019973 ], [ 80.371618156886896, 12.623231039741242 ], [ 80.365291437381529, 12.638722888346249 ], [ 80.359797267303335, 12.654519762250112 ], [ 80.355151041344513, 12.670578564591123 ], [ 80.351365855553624, 12.686855452143526 ], [ 80.348452467519223, 12.70330595358625 ], [ 80.346419262721056, 12.719885089823837 ], [ 80.345272227186157, 12.736547496047958 ], [ 80.345014926571622, 12.753247545218134 ], [ 80.34564849178085, 12.769939472633059 ], [ 80.347171611202484, 12.786577501256968 ], [ 80.349580529644612, 12.803115967458876 ], [ 80.352869054018186, 12.819509446817431 ], [ 80.357028565804939, 12.83571287964004 ], [ 80.362048040325504, 12.851681695841178 ], [ 80.367914072803231, 12.867371938822853 ], [ 80.374610911198332, 12.882740387999309 ], [ 80.382120495766557, 12.897744679607726 ], [ 80.390422505274159, 12.912343425448283 ], [ 80.399494409779791, 12.926496329199706 ], [ 80.40931152987163, 12.940164299959623 ], [ 80.419847102226328, 12.953309562665254 ], [ 80.431072351333981, 12.965895765055187 ], [ 80.442956567211283, 12.977888080842174 ], [ 80.455467188904294, 12.989253308774705 ], [ 80.468569893559518, 12.999959967276483 ], [ 80.482228690822538, 13.009978384364247 ], [ 80.496406022302438, 13.019280782557582 ], [ 80.511062865821032, 13.027841358508038 ], [ 80.526158844147361, 13.035636357091477 ], [ 80.541652337900032, 13.042644139722537 ], [ 80.557500602284037, 13.048845246669142 ], [ 80.573659887311919, 13.054222453162751 ], [ 80.590085561146864, 13.058760819119829 ], [ 80.606732236191064, 13.062447732310678 ], [ 80.623553897531934, 13.065272944832529 ], [ 80.640504033349359, 13.067228602765857 ], [ 80.657535766878325, 13.068309268915334 ], [ 80.674601989515466, 13.06851193855969 ], [ 80.691655494652451, 13.067836048157497 ], [ 80.708649111817323, 13.066283476980589 ], [ 80.725535840702193, 13.063858541668782 ], [ 80.74226898465713, 13.060567983724717 ], [ 80.7588022832322, 13.056420949990315 ], [ 80.77509004335306, 13.051428966169931 ], [ 80.791087268721995, 13.045605903488463 ], [ 80.806749787043003, 13.038967938595089 ], [ 80.82203437467895, 13.031533506845705 ], [ 80.836898878359236, 13.023323249118322 ], [ 80.851302333568711, 13.014359952336573 ], [ 80.865205079261386, 13.004668483896527 ], [ 80.878568868558759, 12.994275720211061 ], [ 80.89135697510666, 12.983210469603906 ], [ 80.903534294783455, 12.971503389802901 ], [ 80.915067442469621, 12.959186900297455 ], [ 80.925924843608144, 12.946295089840792 ], [ 80.936076820305033, 12.932863619389876 ], [ 80.945495671739636, 12.918929620789759 ], [ 80.954155748675831, 12.904531591518705 ], [ 80.962033521886241, 12.889709285821148 ], [ 80.969107644324069, 12.874503602563665 ], [ 80.975359006898131, 12.858956470155858 ], [ 80.98077078772998, 12.843110728884596 ], [ 80.985328494792995, 12.827010011013765 ], [ 80.989020001855707, 12.810698619005366 ], [ 80.991835577673442, 12.794221402219423 ], [ 80.993767908392982, 12.777623632450879 ], [ 80.994812113156726, 12.760950878661422 ], [ 80.99496575291252, 12.744248881261939 ], [ 80.994228832455619, 12.727563426298975 ], [ 80.99260379574801, 12.710940219894558 ] ] ] } },
{ "type": "Feature", "properties": { "gdp": 390087.44, "ENGTYPE_1": "State", "HASC_1": "IN.PB", "GID_1": "IND.28_1", "join_name": "punjab", "ISO_1": "IN-PB", "TYPE_1": "State", "NL_NAME_1": "NA", "CC_1": "NA", "NAME_1": "Punjab", "COUNTRY": "India", "VARNAME_1": "NA", "GID_0": "IND", "pop": 390087.44 }, "geometry": { "type": "Polygon", "coordinates": [ [ [ 76.714687311537304, 31.953649879532257 ], [ 76.706169201260892, 31.886556145908465 ], [ 76.693562772777568, 31.819933649076088 ], [ 76.676911268197912, 31.753963849648727 ], [ 76.656268644014361, 31.688826033880396 ], [ 76.631699334976418, 31.624696839255417 ], [ 76.603277994831799, 31.561749791352185 ], [ 76.571089215462777, 31.500154853014873 ], [ 76.535227225926889, 31.440077986792595 ], [ 76.495795572879132, 31.381680731532185 ], [ 76.452906783815294, 31.325119793937759 ], [ 76.40668201452749, 31.270546655838007 ], [ 76.357250682111228, 31.218107197834904 ], [ 76.304750084804382, 31.167941339939322 ], [ 76.249325009876117, 31.120182699736635 ], [ 76.191127330719468, 31.074958268564949 ], [ 76.130315594232684, 31.032388106131897 ], [ 76.067054599507827, 30.992585053943763 ], [ 76.001514968776277, 30.955654467871025 ], [ 75.933872711493834, 30.921693970130978 ], [ 75.864308782382693, 30.890793220925868 ], [ 75.793008634184758, 30.86303370993986 ], [ 75.72016176582062, 30.838488567864289 ], [ 75.645961266592494, 30.817222398092216 ], [ 75.57060335701793, 30.799291128697991 ], [ 75.494286926833496, 30.784741884794844 ], [ 75.417213070666563, 30.77361288134529 ], [ 75.339584621836323, 30.765933336481982 ], [ 75.26160568471596, 30.761723405382707 ], [ 75.183481166062251, 30.760994134731504 ], [ 75.105416305702832, 30.763747437786101 ], [ 75.027616206958555, 30.769976090063299 ], [ 74.950285367174601, 30.779663745643639 ], [ 74.873627208735599, 30.792784974088821 ], [ 74.797843610948462, 30.809305317954184 ], [ 74.723134443192066, 30.829181370870565 ], [ 74.649697099753823, 30.852360876155938 ], [ 74.577726036801664, 30.878782845905693 ], [ 74.507412311972999, 30.90837770049416 ], [ 74.438943127102206, 30.941067428402221 ], [ 74.372501374652728, 30.97676576626526 ], [ 74.308265188470074, 31.01537839901123 ], [ 74.246407499525901, 31.056803179932039 ], [ 74.187095597382182, 31.1009303704991 ], [ 74.130490698165815, 31.147642899700255 ], [ 74.076747519908807, 31.196816642635245 ], [ 74.026013866175589, 31.248320718064409 ], [ 73.978430218966679, 31.302017804558073 ], [ 73.934129341956066, 31.357764474843211 ], [ 73.89323589518763, 31.415411547888599 ], [ 73.855866062421484, 31.474804458211441 ], [ 73.822127192385437, 31.535783641826225 ], [ 73.792117455246, 31.598184938191448 ], [ 73.765925515669878, 31.661840007441107 ], [ 73.743630223895167, 31.726576762118917 ], [ 73.725300326275175, 31.79221981255953 ], [ 73.710994196791646, 31.85859092498827 ], [ 73.700759591059054, 31.925509491336193 ], [ 73.694633424357235, 31.992793009693244 ], [ 73.692641575231434, 32.060257574247679 ], [ 73.694798716190618, 32.127718373487767 ], [ 73.701108173010581, 32.194990195370288 ], [ 73.711561814111676, 32.261887938093004 ], [ 73.726139971427898, 32.328227125042204 ], [ 73.744811394114947, 32.393824422426739 ], [ 73.767533236360535, 32.45849815805321 ], [ 73.794251080458267, 32.522068839646984 ], [ 73.82489899618777, 32.584359671078708 ], [ 73.859399637409439, 32.645197064819172 ], [ 73.897664376630502, 32.704411148914993 ], [ 73.939593478132394, 32.76183626675509 ], [ 73.985076310067782, 32.817311467884537 ], [ 74.033991595740403, 32.870680988117599 ], [ 74.08620770407245, 32.921794717205884 ], [ 74.14158297904639, 32.970508652331226 ], [ 74.199966107679785, 33.016685335717369 ], [ 74.261196525857358, 33.060194274686566 ], [ 74.325104861105018, 33.100912342531949 ], [ 74.391513411148722, 33.138724158628449 ], [ 74.460236656859522, 33.173522446268365 ], [ 74.531081807947032, 33.205208366780241 ], [ 74.603849379530487, 33.233691828569604 ], [ 74.678333797491305, 33.2588917698126 ], [ 74.754324030296758, 33.280736413628929 ], [ 74.831604244784103, 33.299163494669337 ], [ 74.909954483209376, 33.314120456163664 ], [ 74.9891513586999, 33.325564616596701 ], [ 75.068968766103239, 33.333463305302324 ], [ 75.149178605103003, 33.337793966398046 ], [ 75.229551512373362, 33.33854423061446 ], [ 75.309857599470206, 33.335711954711108 ], [ 75.389867193111641, 33.329305228309941 ], [ 75.469351574479305, 33.319342348116351 ], [ 75.548083714181786, 33.30585175963882 ], [ 75.625838999555157, 33.288871966657759 ], [ 75.702395951038895, 33.268451408830963 ], [ 75.777536924452733, 33.244648307959316 ], [ 75.851048796113446, 33.217530483567316 ], [ 75.922723627866489, 33.187175138580173 ], [ 75.992359309265154, 33.15366861600117 ], [ 76.059760174306732, 33.117106127608878 ], [ 76.124737590329858, 33.077591455802711 ], [ 76.187110516885284, 33.035236629827004 ], [ 76.246706032614014, 32.990161577697243 ], [ 76.303359828396154, 32.942493755237429 ], [ 76.356916665271569, 32.892367753713302 ], [ 76.407230795873346, 32.839924887613236 ], [ 76.454166348358029, 32.785312764185235 ], [ 76.497597672056443, 32.728684836386826 ], [ 76.537409644306763, 32.67019994094106 ], [ 76.573497938161466, 32.610021823220428 ], [ 76.605769250883242, 32.548318650697951 ], [ 76.634141493356879, 32.485262516713199 ], [ 76.658543940745446, 32.421028936299798 ], [ 76.678917344906196, 32.35579633581132 ], [ 76.695214009255153, 32.289745538063087 ], [ 76.707397826927078, 32.223059244681338 ], [ 76.715444283218957, 32.15592151731606 ], [ 76.719340423431248, 32.088517259332562 ], [ 76.71908478732901, 32.021031699548907 ], [ 76.714687311537304, 31.953649879532257 ] ] ] } },
{ "type": "Feature", "properties": { "gdp": 681482.25610999996, "ENGTYPE_1": "State", "HASC_1": "IN.RJ", "GID_1": "IND.29_1", "join_name": "rajasthan", "ISO_1": "IN-RJ", "TYPE_1": "State", "NL_NAME_1": "NA", "CC_1": "NA", "NAME_1": "Rajasthan", "COUNTRY": "India", "VARNAME_1": "GreaterRajasthan|Rajputana", "GID_0": "IND", "pop": 681482.25610999996 }, "geometry": { "type": "Polygon", "coordinates": [ [ [ 75.596947354148341, 26.201635015432359 ], [ 75.587386241732631, 26.11330709461906 ], [ 75.572740302425203, 26.0255637431457 ], [ 75.553063177294263, 25.938643447902063 ], [ 75.528421741657496, 25.852781701223833 ], [ 75.49889578531149, 25.768210386329539 ], [ 75.464577665991513, 25.685157180327213 ], [ 75.425571938248311, 25.603844975987059 ], [ 75.381994959869758, 25.524491323346975 ], [ 75.333974477901563, 25.44730789209332 ], [ 75.281649196236643, 25.372499955537634 ], [ 75.225168326648728, 25.300265896894238 ], [ 75.164691125044072, 25.230796738453833 ], [ 75.100386414596883, 25.164275694145374 ], [ 75.032432097322797, 25.10087774588165 ], [ 74.961014655529254, 25.040769243998206 ], [ 74.886328644466786, 24.984107532013446 ], [ 74.808576177388986, 24.931040595868996 ], [ 74.727966404115975, 24.881706737746018 ], [ 74.644714984084473, 24.836234274499951 ], [ 74.559043554761047, 24.79474126071278 ], [ 74.471179196192821, 24.757335236323772 ], [ 74.381353892373383, 24.724112998774416 ], [ 74.289803990011791, 24.69516039958096 ], [ 74.196769655210275, 24.670552165237606 ], [ 74.102494328481001, 24.650351742346281 ], [ 74.007224178465776, 24.634611166870496 ], [ 73.911207554665538, 24.623370957416469 ], [ 73.814694439436892, 24.616660032456171 ], [ 73.717935899474696, 24.614495651421329 ], [ 73.621183536969511, 24.616883379615739 ], [ 73.524688940609749, 24.623817076914111 ], [ 73.428703136587899, 24.635278910236327 ], [ 73.333476039770858, 24.651239389809056 ], [ 73.2392559052048, 24.67165742924767 ], [ 73.146288780144545, 24.696480429512352 ], [ 73.054817956827975, 24.725644386809382 ], [ 72.965083426255489, 24.759074024524082 ], [ 72.877321333283035, 24.796682949282388 ], [ 72.791763433396454, 24.8383738312438 ], [ 72.708636551600449, 24.884038608729377 ], [ 72.62816204393188, 24.93355871728156 ], [ 72.550555262189093, 24.986805343241123 ], [ 72.476025022560151, 25.043639701904961 ], [ 72.404773078928741, 25.103913340301524 ], [ 72.336993601739067, 25.167468464582978 ], [ 72.27287266340899, 25.234138291989787 ], [ 72.212587731390869, 25.303747427287895 ], [ 72.156307170093982, 25.376112263517609 ], [ 72.104189752997783, 25.451041406821432 ], [ 72.056384186400805, 25.528336125037892 ], [ 72.01302864636466, 25.607790819661005 ], [ 71.974250330524413, 25.689193520668443 ], [ 71.940165026543923, 25.772326403617839 ], [ 71.910876699097003, 25.856966328301251 ], [ 71.88647709734748, 25.942885398130528 ], [ 71.867045384987364, 26.02985153930597 ], [ 71.852647794962721, 26.117629098694778 ], [ 71.843337311077619, 26.205979459216685 ], [ 71.839153378709241, 26.294661671404974 ], [ 71.84012164689392, 26.383433099678026 ], [ 71.846253744051552, 26.472050081727449 ], [ 71.857547089601852, 26.560268599298723 ], [ 71.873984743690926, 26.647844958515762 ], [ 71.895535297186015, 26.734536477778743 ], [ 71.922152804012896, 26.820102181150801 ], [ 71.953776757798536, 26.904303495041059 ], [ 71.990332114645838, 26.986904945892832 ], [ 72.031729363701857, 27.067674856497845 ], [ 72.07786464699079, 27.14638603847937 ], [ 72.128619929764469, 27.222816478423368 ], [ 72.183863222380666, 27.296750015085379 ], [ 72.243448854450321, 27.367977005063889 ], [ 72.307217801705534, 27.436294974311306 ], [ 72.374998065727311, 27.501509252847441 ], [ 72.446605106343569, 27.563433590052718 ], [ 72.521842326162513, 27.621890747947884 ], [ 72.600501606350591, 27.676713069912473 ], [ 72.682363892399223, 27.727743022358144 ], [ 72.767199828256352, 27.774833706954904 ], [ 72.854770436830776, 27.817849341105234 ], [ 72.94482784451337, 27.856665704476804 ], [ 73.037116047005767, 27.891170549535197 ], [ 73.131371713406708, 27.921263974163452 ], [ 73.227325025184612, 27.946858754616638 ], [ 73.324700546366813, 27.967880637232817 ], [ 73.423218121003728, 27.98426858750727 ], [ 73.522593793726486, 27.995974995333832 ], [ 73.62254074901044, 28.002965835422074 ], [ 73.722770264588476, 28.005220782113451 ], [ 73.822992674330109, 28.002733278037457 ], [ 73.922918335816163, 27.995510556274048 ], [ 74.022258597795627, 27.983573615913812 ], [ 74.120726762712849, 27.966957151135318 ], [ 74.218039039537572, 27.94570943414471 ], [ 74.313915482219457, 27.919892152546822 ], [ 74.408080909218157, 27.889580201935402 ], [ 74.50026579973057, 27.854861434704251 ], [ 74.590207162444543, 27.8158363662846 ], [ 74.677649372890343, 27.77261784021162 ], [ 74.762344975733583, 27.725330653607138 ], [ 74.844055448653904, 27.674111144838854 ], [ 74.92255192477559, 27.619106745276422 ], [ 74.997615870957588, 27.560475497209524 ], [ 75.069039719604547, 27.498385540124087 ], [ 75.136627452025152, 27.433014567645699 ], [ 75.200195131730908, 27.364549257557417 ], [ 75.259571386438452, 27.293184677379241 ], [ 75.314597837901445, 27.219123668059201 ], [ 75.3651294790549, 27.142576208371885 ], [ 75.411034998298092, 27.063758762647794 ], [ 75.45219705107165, 26.982893614468491 ], [ 75.488512479194569, 26.900208188956846 ], [ 75.519892478716315, 26.815934366269119 ], [ 75.546262717306618, 26.730307788859573 ], [ 75.567563402447064, 26.643567165036039 ], [ 75.583749301905542, 26.555953571259423 ], [ 75.59478971816398, 26.467709755562886 ], [ 75.600668418633006, 26.379079444377066 ], [ 75.601383523622715, 26.29030665494874 ], [ 75.596947354148341, 26.201635015432359 ] ] ] } },
{ "type": "Feature", "properties": { "gdp": 18033.942571297161, "ENGTYPE_1": "State", "HASC_1": "IN.SK", "GID_1": "IND.30_1", "join_name": "sikkim", "ISO_1": "IN-SK", "TYPE_1": "State", "NL_NAME_1": "NA", "CC_1": "NA", "NAME_1": "Sikkim", "COUNTRY": "India", "VARNAME_1": "NA", "GID_0": "IND", "pop": 18033.942571297161 }, "geometry": { "type": "Polygon", "coordinates": [ [ [ 88.776788738718224, 27.515209405885081 ], [ 88.773232056054425, 27.501094271969553 ], [ 88.768852975758804, 27.487164571238708 ], [ 88.763663830777361, 27.473458383774688 ], [ 88.757679151400467, 27.460013160188641 ], [ 88.750915622104685, 27.446865620256123 ], [ 88.743392032781259, 27.434051653725689 ], [ 88.73512922451782, 27.421606223556228 ], [ 88.726150030110574, 27.409563271831111 ], [ 88.716479209494807, 27.397955628587422 ], [ 88.706143380291621, 27.386814923790183 ], [ 88.695170943677809, 27.376171502671028 ], [ 88.683592005793315, 27.366054344641437 ], [ 88.671438294910132, 27.356490985979647 ], [ 88.658743074591072, 27.347507446480364 ], [ 88.645541053075533, 27.339128160244645 ], [ 88.631868289132939, 27.331375910777204 ], [ 88.617762094631658, 27.324271770545703 ], [ 88.603260934073916, 27.317835045146726 ], [ 88.588404321352868, 27.312083222209299 ], [ 88.573232713990549, 27.307031925157457 ], [ 88.557787405118887, 27.302694871939011 ], [ 88.542110413469032, 27.299083838817349 ], [ 88.526244371635926, 27.296208629310186 ], [ 88.510232412887603, 27.294077048347024 ], [ 88.494118056789816, 27.292694881705152 ], [ 88.477945093918393, 27.2920658807713 ], [ 88.461757469932166, 27.292191752664159 ], [ 88.445599169280513, 27.293072155740298 ], [ 88.429514098819425, 27.294704700493838 ], [ 88.413545971610404, 27.297084955847772 ], [ 88.397738191176515, 27.30020646082264 ], [ 88.382133736488598, 27.304060741555404 ], [ 88.366775047955272, 27.308637333629946 ], [ 88.351703914687633, 27.313923809667362 ], [ 88.336961363309427, 27.319905812112207 ], [ 88.322587548581382, 27.32656709113931 ], [ 88.308621646106047, 27.333889547592282 ], [ 88.295101747377032, 27.341853280854238 ], [ 88.282064757434327, 27.350436641537758 ], [ 88.269546295383378, 27.35961628887058 ], [ 88.257580598031851, 27.369367252640497 ], [ 88.246200426894447, 27.379662999552174 ], [ 88.235436978810654, 27.390475503836804 ], [ 88.225319800415491, 27.401775321943791 ], [ 88.215876706696847, 27.413531671133491 ], [ 88.207133703867356, 27.425712511778279 ], [ 88.199114916770569, 27.438284633169054 ], [ 88.19184252103409, 27.451213742614428 ], [ 88.18533668017362, 27.464464557608739 ], [ 88.179615487842042, 27.478000900837181 ], [ 88.174694915408665, 27.491785797775467 ], [ 88.170588765041757, 27.505781576634238 ], [ 88.16730862845688, 27.519949970389384 ], [ 88.164863851480689, 27.534252220632141 ], [ 88.163261504566464, 27.548649182965658 ], [ 88.162506359384565, 27.563101433668727 ], [ 88.162600871595032, 27.577569377340758 ], [ 88.163545169895201, 27.592013355238066 ], [ 88.165337051418035, 27.606393754006383 ], [ 88.16797198354088, 27.620671114511385 ], [ 88.171443112145468, 27.63480624046651 ], [ 88.175741276353136, 27.648760306554632 ], [ 88.18085502973922, 27.662494965740496 ], [ 88.18677066801223, 27.67597245546953 ], [ 88.193472263122572, 27.68915570245013 ], [ 88.200941703746523, 27.702008425718535 ], [ 88.209158742069874, 27.714495237687661 ], [ 88.21810104677526, 27.726581742885326 ], [ 88.227744262116801, 27.738234634092475 ], [ 88.238062072944189, 27.749421785597175 ], [ 88.249026275517977, 27.76011234328746 ], [ 88.260606853937716, 27.770276811313472 ], [ 88.272772061983517, 27.779887135058793 ], [ 88.28548851015249, 27.788916780169806 ], [ 88.298721257652034, 27.797340807403231 ], [ 88.312433909092888, 27.805135943063558 ], [ 88.326588715607727, 27.812280644813999 ], [ 88.341146680103208, 27.818755162658757 ], [ 88.356067666337481, 27.824541594908109 ], [ 88.371310511500766, 27.829623938952491 ], [ 88.386833141961148, 27.833988136688173 ], [ 88.40259269182711, 27.837622114451992 ], [ 88.418545623964746, 27.840515817341096 ], [ 88.434647853099577, 27.842661237809601 ], [ 88.45085487062299, 27.844052438452433 ], [ 88.467121870716952, 27.844685568905014 ], [ 88.483403877405436, 27.844558876804978 ], [ 88.499655872136358, 27.843672712782087 ], [ 88.515832921496482, 27.842029529460024 ], [ 88.531890304660749, 27.839633874473524 ], [ 88.547783640178622, 27.836492377522923 ], [ 88.563469011703063, 27.832613731506406 ], [ 88.578903092271403, 27.828008667789984 ], [ 88.594043266754468, 27.82268992569265 ], [ 88.608847752096651, 27.816672216282075 ], [ 88.623275714979343, 27.809972180595153 ], [ 88.637287386550483, 27.802608342413006 ], [ 88.650844173874475, 27.794601055738287 ], [ 88.663908767770224, 27.78597244713772 ], [ 88.676445246719268, 27.77674635312848 ], [ 88.688419176541288, 27.766948252801761 ], [ 88.699797705550552, 27.756605195890611 ], [ 88.710549654925146, 27.745745726502204 ], [ 88.720645604037699, 27.734399802746921 ], [ 88.730057970516157, 27.722598712508155 ], [ 88.738761084822627, 27.710374985606695 ], [ 88.746731259157286, 27.697762302623424 ], [ 88.753946850516343, 27.684795400652273 ], [ 88.760388317752046, 27.671509976263039 ], [ 88.766038272504161, 27.657942585959656 ], [ 88.770881523893607, 27.644130544426002 ], [ 88.774905116888704, 27.630111820854566 ], [ 88.778098364275948, 27.615924933657713 ], [ 88.7804528721868, 27.6016088438632 ], [ 88.781962559153058, 27.587202847497643 ], [ 88.782623668681993, 27.57274646726156 ], [ 88.782434775362148, 27.558279343799722 ], [ 88.781396784529321, 27.543841126869427 ], [ 88.779512925540132, 27.529471366706257 ], [ 88.776788738718224, 27.515209405885081 ] ] ] } },
{ "type": "Feature", "properties": { "gdp": 1176500.0314159759, "ENGTYPE_1": "State", "HASC_1": "IN.TN", "GID_1": "IND.31_1", "join_name": "tamilnadu", "ISO_1": "IN-TN", "TYPE_1": "State", "NL_NAME_1": "NA", "CC_1": "NA", "NAME_1": "TamilNadu", "COUNTRY": "India", "VARNAME_1": "Madras|Tamilnad", "GID_0": "IND", "pop": 1176500.0314159759 }, "geometry": { "type": "Polygon", "coordinates": [ [ [ 81.037908953830922, 10.795647440828709 ], [ 81.021501590500719, 10.687103559411849 ], [ 80.999414285626401, 10.579624993919087 ], [ 80.971724093194354, 10.47350086007974 ], [ 80.93852253880263, 10.369015177594839 ], [ 80.899915206719356, 10.266446169995918 ], [ 80.856021301144906, 10.166065594237246 ], [ 80.806973184253081, 10.068138100781422 ], [ 80.752915893476327, 9.972920624727331 ], [ 80.69400664037542, 9.880661808332468 ], [ 80.630414293299864, 9.791601455097853 ], [ 80.562318845903278, 9.705970015417249 ], [ 80.489910873428769, 9.623988103640947 ], [ 80.413390978528199, 9.545866046271522 ], [ 80.332969228225465, 9.471803460892783 ], [ 80.248864583479815, 9.401988865336083 ], [ 80.161304322654431, 9.336599316508517 ], [ 80.070523460045919, 9.2758000782461 ], [ 79.976764160488088, 9.219744317511367 ], [ 79.880275150904225, 9.16857282822796 ], [ 79.781311129552364, 9.12241378203522 ], [ 79.68013217358498, 9.081382505250126 ], [ 79.577003145430524, 9.045581281345562 ], [ 79.472193098399913, 9.015099178286595 ], [ 79.365974681827268, 8.990011900113487 ], [ 79.258623545970053, 8.970381662217218 ], [ 79.150417746821901, 8.956257089821049 ], [ 79.0416371509302, 8.94767313925758 ], [ 78.932562840261554, 8.944651041713181 ], [ 78.823476517120909, 8.94719826920106 ], [ 78.714659909104981, 8.95530852261555 ], [ 78.606394174058011, 8.968961741815802 ], [ 78.498959304997427, 8.988124137782826 ], [ 78.392633534988249, 9.012748246988064 ], [ 78.287692741969593, 9.042773008205424 ], [ 78.184409853572618, 9.078123862086553 ], [ 78.083054252017334, 9.118712873903331 ], [ 77.983891179235556, 9.164438879937755 ], [ 77.88718114243899, 9.215187658067713 ], [ 77.793179320433566, 9.270832123155477 ], [ 77.702134971074869, 9.331232547893277 ], [ 77.614290840362571, 9.396236809795186 ], [ 77.529882573785258, 9.465680665045873 ], [ 77.449138130648805, 9.539388049923808 ], [ 77.372277202251652, 9.617171410507698 ], [ 77.299510634907179, 9.698832061349236 ], [ 77.231039858957303, 9.784160573753786 ], [ 77.167056325068486, 9.872937194250389 ], [ 77.107740949253923, 9.964932293754169 ], [ 77.053263568218014, 10.059906847828952 ], [ 77.003782406773993, 10.157612948343587 ], [ 76.959443559236817, 10.257794346683387 ], [ 76.920380486842831, 10.36018702852887 ], [ 76.886713533390321, 10.464519820048487 ], [ 76.858549461430286, 10.570515025169438 ], [ 76.835981011461925, 10.677889093395406 ], [ 76.819086486699419, 10.786353317429468 ], [ 76.807929366073694, 10.895614559640435 ], [ 76.802557948212353, 11.00537600617913 ], [ 76.803005029199909, 11.115337947313481 ], [ 76.809287616956453, 11.22519858230682 ], [ 76.821406685084369, 11.334654846917386 ], [ 76.839346969015295, 11.443403261349649 ], [ 76.863076807243715, 11.551140796243455 ], [ 76.892548030355258, 11.657565754046637 ], [ 76.927695900446665, 11.762378662886054 ], [ 76.968439103388505, 11.865283179830332 ], [ 77.014679796200966, 11.965987000231124 ], [ 77.066303711595992, 12.064202769639403 ], [ 77.123180321487538, 12.159648994622037 ], [ 77.1851630609832, 12.252050948655521 ], [ 77.252089614051656, 12.341141569149201 ], [ 77.323782261706327, 12.426662341552662 ], [ 77.400048293164389, 12.508364166432839 ], [ 77.480680480033129, 12.586008205368518 ], [ 77.565457613144275, 12.659366701502764 ], [ 77.65414510120921, 12.728223770620298 ], [ 77.746495630006279, 12.792376158676733 ], [ 77.842249880340674, 12.851633961800601 ], [ 77.941137302546821, 12.905821304916619 ], [ 78.04287694483267, 12.954776975299948 ], [ 78.147178332308258, 12.998355007564815 ], [ 78.253742393096758, 13.036425216816115 ], [ 78.362262427506849, 13.068873676947245 ], [ 78.472425115852232, 13.095603141349391 ], [ 78.583911560146987, 13.116533403606077 ], [ 78.69639835458689, 13.131601596076241 ], [ 78.80955867945292, 13.14076242461962 ], [ 78.923063412848634, 13.143988338085103 ], [ 79.036582254510293, 13.141269631561704 ], [ 79.149784855811248, 13.13261448278152 ], [ 79.262341950021451, 13.118048921459371 ], [ 79.373926476880825, 13.097616731750097 ], [ 79.484214695600201, 13.07137928840066 ], [ 79.592887280516862, 13.039415327564035 ], [ 79.69963039379877, 13.001820653621772 ], [ 79.804136729812981, 12.95870778373115 ], [ 79.906106526042777, 12.910205532163536 ], [ 80.005248535753054, 12.856458536833067 ], [ 80.101280957957897, 12.79762673072492 ], [ 80.193932320633863, 12.733884761216235 ], [ 80.28294231354073, 12.665421360541192 ], [ 80.368062567452199, 12.592438670877899 ], [ 80.449057377057329, 12.515151527732593 ], [ 80.525704365261078, 12.433786705460076 ], [ 80.597795087084251, 12.348582128889605 ], [ 80.665135571834213, 12.259786055123229 ], [ 80.7275468026792, 12.167656229635357 ], [ 80.784865133210289, 12.072459020832151 ], [ 80.836942641005379, 11.974468537225688 ], [ 80.883647418621337, 11.873965731341094 ], [ 80.924863802822912, 11.771237494409796 ], [ 80.960492543213164, 11.666575745805821 ], [ 80.990450911753427, 11.560276521060356 ], [ 81.014672754950368, 11.452639062143039 ], [ 81.033108490743871, 11.343964913528684 ], [ 81.045725052348715, 11.234557027380703 ], [ 81.052505781486701, 11.124718880975337 ], [ 81.053450273595843, 11.014753609272136 ], [ 81.048574177715778, 10.904963155304996 ], [ 81.037908953830922, 10.795647440828709 ] ] ] } },
{ "type": "Feature", "properties": { "gdp": 577902.05519103748, "ENGTYPE_1": "State", "HASC_1": "IN.TG", "GID_1": "IND.32_1", "join_name": "telangana", "ISO_1": "IN-TG", "TYPE_1": "State", "NL_NAME_1": "NA", "CC_1": "NA", "NAME_1": "Telangana", "COUNTRY": "India", "VARNAME_1": "NA", "GID_0": "IND", "pop": 577902.05519103748 }, "geometry": { "type": "Polygon", "coordinates": [ [ [ 81.418992916351783, 17.87071212715432 ], [ 81.406386175623751, 17.791870006897341 ], [ 81.389512762152322, 17.713790875027851 ], [ 81.368428216119881, 17.636686112259405 ], [ 81.343199122449718, 17.560763777839778 ], [ 81.313902835851238, 17.486228076033282 ], [ 81.280627183348869, 17.413278839776314 ], [ 81.243470145934907, 17.342111032428114 ], [ 81.202539520948903, 17.272914268426373 ], [ 81.157952566739382, 17.205872353547662 ], [ 81.109835631108226, 17.14116284536922 ], [ 81.058323764976492, 17.078956634430373 ], [ 81.003560322642755, 17.01941754650062 ], [ 80.945696549933089, 16.962701966276015 ], [ 80.884891161467692, 16.908958482749384 ], [ 80.821309908191722, 16.858327556429067 ], [ 80.755125136240707, 16.810941208520227 ], [ 80.686515338133418, 16.766922732128698 ], [ 80.615664697209283, 16.726386425501708 ], [ 80.542762626152268, 16.68943734728192 ], [ 80.468003300373013, 16.656171093721614 ], [ 80.391585186952, 16.626673597780762 ], [ 80.313710569784291, 16.601020950017148 ], [ 80.234585071506118, 16.579279241168141 ], [ 80.154417172731783, 16.561504426320351 ], [ 80.073417729080617, 16.547742210566025 ], [ 79.991799486433067, 16.538027956053021 ], [ 79.909776594819803, 16.532386610346187 ], [ 79.827564121320123, 16.530832656033791 ], [ 79.745377562324649, 16.533370081529796 ], [ 79.6634323555039, 16.539992373043393 ], [ 79.581943391817305, 16.55068252770721 ], [ 79.501124527899094, 16.56541308787774 ], [ 79.421188099164382, 16.584146196641427 ], [ 79.342344433995379, 16.606833674580002 ], [ 79.264801369390057, 16.633417117865122 ], [ 79.188763768484293, 16.66382801776766 ], [ 79.114433040396619, 16.697987901676928 ], [ 79.042006662885768, 16.735808495732069 ], [ 78.971677708361497, 16.777191909168742 ], [ 78.903634373843204, 16.822030840480402 ], [ 78.838059515520882, 16.870208805482445 ], [ 78.775130188637689, 16.921600387350662 ], [ 78.715017193482169, 16.976071508680707 ], [ 78.657884628350004, 17.033479725583692 ], [ 78.603889450410136, 17.093674543793316 ], [ 78.553181045486696, 17.156497756712021 ], [ 78.505900807845563, 17.221783805268831 ], [ 78.462181731151802, 17.289360159397287 ], [ 78.422148011840747, 17.359047720870556 ], [ 78.385914666219534, 17.430661247152454 ], [ 78.353587162686622, 17.504009795835604 ], [ 78.325261070523524, 17.578897189146065 ], [ 78.301021726772632, 17.655122497892862 ], [ 78.280943922769183, 17.732480544137211 ], [ 78.265091611939681, 17.81076242174489 ], [ 78.253517640514659, 17.889756033871958 ], [ 78.246263502827418, 17.96924664631662 ], [ 78.24335912288268, 18.049017455550615 ], [ 78.244822663877159, 18.128850170123908 ], [ 78.250660367337304, 18.208525604015719 ], [ 78.260866423508602, 18.287824280386975 ], [ 78.275422874580414, 18.366527044073255 ], [ 78.294299552265983, 18.444415681045225 ], [ 78.317454051171524, 18.521273542957033 ], [ 78.344831739286676, 18.596886174803217 ], [ 78.376365806806874, 18.67104194361211 ], [ 78.41197735435793, 18.74353266602073 ], [ 78.451575521535347, 18.814154232503235 ], [ 78.495057656493799, 18.882707225963401 ], [ 78.542309527129845, 18.948997532352415 ], [ 78.593205574190875, 19.012836940937571 ], [ 78.647609206419816, 19.074043731825874 ], [ 78.705373137609158, 19.132443248339676 ], [ 78.766339765188704, 19.187868451850505 ], [ 78.830341589717307, 19.240160456701744 ], [ 78.897201674384149, 19.289169042891409 ], [ 78.966734143360597, 19.334753144243994 ], [ 79.038744717575739, 19.376781309872765 ], [ 79.113031286223872, 19.415132136824205 ], [ 79.189384512052882, 19.449694671899923 ], [ 79.267588468230528, 19.480368780773237 ], [ 79.347421304345687, 19.507065482649807 ], [ 79.428655938875579, 19.529707248871109 ], [ 79.511060775241745, 19.548228264019432 ], [ 79.594400438388277, 19.56257464825454 ], [ 79.678436528650266, 19.572704639793862 ], [ 79.76292838953843, 19.578588736639059 ], [ 79.847633885951424, 19.580209796848408 ], [ 79.93231018924034, 19.577563096858754 ], [ 80.016714565493331, 19.570656347567095 ], [ 80.100605163380436, 19.559509668092197 ], [ 80.183741797903522, 19.544155517346173 ], [ 80.265886726429386, 19.524638583755877 ], [ 80.346805413449175, 19.501015633679643 ], [ 80.426267280600186, 19.473355319267721 ], [ 80.504046438608142, 19.441737946709736 ], [ 80.579922397954945, 19.406255206002335 ], [ 80.653680755248999, 19.367009863548223 ], [ 80.725113852469363, 19.32411541906772 ], [ 80.794021406466911, 19.277695728461342 ], [ 80.860211106336322, 19.227884594406248 ], [ 80.923499176515378, 19.174825326600498 ], [ 80.983710903721658, 19.118670273686156 ], [ 81.040681126098548, 19.059580328982037 ], [ 81.094254683207566, 18.997724412244498 ], [ 81.144286825771502, 18.933278929741746 ], [ 81.19064358433819, 18.866427214982565 ], [ 81.233202096296608, 18.797358952475385 ], [ 81.271850890930281, 18.726269586915979 ], [ 81.306490132439322, 18.653359720205763 ], [ 81.337031821095451, 18.578834498693645 ], [ 81.363399952914818, 18.502902993007957 ], [ 81.385530638439292, 18.425777572807085 ], [ 81.403372181405857, 18.347673278724578 ], [ 81.416885118255806, 18.268807193720288 ], [ 81.426042219590087, 18.189397815973624 ], [ 81.430828454811476, 18.109664435369609 ], [ 81.431240921312593, 18.029826515533792 ], [ 81.427288739665883, 17.950103083271035 ], [ 81.418992916351783, 17.87071212715432 ] ] ] } },
{ "type": "Feature", "properties": { "gdp": 35937.73, "ENGTYPE_1": "State", "HASC_1": "IN.TR", "GID_1": "IND.33_1", "join_name": "tripura", "ISO_1": "IN-TR", "TYPE_1": "State", "NL_NAME_1": "NA", "CC_1": "NA", "NAME_1": "Tripura", "COUNTRY": "India", "VARNAME_1": "NA", "GID_0": "IND", "pop": 35937.73 }, "geometry": { "type": "Polygon", "coordinates": [ [ [ 92.151243353320794, 23.652883625976528 ], [ 92.145742458062188, 23.633253690303906 ], [ 92.139136422819291, 23.613916457347131 ], [ 92.131443936588852, 23.594924698114198 ], [ 92.12268662011796, 23.57633020303583 ], [ 92.112888960858527, 23.558183642917292 ], [ 92.102078240639088, 23.54053443329428 ], [ 92.0902844563076, 23.523430602528958 ], [ 92.07754023361025, 23.506918663968708 ], [ 92.06388073458227, 23.491043492476717 ], [ 92.049343558737661, 23.475848205628086 ], [ 92.033968638352249, 23.461374049852136 ], [ 92.017798128143767, 23.447660291784842 ], [ 92.000876289658137, 23.434744115081799 ], [ 91.983249370678323, 23.422660522925632 ], [ 91.964965479976783, 23.411442246447024 ], [ 91.946074457736842, 23.401119659262992 ], [ 91.926627741972439, 23.39172069831984 ], [ 91.90667823127886, 23.383270791214077 ], [ 91.886280144249469, 23.375792790147134 ], [ 91.86548887589602, 23.369306912655919 ], [ 91.844360851411267, 23.363830689244949 ], [ 91.822953377615008, 23.359378918030419 ], [ 91.801324492424627, 23.355963626491015 ], [ 91.779532812693347, 23.353594040405717 ], [ 91.75763738075878, 23.352276560042903 ], [ 91.735697510046009, 23.352014743649676 ], [ 91.71377263006886, 23.35280929827567 ], [ 91.691922131173826, 23.354658077950663 ], [ 91.670205209370977, 23.357556089218829 ], [ 91.648680711596, 23.361495504019107 ], [ 91.627406981747669, 23.366465679884595 ], [ 91.606441707844482, 23.37245318741952 ], [ 91.585841770644151, 23.379441844996592 ], [ 91.565663094068654, 23.387412760602899 ], [ 91.545960497777116, 23.396344380746562 ], [ 91.526787552227589, 23.40621254632153 ], [ 91.508196436567673, 23.416990555312054 ], [ 91.49023779969211, 23.428649232203512 ], [ 91.472960624803889, 23.441157003950149 ], [ 91.456412097812404, 23.454479982335037 ], [ 91.440637479900076, 23.468582052542107 ], [ 91.425679984584406, 23.483424967744465 ], [ 91.411580659599281, 23.498968449497628 ], [ 91.398378273913778, 23.515170293710792 ], [ 91.386109210201582, 23.531986481954323 ], [ 91.37480736306749, 23.549371297845834 ], [ 91.364504043329887, 23.567277448242599 ], [ 91.355227888650404, 23.585656188953134 ], [ 91.347004780791735, 23.604457454666143 ], [ 91.33985776977471, 23.62362999278125 ], [ 91.333807005193663, 23.643121500811841 ], [ 91.328869674936513, 23.662878767017077 ], [ 91.325059951541576, 23.682847813908047 ], [ 91.322388946407983, 23.702974044260142 ], [ 91.320864672059415, 23.723202389253476 ], [ 91.320492012643442, 23.743477458351425 ], [ 91.321272702828622, 23.76374369051889 ], [ 91.323205315241282, 23.7839455063726 ], [ 91.326285256561988, 23.80402746084809 ], [ 91.330504772378021, 23.823934395961768 ], [ 91.335852960863861, 23.843611593241043 ], [ 91.342315795336532, 23.863004925391124 ], [ 91.34987615570526, 23.882061006764712 ], [ 91.358513868807677, 23.900727342199328 ], [ 91.368205757596087, 23.918952473786668 ], [ 91.378925699108251, 23.936686125140767 ], [ 91.39064469112688, 23.953879342733675 ], [ 91.40333092740174, 23.970484633873284 ], [ 91.416949881277688, 23.986456100902885 ], [ 91.431464397540751, 24.001749571211001 ], [ 91.446834792263616, 24.016322722648518 ], [ 91.463018960401016, 24.030135203962004 ], [ 91.479972490855275, 24.043148749864116 ], [ 91.497648788702108, 24.055327290376781 ], [ 91.515999204238057, 24.06663705409791 ], [ 91.534973168482352, 24.077046665060788 ], [ 91.554518334739271, 24.086527232872537 ], [ 91.574580725800956, 24.095052435839424 ], [ 91.595104886346959, 24.102598596807862 ], [ 91.616034040073075, 24.109144751471757 ], [ 91.637310251062587, 24.114672708922122 ], [ 91.658874588893255, 24.119167104238389 ], [ 91.680667296956756, 24.122615442947126 ], [ 91.702627963453438, 24.12500813720083 ], [ 91.724695694512505, 24.126338533555426 ], [ 91.746809288878197, 24.126602932254908 ], [ 91.768907413595656, 24.125800597957497 ], [ 91.790928780125356, 24.123933761868386 ], [ 91.812812320313114, 24.121007615271409 ], [ 91.834497361643173, 24.117030294481459 ], [ 91.855923801205435, 24.112012857267775 ], [ 91.877032277813683, 24.105969250827147 ], [ 91.897764341719679, 24.098916271413508 ], [ 91.918062621379832, 24.090873515758272 ], [ 91.937870986743221, 24.081863324442892 ], [ 91.957134708546633, 24.071910717410805 ], [ 91.975800613118992, 24.061043321831498 ], [ 91.993817232218291, 24.049291292553857 ], [ 92.011134947444916, 24.03668722540877 ], [ 92.027706128799835, 24.023266063643433 ], [ 92.043485266980142, 24.009064997790272 ], [ 92.058429099031684, 23.994123359292896 ], [ 92.072496727005486, 23.978482508229746 ], [ 92.085649729294161, 23.962185715491927 ], [ 92.097852264352952, 23.945278039787773 ], [ 92.10907116654154, 23.927806199858939 ], [ 92.119276033851818, 23.909818442305994 ], [ 92.128439307319226, 23.891364405430238 ], [ 92.136536341945103, 23.872494979508446 ], [ 92.143545468988663, 23.853262163923524 ], [ 92.149448049518313, 23.83371892157955 ], [ 92.154228519141483, 23.813919031033809 ], [ 92.157874423862054, 23.793916936780352 ], [ 92.160376447043873, 23.773767598120696 ], [ 92.16172842748604, 23.753526337056513 ], [ 92.161927368643632, 23.733248685636891 ], [ 92.160973439053407, 23.712990233189615 ], [ 92.158869964048776, 23.69280647386093 ], [ 92.15562340887297, 23.672752654882416 ], [ 92.151243353320794, 23.652883625976528 ] ] ] } },
{ "type": "Feature", "properties": { "gdp": 1137807.9408069919, "ENGTYPE_1": "State", "HASC_1": "IN.UP", "GID_1": "IND.34_1", "join_name": "uttarpradesh", "ISO_1": "IN-UP", "TYPE_1": "State", "NL_NAME_1": "NA", "CC_1": "NA", "NAME_1": "UttarPradesh", "COUNTRY": "India", "VARNAME_1": "UnitedProvinces", "GID_0": "IND", "pop": 1137807.9408069919 }, "geometry": { "type": "Polygon", "coordinates": [ [ [ 83.809290756958504, 26.249714573794225 ], [ 83.78724206260209, 26.136770798397524 ], [ 83.758734299783015, 26.025038516064079 ], [ 83.723866706182605, 25.914818927456427 ], [ 83.682754671427375, 25.806407934750979 ], [ 83.635529218447161, 25.700095399975421 ], [ 83.582336459900958, 25.59616443155598 ], [ 83.523337032768538, 25.494890700109643 ], [ 83.45870551402804, 25.396541784325386 ], [ 83.388629820150484, 25.301376547595748 ], [ 83.31331059294213, 25.209644545889731 ], [ 83.232960574060883, 25.121585467198631 ], [ 83.147803970322983, 25.037428602742064 ], [ 83.058075811707539, 24.957392349989878 ], [ 82.964021303756979, 24.881683747440331 ], [ 82.865895175867195, 24.810498040993043 ], [ 82.763961026760995, 24.744018281671629 ], [ 82.658490668246486, 24.68241495437994 ], [ 82.549763468177815, 24.62584563732241 ], [ 82.438065693360585, 24.574454691680266 ], [ 82.323689852982397, 24.528372981110213 ], [ 82.206934042995513, 24.487717620622476 ], [ 82.088101291740315, 24.452591754397719 ], [ 81.967498906972082, 24.423084362117571 ], [ 81.845437824340692, 24.399270093409267 ], [ 81.722231957274985, 24.38120913004251 ], [ 81.598197548139112, 24.368947075560396 ], [ 81.473652520459254, 24.362514872080332 ], [ 81.348915831964476, 24.361928744058972 ], [ 81.224306828145828, 24.367190168878896 ], [ 81.10014459601453, 24.378285874181913 ], [ 80.976747317729021, 24.395187861941761 ], [ 80.854431623769159, 24.41785345933754 ], [ 80.733511945354834, 24.446225396557406 ], [ 80.614299865844245, 24.480231911724797 ], [ 80.49710347089767, 24.519786883200847 ], [ 80.382226697259028, 24.564789989569796 ], [ 80.269968680088866, 24.615126897661639 ], [ 80.16062309887748, 24.670669479004225 ], [ 80.054477522076752, 24.731276055125736 ], [ 79.951812750712875, 24.796791672145449 ], [ 79.852902161378324, 24.867048405096913 ], [ 79.758011049151122, 24.941865692419071 ], [ 79.667395971150583, 25.021050701030109 ], [ 79.581304091610846, 25.104398722362351 ], [ 79.499972529535597, 25.191693599685969 ], [ 79.423627710188697, 25.282708186982198 ], [ 79.352484721873296, 25.377204839545353 ], [ 79.286746679656332, 25.474935936395131 ], [ 79.226604097903063, 25.575644434467385 ], [ 79.172234273696262, 25.679064454424395 ], [ 79.12380068342371, 25.784921897782425 ], [ 79.081452395024328, 25.892935094899041 ], [ 79.045323498583969, 26.002815483194034 ], [ 79.015532558163699, 26.114268314797307 ], [ 78.992182087924192, 26.226993392627829 ], [ 78.975358055774734, 26.340685833708953 ], [ 78.965129417922199, 26.455036858320362 ], [ 78.961547687820385, 26.569734603376364 ], [ 78.964646543118036, 26.68446495820886 ], [ 78.974441474275267, 26.798912420718263 ], [ 78.990929478553014, 26.91276097164511 ], [ 79.014088803082629, 27.025694964506378 ], [ 79.043878740682786, 27.137400028539858 ], [ 79.080239482010768, 27.247563981805815 ], [ 79.123092027508861, 27.355877751414464 ], [ 79.172338162434926, 27.4620362976781 ], [ 79.22786049804499, 27.565739538834592 ], [ 79.289522581726061, 27.666693272853152 ], [ 79.35716907855938, 27.764610092717483 ], [ 79.430626026425983, 27.859210291487969 ], [ 79.509701166352968, 27.950222753372984 ], [ 79.594184349340637, 28.03738582699393 ], [ 79.683848020409712, 28.120448177007074 ], [ 79.778447780072497, 28.199169610253122 ], [ 79.877723022862455, 28.273321872637851 ], [ 79.981397651962723, 28.342689413010493 ], [ 80.089180868361183, 28.407070110394326 ], [ 80.200768032333997, 28.466275961044133 ], [ 80.315841594432484, 28.520133721947829 ], [ 80.434072092524119, 28.568485507562819 ], [ 80.555119210829474, 28.611189336774334 ], [ 80.678632896310688, 28.648119627284544 ], [ 80.804254527212137, 28.679167634885772 ], [ 80.931618128039645, 28.704241835336017 ], [ 81.060351624798741, 28.72326824683924 ], [ 81.190078133903612, 28.736190691433254 ], [ 81.320417277820468, 28.742970993903306 ], [ 81.450986520232803, 28.743589117165019 ], [ 81.58140251331028, 28.738043233396287 ], [ 81.71128244953708, 28.726349730539031 ], [ 81.840245410506071, 28.708543154135484 ], [ 81.96791370511842, 28.684676084809524 ], [ 82.09391418973901, 28.654818952044828 ], [ 82.21787956304685, 28.619059785249114 ], [ 82.339449628583935, 28.577503903421615 ], [ 82.45827251833812, 28.53027354505813 ], [ 82.574005871093746, 28.477507440232571 ], [ 82.686317959738389, 28.419360327080334 ], [ 82.79488876221933, 28.356002415178889 ], [ 82.899410971390751, 28.287618798568968 ], [ 82.999590939573437, 28.214408821386751 ], [ 83.095149554253695, 28.136585399278992 ], [ 83.185823041970167, 28.054374299950609 ], [ 83.271363698064135, 27.968013386344396 ], [ 83.351540540595778, 27.877751826075876 ], [ 83.426139887344931, 27.783849270841959 ], [ 83.494965855413142, 27.686575009588942 ], [ 83.557840783518444, 27.586207099265845 ], [ 83.614605577617851, 27.483031476999752 ], [ 83.665119980999663, 27.37734105751618 ], [ 83.709262770455084, 27.269434819584809 ], [ 83.74693188056257, 27.159616885206315 ], [ 83.778044458494122, 27.048195595165634 ], [ 83.802536852081857, 26.935482584465724 ], [ 83.820364534163048, 26.821791861024543 ], [ 83.831501966451739, 26.707438890868325 ], [ 83.83594240636738, 26.59273969288822 ], [ 83.833697660385411, 26.47800994604826 ], [ 83.824797787565487, 26.363564111742068 ], [ 83.809290756958504, 26.249714573794225 ] ] ] } },
{ "type": "Feature", "properties": { "gdp": 177163.02252828321, "ENGTYPE_1": "State", "HASC_1": "IN.UT", "GID_1": "IND.35_1", "join_name": "uttarakhand", "ISO_1": "IN-UT", "TYPE_1": "State", "NL_NAME_1": "NA", "CC_1": "NA", "NAME_1": "Uttarakhand", "COUNTRY": "India", "VARNAME_1": "Uttarakhand", "GID_0": "IND", "pop": 177163.02252828321 }, "geometry": { "type": "Polygon", "coordinates": [ [ [ 80.194535280430372, 30.059760371197907 ], [ 80.187219310219945, 30.014754266405784 ], [ 80.177215187210422, 29.970143456940392 ], [ 80.164554034888098, 29.926049552744022 ], [ 80.149274075419768, 29.882592571840423 ], [ 80.131420487259547, 29.839890620649189 ], [ 80.111045246259621, 29.798059581347477 ], [ 80.088206951077353, 29.757212807012532 ], [ 80.062970633680422, 29.717460825239833 ], [ 80.03540755575473, 29.678911050891401 ], [ 80.005594991818228, 29.641667508589194 ], [ 79.973615999839069, 29.605830565527917 ], [ 79.939559180147157, 29.571496675144516 ], [ 79.90351842341596, 29.538758132140241 ], [ 79.86559264847709, 29.507702839316014 ], [ 79.825885530712654, 29.478414086643937 ], [ 79.784505221751715, 29.450970342962723 ], [ 79.741564061177783, 29.425445060650524 ], [ 79.697178280932491, 29.401906493596261 ], [ 79.651467703080229, 29.380417528758887 ], [ 79.604555431576657, 29.361035531574259 ], [ 79.556567538663742, 29.343812205440738 ], [ 79.5076327464934, 29.328793465487834 ], [ 79.457882104563183, 29.316019326806725 ], [ 79.407448663529209, 29.305523807296012 ], [ 79.356467145946411, 29.297334845254959 ], [ 79.305073614470942, 29.291474231831952 ], [ 79.253405138048066, 29.2879575584167 ], [ 79.201599456599141, 29.286794179043351 ], [ 79.149794644712841, 29.287987187852131 ], [ 79.098128774841797, 29.291533411637797 ], [ 79.046739580502631, 29.297423417494446 ], [ 78.995764119977082, 29.305641535546815 ], [ 78.945338441015778, 29.316165896739705 ], [ 78.895597247049551, 29.328968485637347 ], [ 78.846673565422307, 29.344015208165267 ], [ 78.798698418168485, 29.36126597420645 ], [ 78.751800495870725, 29.380674794942511 ], [ 78.706105835147227, 29.40218989480887 ], [ 78.661737500334795, 29.425753837908964 ], [ 78.618815269950858, 29.451303668708729 ], [ 78.577455328537056, 29.47877106680729 ], [ 78.537769964506936, 29.508082515551155 ], [ 78.499867274641105, 29.539159484233156 ], [ 78.463850875894792, 29.571918623585308 ], [ 78.42981962520328, 29.606271974244539 ], [ 78.397867347992246, 29.642127187837499 ], [ 78.368082576119406, 29.679387760295832 ], [ 78.340548295993202, 29.717953276978605 ], [ 78.315341707630367, 29.757719669141721 ], [ 78.292533995430148, 29.798579481256269 ], [ 78.272190111453924, 29.840422148639359 ], [ 78.254368572008616, 29.883134284822368 ], [ 78.239121268337328, 29.926599978040851 ], [ 78.22649329222196, 29.970701096191217 ], [ 78.216522777298636, 30.015317599559381 ], [ 78.209240756879268, 30.060327860586632 ], [ 78.204671039058042, 30.105608989899817 ], [ 78.202830099861828, 30.151037167794119 ], [ 78.20372699517857, 30.196487980320747 ], [ 78.207363292164899, 30.241836759096884 ], [ 78.213733020795004, 30.286958923921098 ], [ 78.222822646168098, 30.331730327247989 ], [ 78.234611062138114, 30.376027599546596 ], [ 78.249069606770362, 30.419728494542554 ], [ 78.266162100062715, 30.462712233321419 ], [ 78.285844904295956, 30.504859846252838 ], [ 78.308067007297737, 30.546054511680374 ], [ 78.332770128818154, 30.58618189031165 ], [ 78.359888850123099, 30.625130454237301 ], [ 78.389350766813578, 30.662791809506629 ], [ 78.421076664777459, 30.699061011190256 ], [ 78.454980719072282, 30.733836869869467 ], [ 78.490970715429341, 30.767022248505331 ], [ 78.528948293955153, 30.798524348658667 ], [ 78.568809214493015, 30.828254985056912 ], [ 78.610443642992124, 30.856130847531958 ], [ 78.653736458116185, 30.882073749388095 ], [ 78.698567577210795, 30.906010861298011 ], [ 78.744812300636767, 30.927874929869066 ], [ 78.79234167336908, 30.947604480071377 ], [ 78.841022862657539, 30.965144000772426 ], [ 78.890719550447159, 30.980444112681049 ], [ 78.941292339164974, 30.993461718065429 ], [ 78.992599169395888, 31.004160131675381 ], [ 79.04449574789453, 31.012509192368345 ], [ 79.096835984313643, 31.018485355009869 ], [ 79.149472434973035, 31.02207176229463 ], [ 79.202256751947132, 31.023258296210273 ], [ 79.255040135714054, 31.022041608944047 ], [ 79.307673789585905, 31.018425133113201 ], [ 79.360009374128225, 31.012419071278675 ], [ 79.411899459776023, 31.004040364782835 ], [ 79.463197975866692, 30.993312642032809 ], [ 79.513760654332899, 30.980266146428999 ], [ 79.563445466334031, 30.964937644217816 ], [ 79.61211305015091, 30.94737031262407 ], [ 79.659627128724836, 30.927613608692283 ], [ 79.705854915288953, 30.905723119338848 ], [ 79.750667505615681, 30.881760393185445 ], [ 79.793940255487357, 30.85579275480978 ], [ 79.835553142090021, 30.827893102111815 ], [ 79.875391108127118, 30.798139687550943 ], [ 79.913344387554176, 30.766615884063711 ], [ 79.949308811943197, 30.733409936520232 ], [ 79.983186096596981, 30.698614699621686 ], [ 80.014884105647042, 30.662327363180697 ], [ 80.044317095483919, 30.624649165760392 ], [ 80.071405935983748, 30.585685097676837 ], [ 80.096078309109004, 30.545543594393838 ], [ 80.118268884574462, 30.504336221357228 ], [ 80.137919472378741, 30.462177351329512 ], [ 80.154979152109107, 30.419183835293911 ], [ 80.169404379028649, 30.375474668000709 ], [ 80.181159067053557, 30.331170649227147 ], [ 80.190214648819321, 30.286394041815861 ], [ 80.196550113121461, 30.24126822754716 ], [ 80.200152020096269, 30.195917361885609 ], [ 80.201014494580264, 30.150466028622706 ], [ 80.199139198153262, 30.105038895415746 ], [ 80.194535280430372, 30.059760371197907 ] ] ] } },
{ "type": "Feature", "properties": { "gdp": 797299.94860675046, "ENGTYPE_1": "State", "HASC_1": "IN.WB", "GID_1": "IND.36_1", "join_name": "westbengal", "ISO_1": "IN-WB", "TYPE_1": "State", "NL_NAME_1": "NA", "CC_1": "NA", "NAME_1": "WestBengal", "COUNTRY": "India", "VARNAME_1": "Bangla|BengalaOccidentale|Benga", "GID_0": "IND", "pop": 797299.94860675046 }, "geometry": { "type": "Polygon", "coordinates": [ [ [ 90.126296400126193, 23.457023162017393 ], [ 90.102362164032584, 23.364178387208227 ], [ 90.073247565080337, 23.272631574785297 ], [ 90.039045467206009, 23.18262898047519 ], [ 89.999861684889225, 23.094411853662049 ], [ 89.955814569898067, 23.008215836551233 ], [ 89.90703457658293, 22.924270386342915 ], [ 89.853663807881446, 22.842798221238084 ], [ 89.795855544089861, 22.76401479096236 ], [ 89.733773756341279, 22.688127772366133 ], [ 89.667592606609418, 22.615336590537517 ], [ 89.597495935928848, 22.545831965755792 ], [ 89.523676742394443, 22.479795486511403 ], [ 89.446336650370284, 22.417399208727044 ], [ 89.365685372208731, 22.358805281236052 ], [ 89.281940163650987, 22.30416559750374 ], [ 89.195325273954651, 22.253621473519797 ], [ 89.106071391672586, 22.207303351741789 ], [ 89.014415086890708, 22.165330530933314 ], [ 88.920598250623129, 22.127810921713081 ], [ 88.824867531959782, 22.094840827614895 ], [ 88.727473773467366, 22.066504751449706 ], [ 88.628671445257922, 22.042875226762909 ], [ 88.528718078062468, 22.024012674187734 ], [ 88.42787369557945, 22.009965282511629 ], [ 88.326400246310143, 22.000768914294348 ], [ 88.224561035046278, 21.996447035903003 ], [ 88.122620154137635, 21.9970106718607 ], [ 88.020841914642375, 22.00245838343961 ], [ 87.919490277446712, 22.012776271465029 ], [ 87.818828284436933, 22.027938003335308 ], [ 87.719117489813399, 22.047904864298157 ], [ 87.620617391653582, 22.072625833061053 ], [ 87.523584863859952, 22.102037681846099 ], [ 87.428273588667494, 22.136065101030596 ], [ 87.334933489935452, 22.1746208485396 ], [ 87.243810167507576, 22.217605924178152 ], [ 87.155144332995036, 22.264909769103721 ], [ 87.069171247415696, 22.316410490647964 ], [ 86.98612016121065, 22.371975112693701 ], [ 86.906213757256964, 22.431459851805457 ], [ 86.829667597598856, 22.494710419290396 ], [ 86.756689574731325, 22.561562349340143 ], [ 86.687479368387784, 22.631841353361356 ], [ 86.622227908905558, 22.705363700556212 ], [ 86.561116848370261, 22.781936624750443 ], [ 86.504318040868597, 22.861358757396872 ], [ 86.451993033311027, 22.943420586598585 ], [ 86.404292568415514, 23.027904941903635 ], [ 86.361356101573847, 23.114587504519946 ], [ 86.323311333446583, 23.203237342485622 ], [ 86.290273760254394, 23.293617470208446 ], [ 86.262346243846608, 23.385485431658129 ], [ 86.239618603731785, 23.478593906356878 ], [ 86.222167233348799, 23.57269133717039 ], [ 86.210054742936364, 23.667522578752486 ], [ 86.203329631422733, 23.762829565343534 ], [ 86.202025989804184, 23.858351996468098 ], [ 86.206163238506988, 23.953828038920879 ], [ 86.215745901232523, 24.048995043275021 ], [ 86.230763417765459, 24.143590272993492 ], [ 86.25118999818082, 24.237351644075357 ], [ 86.276984520812931, 24.3300184730256 ], [ 86.308090476249589, 24.42133223080026 ], [ 86.34443595948396, 24.511037300253001 ], [ 86.38593371219774, 24.598881734491794 ], [ 86.432481216957129, 24.684618013450908 ], [ 86.483960844883711, 24.768003795893247 ], [ 86.540240058110768, 24.848802663982678 ], [ 86.601171668056836, 24.926784857507851 ], [ 86.66659415024192, 25.001727994797719 ], [ 86.736332016040478, 25.073417777346766 ], [ 86.810196241411759, 25.141648675164642 ], [ 86.887984752275486, 25.206224589883057 ], [ 86.969482965811522, 25.266959492688642 ], [ 87.054464386562913, 25.323678034210211 ], [ 87.142691255813588, 25.376216123567918 ], [ 87.233915252301784, 25.424421473889726 ], [ 87.32787824192323, 25.468154111723212 ], [ 87.424313073677467, 25.507286847906801 ], [ 87.522944418724066, 25.541705707626015 ], [ 87.623489649045865, 25.571310317553102 ], [ 87.725659751871149, 25.596014248162959 ], [ 87.829160275688622, 25.615745309524677 ], [ 87.933692303404627, 25.630445799089344 ], [ 88.038953447943896, 25.640072700228043 ], [ 88.144638865388472, 25.644597830516727 ], [ 88.25044228058654, 25.644007939016035 ], [ 88.356057020045398, 25.63830475205161 ], [ 88.46117704685561, 25.627504967261537 ], [ 88.565497992373338, 25.611640195941462 ], [ 88.668718179418704, 25.590756853980302 ], [ 88.770539631827504, 25.56491600194062 ], [ 88.870669065321323, 25.534193135093901 ], [ 88.968818854834126, 25.498677924470279 ], [ 89.064707973650059, 25.458473910223159 ], [ 89.158062899964321, 25.413698148840346 ], [ 89.248618486770795, 25.364480815950365 ], [ 89.336118791305481, 25.310964766677866 ], [ 89.420317860625673, 25.253305055689669 ], [ 89.500980470278989, 25.191668419246302 ], [ 89.577882813406674, 25.126232721726119 ], [ 89.650813138027829, 25.057186369225473 ], [ 89.719572330660156, 24.984727692952706 ], [ 89.783974444842386, 24.909064305229364 ], [ 89.843847173529909, 24.830412430985536 ], [ 89.89903226473352, 24.748996217690944 ], [ 89.949385880155816, 24.665047026694904 ], [ 89.994778896948745, 24.578802708961998 ], [ 90.035097153065166, 24.490506868181821 ], [ 90.07024163700207, 24.40040811420527 ], [ 90.10012862303374, 24.308759309714024 ], [ 90.124689753306328, 24.215816812968182 ], [ 90.143872068408271, 24.121839719397485 ], [ 90.157637988245838, 24.027089104708892 ], [ 90.165965245235938, 23.931827272075793 ], [ 90.168846771981904, 23.836317005855285 ], [ 90.166290545721139, 23.740820834151098 ], [ 90.158319391926938, 23.645600302401316 ], [ 90.144970749512808, 23.550915260025771 ], [ 90.126296400126193, 23.457023162017393 ] ] ] } }
]
}
