{
"type": "FeatureCollection",
"name": "taiwaninput",
"crs": { "type": "name", "properties": { "name": "urn:ogc:def:crs:OGC:1.3:CRS84" } },
"features": [
{ "type": "Feature", "properties": { "ADM1_EN": "Shaanxi Province", "gdp": 499021, "ADM1_ZH": "陕西省", "ADM1_PCODE": "CN061", "ADM0_EN": "China", "ADM0_ZH": "中国", "ADM0_PCODE": "CN", "join_name": "shaanxiprovince", "pop": 499021 }, "geometry": { "type": "Polygon", "coordinates": [ [ [ 109.546003400000018, 31.7216067 ], [ 109.5974985, 31.7979282 ], [ 109.5661226, 32.1955536 ], [ 109.4418064, 32.3421128 ], [ 109.5373696, 32.5495851 ], [ 109.74042590000002, 32.5453701 ], [ 110.146269800000013, 32.612273099999989 ], [ 110.1070734, 32.8082394 ], [ 109.7310684, 32.8906578 ], [ 109.76117, 33.056456499999989 ], [ 109.4371276, 33.1699211 ], [ 109.6029518, 33.2522666 ], [ 110.0741468, 33.175692799999986 ], [ 110.5563109, 33.23447860000001 ], [ 110.6929526, 33.1073255 ], [ 110.967193, 33.2648844 ], [ 111.0010883, 33.53379 ], [ 110.8050209, 33.6718293 ], [ 110.5456055, 34.0419118 ], [ 110.638886, 34.1119545 ], [ 110.3542627, 34.4478649 ], [ 110.340184600000015, 34.5945839 ], [ 110.239676, 34.6375105 ], [ 110.2467311, 34.951266 ], [ 110.31694610000001, 35.1694413 ], [ 110.5601901, 35.5625015 ], [ 110.533091, 35.8160135 ], [ 110.4175498, 36.1826947 ], [ 110.4507202, 36.2678825 ], [ 110.42003720000001, 36.708693 ], [ 110.3440908, 36.964809099999989 ], [ 110.6477712, 37.2706357 ], [ 110.6078362, 37.3589675 ], [ 110.7608852, 37.5343968 ], [ 110.725555, 37.725092 ], [ 110.470675, 37.942379 ], [ 110.5392176, 38.2618294 ], [ 110.8190684, 38.4412026 ], [ 110.857253, 38.612638799999985 ], [ 111.1104356, 39.0553138 ], [ 111.2045144, 39.3458337 ], [ 111.1358229, 39.4016563 ], [ 110.976549, 39.5549447 ], [ 110.7278525, 39.3973103 ], [ 110.6629348, 39.2561417 ], [ 110.2153621, 39.440229 ], [ 110.1619356, 39.2961616 ], [ 109.6717596, 39.0689284 ], [ 109.5429926, 38.8165411 ], [ 109.1605071, 38.5705996 ], [ 108.8976714, 38.3493838 ], [ 108.8638597, 38.204116 ], [ 109.0103959, 38.0877611 ], [ 108.9338257, 37.89522310000001 ], [ 108.7354537, 37.9032577 ], [ 108.7820925, 37.6738946 ], [ 108.3263587, 37.6201356 ], [ 108.0515492, 37.6339387 ], [ 107.9849591, 37.792918 ], [ 107.6337301, 37.876627199999987 ], [ 107.5836007, 37.7656817 ], [ 107.3611564, 37.683515 ], [ 107.1888627, 37.3654318 ], [ 107.283619, 37.0957905 ], [ 107.2637305, 36.9265261 ], [ 107.5010833, 36.8241213 ], [ 107.8593074, 36.7777969 ], [ 107.912972900000014, 36.6522704 ], [ 108.1184351, 36.541438899999989 ], [ 108.6795318, 36.3692245 ], [ 108.6092472, 36.2569529 ], [ 108.6317592, 35.9539525 ], [ 108.4642198, 35.8697818 ], [ 108.5682794, 35.5027706 ], [ 108.5730424, 35.3266949 ], [ 108.4209483, 35.2746826 ], [ 108.2047983, 35.3111963 ], [ 107.9445905, 35.2176341 ], [ 107.705295, 35.3185945 ], [ 107.6387132, 35.2236675 ], [ 107.7842148, 34.9711321 ], [ 107.2359882, 34.9163149 ], [ 106.883637, 35.0997255 ], [ 106.464811, 35.0147114 ], [ 106.5293577, 34.7604873 ], [ 106.3349457, 34.5965561 ], [ 106.6419431, 34.3781226 ], [ 106.6030789, 34.1341313 ], [ 106.4527171, 34.042770699999984 ], [ 106.4875867, 33.7029765 ], [ 106.4269444, 33.606117 ], [ 106.1625421, 33.5485056 ], [ 105.9604043, 33.5890709 ], [ 105.744394400000019, 33.3661686 ], [ 105.952116, 33.2398497 ], [ 105.9379874, 32.9963125 ], [ 105.6285566, 32.8702052 ], [ 105.5041995, 32.903922 ], [ 105.5745251, 32.7083681 ], [ 105.8229943, 32.8254937 ], [ 106.4036482, 32.623706400000017 ], [ 106.727103, 32.7287121 ], [ 107.057151, 32.7123223 ], [ 107.0383593, 32.4955112 ], [ 107.2236963, 32.4134923 ], [ 107.6454825, 32.3944452 ], [ 107.9051906, 32.1449469 ], [ 108.01300190000002, 32.2282082 ], [ 108.454489, 32.2635378 ], [ 108.5020663, 32.2028341 ], [ 109.0951499, 31.8961901 ], [ 109.2986931, 31.6933153 ], [ 109.546003400000018, 31.7216067 ] ] ] } },
{ "type": "Feature", "properties": { "ADM1_EN": "Shanghai Municipality", "gdp": 757217, "ADM1_ZH": "上海市", "ADM1_PCODE": "CN031", "ADM0_EN": "China", "ADM0_ZH": "中国", "ADM0_PCODE": "CN", "join_name": "shanghaimunicipality", "pop": 757217 }, "geometry": { "type": "Polygon", "coordinates": [ [ [ 120.9009278, 31.0242589 ], [ 120.984474400000011, 30.8225672 ], [ 121.198061899999985, 30.7861529 ], [ 121.261113200000011, 30.691142 ], [ 121.5528423, 30.8455574 ], [ 121.8753237, 30.8768871 ], [ 121.7512539, 31.2222496 ], [ 121.625324500000019, 31.3287206 ], [ 121.2886069, 31.488503 ], [ 121.117587400000019, 31.4283479 ], [ 120.9009278, 31.0242589 ] ] ] } },
{ "type": "Feature", "properties": { "ADM1_EN": "Chongqing Municipality", "gdp": 452044, "ADM1_ZH": "重庆市", "ADM1_PCODE": "CN050", "ADM0_EN": "China", "ADM0_ZH": "中国", "ADM0_PCODE": "CN", "join_name": "chongqingmunicipality", "pop": 452044 }, "geometry": { "type": "Polygon", "coordinates": [ [ [ 109.546003400000018, 31.7216067 ], [ 109.2986931, 31.6933153 ], [ 109.0951499, 31.8961901 ], [ 108.5020663, 32.2028341 ], [ 108.2699261, 31.9312313 ], [ 108.5216238, 31.7476442 ], [ 108.2912253, 31.4902618 ], [ 107.938357, 30.9920681 ], [ 107.9192217, 30.8485899 ], [ 107.7663065, 30.8142613 ], [ 107.5270884, 30.8681997 ], [ 107.4926572, 30.6471022 ], [ 107.2365635, 30.2346575 ], [ 107.01742, 30.0338056 ], [ 106.7092068, 30.073237899999988 ], [ 106.5973171, 30.2969417 ], [ 106.2907028, 30.1858605 ], [ 106.1759837, 30.3178308 ], [ 105.7997633, 30.431109499999987 ], [ 105.657648, 30.20367220000001 ], [ 105.7505179, 30.0189686 ], [ 105.7215639, 29.8305606 ], [ 105.4214682, 29.6898324 ], [ 105.3095376, 29.5385804 ], [ 105.4127942, 29.3225968 ], [ 105.7107596, 29.2607619 ], [ 105.7968817, 28.9219702 ], [ 106.2531238, 28.8410304 ], [ 106.377603500000021, 28.5217492 ], [ 106.5658181, 28.7222242 ], [ 106.7240127, 28.5559485 ], [ 107.0919956, 28.897993 ], [ 107.2452352, 28.7780191 ], [ 107.4419815, 28.920521 ], [ 107.3574913, 29.0829559 ], [ 107.4271425, 29.2045038 ], [ 107.7544315, 29.1745546 ], [ 107.786565200000013, 29.0087164 ], [ 108.1634736, 29.0805583 ], [ 108.3335883, 28.9105688 ], [ 108.2875018, 28.7293917 ], [ 108.5608767, 28.5183964 ], [ 108.7391576, 28.4361646 ], [ 108.8116336, 28.2535871 ], [ 109.0921544, 28.1984557 ], [ 109.1459915, 28.4197876 ], [ 109.2489328, 28.4873946 ], [ 109.2793641, 28.7553751 ], [ 109.2037174, 28.868445 ], [ 109.2924502, 29.0381664 ], [ 109.2047015, 29.1393909 ], [ 109.0898106, 29.3479578 ], [ 108.8883893, 29.3331207 ], [ 108.8835444, 29.5743643 ], [ 108.66239680000001, 29.6914564 ], [ 108.4477352, 29.7103436 ], [ 108.536144, 30.2343562 ], [ 108.3880015, 30.36913 ], [ 108.3894233, 30.4944896 ], [ 108.7805674, 30.4958399 ], [ 108.946969, 30.6355016 ], [ 109.1211323, 30.5431356 ], [ 109.259714, 30.6277295 ], [ 109.5652672, 30.6679049 ], [ 109.7462016, 30.8651367 ], [ 110.1445276, 30.9525711 ], [ 110.1154575, 31.310054199999986 ], [ 110.0493848, 31.4125335 ], [ 109.546003400000018, 31.7216067 ] ] ] } },
{ "type": "Feature", "properties": { "ADM1_EN": "Zhejiang Province", "gdp": 1265577, "ADM1_ZH": "浙江省", "ADM1_PCODE": "CN033", "ADM0_EN": "China", "ADM0_ZH": "中国", "ADM0_PCODE": "CN", "join_name": "zhejiangprovince", "pop": 1265577 }, "geometry": { "type": "Polygon", "coordinates": [ [ [ 118.393787700000019, 28.2676539 ], [ 118.7601252, 28.2279542 ], [ 118.6985353, 28.069192 ], [ 118.8238094, 27.7852988 ], [ 118.897576200000017, 27.471494 ], [ 119.2037055, 27.4052308 ], [ 119.617124, 27.6637836 ], [ 119.7509902, 27.2967877 ], [ 120.1190995, 27.4233815 ], [ 120.3992575, 27.2750029 ], [ 120.4010929, 27.1897398 ], [ 120.497982400000012, 27.1877439 ], [ 120.5834283, 27.5582719 ], [ 120.9459368, 27.9800302 ], [ 121.026729299999985, 28.3041526 ], [ 121.5819629, 28.3067509 ], [ 121.498802500000011, 28.6241477 ], [ 121.624861900000013, 28.725306299999989 ], [ 121.688417099999981, 29.0137245 ], [ 121.651973, 29.1934827 ], [ 121.945583099999979, 29.2193061 ], [ 121.9142766, 29.6351295 ], [ 121.975405199999983, 29.8745288 ], [ 121.6782925, 29.9620066 ], [ 121.4397818, 30.2314854 ], [ 121.2367877, 30.3068573 ], [ 120.8163292, 30.1212393 ], [ 120.6289372, 30.1053699 ], [ 120.557373399999989, 30.2827061 ], [ 120.6483007, 30.397400600000012 ], [ 120.832971, 30.3459993 ], [ 121.0166449, 30.573416 ], [ 121.261113200000011, 30.691142 ], [ 121.198061899999985, 30.7861529 ], [ 120.984474400000011, 30.8225672 ], [ 120.9009278, 31.0242589 ], [ 120.416470800000013, 30.914598399999988 ], [ 120.1506764, 30.9252816 ], [ 119.9863907, 31.0095809 ], [ 119.8803062, 31.1673888 ], [ 119.6082472, 31.1229675 ], [ 119.5306971, 30.8047239 ], [ 119.299693300000015, 30.4916538 ], [ 119.2307205, 30.2861219 ], [ 118.84202310000002, 30.2811661 ], [ 118.8624325, 29.9827386 ], [ 118.7163859, 29.8347374 ], [ 118.6912761, 29.6980865 ], [ 118.1886115, 29.4163509 ], [ 117.9938524, 29.1681512 ], [ 118.0287787, 29.0373448 ], [ 118.34808120000001, 28.8015774 ], [ 118.4440769, 28.4651815 ], [ 118.393787700000019, 28.2676539 ] ] ] } },
{ "type": "Feature", "properties": { "ADM1_EN": "Jiangxi Province", "gdp": 480258, "ADM1_ZH": "江西省", "ADM1_PCODE": "CN036", "ADM0_EN": "China", "ADM0_ZH": "中国", "ADM0_PCODE": "CN", "join_name": "jiangxiprovince", "pop": 480258 }, "geometry": { "type": "Polygon", "coordinates": [ [ [ 115.8697052, 24.8854581 ], [ 115.8238942, 25.1886033 ], [ 115.9688545, 25.3135027 ], [ 116.0594947, 25.7198838 ], [ 116.1811084, 25.921024 ], [ 116.287947300000013, 25.9329108 ], [ 116.4640163, 26.1246785 ], [ 116.381812, 26.2744351 ], [ 116.6146884, 26.4737646 ], [ 116.48026, 26.7096277 ], [ 116.63597230000002, 26.9942366 ], [ 116.9727728, 27.0867036 ], [ 117.1368513, 27.3269639 ], [ 116.990648400000012, 27.6271739 ], [ 117.26075520000002, 27.760893 ], [ 117.2531483, 27.8535648 ], [ 117.5492662, 27.9770578 ], [ 117.7400442, 27.8456313 ], [ 117.9140385, 27.9845133 ], [ 118.079051399999983, 27.9821938 ], [ 118.341657600000019, 28.1013239 ], [ 118.393787700000019, 28.2676539 ], [ 118.4440769, 28.4651815 ], [ 118.34808120000001, 28.8015774 ], [ 118.0287787, 29.0373448 ], [ 117.9938524, 29.1681512 ], [ 118.1886115, 29.4163509 ], [ 117.9847566, 29.562435 ], [ 117.55878, 29.5806781 ], [ 117.3870964, 29.686791400000011 ], [ 117.396482, 29.8102122 ], [ 117.1056672, 29.9028324 ], [ 117.0659157, 29.6865524 ], [ 116.7891976, 29.57172 ], [ 116.652041399999987, 29.722175099999987 ], [ 116.8650244, 29.9404257 ], [ 116.696883, 30.059429 ], [ 116.535731200000015, 29.9108552 ], [ 116.2941787, 29.7931573 ], [ 116.0776015, 29.800094 ], [ 115.892531, 29.7091033 ], [ 115.6940162, 29.8190232 ], [ 115.435291800000016, 29.8165108 ], [ 115.415116, 29.7281819 ], [ 115.1350576, 29.5615398 ], [ 114.959076, 29.5687779 ], [ 114.9077293, 29.4520819 ], [ 114.6006713, 29.4107176 ], [ 114.223119600000018, 29.2592254 ], [ 113.9218453, 29.073615199999988 ], [ 113.9223666, 28.9787709 ], [ 114.1405738, 28.8015173 ], [ 114.08089, 28.5533582 ], [ 114.2467645, 28.3619694 ], [ 114.0514829, 28.1934345 ], [ 113.9822582, 28.0336336 ], [ 113.7288122, 27.9572009 ], [ 113.7212808, 27.817048 ], [ 113.5873268, 27.6110985 ], [ 113.5865432, 27.3820623 ], [ 113.8338515, 27.3883372 ], [ 113.7474597, 27.1022783 ], [ 113.8898267, 26.9336712 ], [ 113.8256263, 26.6395548 ], [ 113.9735351, 26.630142 ], [ 114.099557200000021, 26.4874997 ], [ 113.9608395, 26.1665021 ], [ 114.0162168, 25.9682038 ], [ 113.8758003, 25.6826747 ], [ 113.9727071, 25.439366 ], [ 114.0473726, 25.2764867 ], [ 114.2647583, 25.3005518 ], [ 114.5508502, 25.3993189 ], [ 114.7116633, 25.2722194 ], [ 114.6973984, 25.1195725 ], [ 114.5621695, 25.0854991 ], [ 114.3766943, 24.9248991 ], [ 114.323137300000013, 24.7616011 ], [ 114.1592142, 24.6494379 ], [ 114.392321900000013, 24.5013007 ], [ 114.8980668, 24.6496976 ], [ 115.3399718, 24.7496563 ], [ 115.7401088, 24.5436994 ], [ 115.7233689, 24.7511992 ], [ 115.8697052, 24.8854581 ] ] ] } },
{ "type": "Feature", "properties": { "ADM1_EN": "Yunnan Province", "gdp": 442789, "ADM1_ZH": "云南省", "ADM1_PCODE": "CN053", "ADM0_EN": "China", "ADM0_ZH": "中国", "ADM0_PCODE": "CN", "join_name": "yunnanprovince", "pop": 442789 }, "geometry": { "type": "Polygon", "coordinates": [ [ [ 105.5120458, 23.2086373 ], [ 105.841561499999983, 23.5135344 ], [ 106.0960921, 23.5285381 ], [ 106.1918999, 23.8695169 ], [ 105.9616229, 24.1231455 ], [ 105.8651899, 24.0451875 ], [ 105.6062397, 24.1120202 ], [ 105.4715028, 24.0221568 ], [ 105.2600575, 24.0756473 ], [ 105.1922545, 24.3744133 ], [ 105.0767188, 24.4371632 ], [ 104.7780146, 24.4621578 ], [ 104.6728894, 24.324782 ], [ 104.5404921, 24.4455298 ], [ 104.56288880000001, 24.7423769 ], [ 104.709901200000019, 25.095149 ], [ 104.5459198, 25.4013544 ], [ 104.5291474, 25.5287492 ], [ 104.368287400000014, 25.5982876 ], [ 104.4710973, 26.0292747 ], [ 104.682567300000017, 26.4107851 ], [ 104.4669379, 26.6388792 ], [ 104.1075329, 26.6115294 ], [ 103.8943314, 26.5145421 ], [ 103.7321042, 26.655042 ], [ 103.7677188, 26.9774048 ], [ 103.7201689, 27.1591275 ], [ 103.9545788, 27.4675913 ], [ 104.1972796, 27.2664811 ], [ 104.381215, 27.4392761 ], [ 104.5526994, 27.303052 ], [ 104.940018, 27.3542812 ], [ 105.1422743, 27.428689 ], [ 105.3321702, 27.7119222 ], [ 105.3382604, 27.8137674 ], [ 105.0609699, 28.121277 ], [ 104.8951131, 27.891637 ], [ 104.6126695, 27.842749 ], [ 104.394973100000016, 27.9497602 ], [ 104.3282146, 28.0612582 ], [ 104.4710988, 28.1516483 ], [ 104.2683791, 28.3890573 ], [ 104.364716, 28.6607614 ], [ 103.8907057, 28.6311973 ], [ 103.8107221, 28.5382278 ], [ 103.8921509, 28.3517024 ], [ 103.7439186, 28.2110075 ], [ 103.59606, 28.2503497 ], [ 103.481749, 28.1174188 ], [ 103.5711901, 27.9376606 ], [ 103.1618982, 27.4363635 ], [ 102.9164965, 27.2499587 ], [ 102.907245, 26.9020406 ], [ 103.0412319, 26.504249 ], [ 103.0150927, 26.3764313 ], [ 102.8016334, 26.302413 ], [ 102.5685744, 26.3691548 ], [ 102.2981119, 26.2253559 ], [ 102.1167934, 26.0709046 ], [ 101.8215117, 26.0820028 ], [ 101.7714831, 26.241719 ], [ 101.557101800000012, 26.5044974 ], [ 101.4004935, 26.5367269 ], [ 101.541951400000016, 26.766693 ], [ 101.1881327, 26.9917975 ], [ 101.1891855, 27.1522735 ], [ 101.0796616, 27.228313 ], [ 100.9785323, 27.4571108 ], [ 100.7176934, 27.8617035 ], [ 100.2911448, 27.8673815 ], [ 100.0671345, 28.0828756 ], [ 100.1897841, 28.2617139 ], [ 99.9466759, 28.6370232 ], [ 99.8704322, 28.6159263 ], [ 99.741661, 28.859684 ], [ 99.5231077, 28.5756809 ], [ 99.4013855, 28.5132032 ], [ 99.417891400000016, 28.2880213 ], [ 99.2448063, 28.3672135 ], [ 99.1607301, 28.7451831 ], [ 99.1526172, 29.2207896 ], [ 98.9895253, 29.1842196 ], [ 99.022408900000016, 29.0254793 ], [ 98.8539103, 28.8156019 ], [ 98.634521, 28.662266 ], [ 98.7648934, 28.317017 ], [ 98.685168500000017, 28.1581113 ], [ 98.4109622, 28.2629431 ], [ 98.1810901, 28.14435 ], [ 98.1653507, 27.965157 ], [ 98.331810599999983, 27.5423375 ], [ 98.4516331, 27.6613741 ], [ 98.7246754, 27.5581883 ], [ 98.734057600000014, 27.07286 ], [ 98.7856101, 26.9207817 ], [ 98.7961002, 26.5711276 ], [ 98.715076, 26.3218287 ], [ 98.7580311, 26.1764896 ], [ 98.6200265, 26.0044919 ], [ 98.3836191, 25.5828052 ], [ 98.205395300000021, 25.6202546 ], [ 98.1743283, 25.4516946 ], [ 97.9843499, 25.2299705 ], [ 97.8391551, 25.2003579 ], [ 97.7365088, 25.0801576 ], [ 97.7980025, 24.8666812 ], [ 97.5950104, 24.7734211 ], [ 97.560535300000012, 24.439529 ], [ 97.675694800000016, 24.4478619 ], [ 97.7620899, 24.2581464 ], [ 97.7382797, 24.1152553 ], [ 97.5808986, 23.929637 ], [ 97.6633818, 23.8592723 ], [ 97.9006098, 24.0167125 ], [ 98.2163072, 24.115319 ], [ 98.56663570000002, 24.1331196 ], [ 98.7136202, 23.9659629 ], [ 98.893218, 23.568586 ], [ 98.9571388, 23.3056304 ], [ 98.9041954, 23.1894643 ], [ 99.0909194, 23.1054208 ], [ 99.328571400000016, 23.136069 ], [ 99.5276937, 23.0846797 ], [ 99.5365179, 22.9007418 ], [ 99.3335118, 22.7151491 ], [ 99.3846744, 22.48551 ], [ 99.2838878, 22.3985807 ], [ 99.1817158, 22.1540082 ], [ 99.3448011, 22.1025234 ], [ 99.5068326, 22.1335535 ], [ 99.9691113, 22.0486835 ], [ 99.962736600000014, 21.8273215 ], [ 100.1204389, 21.705579 ], [ 100.1477334, 21.5012644 ], [ 100.4489051, 21.5359389 ], [ 100.5744982, 21.4519283 ], [ 100.7235605, 21.5131448 ], [ 100.8673557, 21.6720645 ], [ 101.158897, 21.7163063 ], [ 101.261246, 21.2175973 ], [ 101.5324319, 21.2568127 ], [ 101.799692900000011, 21.1474187 ], [ 101.7264935, 21.3564948 ], [ 101.824487, 21.5902038 ], [ 101.7761622, 21.828985 ], [ 101.6229759, 21.9679581 ], [ 101.5613294, 22.2713925 ], [ 101.6665076, 22.4482151 ], [ 101.7825954, 22.5149644 ], [ 101.912471900000014, 22.4412978 ], [ 102.186338600000013, 22.444346 ], [ 102.3578651, 22.5671826 ], [ 102.4750159, 22.7872431 ], [ 102.8632258, 22.614724 ], [ 103.0255918, 22.4520197 ], [ 103.1709546, 22.5503701 ], [ 103.334417, 22.8062481 ], [ 103.5642933, 22.7058116 ], [ 103.6441366, 22.8001082 ], [ 103.9672527, 22.5095588 ], [ 104.1112369, 22.8041145 ], [ 104.3699081, 22.696981 ], [ 104.5736389, 22.8601193 ], [ 104.665932, 22.8318801 ], [ 104.8556819, 22.9427048 ], [ 104.8052824, 23.0934976 ], [ 105.0832797, 23.2677326 ], [ 105.2197662, 23.2704672 ], [ 105.3231593, 23.3927642 ], [ 105.5120458, 23.2086373 ] ] ] } },
{ "type": "Feature", "properties": { "ADM1_EN": "Shandong Province", "gdp": 1384021, "ADM1_ZH": "山东省", "ADM1_PCODE": "CN037", "ADM0_EN": "China", "ADM0_ZH": "中国", "ADM0_PCODE": "CN", "join_name": "shandongprovince", "pop": 1384021 }, "geometry": { "type": "Polygon", "coordinates": [ [ [ 116.161018900000016, 34.5443918 ], [ 116.333318, 34.6267685 ], [ 116.3819403, 34.856988799999989 ], [ 116.591222200000018, 34.9174534 ], [ 116.9243418, 34.8475115 ], [ 117.086912700000013, 34.628257600000012 ], [ 117.124232799999987, 34.4356125 ], [ 117.370953700000015, 34.5724943 ], [ 117.4586522, 34.455747 ], [ 117.7671784, 34.5098078 ], [ 117.9076317, 34.6684461 ], [ 118.1655423, 34.385969 ], [ 118.394325, 34.4608445 ], [ 118.4547363, 34.703662199999989 ], [ 118.723147, 34.7134745 ], [ 118.7155867, 34.8406837 ], [ 118.8374052, 35.0438644 ], [ 119.1903571, 35.1041401 ], [ 119.3478651, 35.1076176 ], [ 119.393341800000016, 35.3031487 ], [ 119.5339434, 35.37850490000001 ], [ 119.6002861, 35.596517 ], [ 120.00283210000002, 35.7786194 ], [ 120.184820700000017, 35.9558959 ], [ 120.0768301, 36.2025984 ], [ 120.324088, 36.272555 ], [ 120.3651429, 36.1514955 ], [ 120.664841800000019, 36.1349281 ], [ 120.6244743, 36.3177199 ], [ 120.7055218, 36.4493416 ], [ 120.8870147, 36.448503 ], [ 120.9932158, 36.6036878 ], [ 121.6936877, 36.8258065 ], [ 121.9810724, 36.9942566 ], [ 122.3588867, 36.8421741 ], [ 122.4905357, 36.94273110000001 ], [ 122.408305, 37.0753147 ], [ 122.5777318, 37.1861496 ], [ 122.500016, 37.3607375 ], [ 122.2603093, 37.399318 ], [ 122.0166617, 37.516475 ], [ 121.9080851, 37.4493378 ], [ 121.5175516, 37.4239348 ], [ 121.0935895, 37.7036552 ], [ 120.717330200000021, 37.8193665 ], [ 120.2957991, 37.6735181 ], [ 120.2721628, 37.5631128 ], [ 119.84461, 37.3554959 ], [ 119.8805478, 37.2311632 ], [ 119.6802718, 37.1035399 ], [ 119.116472300000012, 37.102509699999985 ], [ 118.878400500000012, 37.2769101 ], [ 118.9039486, 37.785394599999989 ], [ 118.962741, 37.9428885 ], [ 118.736542900000018, 38.0549029 ], [ 118.45494410000002, 38.0176335 ], [ 117.9972441, 38.0694226 ], [ 117.7838956, 38.2047793 ], [ 117.5328203, 38.0384866 ], [ 117.407112900000016, 37.8646574 ], [ 116.7353927, 37.815917 ], [ 116.6084124, 37.6389954 ], [ 116.194260700000015, 37.3592588 ], [ 115.9786339, 37.3355888 ], [ 115.8296599, 37.0485238 ], [ 115.6316215, 36.7835998 ], [ 115.4908498, 36.762112 ], [ 115.3079509, 36.5965659 ], [ 115.2760673, 36.3643158 ], [ 115.3890242, 36.3316287 ], [ 115.4423339, 36.1161353 ], [ 115.304446, 35.8353109 ], [ 115.8764383, 35.953457899999982 ], [ 115.6228607, 35.7238092 ], [ 115.501319400000014, 35.7216468 ], [ 115.282529, 35.5551644 ], [ 115.2997346, 35.4790595 ], [ 114.9766725, 35.3541337 ], [ 114.805969, 35.1598238 ], [ 114.774495800000011, 35.0052536 ], [ 115.1407691, 34.9693942 ], [ 115.3934214, 34.783615 ], [ 115.4840534, 34.5561601 ], [ 116.161018900000016, 34.5443918 ] ] ] } },
{ "type": "Feature", "properties": { "ADM1_EN": "Liaoning Province", "gdp": 457934, "ADM1_ZH": "辽宁省", "ADM1_PCODE": "CN021", "ADM0_EN": "China", "ADM0_ZH": "中国", "ADM0_PCODE": "CN", "join_name": "liaoningprovince", "pop": 457934 }, "geometry": { "type": "Polygon", "coordinates": [ [ [ 119.1867622, 41.3057449 ], [ 119.1246922, 41.1577197 ], [ 118.877321, 41.0243988 ], [ 118.7695779, 40.8550706 ], [ 118.969887, 40.6559529 ], [ 119.274999599999987, 40.5005355 ], [ 119.4988691, 40.4925031 ], [ 119.6021803, 40.2169418 ], [ 119.8040306, 39.9762572 ], [ 120.451359, 40.2467902 ], [ 120.4976564, 40.3988024 ], [ 120.9051818, 40.808044 ], [ 121.1355859, 40.9383258 ], [ 121.453958, 40.9343454 ], [ 121.6726974, 40.986893099999989 ], [ 121.9173879, 40.9589814 ], [ 121.9003766, 40.7955524 ], [ 122.117628700000012, 40.6785353 ], [ 122.2851423, 40.4869662 ], [ 122.0043093, 40.1186438 ], [ 121.77823690000001, 39.911195 ], [ 121.5421357, 39.8537887 ], [ 121.4651564, 39.7399684 ], [ 121.5487135, 39.5858003 ], [ 121.4498071, 39.4734533 ], [ 121.6521056, 39.075912100000011 ], [ 121.0942245, 38.9186892 ], [ 121.1158832, 38.7667803 ], [ 121.4778038, 38.814326599999987 ], [ 121.5864736, 39.0016078 ], [ 121.9399811, 39.0524883 ], [ 122.1031442, 39.1511723 ], [ 122.346306700000014, 39.4235176 ], [ 122.4441325, 39.4131603 ], [ 122.8271609, 39.6119621 ], [ 123.1471847, 39.68304710000001 ], [ 123.6020892, 39.8661265 ], [ 124.1042552, 39.8361006 ], [ 124.3157428, 40.0156357 ], [ 124.401296, 40.1714387 ], [ 125.018241800000013, 40.5541576 ], [ 125.374438699999985, 40.6447121 ], [ 125.663038400000019, 40.8470361 ], [ 125.7312267, 41.1219962 ], [ 125.5566638, 41.3165691 ], [ 125.4193221, 41.6745677 ], [ 125.2620812, 41.692424 ], [ 125.2416852, 42.2684689 ], [ 125.0486569, 42.4425349 ], [ 125.058400400000011, 42.594139 ], [ 124.791417600000017, 42.8154105 ], [ 124.670810700000018, 43.0421325 ], [ 124.487758900000017, 42.8414789 ], [ 124.2971179, 42.9565985 ], [ 124.2635412, 43.1872749 ], [ 123.8511711, 43.3585388 ], [ 123.660521, 43.3809929 ], [ 123.534362, 43.008812799999987 ], [ 123.20911940000002, 42.99483080000001 ], [ 122.9998383, 42.749894500000011 ], [ 122.5397515, 42.8037008 ], [ 122.3125718, 42.653805 ], [ 121.95445260000001, 42.7128899 ], [ 121.829094, 42.528846199999983 ], [ 121.624821, 42.4359465 ], [ 121.3620987, 42.4807426 ], [ 120.9896637, 42.2084251 ], [ 120.8936287, 42.2697053 ], [ 120.4695128, 42.1403752 ], [ 120.1073468, 41.7842274 ], [ 119.810799, 42.0723896 ], [ 119.80787, 42.1947446 ], [ 119.5919494, 42.22073 ], [ 119.529836100000011, 42.337397 ], [ 119.3050847, 42.2885017 ], [ 119.3500433, 42.0752669 ], [ 119.26159, 41.7847385 ], [ 119.3421291, 41.4549906 ], [ 119.1867622, 41.3057449 ] ] ] } },
{ "type": "Feature", "properties": { "ADM1_EN": "Tibet Autonomous Region", "gdp": 38824, "ADM1_ZH": "西藏自治区", "ADM1_PCODE": "CN054", "ADM0_EN": "China", "ADM0_ZH": "中国", "ADM0_PCODE": "CN", "join_name": "tibetautonomousregion", "pop": 38824 }, "geometry": { "type": "Polygon", "coordinates": [ [ [ 80.2685833, 35.201597700000015 ], [ 80.20712, 35.10414 ], [ 80.17257, 34.85013 ], [ 80.04325, 34.66179 ], [ 79.90247, 34.64871 ], [ 79.75629, 34.54688 ], [ 79.74216, 34.44633 ], [ 79.51384, 34.45255 ], [ 79.58118, 34.3146 ], [ 79.39727, 34.00241 ], [ 78.90559, 33.9504 ], [ 79.0575, 33.61537 ], [ 78.92519, 33.60419 ], [ 78.93579, 33.42252 ], [ 79.14666, 33.18827 ], [ 79.37726, 33.18991 ], [ 79.36504, 32.95692 ], [ 79.54053, 32.74869 ], [ 79.54536, 32.60736 ], [ 79.142850600000017, 32.4638927 ], [ 78.9685, 32.33479 ], [ 78.80852, 32.43922 ], [ 78.7151149, 32.6911425 ], [ 78.4380764, 32.517936700000014 ], [ 78.6088, 32.13439 ], [ 78.821944, 31.9323262 ], [ 78.7203437, 31.801993100000011 ], [ 78.8826855, 31.5984634 ], [ 78.8063742, 31.333358 ], [ 78.8799663, 31.2955835 ], [ 79.07217, 31.45461 ], [ 79.22175, 31.33642 ], [ 79.31172, 31.14111 ], [ 79.6177508, 30.9528314 ], [ 79.8804, 30.96958 ], [ 80.04542, 30.81209 ], [ 80.17965, 30.80733 ], [ 80.2639024, 30.5950604 ], [ 80.69003, 30.4198 ], [ 81.0456346, 30.2416728 ], [ 81.118749399999984, 30.0572261 ], [ 81.39103, 30.20217 ], [ 81.40015, 30.36318 ], [ 81.62772, 30.44968 ], [ 81.96496, 30.3436 ], [ 82.133497099999985, 30.3222293 ], [ 82.2158112, 30.0684526 ], [ 82.5947311, 29.943059 ], [ 82.802380299999982, 29.7244177 ], [ 82.9443, 29.712 ], [ 83.309310400000015, 29.5653804 ], [ 83.5791825, 29.199 ], [ 83.91503, 29.32784 ], [ 84.121754899999985, 29.2956471 ], [ 84.280909, 29.030245 ], [ 84.2523, 28.906187 ], [ 84.435772, 28.8764051 ], [ 84.7383225, 28.6389755 ], [ 84.883870499999986, 28.585754299999984 ], [ 85.079036699999989, 28.694837100000012 ], [ 85.2281846, 28.6421289 ], [ 85.1155, 28.4790469 ], [ 85.1438728, 28.3614466 ], [ 85.4009781, 28.3060696 ], [ 85.752904, 28.3886066 ], [ 85.898619200000013, 28.1695662 ], [ 85.9673966, 27.9691261 ], [ 86.2288202, 28.1760109 ], [ 86.2557229, 27.9880107 ], [ 86.453232, 27.9151636 ], [ 86.55631, 28.05134 ], [ 86.7407004, 28.115375 ], [ 86.820643600000011, 28.0174202 ], [ 87.0962779, 27.9293905 ], [ 87.14873470000002, 27.8393987 ], [ 87.4678311, 27.8710072 ], [ 87.72528, 27.80654 ], [ 87.858173600000015, 27.9420087 ], [ 87.9716081, 27.8979117 ], [ 88.39866, 27.98019 ], [ 88.6719035, 28.1173476 ], [ 88.86695090000002, 27.9895366 ], [ 88.8902911, 27.7610981 ], [ 88.819441400000017, 27.4827827 ], [ 88.964944100000025, 27.2987609 ], [ 89.18076, 27.37734 ], [ 89.09311, 27.47494 ], [ 89.22433, 27.78042 ], [ 89.395552100000018, 27.9105139 ], [ 89.60787, 28.16696 ], [ 89.858085500000016, 28.2497337 ], [ 90.118648399999984, 28.1681648 ], [ 90.187001800000019, 28.2156547 ], [ 90.5383968, 28.0743116 ], [ 90.7558381, 28.0940362 ], [ 90.8633141, 28.0099191 ], [ 91.1490719, 27.9053059 ], [ 91.33487, 28.0646 ], [ 91.655388, 27.8839389 ], [ 91.67654, 27.76382 ], [ 91.99902, 27.72649 ], [ 92.2813, 27.87234 ], [ 92.44975, 27.82872 ], [ 92.70292, 27.94677 ], [ 92.68987, 28.12158 ], [ 92.85563, 28.17939 ], [ 93.0302, 28.32414 ], [ 93.23146, 28.36725 ], [ 93.22044, 28.53016 ], [ 93.34706, 28.66107 ], [ 93.74268, 28.69203 ], [ 94.04993, 28.86742 ], [ 94.27518, 29.12858 ], [ 94.68169, 29.31206 ], [ 94.7975, 29.17325 ], [ 95.00306, 29.1667 ], [ 95.14068, 29.09161 ], [ 95.50973, 29.13824 ], [ 95.75834, 29.31812 ], [ 95.99857, 29.36701 ], [ 96.10794, 29.4473 ], [ 96.25175, 29.23586 ], [ 96.15457, 29.05777 ], [ 96.18944, 28.90062 ], [ 96.44352, 29.03884 ], [ 96.62262, 28.77994 ], [ 96.33354, 28.52992 ], [ 96.27818, 28.41501 ], [ 96.67796, 28.44877 ], [ 96.7654, 28.36903 ], [ 97.02379, 28.32104 ], [ 97.09044, 28.36841 ], [ 97.3471101, 28.2080659 ], [ 97.50222380000001, 28.3101635 ], [ 97.5658267, 28.5464252 ], [ 97.9060586, 28.3689491 ], [ 98.0339122, 28.1905672 ], [ 98.1810901, 28.14435 ], [ 98.4109622, 28.2629431 ], [ 98.685168500000017, 28.1581113 ], [ 98.7648934, 28.317017 ], [ 98.634521, 28.662266 ], [ 98.8539103, 28.8156019 ], [ 99.022408900000016, 29.0254793 ], [ 98.9895253, 29.1842196 ], [ 99.1526172, 29.2207896 ], [ 99.014326800000021, 29.7175782 ], [ 99.1007311, 29.908421 ], [ 99.03403, 30.1339755 ], [ 98.97491890000002, 30.5812373 ], [ 98.996685500000012, 30.7621932 ], [ 98.8227913, 30.9071803 ], [ 98.8104926, 31.0287593 ], [ 98.650835, 31.1853754 ], [ 98.8793884, 31.4173293 ], [ 98.6204339, 31.6171073 ], [ 98.3989383, 31.900612 ], [ 98.4337929, 32.0125737 ], [ 98.2285584, 32.2362963 ], [ 98.2269452, 32.351895399999989 ], [ 97.7720343, 32.5443603 ], [ 97.673763900000012, 32.484797599999986 ], [ 97.394798, 32.5436441 ], [ 97.4369947, 32.391435 ], [ 97.1677806, 32.0272463 ], [ 97.0063714, 32.0881891 ], [ 96.733926, 31.9449155 ], [ 96.7855923, 31.6720641 ], [ 96.461272, 31.7887744 ], [ 96.3101926, 31.9356886 ], [ 96.0130877, 31.7181708 ], [ 95.49605, 31.794617 ], [ 95.3954168, 31.981723 ], [ 95.4513945, 32.1232427 ], [ 95.3294598, 32.2627903 ], [ 95.1591392, 32.2597839 ], [ 94.8241774, 32.5537988 ], [ 94.6466368, 32.6651168 ], [ 94.4534376, 32.5657425 ], [ 94.2382589, 32.5305315 ], [ 94.1278632, 32.4413649 ], [ 93.698876900000016, 32.5898835 ], [ 93.5860016, 32.4719274 ], [ 93.4009611, 32.5202841 ], [ 93.2632213, 32.6560183 ], [ 92.9968207, 32.7429197 ], [ 92.8232014, 32.6966336 ], [ 92.7201241, 32.7620544 ], [ 92.5255808, 32.70600610000001 ], [ 92.153616199999988, 32.8605758 ], [ 92.0029827, 32.8246184 ], [ 91.8598196, 32.9700319 ], [ 91.616044799999983, 33.0215356 ], [ 91.420395700000014, 33.2777117 ], [ 91.2348515, 33.302336 ], [ 90.9996545, 33.2412139 ], [ 90.768391600000015, 33.1051866 ], [ 90.415863700000017, 33.2627764 ], [ 90.1973293, 33.5329082 ], [ 89.9876701, 33.625132 ], [ 89.9258341, 33.7497391 ], [ 89.69641559999998, 33.9885719 ], [ 89.7096001, 34.1418945 ], [ 89.831798600000013, 34.1829426 ], [ 89.8105729, 34.6235353 ], [ 89.8691822, 34.8040298 ], [ 89.7300136, 34.9114275 ], [ 89.544913, 34.8980526 ], [ 89.5974161, 35.1003002 ], [ 89.500461300000012, 35.1394408 ], [ 89.5167061, 35.33207190000001 ], [ 89.7137828, 35.5036669 ], [ 89.8028533, 35.779340800000014 ], [ 89.4364472, 35.8732131 ], [ 89.419208800000021, 36.035864099999984 ], [ 89.6861902, 36.09778750000001 ], [ 89.4579461, 36.1534412 ], [ 89.2437665, 36.2655942 ], [ 88.762242300000011, 36.3026849 ], [ 88.6147073, 36.4234468 ], [ 88.3797027, 36.4901505 ], [ 87.9638127, 36.4242323 ], [ 87.8092166, 36.3643252 ], [ 87.465682700000016, 36.35888640000001 ], [ 87.412921900000015, 36.4229429 ], [ 86.951977, 36.2639869 ], [ 86.7606795, 36.29224450000001 ], [ 86.6419405, 36.2127937 ], [ 86.2076532, 36.1316659 ], [ 86.0907331, 35.8397059 ], [ 85.7238217, 35.726221099999989 ], [ 85.6102482, 35.6405587 ], [ 85.221206600000016, 35.7851083 ], [ 84.7466032, 35.5909964 ], [ 84.56739, 35.578905900000017 ], [ 84.5086534, 35.4908304 ], [ 84.1019574, 35.3601613 ], [ 83.989210400000019, 35.4124225 ], [ 83.740178499999985, 35.3576436 ], [ 83.4704682, 35.3997076 ], [ 83.056825100000012, 35.3904705 ], [ 82.939741500000011, 35.4814325 ], [ 82.9362778, 35.6451803 ], [ 82.726364700000033, 35.6302451 ], [ 82.4163096, 35.7082189 ], [ 82.303393400000019, 35.5788246 ], [ 82.058397400000018, 35.4385603 ], [ 81.992165300000011, 35.3460305 ], [ 81.7371269, 35.2514137 ], [ 81.575241800000015, 35.2452319 ], [ 81.3677723, 35.3509577 ], [ 81.0507966, 35.3862528 ], [ 80.9134935, 35.2990964 ], [ 80.5124669, 35.4564542 ], [ 80.282219600000033, 35.3413471 ], [ 80.2743983, 35.2175229 ], [ 80.2685833, 35.201597700000015 ] ] ] } },
{ "type": "Feature", "properties": { "ADM1_EN": "Gansu province", "gdp": 182581, "ADM1_ZH": "甘肃省", "ADM1_PCODE": "CN062", "ADM0_EN": "China", "ADM0_ZH": "中国", "ADM0_PCODE": "CN", "join_name": "gansuprovince", "pop": 182581 }, "geometry": { "type": "Polygon", "coordinates": [ [ [ 105.5041995, 32.903922 ], [ 105.6285566, 32.8702052 ], [ 105.9379874, 32.9963125 ], [ 105.952116, 33.2398497 ], [ 105.744394400000019, 33.3661686 ], [ 105.9604043, 33.5890709 ], [ 106.1625421, 33.5485056 ], [ 106.4269444, 33.606117 ], [ 106.4875867, 33.7029765 ], [ 106.4527171, 34.042770699999984 ], [ 106.6030789, 34.1341313 ], [ 106.6419431, 34.3781226 ], [ 106.3349457, 34.5965561 ], [ 106.5293577, 34.7604873 ], [ 106.464811, 35.0147114 ], [ 106.883637, 35.0997255 ], [ 107.2359882, 34.9163149 ], [ 107.7842148, 34.9711321 ], [ 107.6387132, 35.2236675 ], [ 107.705295, 35.3185945 ], [ 107.9445905, 35.2176341 ], [ 108.2047983, 35.3111963 ], [ 108.4209483, 35.2746826 ], [ 108.5730424, 35.3266949 ], [ 108.5682794, 35.5027706 ], [ 108.4642198, 35.8697818 ], [ 108.6317592, 35.9539525 ], [ 108.6092472, 36.2569529 ], [ 108.6795318, 36.3692245 ], [ 108.1184351, 36.541438899999989 ], [ 107.912972900000014, 36.6522704 ], [ 107.8593074, 36.7777969 ], [ 107.5010833, 36.8241213 ], [ 107.2637305, 36.9265261 ], [ 107.283619, 37.0957905 ], [ 106.6048845, 37.0989535 ], [ 106.5467585, 36.9417535 ], [ 106.6170224, 36.776486 ], [ 106.4260557, 36.5669708 ], [ 106.5759155, 36.2712666 ], [ 106.8278116, 36.2106121 ], [ 106.9164617, 36.0907585 ], [ 106.8352165, 35.8950382 ], [ 106.89517, 35.7514639 ], [ 106.6809697, 35.6796448 ], [ 106.385398, 35.68863180000001 ], [ 106.4638852, 35.3843838 ], [ 106.1109054, 35.3549442 ], [ 105.8649145, 35.4971399 ], [ 105.6990216, 35.727589 ], [ 105.3773003, 35.7784695 ], [ 105.3574759, 35.9917884 ], [ 105.5069106, 36.1105587 ], [ 105.3973858, 36.4761849 ], [ 105.2589838, 36.5278385 ], [ 105.323181100000014, 36.7419005 ], [ 105.2597119, 36.9007891 ], [ 104.959153500000014, 37.0568228 ], [ 104.8560035, 37.2104517 ], [ 104.6176774, 37.2699981 ], [ 104.522916800000019, 37.4230347 ], [ 104.226492, 37.4189322 ], [ 103.856352500000014, 37.5911282 ], [ 103.7125559, 37.7484432 ], [ 103.4202568, 37.8307225 ], [ 103.3681391, 38.0056406 ], [ 103.5331555, 38.1108664 ], [ 103.4243081, 38.3887526 ], [ 103.8963966, 38.6056735 ], [ 104.022930700000018, 38.8472036 ], [ 104.1797394, 38.9359988 ], [ 104.2070706, 39.0735076 ], [ 104.0792753, 39.2731591 ], [ 104.093531, 39.3982847 ], [ 103.842052200000012, 39.4393435 ], [ 103.5137193, 39.3572571 ], [ 103.0300281, 39.0855133 ], [ 102.6392988, 39.154117 ], [ 102.5244048, 39.2262869 ], [ 102.0880109, 39.1032599 ], [ 101.8608097, 39.1135826 ], [ 102.098568500000013, 38.8735401 ], [ 101.8862387, 38.6499005 ], [ 101.6440361, 38.6410002 ], [ 101.340446, 38.7529695 ], [ 101.2544728, 38.9756088 ], [ 100.9795704, 38.9347728 ], [ 100.8757166, 39.1520254 ], [ 100.89533, 39.355714 ], [ 100.5307282, 39.3693309 ], [ 100.3390934, 39.5233689 ], [ 100.2810257, 39.6963503 ], [ 99.7935889, 39.8409987 ], [ 99.489337300000017, 39.8522566 ], [ 99.599857400000019, 40.0084924 ], [ 99.9888417, 40.2007115 ], [ 100.0178469, 40.3477203 ], [ 100.2687504, 40.660046 ], [ 100.0802584, 40.8792748 ], [ 99.6822051, 40.919656 ], [ 99.5987573, 40.8293257 ], [ 99.2055378, 40.8406289 ], [ 98.8804581, 40.7265472 ], [ 98.657790600000013, 40.5153383 ], [ 98.2861425, 40.520904700000017 ], [ 98.4027987, 40.8070947 ], [ 97.9982674, 41.0689701 ], [ 97.6129098, 41.4812255 ], [ 97.856281100000018, 41.6431339 ], [ 97.4189246, 42.3591276 ], [ 97.1714184, 42.7935185 ], [ 96.972878, 42.7524752 ], [ 96.3955537, 42.7184694 ], [ 96.0408391, 42.6025 ], [ 96.0860799, 42.3028791 ], [ 96.0574697, 42.00666480000001 ], [ 95.9203553, 41.832041699999984 ], [ 95.535997100000017, 41.84999040000001 ], [ 95.2030805, 41.7845224 ], [ 94.6212078, 41.5554484 ], [ 93.9541138, 41.0303811 ], [ 93.6552263, 40.6079414 ], [ 93.362275100000019, 40.4701916 ], [ 92.8906437, 40.503077300000015 ], [ 92.9509377, 40.1798884 ], [ 92.7886647, 39.9350316 ], [ 92.8195095, 39.583947 ], [ 92.9714569, 39.3898222 ], [ 92.9242149, 39.1728663 ], [ 93.361084800000015, 39.196398299999984 ], [ 93.4639041, 39.2910852 ], [ 94.1236184, 39.2764837 ], [ 94.2067376, 39.3393982 ], [ 94.897533100000018, 39.2520958 ], [ 95.110834100000019, 39.180623600000011 ], [ 95.2710018, 39.2183639 ], [ 95.7297763, 38.8450084 ], [ 95.9928929, 38.7545295 ], [ 96.162703500000021, 38.6283873 ], [ 96.5288274, 38.5338995 ], [ 96.7616936, 38.3464589 ], [ 96.9911718, 38.363399200000018 ], [ 96.9514864, 38.6732314 ], [ 97.008828, 39.012800800000015 ], [ 96.9873026, 39.1892311 ], [ 97.1461614, 39.2307238 ], [ 97.3451207, 39.1776919 ], [ 97.7079727, 38.9275009 ], [ 98.0935739, 38.7838335 ], [ 98.2938618, 39.015761500000011 ], [ 98.6074892, 38.9354815 ], [ 98.734904, 39.0636477 ], [ 99.048684600000016, 38.9435705 ], [ 99.7613527, 38.3932627 ], [ 100.1818089, 38.2067308 ], [ 100.1177339, 38.363112 ], [ 100.2244048, 38.46605550000001 ], [ 100.3918568, 38.2926429 ], [ 100.603910900000017, 38.2405152 ], [ 100.6301862, 38.0770907 ], [ 101.0110328, 37.9875355 ], [ 101.749478300000021, 37.5800603 ], [ 101.9176681, 37.7140516 ], [ 102.0553419, 37.6597084 ], [ 102.0329065, 37.4557824 ], [ 102.4900738, 37.2408904 ], [ 102.4983924, 36.9623432 ], [ 102.6767272, 36.8463679 ], [ 102.5976506, 36.6786064 ], [ 102.756657100000012, 36.4448322 ], [ 102.9942466, 36.2021087 ], [ 102.935347100000016, 35.857015 ], [ 102.703234200000011, 35.8015796 ], [ 102.7509607, 35.5451802 ], [ 102.51243310000001, 35.5232668 ], [ 102.312137, 35.4339733 ], [ 102.2912099, 35.2826373 ], [ 102.4324049, 35.190879 ], [ 101.9394838, 34.8785861 ], [ 101.822195600000015, 34.6096022 ], [ 102.1846006, 34.4898949 ], [ 102.244503100000017, 34.3443876 ], [ 101.776286, 34.043649 ], [ 101.6326395, 34.1584427 ], [ 101.009976200000011, 34.3713565 ], [ 100.8405092, 34.3402774 ], [ 100.8292326, 34.1606004 ], [ 100.9159916, 34.0219582 ], [ 101.1645282, 33.8335602 ], [ 101.1782882, 33.660123 ], [ 101.5896659, 33.6887681 ], [ 101.602967, 33.531489 ], [ 101.796726, 33.5250158 ], [ 101.949480100000017, 33.3674242 ], [ 101.8259794, 33.2253658 ], [ 101.9028599, 33.1464256 ], [ 102.1992907, 33.2435476 ], [ 102.3920798, 33.3895012 ], [ 102.484837500000012, 33.5445538 ], [ 102.1541533, 33.93760360000001 ], [ 102.45588930000001, 34.0917248 ], [ 102.5134357, 34.0552309 ], [ 102.7822175, 34.2781943 ], [ 102.9822459, 34.2559103 ], [ 103.1833388, 34.0788277 ], [ 103.1928104, 33.7764239 ], [ 103.781847700000014, 33.6645126 ], [ 104.0514468, 33.6831457 ], [ 104.1813741, 33.5721241 ], [ 104.3279744, 33.3293877 ], [ 104.42490890000002, 32.9891305 ], [ 104.3130117, 32.8337807 ], [ 104.7429585, 32.6335553 ], [ 104.9234614, 32.5870049 ], [ 105.2980612, 32.6397116 ], [ 105.4503882, 32.743428 ], [ 105.5041995, 32.903922 ] ] ] } },
{ "type": "Feature", "properties": { "ADM1_EN": "Hong Kong Special Administrative Region", "gdp": 406863, "ADM1_ZH": "香港特别行政区", "ADM1_PCODE": "CN081", "ADM0_EN": "China", "ADM0_ZH": "中国", "ADM0_PCODE": "CN", "join_name": "hongkongspecialadministrativeregion", "pop": 406863 }, "geometry": { "type": "Polygon", "coordinates": [ [ [ 114.2388811, 22.560137 ], [ 114.0425602, 22.5014606 ], [ 114.1713312, 22.3006699 ], [ 114.3646958, 22.3694799 ], [ 114.2388811, 22.560137 ] ] ] } },
{ "type": "Feature", "properties": { "ADM1_EN": "Qinghai Province", "gdp": 55476, "ADM1_ZH": "青海省", "ADM1_PCODE": "CN063", "ADM0_EN": "China", "ADM0_ZH": "中国", "ADM0_PCODE": "CN", "join_name": "qinghaiprovince", "pop": 55476 }, "geometry": { "type": "Polygon", "coordinates": [ [ [ 89.6861902, 36.09778750000001 ], [ 89.419208800000021, 36.035864099999984 ], [ 89.4364472, 35.8732131 ], [ 89.8028533, 35.779340800000014 ], [ 89.7137828, 35.5036669 ], [ 89.5167061, 35.33207190000001 ], [ 89.500461300000012, 35.1394408 ], [ 89.5974161, 35.1003002 ], [ 89.544913, 34.8980526 ], [ 89.7300136, 34.9114275 ], [ 89.8691822, 34.8040298 ], [ 89.8105729, 34.6235353 ], [ 89.831798600000013, 34.1829426 ], [ 89.7096001, 34.1418945 ], [ 89.69641559999998, 33.9885719 ], [ 89.9258341, 33.7497391 ], [ 89.9876701, 33.625132 ], [ 90.1973293, 33.5329082 ], [ 90.415863700000017, 33.2627764 ], [ 90.768391600000015, 33.1051866 ], [ 90.9996545, 33.2412139 ], [ 91.2348515, 33.302336 ], [ 91.420395700000014, 33.2777117 ], [ 91.616044799999983, 33.0215356 ], [ 91.8598196, 32.9700319 ], [ 92.0029827, 32.8246184 ], [ 92.153616199999988, 32.8605758 ], [ 92.5255808, 32.70600610000001 ], [ 92.7201241, 32.7620544 ], [ 92.8232014, 32.6966336 ], [ 92.9968207, 32.7429197 ], [ 93.2632213, 32.6560183 ], [ 93.4009611, 32.5202841 ], [ 93.5860016, 32.4719274 ], [ 93.698876900000016, 32.5898835 ], [ 94.1278632, 32.4413649 ], [ 94.2382589, 32.5305315 ], [ 94.4534376, 32.5657425 ], [ 94.6466368, 32.6651168 ], [ 94.8241774, 32.5537988 ], [ 95.1591392, 32.2597839 ], [ 95.3294598, 32.2627903 ], [ 95.4513945, 32.1232427 ], [ 95.3954168, 31.981723 ], [ 95.49605, 31.794617 ], [ 96.0130877, 31.7181708 ], [ 96.3101926, 31.9356886 ], [ 96.461272, 31.7887744 ], [ 96.7855923, 31.6720641 ], [ 96.733926, 31.9449155 ], [ 97.0063714, 32.0881891 ], [ 97.1677806, 32.0272463 ], [ 97.4369947, 32.391435 ], [ 97.394798, 32.5436441 ], [ 97.673763900000012, 32.484797599999986 ], [ 97.7720343, 32.5443603 ], [ 97.47776, 32.7207337 ], [ 97.3433058, 32.9195531 ], [ 97.5472283, 32.9950649 ], [ 97.5128887, 33.1453278 ], [ 97.6882728, 33.367868 ], [ 97.54047, 33.4824573 ], [ 97.4002569, 33.8049989 ], [ 97.6651408, 33.9006783 ], [ 97.6942646, 33.9911203 ], [ 97.9642752, 33.9276532 ], [ 98.2660046, 33.945201 ], [ 98.302310700000021, 33.8567381 ], [ 98.5251556, 33.8367007 ], [ 98.757387300000019, 33.4450661 ], [ 98.8375523, 33.1784193 ], [ 99.1611659, 33.05325710000001 ], [ 99.5519237, 32.7135961 ], [ 99.889875700000019, 32.8385957 ], [ 100.1090371, 32.8637754 ], [ 100.2811935, 32.7466015 ], [ 100.4193233, 32.7468879 ], [ 100.5729164, 32.5868552 ], [ 100.7337181, 32.6705819 ], [ 100.9691346, 32.6054619 ], [ 101.2663267, 32.7573224 ], [ 101.110630500000013, 32.9170811 ], [ 101.2184017, 33.1769427 ], [ 101.6252326, 33.120944 ], [ 101.6697631, 33.333157 ], [ 101.796726, 33.5250158 ], [ 101.602967, 33.531489 ], [ 101.5896659, 33.6887681 ], [ 101.1782882, 33.660123 ], [ 101.1645282, 33.8335602 ], [ 100.9159916, 34.0219582 ], [ 100.8292326, 34.1606004 ], [ 100.8405092, 34.3402774 ], [ 101.009976200000011, 34.3713565 ], [ 101.6326395, 34.1584427 ], [ 101.776286, 34.043649 ], [ 102.244503100000017, 34.3443876 ], [ 102.1846006, 34.4898949 ], [ 101.822195600000015, 34.6096022 ], [ 101.9394838, 34.8785861 ], [ 102.4324049, 35.190879 ], [ 102.2912099, 35.2826373 ], [ 102.312137, 35.4339733 ], [ 102.51243310000001, 35.5232668 ], [ 102.7509607, 35.5451802 ], [ 102.703234200000011, 35.8015796 ], [ 102.935347100000016, 35.857015 ], [ 102.9942466, 36.2021087 ], [ 102.756657100000012, 36.4448322 ], [ 102.5976506, 36.6786064 ], [ 102.6767272, 36.8463679 ], [ 102.4983924, 36.9623432 ], [ 102.4900738, 37.2408904 ], [ 102.0329065, 37.4557824 ], [ 102.0553419, 37.6597084 ], [ 101.9176681, 37.7140516 ], [ 101.749478300000021, 37.5800603 ], [ 101.0110328, 37.9875355 ], [ 100.6301862, 38.0770907 ], [ 100.603910900000017, 38.2405152 ], [ 100.3918568, 38.2926429 ], [ 100.2244048, 38.46605550000001 ], [ 100.1177339, 38.363112 ], [ 100.1818089, 38.2067308 ], [ 99.7613527, 38.3932627 ], [ 99.048684600000016, 38.9435705 ], [ 98.734904, 39.0636477 ], [ 98.6074892, 38.9354815 ], [ 98.2938618, 39.015761500000011 ], [ 98.0935739, 38.7838335 ], [ 97.7079727, 38.9275009 ], [ 97.3451207, 39.1776919 ], [ 97.1461614, 39.2307238 ], [ 96.9873026, 39.1892311 ], [ 97.008828, 39.012800800000015 ], [ 96.9514864, 38.6732314 ], [ 96.9911718, 38.363399200000018 ], [ 96.7616936, 38.3464589 ], [ 96.5288274, 38.5338995 ], [ 96.162703500000021, 38.6283873 ], [ 95.9928929, 38.7545295 ], [ 95.7297763, 38.8450084 ], [ 95.2710018, 39.2183639 ], [ 95.110834100000019, 39.180623600000011 ], [ 94.897533100000018, 39.2520958 ], [ 94.2067376, 39.3393982 ], [ 94.1236184, 39.2764837 ], [ 93.4639041, 39.2910852 ], [ 93.361084800000015, 39.196398299999984 ], [ 92.9242149, 39.1728663 ], [ 92.5471083, 39.124625 ], [ 92.390238599999989, 38.9768151 ], [ 92.0255128, 38.9423981 ], [ 91.3288992, 38.7165422 ], [ 90.8234828, 38.6410974 ], [ 90.5942153, 38.6394829 ], [ 90.178616300000016, 38.3328422 ], [ 90.4819797, 38.0271766 ], [ 90.4090591, 37.7878184 ], [ 90.7857485, 37.641013 ], [ 90.848253700000015, 37.525071 ], [ 91.120132200000015, 37.4488853 ], [ 91.1702706, 37.2971952 ], [ 91.339169, 37.129278 ], [ 91.3033695, 37.0150473 ], [ 90.8530706, 36.8947925 ], [ 90.723546900000017, 36.77779180000001 ], [ 90.7739407, 36.5699662 ], [ 91.0576655, 36.509184 ], [ 91.143052, 36.1170808 ], [ 90.845771199999987, 36.0642778 ], [ 90.724931200000015, 36.1557938 ], [ 90.2115108, 36.1832332 ], [ 90.0531475, 36.2521986 ], [ 89.996719399999989, 36.1104261 ], [ 89.6861902, 36.09778750000001 ] ] ] } },
{ "type": "Feature", "properties": { "ADM1_EN": "Beijing Municipality", "gdp": 699876, "ADM1_ZH": "北京市", "ADM1_PCODE": "CN011", "ADM0_EN": "China", "ADM0_ZH": "中国", "ADM0_PCODE": "CN", "join_name": "beijingmunicipality", "pop": 699876 }, "geometry": { "type": "Polygon", "coordinates": [ [ [ 117.3147078, 40.1809151 ], [ 117.163534, 40.373584599999987 ], [ 117.166145, 40.5036732 ], [ 117.3792752, 40.6487384 ], [ 116.9333899, 40.6748426 ], [ 116.5364851, 40.9657785 ], [ 116.2995274, 40.878981299999985 ], [ 116.060294700000014, 40.5944084 ], [ 115.7081354, 40.4987175 ], [ 115.9274692, 40.2666896 ], [ 115.8535968, 40.1446953 ], [ 115.4078242, 40.0155254 ], [ 115.54522230000002, 39.7922935 ], [ 115.5079287, 39.5910788 ], [ 115.7281319, 39.47883550000001 ], [ 115.890568, 39.555903 ], [ 116.3914699, 39.4908402 ], [ 116.587139, 39.6055178 ], [ 116.787499199999985, 39.5622661 ], [ 116.9012079, 39.680328 ], [ 116.8253889, 40.0270772 ], [ 117.2141574, 40.0849145 ], [ 117.3147078, 40.1809151 ] ] ] } },
{ "type": "Feature", "properties": { "ADM1_EN": "Inner Mongolia Autonomous Region", "gdp": 369499, "ADM1_ZH": "内蒙古自治区", "ADM1_PCODE": "CN015", "ADM0_EN": "China", "ADM0_ZH": "中国", "ADM0_PCODE": "CN", "join_name": "innermongoliaautonomousregion", "pop": 369499 }, "geometry": { "type": "Polygon", "coordinates": [ [ [ 111.1358229, 39.4016563 ], [ 111.3280884, 39.3998396 ], [ 111.4349233, 39.6441283 ], [ 111.9114266, 39.6564605 ], [ 112.0742533, 40.0560125 ], [ 112.410761900000011, 40.297827 ], [ 112.8134775, 40.1713195 ], [ 112.9823194, 40.3610821 ], [ 113.1841575, 40.4270479 ], [ 113.378319300000015, 40.31477790000001 ], [ 113.5444617, 40.3227439 ], [ 113.7622674, 40.531810299999989 ], [ 113.9786227, 40.5347614 ], [ 114.0797282, 40.7593491 ], [ 113.9188361, 41.0149629 ], [ 113.978919, 41.183528699999989 ], [ 113.8603614, 41.3960192 ], [ 114.02649, 41.5374754 ], [ 114.2267599, 41.5114392 ], [ 114.166970800000016, 41.7174901 ], [ 114.2832837, 41.914873 ], [ 114.4854456, 41.9752419 ], [ 114.5771006, 42.1199431 ], [ 114.8511162, 42.1062617 ], [ 114.9139015, 41.8471056 ], [ 114.8617623, 41.6058414 ], [ 115.35413290000001, 41.5957997 ], [ 115.413456700000012, 41.7090376 ], [ 115.8914769, 41.9245397 ], [ 116.1088056, 41.8507343 ], [ 116.352715100000012, 41.9910503 ], [ 116.643411199999989, 41.900834699999983 ], [ 116.8026526, 41.9700431 ], [ 116.9012342, 42.2119931 ], [ 116.8698486, 42.3829551 ], [ 117.0138908, 42.4405198 ], [ 117.3672736, 42.4357933 ], [ 117.4804508, 42.5547767 ], [ 117.736767200000017, 42.5617605 ], [ 117.9560438, 42.4039839 ], [ 117.936538100000021, 42.2166269 ], [ 118.2871095, 41.9528823 ], [ 118.2653491, 41.5456241 ], [ 118.3065984, 41.316157599999983 ], [ 118.47349370000002, 41.3441558 ], [ 119.0698498, 41.2747081 ], [ 119.1867622, 41.3057449 ], [ 119.3421291, 41.4549906 ], [ 119.26159, 41.7847385 ], [ 119.3500433, 42.0752669 ], [ 119.3050847, 42.2885017 ], [ 119.529836100000011, 42.337397 ], [ 119.5919494, 42.22073 ], [ 119.80787, 42.1947446 ], [ 119.810799, 42.0723896 ], [ 120.1073468, 41.7842274 ], [ 120.4695128, 42.1403752 ], [ 120.8936287, 42.2697053 ], [ 120.9896637, 42.2084251 ], [ 121.3620987, 42.4807426 ], [ 121.624821, 42.4359465 ], [ 121.829094, 42.528846199999983 ], [ 121.95445260000001, 42.7128899 ], [ 122.3125718, 42.653805 ], [ 122.5397515, 42.8037008 ], [ 122.9998383, 42.749894500000011 ], [ 123.20911940000002, 42.99483080000001 ], [ 123.534362, 43.008812799999987 ], [ 123.660521, 43.3809929 ], [ 123.305842, 43.4384193 ], [ 123.4955716, 43.6418112 ], [ 123.39436, 43.7364409 ], [ 123.313800400000019, 44.1504251 ], [ 122.980903500000011, 44.5008614 ], [ 122.395593600000012, 44.2139176 ], [ 122.0335447, 44.5783062 ], [ 122.0093887, 44.923192199999988 ], [ 122.17864440000001, 45.2517392 ], [ 122.100308900000016, 45.437642299999986 ], [ 121.900584400000014, 45.5544826 ], [ 121.9129457, 45.7003136 ], [ 121.7086685, 45.9867686 ], [ 121.916817, 46.0137654 ], [ 122.2225909, 45.7976077 ], [ 122.3549185, 45.9106924 ], [ 122.562044700000015, 45.768099 ], [ 122.757464400000018, 45.734490899999983 ], [ 122.7144414, 46.0560871 ], [ 122.9986754, 46.072978199999987 ], [ 123.0936906, 46.248683 ], [ 122.9443091, 46.5152658 ], [ 123.54585920000001, 46.7294461 ], [ 123.4792469, 46.9497607 ], [ 122.900073, 46.7596 ], [ 122.816923300000013, 47.0457818 ], [ 122.5488839, 47.1417859 ], [ 122.3917404, 47.3256183 ], [ 122.5242132, 47.5245097 ], [ 123.1457455, 47.769080899999985 ], [ 123.2683546, 47.919672599999984 ], [ 123.4927634, 47.9867322 ], [ 124.102091, 48.449072299999983 ], [ 124.4177136, 48.1453982 ], [ 124.5974668, 48.8214768 ], [ 124.8526565, 49.1584361 ], [ 125.1393111, 49.1658875 ], [ 125.2002766, 49.3834534 ], [ 125.1273148, 49.5929885 ], [ 125.1402771, 49.9374486 ], [ 125.3605301, 50.1912049 ], [ 125.4596666, 50.3986854 ], [ 125.6856304, 50.4785047 ], [ 125.762544300000016, 50.7737534 ], [ 125.977844800000014, 50.9176205 ], [ 125.610903800000017, 51.3608021 ], [ 125.290142, 51.6021452 ], [ 125.066125400000018, 51.6739962 ], [ 124.9074525, 51.4637372 ], [ 124.657277500000021, 51.3201767 ], [ 124.400827, 51.2827452 ], [ 124.142389400000013, 51.337826899999989 ], [ 123.8684831, 51.309494 ], [ 123.672923700000013, 51.4089415 ], [ 123.3130469, 51.2039514 ], [ 122.908393, 51.377089 ], [ 122.9305035, 51.5086288 ], [ 122.781355100000013, 51.7151496 ], [ 122.637314500000016, 52.1267674 ], [ 122.267626599999986, 52.4465947 ], [ 121.997603, 52.2567081 ], [ 121.7150749, 52.3810586 ], [ 121.449278300000017, 52.4198536 ], [ 121.2446643, 52.5384252 ], [ 121.56989950000002, 52.7537621 ], [ 121.8018463, 53.032226599999987 ], [ 121.465236399999981, 53.3173995 ], [ 121.1425441, 53.2522504 ], [ 120.868150700000015, 53.2711932 ], [ 120.262748499999987, 52.8453793 ], [ 120.033073, 52.7601975 ], [ 120.05324, 52.59438 ], [ 120.47764, 52.63683 ], [ 120.70942, 52.5542 ], [ 120.627, 52.32179 ], [ 120.76316, 52.12079 ], [ 120.65768, 51.93109 ], [ 120.056, 51.6338 ], [ 119.75893, 51.0886 ], [ 119.48697, 50.87284 ], [ 119.51861, 50.79082 ], [ 119.262255700000011, 50.5651565 ], [ 119.33664, 50.18982 ], [ 119.024480600000018, 49.97478120000001 ], [ 118.5547567, 49.9188996 ], [ 118.0738, 49.61908 ], [ 117.741155400000011, 49.4902667 ], [ 117.4515154, 49.6056443 ], [ 117.2087974, 49.6123064 ], [ 116.7035317, 49.8245415 ], [ 116.039845900000017, 48.8619997 ], [ 115.7836879, 48.5147977 ], [ 115.81275, 48.2573538 ], [ 115.5288159, 48.1380191 ], [ 115.5596783, 47.9260973 ], [ 115.920227700000012, 47.6993001 ], [ 116.2468812, 47.8849474 ], [ 116.4279407, 47.84997 ], [ 116.8435544, 47.9034649 ], [ 117.357033700000017, 47.6600076 ], [ 117.790001499999988, 48.0227995 ], [ 118.561304400000012, 47.9947661 ], [ 118.7680825, 47.7725568 ], [ 119.1214571, 47.6568228 ], [ 119.1446039, 47.5210282 ], [ 119.7093001, 47.184370800000011 ], [ 119.9045048, 46.8806333 ], [ 119.932281, 46.7170626 ], [ 119.654776100000021, 46.581181899999983 ], [ 119.195201199999985, 46.5907306 ], [ 118.9647057, 46.6860811 ], [ 118.4513527, 46.673521899999983 ], [ 118.3482133, 46.7149308 ], [ 117.8598705, 46.5843542 ], [ 117.673023, 46.492616 ], [ 117.42934, 46.5365175 ], [ 117.330381, 46.3596668 ], [ 116.8091408, 46.371112099999984 ], [ 116.5913983, 46.3012491 ], [ 116.2777061, 45.9806567 ], [ 116.2716301, 45.77233540000001 ], [ 115.9454977, 45.6378214 ], [ 115.6781521, 45.4607484 ], [ 115.3390514, 45.3901506 ], [ 114.531228, 45.3774199 ], [ 114.4525288, 45.2177069 ], [ 114.0902814, 44.9515187 ], [ 113.8763621, 44.8998157 ], [ 113.616929200000015, 44.7431974 ], [ 113.107262800000015, 44.7838275 ], [ 112.5817745, 44.8908519 ], [ 112.375191300000012, 45.0563098 ], [ 111.9596181, 45.0834555 ], [ 111.7431955, 44.9468893 ], [ 111.4110388, 44.3473871 ], [ 111.599685300000019, 44.112447 ], [ 111.9052231, 43.8913951 ], [ 111.971191500000018, 43.7386262 ], [ 111.5481732, 43.4651525 ], [ 111.3958926, 43.4581834 ], [ 110.9666202, 43.2907355 ], [ 110.6286769, 42.9377468 ], [ 110.3404991, 42.7340549 ], [ 110.1113458, 42.639153 ], [ 109.8590965, 42.6140902 ], [ 109.530361, 42.4632373 ], [ 108.7370207, 42.3790382 ], [ 108.1656255, 42.4460044 ], [ 107.8609072, 42.3881864 ], [ 107.45135070000002, 42.4386467 ], [ 107.0145616, 42.2905104 ], [ 106.6367937, 42.235553 ], [ 105.2630064, 41.7354097 ], [ 105.0521274, 41.5935358 ], [ 104.5457819, 41.6259107 ], [ 104.5168699, 41.8532466 ], [ 103.86752730000002, 41.7692648 ], [ 103.368504900000019, 41.8690794 ], [ 102.7210527, 42.1288548 ], [ 102.304263, 42.1482306 ], [ 102.102101, 42.1994439 ], [ 101.807089600000012, 42.4978194 ], [ 101.3959333, 42.5496245 ], [ 100.8134244, 42.6715439 ], [ 100.342300400000013, 42.6696306 ], [ 99.4371376, 42.5531797 ], [ 98.238899299999986, 42.6366298 ], [ 97.1714184, 42.7935185 ], [ 97.4189246, 42.3591276 ], [ 97.856281100000018, 41.6431339 ], [ 97.6129098, 41.4812255 ], [ 97.9982674, 41.0689701 ], [ 98.4027987, 40.8070947 ], [ 98.2861425, 40.520904700000017 ], [ 98.657790600000013, 40.5153383 ], [ 98.8804581, 40.7265472 ], [ 99.2055378, 40.8406289 ], [ 99.5987573, 40.8293257 ], [ 99.6822051, 40.919656 ], [ 100.0802584, 40.8792748 ], [ 100.2687504, 40.660046 ], [ 100.0178469, 40.3477203 ], [ 99.9888417, 40.2007115 ], [ 99.599857400000019, 40.0084924 ], [ 99.489337300000017, 39.8522566 ], [ 99.7935889, 39.8409987 ], [ 100.2810257, 39.6963503 ], [ 100.3390934, 39.5233689 ], [ 100.5307282, 39.3693309 ], [ 100.89533, 39.355714 ], [ 100.8757166, 39.1520254 ], [ 100.9795704, 38.9347728 ], [ 101.2544728, 38.9756088 ], [ 101.340446, 38.7529695 ], [ 101.6440361, 38.6410002 ], [ 101.8862387, 38.6499005 ], [ 102.098568500000013, 38.8735401 ], [ 101.8608097, 39.1135826 ], [ 102.0880109, 39.1032599 ], [ 102.5244048, 39.2262869 ], [ 102.6392988, 39.154117 ], [ 103.0300281, 39.0855133 ], [ 103.5137193, 39.3572571 ], [ 103.842052200000012, 39.4393435 ], [ 104.093531, 39.3982847 ], [ 104.0792753, 39.2731591 ], [ 104.2070706, 39.0735076 ], [ 104.1797394, 38.9359988 ], [ 104.022930700000018, 38.8472036 ], [ 103.8963966, 38.6056735 ], [ 103.4243081, 38.3887526 ], [ 103.5331555, 38.1108664 ], [ 103.3681391, 38.0056406 ], [ 103.4202568, 37.8307225 ], [ 103.7125559, 37.7484432 ], [ 103.856352500000014, 37.5911282 ], [ 104.226492, 37.4189322 ], [ 104.621149500000016, 37.556207200000017 ], [ 104.8932433, 37.524595400000017 ], [ 105.2907854, 37.6948621 ], [ 105.6305434, 37.705542 ], [ 105.8691039, 37.9197199 ], [ 105.7540983, 38.1605569 ], [ 105.858831, 38.3296612 ], [ 105.8617848, 38.6034855 ], [ 105.9538896, 38.883585499999988 ], [ 106.2201634, 39.1277886 ], [ 106.28059810000002, 39.2533382 ], [ 106.7342308, 39.3800008 ], [ 106.8450059, 39.0736016 ], [ 106.950716, 38.9261354 ], [ 106.72984670000001, 38.817901 ], [ 106.645055200000016, 38.6981029 ], [ 106.584064600000019, 38.2589763 ], [ 107.0109324, 38.1012203 ], [ 107.3064433, 38.1129784 ], [ 107.458681, 37.9047426 ], [ 107.6337301, 37.876627199999987 ], [ 107.9849591, 37.792918 ], [ 108.0515492, 37.6339387 ], [ 108.3263587, 37.6201356 ], [ 108.7820925, 37.6738946 ], [ 108.7354537, 37.9032577 ], [ 108.9338257, 37.89522310000001 ], [ 109.0103959, 38.0877611 ], [ 108.8638597, 38.204116 ], [ 108.8976714, 38.3493838 ], [ 109.1605071, 38.5705996 ], [ 109.5429926, 38.8165411 ], [ 109.6717596, 39.0689284 ], [ 110.1619356, 39.2961616 ], [ 110.2153621, 39.440229 ], [ 110.6629348, 39.2561417 ], [ 110.7278525, 39.3973103 ], [ 110.976549, 39.5549447 ], [ 111.1358229, 39.4016563 ] ] ] } },
{ "type": "Feature", "properties": { "ADM1_EN": "Hubei Province", "gdp": 842678, "ADM1_ZH": "湖北省", "ADM1_PCODE": "CN042", "ADM0_EN": "China", "ADM0_ZH": "中国", "ADM0_PCODE": "CN", "join_name": "hubeiprovince", "pop": 842678 }, "geometry": { "type": "Polygon", "coordinates": [ [ [ 109.2047015, 29.1393909 ], [ 109.3422884, 29.3991134 ], [ 109.5001158, 29.5591927 ], [ 109.7831211, 29.750847 ], [ 110.0304181, 29.7822349 ], [ 110.392972, 29.633039 ], [ 110.5969944, 29.7688863 ], [ 110.4729775, 29.8904188 ], [ 110.4668885, 30.0353713 ], [ 110.8609694, 30.1258455 ], [ 110.9470474, 30.0164428 ], [ 111.1452031, 30.0428088 ], [ 111.3699847, 29.9104173 ], [ 111.7290275, 29.9091881 ], [ 112.2087786, 29.645698799999987 ], [ 112.613988500000019, 29.605583 ], [ 112.8630051, 29.7201147 ], [ 112.8830931, 29.5121786 ], [ 113.121368300000015, 29.4561325 ], [ 113.4384817, 29.7743379 ], [ 113.6341996, 29.6676203 ], [ 113.7229114, 29.47402 ], [ 113.5741997, 29.2765148 ], [ 113.602303, 29.1463957 ], [ 113.8330301, 29.0328231 ], [ 113.9218453, 29.073615199999988 ], [ 114.223119600000018, 29.2592254 ], [ 114.6006713, 29.4107176 ], [ 114.9077293, 29.4520819 ], [ 114.959076, 29.5687779 ], [ 115.1350576, 29.5615398 ], [ 115.415116, 29.7281819 ], [ 115.435291800000016, 29.8165108 ], [ 115.6940162, 29.8190232 ], [ 115.892531, 29.7091033 ], [ 116.0776015, 29.800094 ], [ 116.033197799999982, 30.1823922 ], [ 115.939615300000014, 30.2888503 ], [ 115.8497227, 30.5711917 ], [ 115.7407541, 30.7162718 ], [ 115.8253724, 30.8790038 ], [ 116.020940899999985, 30.9915265 ], [ 115.6296454, 31.2265139 ], [ 115.5233346, 31.1712165 ], [ 115.3333368, 31.3773528 ], [ 115.0235505, 31.4783819 ], [ 114.7890744, 31.46326 ], [ 114.1745922, 31.8518879 ], [ 113.9167802, 31.747874 ], [ 113.7004743, 32.06798950000001 ], [ 113.7018664, 32.366648 ], [ 113.2952104, 32.2904692 ], [ 113.0523626, 32.4005678 ], [ 112.6766989, 32.3394694 ], [ 112.5578217, 32.3792889 ], [ 112.2420284, 32.3239608 ], [ 111.7694703, 32.4905392 ], [ 111.6658223, 32.6179092 ], [ 111.4744331, 32.6252317 ], [ 111.2502543, 32.8519213 ], [ 111.1607635, 33.0752177 ], [ 110.967193, 33.2648844 ], [ 110.6929526, 33.1073255 ], [ 110.5563109, 33.23447860000001 ], [ 110.0741468, 33.175692799999986 ], [ 109.6029518, 33.2522666 ], [ 109.4371276, 33.1699211 ], [ 109.76117, 33.056456499999989 ], [ 109.7310684, 32.8906578 ], [ 110.1070734, 32.8082394 ], [ 110.146269800000013, 32.612273099999989 ], [ 109.74042590000002, 32.5453701 ], [ 109.5373696, 32.5495851 ], [ 109.4418064, 32.3421128 ], [ 109.5661226, 32.1955536 ], [ 109.5974985, 31.7979282 ], [ 109.546003400000018, 31.7216067 ], [ 110.0493848, 31.4125335 ], [ 110.1154575, 31.310054199999986 ], [ 110.1445276, 30.9525711 ], [ 109.7462016, 30.8651367 ], [ 109.5652672, 30.6679049 ], [ 109.259714, 30.6277295 ], [ 109.1211323, 30.5431356 ], [ 108.946969, 30.6355016 ], [ 108.7805674, 30.4958399 ], [ 108.3894233, 30.4944896 ], [ 108.3880015, 30.36913 ], [ 108.536144, 30.2343562 ], [ 108.4477352, 29.7103436 ], [ 108.66239680000001, 29.6914564 ], [ 108.8835444, 29.5743643 ], [ 108.8883893, 29.3331207 ], [ 109.0898106, 29.3479578 ], [ 109.2047015, 29.1393909 ] ] ] } },
{ "type": "Feature", "properties": { "ADM1_EN": "Anhui Province", "gdp": 710858, "ADM1_ZH": "安徽省", "ADM1_PCODE": "CN034", "ADM0_EN": "China", "ADM0_ZH": "中国", "ADM0_PCODE": "CN", "join_name": "anhuiprovince", "pop": 710858 }, "geometry": { "type": "Polygon", "coordinates": [ [ [ 118.1886115, 29.4163509 ], [ 118.6912761, 29.6980865 ], [ 118.7163859, 29.8347374 ], [ 118.8624325, 29.9827386 ], [ 118.84202310000002, 30.2811661 ], [ 119.2307205, 30.2861219 ], [ 119.299693300000015, 30.4916538 ], [ 119.5306971, 30.8047239 ], [ 119.6082472, 31.1229675 ], [ 119.3522176, 31.1830003 ], [ 119.299354900000012, 31.2829568 ], [ 118.78088080000002, 31.2421365 ], [ 118.6830976, 31.3260546 ], [ 118.848209, 31.4762919 ], [ 118.82932409999998, 31.639342 ], [ 118.6498297, 31.6342965 ], [ 118.330949700000019, 31.9151854 ], [ 118.45815260000002, 32.1773769 ], [ 118.6543739, 32.2332373 ], [ 118.656638099999981, 32.4863224 ], [ 118.7756438, 32.5976227 ], [ 119.0593378, 32.4400741 ], [ 119.1761987, 32.578712299999985 ], [ 119.1822615, 32.8208513 ], [ 118.9834174, 32.9551253 ], [ 118.8086104, 32.9613664 ], [ 118.7079228, 32.7405914 ], [ 118.3635821, 32.7171324 ], [ 118.1995845, 33.066202 ], [ 117.9116157, 33.245609299999984 ], [ 118.0825471, 33.4857449 ], [ 118.1234236, 33.7351746 ], [ 117.7238343, 33.845910600000011 ], [ 117.5061368, 34.0368585 ], [ 117.1333716, 34.0661262 ], [ 116.9246339, 34.343107500000016 ], [ 116.333318, 34.6267685 ], [ 116.161018900000016, 34.5443918 ], [ 116.2013583, 34.3684381 ], [ 116.363523499999985, 34.246267 ], [ 116.4900074, 34.2848416 ], [ 116.519935599999982, 33.9062803 ], [ 116.161731, 33.712359599999985 ], [ 116.002377199999984, 33.90153 ], [ 115.702403100000012, 34.0747825 ], [ 115.5608283, 34.0289235 ], [ 115.5171168, 33.8615265 ], [ 115.578226200000017, 33.6821439 ], [ 115.2761702, 33.3896963 ], [ 115.2666837, 33.1305427 ], [ 115.01957920000001, 33.0692565 ], [ 114.857344800000021, 32.9551087 ], [ 115.115437300000011, 32.8799077 ], [ 115.1627147, 32.5733451 ], [ 115.3614179, 32.560113 ], [ 115.517762200000021, 32.4119913 ], [ 115.8080792, 32.4483834 ], [ 115.8655527, 32.322692 ], [ 115.8599485, 31.8557938 ], [ 115.4832813, 31.6851625 ], [ 115.3333368, 31.3773528 ], [ 115.5233346, 31.1712165 ], [ 115.6296454, 31.2265139 ], [ 116.020940899999985, 30.9915265 ], [ 115.8253724, 30.8790038 ], [ 115.7407541, 30.7162718 ], [ 115.8497227, 30.5711917 ], [ 115.939615300000014, 30.2888503 ], [ 116.033197799999982, 30.1823922 ], [ 116.0776015, 29.800094 ], [ 116.2941787, 29.7931573 ], [ 116.535731200000015, 29.9108552 ], [ 116.696883, 30.059429 ], [ 116.8650244, 29.9404257 ], [ 116.652041399999987, 29.722175099999987 ], [ 116.7891976, 29.57172 ], [ 117.0659157, 29.6865524 ], [ 117.1056672, 29.9028324 ], [ 117.396482, 29.8102122 ], [ 117.3870964, 29.686791400000011 ], [ 117.55878, 29.5806781 ], [ 117.9847566, 29.562435 ], [ 118.1886115, 29.4163509 ] ] ] } },
{ "type": "Feature", "properties": { "ADM1_EN": "Guizhou Province", "gdp": 318282, "ADM1_ZH": "贵州省", "ADM1_PCODE": "CN052", "ADM0_EN": "China", "ADM0_ZH": "中国", "ADM0_PCODE": "CN", "join_name": "guizhouprovince", "pop": 318282 }, "geometry": { "type": "Polygon", "coordinates": [ [ [ 104.56288880000001, 24.7423769 ], [ 104.6905898, 24.6426328 ], [ 104.8956829, 24.6795924 ], [ 105.0865263, 24.9239506 ], [ 105.4544552, 24.9295046 ], [ 105.5081106, 24.8205478 ], [ 105.9390186, 24.7219408 ], [ 106.0304395, 24.6169983 ], [ 106.2331243, 24.855194 ], [ 106.6479737, 25.1643667 ], [ 106.9171107, 25.1722479 ], [ 107.0485821, 25.5072025 ], [ 107.2295172, 25.5632478 ], [ 107.4871005, 25.2158956 ], [ 107.6419228, 25.2971118 ], [ 107.763195, 25.1268018 ], [ 108.060836, 25.1825835 ], [ 108.129333300000013, 25.3706844 ], [ 108.311579400000014, 25.5280447 ], [ 108.5962242, 25.4200285 ], [ 108.768080800000021, 25.5502923 ], [ 109.0196186, 25.5233235 ], [ 109.1030219, 25.8231723 ], [ 109.3024373, 25.7345049 ], [ 109.482047900000012, 26.0425728 ], [ 109.4231292, 26.2014276 ], [ 109.2541986, 26.3274472 ], [ 109.3696726, 26.6098069 ], [ 109.502851, 26.7836155 ], [ 109.509922, 27.0282738 ], [ 109.3674421, 27.1804773 ], [ 108.7927146, 27.0415143 ], [ 109.1124562, 27.3916029 ], [ 109.4285123, 27.5740753 ], [ 109.3133686, 27.790715 ], [ 109.2845435, 28.06732 ], [ 109.3521815, 28.231664099999989 ], [ 109.2489328, 28.4873946 ], [ 109.1459915, 28.4197876 ], [ 109.0921544, 28.1984557 ], [ 108.8116336, 28.2535871 ], [ 108.7391576, 28.4361646 ], [ 108.5608767, 28.5183964 ], [ 108.2875018, 28.7293917 ], [ 108.3335883, 28.9105688 ], [ 108.1634736, 29.0805583 ], [ 107.786565200000013, 29.0087164 ], [ 107.7544315, 29.1745546 ], [ 107.4271425, 29.2045038 ], [ 107.3574913, 29.0829559 ], [ 107.4419815, 28.920521 ], [ 107.2452352, 28.7780191 ], [ 107.0919956, 28.897993 ], [ 106.7240127, 28.5559485 ], [ 106.5658181, 28.7222242 ], [ 106.377603500000021, 28.5217492 ], [ 106.3392933, 28.4692117 ], [ 105.961472900000018, 28.7509956 ], [ 105.9001042, 28.6101496 ], [ 105.7225863, 28.612648899999989 ], [ 105.6270373, 28.50523 ], [ 105.6452476, 28.2901234 ], [ 105.7795351, 28.3175278 ], [ 105.8795304, 28.1411218 ], [ 106.1623272, 28.147357299999989 ], [ 106.3379666, 27.8305192 ], [ 106.2536381, 27.7444623 ], [ 105.5783139, 27.7058854 ], [ 105.3321702, 27.7119222 ], [ 105.1422743, 27.428689 ], [ 104.940018, 27.3542812 ], [ 104.5526994, 27.303052 ], [ 104.381215, 27.4392761 ], [ 104.1972796, 27.2664811 ], [ 103.9545788, 27.4675913 ], [ 103.7201689, 27.1591275 ], [ 103.7677188, 26.9774048 ], [ 103.7321042, 26.655042 ], [ 103.8943314, 26.5145421 ], [ 104.1075329, 26.6115294 ], [ 104.4669379, 26.6388792 ], [ 104.682567300000017, 26.4107851 ], [ 104.4710973, 26.0292747 ], [ 104.368287400000014, 25.5982876 ], [ 104.5291474, 25.5287492 ], [ 104.5459198, 25.4013544 ], [ 104.709901200000019, 25.095149 ], [ 104.56288880000001, 24.7423769 ] ] ] } },
{ "type": "Feature", "properties": { "ADM1_EN": "Ningxia Hui Autonomous Region", "gdp": 77268, "ADM1_ZH": "宁夏回族自治区", "ADM1_PCODE": "CN064", "ADM0_EN": "China", "ADM0_ZH": "中国", "ADM0_PCODE": "CN", "join_name": "ningxiahuiautonomousregion", "pop": 77268 }, "geometry": { "type": "Polygon", "coordinates": [ [ [ 104.226492, 37.4189322 ], [ 104.522916800000019, 37.4230347 ], [ 104.6176774, 37.2699981 ], [ 104.8560035, 37.2104517 ], [ 104.959153500000014, 37.0568228 ], [ 105.2597119, 36.9007891 ], [ 105.323181100000014, 36.7419005 ], [ 105.2589838, 36.5278385 ], [ 105.3973858, 36.4761849 ], [ 105.5069106, 36.1105587 ], [ 105.3574759, 35.9917884 ], [ 105.3773003, 35.7784695 ], [ 105.6990216, 35.727589 ], [ 105.8649145, 35.4971399 ], [ 106.1109054, 35.3549442 ], [ 106.4638852, 35.3843838 ], [ 106.385398, 35.68863180000001 ], [ 106.6809697, 35.6796448 ], [ 106.89517, 35.7514639 ], [ 106.8352165, 35.8950382 ], [ 106.9164617, 36.0907585 ], [ 106.8278116, 36.2106121 ], [ 106.5759155, 36.2712666 ], [ 106.4260557, 36.5669708 ], [ 106.6170224, 36.776486 ], [ 106.5467585, 36.9417535 ], [ 106.6048845, 37.0989535 ], [ 107.283619, 37.0957905 ], [ 107.1888627, 37.3654318 ], [ 107.3611564, 37.683515 ], [ 107.5836007, 37.7656817 ], [ 107.6337301, 37.876627199999987 ], [ 107.458681, 37.9047426 ], [ 107.3064433, 38.1129784 ], [ 107.0109324, 38.1012203 ], [ 106.584064600000019, 38.2589763 ], [ 106.645055200000016, 38.6981029 ], [ 106.72984670000001, 38.817901 ], [ 106.950716, 38.9261354 ], [ 106.8450059, 39.0736016 ], [ 106.7342308, 39.3800008 ], [ 106.28059810000002, 39.2533382 ], [ 106.2201634, 39.1277886 ], [ 105.9538896, 38.883585499999988 ], [ 105.8617848, 38.6034855 ], [ 105.858831, 38.3296612 ], [ 105.7540983, 38.1605569 ], [ 105.8691039, 37.9197199 ], [ 105.6305434, 37.705542 ], [ 105.2907854, 37.6948621 ], [ 104.8932433, 37.524595400000017 ], [ 104.621149500000016, 37.556207200000017 ], [ 104.226492, 37.4189322 ] ] ] } },
{ "type": "Feature", "properties": { "ADM1_EN": "Jiangsu Province", "gdp": 1923810, "ADM1_ZH": "江苏省", "ADM1_PCODE": "CN032", "ADM0_EN": "China", "ADM0_ZH": "中国", "ADM0_PCODE": "CN", "join_name": "jiangsuprovince", "pop": 1923810 }, "geometry": { "type": "Polygon", "coordinates": [ [ [ 120.9009278, 31.0242589 ], [ 121.117587400000019, 31.4283479 ], [ 121.2886069, 31.488503 ], [ 120.972367500000018, 31.816871400000011 ], [ 121.287528899999984, 31.8859546 ], [ 121.6588832, 31.727454800000011 ], [ 121.883712800000012, 31.7077196 ], [ 121.8121761, 31.921264 ], [ 121.4340357, 32.1109213 ], [ 121.2863595, 32.4318023 ], [ 120.9132998, 32.5897071 ], [ 120.8623437, 32.8487505 ], [ 120.5882031, 33.4082818 ], [ 120.468158700000018, 33.8356618 ], [ 120.224180600000011, 34.3228273 ], [ 119.7837204, 34.4709762 ], [ 119.14674909999998, 34.8312722 ], [ 119.1903571, 35.1041401 ], [ 118.8374052, 35.0438644 ], [ 118.7155867, 34.8406837 ], [ 118.723147, 34.7134745 ], [ 118.4547363, 34.703662199999989 ], [ 118.394325, 34.4608445 ], [ 118.1655423, 34.385969 ], [ 117.9076317, 34.6684461 ], [ 117.7671784, 34.5098078 ], [ 117.4586522, 34.455747 ], [ 117.370953700000015, 34.5724943 ], [ 117.124232799999987, 34.4356125 ], [ 117.086912700000013, 34.628257600000012 ], [ 116.9243418, 34.8475115 ], [ 116.591222200000018, 34.9174534 ], [ 116.3819403, 34.856988799999989 ], [ 116.333318, 34.6267685 ], [ 116.9246339, 34.343107500000016 ], [ 117.1333716, 34.0661262 ], [ 117.5061368, 34.0368585 ], [ 117.7238343, 33.845910600000011 ], [ 118.1234236, 33.7351746 ], [ 118.0825471, 33.4857449 ], [ 117.9116157, 33.245609299999984 ], [ 118.1995845, 33.066202 ], [ 118.3635821, 32.7171324 ], [ 118.7079228, 32.7405914 ], [ 118.8086104, 32.9613664 ], [ 118.9834174, 32.9551253 ], [ 119.1822615, 32.8208513 ], [ 119.1761987, 32.578712299999985 ], [ 119.0593378, 32.4400741 ], [ 118.7756438, 32.5976227 ], [ 118.656638099999981, 32.4863224 ], [ 118.6543739, 32.2332373 ], [ 118.45815260000002, 32.1773769 ], [ 118.330949700000019, 31.9151854 ], [ 118.6498297, 31.6342965 ], [ 118.82932409999998, 31.639342 ], [ 118.848209, 31.4762919 ], [ 118.6830976, 31.3260546 ], [ 118.78088080000002, 31.2421365 ], [ 119.299354900000012, 31.2829568 ], [ 119.3522176, 31.1830003 ], [ 119.6082472, 31.1229675 ], [ 119.8803062, 31.1673888 ], [ 119.9863907, 31.0095809 ], [ 120.1506764, 30.9252816 ], [ 120.416470800000013, 30.914598399999988 ], [ 120.9009278, 31.0242589 ] ] ] } },
{ "type": "Feature", "properties": { "ADM1_EN": "Xinjiang Uygur Autonomous Region", "gdp": 288331, "ADM1_ZH": "新疆维吾尔自治区", "ADM1_PCODE": "CN065", "ADM0_EN": "China", "ADM0_ZH": "中国", "ADM0_PCODE": "CN", "join_name": "xinjianguygurautonomousregion", "pop": 288331 }, "geometry": { "type": "Polygon", "coordinates": [ [ [ 92.9242149, 39.1728663 ], [ 92.9714569, 39.3898222 ], [ 92.8195095, 39.583947 ], [ 92.7886647, 39.9350316 ], [ 92.9509377, 40.1798884 ], [ 92.8906437, 40.503077300000015 ], [ 93.362275100000019, 40.4701916 ], [ 93.6552263, 40.6079414 ], [ 93.9541138, 41.0303811 ], [ 94.6212078, 41.5554484 ], [ 95.2030805, 41.7845224 ], [ 95.535997100000017, 41.84999040000001 ], [ 95.9203553, 41.832041699999984 ], [ 96.0574697, 42.00666480000001 ], [ 96.0860799, 42.3028791 ], [ 96.0408391, 42.6025 ], [ 96.3955537, 42.7184694 ], [ 96.3680527, 42.9154006 ], [ 95.8773801, 43.2796618 ], [ 95.848143, 43.4276592 ], [ 95.531768600000021, 44.0027089 ], [ 95.3384784, 44.0295185 ], [ 95.4082875, 44.2925391 ], [ 95.0107297, 44.2584345 ], [ 94.7260916, 44.3395187 ], [ 94.6428656, 44.4337719 ], [ 94.344123300000021, 44.5273795 ], [ 94.2310785, 44.6585443 ], [ 93.542687200000017, 44.9581606 ], [ 92.8579203, 45.0225667 ], [ 92.4247497, 44.9908105 ], [ 92.059086400000012, 45.0662195 ], [ 91.5677065, 45.0519156 ], [ 91.4556365, 45.1366374 ], [ 90.8963788, 45.2219292 ], [ 90.6710269, 45.5058538 ], [ 90.7307473, 45.732987499999986 ], [ 91.029463, 46.0897994 ], [ 90.898160500000017, 46.2900522 ], [ 91.0590142, 46.533144 ], [ 90.9175341, 46.9173875 ], [ 90.7787539, 46.9724146 ], [ 90.531907500000017, 47.2051462 ], [ 90.464268800000013, 47.4810726 ], [ 90.079206700000015, 47.8372042 ], [ 89.7471217, 47.8231063 ], [ 89.555211500000013, 48.0028517 ], [ 89.085371400000014, 47.9642922 ], [ 88.939192500000019, 48.0825609 ], [ 88.6253864, 48.1714456 ], [ 88.328998100000021, 48.4666744 ], [ 87.9823802, 48.573877899999985 ], [ 88.0547522, 48.6817786 ], [ 87.7398243, 48.8627703 ], [ 87.8783664, 48.9958037 ], [ 87.772303300000019, 49.173207199999986 ], [ 87.433121400000019, 49.0530272 ], [ 87.136079, 49.1280568 ], [ 86.855004, 49.0942554 ], [ 86.7286119, 48.9976894 ], [ 86.819447699999984, 48.8336112 ], [ 86.562749, 48.509524599999985 ], [ 86.1872747, 48.4262753 ], [ 85.7537025, 48.3794019 ], [ 85.5423158, 47.9525295 ], [ 85.69684, 47.23086 ], [ 85.5030912, 47.03553 ], [ 85.2243665, 47.0213039 ], [ 84.82668, 46.83235 ], [ 84.7103081, 46.9892659 ], [ 83.902447, 46.9543146 ], [ 83.0444874, 47.1970449 ], [ 82.80731, 46.74963 ], [ 82.73903, 46.51768 ], [ 82.52903, 46.18402 ], [ 82.50444, 45.98338 ], [ 82.296374900000018, 45.6444957 ], [ 82.3096648, 45.5246898 ], [ 82.59014, 45.44562 ], [ 82.63086, 45.35966 ], [ 82.4862, 45.12067 ], [ 82.24082, 45.23536 ], [ 82.00824, 45.15847 ], [ 81.82784, 45.19999 ], [ 81.73164, 45.35026 ], [ 81.50572480000001, 45.2570954 ], [ 81.227610500000011, 45.2309032 ], [ 80.918959, 45.122605 ], [ 80.75143, 45.15773 ], [ 80.4412137, 45.035659500000015 ], [ 80.1341657, 45.0461776 ], [ 79.965506, 44.9273296 ], [ 80.04018, 44.80042 ], [ 80.24667, 44.83958 ], [ 80.48974, 44.71143 ], [ 80.386985300000021, 44.4407194 ], [ 80.41739, 44.12973 ], [ 80.571437, 43.7949529 ], [ 80.74151, 43.5455355 ], [ 80.8170504, 43.1811075 ], [ 80.3935987, 43.0183108 ], [ 80.5009204, 42.859767900000016 ], [ 80.271723100000017, 42.8084412 ], [ 80.1813352, 42.609295699999983 ], [ 80.2958471, 42.2476242 ], [ 80.24926, 42.09856 ], [ 79.87809510000001, 42.0085891 ], [ 79.67049, 41.7901 ], [ 79.335265800000016, 41.8024988 ], [ 78.6556638, 41.4643588 ], [ 78.383911800000021, 41.3940211 ], [ 78.38551, 41.27107 ], [ 78.19003, 41.07903 ], [ 77.87752, 41.07321 ], [ 77.66383, 40.99857 ], [ 77.111885, 41.0165726 ], [ 77.0181953, 41.0538472 ], [ 76.788773700000021, 40.9563354 ], [ 76.78882, 40.86001 ], [ 76.634148200000027, 40.7520238 ], [ 76.6784556, 40.6519184 ], [ 76.426669, 40.380685 ], [ 75.973862, 40.3665078 ], [ 75.69992, 40.27729 ], [ 75.572574900000021, 40.6386776 ], [ 75.2187099, 40.4351356 ], [ 74.809665100000018, 40.432879 ], [ 74.511522300000024, 40.1854112 ], [ 74.02849, 40.08364 ], [ 73.8430364, 39.8041881 ], [ 73.94137, 39.60291 ], [ 73.82143, 39.45894 ], [ 73.65153, 39.45395 ], [ 73.59107, 39.27732 ], [ 73.8267904, 38.9178275 ], [ 73.705309500000027, 38.8800474 ], [ 73.811931900000033, 38.611089 ], [ 74.068381800000012, 38.5311443 ], [ 74.13407, 38.66843 ], [ 74.6250908, 38.6007558 ], [ 74.861104800000021, 38.461476 ], [ 74.786976, 38.338852 ], [ 74.843973700000021, 38.0683515 ], [ 74.99508, 37.7628 ], [ 74.903898100000021, 37.6491329 ], [ 75.152245500000021, 37.43641430000001 ], [ 75.164421, 37.36229920000001 ], [ 74.809106, 37.214743 ], [ 74.517825, 37.244106 ], [ 74.568842700000033, 37.0338017 ], [ 74.69955, 37.08942 ], [ 74.881198200000028, 36.960169800000017 ], [ 75.124862100000016, 37.0348797 ], [ 75.4068143, 36.9583882 ], [ 75.448939700000011, 36.753158700000014 ], [ 75.6011832, 36.7964185 ], [ 75.857860400000021, 36.680618200000012 ], [ 76.030170500000011, 36.4721326 ], [ 76.05222, 36.25329 ], [ 75.9551, 36.05926 ], [ 76.10107, 36.01938 ], [ 76.1524114, 35.828630600000025 ], [ 76.6078592, 35.8865377 ], [ 76.59112, 35.77302 ], [ 76.769745200000017, 35.6552621 ], [ 77.00621, 35.61155 ], [ 77.19292, 35.52008 ], [ 77.45781980000001, 35.4672353 ], [ 77.81405, 35.51947 ], [ 78.00028, 35.58621 ], [ 78.14702, 35.56082 ], [ 78.2148, 35.66725 ], [ 78.55808, 35.80955 ], [ 78.70402, 35.91927 ], [ 79.23926, 35.93094 ], [ 79.43023, 35.97579 ], [ 79.63646, 35.78648 ], [ 79.70882, 35.65879 ], [ 79.92731, 35.59455 ], [ 80.04847, 35.41048 ], [ 80.1986, 35.55622 ], [ 80.34318, 35.44027 ], [ 80.282219600000033, 35.3413471 ], [ 80.5124669, 35.4564542 ], [ 80.9134935, 35.2990964 ], [ 81.0507966, 35.3862528 ], [ 81.3677723, 35.3509577 ], [ 81.575241800000015, 35.2452319 ], [ 81.7371269, 35.2514137 ], [ 81.992165300000011, 35.3460305 ], [ 82.058397400000018, 35.4385603 ], [ 82.303393400000019, 35.5788246 ], [ 82.4163096, 35.7082189 ], [ 82.726364700000033, 35.6302451 ], [ 82.9362778, 35.6451803 ], [ 82.939741500000011, 35.4814325 ], [ 83.056825100000012, 35.3904705 ], [ 83.4704682, 35.3997076 ], [ 83.740178499999985, 35.3576436 ], [ 83.989210400000019, 35.4124225 ], [ 84.1019574, 35.3601613 ], [ 84.5086534, 35.4908304 ], [ 84.56739, 35.578905900000017 ], [ 84.7466032, 35.5909964 ], [ 85.221206600000016, 35.7851083 ], [ 85.6102482, 35.6405587 ], [ 85.7238217, 35.726221099999989 ], [ 86.0907331, 35.8397059 ], [ 86.2076532, 36.1316659 ], [ 86.6419405, 36.2127937 ], [ 86.7606795, 36.29224450000001 ], [ 86.951977, 36.2639869 ], [ 87.412921900000015, 36.4229429 ], [ 87.465682700000016, 36.35888640000001 ], [ 87.8092166, 36.3643252 ], [ 87.9638127, 36.4242323 ], [ 88.3797027, 36.4901505 ], [ 88.6147073, 36.4234468 ], [ 88.762242300000011, 36.3026849 ], [ 89.2437665, 36.2655942 ], [ 89.4579461, 36.1534412 ], [ 89.6861902, 36.09778750000001 ], [ 89.996719399999989, 36.1104261 ], [ 90.0531475, 36.2521986 ], [ 90.2115108, 36.1832332 ], [ 90.724931200000015, 36.1557938 ], [ 90.845771199999987, 36.0642778 ], [ 91.143052, 36.1170808 ], [ 91.0576655, 36.509184 ], [ 90.7739407, 36.5699662 ], [ 90.723546900000017, 36.77779180000001 ], [ 90.8530706, 36.8947925 ], [ 91.3033695, 37.0150473 ], [ 91.339169, 37.129278 ], [ 91.1702706, 37.2971952 ], [ 91.120132200000015, 37.4488853 ], [ 90.848253700000015, 37.525071 ], [ 90.7857485, 37.641013 ], [ 90.4090591, 37.7878184 ], [ 90.4819797, 38.0271766 ], [ 90.178616300000016, 38.3328422 ], [ 90.5942153, 38.6394829 ], [ 90.8234828, 38.6410974 ], [ 91.3288992, 38.7165422 ], [ 92.0255128, 38.9423981 ], [ 92.390238599999989, 38.9768151 ], [ 92.5471083, 39.124625 ], [ 92.9242149, 39.1728663 ] ] ] } },
{ "type": "Feature", "properties": { "ADM1_EN": "Shanxi Province", "gdp": 357986, "ADM1_ZH": "山西省", "ADM1_PCODE": "CN014", "ADM0_EN": "China", "ADM0_ZH": "中国", "ADM0_PCODE": "CN", "join_name": "shanxiprovince", "pop": 357986 }, "geometry": { "type": "Polygon", "coordinates": [ [ [ 110.340184600000015, 34.5945839 ], [ 110.5978571, 34.5734844 ], [ 111.1096469, 34.7657135 ], [ 111.5522564, 34.8412506 ], [ 111.8224781, 35.0760301 ], [ 112.0371522, 35.0962785 ], [ 112.0192357, 35.2572072 ], [ 112.7144923, 35.2011594 ], [ 113.080376700000016, 35.3038804 ], [ 113.1534913, 35.4377253 ], [ 113.3322156, 35.4555418 ], [ 113.5693155, 35.6741531 ], [ 113.63085390000002, 35.8300439 ], [ 113.6508255, 36.2455914 ], [ 113.7067659, 36.3320769 ], [ 113.5536804, 36.4560904 ], [ 113.4416487, 36.7162407 ], [ 113.752535600000016, 36.8685367 ], [ 113.7474998, 37.1388529 ], [ 114.073567, 37.5497048 ], [ 114.1191418, 37.6766103 ], [ 113.8290188, 37.9696894 ], [ 113.7801574, 38.1509444 ], [ 113.5708896, 38.21021 ], [ 113.5033585, 38.3440543 ], [ 113.531016600000015, 38.574865699999989 ], [ 113.8031148, 38.7615902 ], [ 113.7206246, 38.9374236 ], [ 114.0033894, 39.1103164 ], [ 114.1579227, 39.038516700000017 ], [ 114.3634416, 39.1648746 ], [ 114.5019036, 39.5526438 ], [ 114.3619913, 39.7013734 ], [ 114.3692641, 39.859419499999987 ], [ 114.1299747, 39.876111 ], [ 113.9044187, 39.993269099999985 ], [ 114.0626633, 40.1694998 ], [ 114.3223313, 40.212551 ], [ 114.2201823, 40.6016657 ], [ 114.0797282, 40.7593491 ], [ 113.9786227, 40.5347614 ], [ 113.7622674, 40.531810299999989 ], [ 113.5444617, 40.3227439 ], [ 113.378319300000015, 40.31477790000001 ], [ 113.1841575, 40.4270479 ], [ 112.9823194, 40.3610821 ], [ 112.8134775, 40.1713195 ], [ 112.410761900000011, 40.297827 ], [ 112.0742533, 40.0560125 ], [ 111.9114266, 39.6564605 ], [ 111.4349233, 39.6441283 ], [ 111.3280884, 39.3998396 ], [ 111.1358229, 39.4016563 ], [ 111.2045144, 39.3458337 ], [ 111.1104356, 39.0553138 ], [ 110.857253, 38.612638799999985 ], [ 110.8190684, 38.4412026 ], [ 110.5392176, 38.2618294 ], [ 110.470675, 37.942379 ], [ 110.725555, 37.725092 ], [ 110.7608852, 37.5343968 ], [ 110.6078362, 37.3589675 ], [ 110.6477712, 37.2706357 ], [ 110.3440908, 36.964809099999989 ], [ 110.42003720000001, 36.708693 ], [ 110.4507202, 36.2678825 ], [ 110.4175498, 36.1826947 ], [ 110.533091, 35.8160135 ], [ 110.5601901, 35.5625015 ], [ 110.31694610000001, 35.1694413 ], [ 110.2467311, 34.951266 ], [ 110.239676, 34.6375105 ], [ 110.340184600000015, 34.5945839 ] ] ] } },
{ "type": "Feature", "properties": { "ADM1_EN": "Hunan Province", "gdp": 747448, "ADM1_ZH": "湖南省", "ADM1_PCODE": "CN043", "ADM0_EN": "China", "ADM0_ZH": "中国", "ADM0_PCODE": "CN", "join_name": "hunanprovince", "pop": 747448 }, "geometry": { "type": "Polygon", "coordinates": [ [ [ 113.9727071, 25.439366 ], [ 113.8758003, 25.6826747 ], [ 114.0162168, 25.9682038 ], [ 113.9608395, 26.1665021 ], [ 114.099557200000021, 26.4874997 ], [ 113.9735351, 26.630142 ], [ 113.8256263, 26.6395548 ], [ 113.8898267, 26.9336712 ], [ 113.7474597, 27.1022783 ], [ 113.8338515, 27.3883372 ], [ 113.5865432, 27.3820623 ], [ 113.5873268, 27.6110985 ], [ 113.7212808, 27.817048 ], [ 113.7288122, 27.9572009 ], [ 113.9822582, 28.0336336 ], [ 114.0514829, 28.1934345 ], [ 114.2467645, 28.3619694 ], [ 114.08089, 28.5533582 ], [ 114.1405738, 28.8015173 ], [ 113.9223666, 28.9787709 ], [ 113.9218453, 29.073615199999988 ], [ 113.8330301, 29.0328231 ], [ 113.602303, 29.1463957 ], [ 113.5741997, 29.2765148 ], [ 113.7229114, 29.47402 ], [ 113.6341996, 29.6676203 ], [ 113.4384817, 29.7743379 ], [ 113.121368300000015, 29.4561325 ], [ 112.8830931, 29.5121786 ], [ 112.8630051, 29.7201147 ], [ 112.613988500000019, 29.605583 ], [ 112.2087786, 29.645698799999987 ], [ 111.7290275, 29.9091881 ], [ 111.3699847, 29.9104173 ], [ 111.1452031, 30.0428088 ], [ 110.9470474, 30.0164428 ], [ 110.8609694, 30.1258455 ], [ 110.4668885, 30.0353713 ], [ 110.4729775, 29.8904188 ], [ 110.5969944, 29.7688863 ], [ 110.392972, 29.633039 ], [ 110.0304181, 29.7822349 ], [ 109.7831211, 29.750847 ], [ 109.5001158, 29.5591927 ], [ 109.3422884, 29.3991134 ], [ 109.2047015, 29.1393909 ], [ 109.2924502, 29.0381664 ], [ 109.2037174, 28.868445 ], [ 109.2793641, 28.7553751 ], [ 109.2489328, 28.4873946 ], [ 109.3521815, 28.231664099999989 ], [ 109.2845435, 28.06732 ], [ 109.3133686, 27.790715 ], [ 109.4285123, 27.5740753 ], [ 109.1124562, 27.3916029 ], [ 108.7927146, 27.0415143 ], [ 109.3674421, 27.1804773 ], [ 109.509922, 27.0282738 ], [ 109.502851, 26.7836155 ], [ 109.3696726, 26.6098069 ], [ 109.2541986, 26.3274472 ], [ 109.4231292, 26.2014276 ], [ 109.482047900000012, 26.0425728 ], [ 109.7779759, 25.9926765 ], [ 109.8910728, 26.1580393 ], [ 110.3083372, 25.9903184 ], [ 110.5210056, 26.2856219 ], [ 110.7136351, 26.3300125 ], [ 110.8814264, 26.2672999 ], [ 111.252794, 26.2675072 ], [ 111.1598813, 26.0110529 ], [ 111.443336300000013, 25.8662116 ], [ 111.2789222, 25.7114979 ], [ 111.283959800000019, 25.4498223 ], [ 111.1037251, 25.308218 ], [ 110.9330105, 25.0572951 ], [ 110.989405600000012, 24.9140225 ], [ 111.2699911, 25.1457025 ], [ 111.3869264, 25.1388963 ], [ 111.4404674, 24.7692652 ], [ 111.5405471, 24.6740249 ], [ 111.734831, 24.7925354 ], [ 111.9789213, 24.7467843 ], [ 112.1364158, 24.8471508 ], [ 112.0902678, 24.9495033 ], [ 112.2141189, 25.1795005 ], [ 112.6355337, 25.1230421 ], [ 112.805294, 24.8940269 ], [ 112.991297, 24.9437122 ], [ 112.8534719, 25.2597408 ], [ 113.0674837, 25.3699464 ], [ 113.1438358, 25.4853546 ], [ 113.5888895, 25.3212915 ], [ 113.816648, 25.3288783 ], [ 113.9727071, 25.439366 ] ] ] } },
{ "type": "Feature", "properties": { "ADM1_EN": "Sichuan Province", "gdp": 908449, "ADM1_ZH": "四川省", "ADM1_PCODE": "CN051", "ADM0_EN": "China", "ADM0_ZH": "中国", "ADM0_PCODE": "CN", "join_name": "sichuanprovince", "pop": 908449 }, "geometry": { "type": "Polygon", "coordinates": [ [ [ 106.377603500000021, 28.5217492 ], [ 106.2531238, 28.8410304 ], [ 105.7968817, 28.9219702 ], [ 105.7107596, 29.2607619 ], [ 105.4127942, 29.3225968 ], [ 105.3095376, 29.5385804 ], [ 105.4214682, 29.6898324 ], [ 105.7215639, 29.8305606 ], [ 105.7505179, 30.0189686 ], [ 105.657648, 30.20367220000001 ], [ 105.7997633, 30.431109499999987 ], [ 106.1759837, 30.3178308 ], [ 106.2907028, 30.1858605 ], [ 106.5973171, 30.2969417 ], [ 106.7092068, 30.073237899999988 ], [ 107.01742, 30.0338056 ], [ 107.2365635, 30.2346575 ], [ 107.4926572, 30.6471022 ], [ 107.5270884, 30.8681997 ], [ 107.7663065, 30.8142613 ], [ 107.9192217, 30.8485899 ], [ 107.938357, 30.9920681 ], [ 108.2912253, 31.4902618 ], [ 108.5216238, 31.7476442 ], [ 108.2699261, 31.9312313 ], [ 108.5020663, 32.2028341 ], [ 108.454489, 32.2635378 ], [ 108.01300190000002, 32.2282082 ], [ 107.9051906, 32.1449469 ], [ 107.6454825, 32.3944452 ], [ 107.2236963, 32.4134923 ], [ 107.0383593, 32.4955112 ], [ 107.057151, 32.7123223 ], [ 106.727103, 32.7287121 ], [ 106.4036482, 32.623706400000017 ], [ 105.8229943, 32.8254937 ], [ 105.5745251, 32.7083681 ], [ 105.5041995, 32.903922 ], [ 105.4503882, 32.743428 ], [ 105.2980612, 32.6397116 ], [ 104.9234614, 32.5870049 ], [ 104.7429585, 32.6335553 ], [ 104.3130117, 32.8337807 ], [ 104.42490890000002, 32.9891305 ], [ 104.3279744, 33.3293877 ], [ 104.1813741, 33.5721241 ], [ 104.0514468, 33.6831457 ], [ 103.781847700000014, 33.6645126 ], [ 103.1928104, 33.7764239 ], [ 103.1833388, 34.0788277 ], [ 102.9822459, 34.2559103 ], [ 102.7822175, 34.2781943 ], [ 102.5134357, 34.0552309 ], [ 102.45588930000001, 34.0917248 ], [ 102.1541533, 33.93760360000001 ], [ 102.484837500000012, 33.5445538 ], [ 102.3920798, 33.3895012 ], [ 102.1992907, 33.2435476 ], [ 101.9028599, 33.1464256 ], [ 101.8259794, 33.2253658 ], [ 101.949480100000017, 33.3674242 ], [ 101.796726, 33.5250158 ], [ 101.6697631, 33.333157 ], [ 101.6252326, 33.120944 ], [ 101.2184017, 33.1769427 ], [ 101.110630500000013, 32.9170811 ], [ 101.2663267, 32.7573224 ], [ 100.9691346, 32.6054619 ], [ 100.7337181, 32.6705819 ], [ 100.5729164, 32.5868552 ], [ 100.4193233, 32.7468879 ], [ 100.2811935, 32.7466015 ], [ 100.1090371, 32.8637754 ], [ 99.889875700000019, 32.8385957 ], [ 99.5519237, 32.7135961 ], [ 99.1611659, 33.05325710000001 ], [ 98.8375523, 33.1784193 ], [ 98.757387300000019, 33.4450661 ], [ 98.5251556, 33.8367007 ], [ 98.302310700000021, 33.8567381 ], [ 98.2660046, 33.945201 ], [ 97.9642752, 33.9276532 ], [ 97.6942646, 33.9911203 ], [ 97.6651408, 33.9006783 ], [ 97.4002569, 33.8049989 ], [ 97.54047, 33.4824573 ], [ 97.6882728, 33.367868 ], [ 97.5128887, 33.1453278 ], [ 97.5472283, 32.9950649 ], [ 97.3433058, 32.9195531 ], [ 97.47776, 32.7207337 ], [ 97.7720343, 32.5443603 ], [ 98.2269452, 32.351895399999989 ], [ 98.2285584, 32.2362963 ], [ 98.4337929, 32.0125737 ], [ 98.3989383, 31.900612 ], [ 98.6204339, 31.6171073 ], [ 98.8793884, 31.4173293 ], [ 98.650835, 31.1853754 ], [ 98.8104926, 31.0287593 ], [ 98.8227913, 30.9071803 ], [ 98.996685500000012, 30.7621932 ], [ 98.97491890000002, 30.5812373 ], [ 99.03403, 30.1339755 ], [ 99.1007311, 29.908421 ], [ 99.014326800000021, 29.7175782 ], [ 99.1526172, 29.2207896 ], [ 99.1607301, 28.7451831 ], [ 99.2448063, 28.3672135 ], [ 99.417891400000016, 28.2880213 ], [ 99.4013855, 28.5132032 ], [ 99.5231077, 28.5756809 ], [ 99.741661, 28.859684 ], [ 99.8704322, 28.6159263 ], [ 99.9466759, 28.6370232 ], [ 100.1897841, 28.2617139 ], [ 100.0671345, 28.0828756 ], [ 100.2911448, 27.8673815 ], [ 100.7176934, 27.8617035 ], [ 100.9785323, 27.4571108 ], [ 101.0796616, 27.228313 ], [ 101.1891855, 27.1522735 ], [ 101.1881327, 26.9917975 ], [ 101.541951400000016, 26.766693 ], [ 101.4004935, 26.5367269 ], [ 101.557101800000012, 26.5044974 ], [ 101.7714831, 26.241719 ], [ 101.8215117, 26.0820028 ], [ 102.1167934, 26.0709046 ], [ 102.2981119, 26.2253559 ], [ 102.5685744, 26.3691548 ], [ 102.8016334, 26.302413 ], [ 103.0150927, 26.3764313 ], [ 103.0412319, 26.504249 ], [ 102.907245, 26.9020406 ], [ 102.9164965, 27.2499587 ], [ 103.1618982, 27.4363635 ], [ 103.5711901, 27.9376606 ], [ 103.481749, 28.1174188 ], [ 103.59606, 28.2503497 ], [ 103.7439186, 28.2110075 ], [ 103.8921509, 28.3517024 ], [ 103.8107221, 28.5382278 ], [ 103.8907057, 28.6311973 ], [ 104.364716, 28.6607614 ], [ 104.2683791, 28.3890573 ], [ 104.4710988, 28.1516483 ], [ 104.3282146, 28.0612582 ], [ 104.394973100000016, 27.9497602 ], [ 104.6126695, 27.842749 ], [ 104.8951131, 27.891637 ], [ 105.0609699, 28.121277 ], [ 105.3382604, 27.8137674 ], [ 105.3321702, 27.7119222 ], [ 105.5783139, 27.7058854 ], [ 106.2536381, 27.7444623 ], [ 106.3379666, 27.8305192 ], [ 106.1623272, 28.147357299999989 ], [ 105.8795304, 28.1411218 ], [ 105.7795351, 28.3175278 ], [ 105.6452476, 28.2901234 ], [ 105.6270373, 28.50523 ], [ 105.7225863, 28.612648899999989 ], [ 105.9001042, 28.6101496 ], [ 105.961472900000018, 28.7509956 ], [ 106.3392933, 28.4692117 ], [ 106.377603500000021, 28.5217492 ] ] ] } },
{ "type": "Feature", "properties": { "ADM1_EN": "Guangxi Zhuang Autonomous Region", "gdp": 402283, "ADM1_ZH": "广西壮族自治区", "ADM1_PCODE": "CN045", "ADM0_EN": "China", "ADM0_ZH": "中国", "ADM0_PCODE": "CN", "join_name": "guangxizhuangautonomousregion", "pop": 402283 }, "geometry": { "type": "Polygon", "coordinates": [ [ [ 104.56288880000001, 24.7423769 ], [ 104.5404921, 24.4455298 ], [ 104.6728894, 24.324782 ], [ 104.7780146, 24.4621578 ], [ 105.0767188, 24.4371632 ], [ 105.1922545, 24.3744133 ], [ 105.2600575, 24.0756473 ], [ 105.4715028, 24.0221568 ], [ 105.6062397, 24.1120202 ], [ 105.8651899, 24.0451875 ], [ 105.9616229, 24.1231455 ], [ 106.1918999, 23.8695169 ], [ 106.0960921, 23.5285381 ], [ 105.841561499999983, 23.5135344 ], [ 105.5120458, 23.2086373 ], [ 105.8684019, 22.9484773 ], [ 106.22065, 22.9703555 ], [ 106.3093122, 22.865112 ], [ 106.58422, 22.9309867 ], [ 106.8337276, 22.7951329 ], [ 106.583856, 22.4082497 ], [ 106.7060378, 22.2414052 ], [ 106.7340468, 22.0107642 ], [ 106.8861698, 22.0003375 ], [ 107.0237674, 21.8343547 ], [ 107.2203366, 21.7104546 ], [ 107.5209522, 21.6016879 ], [ 107.8014186, 21.6591606 ], [ 108.0761037, 21.5597738 ], [ 108.545671, 21.6863568 ], [ 108.7434798, 21.6136773 ], [ 108.8592652, 21.6801669 ], [ 109.1397083, 21.579396 ], [ 109.1465088, 21.4042666 ], [ 109.5362313, 21.5023643 ], [ 109.6821703, 21.6212574 ], [ 109.886593, 21.6838747 ], [ 109.9740722, 21.9023168 ], [ 110.3251584, 21.9238309 ], [ 110.3174787, 22.2085496 ], [ 110.6209299, 22.1942215 ], [ 110.7698646, 22.6006261 ], [ 111.0775148, 22.6757977 ], [ 111.2516123, 22.808708 ], [ 111.4122202, 23.0510473 ], [ 111.3446087, 23.3358935 ], [ 111.3762413, 23.4561784 ], [ 111.9403685, 23.9829151 ], [ 111.8428082, 24.2187264 ], [ 112.0265531, 24.3243379 ], [ 111.9789213, 24.7467843 ], [ 111.734831, 24.7925354 ], [ 111.5405471, 24.6740249 ], [ 111.4404674, 24.7692652 ], [ 111.3869264, 25.1388963 ], [ 111.2699911, 25.1457025 ], [ 110.989405600000012, 24.9140225 ], [ 110.9330105, 25.0572951 ], [ 111.1037251, 25.308218 ], [ 111.283959800000019, 25.4498223 ], [ 111.2789222, 25.7114979 ], [ 111.443336300000013, 25.8662116 ], [ 111.1598813, 26.0110529 ], [ 111.252794, 26.2675072 ], [ 110.8814264, 26.2672999 ], [ 110.7136351, 26.3300125 ], [ 110.5210056, 26.2856219 ], [ 110.3083372, 25.9903184 ], [ 109.8910728, 26.1580393 ], [ 109.7779759, 25.9926765 ], [ 109.482047900000012, 26.0425728 ], [ 109.3024373, 25.7345049 ], [ 109.1030219, 25.8231723 ], [ 109.0196186, 25.5233235 ], [ 108.768080800000021, 25.5502923 ], [ 108.5962242, 25.4200285 ], [ 108.311579400000014, 25.5280447 ], [ 108.129333300000013, 25.3706844 ], [ 108.060836, 25.1825835 ], [ 107.763195, 25.1268018 ], [ 107.6419228, 25.2971118 ], [ 107.4871005, 25.2158956 ], [ 107.2295172, 25.5632478 ], [ 107.0485821, 25.5072025 ], [ 106.9171107, 25.1722479 ], [ 106.6479737, 25.1643667 ], [ 106.2331243, 24.855194 ], [ 106.0304395, 24.6169983 ], [ 105.9390186, 24.7219408 ], [ 105.5081106, 24.8205478 ], [ 105.4544552, 24.9295046 ], [ 105.0865263, 24.9239506 ], [ 104.8956829, 24.6795924 ], [ 104.6905898, 24.6426328 ], [ 104.56288880000001, 24.7423769 ] ] ] } },
{ "type": "Feature", "properties": { "ADM1_EN": "Jilin Province", "gdp": 201654, "ADM1_ZH": "吉林省", "ADM1_PCODE": "CN022", "ADM0_EN": "China", "ADM0_ZH": "中国", "ADM0_PCODE": "CN", "join_name": "jilinprovince", "pop": 201654 }, "geometry": { "type": "Polygon", "coordinates": [ [ [ 123.660521, 43.3809929 ], [ 123.8511711, 43.3585388 ], [ 124.2635412, 43.1872749 ], [ 124.2971179, 42.9565985 ], [ 124.487758900000017, 42.8414789 ], [ 124.670810700000018, 43.0421325 ], [ 124.791417600000017, 42.8154105 ], [ 125.058400400000011, 42.594139 ], [ 125.0486569, 42.4425349 ], [ 125.2416852, 42.2684689 ], [ 125.2620812, 41.692424 ], [ 125.4193221, 41.6745677 ], [ 125.5566638, 41.3165691 ], [ 125.7312267, 41.1219962 ], [ 125.663038400000019, 40.8470361 ], [ 125.969602800000018, 40.9021491 ], [ 126.381661500000021, 41.3303358 ], [ 126.4834123, 41.3698854 ], [ 126.5369469, 41.5965476 ], [ 126.72332, 41.74366 ], [ 126.93249, 41.80865 ], [ 127.0309, 41.67271 ], [ 127.34524, 41.46045 ], [ 128.12863870000001, 41.3791721 ], [ 128.2427246, 41.5544388 ], [ 128.054162, 41.8090293 ], [ 128.025405, 42.0053061 ], [ 128.81383, 42.04036 ], [ 129.062369600000011, 42.1394174 ], [ 129.2432982, 42.4219889 ], [ 129.646615, 42.4684272 ], [ 129.7566359, 42.9430894 ], [ 129.829462299999989, 43.007321 ], [ 130.2681, 42.87933 ], [ 130.25438, 42.70605 ], [ 130.747203500000012, 42.8820755 ], [ 131.0426424, 42.9345632 ], [ 131.0480344, 43.0804824 ], [ 131.2281566, 43.4281532 ], [ 131.18825, 43.4969874 ], [ 130.7922049, 43.4572451 ], [ 130.4013699, 43.6647461 ], [ 130.243185, 44.0472806 ], [ 130.0486335, 43.890701 ], [ 129.8125664, 44.0347934 ], [ 129.713973, 43.8955641 ], [ 129.3303276, 43.8539728 ], [ 129.1470612, 43.7766579 ], [ 129.1546007, 43.58233 ], [ 128.753445, 43.5836092 ], [ 128.6991949, 43.7516939 ], [ 128.4594285, 44.037863 ], [ 128.400488, 44.3898552 ], [ 128.2269398, 44.4904814 ], [ 128.009506499999986, 44.1567057 ], [ 127.7133516, 44.067081 ], [ 127.5858408, 44.1728512 ], [ 127.407492600000012, 44.4641604 ], [ 127.410346700000019, 44.6123796 ], [ 127.1252238, 44.6509104 ], [ 126.9705811, 44.840804 ], [ 127.059562, 44.9353004 ], [ 126.93611940000001, 45.1214127 ], [ 126.530427500000016, 45.23551 ], [ 126.061133400000017, 45.1221094 ], [ 125.6536244, 45.3356322 ], [ 125.5754167, 45.5316932 ], [ 125.3494442, 45.4084829 ], [ 125.0572226, 45.3873703 ], [ 124.8338046, 45.4438516 ], [ 124.3531783, 45.444214 ], [ 123.962072, 45.768863599999989 ], [ 124.0128849, 45.8787967 ], [ 123.944884, 46.2436845 ], [ 123.81724, 46.2955488 ], [ 123.3579983, 46.2179564 ], [ 123.0936906, 46.248683 ], [ 122.9986754, 46.072978199999987 ], [ 122.7144414, 46.0560871 ], [ 122.757464400000018, 45.734490899999983 ], [ 122.562044700000015, 45.768099 ], [ 122.3549185, 45.9106924 ], [ 122.2225909, 45.7976077 ], [ 121.916817, 46.0137654 ], [ 121.7086685, 45.9867686 ], [ 121.9129457, 45.7003136 ], [ 121.900584400000014, 45.5544826 ], [ 122.100308900000016, 45.437642299999986 ], [ 122.17864440000001, 45.2517392 ], [ 122.0093887, 44.923192199999988 ], [ 122.0335447, 44.5783062 ], [ 122.395593600000012, 44.2139176 ], [ 122.980903500000011, 44.5008614 ], [ 123.313800400000019, 44.1504251 ], [ 123.39436, 43.7364409 ], [ 123.4955716, 43.6418112 ], [ 123.305842, 43.4384193 ], [ 123.660521, 43.3809929 ] ] ] } },
{ "type": "Feature", "properties": { "ADM1_EN": "Taiwan Province", "gdp": 801495, "ADM1_ZH": "台湾省", "ADM1_PCODE": "CN071", "ADM0_EN": "China", "ADM0_ZH": "中国", "ADM0_PCODE": "CN", "join_name": "taiwanprovince", "pop": 801495 }, "geometry": { "type": "Polygon", "coordinates": [ [ [ 121.6104781, 25.263995 ], [ 121.083565600000014, 25.0535198 ], [ 120.89576719999998, 24.74893 ], [ 120.7050432, 24.5918841 ], [ 120.4292297, 24.0876064 ], [ 120.128273600000014, 23.6221334 ], [ 120.154098500000018, 23.3915024 ], [ 120.059770500000013, 23.0437846 ], [ 120.1757722, 22.9767968 ], [ 120.2780976, 22.5866921 ], [ 120.6355896, 22.3009357 ], [ 120.7574081, 21.9615898 ], [ 120.879158, 22.0181122 ], [ 120.8822937, 22.3190522 ], [ 121.0252075, 22.6617737 ], [ 121.1592489, 22.7516903 ], [ 121.307373, 22.9746075 ], [ 121.4548263, 23.3244409 ], [ 121.6075668, 24.0741558 ], [ 121.8374535, 24.4783051 ], [ 121.822623300000018, 24.8536273 ], [ 121.991726400000019, 25.0072859 ], [ 121.9131346, 25.114828 ], [ 121.6104781, 25.263995 ] ] ] } },
{ "type": "Feature", "properties": { "ADM1_EN": "Hebei Province", "gdp": 667353, "ADM1_ZH": "河北省", "ADM1_PCODE": "CN013", "ADM0_EN": "China", "ADM0_ZH": "中国", "ADM0_PCODE": "CN", "join_name": "hebeiprovince", "pop": 667353 }, "geometry": { "type": "MultiPolygon", "coordinates": [ [ [ [ 113.7067659, 36.3320769 ], [ 113.954478, 36.332109 ], [ 114.3682144, 36.216776499999987 ], [ 114.54709, 36.10526320000001 ], [ 115.1905109, 36.1865589 ], [ 115.4423339, 36.1161353 ], [ 115.3890242, 36.3316287 ], [ 115.2760673, 36.3643158 ], [ 115.3079509, 36.5965659 ], [ 115.4908498, 36.762112 ], [ 115.6316215, 36.7835998 ], [ 115.8296599, 37.0485238 ], [ 115.9786339, 37.3355888 ], [ 116.194260700000015, 37.3592588 ], [ 116.6084124, 37.6389954 ], [ 116.7353927, 37.815917 ], [ 117.407112900000016, 37.8646574 ], [ 117.5328203, 38.0384866 ], [ 117.7838956, 38.2047793 ], [ 117.520177700000019, 38.5895609 ], [ 117.2280743, 38.5489758 ], [ 116.829439599999986, 38.683619899999989 ], [ 116.679016300000015, 38.7991624 ], [ 116.6794645, 38.9921093 ], [ 116.887659899999989, 39.0420189 ], [ 116.8192076, 39.1971348 ], [ 116.787499199999985, 39.5622661 ], [ 116.587139, 39.6055178 ], [ 116.3914699, 39.4908402 ], [ 115.890568, 39.555903 ], [ 115.7281319, 39.47883550000001 ], [ 115.5079287, 39.5910788 ], [ 115.54522230000002, 39.7922935 ], [ 115.4078242, 40.0155254 ], [ 115.8535968, 40.1446953 ], [ 115.9274692, 40.2666896 ], [ 115.7081354, 40.4987175 ], [ 116.060294700000014, 40.5944084 ], [ 116.2995274, 40.878981299999985 ], [ 116.5364851, 40.9657785 ], [ 116.9333899, 40.6748426 ], [ 117.3792752, 40.6487384 ], [ 117.166145, 40.5036732 ], [ 117.163534, 40.373584599999987 ], [ 117.3147078, 40.1809151 ], [ 117.564238800000012, 40.1836328 ], [ 117.736987499999984, 40.0396803 ], [ 117.5023859, 39.9674906 ], [ 117.607115599999986, 39.5701834 ], [ 117.8809601, 39.5630703 ], [ 118.0172474, 39.2246712 ], [ 118.316178099999988, 39.0385479 ], [ 118.6037907, 39.1852108 ], [ 118.9522229, 39.18392 ], [ 119.1962773, 39.4622895 ], [ 119.2685159, 39.6659221 ], [ 119.490931, 39.8756733 ], [ 119.8040306, 39.9762572 ], [ 119.6021803, 40.2169418 ], [ 119.4988691, 40.4925031 ], [ 119.274999599999987, 40.5005355 ], [ 118.969887, 40.6559529 ], [ 118.7695779, 40.8550706 ], [ 118.877321, 41.0243988 ], [ 119.1246922, 41.1577197 ], [ 119.1867622, 41.3057449 ], [ 119.0698498, 41.2747081 ], [ 118.47349370000002, 41.3441558 ], [ 118.3065984, 41.316157599999983 ], [ 118.2653491, 41.5456241 ], [ 118.2871095, 41.9528823 ], [ 117.936538100000021, 42.2166269 ], [ 117.9560438, 42.4039839 ], [ 117.736767200000017, 42.5617605 ], [ 117.4804508, 42.5547767 ], [ 117.3672736, 42.4357933 ], [ 117.0138908, 42.4405198 ], [ 116.8698486, 42.3829551 ], [ 116.9012342, 42.2119931 ], [ 116.8026526, 41.9700431 ], [ 116.643411199999989, 41.900834699999983 ], [ 116.352715100000012, 41.9910503 ], [ 116.1088056, 41.8507343 ], [ 115.8914769, 41.9245397 ], [ 115.413456700000012, 41.7090376 ], [ 115.35413290000001, 41.5957997 ], [ 114.8617623, 41.6058414 ], [ 114.9139015, 41.8471056 ], [ 114.8511162, 42.1062617 ], [ 114.5771006, 42.1199431 ], [ 114.4854456, 41.9752419 ], [ 114.2832837, 41.914873 ], [ 114.166970800000016, 41.7174901 ], [ 114.2267599, 41.5114392 ], [ 114.02649, 41.5374754 ], [ 113.8603614, 41.3960192 ], [ 113.978919, 41.183528699999989 ], [ 113.9188361, 41.0149629 ], [ 114.0797282, 40.7593491 ], [ 114.2201823, 40.6016657 ], [ 114.3223313, 40.212551 ], [ 114.0626633, 40.1694998 ], [ 113.9044187, 39.993269099999985 ], [ 114.1299747, 39.876111 ], [ 114.3692641, 39.859419499999987 ], [ 114.3619913, 39.7013734 ], [ 114.5019036, 39.5526438 ], [ 114.3634416, 39.1648746 ], [ 114.1579227, 39.038516700000017 ], [ 114.0033894, 39.1103164 ], [ 113.7206246, 38.9374236 ], [ 113.8031148, 38.7615902 ], [ 113.531016600000015, 38.574865699999989 ], [ 113.5033585, 38.3440543 ], [ 113.5708896, 38.21021 ], [ 113.7801574, 38.1509444 ], [ 113.8290188, 37.9696894 ], [ 114.1191418, 37.6766103 ], [ 114.073567, 37.5497048 ], [ 113.7474998, 37.1388529 ], [ 113.752535600000016, 36.8685367 ], [ 113.4416487, 36.7162407 ], [ 113.5536804, 36.4560904 ], [ 113.7067659, 36.3320769 ] ] ], [ [ [ 117.2141574, 40.0849145 ], [ 116.8253889, 40.0270772 ], [ 116.9012079, 39.680328 ], [ 117.1260991, 39.582705 ], [ 117.113142700000012, 39.9226919 ], [ 117.2141574, 40.0849145 ] ] ] ] } },
{ "type": "Feature", "properties": { "ADM1_EN": "Tianjin Municipality", "gdp": 253090, "ADM1_ZH": "天津市", "ADM1_PCODE": "CN012", "ADM0_EN": "China", "ADM0_ZH": "中国", "ADM0_PCODE": "CN", "join_name": "tianjinmunicipality", "pop": 253090 }, "geometry": { "type": "Polygon", "coordinates": [ [ [ 118.0172474, 39.2246712 ], [ 117.8809601, 39.5630703 ], [ 117.607115599999986, 39.5701834 ], [ 117.5023859, 39.9674906 ], [ 117.736987499999984, 40.0396803 ], [ 117.564238800000012, 40.1836328 ], [ 117.3147078, 40.1809151 ], [ 117.2141574, 40.0849145 ], [ 117.113142700000012, 39.9226919 ], [ 117.1260991, 39.582705 ], [ 116.9012079, 39.680328 ], [ 116.787499199999985, 39.5622661 ], [ 116.8192076, 39.1971348 ], [ 116.887659899999989, 39.0420189 ], [ 116.6794645, 38.9921093 ], [ 116.679016300000015, 38.7991624 ], [ 116.829439599999986, 38.683619899999989 ], [ 117.2280743, 38.5489758 ], [ 117.520177700000019, 38.5895609 ], [ 117.540899899999985, 38.762479 ], [ 117.809058100000016, 39.1656997 ], [ 118.0172474, 39.2246712 ] ] ] } },
{ "type": "Feature", "properties": { "ADM1_EN": "Guangdong Province", "gdp": 1988764, "ADM1_ZH": "广东省", "ADM1_PCODE": "CN044", "ADM0_EN": "China", "ADM0_ZH": "中国", "ADM0_PCODE": "CN", "join_name": "guangdongprovince", "pop": 1988764 }, "geometry": { "type": "Polygon", "coordinates": [ [ [ 111.9789213, 24.7467843 ], [ 112.0265531, 24.3243379 ], [ 111.8428082, 24.2187264 ], [ 111.9403685, 23.9829151 ], [ 111.3762413, 23.4561784 ], [ 111.3446087, 23.3358935 ], [ 111.4122202, 23.0510473 ], [ 111.2516123, 22.808708 ], [ 111.0775148, 22.6757977 ], [ 110.7698646, 22.6006261 ], [ 110.6209299, 22.1942215 ], [ 110.3174787, 22.2085496 ], [ 110.3251584, 21.9238309 ], [ 109.9740722, 21.9023168 ], [ 109.886593, 21.6838747 ], [ 109.6821703, 21.6212574 ], [ 109.655585, 21.516512 ], [ 109.9404846, 21.4382034 ], [ 109.7741693, 21.2378596 ], [ 109.6642949, 20.9253751 ], [ 109.9481953, 20.2555431 ], [ 110.14275360000002, 20.2446826 ], [ 110.412309, 20.3122783 ], [ 110.4954978, 20.421274 ], [ 110.3828622, 20.6405526 ], [ 110.361819, 20.8196589 ], [ 110.180942, 20.8630883 ], [ 110.1635508, 20.9893308 ], [ 110.4442992, 21.2344413 ], [ 110.7460018, 21.4181982 ], [ 110.8591772, 21.382025 ], [ 111.01548320000002, 21.5396902 ], [ 111.1398388, 21.464478 ], [ 111.4325353, 21.5958587 ], [ 111.6699201, 21.5895853 ], [ 111.9574525, 21.8230742 ], [ 112.189281, 21.8008803 ], [ 112.273893, 21.7005302 ], [ 112.5669998, 21.7618039 ], [ 112.7618099, 21.9378914 ], [ 112.9028686, 21.8552457 ], [ 113.2198322, 22.0383576 ], [ 113.3009263, 22.1707928 ], [ 113.5430855, 22.1867469 ], [ 113.5519262, 22.198341 ], [ 113.5398224, 22.802947 ], [ 113.7661817, 22.7453318 ], [ 113.834265, 22.5804572 ], [ 114.0425602, 22.5014606 ], [ 114.2388811, 22.560137 ], [ 114.7361153, 22.7740447 ], [ 114.752875799999984, 22.5813936 ], [ 114.897476499999982, 22.6155241 ], [ 115.047491400000013, 22.7967282 ], [ 115.2928701, 22.8359906 ], [ 115.465042900000014, 22.7017754 ], [ 115.6333285, 22.8877834 ], [ 115.8772305, 22.8006023 ], [ 116.2818191, 22.9832588 ], [ 116.4757654, 22.9501624 ], [ 116.555548700000017, 23.0249766 ], [ 116.5114992, 23.2594879 ], [ 116.7611407, 23.2532055 ], [ 116.9095985, 23.6375756 ], [ 117.172007, 23.6251161 ], [ 117.055245199999987, 23.7124273 ], [ 116.912048, 24.082867 ], [ 116.9506649, 24.2381298 ], [ 116.8230395, 24.4857848 ], [ 116.798583800000017, 24.6579035 ], [ 116.576721100000015, 24.6472553 ], [ 116.1766777, 24.8499777 ], [ 115.8697052, 24.8854581 ], [ 115.7233689, 24.7511992 ], [ 115.7401088, 24.5436994 ], [ 115.3399718, 24.7496563 ], [ 114.8980668, 24.6496976 ], [ 114.392321900000013, 24.5013007 ], [ 114.1592142, 24.6494379 ], [ 114.323137300000013, 24.7616011 ], [ 114.3766943, 24.9248991 ], [ 114.5621695, 25.0854991 ], [ 114.6973984, 25.1195725 ], [ 114.7116633, 25.2722194 ], [ 114.5508502, 25.3993189 ], [ 114.2647583, 25.3005518 ], [ 114.0473726, 25.2764867 ], [ 113.9727071, 25.439366 ], [ 113.816648, 25.3288783 ], [ 113.5888895, 25.3212915 ], [ 113.1438358, 25.4853546 ], [ 113.0674837, 25.3699464 ], [ 112.8534719, 25.2597408 ], [ 112.991297, 24.9437122 ], [ 112.805294, 24.8940269 ], [ 112.6355337, 25.1230421 ], [ 112.2141189, 25.1795005 ], [ 112.0902678, 24.9495033 ], [ 112.1364158, 24.8471508 ], [ 111.9789213, 24.7467843 ] ] ] } },
{ "type": "Feature", "properties": { "ADM1_EN": "Fujian Province", "gdp": 811056, "ADM1_ZH": "福建省", "ADM1_PCODE": "CN035", "ADM0_EN": "China", "ADM0_ZH": "中国", "ADM0_PCODE": "CN", "join_name": "fujianprovince", "pop": 811056 }, "geometry": { "type": "Polygon", "coordinates": [ [ [ 115.8697052, 24.8854581 ], [ 116.1766777, 24.8499777 ], [ 116.576721100000015, 24.6472553 ], [ 116.798583800000017, 24.6579035 ], [ 116.8230395, 24.4857848 ], [ 116.9506649, 24.2381298 ], [ 116.912048, 24.082867 ], [ 117.055245199999987, 23.7124273 ], [ 117.172007, 23.6251161 ], [ 117.23506279999998, 23.7076577 ], [ 117.8070057, 24.0000013 ], [ 117.9194574, 24.179871699999989 ], [ 118.14109, 24.2646075 ], [ 118.023461800000021, 24.4482334 ], [ 118.0514069, 24.5556691 ], [ 118.4660708, 24.6315995 ], [ 118.6676176, 24.5785556 ], [ 118.903449899999984, 24.9159138 ], [ 118.9847875, 25.2947892 ], [ 119.2865066, 25.568036 ], [ 119.597717500000016, 25.6918688 ], [ 119.5896743, 25.8127228 ], [ 119.7147173, 25.9883645 ], [ 119.5464548, 26.1099884 ], [ 119.8254986, 26.4416359 ], [ 119.5585493, 26.7697913 ], [ 119.7588314, 26.7449487 ], [ 119.9529268, 26.6140321 ], [ 120.1165311, 26.6503624 ], [ 120.082443600000019, 26.8231016 ], [ 120.226808599999984, 26.9163655 ], [ 120.4010929, 27.1897398 ], [ 120.3992575, 27.2750029 ], [ 120.1190995, 27.4233815 ], [ 119.7509902, 27.2967877 ], [ 119.617124, 27.6637836 ], [ 119.2037055, 27.4052308 ], [ 118.897576200000017, 27.471494 ], [ 118.8238094, 27.7852988 ], [ 118.6985353, 28.069192 ], [ 118.7601252, 28.2279542 ], [ 118.393787700000019, 28.2676539 ], [ 118.341657600000019, 28.1013239 ], [ 118.079051399999983, 27.9821938 ], [ 117.9140385, 27.9845133 ], [ 117.7400442, 27.8456313 ], [ 117.5492662, 27.9770578 ], [ 117.2531483, 27.8535648 ], [ 117.26075520000002, 27.760893 ], [ 116.990648400000012, 27.6271739 ], [ 117.1368513, 27.3269639 ], [ 116.9727728, 27.0867036 ], [ 116.63597230000002, 26.9942366 ], [ 116.48026, 26.7096277 ], [ 116.6146884, 26.4737646 ], [ 116.381812, 26.2744351 ], [ 116.4640163, 26.1246785 ], [ 116.287947300000013, 25.9329108 ], [ 116.1811084, 25.921024 ], [ 116.0594947, 25.7198838 ], [ 115.9688545, 25.3135027 ], [ 115.8238942, 25.1886033 ], [ 115.8697052, 24.8854581 ] ] ] } },
{ "type": "Feature", "properties": { "ADM1_EN": "Heilongjiang Province", "gdp": 231362, "ADM1_ZH": "黑龙江省", "ADM1_PCODE": "CN023", "ADM0_EN": "China", "ADM0_ZH": "中国", "ADM0_PCODE": "CN", "join_name": "heilongjiangprovince", "pop": 231362 }, "geometry": { "type": "Polygon", "coordinates": [ [ [ 131.18825, 43.4969874 ], [ 131.1120938, 43.5821907 ], [ 131.153999700000014, 43.9947192 ], [ 131.2550127, 44.0572343 ], [ 131.028392200000013, 44.7300434 ], [ 130.9000589, 44.8397739 ], [ 131.5871316, 45.0778196 ], [ 131.814779600000037, 45.3395964 ], [ 132.00218, 45.24908 ], [ 132.84468, 45.06007 ], [ 133.0325589, 45.063631 ], [ 133.144265100000013, 45.51121280000001 ], [ 133.4051982, 45.6367046 ], [ 133.4036625, 45.8350152 ], [ 133.6304724, 45.9660692 ], [ 133.667331, 46.1640004 ], [ 133.8468775, 46.2401158 ], [ 133.782982299999986, 46.4868485 ], [ 133.9432574, 46.637571 ], [ 134.0106537, 47.0358322 ], [ 134.1493101, 47.0936372 ], [ 134.1084324, 47.2848089 ], [ 134.2756837, 47.420770099999984 ], [ 134.4585497, 47.4447626 ], [ 134.709273599999989, 47.7108173 ], [ 134.52081290000001, 47.8804602 ], [ 134.7009845, 48.3379566 ], [ 134.567432200000013, 48.3944552 ], [ 133.734587800000014, 48.252656 ], [ 133.492974299999986, 48.0962261 ], [ 133.0154, 48.0747849 ], [ 132.4416459, 47.6767967 ], [ 131.5553571, 47.6457378 ], [ 131.4462226, 47.7235582 ], [ 131.067874499999988, 47.6640872 ], [ 130.9194981, 47.6965257 ], [ 130.862784799999986, 47.8711799 ], [ 130.6420159, 48.0398994 ], [ 130.7454301, 48.2652996 ], [ 130.7140143, 48.44416 ], [ 130.4706167, 48.6149424 ], [ 130.5939438, 48.7998169 ], [ 130.3820069, 48.8947519 ], [ 130.1822407, 48.8636991 ], [ 129.8836698, 49.0136671 ], [ 129.4718636, 49.3929079 ], [ 129.0121495, 49.360671 ], [ 128.4953572, 49.592386099999985 ], [ 128.063987700000013, 49.5253262 ], [ 127.804292300000014, 49.5599443 ], [ 127.4671814, 49.7963131 ], [ 127.422601200000017, 50.0005341 ], [ 127.5397113, 50.1506258 ], [ 127.3034824, 50.2915047 ], [ 127.308196800000019, 50.5687535 ], [ 127.1178396, 50.8740343 ], [ 126.8752581, 51.0378062 ], [ 126.8392885, 51.384868 ], [ 126.648313799999983, 51.5627366 ], [ 126.670680800000014, 51.6863294 ], [ 126.4081271, 51.9097303 ], [ 126.484684, 52.1294834 ], [ 125.6730406, 52.95218329999998 ], [ 125.1671309, 53.1546853 ], [ 124.819747, 53.0723253 ], [ 124.3964838, 53.1650666 ], [ 124.2484897, 53.322661 ], [ 123.8253769, 53.4548415 ], [ 123.231838, 53.5313637 ], [ 122.7973739, 53.4209746 ], [ 122.1364427, 53.446776 ], [ 121.465236399999981, 53.3173995 ], [ 121.8018463, 53.032226599999987 ], [ 121.56989950000002, 52.7537621 ], [ 121.2446643, 52.5384252 ], [ 121.449278300000017, 52.4198536 ], [ 121.7150749, 52.3810586 ], [ 121.997603, 52.2567081 ], [ 122.267626599999986, 52.4465947 ], [ 122.637314500000016, 52.1267674 ], [ 122.781355100000013, 51.7151496 ], [ 122.9305035, 51.5086288 ], [ 122.908393, 51.377089 ], [ 123.3130469, 51.2039514 ], [ 123.672923700000013, 51.4089415 ], [ 123.8684831, 51.309494 ], [ 124.142389400000013, 51.337826899999989 ], [ 124.400827, 51.2827452 ], [ 124.657277500000021, 51.3201767 ], [ 124.9074525, 51.4637372 ], [ 125.066125400000018, 51.6739962 ], [ 125.290142, 51.6021452 ], [ 125.610903800000017, 51.3608021 ], [ 125.977844800000014, 50.9176205 ], [ 125.762544300000016, 50.7737534 ], [ 125.6856304, 50.4785047 ], [ 125.4596666, 50.3986854 ], [ 125.3605301, 50.1912049 ], [ 125.1402771, 49.9374486 ], [ 125.1273148, 49.5929885 ], [ 125.2002766, 49.3834534 ], [ 125.1393111, 49.1658875 ], [ 124.8526565, 49.1584361 ], [ 124.5974668, 48.8214768 ], [ 124.4177136, 48.1453982 ], [ 124.102091, 48.449072299999983 ], [ 123.4927634, 47.9867322 ], [ 123.2683546, 47.919672599999984 ], [ 123.1457455, 47.769080899999985 ], [ 122.5242132, 47.5245097 ], [ 122.3917404, 47.3256183 ], [ 122.5488839, 47.1417859 ], [ 122.816923300000013, 47.0457818 ], [ 122.900073, 46.7596 ], [ 123.4792469, 46.9497607 ], [ 123.54585920000001, 46.7294461 ], [ 122.9443091, 46.5152658 ], [ 123.0936906, 46.248683 ], [ 123.3579983, 46.2179564 ], [ 123.81724, 46.2955488 ], [ 123.944884, 46.2436845 ], [ 124.0128849, 45.8787967 ], [ 123.962072, 45.768863599999989 ], [ 124.3531783, 45.444214 ], [ 124.8338046, 45.4438516 ], [ 125.0572226, 45.3873703 ], [ 125.3494442, 45.4084829 ], [ 125.5754167, 45.5316932 ], [ 125.6536244, 45.3356322 ], [ 126.061133400000017, 45.1221094 ], [ 126.530427500000016, 45.23551 ], [ 126.93611940000001, 45.1214127 ], [ 127.059562, 44.9353004 ], [ 126.9705811, 44.840804 ], [ 127.1252238, 44.6509104 ], [ 127.410346700000019, 44.6123796 ], [ 127.407492600000012, 44.4641604 ], [ 127.5858408, 44.1728512 ], [ 127.7133516, 44.067081 ], [ 128.009506499999986, 44.1567057 ], [ 128.2269398, 44.4904814 ], [ 128.400488, 44.3898552 ], [ 128.4594285, 44.037863 ], [ 128.6991949, 43.7516939 ], [ 128.753445, 43.5836092 ], [ 129.1546007, 43.58233 ], [ 129.1470612, 43.7766579 ], [ 129.3303276, 43.8539728 ], [ 129.713973, 43.8955641 ], [ 129.8125664, 44.0347934 ], [ 130.0486335, 43.890701 ], [ 130.243185, 44.0472806 ], [ 130.4013699, 43.6647461 ], [ 130.7922049, 43.4572451 ], [ 131.18825, 43.4969874 ] ] ] } },
{ "type": "Feature", "properties": { "ADM1_EN": "Henan Province", "gdp": 892905, "ADM1_ZH": "河南省", "ADM1_PCODE": "CN041", "ADM0_EN": "China", "ADM0_ZH": "中国", "ADM0_PCODE": "CN", "join_name": "henanprovince", "pop": 892905 }, "geometry": { "type": "Polygon", "coordinates": [ [ [ 115.3333368, 31.3773528 ], [ 115.4832813, 31.6851625 ], [ 115.8599485, 31.8557938 ], [ 115.8655527, 32.322692 ], [ 115.8080792, 32.4483834 ], [ 115.517762200000021, 32.4119913 ], [ 115.3614179, 32.560113 ], [ 115.1627147, 32.5733451 ], [ 115.115437300000011, 32.8799077 ], [ 114.857344800000021, 32.9551087 ], [ 115.01957920000001, 33.0692565 ], [ 115.2666837, 33.1305427 ], [ 115.2761702, 33.3896963 ], [ 115.578226200000017, 33.6821439 ], [ 115.5171168, 33.8615265 ], [ 115.5608283, 34.0289235 ], [ 115.702403100000012, 34.0747825 ], [ 116.002377199999984, 33.90153 ], [ 116.161731, 33.712359599999985 ], [ 116.519935599999982, 33.9062803 ], [ 116.4900074, 34.2848416 ], [ 116.363523499999985, 34.246267 ], [ 116.2013583, 34.3684381 ], [ 116.161018900000016, 34.5443918 ], [ 115.4840534, 34.5561601 ], [ 115.3934214, 34.783615 ], [ 115.1407691, 34.9693942 ], [ 114.774495800000011, 35.0052536 ], [ 114.805969, 35.1598238 ], [ 114.9766725, 35.3541337 ], [ 115.2997346, 35.4790595 ], [ 115.282529, 35.5551644 ], [ 115.501319400000014, 35.7216468 ], [ 115.6228607, 35.7238092 ], [ 115.8764383, 35.953457899999982 ], [ 115.304446, 35.8353109 ], [ 115.4423339, 36.1161353 ], [ 115.1905109, 36.1865589 ], [ 114.54709, 36.10526320000001 ], [ 114.3682144, 36.216776499999987 ], [ 113.954478, 36.332109 ], [ 113.7067659, 36.3320769 ], [ 113.6508255, 36.2455914 ], [ 113.63085390000002, 35.8300439 ], [ 113.5693155, 35.6741531 ], [ 113.3322156, 35.4555418 ], [ 113.1534913, 35.4377253 ], [ 113.080376700000016, 35.3038804 ], [ 112.7144923, 35.2011594 ], [ 112.0192357, 35.2572072 ], [ 112.0371522, 35.0962785 ], [ 111.8224781, 35.0760301 ], [ 111.5522564, 34.8412506 ], [ 111.1096469, 34.7657135 ], [ 110.5978571, 34.5734844 ], [ 110.340184600000015, 34.5945839 ], [ 110.3542627, 34.4478649 ], [ 110.638886, 34.1119545 ], [ 110.5456055, 34.0419118 ], [ 110.8050209, 33.6718293 ], [ 111.0010883, 33.53379 ], [ 110.967193, 33.2648844 ], [ 111.1607635, 33.0752177 ], [ 111.2502543, 32.8519213 ], [ 111.4744331, 32.6252317 ], [ 111.6658223, 32.6179092 ], [ 111.7694703, 32.4905392 ], [ 112.2420284, 32.3239608 ], [ 112.5578217, 32.3792889 ], [ 112.6766989, 32.3394694 ], [ 113.0523626, 32.4005678 ], [ 113.2952104, 32.2904692 ], [ 113.7018664, 32.366648 ], [ 113.7004743, 32.06798950000001 ], [ 113.9167802, 31.747874 ], [ 114.1745922, 31.8518879 ], [ 114.7890744, 31.46326 ], [ 115.0235505, 31.4783819 ], [ 115.3333368, 31.3773528 ] ] ] } },
{ "type": "Feature", "properties": { "ADM1_EN": "Hainan Province", "gdp": 111430, "ADM1_ZH": "海南省", "ADM1_PCODE": "CN046", "ADM0_EN": "China", "ADM0_ZH": "中国", "ADM0_PCODE": "CN", "join_name": "hainanprovince", "pop": 111430 }, "geometry": { "type": "Polygon", "coordinates": [ [ [ 108.9656982, 19.4837494 ], [ 108.6440824, 19.2931369 ], [ 108.6296073, 18.8252007 ], [ 108.796829500000015, 18.4848594 ], [ 109.1723617, 18.2895676 ], [ 109.4789134, 18.2715236 ], [ 109.6077492, 18.1822171 ], [ 109.7531967, 18.3765316 ], [ 110.0438766, 18.3870302 ], [ 110.1063382, 18.5390635 ], [ 110.53125, 18.7881947 ], [ 110.5601425, 19.1295691 ], [ 110.7590332, 19.4249043 ], [ 110.980888300000018, 19.6435135 ], [ 110.9324108, 20.0100646 ], [ 110.7765274, 20.0165253 ], [ 110.6740255, 20.1297523 ], [ 110.5454419, 20.0032903 ], [ 110.3741073, 20.0806625 ], [ 110.135354, 19.9806625 ], [ 109.5768127, 19.9776402 ], [ 109.4229202, 19.8568077 ], [ 109.2660524, 19.8984151 ], [ 109.2090302, 19.6801395 ], [ 109.008469300000016, 19.582784 ], [ 108.9656982, 19.4837494 ] ] ] } }
]
}
