{
"type": "FeatureCollection",
"name": "taiwan",
"crs": { "type": "name", "properties": { "name": "urn:ogc:def:crs:OGC:1.3:CRS84" } },
"features": [
{ "type": "Feature", "properties": { "ADM1_EN": "Shaanxi Province", "gdp": 499021, "ADM1_ZH": "陕西省", "ADM1_PCODE": "CN061", "ADM0_EN": "China", "ADM0_ZH": "中国", "ADM0_PCODE": "CN", "join_name": "shaanxiprovince", "pop": 499021 }, "geometry": { "type": "MultiPolygon", "coordinates": [ [ [ [ 99.677096220813183, 35.802007301177845 ], [ 99.460158628588246, 35.803092204442606 ], [ 99.124841858886569, 35.999452956375457 ], [ 98.290593533310044, 36.295196657759291 ], [ 98.205038612224058, 36.34425380413775 ], [ 97.683049666614821, 36.361474893126555 ], [ 97.587059730743832, 36.313144016628797 ], [ 97.147566760441208, 36.520701005266055 ], [ 96.598498987687719, 36.582977434700823 ], [ 96.314754543654288, 36.668037756047426 ], [ 96.21253226071164, 36.826887509845797 ], [ 95.756678866233116, 36.895494807227145 ], [ 95.402993096973432, 36.879697781586003 ], [ 94.41779815417766, 37.233548578843113 ], [ 94.210198004366518, 37.229186550965245 ], [ 93.825218060651736, 37.470235804669834 ], [ 94.071647870675449, 37.366235039724529 ], [ 94.381420018321705, 37.339387228974381 ], [ 94.074597063264775, 37.54471977964473 ], [ 93.49427259356051, 37.768413838171284 ], [ 93.543093658336474, 37.82204759613014 ], [ 94.018049982703928, 37.684500799254629 ], [ 94.465121377276517, 37.606447793956768 ], [ 94.463173431842876, 37.64547030968172 ], [ 93.92647313111128, 37.864928415895129 ], [ 94.163373224738251, 37.85138891241845 ], [ 93.952721462321875, 37.956255112124538 ], [ 93.223841089070007, 38.102921930157827 ], [ 93.375632765179063, 38.113927877028239 ], [ 93.219708063419418, 38.169491327854324 ], [ 94.064015502595495, 38.142768890183056 ], [ 95.114600972006997, 38.057109419919591 ], [ 96.370364948910961, 38.164714266164751 ], [ 96.102461576711136, 38.259003404737548 ], [ 96.267952580841154, 38.329769175250085 ], [ 96.713056792710447, 38.34928550920867 ], [ 97.174736836242332, 38.485144731395437 ], [ 97.497416307250319, 38.520643356132915 ], [ 97.722831891826331, 38.596343062752823 ], [ 97.753142083075161, 38.720923738960352 ], [ 97.70889137175196, 38.969123415274872 ], [ 97.978035136972579, 39.100469499193331 ], [ 98.077267973910381, 39.355181029078054 ], [ 98.235829558378555, 39.487016167733422 ], [ 97.483495565750474, 39.371563907269504 ], [ 97.224806930232049, 39.356592242747141 ], [ 97.213768130403153, 39.428086193248696 ], [ 96.690432073450324, 39.253981131998515 ], [ 96.41681162797299, 39.171400439124049 ], [ 96.554133962669312, 39.329227541121071 ], [ 96.593804289911446, 39.479438900498167 ], [ 97.083850859663201, 39.829588695663972 ], [ 97.521506786839879, 40.046680366132186 ], [ 97.707113533034033, 40.174461413462183 ], [ 98.189386534136432, 40.33545061446781 ], [ 98.153241711631793, 40.241710478542636 ], [ 98.557600118823032, 40.400089314612252 ], [ 99.23584424197513, 40.724751625431956 ], [ 99.366574229989396, 40.92911509062472 ], [ 99.617911392049379, 41.056586887935168 ], [ 99.894361860858822, 41.336813552071163 ], [ 99.823075407745733, 41.367328246978339 ], [ 100.024904042959648, 41.5786793451161 ], [ 100.668974369029996, 42.131923490447825 ], [ 101.664275184593762, 42.975588109654453 ], [ 102.431084097432787, 43.682662376321765 ], [ 104.435183352663259, 45.452988846162143 ], [ 103.785141272779356, 44.769072156383345 ], [ 103.138066440903032, 43.978669495829848 ], [ 102.310680347394211, 43.088031104353036 ], [ 101.737085369650657, 42.377018132254996 ], [ 101.885914661586213, 42.22866244992278 ], [ 101.735340985742468, 41.945483397249127 ], [ 101.284907091790402, 41.558431910918081 ], [ 101.256030556216245, 41.45962810280713 ], [ 100.553517866431463, 40.838733622172242 ], [ 100.524897594062182, 40.590942246896446 ], [ 100.43102748744802, 40.163470923165981 ], [ 100.369756885119457, 40.067325941897138 ], [ 100.366950825646725, 39.752777633763493 ], [ 100.288397179466429, 39.509052302894283 ], [ 99.831584713534667, 39.010542590241123 ], [ 99.674258295211445, 38.770061313933915 ], [ 99.592999615337803, 38.462119381340365 ], [ 99.689939017261793, 38.447992434909523 ], [ 99.685345515075753, 38.304460995480952 ], [ 99.928642992817032, 38.025854139673143 ], [ 99.854344945311581, 37.930154318424719 ], [ 100.103362506250335, 37.593761328095908 ], [ 100.264219536244639, 37.488068239843642 ], [ 100.310675794018977, 37.218776394695652 ], [ 100.149516815409953, 37.040849673041762 ], [ 100.011023668125944, 37.134277046468242 ], [ 99.604887394963896, 37.030348145110068 ], [ 99.117437718108803, 37.058896525679742 ], [ 98.964533630983723, 36.984613813078425 ], [ 99.332496858770924, 36.911054942988343 ], [ 99.347922611368588, 36.780766452424444 ], [ 99.728291311653606, 36.734589829163909 ], [ 99.822040438153905, 36.575360910918512 ], [ 99.469701637034859, 36.505584752821569 ], [ 99.26951788640477, 36.507685963252328 ], [ 99.257668467344999, 36.342090113623883 ], [ 99.444176165383041, 36.217509359632018 ], [ 99.677470054890335, 35.868124387233586 ], [ 99.677096220813183, 35.802007301177845 ] ] ], [ [ [ 105.291065172403933, 46.327610046678096 ], [ 105.290696971790581, 46.355904349599541 ], [ 105.285535553842422, 46.393732405294948 ], [ 105.288295801592852, 46.386243617237348 ], [ 105.289258675094246, 46.383911740054593 ], [ 105.296997114415205, 46.333569984191406 ], [ 105.291065172403933, 46.327610046678096 ] ] ] ] } },
{ "type": "Feature", "properties": { "ADM1_EN": "Shanghai Municipality", "gdp": 757217, "ADM1_ZH": "上海市", "ADM1_PCODE": "CN031", "ADM0_EN": "China", "ADM0_ZH": "中国", "ADM0_PCODE": "CN", "join_name": "shanghaimunicipality", "pop": 757217 }, "geometry": { "type": "Polygon", "coordinates": [ [ [ 119.560909508792591, 33.523474223722332 ], [ 121.69436513894594, 35.61212741065944 ], [ 122.771033338422782, 35.917305790336776 ], [ 124.43599953190342, 35.135299158187792 ], [ 124.957743882290828, 34.293665567425087 ], [ 124.914710730099699, 32.448357732469226 ], [ 124.30646436856847, 31.717727382550756 ], [ 122.721728333291253, 31.384429291763439 ], [ 121.903206558465001, 31.630442662229729 ], [ 120.166453531523075, 32.692129375368076 ], [ 119.560909508792591, 33.523474223722332 ] ] ] } },
{ "type": "Feature", "properties": { "ADM1_EN": "Chongqing Municipality", "gdp": 452044, "ADM1_ZH": "重庆市", "ADM1_PCODE": "CN050", "ADM0_EN": "China", "ADM0_ZH": "中国", "ADM0_PCODE": "CN", "join_name": "chongqingmunicipality", "pop": 452044 }, "geometry": { "type": "Polygon", "coordinates": [ [ [ 99.677096220813183, 35.802007301177845 ], [ 100.31076851388778, 35.436437192396191 ], [ 100.457796563146758, 35.301385193913298 ], [ 100.863717054966443, 34.786194638609999 ], [ 100.620809844263476, 34.769016877618256 ], [ 100.759590783998249, 34.496588268505178 ], [ 100.586729540728456, 34.548818802117871 ], [ 100.578126016332931, 34.436969668462801 ], [ 100.228045123674747, 34.691982520639847 ], [ 100.166751958622228, 34.437144156305727 ], [ 99.435412883329278, 34.460204875284745 ], [ 99.521972063972626, 34.10656231942005 ], [ 99.909738439577666, 33.765637295836925 ], [ 100.22175515674256, 32.486345325446187 ], [ 100.685860931839045, 32.375825385890735 ], [ 101.046301851479484, 32.119800766065161 ], [ 100.996814851432816, 31.711020366258726 ], [ 101.179402576990569, 31.803079727553058 ], [ 101.192022096655023, 31.573977774623039 ], [ 101.227410827543693, 31.484234647966144 ], [ 101.107190274677578, 31.268757222765093 ], [ 101.140675612762521, 31.171623866503378 ], [ 101.062020976900001, 30.891508663665469 ], [ 100.966245568784132, 30.801819862393817 ], [ 100.900147394294208, 30.579156704910936 ], [ 100.660732394715723, 30.581431927646396 ], [ 100.605676656926576, 30.728425641099047 ], [ 100.441493150681552, 30.761294101826657 ], [ 100.171460289013652, 30.86760506597842 ], [ 100.247187510807706, 31.030882026126587 ], [ 100.036879845558971, 31.16259511398993 ], [ 99.49147790388038, 31.025220711512347 ], [ 99.382478794313613, 31.239196492225567 ], [ 98.819650157273443, 31.305167099857474 ], [ 98.790483668281212, 31.115275367576434 ], [ 99.021054583565416, 30.936208423305974 ], [ 98.836251319293623, 30.846033518819144 ], [ 98.551141910967857, 30.969214035767429 ], [ 98.366397970077571, 30.772875769618345 ], [ 98.083000985628388, 30.969275865453341 ], [ 98.038501033690096, 30.82000693358615 ], [ 97.680350982993858, 31.239363599776283 ], [ 97.236131014473827, 31.601698114142835 ], [ 96.866114933740931, 32.266630917271904 ], [ 96.634076334198511, 32.525367039455993 ], [ 96.396064095159019, 32.989235012737865 ], [ 96.332871850865189, 33.25247135276387 ], [ 96.373067953300179, 33.451572856469269 ], [ 96.246175518164577, 33.83413597355618 ], [ 96.078876937829904, 34.196311132802833 ], [ 96.024011319826258, 34.573527807311898 ], [ 96.264084388796249, 34.383250671747 ], [ 96.380272014090892, 34.124263659271747 ], [ 96.532435855122117, 34.355424679535055 ], [ 96.860158177183408, 33.786238697283821 ], [ 97.497602761672695, 33.569023311247079 ], [ 97.718473209638262, 33.999147562578791 ], [ 97.638944361094829, 34.990261927101777 ], [ 97.535183393021384, 35.355259407266097 ], [ 97.980861214164648, 35.265878409530309 ], [ 98.222601104640702, 35.301256187751775 ], [ 98.154209712598131, 35.473569631210786 ], [ 98.399650359588392, 35.807550860123143 ], [ 98.550405961769101, 35.955939421457018 ], [ 98.140761671231246, 36.120951492777401 ], [ 98.290593533310044, 36.295196657759291 ], [ 99.124841858886569, 35.999452956375457 ], [ 99.460158628588246, 35.803092204442606 ], [ 99.677096220813183, 35.802007301177845 ] ] ] } },
{ "type": "Feature", "properties": { "ADM1_EN": "Zhejiang Province", "gdp": 1265577, "ADM1_ZH": "浙江省", "ADM1_PCODE": "CN033", "ADM0_EN": "China", "ADM0_ZH": "中国", "ADM0_PCODE": "CN", "join_name": "zhejiangprovince", "pop": 1265577 }, "geometry": { "type": "Polygon", "coordinates": [ [ [ 113.487708156241808, 30.067922150628469 ], [ 113.372490965745129, 30.254842419955637 ], [ 112.992976183406753, 30.71402294611147 ], [ 112.550035149827139, 31.077925613677539 ], [ 112.466781038175682, 31.225971791477345 ], [ 112.585146994493485, 31.484382840035188 ], [ 113.144466667442202, 31.860859834787938 ], [ 113.184993283102216, 32.03708738399849 ], [ 113.451161324190323, 32.253179564191079 ], [ 113.496834160072908, 32.548488717428484 ], [ 114.381066242767531, 32.703557255896385 ], [ 114.651499721672579, 32.899829260789275 ], [ 115.629769320372247, 33.145597760742021 ], [ 116.126587463171631, 33.304838889959328 ], [ 117.355842408026717, 33.461455295592216 ], [ 117.696647244777125, 33.423527682727375 ], [ 118.268271092867238, 33.430764718718848 ], [ 118.993938427517165, 33.464276397838553 ], [ 119.560909508792591, 33.523474223722332 ], [ 120.166453531523075, 32.692129375368076 ], [ 121.802107683093041, 31.693576560272849 ], [ 121.389982097648613, 31.829336022613827 ], [ 121.076758969416531, 31.890806864814827 ], [ 120.129342904110203, 32.420312132976107 ], [ 119.996609824298503, 32.298592554120127 ], [ 120.597074678286091, 31.787907487257723 ], [ 121.502477582376841, 31.536929644753837 ], [ 123.071791412021653, 31.269454762589362 ], [ 123.575097143686008, 31.222797550276407 ], [ 123.902905581305134, 31.052917877462477 ], [ 124.16865216577628, 30.998403084134559 ], [ 124.068023402988658, 30.707954576977439 ], [ 124.007486491201462, 30.151905998709356 ], [ 123.79057735312459, 30.068788119118608 ], [ 123.769368972271778, 29.797629347336837 ], [ 123.600969603188545, 29.330554450138852 ], [ 123.431602181690309, 29.124997448357846 ], [ 123.323377120691092, 28.718227413406527 ], [ 122.589640390813585, 28.423930370570108 ], [ 122.243201868076738, 27.983381069024606 ], [ 121.23583991504826, 27.50600478202545 ], [ 120.897067526844651, 27.31056669054783 ], [ 120.683920174556448, 27.289247360515091 ], [ 120.702757905384487, 27.324675940401654 ], [ 120.020665831950126, 27.331845337165966 ], [ 119.054703627825987, 27.293163933205115 ], [ 118.418529527906358, 27.60101614379515 ], [ 117.342189473438069, 27.754986242419115 ], [ 116.054060201682191, 28.259841531115768 ], [ 115.201246866838218, 28.890509803827449 ], [ 114.303185351453195, 29.543190617897395 ], [ 114.227645454580028, 29.689357397023787 ], [ 113.487708156241808, 30.067922150628469 ] ] ] } },
{ "type": "Feature", "properties": { "ADM1_EN": "Jiangxi Province", "gdp": 480258, "ADM1_ZH": "江西省", "ADM1_PCODE": "CN036", "ADM0_EN": "China", "ADM0_ZH": "中国", "ADM0_PCODE": "CN", "join_name": "jiangxiprovince", "pop": 480258 }, "geometry": { "type": "Polygon", "coordinates": [ [ [ 112.633544273555358, 25.996028175015415 ], [ 112.643426162607412, 25.861361228719144 ], [ 112.948122333854499, 25.284104781399549 ], [ 112.10773324115128, 26.489487153176725 ], [ 111.442597424726969, 26.983031582444966 ], [ 110.287836294513767, 27.156616210659518 ], [ 109.436706998393319, 27.78654227229628 ], [ 109.818821807427014, 28.001974843262175 ], [ 109.807331263616931, 28.307935104228541 ], [ 110.108779839067239, 28.381934758623444 ], [ 110.376746270363839, 28.280951036342177 ], [ 110.247998125997626, 28.45487164011406 ], [ 109.79052477685569, 28.72893329995626 ], [ 109.210940501342549, 28.867962361385285 ], [ 108.676851571276316, 28.970453232373643 ], [ 108.422621157473884, 29.10237867254892 ], [ 108.134328939202504, 29.227994687771638 ], [ 108.383221617052456, 29.325955213166697 ], [ 108.232840637720358, 29.428412102014885 ], [ 108.421574998861843, 29.589869981387 ], [ 108.186061201136468, 29.689823042432177 ], [ 107.923840291595937, 29.701658789795275 ], [ 108.006192119360364, 29.900700579546029 ], [ 107.728524986435048, 30.032510642782682 ], [ 107.842152979656646, 30.261154747185273 ], [ 107.391601409483201, 30.266553185735884 ], [ 107.359283996098682, 30.465067134344078 ], [ 107.563145230212569, 30.645656351093315 ], [ 107.551069956151281, 30.77406611940928 ], [ 107.952480309173453, 30.825116320256065 ], [ 108.016091420218387, 30.966967136147982 ], [ 108.249766306558953, 31.097903892835735 ], [ 107.956388158033192, 31.303205012750208 ], [ 107.974915453883582, 31.52601939030691 ], [ 107.657147527305895, 31.696477779045434 ], [ 107.640986883200313, 31.778455671288658 ], [ 107.992301397664875, 31.931290710479708 ], [ 108.4181801841316, 32.049134652379841 ], [ 108.770442882168268, 32.058524044630104 ], [ 108.795597136414614, 32.161841482893287 ], [ 109.002522884632569, 32.131092606091343 ], [ 109.265099355338293, 32.240455685079752 ], [ 109.250865061322983, 32.321505098915324 ], [ 109.548051769526623, 32.267065076170496 ], [ 109.833156900280002, 32.113736677642116 ], [ 110.010248602990274, 32.150970223259648 ], [ 110.27435135656674, 32.08731261863133 ], [ 110.510681809139825, 32.130928794305092 ], [ 110.635630827609944, 32.226373392363755 ], [ 110.908310839773463, 32.080209420723691 ], [ 110.743973787841497, 31.938464102367959 ], [ 110.975669295793807, 31.782494984027871 ], [ 111.263702849773196, 31.826349909027204 ], [ 111.229097557119943, 32.005246786544603 ], [ 111.624541683356213, 31.892641411999595 ], [ 111.650739044030317, 31.784781780460996 ], [ 111.883134275084075, 31.67510116208534 ], [ 112.357172055100719, 31.64137419519686 ], [ 112.585146994493485, 31.484382840035188 ], [ 112.466781038175682, 31.225971791477345 ], [ 112.550035149827139, 31.077925613677539 ], [ 112.992976183406753, 30.71402294611147 ], [ 113.372490965745129, 30.254842419955637 ], [ 113.487708156241808, 30.067922150628469 ], [ 113.558712130838529, 29.938026791089438 ], [ 113.226639821564603, 29.998345155691911 ], [ 112.975628282852952, 30.081050963873505 ], [ 112.77042211211598, 30.043065556831102 ], [ 112.456137992502946, 30.206261092645516 ], [ 112.088503204713049, 30.181149665631331 ], [ 112.111020824073464, 30.106515165868505 ], [ 111.781222307978766, 30.044302734080375 ], [ 111.999998282848154, 29.749290708788713 ], [ 111.833993133104457, 29.517719375813073 ], [ 111.437919919488721, 29.485192284770577 ], [ 111.3495557198531, 29.172500898327847 ], [ 111.629867214422049, 28.776810375426884 ], [ 111.477560237938036, 28.56973715342761 ], [ 111.71249352119365, 28.238270040879108 ], [ 111.690213295725684, 27.988983553625832 ], [ 111.585073836653635, 28.053220693890442 ], [ 111.693719537258033, 27.748090092971964 ], [ 112.129454338898768, 26.949598543167788 ], [ 112.131325134022489, 26.841121248785097 ], [ 112.633544273555358, 25.996028175015415 ] ] ] } },
{ "type": "Feature", "properties": { "ADM1_EN": "Yunnan Province", "gdp": 442789, "ADM1_ZH": "云南省", "ADM1_PCODE": "CN053", "ADM0_EN": "China", "ADM0_ZH": "中国", "ADM0_PCODE": "CN", "join_name": "yunnanprovince", "pop": 442789 }, "geometry": { "type": "Polygon", "coordinates": [ [ [ 99.944146100508931, 26.504967221875191 ], [ 99.628930936613713, 26.786299699212272 ], [ 99.60210954841952, 26.68833653053429 ], [ 99.460981283589334, 26.742609772424849 ], [ 99.295457040614323, 26.65425627628721 ], [ 99.446869674194531, 26.449168203479154 ], [ 99.333040427556384, 26.390874175998086 ], [ 99.225187418606438, 26.465236766930708 ], [ 99.139345739795331, 26.344135013889616 ], [ 98.821879843491516, 26.60428830341549 ], [ 98.894581845167224, 26.269125670464117 ], [ 98.391970234005342, 26.839504079556203 ], [ 98.394644611402057, 26.743145767964798 ], [ 98.119447876416189, 27.012313774747028 ], [ 98.180626771568527, 26.708489187563256 ], [ 98.136312991013213, 26.626733020534395 ], [ 97.894887853575852, 26.95805929176348 ], [ 97.51336613351755, 27.386877965857675 ], [ 97.578742001447068, 27.112325010351626 ], [ 97.547276501019255, 26.98983374379738 ], [ 97.382458709514268, 27.091968862167693 ], [ 97.268202718479159, 27.253508340979153 ], [ 97.23962713011241, 27.190645866597642 ], [ 97.273464154950304, 26.936145193340341 ], [ 97.46764104666245, 26.388992247705037 ], [ 97.635320033100484, 26.10357985135882 ], [ 97.780564730204674, 25.699362095122588 ], [ 97.813696005493711, 25.359948187274984 ], [ 97.947206929770104, 25.025588894378817 ], [ 97.719931349055727, 25.253700405729369 ], [ 97.550264796152973, 25.253270536499805 ], [ 97.296199581141224, 26.076717294003103 ], [ 97.134775479278744, 26.062160193905978 ], [ 97.099836956873716, 25.824097223572505 ], [ 97.025561458448237, 25.749119320202158 ], [ 96.922800577809383, 25.90441289721457 ], [ 96.74648135575346, 25.886462536153111 ], [ 96.680492794962547, 26.226840357190817 ], [ 96.562165979460346, 26.448533586317371 ], [ 96.52310917697757, 26.844241373255706 ], [ 96.2676020235197, 27.002912711202775 ], [ 96.180446014880872, 26.941423716486121 ], [ 96.087614046349572, 27.022968202946267 ], [ 96.1474494823009, 27.456100402789307 ], [ 96.1927015879332, 27.577088412409797 ], [ 96.147309867148365, 27.812752586354438 ], [ 96.205123202364703, 27.948145764802227 ], [ 96.167574625605241, 28.071775500124772 ], [ 96.076889402238365, 28.121720487938283 ], [ 95.984231747051325, 28.119954590449289 ], [ 95.889242773822659, 28.189731431814089 ], [ 95.889366596294536, 28.262720233950613 ], [ 95.804702986734469, 28.437334406991031 ], [ 95.635644856849623, 28.718118584888654 ], [ 95.537735220825567, 28.850705577278251 ], [ 95.393748433446646, 28.883318917273648 ], [ 95.25378134672205, 28.847894206367084 ], [ 95.139964463823034, 28.750409066171468 ], [ 95.072056223083038, 28.810221567841982 ], [ 95.137689459540525, 28.936461370136136 ], [ 95.12075739445568, 29.039266458564789 ], [ 95.016585820582279, 29.191799559926238 ], [ 94.935741356262298, 29.202997206403751 ], [ 94.845073358357155, 29.458680070938854 ], [ 94.968721370960438, 29.486536879372185 ], [ 94.824034360956929, 29.67517689624032 ], [ 94.851004074300349, 29.746135424846837 ], [ 94.955832610780405, 29.726307596750548 ], [ 94.989338129545558, 29.852679606152396 ], [ 94.917926606828587, 29.990550225837133 ], [ 95.068007552457644, 29.899273294794817 ], [ 94.991853195354835, 30.197806062556534 ], [ 94.971635745158792, 30.320361915669778 ], [ 94.784012875462977, 30.534618823469124 ], [ 94.573776706283226, 30.859155783890188 ], [ 94.147077861103625, 31.434255993423594 ], [ 93.918274931269139, 31.719723580261817 ], [ 93.363181784828967, 32.531983228684709 ], [ 92.978651843066274, 32.886025719896089 ], [ 92.990055561570756, 32.759313060934289 ], [ 92.360046283228485, 33.601573353378292 ], [ 92.175593266118739, 33.904870331701041 ], [ 92.275200240582976, 33.961783288557541 ], [ 92.665772057391791, 33.603957583349711 ], [ 92.570495899787062, 33.830791453157481 ], [ 92.053865794159449, 34.502641302575704 ], [ 92.106546927967614, 34.622785386380066 ], [ 92.044585503739569, 34.864179048575338 ], [ 91.837207432169308, 35.131944292153612 ], [ 91.96234264820842, 35.098216621018977 ], [ 92.49203488221498, 34.321599263158717 ], [ 92.984626426424228, 33.623092836219932 ], [ 93.234127624945202, 33.379631763818807 ], [ 92.97631524798561, 33.783428224361373 ], [ 93.023695725200838, 33.819967141371301 ], [ 92.921914811720498, 34.179243150013797 ], [ 93.29957828936206, 33.68983841090153 ], [ 93.345594292854244, 33.68338045716937 ], [ 93.960075304791772, 32.876664173663869 ], [ 94.048252074700343, 32.623026218312035 ], [ 94.483715181998591, 32.09701113022706 ], [ 94.839100985239085, 31.845864086285584 ], [ 95.454381293704486, 30.956093829346692 ], [ 95.677185346612745, 30.601785971204421 ], [ 95.764964761169537, 30.49851400432172 ], [ 95.827683941859547, 30.368628383743861 ], [ 96.038214076915423, 30.165232729250917 ], [ 96.040865748828125, 30.05732805019435 ], [ 96.111392383966475, 30.020746480130619 ], [ 96.267870310829068, 29.859304677113354 ], [ 96.334382009639, 29.769444646874025 ], [ 96.482870068376741, 29.717186238313793 ], [ 96.519004751039162, 29.770951234894827 ], [ 96.596904955567695, 29.801803536771232 ], [ 96.731421469632551, 29.720749828925207 ], [ 96.802264178509915, 29.72182265593667 ], [ 96.765812547184126, 29.790332161709497 ], [ 96.56359372610261, 30.035723433072288 ], [ 96.448479843663293, 30.246069236168022 ], [ 96.485990217534933, 30.340093051920139 ], [ 96.464494969218123, 30.801978986507713 ], [ 96.323851801868599, 31.136488244012885 ], [ 96.305106739203751, 31.344888234495752 ], [ 96.410334731390307, 31.222747488253116 ], [ 96.409942228735005, 31.424985472573503 ], [ 96.241840510953992, 31.777159399545887 ], [ 96.226550245831859, 31.906910846347593 ], [ 96.492359183270466, 31.788008427856091 ], [ 96.605213171314887, 31.358726243805155 ], [ 96.840153764327368, 30.896890223242806 ], [ 96.799109476141453, 30.802690049498356 ], [ 96.881092329676306, 30.641178681123201 ], [ 97.045502761916907, 30.478001784716682 ], [ 97.197327944325465, 30.474197516938975 ], [ 97.209913148353806, 30.698172527428849 ], [ 97.517583894053871, 30.319897814393702 ], [ 97.54780004624395, 30.232990765818357 ], [ 97.514463493686776, 30.035310392324746 ], [ 97.416568527357796, 30.006694033418263 ], [ 97.208666042598381, 30.026856489068532 ], [ 97.064364849345282, 30.155724462477899 ], [ 97.028670564754592, 30.05677305425742 ], [ 96.834354576889723, 30.242601266115464 ], [ 96.834510022900659, 30.059078443239702 ], [ 96.922447457201343, 29.936772295432377 ], [ 97.02263701028545, 29.748542021419134 ], [ 97.145018017405746, 29.633689221082712 ], [ 97.209785945967553, 29.653670838766519 ], [ 97.375472329963699, 29.609065763562132 ], [ 97.541340339364766, 29.442355987813123 ], [ 97.534761362266266, 29.251384056277754 ], [ 97.582682379269869, 29.019332431114652 ], [ 97.666163559134645, 28.961909756152025 ], [ 97.699624067902249, 28.8886482473299 ], [ 97.851405293489009, 28.693566574491577 ], [ 97.867158585587362, 28.502702866026432 ], [ 97.961824254100634, 28.309378114795059 ], [ 98.131691362635465, 28.17311663516541 ], [ 98.14402403909348, 28.251279956371537 ], [ 98.522556944711184, 28.082064681147422 ], [ 98.726464713187809, 27.955432088852582 ], [ 99.052148331181812, 27.595141817825468 ], [ 99.338241822649508, 27.435164923696405 ], [ 99.425653179628398, 27.473649141052675 ], [ 99.770609021837174, 27.285032230548182 ], [ 99.824413030259393, 27.328904072203851 ], [ 100.227316561173893, 26.968688251563442 ], [ 100.317579741229167, 26.648818268930128 ], [ 100.093910765659047, 26.717438801233914 ], [ 99.944146100508931, 26.504967221875191 ] ] ] } },
{ "type": "Feature", "properties": { "ADM1_EN": "Shandong Province", "gdp": 1384021, "ADM1_ZH": "山东省", "ADM1_PCODE": "CN037", "ADM0_EN": "China", "ADM0_ZH": "中国", "ADM0_PCODE": "CN", "join_name": "shandongprovince", "pop": 1384021 }, "geometry": { "type": "Polygon", "coordinates": [ [ [ 107.963515859234633, 39.200196970252357 ], [ 107.155273561987528, 39.570122541577113 ], [ 106.928984402754409, 39.986576593845307 ], [ 106.530361163066146, 40.375163327100765 ], [ 106.016956539378484, 40.482217149579348 ], [ 106.040229611896876, 40.731515325398284 ], [ 106.241821042317028, 40.971205104950194 ], [ 106.586223376591548, 41.017134899256774 ], [ 106.555414660611689, 41.114126243070245 ], [ 106.744223501606413, 41.270137799852662 ], [ 106.849270664942154, 41.242662340077537 ], [ 107.064336519645224, 41.556800655367859 ], [ 106.560576757377248, 41.457470427856279 ], [ 106.747036115038938, 41.836001154144981 ], [ 106.826008675990934, 42.154379079852724 ], [ 106.721713942245941, 42.183355619164232 ], [ 107.078367289551593, 42.561708166209144 ], [ 108.21186829274852, 43.686546287531051 ], [ 108.817572927929632, 44.327279517550551 ], [ 110.15809114778979, 45.342233358006737 ], [ 110.053490739606261, 45.431502182532114 ], [ 110.215076222822006, 45.507165731898723 ], [ 110.810031251793475, 46.147002606284538 ], [ 110.87339919508797, 46.340075117135861 ], [ 110.885657976150938, 46.842197555875927 ], [ 110.877435068886697, 46.881466212516557 ], [ 110.877424688374575, 46.883437753771851 ], [ 110.888998191425841, 46.832997718124354 ], [ 110.920808615082024, 46.708830637360684 ], [ 111.037430261450496, 46.563781926898812 ], [ 112.43060670467375, 46.221899348690933 ], [ 112.604237474559824, 46.138447035027937 ], [ 114.187928159450493, 45.360827177334379 ], [ 115.915813137855977, 44.59359763086379 ], [ 117.608927190908844, 43.861184118672405 ], [ 117.843173036495415, 43.851807599057459 ], [ 117.594422763752974, 44.056282807429966 ], [ 118.070017570227733, 43.946452215356373 ], [ 117.960299114851125, 44.059077551805373 ], [ 118.5048870365124, 43.9126637340824 ], [ 119.21779584951102, 43.567752326089987 ], [ 120.047358891334085, 43.070212479563864 ], [ 120.538134536812834, 42.923080177071334 ], [ 120.630661196473397, 42.946401252033851 ], [ 121.014316721628717, 42.723195422278366 ], [ 121.330749511041475, 42.585015758976276 ], [ 121.532608219403215, 42.365488599211517 ], [ 121.402332556075606, 42.314536564579754 ], [ 121.583954372197596, 42.134447223537045 ], [ 121.494393710974066, 42.078989034214125 ], [ 120.941909208764073, 42.408815208440025 ], [ 120.706717602428299, 42.353444118309447 ], [ 120.004124767073421, 42.432418917556291 ], [ 119.98662914983521, 42.310718358931361 ], [ 119.767279882353378, 42.393882824343045 ], [ 119.762292629278861, 42.284702670355735 ], [ 119.92884931518266, 42.070424950702865 ], [ 119.553425077343377, 42.216462193374298 ], [ 119.424658005162343, 42.367892118628923 ], [ 119.12590094490983, 42.407462548454838 ], [ 119.418822507264835, 42.091379868029982 ], [ 119.225444117933634, 41.999942260309297 ], [ 118.502076590677348, 42.037721921358397 ], [ 118.382607228740852, 41.897413400171267 ], [ 118.00393372573555, 41.910698928805722 ], [ 117.841020356838854, 41.808811302193938 ], [ 117.304470004056967, 41.835923565229173 ], [ 115.458368744411317, 41.731463139606959 ], [ 114.291402794167951, 41.377933936940785 ], [ 114.098190531443393, 41.15956527272099 ], [ 112.585142046597483, 40.499446198901616 ], [ 111.811931756450434, 39.628370686810385 ], [ 110.908714096421164, 39.013582994560274 ], [ 110.541456952640218, 39.15086287023874 ], [ 110.107457763212892, 38.825102454722419 ], [ 109.562936254205724, 38.699698261726382 ], [ 109.430228377683363, 38.806814494996573 ], [ 109.105241138735877, 38.717624281712375 ], [ 109.00370432328009, 38.901920776341292 ], [ 108.69322016342268, 39.210005123202286 ], [ 108.213423786553065, 39.457593352121222 ], [ 108.012111870841892, 39.499681398494509 ], [ 108.103246465733804, 39.218720232993192 ], [ 107.963515859234633, 39.200196970252357 ] ] ] } },
{ "type": "Feature", "properties": { "ADM1_EN": "Liaoning Province", "gdp": 457934, "ADM1_ZH": "辽宁省", "ADM1_PCODE": "CN021", "ADM0_EN": "China", "ADM0_ZH": "中国", "ADM0_PCODE": "CN", "join_name": "liaoningprovince", "pop": 457934 }, "geometry": { "type": "Polygon", "coordinates": [ [ [ 110.834404100718714, 47.030224673510197 ], [ 110.835659839582675, 47.02743497364709 ], [ 110.825142558520994, 47.054458754590016 ], [ 110.821617956359503, 47.06354418521898 ], [ 110.816352109328093, 47.076374518326709 ], [ 110.821639502266237, 47.064085790768843 ], [ 110.825818069334261, 47.053929422519026 ], [ 110.834003853522916, 47.034764952920938 ], [ 110.837105656827148, 47.026887764742234 ], [ 110.860895704244143, 46.974878103625308 ], [ 110.882717508712844, 46.963644989224733 ], [ 111.127697331685994, 46.944514641881156 ], [ 111.396752956113801, 46.953649201715415 ], [ 113.371676034786745, 47.1760506989907 ], [ 114.728429784836862, 47.257814520516263 ], [ 115.640594195154961, 47.346168518044131 ], [ 116.154474924923051, 47.453626982512858 ], [ 117.781392955204851, 47.502105474609785 ], [ 118.707523490581295, 47.643688585000788 ], [ 120.464778462614674, 47.796257433598917 ], [ 121.271577794371311, 48.072393860718947 ], [ 121.960065193663539, 48.193969608274472 ], [ 122.159212450254486, 48.421792094155549 ], [ 122.306704137343033, 48.438682273465886 ], [ 122.490397922106752, 48.356864710819281 ], [ 122.474490381015627, 48.183248968173253 ], [ 122.544152586654292, 48.074715796638912 ], [ 122.621169991630182, 48.229676306217243 ], [ 122.659006241257742, 48.014002212228789 ], [ 122.789089283474723, 47.780090947358545 ], [ 122.808382333823729, 47.655595734788704 ], [ 122.920757220265173, 47.482749532144865 ], [ 123.013543654334441, 46.970095820811068 ], [ 123.089970789454782, 46.929140936068322 ], [ 123.207404014634832, 46.440519889557592 ], [ 123.350950674008317, 46.088152421521819 ], [ 123.372334631005543, 45.68879613653646 ], [ 123.205087528222947, 45.455459132312107 ], [ 122.947485368236897, 45.383079385386743 ], [ 122.459158889622515, 44.964470766015438 ], [ 122.389173465989543, 44.794706726861328 ], [ 122.19466106489196, 44.621482677041662 ], [ 121.636934142375139, 44.698522400688979 ], [ 121.076213597606113, 44.571368516233981 ], [ 120.621932730975701, 44.555082586284115 ], [ 120.072048560617304, 44.476976690031393 ], [ 119.890203625636573, 44.516776619719082 ], [ 119.631600849647626, 44.384961829484745 ], [ 119.41107692815217, 44.372065452558196 ], [ 118.778871214097265, 44.503880961644796 ], [ 118.763958732098445, 44.401118792813008 ], [ 118.08879693415561, 44.590378704619503 ], [ 117.832775005068711, 44.759072700894784 ], [ 118.833069427270814, 44.532958416888057 ], [ 117.883947909122966, 45.06989839998613 ], [ 117.97631020528965, 45.122838308786804 ], [ 117.531255709014715, 45.361986112251309 ], [ 117.577866384395449, 45.440681943231866 ], [ 118.144209394910447, 45.35925678946375 ], [ 118.493840501939971, 45.498375660252584 ], [ 118.846585587633456, 45.8438740064257 ], [ 118.296697049634957, 46.096773734589142 ], [ 117.580639025115545, 46.256513072879621 ], [ 117.500394577877728, 46.381689666876738 ], [ 116.541966276890918, 46.486390871770624 ], [ 115.667307082690954, 46.541721682891136 ], [ 114.19334414880845, 46.681610987326117 ], [ 113.300874220434011, 46.697682155104964 ], [ 112.227826006776937, 46.653329226643486 ], [ 112.532750771434124, 46.604543718218679 ], [ 111.039377107866756, 46.727115056310971 ], [ 110.909847472831572, 46.841622748802166 ], [ 110.879624461588449, 46.907501850463667 ], [ 110.866050872485687, 46.941337734240463 ], [ 110.84650681751387, 46.996214547810702 ], [ 110.832974388845713, 47.03307798198653 ], [ 110.831859824278951, 47.036233998042391 ], [ 110.836392271294713, 47.024724901702768 ], [ 110.834404100718714, 47.030224673510197 ] ] ] } },
{ "type": "Feature", "properties": { "ADM1_EN": "Tibet Autonomous Region", "gdp": 38824, "ADM1_ZH": "西藏自治区", "ADM1_PCODE": "CN054", "ADM0_EN": "China", "ADM0_ZH": "中国", "ADM0_PCODE": "CN", "join_name": "tibetautonomousregion", "pop": 38824 }, "geometry": { "type": "Polygon", "coordinates": [ [ [ 86.710949487086879, 38.59159522009422 ], [ 86.710311418984148, 38.593771370476624 ], [ 86.701282903811972, 38.610070855093596 ], [ 86.722106558479638, 38.615337785389734 ], [ 86.784328965778016, 38.578937126828585 ], [ 86.791067129328852, 38.584231888395244 ], [ 86.832010999369885, 38.560726396568683 ], [ 86.875096737522966, 38.524044604594337 ], [ 86.896612903348426, 38.50924837471608 ], [ 86.913209350437015, 38.504843109120209 ], [ 86.903879312782706, 38.519548012272359 ], [ 86.910847108629937, 38.523696506050435 ], [ 86.904128524243447, 38.536911302739661 ], [ 86.959376875858439, 38.484528790350915 ], [ 86.99050852148936, 38.455312368146885 ], [ 87.050509643101734, 38.382985213328425 ], [ 87.131297262539988, 38.288111741649324 ], [ 87.272532876649265, 38.12490785865095 ], [ 87.45626411535693, 37.897423794080922 ], [ 87.504532018769225, 37.840275384494419 ], [ 87.630568332917463, 37.671712760634684 ], [ 87.637119076345442, 37.672489249068178 ], [ 87.553859295647626, 37.788302173121281 ], [ 87.614264976466131, 37.709794477285087 ], [ 87.585650302461715, 37.76004661715033 ], [ 87.894991221312154, 37.322812438696062 ], [ 87.840165804497559, 37.406640815197399 ], [ 87.854781866084863, 37.392384710253552 ], [ 87.603384150952905, 37.757813190849959 ], [ 87.680849029409814, 37.659028630782707 ], [ 87.647513409536572, 37.709008182118509 ], [ 87.743972772756564, 37.575120782843904 ], [ 87.758756247298464, 37.564446702790384 ], [ 87.845205884254057, 37.43661001984276 ], [ 87.985065367064053, 37.229930854412537 ], [ 87.986788342246399, 37.23067843790237 ], [ 88.086216267715528, 37.081708605839843 ], [ 88.175261287920748, 36.940112745054314 ], [ 88.2318537391413, 36.849924885699281 ], [ 88.288891435493454, 36.770904730210866 ], [ 88.32237463730749, 36.729055277975107 ], [ 88.347332729470153, 36.704296362749993 ], [ 88.332068445642847, 36.715893286574286 ], [ 88.348946207635336, 36.696633873477637 ], [ 88.3833405331374, 36.671814151625156 ], [ 88.394150661399124, 36.660775837715157 ], [ 88.39077005936285, 36.658901527177882 ], [ 88.398907586834582, 36.651991997420502 ], [ 88.406310648348736, 36.648575214747005 ], [ 88.411357686378963, 36.643478370006861 ], [ 88.42188345196513, 36.640352157398432 ], [ 88.434527681602376, 36.634982291914696 ], [ 88.436932866523449, 36.631647747037377 ], [ 88.451682910556883, 36.621345015502193 ], [ 88.445646202391544, 36.622276015357208 ], [ 88.449302244068079, 36.619044485528981 ], [ 88.469333081839039, 36.610361708694484 ], [ 88.476301626363323, 36.606618167940454 ], [ 88.490717817677321, 36.601519172336218 ], [ 88.509376507338871, 36.592015975589824 ], [ 88.530753062513142, 36.583806045962419 ], [ 88.540003782959658, 36.58478237176255 ], [ 88.551822318227138, 36.583864706929553 ], [ 88.562133260424076, 36.581717090887338 ], [ 88.572369302766248, 36.574628696628345 ], [ 88.584414592694301, 36.57221369196732 ], [ 88.590407244941829, 36.568143555311714 ], [ 88.598428773095705, 36.568769583159622 ], [ 88.615170909335006, 36.564809406327917 ], [ 88.627008332644223, 36.566394586843536 ], [ 88.630529084651513, 36.564936437187228 ], [ 88.638813235753958, 36.565788228448532 ], [ 88.647786247339326, 36.563707705415091 ], [ 88.651465659743735, 36.560929351998396 ], [ 88.657564792287303, 36.559678938741399 ], [ 88.661657437522422, 36.561273395431201 ], [ 88.674981817323655, 36.55704007587542 ], [ 88.678299666601674, 36.557523511321179 ], [ 88.68523796228942, 36.556269567948412 ], [ 88.691481161498359, 36.55549997904302 ], [ 88.698734352326852, 36.552495556529223 ], [ 88.714371374664594, 36.545292238620746 ], [ 88.722278354003009, 36.543008408943564 ], [ 88.729076301489812, 36.539565866957709 ], [ 88.727020154153422, 36.538410659066152 ], [ 88.733212431997472, 36.533654220756944 ], [ 88.764217971059765, 36.523124538753173 ], [ 88.783610497867485, 36.520631559460433 ], [ 88.79637488152369, 36.514304684674059 ], [ 88.826101960041967, 36.502030953498917 ], [ 88.819059404958821, 36.509690827439989 ], [ 88.846785747316872, 36.503407184509399 ], [ 88.86509171644974, 36.497057191279616 ], [ 88.905794092204644, 36.4909520438895 ], [ 88.90338130828502, 36.493446939368418 ], [ 88.948415524446375, 36.481892476733968 ], [ 88.970265379345477, 36.477794447037446 ], [ 89.071290502865054, 36.451531819153892 ], [ 89.064916417481143, 36.448971641819213 ], [ 89.131476023870718, 36.422043007874144 ], [ 89.12357796907348, 36.415753454355858 ], [ 89.293320311763267, 36.348804160998341 ], [ 89.605377411713661, 36.32333202981431 ], [ 89.423285360281, 36.292873584956531 ], [ 89.669247761397287, 36.28409540393146 ], [ 89.767437735802844, 36.27880149964215 ], [ 90.333798874481886, 36.366533991563394 ], [ 90.482995573025093, 36.351911040725739 ], [ 90.991575569455478, 36.213152632474745 ], [ 91.248855382233614, 36.020222264380237 ], [ 91.323477045133785, 35.843415252044714 ], [ 91.96234264820842, 35.098216621018977 ], [ 91.837207432169308, 35.131944292153612 ], [ 92.044585503739569, 34.864179048575338 ], [ 92.106546927967614, 34.622785386380066 ], [ 92.053865794159449, 34.502641302575704 ], [ 92.570495899787062, 33.830791453157481 ], [ 92.665772057391791, 33.603957583349711 ], [ 92.275200240582976, 33.961783288557541 ], [ 92.175593266118739, 33.904870331701041 ], [ 91.973602945057152, 34.083013283142307 ], [ 91.634397072901152, 34.478331490825425 ], [ 91.049262760264497, 35.010123476773821 ], [ 91.281088379490427, 34.656174112470637 ], [ 91.244623750653275, 34.589047339488523 ], [ 90.747582434318417, 35.056769581356384 ], [ 90.738398443663826, 35.02618841928625 ], [ 90.323273123088242, 35.31810950821864 ], [ 90.010092219442626, 35.538824109056044 ], [ 89.499875074305947, 35.785648796607383 ], [ 89.412822523809268, 35.856582395995623 ], [ 89.396483480710756, 35.920360623926456 ], [ 89.176009024455027, 36.04934407601317 ], [ 89.140800934023957, 36.042144786199799 ], [ 89.094203040628045, 36.08816483964479 ], [ 89.080475451645327, 36.122070832896313 ], [ 89.021084092977119, 36.18501858716224 ], [ 89.014741780967668, 36.176847948971037 ], [ 88.984837108334347, 36.187032731060704 ], [ 88.970800697685078, 36.167552558296364 ], [ 88.928088965025722, 36.18553531982964 ], [ 88.905942825627505, 36.210543489785415 ], [ 88.883487447851849, 36.224121967206877 ], [ 88.861126155104373, 36.257360873153694 ], [ 88.836908667777521, 36.239157012473648 ], [ 88.828898173270488, 36.197962022398649 ], [ 88.805410558128926, 36.175455108931942 ], [ 88.769152750319833, 36.178650381509904 ], [ 88.758088438337836, 36.159473989242869 ], [ 88.760887424402711, 36.134400491787098 ], [ 88.741438571818563, 36.13237079080902 ], [ 88.726706469732136, 36.116309856353283 ], [ 88.711741046004022, 36.112388158915458 ], [ 88.718955584891546, 36.089814324125811 ], [ 88.698914124717533, 36.082054405373704 ], [ 88.680791899179439, 36.091703465379858 ], [ 88.661604723840796, 36.081938549750106 ], [ 88.633421232056037, 36.092284304947114 ], [ 88.6282137827057, 36.103653160159993 ], [ 88.60195774205026, 36.12147926586109 ], [ 88.592055262534359, 36.110778420033931 ], [ 88.572016952250024, 36.120461558002312 ], [ 88.564307568548244, 36.126687520216642 ], [ 88.551693937573219, 36.126581017560284 ], [ 88.530188568305633, 36.136733223968143 ], [ 88.52705744800376, 36.134389292605618 ], [ 88.512263564018696, 36.140263682058084 ], [ 88.500861128441215, 36.137461056820669 ], [ 88.495734726452909, 36.125392004207335 ], [ 88.49118499231507, 36.119573303131013 ], [ 88.494838426932134, 36.101504539968246 ], [ 88.502297845481138, 36.093500822698239 ], [ 88.496356702792241, 36.089597447240614 ], [ 88.483186353658525, 36.104761281491058 ], [ 88.477418307289454, 36.121629736946268 ], [ 88.470717931077644, 36.134447822072509 ], [ 88.459741329859455, 36.142908443519609 ], [ 88.452075340631154, 36.138582101126822 ], [ 88.4384603963111, 36.138486823562708 ], [ 88.433266268382923, 36.142126439186931 ], [ 88.432603194788072, 36.135633773657112 ], [ 88.422251207903585, 36.141978028320935 ], [ 88.413299745993314, 36.142978243598932 ], [ 88.409005939639343, 36.1490645363019 ], [ 88.398355114115631, 36.157071395839914 ], [ 88.393248692942123, 36.163828052379188 ], [ 88.390023180194063, 36.161607762530274 ], [ 88.391412153820824, 36.15339399425595 ], [ 88.384078032908931, 36.159703586710279 ], [ 88.377806228085916, 36.172456411510794 ], [ 88.377599827350863, 36.159837538312097 ], [ 88.369919067094813, 36.174534615480553 ], [ 88.360281158576853, 36.190429531341323 ], [ 88.354825108500322, 36.186907276345167 ], [ 88.347932987968989, 36.191858755638066 ], [ 88.344147769540712, 36.200760633314864 ], [ 88.342079245166218, 36.21180334186748 ], [ 88.337734825528642, 36.216542194003765 ], [ 88.336794597743747, 36.209497824415919 ], [ 88.332689475941379, 36.213884920871614 ], [ 88.321474486401371, 36.232711304259439 ], [ 88.317666120127669, 36.235111916896081 ], [ 88.315349783760084, 36.244919247847101 ], [ 88.307155322380979, 36.265981536687597 ], [ 88.303403273399951, 36.268783976361817 ], [ 88.300665756988494, 36.256620267145756 ], [ 88.290358612649015, 36.286330634215162 ], [ 88.282726000422855, 36.295304536395754 ], [ 88.280178027325263, 36.294054177273168 ], [ 88.274420802946224, 36.310677230163641 ], [ 88.265568172319618, 36.312533175977642 ], [ 88.263068421406771, 36.335802636183871 ], [ 88.25853440036343, 36.33191601061251 ], [ 88.24627120944362, 36.326364360654352 ], [ 88.229766882935593, 36.295698494066421 ], [ 88.222267581045926, 36.267539263629196 ], [ 88.14874594694885, 36.178807525410789 ], [ 88.161604318444475, 36.213981638480341 ], [ 88.040511361919641, 36.16773916692901 ], [ 87.467802917300972, 36.021068508577827 ], [ 87.611280205890125, 36.109796742954906 ], [ 87.171684030611715, 36.008817622787987 ], [ 86.94158634873493, 36.004050489383289 ], [ 86.237765664719134, 35.782555311821696 ], [ 85.802345799473258, 35.729781107114107 ], [ 85.83534269495334, 35.845885232333323 ], [ 85.656791941151795, 35.85385441940489 ], [ 85.124800074116123, 35.58266257666935 ], [ 85.026609796643768, 35.571472528549414 ], [ 85.430285384532098, 35.864358262756127 ], [ 85.316486326780165, 35.949030285324525 ], [ 85.633964616061419, 36.117256530300445 ], [ 85.409982548191692, 36.174397225600408 ], [ 85.420662825976052, 36.410664419725613 ], [ 86.059896049195743, 36.656541788382675 ], [ 86.049693912858345, 36.505102003830032 ], [ 86.285824548949691, 36.487253835485738 ], [ 86.756863473117448, 36.603346683196598 ], [ 87.792363431824811, 36.553308022448803 ], [ 87.814439457217262, 36.587473041371076 ], [ 87.491520895555098, 36.751399871732559 ], [ 87.494371909673632, 36.858610504633127 ], [ 87.045137397523135, 36.988391877105947 ], [ 86.725009671538913, 37.203437046685664 ], [ 86.708281407434626, 37.364312031106508 ], [ 86.864176849174072, 37.355185165385755 ], [ 86.620501184687456, 37.766559490469945 ], [ 86.954876958448025, 37.784030149608391 ], [ 86.774421845172554, 38.253210219145082 ], [ 86.693147720115675, 38.367181768172891 ], [ 86.761078844104262, 38.355910197861533 ], [ 86.728138963243438, 38.418167275696675 ], [ 86.733335602390213, 38.461875170187632 ], [ 86.759771257797752, 38.461432403519865 ], [ 86.741791022693334, 38.521959772571876 ], [ 86.711727022994467, 38.577745469376531 ], [ 86.710949487086879, 38.59159522009422 ] ] ] } },
{ "type": "Feature", "properties": { "ADM1_EN": "Gansu province", "gdp": 182581, "ADM1_ZH": "甘肃省", "ADM1_PCODE": "CN062", "ADM0_EN": "China", "ADM0_ZH": "中国", "ADM0_PCODE": "CN", "join_name": "gansuprovince", "pop": 182581 }, "geometry": { "type": "Polygon", "coordinates": [ [ [ 93.825218060651736, 37.470235804669834 ], [ 93.985897680044644, 37.327816083518869 ], [ 93.917857444993118, 37.295383204765194 ], [ 93.47677443995137, 37.461888567272226 ], [ 93.215816166855305, 37.611731802671166 ], [ 92.874201792109488, 37.834109807181918 ], [ 92.868477747536502, 37.875291076507843 ], [ 92.792029348197616, 37.95752526069424 ], [ 92.743425103155971, 37.992933062485335 ], [ 92.713702892165699, 38.0025322207496 ], [ 92.667251787115546, 37.991559649304108 ], [ 92.53930822684849, 37.974475244789055 ], [ 92.51221621297195, 37.989380776671489 ], [ 92.445695808134218, 37.988559273978922 ], [ 92.390179581786754, 37.984486057820575 ], [ 92.343156425527212, 37.973048436732256 ], [ 92.325044211153283, 37.975270707133731 ], [ 92.271057394650583, 37.972178796122407 ], [ 92.396437991084824, 37.944721959554869 ], [ 92.393848775693627, 37.934159667329666 ], [ 92.367616626599656, 37.923948541729416 ], [ 92.31288401244079, 37.919971617318986 ], [ 92.28571582368275, 37.928883227092456 ], [ 92.294920568874957, 37.937848882734521 ], [ 92.241494408689647, 37.954714735459639 ], [ 92.200353360353049, 37.962226744707074 ], [ 92.180300531077776, 37.974773237400953 ], [ 92.105848490710699, 37.990051738007402 ], [ 92.088682907555707, 38.002771109846584 ], [ 92.032150138780779, 38.022610472963649 ], [ 92.008393354071316, 38.031330531797892 ], [ 92.001528086558451, 38.038221122028432 ], [ 92.02911589016918, 38.035762057114866 ], [ 92.145088031450783, 38.003386274411952 ], [ 92.181364286319607, 37.991065763991415 ], [ 92.251037333576789, 37.991665495887879 ], [ 92.226132515420929, 38.000329850152482 ], [ 92.148125836352946, 38.018292388117061 ], [ 92.154931743963473, 38.024955126838179 ], [ 92.242581808415096, 38.021921389626719 ], [ 92.20773250076752, 38.028292746139591 ], [ 92.208254719141365, 38.032853129895777 ], [ 92.254019003748596, 38.032368046921825 ], [ 92.320729496789653, 38.033601761488796 ], [ 92.307053188937374, 38.043652719985886 ], [ 92.387287246683343, 38.055950609444153 ], [ 92.430435351829161, 38.087483663191499 ], [ 92.350743545796092, 38.085921423407171 ], [ 92.304046646299611, 38.095821887799353 ], [ 92.352120237041674, 38.124325175731592 ], [ 92.286255963156947, 38.120608740657168 ], [ 92.313623695017, 38.169528332321171 ], [ 92.162577496507666, 38.150770841039389 ], [ 92.190820883020578, 38.195417811349337 ], [ 92.153066988634336, 38.186513727623122 ], [ 92.103982651856128, 38.146041346143775 ], [ 92.021531733172807, 38.148885073953579 ], [ 91.991913576067645, 38.137858794337284 ], [ 91.998964487317139, 38.149848635098358 ], [ 91.983837576612615, 38.142714096382718 ], [ 91.980715211710958, 38.147562793619933 ], [ 91.964086195427427, 38.133875996510206 ], [ 91.959108570999831, 38.126138807072074 ], [ 91.932273054415262, 38.118909661092836 ], [ 91.908162190061034, 38.121103191198571 ], [ 91.887342362468587, 38.114717288045497 ], [ 91.866076254931954, 38.103494036119301 ], [ 91.842430277826239, 38.096529967661439 ], [ 91.813306704656398, 38.082369723243509 ], [ 91.779450551198835, 38.074117407293762 ], [ 91.735609305184568, 38.065391589845504 ], [ 91.697370160437927, 38.05443397320073 ], [ 91.658527597414803, 38.04024609471832 ], [ 91.661728937849446, 38.036769169572715 ], [ 91.644259107891628, 38.022030547920643 ], [ 91.651483854922148, 38.018249380911989 ], [ 91.584500860566877, 37.986944613367761 ], [ 91.462709624609985, 37.930039611889292 ], [ 89.995376927245658, 37.333623263433125 ], [ 89.357032257420073, 36.931657833943802 ], [ 88.945424533229669, 36.686225263229531 ], [ 88.765750097038293, 36.67167845729702 ], [ 88.732553545518741, 36.667718566111965 ], [ 88.69866212266372, 36.670568380076908 ], [ 88.626699643644301, 36.682832646855054 ], [ 88.621913255608334, 36.681128072550905 ], [ 88.551733350921452, 36.714555810514881 ], [ 88.5468048134844, 36.712366240873081 ], [ 88.420241779683593, 36.810526049767695 ], [ 88.313562418808658, 37.008782277487846 ], [ 87.484057926562542, 38.304880442244929 ], [ 87.224855349194939, 38.589415034099218 ], [ 87.207419103535514, 38.630400340756161 ], [ 87.142056975463689, 38.713831447733853 ], [ 87.274805479563511, 38.611557640751229 ], [ 87.426466320867803, 38.512803383909535 ], [ 87.453559369587936, 38.569567883447611 ], [ 88.186591523078448, 38.287896388644747 ], [ 88.87347356347982, 38.282145758897926 ], [ 89.42094988972994, 38.398370538874993 ], [ 90.405938856259198, 38.462948615634623 ], [ 90.755930785747296, 38.487796646943089 ], [ 90.745891669058466, 38.56627568702821 ], [ 90.562051868740397, 38.674474979232052 ], [ 91.236514490771981, 38.611686496415324 ], [ 91.729188691186678, 38.553552398718395 ], [ 91.819309274535215, 38.559696213197121 ], [ 91.92756955162821, 38.461822096759029 ], [ 91.995536786711696, 38.355156829985098 ], [ 91.951109356171273, 38.315159814268341 ], [ 91.978151209949303, 38.278988745999072 ], [ 92.001487088621857, 38.271127191994331 ], [ 91.970729760803863, 38.227378396361978 ], [ 92.002968239551961, 38.251940766181335 ], [ 92.042241237573506, 38.296603917981415 ], [ 92.093570510042937, 38.340619651093128 ], [ 92.151630245145526, 38.3757133246202 ], [ 92.181199878030952, 38.395198520722843 ], [ 92.253916471559634, 38.423990276991695 ], [ 92.255043028595907, 38.416194792788552 ], [ 92.148197058470103, 38.354663514830733 ], [ 92.120604328867927, 38.331784866286121 ], [ 92.046539087996507, 38.265654844669506 ], [ 92.021849457311916, 38.236466258684167 ], [ 92.050377589099256, 38.262596938886375 ], [ 92.095903058051192, 38.295979829380592 ], [ 92.082194689096042, 38.278637109510591 ], [ 92.091132878480551, 38.280215649614973 ], [ 92.16014622500407, 38.327971923951552 ], [ 92.1212484465957, 38.294500041173023 ], [ 92.108644331312917, 38.275614050943197 ], [ 92.182450124947181, 38.324810477524238 ], [ 92.163270767380936, 38.302485643827517 ], [ 92.241956539694471, 38.334426500230045 ], [ 92.344595594765636, 38.367786420280169 ], [ 92.462689429168321, 38.398178057498221 ], [ 92.420988603308444, 38.404741139371325 ], [ 92.487131433342924, 38.409972582917192 ], [ 92.587445300682475, 38.415891210186778 ], [ 92.601939703040927, 38.412798701844487 ], [ 92.65096311289912, 38.409464480172659 ], [ 92.710021920709806, 38.424092958203033 ], [ 92.748578534604547, 38.435933216215787 ], [ 92.778680423207078, 38.444143399886023 ], [ 92.768407801351429, 38.433615227415494 ], [ 92.773597961263803, 38.424970382652013 ], [ 92.764040783523029, 38.415325528588447 ], [ 92.744491132737366, 38.406694448511864 ], [ 92.726522189779942, 38.392752976702972 ], [ 92.677648361373471, 38.3783516638576 ], [ 92.683895078940594, 38.364140827888455 ], [ 92.664104515531932, 38.356198117903183 ], [ 92.66654033061748, 38.345366559951017 ], [ 92.696105378998595, 38.344635708959451 ], [ 92.70766030394536, 38.337140666065714 ], [ 92.738951201129652, 38.333899593876318 ], [ 92.765924917365652, 38.340530312714364 ], [ 92.773348437034372, 38.333959198554616 ], [ 92.798458510264197, 38.336861291870022 ], [ 92.808478058461588, 38.330982321606882 ], [ 92.847802653775986, 38.331727127796711 ], [ 92.854125834694244, 38.323876034806482 ], [ 92.838889588112281, 38.306929918402702 ], [ 92.859371913179331, 38.308182014887535 ], [ 92.867268419437053, 38.282749555768866 ], [ 92.843897936107609, 38.268324894161395 ], [ 92.846194358081192, 38.250766018466187 ], [ 92.895637197125623, 38.254180730085466 ], [ 92.929808198275836, 38.235099919820854 ], [ 92.997907324451461, 38.222267902394755 ], [ 93.17554881973787, 38.225139897492419 ], [ 93.123561289966901, 38.26501080423084 ], [ 93.46744494840307, 38.273471876744836 ], [ 94.109241329647787, 38.305450363643807 ], [ 93.985074434404623, 38.334670846857733 ], [ 94.394681625569859, 38.403121413698898 ], [ 94.213083582915615, 38.423696338654452 ], [ 93.526384453737492, 38.376604462237829 ], [ 93.397426612170122, 38.403075184079938 ], [ 94.114183966132487, 38.553315831819276 ], [ 94.071940640057178, 38.587828066162807 ], [ 94.521018699688028, 38.72923385668372 ], [ 96.554133962669312, 39.329227541121071 ], [ 96.41681162797299, 39.171400439124049 ], [ 96.690432073450324, 39.253981131998515 ], [ 97.213768130403153, 39.428086193248696 ], [ 97.224806930232049, 39.356592242747141 ], [ 97.483495565750474, 39.371563907269504 ], [ 98.235829558378555, 39.487016167733422 ], [ 98.077267973910381, 39.355181029078054 ], [ 97.978035136972579, 39.100469499193331 ], [ 97.70889137175196, 38.969123415274872 ], [ 97.753142083075161, 38.720923738960352 ], [ 97.722831891826331, 38.596343062752823 ], [ 97.497416307250319, 38.520643356132915 ], [ 97.174736836242332, 38.485144731395437 ], [ 96.713056792710447, 38.34928550920867 ], [ 96.267952580841154, 38.329769175250085 ], [ 96.102461576711136, 38.259003404737548 ], [ 96.370364948910961, 38.164714266164751 ], [ 95.114600972006997, 38.057109419919591 ], [ 94.064015502595495, 38.142768890183056 ], [ 93.219708063419418, 38.169491327854324 ], [ 93.375632765179063, 38.113927877028239 ], [ 93.223841089070007, 38.102921930157827 ], [ 93.952721462321875, 37.956255112124538 ], [ 94.163373224738251, 37.85138891241845 ], [ 93.92647313111128, 37.864928415895129 ], [ 94.463173431842876, 37.64547030968172 ], [ 94.465121377276517, 37.606447793956768 ], [ 94.018049982703928, 37.684500799254629 ], [ 93.543093658336474, 37.82204759613014 ], [ 93.49427259356051, 37.768413838171284 ], [ 94.074597063264775, 37.54471977964473 ], [ 94.381420018321705, 37.339387228974381 ], [ 94.071647870675449, 37.366235039724529 ], [ 93.825218060651736, 37.470235804669834 ] ] ] } },
{ "type": "Feature", "properties": { "ADM1_EN": "Hong Kong Special Administrative Region", "gdp": 406863, "ADM1_ZH": "香港特别行政区", "ADM1_PCODE": "CN081", "ADM0_EN": "China", "ADM0_ZH": "中国", "ADM0_PCODE": "CN", "join_name": "hongkongspecialadministrativeregion", "pop": 406863 }, "geometry": { "type": "Polygon", "coordinates": [ [ [ 111.102939302950517, 21.809501098913049 ], [ 112.16860131968393, 20.773604905297287 ], [ 110.971412101473391, 20.294080904656727 ], [ 110.183156189326368, 21.500270704246113 ], [ 111.102939302950517, 21.809501098913049 ] ] ] } },
{ "type": "Feature", "properties": { "ADM1_EN": "Qinghai Province", "gdp": 55476, "ADM1_ZH": "青海省", "ADM1_PCODE": "CN063", "ADM0_EN": "China", "ADM0_ZH": "中国", "ADM0_PCODE": "CN", "join_name": "qinghaiprovince", "pop": 55476 }, "geometry": { "type": "Polygon", "coordinates": [ [ [ 88.347332729470153, 36.704296362749993 ], [ 88.372811435544705, 36.68608745384212 ], [ 88.36457790944516, 36.695591663353078 ], [ 88.386341936088144, 36.679922459115858 ], [ 88.445122664077587, 36.654265669498059 ], [ 88.467355004877206, 36.645724196046864 ], [ 88.506612475645582, 36.636422178441912 ], [ 88.465084525967129, 36.655446251208168 ], [ 88.415438045201711, 36.675638532671961 ], [ 88.38344393223025, 36.699961259244056 ], [ 88.387425248862243, 36.701884993720462 ], [ 88.452021210063464, 36.673813316459771 ], [ 88.442831106355598, 36.68138748541562 ], [ 88.379855239874615, 36.725273096438833 ], [ 88.3346884019291, 36.776888243466217 ], [ 88.213152673477623, 36.957541730904147 ], [ 87.995540574500154, 37.333968900868321 ], [ 87.389924072706478, 38.181035508147176 ], [ 87.245993297869958, 38.36913346857478 ], [ 87.12222084209229, 38.521350986803043 ], [ 87.112947846381331, 38.560260788323809 ], [ 87.134260170804922, 38.542757144967098 ], [ 87.19358340518653, 38.496192219167774 ], [ 87.356999341682368, 38.356237163016324 ], [ 87.935211744733948, 37.652216721668694 ], [ 87.949042090157079, 37.658337718700402 ], [ 88.420241779683593, 36.810526049767695 ], [ 88.5468048134844, 36.712366240873081 ], [ 88.551733350921452, 36.714555810514881 ], [ 88.621913255608334, 36.681128072550905 ], [ 88.626699643644301, 36.682832646855054 ], [ 88.69866212266372, 36.670568380076908 ], [ 88.732553545518741, 36.667718566111965 ], [ 88.765750097038293, 36.67167845729702 ], [ 88.945424533229669, 36.686225263229531 ], [ 89.357032257420073, 36.931657833943802 ], [ 89.995376927245658, 37.333623263433125 ], [ 91.462709624609985, 37.930039611889292 ], [ 91.584500860566877, 37.986944613367761 ], [ 91.651483854922148, 38.018249380911989 ], [ 91.644259107891628, 38.022030547920643 ], [ 91.661728937849446, 38.036769169572715 ], [ 91.658527597414803, 38.04024609471832 ], [ 91.697370160437927, 38.05443397320073 ], [ 91.735609305184568, 38.065391589845504 ], [ 91.779450551198835, 38.074117407293762 ], [ 91.813306704656398, 38.082369723243509 ], [ 91.842430277826239, 38.096529967661439 ], [ 91.866076254931954, 38.103494036119301 ], [ 91.887342362468587, 38.114717288045497 ], [ 91.908162190061034, 38.121103191198571 ], [ 91.932273054415262, 38.118909661092836 ], [ 91.959108570999831, 38.126138807072074 ], [ 91.964086195427427, 38.133875996510206 ], [ 91.980715211710958, 38.147562793619933 ], [ 91.983837576612615, 38.142714096382718 ], [ 91.998964487317139, 38.149848635098358 ], [ 91.991913576067645, 38.137858794337284 ], [ 92.021531733172807, 38.148885073953579 ], [ 92.103982651856128, 38.146041346143775 ], [ 92.153066988634336, 38.186513727623122 ], [ 92.190820883020578, 38.195417811349337 ], [ 92.162577496507666, 38.150770841039389 ], [ 92.313623695017, 38.169528332321171 ], [ 92.286255963156947, 38.120608740657168 ], [ 92.352120237041674, 38.124325175731592 ], [ 92.304046646299611, 38.095821887799353 ], [ 92.350743545796092, 38.085921423407171 ], [ 92.430435351829161, 38.087483663191499 ], [ 92.387287246683343, 38.055950609444153 ], [ 92.307053188937374, 38.043652719985886 ], [ 92.320729496789653, 38.033601761488796 ], [ 92.254019003748596, 38.032368046921825 ], [ 92.208254719141365, 38.032853129895777 ], [ 92.20773250076752, 38.028292746139591 ], [ 92.242581808415096, 38.021921389626719 ], [ 92.154931743963473, 38.024955126838179 ], [ 92.148125836352946, 38.018292388117061 ], [ 92.226132515420929, 38.000329850152482 ], [ 92.251037333576789, 37.991665495887879 ], [ 92.181364286319607, 37.991065763991415 ], [ 92.145088031450783, 38.003386274411952 ], [ 92.02911589016918, 38.035762057114866 ], [ 92.001528086558451, 38.038221122028432 ], [ 92.008393354071316, 38.031330531797892 ], [ 92.032150138780779, 38.022610472963649 ], [ 92.088682907555707, 38.002771109846584 ], [ 92.105848490710699, 37.990051738007402 ], [ 92.180300531077776, 37.974773237400953 ], [ 92.200353360353049, 37.962226744707074 ], [ 92.241494408689647, 37.954714735459639 ], [ 92.238095773339111, 37.943099855937213 ], [ 92.255027534229242, 37.924910055306427 ], [ 92.163148757815037, 37.945934207084981 ], [ 92.169881919673045, 37.921540120892601 ], [ 92.220290151222926, 37.895127048921033 ], [ 92.170930042035337, 37.884077942441984 ], [ 92.113818152677368, 37.903139073776089 ], [ 92.084472581605482, 37.895429505619106 ], [ 92.036422666963745, 37.925143700157612 ], [ 92.00263653928522, 37.928069316345116 ], [ 91.944905630003177, 37.944460573983513 ], [ 91.866994865716919, 37.929026380365919 ], [ 91.678206151791514, 37.801017887614655 ], [ 91.483308161170797, 37.620969598529896 ], [ 90.91877618163808, 37.028977673189004 ], [ 91.262014562979957, 37.390643106929474 ], [ 91.370338859587903, 37.542830003401562 ], [ 90.693618558030323, 36.978874457307207 ], [ 89.391689282125753, 36.469090791151878 ], [ 89.172875412974847, 36.471827804745686 ], [ 89.123396673218025, 36.474166640880391 ], [ 88.994571028948585, 36.488003383571275 ], [ 88.993716581075773, 36.484698815100117 ], [ 89.022581394448537, 36.478961843781839 ], [ 88.954249314761, 36.488566302603168 ], [ 88.950965386094666, 36.487716734650803 ], [ 88.908526917079243, 36.496091027750921 ], [ 88.923201953229196, 36.490762470421906 ], [ 88.970265379345477, 36.477794447037446 ], [ 88.948415524446375, 36.481892476733968 ], [ 88.90338130828502, 36.493446939368418 ], [ 88.905794092204644, 36.4909520438895 ], [ 88.86509171644974, 36.497057191279616 ], [ 88.846785747316872, 36.503407184509399 ], [ 88.819059404958821, 36.509690827439989 ], [ 88.826101960041967, 36.502030953498917 ], [ 88.79637488152369, 36.514304684674059 ], [ 88.783610497867485, 36.520631559460433 ], [ 88.764217971059765, 36.523124538753173 ], [ 88.733212431997472, 36.533654220756944 ], [ 88.727020154153422, 36.538410659066152 ], [ 88.729076301489812, 36.539565866957709 ], [ 88.722278354003009, 36.543008408943564 ], [ 88.714371374664594, 36.545292238620746 ], [ 88.698734352326852, 36.552495556529223 ], [ 88.691481161498359, 36.55549997904302 ], [ 88.68523796228942, 36.556269567948412 ], [ 88.678299666601674, 36.557523511321179 ], [ 88.674981817323655, 36.55704007587542 ], [ 88.661657437522422, 36.561273395431201 ], [ 88.657564792287303, 36.559678938741399 ], [ 88.651465659743735, 36.560929351998396 ], [ 88.647786247339326, 36.563707705415091 ], [ 88.638813235753958, 36.565788228448532 ], [ 88.630529084651513, 36.564936437187228 ], [ 88.627008332644223, 36.566394586843536 ], [ 88.615170909335006, 36.564809406327917 ], [ 88.598428773095705, 36.568769583159622 ], [ 88.590407244941829, 36.568143555311714 ], [ 88.584414592694301, 36.57221369196732 ], [ 88.572369302766248, 36.574628696628345 ], [ 88.562133260424076, 36.581717090887338 ], [ 88.551822318227138, 36.583864706929553 ], [ 88.540003782959658, 36.58478237176255 ], [ 88.530753062513142, 36.583806045962419 ], [ 88.509376507338871, 36.592015975589824 ], [ 88.490717817677321, 36.601519172336218 ], [ 88.476301626363323, 36.606618167940454 ], [ 88.469333081839039, 36.610361708694484 ], [ 88.449302244068079, 36.619044485528981 ], [ 88.445646202391544, 36.622276015357208 ], [ 88.451682910556883, 36.621345015502193 ], [ 88.436932866523449, 36.631647747037377 ], [ 88.434527681602376, 36.634982291914696 ], [ 88.42188345196513, 36.640352157398432 ], [ 88.411357686378963, 36.643478370006861 ], [ 88.406310648348736, 36.648575214747005 ], [ 88.398907586834582, 36.651991997420502 ], [ 88.39077005936285, 36.658901527177882 ], [ 88.394150661399124, 36.660775837715157 ], [ 88.3833405331374, 36.671814151625156 ], [ 88.348946207635336, 36.696633873477637 ], [ 88.332068445642847, 36.715893286574286 ], [ 88.347332729470153, 36.704296362749993 ] ] ] } },
{ "type": "Feature", "properties": { "ADM1_EN": "Beijing Municipality", "gdp": 699876, "ADM1_ZH": "北京市", "ADM1_PCODE": "CN011", "ADM0_EN": "China", "ADM0_ZH": "中国", "ADM0_PCODE": "CN", "join_name": "beijingmunicipality", "pop": 699876 }, "geometry": { "type": "MultiPolygon", "coordinates": [ [ [ [ 105.219038427924218, 46.605700862919292 ], [ 105.286402108683092, 46.41872352867648 ], [ 105.290008270099335, 46.410178455943026 ], [ 105.294672271057721, 46.399619858831663 ], [ 105.285955057083356, 46.417674441049556 ], [ 105.28616973118514, 46.417007136982058 ], [ 105.280840895092098, 46.428876792618127 ], [ 105.274772483817642, 46.442923711587504 ], [ 105.264946848074729, 46.466047851860409 ], [ 105.254727221708279, 46.490812845311034 ], [ 105.23912678890683, 46.530407804004689 ], [ 105.218937009689384, 46.586912633094762 ], [ 105.219038427924218, 46.605700862919292 ] ] ], [ [ [ 105.219149162177104, 46.626560776256504 ], [ 105.221754692291583, 47.345662765353502 ], [ 110.627700207883436, 47.409576832260839 ], [ 110.71110849814319, 47.283700748417772 ], [ 110.7173328300713, 47.27265950563288 ], [ 105.219149162177104, 46.626560776256504 ] ] ], [ [ [ 110.723384273078253, 47.261919421495392 ], [ 110.756901184371117, 47.202334886005033 ], [ 110.778317933724779, 47.159326457136594 ], [ 110.723384273078253, 47.261919421495392 ] ] ], [ [ [ 110.780020986451376, 47.156316239238301 ], [ 110.776734207520491, 47.163158342633324 ], [ 110.778606997655928, 47.159293291634647 ], [ 110.780020986451376, 47.156316239238301 ] ] ] ] } },
{ "type": "Feature", "properties": { "ADM1_EN": "Inner Mongolia Autonomous Region", "gdp": 369499, "ADM1_ZH": "内蒙古自治区", "ADM1_PCODE": "CN015", "ADM0_EN": "China", "ADM0_ZH": "中国", "ADM0_PCODE": "CN", "join_name": "innermongoliaautonomousregion", "pop": 369499 }, "geometry": { "type": "MultiPolygon", "coordinates": [ [ [ [ 105.19744714780667, 46.658528203749981 ], [ 105.208369133951805, 46.620097519816561 ], [ 105.215937997782575, 46.596020184701203 ], [ 105.228276432128951, 46.559822628010366 ], [ 105.234256626586699, 46.543357699189848 ], [ 105.241452738422922, 46.524252148248635 ], [ 105.247358997522198, 46.509083634427952 ], [ 105.254742611028576, 46.490531092666863 ], [ 105.256399560262977, 46.48633679075725 ], [ 105.26219493545841, 46.471898214485897 ], [ 105.263053135500385, 46.46964862738821 ], [ 105.261577477910592, 46.473122651554789 ], [ 105.263529362672188, 46.468056950358395 ], [ 105.267513152362142, 46.457882066763617 ], [ 105.26614261336519, 46.460579414295275 ], [ 105.271197392084773, 46.446730599683718 ], [ 105.279148454971505, 46.424724298429879 ], [ 105.281068784329818, 46.415641495735628 ], [ 105.287163059950842, 46.394305578880406 ], [ 105.288295801592852, 46.386243617237348 ], [ 105.285535553842422, 46.393732405294948 ], [ 105.290696971790581, 46.355904349599541 ], [ 105.291260573853435, 46.312463491572395 ], [ 105.264733440239155, 46.242366753591597 ], [ 104.921623475944855, 45.864188961113506 ], [ 102.431084097432787, 43.682662376321765 ], [ 101.664275184593762, 42.975588109654453 ], [ 100.668974369029996, 42.131923490447825 ], [ 100.024904042959648, 41.5786793451161 ], [ 99.823075407745733, 41.367328246978339 ], [ 99.894361860858822, 41.336813552071163 ], [ 99.617911392049379, 41.056586887935168 ], [ 99.366574229989396, 40.92911509062472 ], [ 99.23584424197513, 40.724751625431956 ], [ 98.557600118823032, 40.400089314612252 ], [ 98.153241711631793, 40.241710478542636 ], [ 98.189386534136432, 40.33545061446781 ], [ 97.707113533034033, 40.174461413462183 ], [ 97.446962320174563, 40.07867006046493 ], [ 97.400729135065433, 40.152078165729151 ], [ 96.899670143339421, 39.935269373930623 ], [ 96.370329943952584, 39.795791496250473 ], [ 96.906637092025491, 40.197513843539191 ], [ 97.189760318916527, 40.370960250357953 ], [ 97.695057704472944, 40.648812867405731 ], [ 97.688560579770012, 40.713579191488009 ], [ 97.870502355562863, 40.946230787256468 ], [ 96.909916833272646, 40.435133322938313 ], [ 96.645923345509729, 40.271010429168001 ], [ 95.808397760983397, 39.915802811843591 ], [ 94.848150524584767, 39.34959671986546 ], [ 94.215498917351667, 38.983992144425635 ], [ 93.507479507626641, 38.667627593066342 ], [ 93.44849774513942, 38.610355420374717 ], [ 93.017798170161143, 38.432862372307142 ], [ 92.890276288334007, 38.386836279521042 ], [ 92.809067653222456, 38.355650549992212 ], [ 92.7773630069875, 38.350160807751962 ], [ 92.738951201129652, 38.333899593876318 ], [ 92.70766030394536, 38.337140666065714 ], [ 92.696105378998595, 38.344635708959451 ], [ 92.66654033061748, 38.345366559951017 ], [ 92.664104515531932, 38.356198117903183 ], [ 92.683895078940594, 38.364140827888455 ], [ 92.677648361373471, 38.3783516638576 ], [ 92.726522189779942, 38.392752976702972 ], [ 92.744491132737366, 38.406694448511864 ], [ 92.764040783523029, 38.415325528588447 ], [ 92.773597961263803, 38.424970382652013 ], [ 92.768407801351429, 38.433615227415494 ], [ 92.778680423207078, 38.444143399886023 ], [ 92.748578534604547, 38.435933216215787 ], [ 92.710021920709806, 38.424092958203033 ], [ 92.65096311289912, 38.409464480172659 ], [ 92.601939703040927, 38.412798701844487 ], [ 92.587445300682475, 38.415891210186778 ], [ 92.487131433342924, 38.409972582917192 ], [ 92.420988603308444, 38.404741139371325 ], [ 92.462689429168321, 38.398178057498221 ], [ 92.344595594765636, 38.367786420280169 ], [ 92.241956539694471, 38.334426500230045 ], [ 92.163270767380936, 38.302485643827517 ], [ 92.182450124947181, 38.324810477524238 ], [ 92.108644331312917, 38.275614050943197 ], [ 92.1212484465957, 38.294500041173023 ], [ 92.16014622500407, 38.327971923951552 ], [ 92.091132878480551, 38.280215649614973 ], [ 92.082194689096042, 38.278637109510591 ], [ 92.095903058051192, 38.295979829380592 ], [ 92.050377589099256, 38.262596938886375 ], [ 92.021849457311916, 38.236466258684167 ], [ 92.046539087996507, 38.265654844669506 ], [ 92.120604328867927, 38.331784866286121 ], [ 92.148197058470103, 38.354663514830733 ], [ 92.255043028595907, 38.416194792788552 ], [ 92.253916471559634, 38.423990276991695 ], [ 92.181199878030952, 38.395198520722843 ], [ 92.151630245145526, 38.3757133246202 ], [ 92.093570510042937, 38.340619651093128 ], [ 92.042241237573506, 38.296603917981415 ], [ 92.002968239551961, 38.251940766181335 ], [ 91.970729760803863, 38.227378396361978 ], [ 92.001487088621857, 38.271127191994331 ], [ 91.978151209949303, 38.278988745999072 ], [ 91.951109356171273, 38.315159814268341 ], [ 91.995536786711696, 38.355156829985098 ], [ 91.92756955162821, 38.461822096759029 ], [ 91.819309274535215, 38.559696213197121 ], [ 92.130701332735967, 38.555248071411832 ], [ 92.371611923407784, 38.599321342488849 ], [ 92.551065843124292, 38.730283276632427 ], [ 92.692377466456961, 38.903307562036943 ], [ 93.040186998570022, 39.287585088518277 ], [ 93.533681059198614, 39.788382156478768 ], [ 93.453414661812545, 39.571173678429922 ], [ 93.694326435001315, 39.774759838184657 ], [ 94.397498415675201, 40.31186155031596 ], [ 95.155119604871388, 40.655233761402584 ], [ 95.916192520096288, 41.011571461639441 ], [ 97.180826164779774, 41.714114387029596 ], [ 96.926542509258226, 41.473335826377131 ], [ 97.800449070572085, 41.920377287305662 ], [ 98.390785318434368, 42.299003553564276 ], [ 102.389762281740403, 44.739565452736663 ], [ 104.115985076903797, 45.741660658463758 ], [ 105.236209203664416, 46.439209520569086 ], [ 105.242353415894456, 46.48376591989971 ], [ 105.239882789552908, 46.506767580693079 ], [ 105.238235567862858, 46.52086913412468 ], [ 105.232911488545739, 46.541639904139288 ], [ 105.228220846526739, 46.556334703506117 ], [ 105.226577804640101, 46.56170984306145 ], [ 105.223235816586595, 46.571986366049195 ], [ 105.216240527727962, 46.593633005622181 ], [ 105.202290326871577, 46.640026141709193 ], [ 105.19744714780667, 46.658528203749981 ] ] ], [ [ [ 105.196010595541509, 46.664012417915743 ], [ 105.190421514590113, 46.685333133846605 ], [ 105.187730736826637, 46.696688289186099 ], [ 105.177843997526367, 46.752904803623991 ], [ 105.196010595541509, 46.664012417915743 ] ] ], [ [ [ 105.168967927748952, 46.803199268761674 ], [ 105.165455383872541, 46.823056835700747 ], [ 105.160291282181333, 46.876373060262011 ], [ 105.15819632391127, 46.912585876652145 ], [ 105.157585022990617, 46.991890921585416 ], [ 105.164227169126988, 47.003972310643313 ], [ 105.168967927748952, 46.803199268761674 ] ] ], [ [ [ 105.175104308985638, 47.099311989312355 ], [ 105.165159320575825, 47.097033534666032 ], [ 105.181975433033017, 47.113894667772868 ], [ 105.175104308985638, 47.099311989312355 ] ] ], [ [ [ 105.653492145885991, 47.881415777770364 ], [ 105.754995233436574, 48.060366099004213 ], [ 106.447955924855563, 48.35059813921405 ], [ 106.592210488168107, 48.48746739879963 ], [ 106.771932528913538, 48.483867576650887 ], [ 107.053850401890585, 48.598591876021871 ], [ 108.811671946546625, 48.520329207911033 ], [ 109.005332549429255, 48.465801268538797 ], [ 109.127317066024716, 48.409867520416583 ], [ 109.180558095265425, 48.407618553989586 ], [ 109.14303656861108, 48.402639810860741 ], [ 109.872836053105829, 48.062060968741342 ], [ 105.222743802985775, 47.110212084815821 ], [ 105.277687682388901, 47.209644771915727 ], [ 106.022390828225284, 47.942024717134771 ], [ 105.653492145885991, 47.881415777770364 ] ] ], [ [ [ 109.950319820321724, 48.025319422635697 ], [ 109.982319189172827, 48.010112998997691 ], [ 110.206114631611214, 47.834638825271313 ], [ 109.950319820321724, 48.025319422635697 ] ] ], [ [ [ 110.33081531383985, 47.736086983174609 ], [ 110.351742618079626, 47.719493261426237 ], [ 110.460598396613406, 47.610945025690789 ], [ 110.511789152909628, 47.554558668952687 ], [ 110.572701025155496, 47.481852467607396 ], [ 110.582423643454263, 47.469595822795114 ], [ 110.648139957534454, 47.380950891356044 ], [ 110.66627407038213, 47.354433698648357 ], [ 110.676634842291833, 47.338825094571007 ], [ 110.688269502293252, 47.320855246739612 ], [ 110.685683584266656, 47.324916487643122 ], [ 110.692765128664021, 47.313843606942868 ], [ 110.699080834458144, 47.303787785624351 ], [ 110.71488275299933, 47.277913487816619 ], [ 110.715407007275502, 47.277083852821256 ], [ 110.722535969149092, 47.265056115596089 ], [ 110.726270461632524, 47.258713885180889 ], [ 110.736877301280231, 47.240399710447598 ], [ 110.739848769952317, 47.235147285810292 ], [ 110.751903770166095, 47.2138358877013 ], [ 110.758435972156775, 47.202120636559776 ], [ 110.769656021399257, 47.185028939643161 ], [ 110.77545478841202, 47.189068181217976 ], [ 110.772362924876177, 47.197814479954772 ], [ 110.761797603869468, 47.211326942969812 ], [ 110.74529113118723, 47.229379442161914 ], [ 110.742458710519415, 47.235130762011636 ], [ 110.733855732224669, 47.247880144225562 ], [ 110.726024151939299, 47.261205178665485 ], [ 110.707088813961079, 47.291532105508331 ], [ 110.699651942130188, 47.303212833703633 ], [ 110.681256282131315, 47.332103492103435 ], [ 110.667996873047201, 47.352145523220493 ], [ 110.661082616035529, 47.362392171158 ], [ 110.650492860083034, 47.377767290223467 ], [ 110.632784968213556, 47.40283863652455 ], [ 110.629398779107376, 47.407555554499147 ], [ 110.640255153300785, 47.392433070517626 ], [ 110.636398160720034, 47.397895481711835 ], [ 110.642279327723202, 47.389731859442335 ], [ 110.642430619851424, 47.390877845235529 ], [ 110.660221271153645, 47.365809595723725 ], [ 110.664042574795999, 47.361063833033604 ], [ 110.672063998025735, 47.35009542192234 ], [ 110.665648061617674, 47.365172769481873 ], [ 110.64028125889412, 47.450588161428662 ], [ 110.743843319351441, 47.601685716328035 ], [ 111.555619151161451, 48.108689267327684 ], [ 112.000788923664189, 48.455083630422692 ], [ 112.903179375486872, 48.954238931106033 ], [ 112.925194363225373, 49.001686257982243 ], [ 113.66880446750308, 49.388359360304356 ], [ 114.55249563694818, 49.96420898657086 ], [ 115.644213677285833, 50.391704232926067 ], [ 115.857147960280997, 50.550349835883097 ], [ 115.703322957737541, 50.657307339078045 ], [ 115.876742237644692, 50.846756790962417 ], [ 115.574990880648841, 50.854024596533073 ], [ 114.98066153639212, 50.704767551895024 ], [ 115.014578028042479, 50.833510400516801 ], [ 115.345441724081041, 50.96399398225136 ], [ 116.2149750611336, 51.429198408548928 ], [ 116.557406898333909, 51.456706737666728 ], [ 116.966634134903231, 51.549690605240656 ], [ 117.400788990918443, 51.36538227860305 ], [ 117.096925308261675, 51.137745750022603 ], [ 116.632635829728486, 50.939648353317544 ], [ 116.922628382255738, 50.889036951377832 ], [ 117.315759680351135, 50.896445042779824 ], [ 117.755411285901815, 50.840699165432746 ], [ 118.12535547837301, 50.979524681523721 ], [ 118.796281774243312, 50.772020049661457 ], [ 119.252221725611278, 50.51471770874911 ], [ 119.681907107694514, 50.382205608530839 ], [ 119.740089762567166, 50.313894821082421 ], [ 120.900683918297759, 50.132171068261236 ], [ 121.461959366669575, 50.128129808122161 ], [ 121.871371410420025, 50.030154126277459 ], [ 122.120229218529857, 49.9958720051822 ], [ 122.311099502251253, 49.948106886896348 ], [ 122.41814702607499, 49.940458675178085 ], [ 122.479699281385322, 49.970567164592602 ], [ 122.487129980225419, 50.0316757097156 ], [ 122.58402080670831, 49.997985946428493 ], [ 122.706496179670921, 49.924806845312652 ], [ 122.80319182328202, 49.829550934806043 ], [ 122.756461994310627, 49.795593378460119 ], [ 122.73809072924297, 49.738563181888068 ], [ 122.698821192940301, 49.719795245240817 ], [ 122.68322896195194, 49.682472009206897 ], [ 122.65354606860457, 49.638846383660876 ], [ 122.659361337315573, 49.585620859550247 ], [ 122.674833002433758, 49.554590166406264 ], [ 122.675949598758521, 49.523217344548343 ], [ 122.640995323673366, 49.524304154854036 ], [ 122.626395840529895, 49.483393938415531 ], [ 122.650300284386418, 49.405595413031136 ], [ 122.573547831568632, 49.451721404520868 ], [ 122.449203496517228, 49.428790077171399 ], [ 122.351435044281942, 49.435128093027956 ], [ 122.270410704660719, 49.426482962733736 ], [ 120.266191640137336, 49.192517010113846 ], [ 119.545415174422899, 49.064071342293701 ], [ 120.157313030001859, 49.096468348046784 ], [ 121.434545905980883, 49.268982410336577 ], [ 121.564046341523166, 49.241702896286604 ], [ 122.473655214109613, 49.324719516787205 ], [ 122.507775731795505, 49.298470105916216 ], [ 121.553372425123669, 49.197845801174005 ], [ 121.84313328026839, 49.199513208087048 ], [ 121.420046110114683, 49.087141358464734 ], [ 120.136759935085763, 48.844074478278976 ], [ 120.116764276710356, 48.761155021828351 ], [ 119.329317962352903, 48.659169669479475 ], [ 118.55910457866436, 48.596684241505166 ], [ 117.964612369074274, 48.492296818074394 ], [ 116.844753767615316, 48.39490855821461 ], [ 115.977154603955682, 48.260085801375297 ], [ 116.659669280141259, 48.291285222331879 ], [ 116.535505596303892, 48.2380509032334 ], [ 117.298340978367051, 48.314675984508284 ], [ 117.539767698113678, 48.300731713274672 ], [ 116.722022266317325, 48.111254047850757 ], [ 116.716284021417934, 48.027988890973511 ], [ 118.161905310928788, 48.117216087799029 ], [ 120.572640805432968, 48.502153665295765 ], [ 121.704445087058218, 48.61971367886359 ], [ 121.854515072440591, 48.504065108005967 ], [ 122.012409206429737, 48.503584176605095 ], [ 121.618912658527066, 48.336955057634803 ], [ 122.159212450254486, 48.421792094155549 ], [ 121.960065193663539, 48.193969608274472 ], [ 121.271577794371311, 48.072393860718947 ], [ 120.464778462614674, 47.796257433598917 ], [ 118.707523490581295, 47.643688585000788 ], [ 117.781392955204851, 47.502105474609785 ], [ 116.154474924923051, 47.453626982512858 ], [ 115.640594195154961, 47.346168518044131 ], [ 114.728429784836862, 47.257814520516263 ], [ 113.371676034786745, 47.1760506989907 ], [ 111.396752956113801, 46.953649201715415 ], [ 111.127697331685994, 46.944514641881156 ], [ 110.882717508712844, 46.963644989224733 ], [ 110.860895704244143, 46.974878103625308 ], [ 110.837105656827148, 47.026887764742234 ], [ 110.834003853522916, 47.034764952920938 ], [ 110.825818069334261, 47.053929422519026 ], [ 110.821639502266237, 47.064085790768843 ], [ 110.816352109328093, 47.076374518326709 ], [ 110.821617956359503, 47.06354418521898 ], [ 110.825142558520994, 47.054458754590016 ], [ 110.835659839582675, 47.02743497364709 ], [ 110.834404100718714, 47.030224673510197 ], [ 110.831424631153538, 47.037784716337967 ], [ 110.812262311369835, 47.085107631197587 ], [ 110.807924010034981, 47.095278259193023 ], [ 110.802432397625779, 47.107979863973164 ], [ 110.796221806805534, 47.122006431677313 ], [ 110.782923446877632, 47.15059416121391 ], [ 110.780976479270095, 47.154688206666435 ], [ 110.77307023284142, 47.170856467335916 ], [ 110.76579130725753, 47.185306098389553 ], [ 110.763525240713165, 47.189713647780636 ], [ 110.751212230950955, 47.213180553699594 ], [ 110.747908366724744, 47.21929570528183 ], [ 110.744450367362418, 47.225639223367502 ], [ 110.735707505816535, 47.241412651571196 ], [ 110.71638040065028, 47.27489352447494 ], [ 110.688618781391668, 47.320047164433937 ], [ 110.659450046076003, 47.364370102400905 ], [ 110.33081531383985, 47.736086983174609 ] ] ] ] } },
{ "type": "Feature", "properties": { "ADM1_EN": "Hubei Province", "gdp": 842678, "ADM1_ZH": "湖北省", "ADM1_PCODE": "CN042", "ADM0_EN": "China", "ADM0_ZH": "中国", "ADM0_PCODE": "CN", "join_name": "hubeiprovince", "pop": 842678 }, "geometry": { "type": "Polygon", "coordinates": [ [ [ 101.192022096655023, 31.573977774623039 ], [ 101.179402576990569, 31.803079727553058 ], [ 100.996814851432816, 31.711020366258726 ], [ 101.046301851479484, 32.119800766065161 ], [ 100.685860931839045, 32.375825385890735 ], [ 100.22175515674256, 32.486345325446187 ], [ 99.909738439577666, 33.765637295836925 ], [ 99.521972063972626, 34.10656231942005 ], [ 99.435412883329278, 34.460204875284745 ], [ 100.166751958622228, 34.437144156305727 ], [ 100.228045123674747, 34.691982520639847 ], [ 100.578126016332931, 34.436969668462801 ], [ 100.586729540728456, 34.548818802117871 ], [ 100.759590783998249, 34.496588268505178 ], [ 100.620809844263476, 34.769016877618256 ], [ 100.863717054966443, 34.786194638609999 ], [ 100.457796563146758, 35.301385193913298 ], [ 100.31076851388778, 35.436437192396191 ], [ 99.677096220813183, 35.802007301177845 ], [ 99.677470054890335, 35.868124387233586 ], [ 99.444176165383041, 36.217509359632018 ], [ 99.257668467344999, 36.342090113623883 ], [ 99.26951788640477, 36.507685963252328 ], [ 99.469701637034859, 36.505584752821569 ], [ 99.822040438153905, 36.575360910918512 ], [ 99.728291311653606, 36.734589829163909 ], [ 99.347922611368588, 36.780766452424444 ], [ 99.332496858770924, 36.911054942988343 ], [ 98.964533630983723, 36.984613813078425 ], [ 99.117437718108803, 37.058896525679742 ], [ 99.604887394963896, 37.030348145110068 ], [ 100.011023668125944, 37.134277046468242 ], [ 100.149516815409953, 37.040849673041762 ], [ 100.310675794018977, 37.218776394695652 ], [ 100.499553389360699, 37.071900735395346 ], [ 100.646399160790892, 36.882308418518022 ], [ 100.942151022738273, 36.683770848450372 ], [ 101.116007513574104, 36.678655907244952 ], [ 101.334571949101075, 36.532587221767479 ], [ 102.225931073818529, 36.22673925296904 ], [ 102.762167287627975, 36.275615995135638 ], [ 103.070481240283044, 36.181868847885283 ], [ 103.873546347414305, 36.273634618123147 ], [ 104.546407242435819, 36.012123110673159 ], [ 105.39719500809332, 36.102754687841241 ], [ 105.684640082354832, 35.532141348964615 ], [ 106.402103891820616, 35.049120857504342 ], [ 106.757053124207147, 35.177508099478104 ], [ 107.734972908651088, 34.506915459382967 ], [ 107.907304813757193, 34.484598748221032 ], [ 108.24785042494662, 34.271564686600286 ], [ 108.567807713993815, 33.921682757721953 ], [ 108.655135741628527, 33.986963193227432 ], [ 109.261296130820526, 33.568241490856956 ], [ 109.07858894366997, 33.439828061621817 ], [ 109.07419337277706, 33.234060268808797 ], [ 109.286238395187866, 33.022895963316891 ], [ 109.566318018375284, 32.670545023036084 ], [ 109.743247011762023, 32.533317879337957 ], [ 110.010248602990274, 32.150970223259648 ], [ 109.833156900280002, 32.113736677642116 ], [ 109.548051769526623, 32.267065076170496 ], [ 109.250865061322983, 32.321505098915324 ], [ 109.265099355338293, 32.240455685079752 ], [ 109.002522884632569, 32.131092606091343 ], [ 108.795597136414614, 32.161841482893287 ], [ 108.770442882168268, 32.058524044630104 ], [ 108.4181801841316, 32.049134652379841 ], [ 107.992301397664875, 31.931290710479708 ], [ 107.640986883200313, 31.778455671288658 ], [ 107.530898207142215, 31.746718401794165 ], [ 107.196176004676985, 31.848265138675536 ], [ 107.136534026758284, 31.9589939744302 ], [ 107.313010726821261, 32.131555047541035 ], [ 107.144941646624702, 32.320023255166475 ], [ 106.80281485187021, 32.449346542239041 ], [ 106.357396837549189, 32.13356400276421 ], [ 105.887846958404936, 32.218022091936795 ], [ 105.760623077280897, 32.488964807412813 ], [ 105.325110131275224, 32.376020815344042 ], [ 104.535471646401504, 32.482983636567432 ], [ 103.63684156682902, 32.905227676459319 ], [ 103.050755042715991, 32.890347200905317 ], [ 102.705903366322886, 33.070533561966514 ], [ 102.441437636332523, 33.0210808234513 ], [ 102.308498521683759, 33.193663407697422 ], [ 101.931622129311378, 33.048756415420051 ], [ 101.981647479054317, 32.806774265464966 ], [ 102.113397134954141, 32.623266192961587 ], [ 101.977756502809925, 32.421710189253382 ], [ 101.728567496550482, 32.639447377597513 ], [ 101.618260336462399, 32.587581940115193 ], [ 101.489446147453407, 32.243079279936687 ], [ 101.369532077377571, 31.961022745734432 ], [ 101.192022096655023, 31.573977774623039 ] ] ] } },
{ "type": "Feature", "properties": { "ADM1_EN": "Anhui Province", "gdp": 710858, "ADM1_ZH": "安徽省", "ADM1_PCODE": "CN034", "ADM0_EN": "China", "ADM0_ZH": "中国", "ADM0_PCODE": "CN", "join_name": "anhuiprovince", "pop": 710858 }, "geometry": { "type": "Polygon", "coordinates": [ [ [ 112.585146994493485, 31.484382840035188 ], [ 112.357172055100719, 31.64137419519686 ], [ 111.883134275084075, 31.67510116208534 ], [ 111.650739044030317, 31.784781780460996 ], [ 111.624541683356213, 31.892641411999595 ], [ 111.229097557119943, 32.005246786544603 ], [ 111.263702849773196, 31.826349909027204 ], [ 110.975669295793807, 31.782494984027871 ], [ 110.743973787841497, 31.938464102367959 ], [ 110.908310839773463, 32.080209420723691 ], [ 110.635630827609944, 32.226373392363755 ], [ 110.510681809139825, 32.130928794305092 ], [ 110.27435135656674, 32.08731261863133 ], [ 110.010248602990274, 32.150970223259648 ], [ 109.743247011762023, 32.533317879337957 ], [ 109.566318018375284, 32.670545023036084 ], [ 109.286238395187866, 33.022895963316891 ], [ 109.07419337277706, 33.234060268808797 ], [ 109.07858894366997, 33.439828061621817 ], [ 109.261296130820526, 33.568241490856956 ], [ 108.655135741628527, 33.986963193227432 ], [ 108.567807713993815, 33.921682757721953 ], [ 108.24785042494662, 34.271564686600286 ], [ 108.220334175526219, 34.735037087709017 ], [ 108.585771332596835, 34.951826904007532 ], [ 108.307209916583574, 35.747281805534499 ], [ 108.168296109234646, 35.973538822437227 ], [ 107.852176801150804, 35.917165603939026 ], [ 107.635628967889744, 36.149270810784017 ], [ 107.441270201479938, 36.15200108833551 ], [ 107.281170979350662, 36.676130670188826 ], [ 106.906689031085222, 36.82546754223241 ], [ 107.077279825326585, 37.018504119219045 ], [ 107.381985708080336, 37.125181368697163 ], [ 107.312855335489147, 37.581928526667049 ], [ 107.637296704882559, 38.077520583538593 ], [ 107.498924218306584, 38.38441764434814 ], [ 107.497762501357727, 38.659746947559299 ], [ 107.666714577521233, 38.704187114119108 ], [ 108.071595822719885, 38.363914516462231 ], [ 108.262998302632354, 38.070175396475619 ], [ 108.562426040411964, 38.279742233167958 ], [ 108.433177073422712, 38.729121812794531 ], [ 108.316625000035913, 38.722271507987337 ], [ 108.097043100461534, 38.941977928176492 ], [ 107.963515859234633, 39.200196970252357 ], [ 108.103246465733804, 39.218720232993192 ], [ 108.888133593664961, 38.677767933057787 ], [ 109.163656262370893, 38.402032169291807 ], [ 109.583296705888671, 38.397182379006196 ], [ 109.781186827869135, 38.294749855307948 ], [ 110.239502127288276, 38.358378319662862 ], [ 110.080401369639716, 38.087963664789257 ], [ 109.820024439104742, 37.682772236490216 ], [ 110.225472032925424, 37.423705512630612 ], [ 110.684582795612485, 36.486379099566797 ], [ 112.676205601184208, 36.651803419676639 ], [ 113.73922001828339, 37.216170837756756 ], [ 115.320493920060954, 37.140088011703696 ], [ 116.31974833617096, 36.905957546851177 ], [ 115.925620978378333, 36.506468435895265 ], [ 114.965629400850261, 36.024539547918934 ], [ 113.10362683614386, 36.262333084304387 ], [ 112.035258038565544, 35.806516198021917 ], [ 111.994825554169395, 34.899757501673314 ], [ 111.427384377169389, 34.766230919901027 ], [ 111.550452746897761, 34.252091375292189 ], [ 112.723170219320593, 33.620762261773599 ], [ 113.247304038239776, 33.529834992876701 ], [ 113.483082333323352, 33.361041597898684 ], [ 113.176671404552664, 33.292326070910647 ], [ 113.481955125927186, 33.205303640187203 ], [ 114.966911449827776, 33.24458440855264 ], [ 115.138322252604709, 33.220797767394473 ], [ 116.126587463171631, 33.304838889959328 ], [ 115.629769320372247, 33.145597760742021 ], [ 114.651499721672579, 32.899829260789275 ], [ 114.381066242767531, 32.703557255896385 ], [ 113.496834160072908, 32.548488717428484 ], [ 113.451161324190323, 32.253179564191079 ], [ 113.184993283102216, 32.03708738399849 ], [ 113.144466667442202, 31.860859834787938 ], [ 112.585146994493485, 31.484382840035188 ] ] ] } },
{ "type": "Feature", "properties": { "ADM1_EN": "Guizhou Province", "gdp": 318282, "ADM1_ZH": "贵州省", "ADM1_PCODE": "CN052", "ADM0_EN": "China", "ADM0_ZH": "中国", "ADM0_PCODE": "CN", "join_name": "guizhouprovince", "pop": 318282 }, "geometry": { "type": "Polygon", "coordinates": [ [ [ 97.867158585587362, 28.502702866026432 ], [ 97.851405293489009, 28.693566574491577 ], [ 97.699624067902249, 28.8886482473299 ], [ 97.666163559134645, 28.961909756152025 ], [ 97.582682379269869, 29.019332431114652 ], [ 97.534761362266266, 29.251384056277754 ], [ 97.541340339364766, 29.442355987813123 ], [ 97.375472329963699, 29.609065763562132 ], [ 97.209785945967553, 29.653670838766519 ], [ 97.145018017405746, 29.633689221082712 ], [ 97.02263701028545, 29.748542021419134 ], [ 96.922447457201343, 29.936772295432377 ], [ 96.834510022900659, 30.059078443239702 ], [ 96.834354576889723, 30.242601266115464 ], [ 97.028670564754592, 30.05677305425742 ], [ 97.064364849345282, 30.155724462477899 ], [ 97.208666042598381, 30.026856489068532 ], [ 97.416568527357796, 30.006694033418263 ], [ 97.514463493686776, 30.035310392324746 ], [ 97.54780004624395, 30.232990765818357 ], [ 97.716598303565092, 30.199043260420858 ], [ 98.239014720580272, 30.184404218975246 ], [ 98.293183997086032, 30.245095793009177 ], [ 98.028835360997178, 30.507994218973021 ], [ 97.793732642404109, 30.541781698638939 ], [ 97.633487267844757, 30.749301338466516 ], [ 97.543186590124151, 30.751969957771852 ], [ 97.414724110116552, 31.038540328841659 ], [ 97.419111218759028, 31.154852072544099 ], [ 97.559654662430191, 31.079628536420394 ], [ 97.506300152446258, 31.250686087662459 ], [ 98.034295004508465, 30.77701191295025 ], [ 98.038501033690096, 30.82000693358615 ], [ 98.083000985628388, 30.969275865453341 ], [ 98.366397970077571, 30.772875769618345 ], [ 98.551141910967857, 30.969214035767429 ], [ 98.836251319293623, 30.846033518819144 ], [ 99.021054583565416, 30.936208423305974 ], [ 98.790483668281212, 31.115275367576434 ], [ 98.819650157273443, 31.305167099857474 ], [ 99.382478794313613, 31.239196492225567 ], [ 99.49147790388038, 31.025220711512347 ], [ 100.036879845558971, 31.16259511398993 ], [ 100.247187510807706, 31.030882026126587 ], [ 100.171460289013652, 30.86760506597842 ], [ 100.441493150681552, 30.761294101826657 ], [ 100.605676656926576, 30.728425641099047 ], [ 100.660732394715723, 30.581431927646396 ], [ 100.900147394294208, 30.579156704910936 ], [ 100.966245568784132, 30.801819862393817 ], [ 101.062020976900001, 30.891508663665469 ], [ 101.121617240910652, 30.658670600778926 ], [ 101.056704127221096, 30.485189398116681 ], [ 101.095030354849357, 30.220553686907298 ], [ 101.230769501551805, 30.019432606940239 ], [ 100.994805982450785, 29.83219578408551 ], [ 100.845772591775884, 29.518738083308104 ], [ 101.257596215333081, 29.631097732472668 ], [ 101.432705890978013, 29.478431791730124 ], [ 101.50482691768083, 29.227761886848555 ], [ 101.459122745706154, 29.058346601768019 ], [ 101.489723416346592, 28.774915948444765 ], [ 101.678903820521441, 28.615971878435506 ], [ 101.789078859225398, 28.43227040533986 ], [ 101.767522410187979, 28.128563141599351 ], [ 101.589334083345079, 28.244220968762605 ], [ 101.635740421684574, 27.961769101575648 ], [ 101.445812190881085, 28.022703055054158 ], [ 101.36930404034922, 27.926717568275301 ], [ 101.113886710778303, 28.083417535089705 ], [ 101.044726569641185, 27.964669164813088 ], [ 101.07233348128554, 27.798084943245058 ], [ 100.87513208627341, 27.805051776784367 ], [ 100.695742021420813, 28.004570769847493 ], [ 100.610163925934557, 27.962668039805507 ], [ 100.174904595929746, 28.38452235784521 ], [ 100.033980359452983, 28.379991191832794 ], [ 100.114518955997966, 28.091916664603119 ], [ 99.845785867948862, 28.172932966932855 ], [ 99.606175806643634, 28.011110568378637 ], [ 99.544624551131704, 27.839048814992438 ], [ 99.365432963304926, 27.986444831572022 ], [ 98.774440152241894, 28.256712903578261 ], [ 98.622313757046598, 28.379373388451526 ], [ 98.183694611338822, 28.510118210784093 ], [ 98.129800674043111, 28.384729056864433 ], [ 97.983928676622412, 28.412149424629494 ], [ 97.867158585587362, 28.502702866026432 ] ] ] } },
{ "type": "Feature", "properties": { "ADM1_EN": "Ningxia Hui Autonomous Region", "gdp": 77268, "ADM1_ZH": "宁夏回族自治区", "ADM1_PCODE": "CN064", "ADM0_EN": "China", "ADM0_ZH": "中国", "ADM0_PCODE": "CN", "join_name": "ningxiahuiautonomousregion", "pop": 77268 }, "geometry": { "type": "Polygon", "coordinates": [ [ [ 92.738951201129652, 38.333899593876318 ], [ 92.7773630069875, 38.350160807751962 ], [ 92.809067653222456, 38.355650549992212 ], [ 92.890276288334007, 38.386836279521042 ], [ 93.017798170161143, 38.432862372307142 ], [ 93.44849774513942, 38.610355420374717 ], [ 93.507479507626641, 38.667627593066342 ], [ 94.215498917351667, 38.983992144425635 ], [ 94.848150524584767, 39.34959671986546 ], [ 95.808397760983397, 39.915802811843591 ], [ 96.645923345509729, 40.271010429168001 ], [ 96.909916833272646, 40.435133322938313 ], [ 97.870502355562863, 40.946230787256468 ], [ 97.688560579770012, 40.713579191488009 ], [ 97.695057704472944, 40.648812867405731 ], [ 97.189760318916527, 40.370960250357953 ], [ 96.906637092025491, 40.197513843539191 ], [ 96.370329943952584, 39.795791496250473 ], [ 96.899670143339421, 39.935269373930623 ], [ 97.400729135065433, 40.152078165729151 ], [ 97.446962320174563, 40.07867006046493 ], [ 97.707113533034033, 40.174461413462183 ], [ 97.521506786839879, 40.046680366132186 ], [ 97.083850859663201, 39.829588695663972 ], [ 96.593804289911446, 39.479438900498167 ], [ 96.554133962669312, 39.329227541121071 ], [ 94.521018699688028, 38.72923385668372 ], [ 94.071940640057178, 38.587828066162807 ], [ 94.114183966132487, 38.553315831819276 ], [ 93.397426612170122, 38.403075184079938 ], [ 93.526384453737492, 38.376604462237829 ], [ 94.213083582915615, 38.423696338654452 ], [ 94.394681625569859, 38.403121413698898 ], [ 93.985074434404623, 38.334670846857733 ], [ 94.109241329647787, 38.305450363643807 ], [ 93.46744494840307, 38.273471876744836 ], [ 93.123561289966901, 38.26501080423084 ], [ 93.17554881973787, 38.225139897492419 ], [ 92.997907324451461, 38.222267902394755 ], [ 92.929808198275836, 38.235099919820854 ], [ 92.895637197125623, 38.254180730085466 ], [ 92.846194358081192, 38.250766018466187 ], [ 92.843897936107609, 38.268324894161395 ], [ 92.867268419437053, 38.282749555768866 ], [ 92.859371913179331, 38.308182014887535 ], [ 92.838889588112281, 38.306929918402702 ], [ 92.854125834694244, 38.323876034806482 ], [ 92.847802653775986, 38.331727127796711 ], [ 92.808478058461588, 38.330982321606882 ], [ 92.798458510264197, 38.336861291870022 ], [ 92.773348437034372, 38.333959198554616 ], [ 92.765924917365652, 38.340530312714364 ], [ 92.738951201129652, 38.333899593876318 ] ] ] } },
{ "type": "Feature", "properties": { "ADM1_EN": "Jiangsu Province", "gdp": 1923810, "ADM1_ZH": "江苏省", "ADM1_PCODE": "CN032", "ADM0_EN": "China", "ADM0_ZH": "中国", "ADM0_PCODE": "CN", "join_name": "jiangsuprovince", "pop": 1923810 }, "geometry": { "type": "Polygon", "coordinates": [ [ [ 119.560909508792591, 33.523474223722332 ], [ 118.993938427517165, 33.464276397838553 ], [ 118.268271092867238, 33.430764718718848 ], [ 117.696647244777125, 33.423527682727375 ], [ 117.355842408026717, 33.461455295592216 ], [ 116.126587463171631, 33.304838889959328 ], [ 115.138322252604709, 33.220797767394473 ], [ 114.966911449827776, 33.24458440855264 ], [ 113.481955125927186, 33.205303640187203 ], [ 113.176671404552664, 33.292326070910647 ], [ 113.483082333323352, 33.361041597898684 ], [ 113.247304038239776, 33.529834992876701 ], [ 112.723170219320593, 33.620762261773599 ], [ 111.550452746897761, 34.252091375292189 ], [ 111.427384377169389, 34.766230919901027 ], [ 111.994825554169395, 34.899757501673314 ], [ 112.035258038565544, 35.806516198021917 ], [ 113.10362683614386, 36.262333084304387 ], [ 114.965629400850261, 36.024539547918934 ], [ 115.925620978378333, 36.506468435895265 ], [ 116.31974833617096, 36.905957546851177 ], [ 115.320493920060954, 37.140088011703696 ], [ 113.73922001828339, 37.216170837756756 ], [ 112.676205601184208, 36.651803419676639 ], [ 110.684582795612485, 36.486379099566797 ], [ 110.225472032925424, 37.423705512630612 ], [ 109.820024439104742, 37.682772236490216 ], [ 110.080401369639716, 38.087963664789257 ], [ 110.239502127288276, 38.358378319662862 ], [ 109.781186827869135, 38.294749855307948 ], [ 109.583296705888671, 38.397182379006196 ], [ 109.163656262370893, 38.402032169291807 ], [ 108.888133593664961, 38.677767933057787 ], [ 108.103246465733804, 39.218720232993192 ], [ 108.012111870841892, 39.499681398494509 ], [ 108.213423786553065, 39.457593352121222 ], [ 108.69322016342268, 39.210005123202286 ], [ 109.00370432328009, 38.901920776341292 ], [ 109.105241138735877, 38.717624281712375 ], [ 109.430228377683363, 38.806814494996573 ], [ 109.562936254205724, 38.699698261726382 ], [ 110.107457763212892, 38.825102454722419 ], [ 110.541456952640218, 39.15086287023874 ], [ 110.908714096421164, 39.013582994560274 ], [ 111.811931756450434, 39.628370686810385 ], [ 112.585142046597483, 40.499446198901616 ], [ 114.098190531443393, 41.15956527272099 ], [ 114.291402794167951, 41.377933936940785 ], [ 115.458368744411317, 41.731463139606959 ], [ 117.304470004056967, 41.835923565229173 ], [ 116.964122311659949, 41.6284781721412 ], [ 118.936396652749011, 41.402872396191491 ], [ 120.222472315902522, 40.872957175497199 ], [ 121.306488792007571, 39.919937761261835 ], [ 121.997512766760821, 38.83289000499056 ], [ 122.77175930314371, 37.284606081127059 ], [ 122.83610186097269, 36.766842621889005 ], [ 123.200701063061203, 36.483757065511412 ], [ 123.331985855393285, 36.136230177605846 ], [ 123.929489064658043, 35.782141317654684 ], [ 124.232908164358534, 35.456294008571845 ], [ 123.83164513400267, 35.717747815849776 ], [ 123.033444390750063, 36.027277068241553 ], [ 122.167779306841453, 35.880181458142467 ], [ 122.771033338422782, 35.917305790336776 ], [ 121.69436513894594, 35.61212741065944 ], [ 119.560909508792591, 33.523474223722332 ] ] ] } },
{ "type": "Feature", "properties": { "ADM1_EN": "Xinjiang Uygur Autonomous Region", "gdp": 288331, "ADM1_ZH": "新疆维吾尔自治区", "ADM1_PCODE": "CN065", "ADM0_EN": "China", "ADM0_ZH": "中国", "ADM0_PCODE": "CN", "join_name": "xinjianguygurautonomousregion", "pop": 288331 }, "geometry": { "type": "MultiPolygon", "coordinates": [ [ [ [ 87.807851150047767, 37.809623006401424 ], [ 87.356999341682368, 38.356237163016324 ], [ 87.19358340518653, 38.496192219167774 ], [ 87.134260170804922, 38.542757144967098 ], [ 87.112947846381331, 38.560260788323809 ], [ 87.12222084209229, 38.521350986803043 ], [ 87.245993297869958, 38.36913346857478 ], [ 87.389924072706478, 38.181035508147176 ], [ 87.995540574500154, 37.333968900868321 ], [ 88.213152673477623, 36.957541730904147 ], [ 88.3346884019291, 36.776888243466217 ], [ 88.379855239874615, 36.725273096438833 ], [ 88.442831106355598, 36.68138748541562 ], [ 88.452021210063464, 36.673813316459771 ], [ 88.387425248862243, 36.701884993720462 ], [ 88.38344393223025, 36.699961259244056 ], [ 88.415438045201711, 36.675638532671961 ], [ 88.465084525967129, 36.655446251208168 ], [ 88.506612475645582, 36.636422178441912 ], [ 88.467355004877206, 36.645724196046864 ], [ 88.445122664077587, 36.654265669498059 ], [ 88.386341936088144, 36.679922459115858 ], [ 88.36457790944516, 36.695591663353078 ], [ 88.372811435544705, 36.68608745384212 ], [ 88.347332729470153, 36.704296362749993 ], [ 88.32237463730749, 36.729055277975107 ], [ 88.288891435493454, 36.770904730210866 ], [ 88.2318537391413, 36.849924885699281 ], [ 88.175261287920748, 36.940112745054314 ], [ 88.086216267715528, 37.081708605839843 ], [ 87.986788342246399, 37.23067843790237 ], [ 87.985065367064053, 37.229930854412537 ], [ 87.845205884254057, 37.43661001984276 ], [ 87.758756247298464, 37.564446702790384 ], [ 87.743972772756564, 37.575120782843904 ], [ 87.647513409536572, 37.709008182118509 ], [ 87.680849029409814, 37.659028630782707 ], [ 87.603384150952905, 37.757813190849959 ], [ 87.854781866084863, 37.392384710253552 ], [ 87.840165804497559, 37.406640815197399 ], [ 87.894991221312154, 37.322812438696062 ], [ 87.585650302461715, 37.76004661715033 ], [ 87.614264976466131, 37.709794477285087 ], [ 87.553859295647626, 37.788302173121281 ], [ 87.637119076345442, 37.672489249068178 ], [ 87.630568332917463, 37.671712760634684 ], [ 87.504532018769225, 37.840275384494419 ], [ 87.45626411535693, 37.897423794080922 ], [ 87.272532876649265, 38.12490785865095 ], [ 87.131297262539988, 38.288111741649324 ], [ 87.050509643101734, 38.382985213328425 ], [ 86.99050852148936, 38.455312368146885 ], [ 86.959376875858439, 38.484528790350915 ], [ 86.904128524243447, 38.536911302739661 ], [ 86.910847108629937, 38.523696506050435 ], [ 86.903879312782706, 38.519548012272359 ], [ 86.913209350437015, 38.504843109120209 ], [ 86.896612903348426, 38.50924837471608 ], [ 86.875096737522966, 38.524044604594337 ], [ 86.832010999369885, 38.560726396568683 ], [ 86.791067129328852, 38.584231888395244 ], [ 86.784328965778016, 38.578937126828585 ], [ 86.722106558479638, 38.615337785389734 ], [ 86.701282903811972, 38.610070855093596 ], [ 86.702263730004972, 38.619394082355235 ], [ 86.676924177377089, 38.635481603675231 ], [ 86.664868464218713, 38.625159767679378 ], [ 86.638888793767734, 38.646767641105406 ], [ 86.605070678511751, 38.658226879403834 ], [ 86.590497323511713, 38.670457051802224 ], [ 86.554773655967722, 38.689795835266253 ], [ 86.524511218847351, 38.692109881225271 ], [ 86.42064832729443, 38.705833408427488 ], [ 86.383955514421103, 38.698851799550681 ], [ 86.280696867682394, 38.685604648872612 ], [ 86.249907383878821, 38.668214146080032 ], [ 86.199352898420059, 38.67010383541961 ], [ 86.113901344267688, 38.648076310866401 ], [ 85.911578620197744, 38.591908408347898 ], [ 85.733596858425145, 38.551666517480911 ], [ 85.603957148905039, 38.535887144274831 ], [ 85.340136912068573, 38.443760021963726 ], [ 85.162108231438069, 38.416573882570901 ], [ 85.299939537798238, 38.518433895109915 ], [ 84.306485574231402, 38.1200147310239 ], [ 84.410922244210056, 38.241519300815 ], [ 84.130061797883428, 38.178383867515187 ], [ 84.580941286011168, 38.397019113759988 ], [ 84.807555814345207, 38.556079849080788 ], [ 84.638988157797002, 38.579647720585946 ], [ 84.109932013913919, 38.489345528003525 ], [ 83.691008135188895, 38.386239561125187 ], [ 83.794174425731995, 38.491088478537577 ], [ 83.188698342897794, 38.426423767246241 ], [ 82.583930886859221, 38.31170825253156 ], [ 82.288370149853705, 38.340942614100655 ], [ 81.977985809688519, 38.280226665942827 ], [ 82.009085282809892, 38.390368154080569 ], [ 82.615230463785352, 38.436859289948551 ], [ 83.574216589480415, 38.617799404649674 ], [ 83.610905504263798, 38.651807318179173 ], [ 83.165093858995661, 38.68545072586987 ], [ 83.488484152101663, 38.762669547195379 ], [ 83.333645508001652, 38.864924052530171 ], [ 83.377066561144787, 38.967707278467451 ], [ 83.671710530039462, 39.025056067970112 ], [ 83.113450122529585, 39.054537825687675 ], [ 81.961763645027972, 39.067837608370574 ], [ 81.755775908081105, 39.00255092986221 ], [ 81.244529189431518, 39.037906948502417 ], [ 81.123467214526258, 39.173385521166573 ], [ 81.390553393906302, 39.188313529209509 ], [ 81.011775645596586, 39.375414519843979 ], [ 81.183733394987911, 39.455659383706646 ], [ 81.54744374408078, 39.440712174505379 ], [ 81.850296259976119, 39.490241849362299 ], [ 81.67539460273882, 39.591859211697773 ], [ 82.147013862031969, 39.675537825578147 ], [ 83.413200140641649, 39.587021049585594 ], [ 84.41548195121284, 39.534028026888087 ], [ 85.30496650995795, 39.400330590109107 ], [ 85.586532825407375, 39.363804179588506 ], [ 85.647194718138607, 39.308454974331205 ], [ 85.754548748442829, 39.285502096342846 ], [ 85.874279797546095, 39.239851737115295 ], [ 85.917413044600281, 39.247039236029735 ], [ 85.90752238125927, 39.262293466784712 ], [ 85.930484119354333, 39.262125787460505 ], [ 85.928163478319362, 39.273460938924153 ], [ 85.958946697892074, 39.268044201605456 ], [ 85.972558017866191, 39.256709167886342 ], [ 86.041097096914797, 39.215352296730735 ], [ 86.062505544876601, 39.211019695912562 ], [ 86.09711324488876, 39.190374574670123 ], [ 86.109383490531215, 39.206869773990739 ], [ 86.103945456910395, 39.226236846440045 ], [ 86.129531775719087, 39.221013967469155 ], [ 86.188311217558848, 39.241397166633938 ], [ 86.226471963642283, 39.220966751336469 ], [ 86.243345185032283, 39.253749638477551 ], [ 86.287408901589785, 39.255114932609885 ], [ 86.289667679301274, 39.284259219031505 ], [ 86.266280211996943, 39.353367408149666 ], [ 86.273273347501174, 39.381203818025796 ], [ 86.300120941597513, 39.384078397149494 ], [ 86.284144116886125, 39.406814999304167 ], [ 86.331853500102625, 39.419487027018803 ], [ 86.315863829728755, 39.458766280678162 ], [ 86.292982364996064, 39.483447918359154 ], [ 86.271582878853138, 39.512506034681451 ], [ 86.262992540999477, 39.536198926758182 ], [ 86.26744672912973, 39.554079608636386 ], [ 86.239619165637663, 39.567445529373025 ], [ 86.219771823267422, 39.568227774364217 ], [ 86.208569923081868, 39.579249948810947 ], [ 86.222040731746276, 39.584974515879004 ], [ 86.253479932313567, 39.578208085628468 ], [ 86.280553294647916, 39.581085118492936 ], [ 86.298498844172258, 39.575367076114119 ], [ 86.325291225934734, 39.576844861236872 ], [ 86.351773453915996, 39.57294617581119 ], [ 86.370116069625794, 39.574469822203611 ], [ 86.385890689754433, 39.562213320769217 ], [ 86.405484950861322, 39.555409759869725 ], [ 86.425031967401637, 39.555080158471746 ], [ 86.454518255934346, 39.541291183077711 ], [ 86.45687201411728, 39.553645201973602 ], [ 86.448588505006171, 39.560580584558785 ], [ 86.417873258355726, 39.573063913927548 ], [ 86.410511091874653, 39.581795264845667 ], [ 86.410963720499097, 39.601785346904833 ], [ 86.400615348817567, 39.617547131159853 ], [ 86.395728117503467, 39.642947740566918 ], [ 86.382396561326374, 39.667095788098436 ], [ 86.356048773015132, 39.730877985100427 ], [ 86.457977576969867, 39.660485208041756 ], [ 86.518096771033711, 39.643190382390429 ], [ 86.54117311081329, 39.619640067384054 ], [ 86.55264157436369, 39.634984785640235 ], [ 86.570791987886693, 39.630672450141631 ], [ 86.564777023564446, 39.659623050562779 ], [ 86.487307111807084, 39.976820412627987 ], [ 86.671092406348279, 40.95985309370446 ], [ 86.796483136640404, 41.1294033657773 ], [ 86.943116964061758, 41.405932769376385 ], [ 87.165263160243683, 42.230423950483818 ], [ 87.184868136316609, 42.584147243070348 ], [ 87.259361843235979, 42.794769838087227 ], [ 87.379275056509243, 42.884247882237148 ], [ 87.473712980686614, 42.761268794305195 ], [ 87.657804041332426, 43.039532767591325 ], [ 87.634307670413719, 42.704614410188356 ], [ 87.519987882091627, 42.409821484671937 ], [ 87.553965965123311, 42.081865803829373 ], [ 87.460188246158168, 41.825563400020528 ], [ 87.52579333793247, 41.670862332358553 ], [ 87.383023164759493, 41.062642220264955 ], [ 87.429794485824644, 40.975785322512664 ], [ 87.345527645746017, 40.743190053600507 ], [ 87.667278385783646, 41.079454653786414 ], [ 87.540778277400491, 40.761927110733623 ], [ 87.78131142210421, 40.980065808093954 ], [ 87.502049449915575, 40.423993862069224 ], [ 87.135158640709577, 39.974292793435318 ], [ 87.061729801609545, 39.819145189109832 ], [ 87.082437958680842, 39.812772277726722 ], [ 86.978227411763996, 39.610323578759143 ], [ 86.932648156842561, 39.50856123662777 ], [ 86.940441010288964, 39.463469105336756 ], [ 86.92905794867643, 39.38014922424918 ], [ 86.934982358047407, 39.342460679998666 ], [ 86.9539405731839, 39.300674239038685 ], [ 86.978992215818408, 39.292850496426098 ], [ 86.985901589540546, 39.281266891716633 ], [ 87.014058351754599, 39.296220992741915 ], [ 87.04440092785039, 39.297767123054932 ], [ 87.108890529004881, 39.332896096044912 ], [ 87.343724072877862, 39.396129933983843 ], [ 87.86830973144464, 39.419244588099026 ], [ 87.931068468940722, 39.387984915320132 ], [ 88.452197672026728, 39.411562796532444 ], [ 88.529449183886612, 39.383243944859252 ], [ 89.015729389870273, 39.391204372944529 ], [ 89.712789353430409, 39.450621286371877 ], [ 89.452709101259444, 39.312919042002733 ], [ 89.769185027485975, 39.306477853816432 ], [ 90.144732752785842, 39.026160424236181 ], [ 90.179559960113679, 38.960757097708616 ], [ 91.1554039882936, 38.683039788416508 ], [ 91.236514490771981, 38.611686496415324 ], [ 90.562051868740397, 38.674474979232052 ], [ 90.745891669058466, 38.56627568702821 ], [ 90.755930785747296, 38.487796646943089 ], [ 90.405938856259198, 38.462948615634623 ], [ 89.42094988972994, 38.398370538874993 ], [ 88.87347356347982, 38.282145758897926 ], [ 88.186591523078448, 38.287896388644747 ], [ 87.453559369587936, 38.569567883447611 ], [ 87.426466320867803, 38.512803383909535 ], [ 87.274805479563511, 38.611557640751229 ], [ 87.142056975463689, 38.713831447733853 ], [ 87.207419103535514, 38.630400340756161 ], [ 87.224855349194939, 38.589415034099218 ], [ 87.484057926562542, 38.304880442244929 ], [ 87.807851150047767, 37.809623006401424 ] ] ], [ [ [ 88.29930417203353, 37.031835131349702 ], [ 88.313562418808658, 37.008782277487846 ], [ 88.420241779683593, 36.810526049767695 ], [ 88.29930417203353, 37.031835131349702 ] ] ] ] } },
{ "type": "Feature", "properties": { "ADM1_EN": "Shanxi Province", "gdp": 357986, "ADM1_ZH": "山西省", "ADM1_PCODE": "CN014", "ADM0_EN": "China", "ADM0_ZH": "中国", "ADM0_PCODE": "CN", "join_name": "shanxiprovince", "pop": 357986 }, "geometry": { "type": "Polygon", "coordinates": [ [ [ 99.689939017261793, 38.447992434909523 ], [ 99.592999615337803, 38.462119381340365 ], [ 99.674258295211445, 38.770061313933915 ], [ 99.831584713534667, 39.010542590241123 ], [ 100.288397179466429, 39.509052302894283 ], [ 100.366950825646725, 39.752777633763493 ], [ 100.369756885119457, 40.067325941897138 ], [ 100.43102748744802, 40.163470923165981 ], [ 100.524897594062182, 40.590942246896446 ], [ 100.553517866431463, 40.838733622172242 ], [ 101.256030556216245, 41.45962810280713 ], [ 101.284907091790402, 41.558431910918081 ], [ 101.735340985742468, 41.945483397249127 ], [ 101.885914661586213, 42.22866244992278 ], [ 101.737085369650657, 42.377018132254996 ], [ 102.310680347394211, 43.088031104353036 ], [ 103.138066440903032, 43.978669495829848 ], [ 103.785141272779356, 44.769072156383345 ], [ 105.296997114415205, 46.333569984191406 ], [ 105.289258675094246, 46.383911740054593 ], [ 105.288295801592852, 46.386243617237348 ], [ 105.287163059950842, 46.394305578880406 ], [ 105.281068784329818, 46.415641495735628 ], [ 105.279148454971505, 46.424724298429879 ], [ 105.271197392084773, 46.446730599683718 ], [ 105.26614261336519, 46.460579414295275 ], [ 105.267513152362142, 46.457882066763617 ], [ 105.263529362672188, 46.468056950358395 ], [ 105.261577477910592, 46.473122651554789 ], [ 105.263053135500385, 46.46964862738821 ], [ 105.26219493545841, 46.471898214485897 ], [ 105.256399560262977, 46.48633679075725 ], [ 105.254742611028576, 46.490531092666863 ], [ 105.250894423476751, 46.500202514975996 ], [ 105.2611214199286, 46.47497939972282 ], [ 105.263318360023277, 46.46948877957584 ], [ 105.267836262642462, 46.458353943004049 ], [ 105.269883587185944, 46.453571473551932 ], [ 105.269840906715302, 46.453872942633495 ], [ 105.273552729033369, 46.444902253197455 ], [ 105.277098182724629, 46.436514747910948 ], [ 105.286038663863692, 46.41439318692295 ], [ 105.289126713964592, 46.406123403476904 ], [ 105.287346013273051, 46.410285725437085 ], [ 105.292034045933733, 46.397450969658088 ], [ 105.297147712891473, 46.384080635028596 ], [ 105.303778619637001, 46.364358652763656 ], [ 105.313678506508239, 46.33363842068659 ], [ 105.320753551788243, 46.310735567731442 ], [ 105.324715587703778, 46.300965415787346 ], [ 105.340675261617292, 46.254720307958003 ], [ 105.447474424093031, 46.127716737834341 ], [ 105.615352509200861, 46.000577332632339 ], [ 104.783607351467779, 43.497693138354954 ], [ 104.897711577163747, 42.763851177173834 ], [ 104.522767095446369, 42.38854432614761 ], [ 104.599877321422923, 42.03942962833424 ], [ 104.769457208537176, 41.923507001414606 ], [ 104.666288111738922, 41.799230688496571 ], [ 104.468984539314761, 41.349002488823629 ], [ 104.294881357879333, 41.166656992877243 ], [ 103.783530252224821, 40.804202403610262 ], [ 103.46127580192784, 40.689912583925818 ], [ 103.272184144466365, 40.472925148538671 ], [ 102.59218703710593, 40.143701346072397 ], [ 101.644579056086314, 39.867568661456197 ], [ 101.576335464913342, 39.712897590012822 ], [ 101.332381688786597, 39.590482810421861 ], [ 100.914554163930944, 39.196518998743656 ], [ 100.476065198285056, 38.903672046474668 ], [ 99.93903948541039, 38.503698382554234 ], [ 99.689939017261793, 38.447992434909523 ] ] ] } },
{ "type": "Feature", "properties": { "ADM1_EN": "Hunan Province", "gdp": 747448, "ADM1_ZH": "湖南省", "ADM1_PCODE": "CN043", "ADM0_EN": "China", "ADM0_ZH": "中国", "ADM0_PCODE": "CN", "join_name": "hunanprovince", "pop": 747448 }, "geometry": { "type": "Polygon", "coordinates": [ [ [ 108.422621157473884, 29.10237867254892 ], [ 108.024448783533657, 29.068032316740979 ], [ 107.368820374368738, 29.064370318866416 ], [ 106.270953557272918, 29.020630469717997 ], [ 106.018364387036826, 28.922014231488767 ], [ 105.454160989718261, 28.721815650432163 ], [ 105.595153184291831, 28.521823325862478 ], [ 105.117179312930816, 28.353830440993374 ], [ 104.906475554668305, 28.463382547000354 ], [ 104.260254011829673, 28.21591400574524 ], [ 103.942935030441802, 27.923373237575987 ], [ 103.932544631804703, 27.846441070593048 ], [ 103.68872635254877, 27.634084594738599 ], [ 103.483433037935427, 27.546369604576178 ], [ 103.290173144036132, 27.333670047220508 ], [ 103.256746625050056, 27.394435677246417 ], [ 103.329608670260328, 27.732482586573923 ], [ 103.233001886702908, 27.696682308464112 ], [ 102.999860105007826, 27.413059342954959 ], [ 102.975299066143322, 27.532755176664669 ], [ 103.125840012669869, 27.79375541892799 ], [ 103.315513368270629, 27.984910945301561 ], [ 103.375895604529902, 28.252213298221523 ], [ 103.609699152767888, 28.478931514065895 ], [ 103.312542823341758, 28.542365950118015 ], [ 103.487289513949847, 28.863027981154254 ], [ 103.033240351277115, 28.760246413524325 ], [ 102.845180943631732, 28.795401322112614 ], [ 102.63082351046944, 28.708436627566893 ], [ 102.448691846353213, 28.340454959219745 ], [ 102.060501093591895, 28.524207070807684 ], [ 102.02843621553032, 28.348223667719211 ], [ 101.789078859225398, 28.43227040533986 ], [ 101.678903820521441, 28.615971878435506 ], [ 101.489723416346592, 28.774915948444765 ], [ 101.459122745706154, 29.058346601768019 ], [ 101.50482691768083, 29.227761886848555 ], [ 101.432705890978013, 29.478431791730124 ], [ 101.257596215333081, 29.631097732472668 ], [ 100.845772591775884, 29.518738083308104 ], [ 100.994805982450785, 29.83219578408551 ], [ 101.230769501551805, 30.019432606940239 ], [ 101.095030354849357, 30.220553686907298 ], [ 101.056704127221096, 30.485189398116681 ], [ 101.121617240910652, 30.658670600778926 ], [ 101.062020976900001, 30.891508663665469 ], [ 101.140675612762521, 31.171623866503378 ], [ 101.107190274677578, 31.268757222765093 ], [ 101.227410827543693, 31.484234647966144 ], [ 101.192022096655023, 31.573977774623039 ], [ 101.369532077377571, 31.961022745734432 ], [ 101.489446147453407, 32.243079279936687 ], [ 101.618260336462399, 32.587581940115193 ], [ 101.728567496550482, 32.639447377597513 ], [ 101.977756502809925, 32.421710189253382 ], [ 102.113397134954141, 32.623266192961587 ], [ 101.981647479054317, 32.806774265464966 ], [ 101.931622129311378, 33.048756415420051 ], [ 102.308498521683759, 33.193663407697422 ], [ 102.441437636332523, 33.0210808234513 ], [ 102.705903366322886, 33.070533561966514 ], [ 103.050755042715991, 32.890347200905317 ], [ 103.63684156682902, 32.905227676459319 ], [ 104.535471646401504, 32.482983636567432 ], [ 105.325110131275224, 32.376020815344042 ], [ 105.760623077280897, 32.488964807412813 ], [ 105.887846958404936, 32.218022091936795 ], [ 106.357396837549189, 32.13356400276421 ], [ 106.80281485187021, 32.449346542239041 ], [ 107.144941646624702, 32.320023255166475 ], [ 107.313010726821261, 32.131555047541035 ], [ 107.136534026758284, 31.9589939744302 ], [ 107.196176004676985, 31.848265138675536 ], [ 107.530898207142215, 31.746718401794165 ], [ 107.640986883200313, 31.778455671288658 ], [ 107.657147527305895, 31.696477779045434 ], [ 107.974915453883582, 31.52601939030691 ], [ 107.956388158033192, 31.303205012750208 ], [ 108.249766306558953, 31.097903892835735 ], [ 108.016091420218387, 30.966967136147982 ], [ 107.952480309173453, 30.825116320256065 ], [ 107.551069956151281, 30.77406611940928 ], [ 107.563145230212569, 30.645656351093315 ], [ 107.359283996098682, 30.465067134344078 ], [ 107.391601409483201, 30.266553185735884 ], [ 107.842152979656646, 30.261154747185273 ], [ 107.728524986435048, 30.032510642782682 ], [ 108.006192119360364, 29.900700579546029 ], [ 107.923840291595937, 29.701658789795275 ], [ 108.186061201136468, 29.689823042432177 ], [ 108.421574998861843, 29.589869981387 ], [ 108.232840637720358, 29.428412102014885 ], [ 108.383221617052456, 29.325955213166697 ], [ 108.134328939202504, 29.227994687771638 ], [ 108.422621157473884, 29.10237867254892 ] ] ] } },
{ "type": "Feature", "properties": { "ADM1_EN": "Sichuan Province", "gdp": 908449, "ADM1_ZH": "四川省", "ADM1_PCODE": "CN051", "ADM0_EN": "China", "ADM0_ZH": "中国", "ADM0_PCODE": "CN", "join_name": "sichuanprovince", "pop": 908449 }, "geometry": { "type": "Polygon", "coordinates": [ [ [ 90.693618558030323, 36.978874457307207 ], [ 91.370338859587903, 37.542830003401562 ], [ 91.262014562979957, 37.390643106929474 ], [ 90.91877618163808, 37.028977673189004 ], [ 91.483308161170797, 37.620969598529896 ], [ 91.678206151791514, 37.801017887614655 ], [ 91.866994865716919, 37.929026380365919 ], [ 91.944905630003177, 37.944460573983513 ], [ 92.00263653928522, 37.928069316345116 ], [ 92.036422666963745, 37.925143700157612 ], [ 92.084472581605482, 37.895429505619106 ], [ 92.113818152677368, 37.903139073776089 ], [ 92.170930042035337, 37.884077942441984 ], [ 92.220290151222926, 37.895127048921033 ], [ 92.169881919673045, 37.921540120892601 ], [ 92.163148757815037, 37.945934207084981 ], [ 92.255027534229242, 37.924910055306427 ], [ 92.238095773339111, 37.943099855937213 ], [ 92.241494408689647, 37.954714735459639 ], [ 92.294920568874957, 37.937848882734521 ], [ 92.28571582368275, 37.928883227092456 ], [ 92.31288401244079, 37.919971617318986 ], [ 92.367616626599656, 37.923948541729416 ], [ 92.393848775693627, 37.934159667329666 ], [ 92.396437991084824, 37.944721959554869 ], [ 92.271057394650583, 37.972178796122407 ], [ 92.325044211153283, 37.975270707133731 ], [ 92.343156425527212, 37.973048436732256 ], [ 92.390179581786754, 37.984486057820575 ], [ 92.445695808134218, 37.988559273978922 ], [ 92.51221621297195, 37.989380776671489 ], [ 92.53930822684849, 37.974475244789055 ], [ 92.667251787115546, 37.991559649304108 ], [ 92.713702892165699, 38.0025322207496 ], [ 92.743425103155971, 37.992933062485335 ], [ 92.792029348197616, 37.95752526069424 ], [ 92.868477747536502, 37.875291076507843 ], [ 92.874201792109488, 37.834109807181918 ], [ 93.215816166855305, 37.611731802671166 ], [ 93.47677443995137, 37.461888567272226 ], [ 93.917857444993118, 37.295383204765194 ], [ 93.985897680044644, 37.327816083518869 ], [ 93.825218060651736, 37.470235804669834 ], [ 94.210198004366518, 37.229186550965245 ], [ 94.41779815417766, 37.233548578843113 ], [ 95.402993096973432, 36.879697781586003 ], [ 95.756678866233116, 36.895494807227145 ], [ 96.21253226071164, 36.826887509845797 ], [ 96.314754543654288, 36.668037756047426 ], [ 96.598498987687719, 36.582977434700823 ], [ 97.147566760441208, 36.520701005266055 ], [ 97.587059730743832, 36.313144016628797 ], [ 97.683049666614821, 36.361474893126555 ], [ 98.205038612224058, 36.34425380413775 ], [ 98.290593533310044, 36.295196657759291 ], [ 98.140761671231246, 36.120951492777401 ], [ 98.550405961769101, 35.955939421457018 ], [ 98.399650359588392, 35.807550860123143 ], [ 98.154209712598131, 35.473569631210786 ], [ 98.222601104640702, 35.301256187751775 ], [ 97.980861214164648, 35.265878409530309 ], [ 97.535183393021384, 35.355259407266097 ], [ 97.638944361094829, 34.990261927101777 ], [ 97.718473209638262, 33.999147562578791 ], [ 97.497602761672695, 33.569023311247079 ], [ 96.860158177183408, 33.786238697283821 ], [ 96.532435855122117, 34.355424679535055 ], [ 96.380272014090892, 34.124263659271747 ], [ 96.264084388796249, 34.383250671747 ], [ 96.024011319826258, 34.573527807311898 ], [ 96.078876937829904, 34.196311132802833 ], [ 96.246175518164577, 33.83413597355618 ], [ 96.373067953300179, 33.451572856469269 ], [ 96.332871850865189, 33.25247135276387 ], [ 96.396064095159019, 32.989235012737865 ], [ 96.634076334198511, 32.525367039455993 ], [ 96.866114933740931, 32.266630917271904 ], [ 97.236131014473827, 31.601698114142835 ], [ 97.680350982993858, 31.239363599776283 ], [ 98.038501033690096, 30.82000693358615 ], [ 98.034295004508465, 30.77701191295025 ], [ 97.506300152446258, 31.250686087662459 ], [ 97.559654662430191, 31.079628536420394 ], [ 97.419111218759028, 31.154852072544099 ], [ 97.414724110116552, 31.038540328841659 ], [ 97.543186590124151, 30.751969957771852 ], [ 97.633487267844757, 30.749301338466516 ], [ 97.793732642404109, 30.541781698638939 ], [ 98.028835360997178, 30.507994218973021 ], [ 98.293183997086032, 30.245095793009177 ], [ 98.239014720580272, 30.184404218975246 ], [ 97.716598303565092, 30.199043260420858 ], [ 97.54780004624395, 30.232990765818357 ], [ 97.517583894053871, 30.319897814393702 ], [ 97.209913148353806, 30.698172527428849 ], [ 97.197327944325465, 30.474197516938975 ], [ 97.045502761916907, 30.478001784716682 ], [ 96.881092329676306, 30.641178681123201 ], [ 96.799109476141453, 30.802690049498356 ], [ 96.840153764327368, 30.896890223242806 ], [ 96.605213171314887, 31.358726243805155 ], [ 96.492359183270466, 31.788008427856091 ], [ 96.226550245831859, 31.906910846347593 ], [ 96.241840510953992, 31.777159399545887 ], [ 96.409942228735005, 31.424985472573503 ], [ 96.410334731390307, 31.222747488253116 ], [ 96.305106739203751, 31.344888234495752 ], [ 96.323851801868599, 31.136488244012885 ], [ 96.464494969218123, 30.801978986507713 ], [ 96.485990217534933, 30.340093051920139 ], [ 96.448479843663293, 30.246069236168022 ], [ 96.56359372610261, 30.035723433072288 ], [ 96.765812547184126, 29.790332161709497 ], [ 96.802264178509915, 29.72182265593667 ], [ 96.731421469632551, 29.720749828925207 ], [ 96.596904955567695, 29.801803536771232 ], [ 96.519004751039162, 29.770951234894827 ], [ 96.482870068376741, 29.717186238313793 ], [ 96.334382009639, 29.769444646874025 ], [ 96.267870310829068, 29.859304677113354 ], [ 96.111392383966475, 30.020746480130619 ], [ 96.040865748828125, 30.05732805019435 ], [ 96.038214076915423, 30.165232729250917 ], [ 95.827683941859547, 30.368628383743861 ], [ 95.764964761169537, 30.49851400432172 ], [ 95.677185346612745, 30.601785971204421 ], [ 95.454381293704486, 30.956093829346692 ], [ 94.839100985239085, 31.845864086285584 ], [ 94.483715181998591, 32.09701113022706 ], [ 94.048252074700343, 32.623026218312035 ], [ 93.960075304791772, 32.876664173663869 ], [ 93.345594292854244, 33.68338045716937 ], [ 93.29957828936206, 33.68983841090153 ], [ 92.921914811720498, 34.179243150013797 ], [ 93.023695725200838, 33.819967141371301 ], [ 92.97631524798561, 33.783428224361373 ], [ 93.234127624945202, 33.379631763818807 ], [ 92.984626426424228, 33.623092836219932 ], [ 92.49203488221498, 34.321599263158717 ], [ 91.96234264820842, 35.098216621018977 ], [ 91.323477045133785, 35.843415252044714 ], [ 91.248855382233614, 36.020222264380237 ], [ 90.991575569455478, 36.213152632474745 ], [ 90.482995573025093, 36.351911040725739 ], [ 90.333798874481886, 36.366533991563394 ], [ 89.767437735802844, 36.27880149964215 ], [ 89.669247761397287, 36.28409540393146 ], [ 89.423285360281, 36.292873584956531 ], [ 89.605377411713661, 36.32333202981431 ], [ 89.293320311763267, 36.348804160998341 ], [ 89.12357796907348, 36.415753454355858 ], [ 89.131476023870718, 36.422043007874144 ], [ 89.064916417481143, 36.448971641819213 ], [ 89.071290502865054, 36.451531819153892 ], [ 88.970265379345477, 36.477794447037446 ], [ 88.923201953229196, 36.490762470421906 ], [ 88.908526917079243, 36.496091027750921 ], [ 88.950965386094666, 36.487716734650803 ], [ 88.954249314761, 36.488566302603168 ], [ 89.022581394448537, 36.478961843781839 ], [ 88.993716581075773, 36.484698815100117 ], [ 88.994571028948585, 36.488003383571275 ], [ 89.123396673218025, 36.474166640880391 ], [ 89.172875412974847, 36.471827804745686 ], [ 89.391689282125753, 36.469090791151878 ], [ 90.693618558030323, 36.978874457307207 ] ] ] } },
{ "type": "Feature", "properties": { "ADM1_EN": "Guangxi Zhuang Autonomous Region", "gdp": 402283, "ADM1_ZH": "广西壮族自治区", "ADM1_PCODE": "CN045", "ADM0_EN": "China", "ADM0_ZH": "中国", "ADM0_PCODE": "CN", "join_name": "guangxizhuangautonomousregion", "pop": 402283 }, "geometry": { "type": "Polygon", "coordinates": [ [ [ 97.867158585587362, 28.502702866026432 ], [ 97.983928676622412, 28.412149424629494 ], [ 98.129800674043111, 28.384729056864433 ], [ 98.183694611338822, 28.510118210784093 ], [ 98.622313757046598, 28.379373388451526 ], [ 98.774440152241894, 28.256712903578261 ], [ 99.365432963304926, 27.986444831572022 ], [ 99.544624551131704, 27.839048814992438 ], [ 99.606175806643634, 28.011110568378637 ], [ 99.845785867948862, 28.172932966932855 ], [ 100.114518955997966, 28.091916664603119 ], [ 100.033980359452983, 28.379991191832794 ], [ 100.174904595929746, 28.38452235784521 ], [ 100.610163925934557, 27.962668039805507 ], [ 100.695742021420813, 28.004570769847493 ], [ 100.87513208627341, 27.805051776784367 ], [ 101.07233348128554, 27.798084943245058 ], [ 101.044726569641185, 27.964669164813088 ], [ 101.113886710778303, 28.083417535089705 ], [ 101.36930404034922, 27.926717568275301 ], [ 101.445812190881085, 28.022703055054158 ], [ 101.635740421684574, 27.961769101575648 ], [ 101.589334083345079, 28.244220968762605 ], [ 101.767522410187979, 28.128563141599351 ], [ 101.789078859225398, 28.43227040533986 ], [ 102.02843621553032, 28.348223667719211 ], [ 102.060501093591895, 28.524207070807684 ], [ 102.448691846353213, 28.340454959219745 ], [ 102.63082351046944, 28.708436627566893 ], [ 102.845180943631732, 28.795401322112614 ], [ 103.033240351277115, 28.760246413524325 ], [ 103.487289513949847, 28.863027981154254 ], [ 103.312542823341758, 28.542365950118015 ], [ 103.609699152767888, 28.478931514065895 ], [ 103.375895604529902, 28.252213298221523 ], [ 103.315513368270629, 27.984910945301561 ], [ 103.125840012669869, 27.79375541892799 ], [ 102.975299066143322, 27.532755176664669 ], [ 102.999860105007826, 27.413059342954959 ], [ 103.233001886702908, 27.696682308464112 ], [ 103.329608670260328, 27.732482586573923 ], [ 103.256746625050056, 27.394435677246417 ], [ 103.290173144036132, 27.333670047220508 ], [ 103.483433037935427, 27.546369604576178 ], [ 103.68872635254877, 27.634084594738599 ], [ 103.532295674627846, 27.105469829651259 ], [ 103.347125452084967, 26.890118732006592 ], [ 103.401813031165801, 26.543642575148347 ], [ 103.16878963614262, 25.613558693514115 ], [ 103.20635112284593, 25.397059077404759 ], [ 103.439365343849332, 24.758428302398432 ], [ 103.596431791579718, 24.267747970995789 ], [ 103.643251069909269, 24.07302408053441 ], [ 103.543976948659278, 24.11154878929699 ], [ 103.847247676534806, 23.389085166501186 ], [ 103.616949600408944, 23.634874673517125 ], [ 103.889822241400012, 23.104236291787007 ], [ 103.636330225090191, 23.313347407114005 ], [ 103.755124342495833, 23.000111017327381 ], [ 103.642733755166219, 23.03056662229702 ], [ 103.619647375608892, 22.930624090094451 ], [ 103.38132970330102, 23.003263423645013 ], [ 103.254603229111211, 23.279788035137244 ], [ 102.983493165076766, 23.580388746428127 ], [ 102.941542172452912, 23.532770639063742 ], [ 102.758302754757253, 23.735369142236568 ], [ 102.497392669415262, 23.741569597222288 ], [ 102.256797904541742, 23.996357519509573 ], [ 102.08817691350994, 24.011325744385058 ], [ 101.834205868441487, 24.271255781270671 ], [ 101.653033749340082, 24.509548345863227 ], [ 101.500649697444956, 24.768053176307124 ], [ 101.392360921760385, 24.821127019581251 ], [ 101.291389383090674, 25.104182068822777 ], [ 101.144818394778483, 25.323853213248817 ], [ 101.159513613941584, 25.678665472014622 ], [ 100.935826910289549, 25.889422797884439 ], [ 100.76974991475754, 25.892995758452233 ], [ 100.661447259784737, 26.029619717589068 ], [ 100.394604718482626, 26.106741856740335 ], [ 99.944146100508931, 26.504967221875191 ], [ 100.093910765659047, 26.717438801233914 ], [ 100.317579741229167, 26.648818268930128 ], [ 100.227316561173893, 26.968688251563442 ], [ 99.824413030259393, 27.328904072203851 ], [ 99.770609021837174, 27.285032230548182 ], [ 99.425653179628398, 27.473649141052675 ], [ 99.338241822649508, 27.435164923696405 ], [ 99.052148331181812, 27.595141817825468 ], [ 98.726464713187809, 27.955432088852582 ], [ 98.522556944711184, 28.082064681147422 ], [ 98.14402403909348, 28.251279956371537 ], [ 98.131691362635465, 28.17311663516541 ], [ 97.961824254100634, 28.309378114795059 ], [ 97.867158585587362, 28.502702866026432 ] ] ] } },
{ "type": "Feature", "properties": { "ADM1_EN": "Jilin Province", "gdp": 201654, "ADM1_ZH": "吉林省", "ADM1_PCODE": "CN022", "ADM0_EN": "China", "ADM0_ZH": "中国", "ADM0_PCODE": "CN", "join_name": "jilinprovince", "pop": 201654 }, "geometry": { "type": "Polygon", "coordinates": [ [ [ 122.159212450254486, 48.421792094155549 ], [ 121.618912658527066, 48.336955057634803 ], [ 122.012409206429737, 48.503584176605095 ], [ 121.854515072440591, 48.504065108005967 ], [ 121.704445087058218, 48.61971367886359 ], [ 120.572640805432968, 48.502153665295765 ], [ 118.161905310928788, 48.117216087799029 ], [ 116.716284021417934, 48.027988890973511 ], [ 116.722022266317325, 48.111254047850757 ], [ 117.539767698113678, 48.300731713274672 ], [ 117.298340978367051, 48.314675984508284 ], [ 116.535505596303892, 48.2380509032334 ], [ 116.659669280141259, 48.291285222331879 ], [ 115.977154603955682, 48.260085801375297 ], [ 116.844753767615316, 48.39490855821461 ], [ 117.964612369074274, 48.492296818074394 ], [ 118.55910457866436, 48.596684241505166 ], [ 119.329317962352903, 48.659169669479475 ], [ 120.116764276710356, 48.761155021828351 ], [ 120.136759935085763, 48.844074478278976 ], [ 121.420046110114683, 49.087141358464734 ], [ 121.84313328026839, 49.199513208087048 ], [ 122.296302550623977, 49.241970820177862 ], [ 122.644643979824394, 49.23669755705717 ], [ 122.700999311135504, 49.223635886321937 ], [ 122.74676471380846, 49.177333017910442 ], [ 122.724956000402969, 49.165737889335169 ], [ 122.890900265859472, 49.115621489370724 ], [ 123.017292041460905, 49.110608619180915 ], [ 123.063211560231579, 49.104406371282508 ], [ 123.114904098944692, 49.103795934897668 ], [ 123.147524819313205, 49.109919871981461 ], [ 123.165504932083991, 49.097146724857843 ], [ 123.230301893679567, 49.082030907078405 ], [ 123.294581165753698, 49.086488414004677 ], [ 123.352288531126575, 49.077630737168377 ], [ 123.373496505779457, 49.064268656675232 ], [ 123.36375907094849, 49.057722119137544 ], [ 123.389611330078395, 49.039210240011222 ], [ 123.429856160556767, 49.031157698249537 ], [ 123.435094836000175, 49.011344835802092 ], [ 123.479078916271646, 48.938462111432649 ], [ 123.51172673899255, 48.887090653611203 ], [ 123.549993067344701, 48.90492365040668 ], [ 123.549174823778742, 48.996369897985808 ], [ 123.58520174508817, 48.966046875960565 ], [ 123.665947527830369, 48.782057462621857 ], [ 123.86247118620517, 48.426754462947741 ], [ 123.982467673962248, 48.188642053561985 ], [ 124.223514676953414, 48.02796361850023 ], [ 124.075686064270144, 48.285588904441447 ], [ 124.144507050734759, 48.304073616244644 ], [ 124.457079196862466, 48.149664248028387 ], [ 124.410736076379123, 48.288076826374102 ], [ 124.845153808076162, 47.945619947179289 ], [ 124.899971615063023, 48.036847313396954 ], [ 125.517352485619881, 47.472434119778534 ], [ 126.212059063487246, 47.051258960028512 ], [ 126.67431963221938, 46.926169794429129 ], [ 126.788088422581012, 46.836535235384808 ], [ 126.870824629472125, 46.534658446038421 ], [ 126.987535091690773, 46.379235848585658 ], [ 126.676141260425055, 46.435000373453882 ], [ 126.244096928858454, 46.435059268303299 ], [ 126.10856608520497, 46.627193624502624 ], [ 125.476413975995698, 46.973773301870423 ], [ 125.451807681991127, 46.931855079881416 ], [ 125.753766262767783, 46.414867498854569 ], [ 125.347916546180571, 46.540379577142822 ], [ 125.39944814275934, 46.269437628918602 ], [ 125.224121704023673, 46.25477383936515 ], [ 124.484044397802151, 46.588001868348428 ], [ 124.675306006510354, 46.292709509377552 ], [ 125.050938653311476, 45.86109711318057 ], [ 125.071992971505694, 45.672302742485023 ], [ 124.326815972154023, 46.095618544900269 ], [ 123.946243103290115, 46.555175968535956 ], [ 123.815464984308093, 46.772199946908408 ], [ 123.72339633757106, 46.75241836937073 ], [ 123.675591443973545, 46.615546441711921 ], [ 123.747178590684726, 46.277753704889044 ], [ 123.698365391276681, 46.247049563942269 ], [ 123.577162737764894, 45.702934373121408 ], [ 123.372334631005543, 45.68879613653646 ], [ 123.350950674008317, 46.088152421521819 ], [ 123.207404014634832, 46.440519889557592 ], [ 123.089970789454782, 46.929140936068322 ], [ 123.013543654334441, 46.970095820811068 ], [ 122.920757220265173, 47.482749532144865 ], [ 122.808382333823729, 47.655595734788704 ], [ 122.789089283474723, 47.780090947358545 ], [ 122.659006241257742, 48.014002212228789 ], [ 122.621169991630182, 48.229676306217243 ], [ 122.544152586654292, 48.074715796638912 ], [ 122.474490381015627, 48.183248968173253 ], [ 122.490397922106752, 48.356864710819281 ], [ 122.306704137343033, 48.438682273465886 ], [ 122.159212450254486, 48.421792094155549 ] ] ] } },
{ "type": "Feature", "properties": { "ADM1_EN": "Taiwan Province", "gdp": 801495, "ADM1_ZH": "台湾省", "ADM1_PCODE": "CN071", "ADM0_EN": "China", "ADM0_ZH": "中国", "ADM0_PCODE": "CN", "join_name": "taiwanprovince", "pop": 801495 }, "geometry": { "type": "Polygon", "coordinates": [ [ [ 122.576235547397914, 26.203356543037465 ], [ 123.05672390811597, 25.978445262607657 ], [ 123.193852524769468, 25.84829290918384 ], [ 123.036266674000572, 25.775262072000988 ], [ 123.276886879181532, 25.335884212460201 ], [ 123.304392127131578, 24.745805923637491 ], [ 122.536478851577257, 21.675135539554361 ], [ 121.489471642354388, 20.713757650595181 ], [ 120.831461704712822, 20.4763634872936 ], [ 120.385972363571739, 20.402357886323166 ], [ 120.064243190083943, 20.295328937284012 ], [ 120.108382879809341, 20.181580958312303 ], [ 119.863208522896969, 20.160263799315238 ], [ 119.488864902786176, 20.326250759170136 ], [ 118.525098458736508, 20.664072906326634 ], [ 117.88238076769656, 21.137158462419702 ], [ 117.642434022204156, 21.332609348220007 ], [ 117.266168650157127, 21.888803248824388 ], [ 117.009526268472712, 22.489427042291233 ], [ 117.493429991316646, 24.296952209227541 ], [ 119.726051174046987, 26.112270444001847 ], [ 120.793474527267023, 26.234400691909975 ], [ 121.536039900313014, 26.271721676256146 ], [ 122.576235547397914, 26.203356543037465 ] ] ] } },
{ "type": "Feature", "properties": { "ADM1_EN": "Hebei Province", "gdp": 667353, "ADM1_ZH": "河北省", "ADM1_PCODE": "CN013", "ADM0_EN": "China", "ADM0_ZH": "中国", "ADM0_PCODE": "CN", "join_name": "hebeiprovince", "pop": 667353 }, "geometry": { "type": "MultiPolygon", "coordinates": [ [ [ [ 104.769457208537176, 41.923507001414606 ], [ 104.599877321422923, 42.03942962833424 ], [ 104.522767095446369, 42.38854432614761 ], [ 104.897711577163747, 42.763851177173834 ], [ 104.783607351467779, 43.497693138354954 ], [ 105.615352509200861, 46.000577332632339 ], [ 105.447474424093031, 46.127716737834341 ], [ 105.340675261617292, 46.254720307958003 ], [ 105.324715587703778, 46.300965415787346 ], [ 105.320753551788243, 46.310735567731442 ], [ 105.313678506508239, 46.33363842068659 ], [ 105.303778619637001, 46.364358652763656 ], [ 105.297147712891473, 46.384080635028596 ], [ 105.292034045933733, 46.397450969658088 ], [ 105.287346013273051, 46.410285725437085 ], [ 105.289126713964592, 46.406123403476904 ], [ 105.286038663863692, 46.41439318692295 ], [ 105.277098182724629, 46.436514747910948 ], [ 105.273552729033369, 46.444902253197455 ], [ 105.269840906715302, 46.453872942633495 ], [ 105.269883587185944, 46.453571473551932 ], [ 105.267836262642462, 46.458353943004049 ], [ 105.263318360023277, 46.46948877957584 ], [ 105.2611214199286, 46.47497939972282 ], [ 105.250637254733348, 46.500836354960278 ], [ 105.247358997522198, 46.509083634427952 ], [ 105.241452738422922, 46.524252148248635 ], [ 105.239308340188146, 46.529947481016897 ], [ 105.254727221708279, 46.490812845311034 ], [ 105.264946848074729, 46.466047851860409 ], [ 105.274772483817642, 46.442923711587504 ], [ 105.280840895092098, 46.428876792618127 ], [ 105.28616973118514, 46.417007136982058 ], [ 105.285955057083356, 46.417674441049556 ], [ 105.294672271057721, 46.399619858831663 ], [ 105.290008270099335, 46.410178455943026 ], [ 105.286402108683092, 46.41872352867648 ], [ 105.302596799064347, 46.384090407765619 ], [ 105.497095083555919, 46.249985557874567 ], [ 110.246933031865026, 45.61598255898101 ], [ 110.842442797276732, 46.245885716734257 ], [ 110.810031251793475, 46.147002606284538 ], [ 110.215076222822006, 45.507165731898723 ], [ 110.053490739606261, 45.431502182532114 ], [ 110.15809114778979, 45.342233358006737 ], [ 108.817572927929632, 44.327279517550551 ], [ 108.21186829274852, 43.686546287531051 ], [ 107.078367289551593, 42.561708166209144 ], [ 106.721713942245941, 42.183355619164232 ], [ 106.826008675990934, 42.154379079852724 ], [ 106.747036115038938, 41.836001154144981 ], [ 106.521526293358562, 41.922940770323663 ], [ 105.765206930319223, 41.792044032338971 ], [ 105.575308593248437, 41.903842460345771 ], [ 105.096776048381628, 41.983509841174389 ], [ 104.769457208537176, 41.923507001414606 ] ] ], [ [ [ 110.857409891853592, 46.291456342629431 ], [ 110.873657532988105, 46.350433227469701 ], [ 110.87339919508797, 46.340075117135861 ], [ 110.857409891853592, 46.291456342629431 ] ] ], [ [ [ 110.877929574092221, 46.523075716335462 ], [ 110.865890945168005, 46.924982440889167 ], [ 110.853093821375836, 46.971106841768027 ], [ 110.877424688374575, 46.883437753771851 ], [ 110.877435068886697, 46.881466212516557 ], [ 110.885657976150938, 46.842197555875927 ], [ 110.877929574092221, 46.523075716335462 ] ] ], [ [ [ 105.23897900836306, 46.53082200739297 ], [ 105.234256626586699, 46.543357699189848 ], [ 105.228276432128951, 46.559822628010366 ], [ 105.221227918194415, 46.580509566003208 ], [ 105.23897900836306, 46.53082200739297 ] ] ], [ [ [ 105.218938700015201, 46.587223374425356 ], [ 105.215937997782575, 46.596020184701203 ], [ 105.208369133951805, 46.620097519816561 ], [ 105.196323334497009, 46.662477851345756 ], [ 105.169150466160644, 46.79527180201061 ], [ 105.162553099091213, 47.07265833325183 ], [ 105.175104308985638, 47.099311989312355 ], [ 105.22116135991196, 47.109850398075238 ], [ 105.219149162177104, 46.626560776256504 ], [ 110.7173328300713, 47.27265950563288 ], [ 110.712651889436628, 47.280963488546696 ], [ 110.71638040065028, 47.27489352447494 ], [ 110.735707505816535, 47.241412651571196 ], [ 110.744450367362418, 47.225639223367502 ], [ 110.747908366724744, 47.21929570528183 ], [ 110.751212230950955, 47.213180553699594 ], [ 110.763525240713165, 47.189713647780636 ], [ 110.76579130725753, 47.185306098389553 ], [ 110.77307023284142, 47.170856467335916 ], [ 110.780976479270095, 47.154688206666435 ], [ 110.782923446877632, 47.15059416121391 ], [ 110.796221806805534, 47.122006431677313 ], [ 110.802432397625779, 47.107979863973164 ], [ 110.807924010034981, 47.095278259193023 ], [ 110.812262311369835, 47.085107631197587 ], [ 110.831424631153538, 47.037784716337967 ], [ 110.834404100718714, 47.030224673510197 ], [ 110.836392271294713, 47.024724901702768 ], [ 110.831859824278951, 47.036233998042391 ], [ 110.832974388845713, 47.03307798198653 ], [ 110.84650681751387, 46.996214547810702 ], [ 110.866050872485687, 46.941337734240463 ], [ 110.879624461588449, 46.907501850463667 ], [ 110.909847472831572, 46.841622748802166 ], [ 111.039377107866756, 46.727115056310971 ], [ 110.931950351866462, 46.794084618226968 ], [ 110.917481787797598, 46.803932064209249 ], [ 110.928372239027809, 46.776274606158992 ], [ 110.917343955249351, 46.781464892297393 ], [ 110.887109462547471, 46.860737458341738 ], [ 110.877110916822573, 46.892353582003189 ], [ 110.853102920111709, 46.973324063848665 ], [ 110.82859071635626, 47.043539732636027 ], [ 110.799435484192642, 47.114261488900034 ], [ 110.812751502398754, 47.083424079347196 ], [ 110.801862894927837, 47.108911358795247 ], [ 110.799360218078462, 47.114443754967745 ], [ 110.799053660257997, 47.115186105795338 ], [ 110.797790100642416, 47.118068769234462 ], [ 110.799282266010721, 47.114616051958357 ], [ 110.788291221646546, 47.13889547710194 ], [ 110.784369950615456, 47.147157186226252 ], [ 110.778317933724779, 47.159326457136594 ], [ 110.780785541109026, 47.15470634995669 ], [ 110.780549451763036, 47.155203485999905 ], [ 110.763557245720719, 47.189413036772152 ], [ 110.760254397182095, 47.19560682455932 ], [ 110.756901184371117, 47.202334886005033 ], [ 110.752211199039436, 47.210682571618044 ], [ 110.74281240041141, 47.228285623557795 ], [ 110.742337573698336, 47.228245862671656 ], [ 110.723384273078253, 47.261919421495392 ], [ 110.741482534782833, 47.22817425858014 ], [ 105.219148831640425, 46.626497954570446 ], [ 105.218938700015201, 46.587223374425356 ] ], [ [ 110.780734336386132, 47.154830963836694 ], [ 110.780871361280006, 47.154545650576942 ], [ 110.780936094571516, 47.15442443584795 ], [ 110.780734336386132, 47.154830963836694 ] ], [ [ 110.780020986451376, 47.156316239238301 ], [ 110.778606997655928, 47.159293291634647 ], [ 110.776734207520491, 47.163158342633324 ], [ 110.780020986451376, 47.156316239238301 ] ] ], [ [ [ 105.181975433033017, 47.113894667772868 ], [ 105.221411773323993, 47.197470612318561 ], [ 105.221289865895741, 47.153269592499228 ], [ 105.181975433033017, 47.113894667772868 ] ] ], [ [ [ 110.709130754476618, 47.286694243338495 ], [ 110.652297024257933, 47.372535076190026 ], [ 110.659450046076003, 47.364370102400905 ], [ 110.688618781391668, 47.320047164433937 ], [ 110.709130754476618, 47.286694243338495 ] ] ], [ [ [ 110.619724015909838, 47.409674231991247 ], [ 106.451314477766971, 47.383139752426764 ], [ 109.895213227492121, 48.066116126942497 ], [ 110.317696708675641, 47.750781633466467 ], [ 110.619724015909838, 47.409674231991247 ] ] ], [ [ [ 105.421352472795064, 47.352670216202696 ], [ 105.292780138818358, 47.348197416974678 ], [ 105.538633642573885, 47.862275300553613 ], [ 106.022390828225284, 47.942024717134771 ], [ 105.421352472795064, 47.352670216202696 ] ] ] ] } },
{ "type": "Feature", "properties": { "ADM1_EN": "Tianjin Municipality", "gdp": 253090, "ADM1_ZH": "天津市", "ADM1_PCODE": "CN012", "ADM0_EN": "China", "ADM0_ZH": "中国", "ADM0_PCODE": "CN", "join_name": "tianjinmunicipality", "pop": 253090 }, "geometry": { "type": "Polygon", "coordinates": [ [ [ 110.799282266010721, 47.114616051958357 ], [ 110.797790100642416, 47.118068769234462 ], [ 110.799053660257997, 47.115186105795338 ], [ 110.799360218078462, 47.114443754967745 ], [ 110.801862894927837, 47.108911358795247 ], [ 110.812751502398754, 47.083424079347196 ], [ 110.799435484192642, 47.114261488900034 ], [ 110.82859071635626, 47.043539732636027 ], [ 110.83781282733537, 47.017150665084074 ], [ 110.837941859704841, 47.016725157944435 ], [ 110.853093821375836, 46.971106841768027 ], [ 110.865890945168005, 46.924982440889167 ], [ 110.882030684148617, 46.380791304162585 ], [ 110.845851689956774, 46.249446386378366 ], [ 110.246933031865026, 45.61598255898101 ], [ 105.497095083555919, 46.249985557874567 ], [ 105.302596799064347, 46.384090407765619 ], [ 105.286402108683092, 46.41872352867648 ], [ 105.211860201950685, 46.62551701456136 ], [ 110.74281240041141, 47.228285623557795 ], [ 110.763557245720719, 47.189413036772152 ], [ 110.780936094571516, 47.15442443584795 ], [ 110.788291221646546, 47.13889547710194 ], [ 110.799282266010721, 47.114616051958357 ] ] ] } },
{ "type": "Feature", "properties": { "ADM1_EN": "Guangdong Province", "gdp": 1988764, "ADM1_ZH": "广东省", "ADM1_PCODE": "CN044", "ADM0_EN": "China", "ADM0_ZH": "中国", "ADM0_PCODE": "CN", "join_name": "guangdongprovince", "pop": 1988764 }, "geometry": { "type": "Polygon", "coordinates": [ [ [ 103.68872635254877, 27.634084594738599 ], [ 103.932544631804703, 27.846441070593048 ], [ 103.942935030441802, 27.923373237575987 ], [ 104.260254011829673, 28.21591400574524 ], [ 104.906475554668305, 28.463382547000354 ], [ 105.117179312930816, 28.353830440993374 ], [ 105.595153184291831, 28.521823325862478 ], [ 105.454160989718261, 28.721815650432163 ], [ 106.018364387036826, 28.922014231488767 ], [ 106.270953557272918, 29.020630469717997 ], [ 107.368820374368738, 29.064370318866416 ], [ 108.024448783533657, 29.068032316740979 ], [ 108.422621157473884, 29.10237867254892 ], [ 108.676851571276316, 28.970453232373643 ], [ 109.210940501342549, 28.867962361385285 ], [ 109.79052477685569, 28.72893329995626 ], [ 110.247998125997626, 28.45487164011406 ], [ 110.376746270363839, 28.280951036342177 ], [ 110.108779839067239, 28.381934758623444 ], [ 109.807331263616931, 28.307935104228541 ], [ 109.818821807427014, 28.001974843262175 ], [ 109.436706998393319, 27.78654227229628 ], [ 110.287836294513767, 27.156616210659518 ], [ 111.442597424726969, 26.983031582444966 ], [ 112.10773324115128, 26.489487153176725 ], [ 112.948122333854499, 25.284104781399549 ], [ 112.643426162607412, 25.861361228719144 ], [ 112.633544273555358, 25.996028175015415 ], [ 113.049588899923577, 25.465447065941483 ], [ 113.743502313879603, 24.524478926389254 ], [ 113.991750397277073, 24.331803787166919 ], [ 114.174932361394127, 24.025597851229488 ], [ 114.501920887129472, 23.621440754276978 ], [ 114.554825968789316, 23.451671915845772 ], [ 114.861449958968109, 22.96553623275668 ], [ 115.000616544600462, 22.837209434211069 ], [ 114.754118018226677, 22.913834659385472 ], [ 114.744327019146866, 22.472435187141016 ], [ 114.529724489051503, 22.521887888279913 ], [ 114.623720792792412, 22.214424307084514 ], [ 114.571428313994602, 22.127239223566892 ], [ 114.40408013171529, 22.185337037962622 ], [ 114.102581732004097, 21.945319417364999 ], [ 113.905898340360508, 22.058066313622248 ], [ 113.772180864296999, 21.758619183723219 ], [ 113.620557614721264, 21.941797603191816 ], [ 113.358133526760952, 21.843750333957573 ], [ 113.16317885644807, 21.502377796531118 ], [ 112.955234559665513, 21.414560547246513 ], [ 112.915931167686793, 21.785315786046798 ], [ 111.102939302950517, 21.809501098913049 ], [ 110.183156189326368, 21.500270704246113 ], [ 110.020977853466306, 21.841167476786158 ], [ 109.839173683848969, 22.486786860311707 ], [ 109.244509046470228, 22.889595232773413 ], [ 109.68647164212183, 20.610063076158355 ], [ 109.677073822005681, 20.585722918655247 ], [ 109.026887154438896, 20.696175705784743 ], [ 108.935392063288617, 20.437038689532461 ], [ 108.238031443537153, 20.325445406668745 ], [ 107.717943851240022, 20.572529594484092 ], [ 107.459901500736933, 20.473005535194289 ], [ 106.850299191720609, 20.686410713326147 ], [ 106.482188077544208, 20.934231760875729 ], [ 105.971591514678821, 21.253261289183012 ], [ 105.880467255461568, 21.208071326725417 ], [ 105.499600131689604, 21.483023038405204 ], [ 105.279769784333865, 21.577322250003601 ], [ 105.018111756655671, 21.823451925545506 ], [ 105.027741917158068, 21.71985278398088 ], [ 104.849215758116046, 21.881254324247365 ], [ 104.714361802648767, 21.859812110378645 ], [ 104.648309243290541, 21.727843915067833 ], [ 104.783670291539778, 21.542275710292515 ], [ 105.036775831838597, 21.345026766331181 ], [ 105.231455690591915, 21.100283081227872 ], [ 105.582411278982235, 20.745449051754829 ], [ 105.561675275922013, 20.687314449135496 ], [ 105.244124936857986, 20.824044442862984 ], [ 104.987993344358799, 20.974660120346435 ], [ 104.190284922763723, 21.988207537667833 ], [ 104.039284156340088, 22.367554393123839 ], [ 104.016538293465132, 22.562498832872507 ], [ 103.705839802334779, 22.878483311943391 ], [ 103.642733755166219, 23.03056662229702 ], [ 103.755124342495833, 23.000111017327381 ], [ 103.636330225090191, 23.313347407114005 ], [ 103.889822241400012, 23.104236291787007 ], [ 103.616949600408944, 23.634874673517125 ], [ 103.847247676534806, 23.389085166501186 ], [ 103.543976948659278, 24.11154878929699 ], [ 103.643251069909269, 24.07302408053441 ], [ 103.596431791579718, 24.267747970995789 ], [ 103.439365343849332, 24.758428302398432 ], [ 103.20635112284593, 25.397059077404759 ], [ 103.16878963614262, 25.613558693514115 ], [ 103.401813031165801, 26.543642575148347 ], [ 103.347125452084967, 26.890118732006592 ], [ 103.532295674627846, 27.105469829651259 ], [ 103.68872635254877, 27.634084594738599 ] ] ] } },
{ "type": "Feature", "properties": { "ADM1_EN": "Fujian Province", "gdp": 811056, "ADM1_ZH": "福建省", "ADM1_PCODE": "CN035", "ADM0_EN": "China", "ADM0_ZH": "中国", "ADM0_PCODE": "CN", "join_name": "fujianprovince", "pop": 811056 }, "geometry": { "type": "Polygon", "coordinates": [ [ [ 112.633544273555358, 25.996028175015415 ], [ 112.131325134022489, 26.841121248785097 ], [ 112.129454338898768, 26.949598543167788 ], [ 111.693719537258033, 27.748090092971964 ], [ 111.585073836653635, 28.053220693890442 ], [ 111.690213295725684, 27.988983553625832 ], [ 111.71249352119365, 28.238270040879108 ], [ 111.477560237938036, 28.56973715342761 ], [ 111.629867214422049, 28.776810375426884 ], [ 111.3495557198531, 29.172500898327847 ], [ 111.437919919488721, 29.485192284770577 ], [ 111.833993133104457, 29.517719375813073 ], [ 111.999998282848154, 29.749290708788713 ], [ 111.781222307978766, 30.044302734080375 ], [ 112.111020824073464, 30.106515165868505 ], [ 112.088503204713049, 30.181149665631331 ], [ 112.456137992502946, 30.206261092645516 ], [ 112.77042211211598, 30.043065556831102 ], [ 112.975628282852952, 30.081050963873505 ], [ 113.226639821564603, 29.998345155691911 ], [ 113.558712130838529, 29.938026791089438 ], [ 113.487708156241808, 30.067922150628469 ], [ 114.227645454580028, 29.689357397023787 ], [ 114.303185351453195, 29.543190617897395 ], [ 115.201246866838218, 28.890509803827449 ], [ 116.054060201682191, 28.259841531115768 ], [ 117.342189473438069, 27.754986242419115 ], [ 118.418529527906358, 27.60101614379515 ], [ 119.054703627825987, 27.293163933205115 ], [ 120.020665831950126, 27.331845337165966 ], [ 120.702757905384487, 27.324675940401654 ], [ 120.683920174556448, 27.289247360515091 ], [ 120.244631694267042, 27.14089431651 ], [ 119.923397744263355, 27.081720080473136 ], [ 119.978164169141138, 27.003728687230328 ], [ 119.644592743785893, 26.968765497366444 ], [ 119.252987972389292, 27.02483112988066 ], [ 118.833309849770799, 27.046891161367899 ], [ 119.38627232607557, 26.86319184911898 ], [ 118.775993025396062, 26.589893030838113 ], [ 119.037048300075213, 26.543247901450592 ], [ 118.693166744084323, 26.351127594296052 ], [ 118.610369637746075, 26.241642446540734 ], [ 117.917619864584239, 25.890436724347424 ], [ 117.127400315720777, 25.235114781824379 ], [ 116.750358985335154, 24.466257999963528 ], [ 116.346781213247951, 23.807150182477116 ], [ 116.144398335623947, 23.802306242178084 ], [ 115.657982668627284, 23.646619035370243 ], [ 115.642344472838829, 23.526080298621437 ], [ 115.796540314609302, 23.357547186788793 ], [ 115.579818837636353, 23.28293437048935 ], [ 115.505613064721558, 23.12104764956036 ], [ 115.032734387521373, 22.917055602594093 ], [ 115.000616544600462, 22.837209434211069 ], [ 114.861449958968109, 22.96553623275668 ], [ 114.554825968789316, 23.451671915845772 ], [ 114.501920887129472, 23.621440754276978 ], [ 114.174932361394127, 24.025597851229488 ], [ 113.991750397277073, 24.331803787166919 ], [ 113.743502313879603, 24.524478926389254 ], [ 113.049588899923577, 25.465447065941483 ], [ 112.633544273555358, 25.996028175015415 ] ] ] } },
{ "type": "Feature", "properties": { "ADM1_EN": "Heilongjiang Province", "gdp": 231362, "ADM1_ZH": "黑龙江省", "ADM1_PCODE": "CN023", "ADM0_EN": "China", "ADM0_ZH": "中国", "ADM0_PCODE": "CN", "join_name": "heilongjiangprovince", "pop": 231362 }, "geometry": { "type": "Polygon", "coordinates": [ [ [ 126.67431963221938, 46.926169794429129 ], [ 126.212059063487246, 47.051258960028512 ], [ 125.517352485619881, 47.472434119778534 ], [ 124.899971615063023, 48.036847313396954 ], [ 124.845153808076162, 47.945619947179289 ], [ 124.410736076379123, 48.288076826374102 ], [ 124.457079196862466, 48.149664248028387 ], [ 124.144507050734759, 48.304073616244644 ], [ 124.075686064270144, 48.285588904441447 ], [ 124.223514676953414, 48.02796361850023 ], [ 123.982467673962248, 48.188642053561985 ], [ 123.86247118620517, 48.426754462947741 ], [ 123.665947527830369, 48.782057462621857 ], [ 123.58520174508817, 48.966046875960565 ], [ 123.549174823778742, 48.996369897985808 ], [ 123.549993067344701, 48.90492365040668 ], [ 123.51172673899255, 48.887090653611203 ], [ 123.479078916271646, 48.938462111432649 ], [ 123.435094836000175, 49.011344835802092 ], [ 123.429856160556767, 49.031157698249537 ], [ 123.389611330078395, 49.039210240011222 ], [ 123.36375907094849, 49.057722119137544 ], [ 123.373496505779457, 49.064268656675232 ], [ 123.352288531126575, 49.077630737168377 ], [ 123.294581165753698, 49.086488414004677 ], [ 123.230301893679567, 49.082030907078405 ], [ 123.165504932083991, 49.097146724857843 ], [ 123.147524819313205, 49.109919871981461 ], [ 123.114904098944692, 49.103795934897668 ], [ 123.063211560231579, 49.104406371282508 ], [ 123.017292041460905, 49.110608619180915 ], [ 122.890900265859472, 49.115621489370724 ], [ 122.724956000402969, 49.165737889335169 ], [ 122.74676471380846, 49.177333017910442 ], [ 122.700999311135504, 49.223635886321937 ], [ 122.644643979824394, 49.23669755705717 ], [ 122.296302550623977, 49.241970820177862 ], [ 121.84313328026839, 49.199513208087048 ], [ 121.553372425123669, 49.197845801174005 ], [ 122.507775731795505, 49.298470105916216 ], [ 122.473655214109613, 49.324719516787205 ], [ 121.564046341523166, 49.241702896286604 ], [ 121.434545905980883, 49.268982410336577 ], [ 120.157313030001859, 49.096468348046784 ], [ 119.545415174422899, 49.064071342293701 ], [ 120.266191640137336, 49.192517010113846 ], [ 122.270410704660719, 49.426482962733736 ], [ 122.351435044281942, 49.435128093027956 ], [ 122.449203496517228, 49.428790077171399 ], [ 122.573547831568632, 49.451721404520868 ], [ 122.650300284386418, 49.405595413031136 ], [ 122.626395840529895, 49.483393938415531 ], [ 122.640995323673366, 49.524304154854036 ], [ 122.675949598758521, 49.523217344548343 ], [ 122.674833002433758, 49.554590166406264 ], [ 122.659361337315573, 49.585620859550247 ], [ 122.65354606860457, 49.638846383660876 ], [ 122.68322896195194, 49.682472009206897 ], [ 122.698821192940301, 49.719795245240817 ], [ 122.73809072924297, 49.738563181888068 ], [ 122.756461994310627, 49.795593378460119 ], [ 122.80319182328202, 49.829550934806043 ], [ 122.706496179670921, 49.924806845312652 ], [ 122.58402080670831, 49.997985946428493 ], [ 122.487129980225419, 50.0316757097156 ], [ 122.479699281385322, 49.970567164592602 ], [ 122.41814702607499, 49.940458675178085 ], [ 122.311099502251253, 49.948106886896348 ], [ 122.120229218529857, 49.9958720051822 ], [ 121.871371410420025, 50.030154126277459 ], [ 121.461959366669575, 50.128129808122161 ], [ 120.900683918297759, 50.132171068261236 ], [ 119.740089762567166, 50.313894821082421 ], [ 119.681907107694514, 50.382205608530839 ], [ 119.252221725611278, 50.51471770874911 ], [ 118.796281774243312, 50.772020049661457 ], [ 118.12535547837301, 50.979524681523721 ], [ 117.755411285901815, 50.840699165432746 ], [ 117.315759680351135, 50.896445042779824 ], [ 116.922628382255738, 50.889036951377832 ], [ 116.632635829728486, 50.939648353317544 ], [ 117.096925308261675, 51.137745750022603 ], [ 117.400788990918443, 51.36538227860305 ], [ 116.966634134903231, 51.549690605240656 ], [ 117.792692796890222, 51.710401638192273 ], [ 118.599374723415707, 51.712093636686383 ], [ 119.08407699726969, 51.801461275958708 ], [ 119.790163490959486, 51.709532086577155 ], [ 120.326659942739425, 51.549835725391695 ], [ 120.587585913297318, 51.378864396477766 ], [ 121.123856828229336, 51.206186268299589 ], [ 121.412564423069995, 51.224021377253905 ], [ 122.091169490799459, 50.831737351979761 ], [ 122.877433373818377, 50.15212251762928 ], [ 122.881153481004205, 50.078577976365089 ], [ 122.973178136521398, 50.017742533472855 ], [ 122.971945920970967, 49.986847342762111 ], [ 123.029592471622522, 49.950667298694334 ], [ 123.034604172304427, 49.883126274931435 ], [ 123.102592598546948, 49.862654934153909 ], [ 123.150499711830363, 49.819066887659645 ], [ 123.126015456625126, 49.772882703565749 ], [ 123.213131950646101, 49.757329774926703 ], [ 123.146021146993505, 49.72611970453017 ], [ 123.14562631968046, 49.689305108633711 ], [ 123.3027475219656, 49.655203053590178 ], [ 123.440525631144098, 49.653235149558853 ], [ 123.614367188861507, 49.660607365517372 ], [ 123.76145283194252, 49.61218603586584 ], [ 123.848224316848473, 49.60970071797307 ], [ 123.915813097497008, 49.550319213363515 ], [ 123.954485494908198, 49.529841051161441 ], [ 123.978602019559389, 49.535428853612366 ], [ 124.00342884813233, 49.524788962706623 ], [ 123.987806190891604, 49.499041613980438 ], [ 124.014708167228434, 49.480895641269363 ], [ 124.015944576635846, 49.459341740014771 ], [ 123.999002926197804, 49.429747277697459 ], [ 124.023320986141755, 49.415320505046793 ], [ 124.027337953900783, 49.397065708177223 ], [ 124.047172699476377, 49.397374380054494 ], [ 124.103564232366395, 49.413490196017698 ], [ 124.121333544588282, 49.407664315359128 ], [ 124.343242922702956, 49.429192138171658 ], [ 124.756098286276099, 49.481131960756763 ], [ 125.965240821072868, 49.396783222638966 ], [ 126.524192238135811, 49.424417170241377 ], [ 128.236680310702724, 49.468186239779577 ], [ 128.497805263716344, 49.438568787879596 ], [ 128.312518656857748, 49.200492123485439 ], [ 128.723839943610869, 49.093911144406377 ], [ 128.39160962905072, 48.96741187986882 ], [ 128.063327037925916, 48.976888951580541 ], [ 127.819729823394397, 48.927568643614784 ], [ 128.015312522276673, 48.813546819095485 ], [ 127.789720698157453, 48.806686366326296 ], [ 127.946161255543899, 48.584001865066149 ], [ 127.7682970956687, 48.529136703651218 ], [ 128.079479382318311, 48.349774892464595 ], [ 127.826247714851021, 48.347692559095456 ], [ 127.930332859825398, 48.220044189466151 ], [ 127.655882112690136, 48.196333426773364 ], [ 127.838926726118046, 48.047330358459277 ], [ 127.521564963333731, 48.039652438866568 ], [ 127.767422330260786, 47.713699207172944 ], [ 127.478372740503744, 47.779239796200095 ], [ 125.858224535638371, 48.352434837920576 ], [ 125.372162629612433, 48.576119655066663 ], [ 125.384561081249103, 48.445603760224301 ], [ 124.6361407270809, 48.68674175786429 ], [ 125.021228390840079, 48.425259902511407 ], [ 126.203655850009454, 47.498830032505808 ], [ 126.135060980352719, 47.478735979651972 ], [ 126.496957091273899, 47.049517802471286 ], [ 126.67431963221938, 46.926169794429129 ] ] ] } },
{ "type": "Feature", "properties": { "ADM1_EN": "Henan Province", "gdp": 892905, "ADM1_ZH": "河南省", "ADM1_PCODE": "CN041", "ADM0_EN": "China", "ADM0_ZH": "中国", "ADM0_PCODE": "CN", "join_name": "henanprovince", "pop": 892905 }, "geometry": { "type": "Polygon", "coordinates": [ [ [ 108.24785042494662, 34.271564686600286 ], [ 107.907304813757193, 34.484598748221032 ], [ 107.734972908651088, 34.506915459382967 ], [ 106.757053124207147, 35.177508099478104 ], [ 106.402103891820616, 35.049120857504342 ], [ 105.684640082354832, 35.532141348964615 ], [ 105.39719500809332, 36.102754687841241 ], [ 104.546407242435819, 36.012123110673159 ], [ 103.873546347414305, 36.273634618123147 ], [ 103.070481240283044, 36.181868847885283 ], [ 102.762167287627975, 36.275615995135638 ], [ 102.225931073818529, 36.22673925296904 ], [ 101.334571949101075, 36.532587221767479 ], [ 101.116007513574104, 36.678655907244952 ], [ 100.942151022738273, 36.683770848450372 ], [ 100.646399160790892, 36.882308418518022 ], [ 100.499553389360699, 37.071900735395346 ], [ 100.310675794018977, 37.218776394695652 ], [ 100.264219536244639, 37.488068239843642 ], [ 100.103362506250335, 37.593761328095908 ], [ 99.854344945311581, 37.930154318424719 ], [ 99.928642992817032, 38.025854139673143 ], [ 99.685345515075753, 38.304460995480952 ], [ 99.689939017261793, 38.447992434909523 ], [ 99.93903948541039, 38.503698382554234 ], [ 100.476065198285056, 38.903672046474668 ], [ 100.914554163930944, 39.196518998743656 ], [ 101.332381688786597, 39.590482810421861 ], [ 101.576335464913342, 39.712897590012822 ], [ 101.644579056086314, 39.867568661456197 ], [ 102.59218703710593, 40.143701346072397 ], [ 103.272184144466365, 40.472925148538671 ], [ 103.46127580192784, 40.689912583925818 ], [ 103.783530252224821, 40.804202403610262 ], [ 104.294881357879333, 41.166656992877243 ], [ 104.468984539314761, 41.349002488823629 ], [ 104.666288111738922, 41.799230688496571 ], [ 104.769457208537176, 41.923507001414606 ], [ 105.096776048381628, 41.983509841174389 ], [ 105.575308593248437, 41.903842460345771 ], [ 105.765206930319223, 41.792044032338971 ], [ 106.521526293358562, 41.922940770323663 ], [ 106.747036115038938, 41.836001154144981 ], [ 106.560576757377248, 41.457470427856279 ], [ 107.064336519645224, 41.556800655367859 ], [ 106.849270664942154, 41.242662340077537 ], [ 106.744223501606413, 41.270137799852662 ], [ 106.555414660611689, 41.114126243070245 ], [ 106.586223376591548, 41.017134899256774 ], [ 106.241821042317028, 40.971205104950194 ], [ 106.040229611896876, 40.731515325398284 ], [ 106.016956539378484, 40.482217149579348 ], [ 106.530361163066146, 40.375163327100765 ], [ 106.928984402754409, 39.986576593845307 ], [ 107.155273561987528, 39.570122541577113 ], [ 107.963515859234633, 39.200196970252357 ], [ 108.097043100461534, 38.941977928176492 ], [ 108.316625000035913, 38.722271507987337 ], [ 108.433177073422712, 38.729121812794531 ], [ 108.562426040411964, 38.279742233167958 ], [ 108.262998302632354, 38.070175396475619 ], [ 108.071595822719885, 38.363914516462231 ], [ 107.666714577521233, 38.704187114119108 ], [ 107.497762501357727, 38.659746947559299 ], [ 107.498924218306584, 38.38441764434814 ], [ 107.637296704882559, 38.077520583538593 ], [ 107.312855335489147, 37.581928526667049 ], [ 107.381985708080336, 37.125181368697163 ], [ 107.077279825326585, 37.018504119219045 ], [ 106.906689031085222, 36.82546754223241 ], [ 107.281170979350662, 36.676130670188826 ], [ 107.441270201479938, 36.15200108833551 ], [ 107.635628967889744, 36.149270810784017 ], [ 107.852176801150804, 35.917165603939026 ], [ 108.168296109234646, 35.973538822437227 ], [ 108.307209916583574, 35.747281805534499 ], [ 108.585771332596835, 34.951826904007532 ], [ 108.220334175526219, 34.735037087709017 ], [ 108.24785042494662, 34.271564686600286 ] ] ] } },
{ "type": "Feature", "properties": { "ADM1_EN": "Hainan Province", "gdp": 111430, "ADM1_ZH": "海南省", "ADM1_PCODE": "CN046", "ADM0_EN": "China", "ADM0_ZH": "中国", "ADM0_PCODE": "CN", "join_name": "hainanprovince", "pop": 111430 }, "geometry": { "type": "Polygon", "coordinates": [ [ [ 104.350298702382347, 20.572126124621381 ], [ 104.33917322562526, 20.681408126221921 ], [ 104.473465181051111, 20.724287305670163 ], [ 104.425699448855411, 20.960230818565808 ], [ 104.599005833878664, 20.843154958519296 ], [ 104.702160764218718, 20.90576370337504 ], [ 105.424852623435569, 20.534400135492152 ], [ 105.70161802665514, 20.45914417097373 ], [ 106.033721819900506, 20.235442610932971 ], [ 106.11454264443141, 20.276047864583507 ], [ 106.377017389126223, 20.074498562702626 ], [ 106.620525532890085, 19.959406661382463 ], [ 107.010828919314676, 19.557105394364715 ], [ 106.864546988991378, 19.44969972721286 ], [ 106.795318518867163, 19.226729469607658 ], [ 106.963552008806985, 18.887946602494395 ], [ 106.509624388200891, 18.780944474085931 ], [ 106.508251352382771, 18.657964154275408 ], [ 106.104858103382369, 18.750295266563292 ], [ 106.033464139430237, 18.628162383067693 ], [ 105.800109644994706, 18.764825163241845 ], [ 105.401061135690654, 18.927954509806927 ], [ 104.845626227422287, 19.334766157378059 ], [ 104.460679171830151, 19.836201101870486 ], [ 104.200046698776575, 20.434778609613545 ], [ 104.350298702382347, 20.572126124621381 ] ] ] } }
]
}
