{
"type": "FeatureCollection",
"name": "USA-R",
"crs": { "type": "name", "properties": { "name": "urn:ogc:def:crs:OGC:1.3:CRS84" } },
"features": [
{ "type": "Feature", "properties": { "electoral_college": 9, "ENGTYPE_1": "State", "HASC_1": "US.AL", "GID_1": "USA.1_1", "join_name": "alabama", "ISO_1": "US-AL", "TYPE_1": "State", "NL_NAME_1": "NA", "CC_1": "NA", "NAME_1": "Alabama", "COUNTRY": "UnitedStates", "VARNAME_1": "AL|Ala.", "GID_0": "USA", "pop": 9 }, "geometry": { "type": "Polygon", "coordinates": [ [ [ -92.114339432898873, 30.743511014903785 ], [ -92.226739137067398, 31.092311568917918 ], [ -92.410956540223481, 31.595898164753503 ], [ -92.553165546548897, 31.921080695367266 ], [ -92.77228028766315, 32.385290005713784 ], [ -92.863437428021683, 32.698743479166822 ], [ -93.279810873161395, 33.909697192938154 ], [ -93.383228460291107, 34.160659738385299 ], [ -93.560006699219358, 34.582894264079272 ], [ -93.696410101902174, 34.902085199638208 ], [ -93.756990163546604, 35.030569797937041 ], [ -93.820115163699867, 35.078991221637203 ], [ -93.881140274209002, 35.149211058783102 ], [ -93.907189188723791, 35.18070728793252 ], [ -93.813500411633413, 35.157684718769708 ], [ -93.407082229114835, 35.049578182212471 ], [ -92.912292435397433, 34.984383512274817 ], [ -92.35602995521667, 34.968701143041777 ], [ -91.552939326945818, 35.006847036823743 ], [ -91.383097110725629, 35.018046792004881 ], [ -90.591369094858095, 35.045816553011051 ], [ -90.171741608171757, 35.0643605411476 ], [ -90.109942372961243, 34.827218063548891 ], [ -89.996159702580556, 34.448065798348317 ], [ -89.931585753253586, 34.175253858946817 ], [ -89.869016631926485, 33.688840741880398 ], [ -89.832711746631901, 33.499699624665531 ], [ -89.777267908462349, 33.296450849986712 ], [ -89.716034523648617, 33.086575925944075 ], [ -89.679933396610934, 33.008759797510571 ], [ -89.616708195751002, 32.968641419796732 ], [ -89.589999204421972, 32.87744735818881 ], [ -89.551477766816205, 32.833991679771238 ], [ -89.517547759031729, 32.751949535724719 ], [ -89.404248637767495, 32.67044377334674 ], [ -89.377406689349002, 32.592243579623066 ], [ -89.333075859311023, 32.567343977525852 ], [ -89.353748355844999, 32.536905894362832 ], [ -89.366100895750662, 32.434948536201638 ], [ -89.277436192684476, 32.410639446222355 ], [ -89.198042653869564, 32.369915275715996 ], [ -89.24665969083226, 32.315397700393731 ], [ -89.297841644476748, 32.311557146323551 ], [ -89.312602352087282, 32.278423258769614 ], [ -89.361904845977591, 32.264412438983939 ], [ -89.403498344578011, 32.217508968080566 ], [ -89.421947817665696, 32.202090390762834 ], [ -89.396851736389294, 32.150927236877294 ], [ -89.391821721311601, 32.066624921665188 ], [ -89.407461447809879, 31.973335376921693 ], [ -89.438737709241224, 31.940643654524226 ], [ -89.449530254743067, 31.855045550022002 ], [ -89.440490163959495, 31.842031428367449 ], [ -89.434766547064697, 31.789788224695467 ], [ -89.396828716790438, 31.73420377527864 ], [ -89.389067205582876, 31.69002655596551 ], [ -89.305504476059525, 31.611185142510774 ], [ -89.2830737078731, 31.551137125461199 ], [ -89.258198288743642, 31.519168704751376 ], [ -89.268305628976918, 31.459403613146495 ], [ -89.253479419886517, 31.406451652574027 ], [ -89.258397178275672, 31.333612710739242 ], [ -89.236282881214464, 31.296140105979546 ], [ -89.235488410716286, 31.260273447233278 ], [ -89.250453881295485, 31.249258439610855 ], [ -89.219072358970848, 31.200990812208385 ], [ -89.215860327256806, 31.163095748339721 ], [ -89.121990527716562, 31.078082808248578 ], [ -89.101335347346605, 31.044851540618946 ], [ -89.069360486645067, 30.997411363423463 ], [ -89.060126616236076, 30.984522066428301 ], [ -89.055462640504061, 30.972197260993834 ], [ -89.43242013205851, 30.994683158244342 ], [ -89.543135150046339, 30.99935522379085 ], [ -90.067930589179852, 31.043025963939535 ], [ -90.708606857858328, 31.120748802855299 ], [ -90.77765658058334, 31.135026225670423 ], [ -91.572443470121655, 31.267725026262198 ], [ -91.553133299415506, 31.234948847902885 ], [ -91.548013268794051, 31.216485638287491 ], [ -91.561622972179762, 31.130659611674762 ], [ -91.454972726297754, 31.026150863005331 ], [ -91.417831008887163, 30.975177221860886 ], [ -91.348616331469501, 30.922089303806953 ], [ -91.311041361474508, 30.902687746726894 ], [ -91.272429029969032, 30.865747327812606 ], [ -91.259442967708367, 30.838655346444 ], [ -91.255537984298343, 30.830966889481722 ], [ -91.255614238110311, 30.80750218211919 ], [ -91.264975738160047, 30.76203745306162 ], [ -91.264841168868585, 30.753712220202413 ], [ -91.272155769449625, 30.738331458040598 ], [ -91.272319966998353, 30.7241198637706 ], [ -91.265703455462315, 30.706361885343654 ], [ -91.250646216226144, 30.683533218016649 ], [ -91.198010213633367, 30.60835492032345 ], [ -91.225049124857051, 30.606139977860568 ], [ -91.238561626602134, 30.549684511349287 ], [ -91.275201265794223, 30.535980508191354 ], [ -91.293581273250354, 30.501163809777768 ], [ -91.347111415557649, 30.525647765533492 ], [ -91.321758838341765, 30.46699470191453 ], [ -91.383900325496271, 30.457420011701053 ], [ -91.535985598618979, 30.459346409663056 ], [ -91.56817728414525, 30.479786452614395 ], [ -91.48988684149937, 30.490342659125794 ], [ -91.492862893607182, 30.52352641191348 ], [ -91.586680018336324, 30.614485263501695 ], [ -91.665875014148583, 30.675738408326357 ], [ -91.696327595236298, 30.745035881846558 ], [ -91.716556363443885, 30.761244805785687 ], [ -91.704861649561764, 30.826932956901622 ], [ -91.729041736921545, 30.87093744602965 ], [ -91.749796628744548, 30.942935238761624 ], [ -91.773024987631089, 30.953913375576668 ], [ -91.821021984693814, 31.017974880496897 ], [ -91.852114861357961, 30.997879042611562 ], [ -91.882862893281015, 30.880641371393704 ], [ -91.867066749160003, 30.837107088664393 ], [ -91.877039488792889, 30.819875380416942 ], [ -91.865056767394719, 30.755927587242791 ], [ -91.840336097802364, 30.673985685654291 ], [ -91.848012705255982, 30.633239643648167 ], [ -91.898225050143196, 30.621156029551191 ], [ -91.928992853157055, 30.672011563200524 ], [ -91.98100875445121, 30.704139198575287 ], [ -92.079557228557121, 30.74821842927026 ], [ -92.114339432898873, 30.743511014903785 ] ] ] } },
{ "type": "Feature", "properties": { "electoral_college": 3, "ENGTYPE_1": "State", "HASC_1": "US.AK", "GID_1": "USA.2_1", "join_name": "alaska", "ISO_1": "US-AK", "TYPE_1": "State", "NL_NAME_1": "NA", "CC_1": "NA", "NAME_1": "Alaska", "COUNTRY": "UnitedStates", "VARNAME_1": "AK|Alaska", "GID_0": "USA", "pop": 3 }, "geometry": { "type": "MultiPolygon", "coordinates": [ [ [ [ -147.60688244511914, 62.290512384356781 ], [ -147.579438224707189, 62.302105438056714 ], [ -147.631252232543318, 62.30393510278239 ], [ -147.664582021673738, 62.316979507479616 ], [ -147.669139910209168, 62.313043132783029 ], [ -147.660201114033782, 62.303589376033592 ], [ -147.620605608313724, 62.285366250422399 ], [ -147.624018435557417, 62.277799377003873 ], [ -147.663702512160796, 62.276355981655556 ], [ -147.681828172566071, 62.270076755912882 ], [ -147.727661296991812, 62.270378021652824 ], [ -147.783020362695083, 62.289644382710556 ], [ -147.829304135428742, 62.299209651907347 ], [ -147.849931262768905, 62.300315024397428 ], [ -147.889953081426569, 62.308752031842701 ], [ -147.944592720127105, 62.315372786566449 ], [ -148.006141001260318, 62.324761285535189 ], [ -148.061024880715337, 62.327396754538761 ], [ -148.107057371473388, 62.322136608017139 ], [ -148.120971113456847, 62.32649579850338 ], [ -148.136810829550342, 62.317373580817907 ], [ -148.206446490132237, 62.31221010833611 ], [ -148.248066235112645, 62.311052042965827 ], [ -148.275436756118239, 62.306352276984285 ], [ -148.316839656794457, 62.295164838899254 ], [ -148.336570206685025, 62.291649805491438 ], [ -148.373997664032061, 62.298007550864689 ], [ -148.409886511315676, 62.295701668520742 ], [ -148.42224363724003, 62.300766408676729 ], [ -148.383079997723655, 62.301767718839777 ], [ -148.387821786279858, 62.311820605631411 ], [ -148.404872821425187, 62.317627360896708 ], [ -148.43910461477526, 62.32252441358299 ], [ -148.449942299147864, 62.331884397585831 ], [ -148.489014237245669, 62.327181065943819 ], [ -148.501606730608785, 62.330431904531622 ], [ -148.520131070010507, 62.327949626350332 ], [ -148.556156533787771, 62.345842730689348 ], [ -148.568453569875601, 62.348892551452224 ], [ -148.595622380392882, 62.348427230318727 ], [ -148.612327722889944, 62.351378157289538 ], [ -148.579696647183454, 62.377527714659038 ], [ -148.573203570198643, 62.386716213018687 ], [ -148.56467673965787, 62.389734136824934 ], [ -148.559373087976581, 62.399850948298109 ], [ -148.569344587342357, 62.403467169871469 ], [ -148.569500236052164, 62.415648116566672 ], [ -148.556103697636672, 62.421200203438119 ], [ -148.549271200441638, 62.428303260161833 ], [ -148.548071144076687, 62.441579217538902 ], [ -148.535485371870863, 62.438007904788577 ], [ -148.51869497321465, 62.44119206781653 ], [ -148.504899205637173, 62.454065545313505 ], [ -148.504087205171743, 62.462155926775651 ], [ -148.507195094129258, 62.457849408140149 ], [ -148.517020455613675, 62.456229330400738 ], [ -148.521599758324214, 62.444400694716485 ], [ -148.533235986043707, 62.445214620182661 ], [ -148.53132244882633, 62.450385819862184 ], [ -148.548576881432155, 62.442791580921202 ], [ -148.553428113716308, 62.432242970978521 ], [ -148.575168951581844, 62.425458459805135 ], [ -148.577368764898836, 62.415623422973361 ], [ -148.612696167759964, 62.402650656678929 ], [ -148.641032820967382, 62.378573495323906 ], [ -148.670105926106288, 62.36400293951187 ], [ -148.675811067339509, 62.358911182764821 ], [ -148.700577339688493, 62.349819333311522 ], [ -148.710448490297438, 62.349869920437165 ], [ -148.719204380950998, 62.352380795035138 ], [ -148.72803622588421, 62.35675466273446 ], [ -148.754294952225479, 62.357208389741615 ], [ -148.752304640579922, 62.361033529358906 ], [ -148.774362763257528, 62.367711677057535 ], [ -148.802769986822682, 62.368666702257244 ], [ -148.854490113529636, 62.359563460635414 ], [ -148.869855946067105, 62.364400388265302 ], [ -148.861041090475624, 62.368480680192896 ], [ -148.824377692142122, 62.378856016151957 ], [ -148.791569310421664, 62.398665780660465 ], [ -148.778582133036281, 62.414276927531709 ], [ -148.81978892510628, 62.406022328259688 ], [ -148.836031009788854, 62.408515449774725 ], [ -148.856284391231668, 62.399306624042744 ], [ -148.884135729159624, 62.404138457282237 ], [ -148.916100638422506, 62.394268828835038 ], [ -148.94722868475003, 62.389799844813041 ], [ -148.946556815135949, 62.395590674819843 ], [ -148.906928771358196, 62.411789875851341 ], [ -148.879369624457496, 62.421593613638024 ], [ -148.884500439250047, 62.426657941080684 ], [ -148.908839496552787, 62.416004758817564 ], [ -148.950919637519405, 62.408547298916851 ], [ -148.95732028350082, 62.413964775469722 ], [ -148.994983476081927, 62.399785297337957 ], [ -149.012839973900583, 62.395592604039535 ], [ -149.037557477556334, 62.395803326779237 ], [ -149.060377215902406, 62.393646229943549 ], [ -149.056728118903834, 62.401286971310597 ], [ -149.03640591807266, 62.40955646150492 ], [ -149.018190953702401, 62.414088120508183 ], [ -148.992377760017462, 62.416959072187325 ], [ -148.952944180575457, 62.424514311821923 ], [ -148.924089999400849, 62.43382498987264 ], [ -148.914935279887658, 62.441462539819277 ], [ -148.890440017695425, 62.44580922327124 ], [ -148.917862856257386, 62.44949336446647 ], [ -148.935228356404224, 62.438302597958327 ], [ -148.956756759544135, 62.431080977733124 ], [ -149.011428760368176, 62.423629380406446 ], [ -149.01543478446149, 62.433348810638854 ], [ -149.026612790104963, 62.434749471495167 ], [ -149.049521202522357, 62.432006725265069 ], [ -149.055147236563982, 62.446856463614488 ], [ -149.012896411868354, 62.449088011700617 ], [ -149.018747971405418, 62.454395362904094 ], [ -149.037964752700674, 62.451241517411255 ], [ -149.045389002550678, 62.454720058121652 ], [ -149.013847670306149, 62.480894612860197 ], [ -148.952931129558124, 62.490850428547269 ], [ -148.929637156487559, 62.496137898684388 ], [ -148.900308100487905, 62.49878749203927 ], [ -148.888883522847408, 62.505948201425561 ], [ -148.905268769939056, 62.5089279007641 ], [ -148.930586691817041, 62.504288298717455 ], [ -148.950003997549089, 62.5043031671349 ], [ -148.982867716764048, 62.49817360999883 ], [ -148.987153002546222, 62.502115023676375 ], [ -149.029879719026468, 62.47624467045943 ], [ -149.059982499959375, 62.467590056105081 ], [ -149.080981722777949, 62.45789404716583 ], [ -149.089094715720364, 62.451151566817281 ], [ -149.124797962131311, 62.437957946613096 ], [ -149.117799827123179, 62.452356351459152 ], [ -149.139646540746213, 62.44962885399098 ], [ -149.161832475840669, 62.449853000328829 ], [ -149.199893113341858, 62.432867693673899 ], [ -149.199277499596832, 62.443417406660615 ], [ -149.217501189557396, 62.438183233448264 ], [ -149.214301395898275, 62.427985256068077 ], [ -149.239386296369872, 62.424239751971129 ], [ -149.255605136484746, 62.414698897636953 ], [ -149.279165190734602, 62.414738290703617 ], [ -149.269301772950627, 62.42516239139313 ], [ -149.300651585620756, 62.427303573228563 ], [ -149.29096777807132, 62.434369077573024 ], [ -149.285247320891528, 62.447162859667223 ], [ -149.292042238551772, 62.453012326851876 ], [ -149.31157199780651, 62.436854705345681 ], [ -149.326012971440775, 62.431897741722885 ], [ -149.321490892882508, 62.421520963547707 ], [ -149.333691450296499, 62.400745752884283 ], [ -149.351688020921074, 62.402159173945819 ], [ -149.348580400097376, 62.406971872976989 ], [ -149.376938517113814, 62.411161278391241 ], [ -149.393928696711754, 62.397727630387379 ], [ -149.380059114698156, 62.395325708713848 ], [ -149.387297509399019, 62.389470047771411 ], [ -149.421470100811064, 62.389906690270209 ], [ -149.429603336001549, 62.401649827177216 ], [ -149.443186205369585, 62.405240325418724 ], [ -149.454642451636005, 62.405253549084186 ], [ -149.458818657059311, 62.41234493602699 ], [ -149.441346691963787, 62.417121663860129 ], [ -149.405920799185964, 62.439411557637399 ], [ -149.402754909752815, 62.444725619085226 ], [ -149.342822836152209, 62.470894487509447 ], [ -149.338472766669753, 62.476475657474595 ], [ -149.329474086939996, 62.482822691915317 ], [ -149.300201898321546, 62.495866247947589 ], [ -149.313658280397391, 62.497723902671119 ], [ -149.401905261437776, 62.455170765407921 ], [ -149.424743206244983, 62.44676708547253 ], [ -149.4387930322888, 62.434077608779795 ], [ -149.460432342849572, 62.424247596383417 ], [ -149.476374500247402, 62.428994164256416 ], [ -149.479931975242806, 62.440174406540621 ], [ -149.494649081529474, 62.436994163615196 ], [ -149.531983698017882, 62.43328014689078 ], [ -149.563429317338887, 62.416229736879139 ], [ -149.520370549086351, 62.42777551253635 ], [ -149.488928005148779, 62.432933052614899 ], [ -149.503320863382584, 62.416490552557789 ], [ -149.522409521433218, 62.405685493538407 ], [ -149.55298720168841, 62.396455758190207 ], [ -149.547789910409705, 62.388108510722489 ], [ -149.585274533131724, 62.383356920389055 ], [ -149.565320113702455, 62.379171232023367 ], [ -149.576707540511933, 62.375531417474292 ], [ -149.594909630781302, 62.379721651179757 ], [ -149.615510161366842, 62.378806737034452 ], [ -149.64671364687851, 62.371385969525498 ], [ -149.627786769095849, 62.369591069949287 ], [ -149.652206113315856, 62.364256481184491 ], [ -149.678755886332908, 62.353426564192922 ], [ -149.673826206158992, 62.346111960272388 ], [ -149.650814946529096, 62.353095668500011 ], [ -149.643252270122133, 62.360417913961328 ], [ -149.623546121748603, 62.366592014707656 ], [ -149.584517471085434, 62.366163072250302 ], [ -149.589537357598488, 62.353485436357275 ], [ -149.559178167871039, 62.361269147194299 ], [ -149.548201333682556, 62.358300519489013 ], [ -149.536617567560853, 62.349745365925678 ], [ -149.533528499212196, 62.341802173651686 ], [ -149.559398964566896, 62.336068085766257 ], [ -149.579457876230123, 62.325169810705397 ], [ -149.604195930458644, 62.327727139384933 ], [ -149.608109526467331, 62.331900050312285 ], [ -149.637567100523938, 62.329500278066163 ], [ -149.661294520834957, 62.323148934500423 ], [ -149.698822651529952, 62.308867586542299 ], [ -149.675466588843364, 62.30947087155004 ], [ -149.655704884067177, 62.317435914500436 ], [ -149.61786782612549, 62.326058469416708 ], [ -149.553042023153665, 62.314135251088409 ], [ -149.556748861714311, 62.322167712812984 ], [ -149.524488552093317, 62.335693250406557 ], [ -149.502094029300054, 62.340209722866902 ], [ -149.503941982935544, 62.331259306657358 ], [ -149.473763689235, 62.326920701074641 ], [ -149.474950005638959, 62.320898126583764 ], [ -149.485567545419116, 62.315715032149065 ], [ -149.467560884968435, 62.31346764569949 ], [ -149.489666370237273, 62.30537276976964 ], [ -149.51305031271599, 62.300695968842014 ], [ -149.540087183623314, 62.291814138876312 ], [ -149.555015327305711, 62.293302004008297 ], [ -149.553750191448188, 62.285191784657265 ], [ -149.581823365297026, 62.277375784305264 ], [ -149.597243712115159, 62.280670114941948 ], [ -149.611794680499628, 62.280235386279173 ], [ -149.591511224906412, 62.268777242971687 ], [ -149.573797235854471, 62.270356469550045 ], [ -149.549516435708881, 62.269288397838004 ], [ -149.536912730499552, 62.274041883580921 ], [ -149.519992627318999, 62.270626250291478 ], [ -149.533913939309485, 62.265089641262023 ], [ -149.531611902889978, 62.261821296156747 ], [ -149.567720011049971, 62.252148993355689 ], [ -149.581718698944456, 62.251162778111301 ], [ -149.578984211705119, 62.261037520546409 ], [ -149.597666576157536, 62.260940497305533 ], [ -149.599040834849006, 62.255669225110928 ], [ -149.61183891665533, 62.24987606717005 ], [ -149.604504106987804, 62.246742571290454 ], [ -149.617984281378313, 62.236592924304453 ], [ -149.617469075453243, 62.228282622414113 ], [ -149.630478396332023, 62.221357806453057 ], [ -149.653855653669382, 62.236658139835072 ], [ -149.658312244051785, 62.226111194115475 ], [ -149.67365002773073, 62.219056645209136 ], [ -149.694857537624443, 62.217957498072153 ], [ -149.713367220050401, 62.224188941202989 ], [ -149.728213911940827, 62.223583983748924 ], [ -149.740588355262304, 62.218550787773438 ], [ -149.751157899153242, 62.218795234541318 ], [ -149.773952423288222, 62.226796537759 ], [ -149.786493064610767, 62.222617605442373 ], [ -149.82073310019527, 62.226020948530646 ], [ -149.821067708796733, 62.228589785045067 ], [ -149.794629534862196, 62.238743209643488 ], [ -149.802179022856819, 62.240966369297155 ], [ -149.832596787319659, 62.237252154596774 ], [ -149.846206389113604, 62.232122443566517 ], [ -149.849473755252632, 62.222517599232191 ], [ -149.866344978077109, 62.217238273974637 ], [ -149.887549462204305, 62.217243473413951 ], [ -149.876576284503955, 62.227939131934882 ], [ -149.880358425830622, 62.245556625390613 ], [ -149.886052802977474, 62.251397879452377 ], [ -149.904505881447477, 62.25346051576534 ], [ -149.90913821092272, 62.238864553291911 ], [ -149.895601655813351, 62.230543895883585 ], [ -149.906417482506868, 62.229777603828133 ], [ -149.912657858077637, 62.220291424057827 ], [ -149.927539587857524, 62.222254411387006 ], [ -149.938896009776784, 62.218481922672446 ], [ -149.940988690038779, 62.209871236898792 ], [ -149.950495177432174, 62.20820261002072 ], [ -149.939239199100399, 62.195526605230604 ], [ -149.959298291405815, 62.198503083172554 ], [ -149.948088357021419, 62.201547584428887 ], [ -149.963517661240445, 62.204673490262415 ], [ -149.964185249595459, 62.220676063858541 ], [ -149.972550888298827, 62.226568009886222 ], [ -149.988659451239471, 62.226157267737328 ], [ -149.981056982543834, 62.219461327556459 ], [ -149.986524118434602, 62.209946133701386 ], [ -150.004053329246034, 62.209774189792533 ], [ -149.985327151064126, 62.196031833426282 ], [ -149.980557972498303, 62.188328013567499 ], [ -150.017215613623989, 62.194670593817641 ], [ -150.026960841149219, 62.20029184689345 ], [ -150.04206083001759, 62.200985184040981 ], [ -150.04977970696487, 62.204626835550968 ], [ -150.063490665810576, 62.202814934854807 ], [ -150.029478566538813, 62.193574904580878 ], [ -150.023783601305013, 62.186936877740003 ], [ -150.027600470577909, 62.183254875921811 ], [ -150.039848075384469, 62.18236265320315 ], [ -150.046288076223846, 62.17808230251314 ], [ -150.06530152592299, 62.18291815627051 ], [ -150.071246605628971, 62.173479846308048 ], [ -150.098625020909992, 62.163101672613521 ], [ -150.122999648005333, 62.157877944640802 ], [ -150.12941123696649, 62.165118101356924 ], [ -150.115322451385993, 62.174288043845038 ], [ -150.121935180097239, 62.176716556426797 ], [ -150.143834716774847, 62.173462566354161 ], [ -150.145084176598175, 62.165447470893831 ], [ -150.155813067808282, 62.162967253814919 ], [ -150.172870500936767, 62.165376048377382 ], [ -150.180192214352843, 62.170004901501692 ], [ -150.168447166306436, 62.176418289724346 ], [ -150.180910931427718, 62.178930384408154 ], [ -150.193901726911264, 62.172809203595293 ], [ -150.179887584829828, 62.164460490267942 ], [ -150.180702930900225, 62.153765562788649 ], [ -150.205847776511973, 62.156413858510561 ], [ -150.214696630160461, 62.155214009433266 ], [ -150.217960617336104, 62.147272483637565 ], [ -150.235405639184819, 62.144867527937969 ], [ -150.241097809783128, 62.13967178798773 ], [ -150.251178787838313, 62.139214865826609 ], [ -150.239023275075908, 62.131518788379303 ], [ -150.252106526741329, 62.126159229353128 ], [ -150.265312832316624, 62.127264523857505 ], [ -150.278312472577142, 62.138330005463253 ], [ -150.307767173997178, 62.137668063940133 ], [ -150.287330187786665, 62.130899553610064 ], [ -150.287600625380492, 62.126324207591914 ], [ -150.296944555051198, 62.124436117097844 ], [ -150.308157799653145, 62.127462871292998 ], [ -150.319143404337183, 62.12632333372791 ], [ -150.341327046732971, 62.131196120997409 ], [ -150.354476807893548, 62.137021870561306 ], [ -150.366226083796647, 62.138891170123465 ], [ -150.392418000982985, 62.132745678689012 ], [ -150.400734018986157, 62.126216467150954 ], [ -150.424772609781741, 62.12682015046525 ], [ -150.43296021036025, 62.1314518157685 ], [ -150.433652708585299, 62.138022409455594 ], [ -150.461359422807362, 62.139864105746639 ], [ -150.469796149528378, 62.144780925129439 ], [ -150.486454531501607, 62.149652972528422 ], [ -150.493681838833282, 62.159860212627457 ], [ -150.481720987265902, 62.166871035448587 ], [ -150.480179841319512, 62.177319311920478 ], [ -150.462197407406308, 62.177253473047337 ], [ -150.448070804565418, 62.174736079279953 ], [ -150.442602919461365, 62.181160038568599 ], [ -150.42711252661789, 62.181741448344411 ], [ -150.401407447585683, 62.174906753022832 ], [ -150.393567946478441, 62.178152701431181 ], [ -150.387286209084948, 62.188188667168284 ], [ -150.370470596691689, 62.188645455385178 ], [ -150.348419247073906, 62.186536450755924 ], [ -150.353697141445735, 62.193451941086863 ], [ -150.340397005077989, 62.191365830037242 ], [ -150.340233718557016, 62.19728454053233 ], [ -150.320639408350615, 62.202737862020307 ], [ -150.323106397346152, 62.206116203623544 ], [ -150.309920441873572, 62.211481578088858 ], [ -150.288631501786796, 62.21750421125931 ], [ -150.313726238069222, 62.220986886370795 ], [ -150.373572778681847, 62.208590168733011 ], [ -150.394651497531868, 62.207833071265341 ], [ -150.403238512600069, 62.203674261743245 ], [ -150.440809683321589, 62.208264136940684 ], [ -150.478115871090893, 62.219798124064901 ], [ -150.495466834449161, 62.22731871790711 ], [ -150.501494898502472, 62.233490335247744 ], [ -150.493876817296126, 62.242561197341082 ], [ -150.49473404876349, 62.247100490979676 ], [ -150.485377544481196, 62.253420457387762 ], [ -150.483202022577387, 62.263882900677046 ], [ -150.461140170150315, 62.278137770005969 ], [ -150.439726764413905, 62.28448647397024 ], [ -150.422883177246803, 62.292055606744633 ], [ -150.419099552157974, 62.303425794647261 ], [ -150.422332480921256, 62.314418552987185 ], [ -150.403481089003577, 62.315935590814313 ], [ -150.402131249886082, 62.323308088314342 ], [ -150.404782155802536, 62.340332666966695 ], [ -150.420610033046557, 62.345962595748681 ], [ -150.4296672760386, 62.356564931188657 ], [ -150.439600797816666, 62.361586000774416 ], [ -150.447588822083162, 62.369093092892896 ], [ -150.421796334987533, 62.370752360419985 ], [ -150.401042805449777, 62.375479643404418 ], [ -150.359639432536767, 62.374204156848094 ], [ -150.31865749903838, 62.382268747763646 ], [ -150.283139008362127, 62.391193942040168 ], [ -150.256889172835116, 62.396719389376891 ], [ -150.197930181581597, 62.404266976274947 ], [ -150.183444615227216, 62.407364013292145 ], [ -150.170480961129954, 62.406361088484388 ], [ -150.158769152816973, 62.39814403790794 ], [ -150.137166698222927, 62.389251883673253 ], [ -150.09743079757564, 62.384878011653043 ], [ -150.043553740446356, 62.388699919564715 ], [ -150.021332872779112, 62.393691551386468 ], [ -149.981671803685771, 62.391573198720799 ], [ -149.963702327828912, 62.386175876278315 ], [ -149.941430350611427, 62.388169461479897 ], [ -149.882762712471646, 62.381897992376615 ], [ -149.832516148086199, 62.382864078307563 ], [ -149.802031331677426, 62.385140739228689 ], [ -149.777005384089762, 62.376401309576408 ], [ -149.790433444453612, 62.38612039485929 ], [ -149.823791779840718, 62.392122651360317 ], [ -149.875108560467197, 62.387983027882449 ], [ -149.917476250474863, 62.397733752445291 ], [ -149.944964698951708, 62.396645560267253 ], [ -149.958926460857157, 62.399837251553748 ], [ -149.986770458375673, 62.402306124890494 ], [ -150.016437723211226, 62.412376255433685 ], [ -150.084913744415644, 62.42671754517098 ], [ -150.068676218925447, 62.4356982909922 ], [ -150.044987481571724, 62.435788397192191 ], [ -150.030244031321303, 62.439839003354415 ], [ -149.998002958197333, 62.457833730221466 ], [ -149.976512939976629, 62.459989523865453 ], [ -149.961219379157484, 62.471314774662005 ], [ -149.940145071481396, 62.472859489221662 ], [ -149.849516315998926, 62.493123995725796 ], [ -149.805664855979416, 62.498053566923851 ], [ -149.785693199574098, 62.498289653400121 ], [ -149.770611611315587, 62.504131925862197 ], [ -149.749099864474971, 62.503224731089354 ], [ -149.709134199938944, 62.510477870028566 ], [ -149.684288899012785, 62.508464897132441 ], [ -149.675171953048732, 62.504326595845008 ], [ -149.634206406837848, 62.504673052746 ], [ -149.631963466662086, 62.51029241615273 ], [ -149.657091092688916, 62.509240212713323 ], [ -149.692898693384478, 62.513956694573743 ], [ -149.728084740988749, 62.508260514440124 ], [ -149.76386136442494, 62.507163987491161 ], [ -149.792299920411494, 62.498808322563498 ], [ -149.801050908576855, 62.501098677773932 ], [ -149.865733076504199, 62.495742640594258 ], [ -149.878704109315692, 62.491774618185801 ], [ -149.913591574404165, 62.493902728390992 ], [ -149.965830671561719, 62.486066598000725 ], [ -150.000306054380644, 62.472938950060012 ], [ -150.017843203889981, 62.471266352092734 ], [ -150.03323553278463, 62.458896408794267 ], [ -150.035901748620489, 62.447586365862684 ], [ -150.056069836504975, 62.442273228357699 ], [ -150.09727389401354, 62.445626328446842 ], [ -150.154936236555443, 62.446285566742098 ], [ -150.198786753251795, 62.445356618835312 ], [ -150.226920387704638, 62.451615114024484 ], [ -150.228253609379209, 62.454175834757763 ], [ -150.230965355641757, 62.462130184629302 ], [ -150.214022368692468, 62.466171187817267 ], [ -150.197691607403925, 62.474861686325895 ], [ -150.206244341328699, 62.486484040275172 ], [ -150.230905971701617, 62.491367672161154 ], [ -150.22310153647976, 62.497674038228503 ], [ -150.194431163148352, 62.504846751698601 ], [ -150.1714309141162, 62.508419083840238 ], [ -150.158065528328905, 62.521968187820022 ], [ -150.14554744857503, 62.525357436370619 ], [ -150.128482282817174, 62.537037204134265 ], [ -150.119751511247699, 62.547187657280212 ], [ -150.095386568356929, 62.552740133534861 ], [ -150.093414195940312, 62.563141564860196 ], [ -150.071232064467836, 62.573720777694056 ], [ -150.053433047498572, 62.587755457227459 ], [ -150.049556930645991, 62.597904625335964 ], [ -150.051587531944449, 62.615321621517467 ], [ -150.027467474174358, 62.631601836444105 ], [ -150.038092610288601, 62.642265235951989 ], [ -150.059724937027539, 62.647736073182898 ], [ -150.030582080383283, 62.657872705766827 ], [ -150.037204513609709, 62.668117253699108 ], [ -150.015465134953644, 62.689035924156975 ], [ -150.033548141645269, 62.701927394596346 ], [ -150.031345913514713, 62.696564109054243 ], [ -150.029354945541087, 62.679444814317669 ], [ -150.047530747433598, 62.670963900563507 ], [ -150.036263733910772, 62.662386250302923 ], [ -150.065061165433519, 62.647714406693346 ], [ -150.050691369733471, 62.642945492440738 ], [ -150.037193101888619, 62.628074456962288 ], [ -150.05288251917105, 62.620163228975031 ], [ -150.072435752722129, 62.59882988518067 ], [ -150.067113753181388, 62.589578848872804 ], [ -150.062409668216731, 62.584897148054175 ], [ -150.100274343815585, 62.566279845247124 ], [ -150.100288914763269, 62.555187588924611 ], [ -150.120156716432575, 62.55029370338233 ], [ -150.135339286315713, 62.542204118300987 ], [ -150.13543154086841, 62.534344186761018 ], [ -150.14527410480602, 62.526686905223869 ], [ -150.169524030341563, 62.521882678195936 ], [ -150.172487417045915, 62.514340259553009 ], [ -150.185547427365861, 62.507126265243635 ], [ -150.199944138966771, 62.506621467255428 ], [ -150.204742230001273, 62.511563224793818 ], [ -150.220949728709115, 62.517632187149609 ], [ -150.232441723799212, 62.519473538451194 ], [ -150.246681613693681, 62.530888157535443 ], [ -150.264596230865635, 62.53991721167489 ], [ -150.267833263769575, 62.548187938919483 ], [ -150.263615627759236, 62.551189499110222 ], [ -150.29066092797089, 62.564167313960318 ], [ -150.291201639122136, 62.568496886111461 ], [ -150.309209399137671, 62.575159915325919 ], [ -150.344369741430228, 62.578368555599901 ], [ -150.395583065768164, 62.596137927053157 ], [ -150.41322211644507, 62.597532971539295 ], [ -150.398827377503665, 62.593958423477922 ], [ -150.370064326794022, 62.585070133818171 ], [ -150.366989614650947, 62.580865638082003 ], [ -150.305530395351099, 62.573185152441049 ], [ -150.302676894387758, 62.566840004690363 ], [ -150.275198433131521, 62.554027397720056 ], [ -150.26786411740099, 62.54035747983842 ], [ -150.235770518872101, 62.519084760178572 ], [ -150.203685071579713, 62.509463256314305 ], [ -150.20575221710061, 62.50342604450978 ], [ -150.233921531950358, 62.497681192735847 ], [ -150.230779010972299, 62.488549884200381 ], [ -150.210821329916797, 62.485715970188828 ], [ -150.206143732603323, 62.476729939602691 ], [ -150.223009260101918, 62.474092072902529 ], [ -150.241577354964107, 62.466252042637358 ], [ -150.261509656075361, 62.460209668392508 ], [ -150.262840077450335, 62.450948100623314 ], [ -150.269932159089279, 62.448079788614571 ], [ -150.315607868349701, 62.441197391106748 ], [ -150.338420545072921, 62.440680300712174 ], [ -150.371501660702165, 62.434286271984661 ], [ -150.397075773010044, 62.417824331878471 ], [ -150.432900628354759, 62.41777767818747 ], [ -150.446841959903253, 62.414728690153261 ], [ -150.479137382578614, 62.415072843665627 ], [ -150.532724792739714, 62.403428581996323 ], [ -150.545368223550213, 62.399908429596778 ], [ -150.549313613561509, 62.395604111130559 ], [ -150.52102625393681, 62.377093609122575 ], [ -150.550579137332932, 62.378587601519705 ], [ -150.588042974903118, 62.374434430529881 ], [ -150.597993141557424, 62.371826802245131 ], [ -150.603848985540282, 62.364060035999657 ], [ -150.62584930758544, 62.362159002064942 ], [ -150.637276150601821, 62.359132560065454 ], [ -150.651369619268365, 62.352014601956604 ], [ -150.649771222293452, 62.347417729745175 ], [ -150.640092245355135, 62.34148286948772 ], [ -150.625183992542873, 62.337302425034117 ], [ -150.651511794126748, 62.333754519750066 ], [ -150.657470114035476, 62.324752323249747 ], [ -150.671973014786545, 62.324550784202252 ], [ -150.683617291571153, 62.317673997250516 ], [ -150.698352555589139, 62.319753418212528 ], [ -150.704999800566299, 62.317711265431534 ], [ -150.741600187364355, 62.326945052231679 ], [ -150.744559104157787, 62.325480914347253 ], [ -150.718295601552825, 62.317760203867834 ], [ -150.703358094254895, 62.312272147544107 ], [ -150.696956215842135, 62.307106367382623 ], [ -150.676657301896483, 62.297281854951727 ], [ -150.674285704387216, 62.291351172855734 ], [ -150.678158116818224, 62.286259692394729 ], [ -150.68895307128048, 62.283971915145997 ], [ -150.692308773184607, 62.275013355864061 ], [ -150.722704641997893, 62.271829638227821 ], [ -150.75155385918157, 62.277006224529728 ], [ -150.772902231760071, 62.276454387876903 ], [ -150.789705954049197, 62.277526492750162 ], [ -150.802633942613852, 62.274764924856427 ], [ -150.782573400307797, 62.270977819113071 ], [ -150.774014194074141, 62.267985764673718 ], [ -150.765177454820588, 62.270616326597434 ], [ -150.746541828099566, 62.267692752654199 ], [ -150.742933141753127, 62.264126094869191 ], [ -150.747150448102843, 62.24655313965679 ], [ -150.764366923601131, 62.245728490252617 ], [ -150.764205120193509, 62.243306678725254 ], [ -150.781668180132243, 62.241649746227075 ], [ -150.798911079666794, 62.24196379438667 ], [ -150.816739332883827, 62.2487799202407 ], [ -150.811768668146044, 62.250358130937684 ], [ -150.810747365928222, 62.261418262691315 ], [ -150.833064158894416, 62.267925283202153 ], [ -150.824555036542506, 62.257111381824338 ], [ -150.827019868714444, 62.249013283126345 ], [ -150.842207937407693, 62.247742356291496 ], [ -150.846413804314949, 62.251310231009164 ], [ -150.869682718701682, 62.253574440905211 ], [ -150.864486291788779, 62.250246341595428 ], [ -150.837855326327059, 62.242790244201011 ], [ -150.841966189634292, 62.236293590599153 ], [ -150.852148625643252, 62.238178792616253 ], [ -150.874223347370759, 62.238912261030393 ], [ -150.878055921252837, 62.237257459810671 ], [ -150.86358180073384, 62.23024306019984 ], [ -150.857584188267424, 62.224083409131744 ], [ -150.873962197400516, 62.218516552928826 ], [ -150.892828228533688, 62.220383880146215 ], [ -150.899959553039793, 62.210286567022465 ], [ -150.909002138939968, 62.206313999681008 ], [ -150.922814829133728, 62.203880650324066 ], [ -150.925777599358099, 62.197696241362586 ], [ -150.918429593623671, 62.184243136728007 ], [ -150.92854673288133, 62.184071543219467 ], [ -150.94038212071851, 62.174462309643673 ], [ -150.922617111621065, 62.170192192025702 ], [ -150.91873156080095, 62.163519288281201 ], [ -150.923358630026712, 62.160953148598445 ], [ -150.917262400841111, 62.150967058541703 ], [ -150.908367210936888, 62.149268819762085 ], [ -150.898169299775077, 62.158487144634769 ], [ -150.878860038936779, 62.15602038725239 ], [ -150.857598888879124, 62.150706121503433 ], [ -150.847822498601772, 62.153281752177939 ], [ -150.826983624027577, 62.151416360615336 ], [ -150.808264044293594, 62.137084173843405 ], [ -150.789930674690339, 62.129870192860466 ], [ -150.778823882887195, 62.131842060338563 ], [ -150.741574886165864, 62.108781403048518 ], [ -150.733248241901862, 62.098676389731288 ], [ -150.740902825603911, 62.096352024330017 ], [ -150.741668940810598, 62.076834084911169 ], [ -150.7508327632614, 62.068393050393865 ], [ -150.771300182468821, 62.06481844141635 ], [ -150.773739823813258, 62.053353039777377 ], [ -150.786782676725608, 62.050099310220403 ], [ -150.805761538158862, 62.049286390748911 ], [ -150.831522721706079, 62.051772147926599 ], [ -150.830609653237161, 62.042346719326126 ], [ -150.835708104724773, 62.03190076290538 ], [ -150.830407932928296, 62.027997906225664 ], [ -150.839224114740603, 62.021620032096315 ], [ -150.857674947992081, 62.023460114636201 ], [ -150.862583121994135, 62.021098528811478 ], [ -150.857246910510867, 62.006546655691629 ], [ -150.842148663727329, 61.990932786628292 ], [ -150.854800445689989, 61.985533610067748 ], [ -150.877268569626921, 61.98797223057516 ], [ -150.88378397739001, 61.981463381413739 ], [ -150.91142879935569, 61.966064760596097 ], [ -150.905898886136043, 61.957637363611362 ], [ -150.890645517827181, 61.961823584905233 ], [ -150.89133532712097, 61.96931190759932 ], [ -150.870145569516666, 61.974701818089351 ], [ -150.85808843691629, 61.96203587087804 ], [ -150.877634104765804, 61.956463678957483 ], [ -150.866010823864741, 61.948026849951923 ], [ -150.870170575263188, 61.933804884045536 ], [ -150.893968142442958, 61.92927213744219 ], [ -150.876788744826285, 61.914899240608555 ], [ -150.889039122819526, 61.912130493927741 ], [ -150.903776156547167, 61.9231264908505 ], [ -150.91010504831911, 61.902436989310431 ], [ -150.927078399484913, 61.922232321237473 ], [ -150.932506669734664, 61.917208338728777 ], [ -150.928602242010072, 61.897220528845651 ], [ -150.945599034245674, 61.90246060349137 ], [ -150.952643034119802, 61.893385992476929 ], [ -150.948259805228872, 61.884552595722006 ], [ -150.955179802121791, 61.870061352225498 ], [ -150.972518082392128, 61.87274012606948 ], [ -150.973102649107688, 61.884907375717034 ], [ -150.988097130845688, 61.882987328313774 ], [ -150.992649908479365, 61.865374552114979 ], [ -151.011382808573529, 61.857206911217915 ], [ -151.01546705273833, 61.864833749790343 ], [ -151.037294313544265, 61.870668701597985 ], [ -151.05267050742998, 61.861582192164242 ], [ -151.063293090661972, 61.863991028929625 ], [ -151.065384975768097, 61.842709724874183 ], [ -151.07239315979885, 61.831128409750214 ], [ -151.086449168771338, 61.82725530429699 ], [ -151.079901523934609, 61.808027296537475 ], [ -151.088875047455758, 61.791369640314272 ], [ -151.107459761283195, 61.780651154616777 ], [ -151.119601951334772, 61.786434253355104 ], [ -151.1323640832384, 61.762752431103671 ], [ -151.161740087032513, 61.755680399211307 ], [ -151.170566737850237, 61.699358253452992 ], [ -151.197410636854528, 61.689231391724107 ], [ -151.198320925893086, 61.708607549936026 ], [ -151.211878587286918, 61.706431318711644 ], [ -151.235675172166253, 61.729234358430041 ], [ -151.272753801041205, 61.673022600888807 ], [ -151.263776270027165, 61.656583031984667 ], [ -151.273929075856017, 61.643773025469272 ], [ -151.330752598978989, 61.614847043845046 ], [ -151.347513779948088, 61.576097096992683 ], [ -151.366730398083121, 61.545263070180766 ], [ -151.391267577457228, 61.551128350594524 ], [ -151.443374091455496, 61.522177687211872 ], [ -151.455649074135323, 61.545152001710839 ], [ -151.470093547023538, 61.536576199036233 ], [ -151.496504737201974, 61.501302826735511 ], [ -151.53891688296676, 61.426463863922613 ], [ -151.572859635486907, 61.420775174274645 ], [ -151.573601555746876, 61.452957909302981 ], [ -151.615847194708948, 61.416274222537602 ], [ -151.685426236005043, 61.378368539313094 ], [ -151.81314330924414, 61.281996947555577 ], [ -151.875303383659087, 61.248290519041703 ], [ -151.935709223586485, 61.195989548897188 ], [ -151.80284701713947, 61.259405515921294 ], [ -151.80483767343469, 61.234216895403648 ], [ -151.856659577793891, 61.184747910241725 ], [ -151.880175863194694, 61.178230926999603 ], [ -151.946222221274496, 61.110961253294498 ], [ -151.949626863057915, 61.08422628879061 ], [ -152.01394037540382, 61.032289377157539 ], [ -152.089815556411878, 60.991833909690321 ], [ -152.133338624005944, 60.960455988312297 ], [ -152.219982882130864, 60.882687347096002 ], [ -152.32565955607808, 60.822785353571405 ], [ -152.388587899078601, 60.744009411087632 ], [ -152.465766032938774, 60.730999820937072 ], [ -152.422508926419795, 60.793416900535199 ], [ -152.494525341993381, 60.757823360832433 ], [ -152.516629744308233, 60.721854682355406 ], [ -152.595596480376543, 60.664105068914012 ], [ -152.723721091139936, 60.552897080332151 ], [ -152.729268904408656, 60.610895307267356 ], [ -152.808231155918037, 60.547557407164277 ], [ -152.960829686787775, 60.453832173221372 ], [ -153.119566025402975, 60.326901335360141 ], [ -153.143679102185843, 60.358805739067613 ], [ -153.194708262687357, 60.316666481967971 ], [ -153.204827824413456, 60.277819263316523 ], [ -153.248827082219208, 60.239217889835096 ], [ -153.331224468276446, 60.196005920228586 ], [ -153.315869827178375, 60.316334742798901 ], [ -153.367150695528522, 60.297924207511386 ], [ -153.443344709718616, 60.24655086821199 ], [ -153.480414778243158, 60.203569379048936 ], [ -153.454631735747739, 60.201600900465145 ], [ -153.516038261380345, 60.146949056370623 ], [ -153.610918829498019, 60.108546538781589 ], [ -153.730811939953668, 60.012113948402508 ], [ -153.761115466077513, 59.970606441981367 ], [ -153.715419950933352, 59.965476147201777 ], [ -153.761937965831322, 59.902294943246019 ], [ -153.839466405303256, 59.867994256431032 ], [ -153.868868769583003, 59.872531168337446 ], [ -153.971450312330774, 59.830103745755757 ], [ -153.965340479860089, 59.86300581036614 ], [ -153.925290121111942, 59.923605741114116 ], [ -153.945030875474487, 59.925738343887758 ], [ -154.033023601430614, 59.876608285242249 ], [ -154.158627623595549, 59.818295157067652 ], [ -154.235125180236054, 59.756882987956892 ], [ -154.26673024907879, 59.752712536335508 ], [ -154.432805011463643, 59.651946718142177 ], [ -154.461264902820517, 59.616397361961866 ], [ -154.214850426038424, 59.727006025685405 ], [ -154.157698572303048, 59.722060878103292 ], [ -154.22902013023355, 59.649112020598622 ], [ -154.327714636849777, 59.573979499338911 ], [ -154.400349189482597, 59.606604850993094 ], [ -154.449904068223674, 59.594872728311401 ], [ -154.547153085958115, 59.516291099452729 ], [ -154.598513841121473, 59.497790756755393 ], [ -154.693362615110658, 59.510758273247291 ], [ -154.795479104823102, 59.451503638340775 ], [ -154.882127785123771, 59.382652339316891 ], [ -154.980443321626353, 59.315809938648741 ], [ -154.993253925271091, 59.292639839314788 ], [ -155.122584158012131, 59.217856663650089 ], [ -155.186640384122143, 59.170004334010848 ], [ -155.210288202413807, 59.136206535183113 ], [ -155.136353289420413, 59.155566265460948 ], [ -155.076979392848983, 59.22025238225099 ], [ -154.979462538231047, 59.278174165659465 ], [ -154.97207117954369, 59.228964711914834 ], [ -154.891694718739245, 59.273561907915372 ], [ -154.859172262743925, 59.268435928892686 ], [ -154.828589876675409, 59.224893481553181 ], [ -154.947777447491887, 59.155943668465142 ], [ -154.998009103861904, 59.138275198266847 ], [ -154.993491952808881, 59.097405368699242 ], [ -154.892246068937681, 59.114441540351756 ], [ -155.055217433977987, 59.037355373151549 ], [ -155.112433016355595, 58.996354970718016 ], [ -155.157989463706912, 58.995638059908465 ], [ -155.221056745347994, 58.944300149015973 ], [ -155.249529341058121, 58.892069541796182 ], [ -155.233894533120065, 58.861969292579317 ], [ -155.256070537913644, 58.821001534809561 ], [ -155.312555676323171, 58.842327435050372 ], [ -155.363010935375343, 58.830380360506055 ], [ -155.383858659597564, 58.84486053728466 ], [ -155.318497743322325, 58.933789786636545 ], [ -155.354039060754303, 58.929629798725884 ], [ -155.48535115219434, 58.782987337818824 ], [ -155.452211620236341, 58.776798451460849 ], [ -155.501714734202523, 58.719243418397433 ], [ -155.537459748557893, 58.701210613496123 ], [ -155.546823088918273, 58.738262236156729 ], [ -155.53084246244191, 58.774278257591028 ], [ -155.616089847787691, 58.768320470523477 ], [ -155.757743973578897, 58.637031601763653 ], [ -155.829451509005594, 58.624949081388124 ], [ -155.876010526672303, 58.570307509824573 ], [ -155.903777413982993, 58.603146398076461 ], [ -156.099109998962206, 58.539705273336821 ], [ -156.247732361939825, 58.473914035490687 ], [ -156.310704080497828, 58.384204259110618 ], [ -156.337750303748493, 58.406480807519266 ], [ -156.324541713368092, 58.443268433151978 ], [ -156.27277081044042, 58.509616442827863 ], [ -156.339721563429123, 58.494226424066056 ], [ -156.372478373542975, 58.464101420744278 ], [ -156.371602041698196, 58.406143373524998 ], [ -156.405965305723385, 58.340959144639335 ], [ -156.500365875375451, 58.259618395603233 ], [ -156.491627973362483, 58.246443017954483 ], [ -156.532181253414166, 58.185340784448208 ], [ -156.565806954163804, 58.171768599549928 ], [ -156.644732869739244, 58.103345978422837 ], [ -156.74700023312522, 58.062470972926 ], [ -156.708828010806997, 58.117434383009169 ], [ -156.639228176865402, 58.136785158216888 ], [ -156.622416590091063, 58.178618319522606 ], [ -156.672380773439443, 58.178001109575355 ], [ -156.59103688744645, 58.257614352029108 ], [ -156.565384271262587, 58.307784904093687 ], [ -156.503700707638814, 58.361984291549483 ], [ -156.480103723442113, 58.397488679938022 ], [ -156.534956199825672, 58.418661799672414 ], [ -156.615977629220822, 58.412417774718598 ], [ -156.674145177428471, 58.38779595362648 ], [ -156.692174553772958, 58.3432515192899 ], [ -156.753375702521055, 58.315227256246168 ], [ -156.777571244884399, 58.34885944981211 ], [ -156.869602886028446, 58.300695577052402 ], [ -156.909211120294032, 58.268581657387372 ], [ -156.897444628254675, 58.234828720480657 ], [ -156.925882368136485, 58.210265120827742 ], [ -156.982645655497123, 58.206281037949026 ], [ -157.031213292020226, 58.185507479803213 ], [ -157.052511367282591, 58.130901758612531 ], [ -157.093103010166431, 58.127798442528018 ], [ -157.211857089257791, 58.076962175836719 ], [ -157.318810604591704, 58.091869290113685 ], [ -157.345270755693463, 58.063983825261808 ], [ -157.298901472795336, 58.043919746564939 ], [ -157.421947382939578, 57.967525429098913 ], [ -157.463346311066829, 57.901757733753541 ], [ -157.525066510762912, 57.854317115302905 ], [ -157.556228802949192, 57.850755528066728 ], [ -157.542942219883059, 57.951227101613163 ], [ -157.559952050377689, 57.965052031342751 ], [ -157.631422049026185, 57.918994909013016 ], [ -157.679247899788805, 57.927173251751157 ], [ -157.721354773834463, 57.885605867973815 ], [ -157.640780552804358, 57.882736590118476 ], [ -157.687238164037467, 57.818524068929293 ], [ -157.808947560989651, 57.795653356870986 ], [ -157.838006634359374, 57.810184652414762 ], [ -157.812286204001225, 57.872157806112646 ], [ -157.877675572066238, 57.862527680683428 ], [ -157.916072729023426, 57.843364521721142 ], [ -157.998848630797937, 57.760937676492389 ], [ -158.087428151680086, 57.716785771833862 ], [ -158.211063200273458, 57.666563018284094 ], [ -158.290814296129724, 57.62466837934037 ], [ -158.361686430372686, 57.621415098910674 ], [ -158.380675113121868, 57.646635116166458 ], [ -158.511022705432481, 57.602210191050922 ], [ -158.527069827846532, 57.624772427566285 ], [ -158.469473592021103, 57.680570600160095 ], [ -158.404075127375876, 57.770962021262434 ], [ -158.278487121437394, 57.863358048060725 ], [ -158.229362610243641, 57.919894376743841 ], [ -158.252982356675034, 57.934725974177603 ], [ -158.349614056870138, 57.925491305865613 ], [ -158.457184309239722, 57.889638275698523 ], [ -158.62613511788183, 57.759058758844787 ], [ -158.624590166657896, 57.730785239275086 ], [ -158.668457580581247, 57.664821996337807 ], [ -158.672090408006284, 57.63991192669652 ], [ -158.804996060472945, 57.546379397862928 ], [ -158.869388023531428, 57.494072853222306 ], [ -159.012018255578823, 57.401874735083958 ], [ -159.109056206045864, 57.397889575932062 ], [ -159.10946632759007, 57.353083582964182 ], [ -159.145042826644072, 57.325493774535076 ], [ -159.088229756312387, 57.316833758608439 ], [ -159.089673145009527, 57.275591287074249 ], [ -159.114471924625008, 57.254014721771071 ], [ -159.227216959600469, 57.21243297387192 ], [ -159.27199118035702, 57.237637808048021 ], [ -159.221686879915012, 57.29951742469413 ], [ -159.294549034650743, 57.286954481250795 ], [ -159.37296130169409, 57.22695537963483 ], [ -159.358989248050676, 57.180416073289535 ], [ -159.40889058337109, 57.137248559952177 ], [ -159.543680632238477, 57.139783432743172 ], [ -159.588420511584957, 57.126740672715265 ], [ -159.649529014145088, 57.165525259607499 ], [ -159.644548099960559, 57.211045465864409 ], [ -159.590781641362412, 57.22526755455484 ], [ -159.587577169368757, 57.277419502371323 ], [ -159.558652933216877, 57.357398222533462 ], [ -159.623638000556269, 57.382573437936706 ], [ -159.606629700354489, 57.41136388736745 ], [ -159.68077931885, 57.400625331733437 ], [ -159.76180212112493, 57.334365657227721 ], [ -159.764297360655405, 57.283225028777217 ], [ -159.705635790886816, 57.271598168491408 ], [ -159.754865762039941, 57.174870031600257 ], [ -159.74540091020117, 57.142707276818122 ], [ -159.752699579484499, 57.074942991535863 ], [ -159.786410040774427, 57.037519419657798 ], [ -159.824390616799832, 57.071027148019432 ], [ -159.778222501683018, 57.091763542215524 ], [ -159.78006893403915, 57.120533496134485 ], [ -159.840485052962293, 57.102000638930335 ], [ -159.851541965590314, 57.064880769627891 ], [ -159.898166907780364, 57.04240293502648 ], [ -159.908434369326102, 57.012279627595461 ], [ -159.965523232192368, 56.981423630758101 ], [ -160.010965492572694, 56.982033003190189 ], [ -160.048027795057692, 56.959280642745213 ], [ -160.113316240854971, 56.982718058786418 ], [ -160.105378880322974, 57.007803513378214 ], [ -160.132743971476259, 57.032130022684854 ], [ -160.10286086207114, 57.065833974268401 ], [ -160.123243266048064, 57.120157632498127 ], [ -160.200898213792584, 57.161161321065691 ], [ -160.284519915928598, 57.160490474990745 ], [ -160.305868780297146, 57.10706092758543 ], [ -160.334686804578581, 57.10190741063159 ], [ -160.354582403237714, 57.041797485641553 ], [ -160.300689632728705, 57.032907035532581 ], [ -160.228933074739018, 56.995991156811471 ], [ -160.226147384225897, 56.967837233221729 ], [ -160.339061702529193, 56.913892465057792 ], [ -160.487222404487852, 56.817748206609799 ], [ -160.60275564061601, 56.777430432890974 ], [ -160.619369802152931, 56.828845420801024 ], [ -160.53598826212405, 56.866733601784574 ], [ -160.508661115986712, 56.908153602938135 ], [ -160.528986996557478, 56.931642217574421 ], [ -160.414791775776678, 56.94078309206855 ], [ -160.465817264987351, 56.970208881577591 ], [ -160.416089586824143, 57.050492217421969 ], [ -160.424002027594497, 57.096386523713086 ], [ -160.402088811291407, 57.130606991582503 ], [ -160.231608376569739, 57.214520030547078 ], [ -160.1683348869079, 57.230201315169644 ], [ -160.116194802710822, 57.222680204749466 ], [ -160.063683582488892, 57.236699560613062 ], [ -160.011892765903411, 57.225773522073574 ], [ -159.948551607438191, 57.25039910674905 ], [ -159.890880176090434, 57.304577398226343 ], [ -159.911744542295025, 57.351507562893602 ], [ -159.867384197361361, 57.362923129000649 ], [ -159.768618267610066, 57.416388132703283 ], [ -159.730158854812373, 57.415298554562391 ], [ -159.612375652939932, 57.492747427130666 ], [ -159.565022300135297, 57.474457931670457 ], [ -159.475176073876895, 57.516908846125389 ], [ -159.461696076475505, 57.565585528142485 ], [ -159.428699502959148, 57.594874772177498 ], [ -159.46214795837048, 57.618026847749022 ], [ -159.292230072271224, 57.732003116181481 ], [ -159.211535974261665, 57.77782929335249 ], [ -159.03124909527196, 57.908214209641045 ], [ -158.867580670812572, 57.983225637898407 ], [ -158.752797302025783, 58.050713296211747 ], [ -158.674911957007765, 58.073194972217514 ], [ -158.544486289156822, 58.142772122392216 ], [ -158.45424106124608, 58.198043143997211 ], [ -158.276394642475168, 58.253544399616402 ], [ -158.167618084141594, 58.292311927523471 ], [ -157.959018487982718, 58.35274509896508 ], [ -157.891869169305835, 58.363863929339431 ], [ -157.853108921393812, 58.35183060247099 ], [ -157.726356887181396, 58.375853559387544 ], [ -157.697161261243963, 58.360307294209385 ], [ -157.481953913904164, 58.456524010212583 ], [ -157.502980901625733, 58.406764681754261 ], [ -157.613772206393321, 58.372203402803997 ], [ -157.695310683928113, 58.319144275557363 ], [ -157.705779555021707, 58.291673819683403 ], [ -157.670464389746968, 58.261280019673563 ], [ -157.695544094865681, 58.217880704659628 ], [ -157.655356989092923, 58.212088843688072 ], [ -157.636992871537558, 58.140643570095541 ], [ -157.56650851541238, 58.162383655398344 ], [ -157.534214777800258, 58.15141998227827 ], [ -157.494606607559717, 58.184528500569726 ], [ -157.541435977002948, 58.195169348244008 ], [ -157.496127142293204, 58.296223424538518 ], [ -157.446478235878203, 58.310891791063916 ], [ -157.373523931844744, 58.308366222835666 ], [ -157.238537484052841, 58.333569823143101 ], [ -157.22731451318046, 58.308225017771839 ], [ -157.261408366750686, 58.270038713774014 ], [ -157.208500339667836, 58.273593135856778 ], [ -157.193828229962662, 58.246192768159524 ], [ -157.090281240277392, 58.270760755424192 ], [ -157.09347217738221, 58.310328975044101 ], [ -157.018269476840032, 58.328699783725931 ], [ -157.026716206135745, 58.355444545201848 ], [ -157.080418646580029, 58.356289571039603 ], [ -157.136176301739113, 58.405751730897542 ], [ -157.175259717222389, 58.412134826282873 ], [ -157.204193582326326, 58.442142690776926 ], [ -157.183400752245802, 58.481996995425035 ], [ -157.211456594071507, 58.489849456731775 ], [ -157.120909147796795, 58.554174749241767 ], [ -156.984842711254572, 58.667746920952162 ], [ -156.970296867446251, 58.692089708566009 ], [ -156.797908342272024, 58.849010231770563 ], [ -156.733243186320294, 58.892524242117595 ], [ -156.609931103900777, 58.958191908276781 ], [ -156.441913112858231, 59.069289560682662 ], [ -156.374758334121651, 59.090325296283595 ], [ -156.307719700215983, 59.124903807400685 ], [ -156.063637661961735, 59.266958152460752 ], [ -155.981490507288129, 59.32092059459309 ], [ -155.833527609251888, 59.382676737933025 ], [ -155.62170979995247, 59.48034757499957 ], [ -155.403299777264976, 59.598296756059412 ], [ -155.266510884352329, 59.656238437214419 ], [ -155.099926718627074, 59.745662454202808 ], [ -154.926737218876923, 59.831409351955479 ], [ -154.819379450177792, 59.890527647978644 ], [ -154.760245025580105, 59.862837057402956 ], [ -154.716107162612559, 59.856975873868748 ], [ -154.615260726862545, 59.897623391495024 ], [ -154.532346453152087, 59.940979535764683 ], [ -154.445788706003441, 60.058252295360013 ], [ -154.372307029072857, 60.1148629738137 ], [ -154.329625851649467, 60.166162527349137 ], [ -154.251544412260358, 60.224627194873776 ], [ -153.890481564152083, 60.455622061383913 ], [ -153.663215412069832, 60.590428201891065 ], [ -153.351189868543059, 60.766041533505906 ], [ -153.203995700542265, 60.841027926128383 ], [ -152.978438974167432, 60.94745384496364 ], [ -152.904761188726951, 60.990743184130892 ], [ -152.760798695311962, 61.062163464208908 ], [ -152.574498051410671, 61.174914261207533 ], [ -152.506828219548197, 61.207858996762489 ], [ -152.401278594369018, 61.270769808944664 ], [ -152.347168314000044, 61.293458177256369 ], [ -152.284956955237249, 61.328458693533037 ], [ -152.316161236230869, 61.279619982396461 ], [ -152.257235329381047, 61.300823490935471 ], [ -152.15153535023029, 61.402609405443151 ], [ -152.199262226135517, 61.394033137828657 ], [ -152.178762243465883, 61.417701856080299 ], [ -152.063215640721921, 61.516474607461639 ], [ -151.981561483305512, 61.58068377035783 ], [ -151.82491740277959, 61.730265995074312 ], [ -151.726497087864459, 61.834649184450512 ], [ -151.695707727802557, 61.857442280823392 ], [ -151.661425479972934, 61.865991066573457 ], [ -151.64662938049878, 61.874777040533921 ], [ -151.62604865748321, 61.896782331815402 ], [ -151.64908759396306, 61.888961811966595 ], [ -151.654572505208961, 61.920364239842392 ], [ -151.647295836242222, 61.935138485038941 ], [ -151.623474303670605, 61.970900585621052 ], [ -151.5903400957543, 62.009069517194021 ], [ -151.561862798903093, 62.032812734775021 ], [ -151.553840340041745, 62.033857127978926 ], [ -151.533193783142821, 62.04907271294659 ], [ -151.504888470053913, 62.075925369049571 ], [ -151.468084406145778, 62.100414735149513 ], [ -151.458458288970292, 62.12027167075567 ], [ -151.44276293188716, 62.135819495544283 ], [ -151.443591525968429, 62.149621808244021 ], [ -151.432330719384254, 62.159174088324768 ], [ -151.435829452193047, 62.162055289516651 ], [ -151.428846221581011, 62.173850935577683 ], [ -151.439890527107366, 62.175139744384794 ], [ -151.445473516022588, 62.16163165135638 ], [ -151.458295808094363, 62.150714466303867 ], [ -151.482998859615691, 62.141232022890236 ], [ -151.504584196358167, 62.138949326753362 ], [ -151.529806443960865, 62.126189178641042 ], [ -151.548387675380127, 62.121225625036971 ], [ -151.558972732813629, 62.114379439951961 ], [ -151.600364189018023, 62.101664545904548 ], [ -151.628838274940364, 62.087033437658718 ], [ -151.70959497852752, 62.054727612765383 ], [ -151.746548441927189, 62.048206781141864 ], [ -151.760969983104616, 62.054765768592354 ], [ -151.76404165871881, 62.064486875835648 ], [ -151.753871321905763, 62.084206542386795 ], [ -151.753831475709973, 62.09528920664377 ], [ -151.765604229698994, 62.104411463104874 ], [ -151.78919584363922, 62.107962957852173 ], [ -151.790568141098305, 62.115442863755227 ], [ -151.773379705017163, 62.127529191671961 ], [ -151.749690229535076, 62.152992302405259 ], [ -151.745020450587788, 62.164065688407582 ], [ -151.731021409988017, 62.170560634825193 ], [ -151.718600027015867, 62.186955751628908 ], [ -151.694045280332489, 62.195127665569636 ], [ -151.710743213967021, 62.199338674809688 ], [ -151.725432339589787, 62.190984556069161 ], [ -151.738624019800625, 62.189530978488996 ], [ -151.749288011610759, 62.177235003200565 ], [ -151.764639053416744, 62.166612689051064 ], [ -151.783411954047523, 62.148440562817946 ], [ -151.815340131234223, 62.132924946933251 ], [ -151.828846799490321, 62.134581738717955 ], [ -151.849705239826562, 62.109160777624211 ], [ -151.854454863608879, 62.094293047091618 ], [ -151.907190632886426, 62.056404862721614 ], [ -151.93379771630245, 62.007721910479013 ], [ -151.950458649600279, 61.966000157232884 ], [ -151.981446428060025, 61.938616511599292 ], [ -152.026324733995125, 61.912152417568841 ], [ -152.07197911621941, 61.896223405351805 ], [ -152.118596205058793, 61.901000814929979 ], [ -152.104764317383683, 61.917133766029629 ], [ -152.100524399666597, 61.93529165259072 ], [ -152.082821810820946, 61.977059468537078 ], [ -152.072472516172155, 61.993493404423027 ], [ -152.057573221295996, 62.03315062357872 ], [ -152.052556007119449, 62.05860027557997 ], [ -152.058096211230151, 62.082938428500846 ], [ -152.10538306242907, 62.082177078538962 ], [ -152.057680847905942, 62.112991263047263 ], [ -152.053226761836811, 62.126393030027572 ], [ -152.100573276759036, 62.113969405205147 ], [ -152.134823175502277, 62.083755646023867 ], [ -152.169156572200222, 62.071462413415503 ], [ -152.185238769786963, 62.053427763657091 ], [ -152.246410614527576, 62.032107567751829 ], [ -152.246354094562605, 62.048922221557397 ], [ -152.226194525178897, 62.068771495506091 ], [ -152.227158744411724, 62.078338070425531 ], [ -152.30031539836105, 62.058022217831287 ], [ -152.26978852709081, 62.078964559732441 ], [ -152.280954464051717, 62.080246703854776 ], [ -152.319287748530428, 62.066252136966909 ], [ -152.292312132902481, 62.089690564245934 ], [ -152.314949834776257, 62.089299546977692 ], [ -152.262642467670361, 62.110772550136581 ], [ -152.252291793693871, 62.125639771061145 ], [ -152.260231385272959, 62.135707546727744 ], [ -152.329869435333791, 62.115564709892041 ], [ -152.385163294341481, 62.092535934080573 ], [ -152.455099471404395, 62.067928044122453 ], [ -152.600900161798307, 62.01190141535114 ], [ -152.683595610216429, 61.975727133430169 ], [ -152.669994321729121, 61.993398258601907 ], [ -152.741109894162861, 61.978227419898801 ], [ -152.805677848776867, 61.953276808142718 ], [ -153.052564204101998, 61.874849280687151 ], [ -153.184350119193937, 61.842364158701557 ], [ -153.37372047047981, 61.778166427438741 ], [ -153.503340540689891, 61.725031807105822 ], [ -153.779523080334457, 61.649219530944727 ], [ -153.888024718607056, 61.61309280671955 ], [ -154.034638595261271, 61.578685643109829 ], [ -154.322601690244852, 61.495627402638632 ], [ -154.251940121059874, 61.535618743710529 ], [ -154.242957354812489, 61.554467458015779 ], [ -154.477017107479526, 61.50972099443139 ], [ -154.681122193194113, 61.466129591806947 ], [ -154.750053491497169, 61.468456684415173 ], [ -154.603121246150749, 61.508288670633775 ], [ -154.366416128730435, 61.561074432329107 ], [ -154.383366431063394, 61.539253963832252 ], [ -154.230626299386898, 61.575085198208825 ], [ -154.120348011774865, 61.607049791479184 ], [ -154.067352782770485, 61.637526275202987 ], [ -153.898391348853977, 61.684454314127279 ], [ -153.688563616790702, 61.754715357058728 ], [ -153.608816658850486, 61.787225963691775 ], [ -153.50426879626724, 61.837343167747477 ], [ -153.341479415551959, 61.90366620660884 ], [ -153.294420221842643, 61.937999884347967 ], [ -153.235403756453138, 61.958599234596463 ], [ -153.251239222932952, 61.966253543083205 ], [ -153.203326212950827, 62.013490198443399 ], [ -153.135176819232584, 62.052169458089381 ], [ -153.043106162076896, 62.073475945137503 ], [ -152.875140610757114, 62.150157642724743 ], [ -152.802227821884145, 62.169991169011233 ], [ -152.761523429415746, 62.185885864434546 ], [ -152.729251844317844, 62.192537028878476 ], [ -152.672537508364428, 62.216708420560508 ], [ -152.637649859612367, 62.221356965487985 ], [ -152.598817343642082, 62.237161163978385 ], [ -152.586099935706727, 62.282396796608765 ], [ -152.552992516653148, 62.305229099185958 ], [ -152.55019826127284, 62.318673056512999 ], [ -152.532354571676109, 62.339167723651485 ], [ -152.539951638567828, 62.363489061998344 ], [ -152.513813984650966, 62.38474253799189 ], [ -152.527353826179819, 62.396269310777406 ], [ -152.506137939468005, 62.422391444577052 ], [ -152.526437007044478, 62.42332695913678 ], [ -152.52772220765803, 62.439268327054478 ], [ -152.506943321667336, 62.447570437733397 ], [ -152.489255270681838, 62.45946630291246 ], [ -152.508573773570959, 62.475999654789696 ], [ -152.442048710651477, 62.496254674209631 ], [ -152.424446061757948, 62.504544395626013 ], [ -152.407434486475779, 62.519703483816144 ], [ -152.366886636914302, 62.536051063338554 ], [ -152.350268561157378, 62.552669100189227 ], [ -152.337369798160921, 62.555721530145163 ], [ -152.287001611539665, 62.573653522115421 ], [ -152.303357461622454, 62.572474031413115 ], [ -152.340568881985035, 62.565317647722694 ], [ -152.374905552516935, 62.550312559553305 ], [ -152.396863806792936, 62.535644570973218 ], [ -152.425565145183072, 62.522932340685223 ], [ -152.464769308740813, 62.499008873570133 ], [ -152.492939065512928, 62.494974270057455 ], [ -152.524092330376078, 62.481942042575973 ], [ -152.548640685504523, 62.468397113630928 ], [ -152.58077456100105, 62.456449627437387 ], [ -152.58021350974073, 62.450620727728435 ], [ -152.551288186565245, 62.4435175438229 ], [ -152.607084456973297, 62.419692414004409 ], [ -152.640059576027198, 62.393865347348942 ], [ -152.683701318119432, 62.377029901271193 ], [ -152.762926509186173, 62.363582943968865 ], [ -152.800524641700918, 62.3669354656911 ], [ -152.767125195570316, 62.383395710181119 ], [ -152.761000173049752, 62.393112458617729 ], [ -152.823598810781192, 62.37313417856317 ], [ -152.807989604924842, 62.367801434435727 ], [ -152.819736564767823, 62.356360882451767 ], [ -152.87725168968862, 62.340697433634432 ], [ -152.988226897648872, 62.321084206969473 ], [ -153.097928311309147, 62.295806196929718 ], [ -153.291162097625431, 62.25827742832989 ], [ -153.699780677234514, 62.193880883425685 ], [ -154.133401077010944, 62.134930649989229 ], [ -154.487956064097602, 62.093688810267054 ], [ -154.721323435002205, 62.072255501484833 ], [ -154.858576614913005, 62.063665543712446 ], [ -154.904432498708843, 62.066961879799031 ], [ -154.833874022015465, 62.103553378202498 ], [ -154.709488408866605, 62.135713257359633 ], [ -154.512184888701341, 62.16281076432147 ], [ -154.454423607085317, 62.177535287314335 ], [ -154.499130106756724, 62.186292533506808 ], [ -154.731435100993963, 62.174514100357236 ], [ -154.757438190904821, 62.180555873366096 ], [ -154.729430341583651, 62.223434845479943 ], [ -154.690501329593985, 62.229803235091239 ], [ -154.856576378136339, 62.242298927550962 ], [ -154.780921771466097, 62.265085803350274 ], [ -155.019831240002731, 62.245863973784623 ], [ -155.186323095313043, 62.236865458555954 ], [ -155.376540410342159, 62.244075464975545 ], [ -155.443591576188481, 62.260938570109786 ], [ -155.384101357050554, 62.280531538670594 ], [ -155.025135768446376, 62.319273179840955 ], [ -154.773668587955399, 62.358645061961198 ], [ -154.940767846677517, 62.353395114104678 ], [ -155.403274485700734, 62.300144014820887 ], [ -155.595615545012777, 62.282841862798044 ], [ -155.793100542396644, 62.274215560436843 ], [ -155.792613564122178, 62.293060812497409 ], [ -155.611501735988583, 62.318322000400975 ], [ -155.445280214701484, 62.328484303014832 ], [ -155.099650033216818, 62.369253734617317 ], [ -154.907430341357241, 62.394822022522099 ], [ -154.75480637122007, 62.408560421384813 ], [ -154.575745614599015, 62.430821504870565 ], [ -154.402356648692574, 62.445678984714263 ], [ -154.27821389587254, 62.463248162180633 ], [ -154.336420782068757, 62.467059375744554 ], [ -154.222355173118387, 62.486465525987803 ], [ -153.953329571278942, 62.51137490647865 ], [ -153.851858505506414, 62.527258504453947 ], [ -153.920579700383456, 62.532558210160879 ], [ -153.907398915064505, 62.541394661955621 ], [ -153.827954464424181, 62.55235758504255 ], [ -153.838649063818053, 62.530787761198908 ], [ -153.626986918854129, 62.55448333770358 ], [ -153.491830699345883, 62.567447360207979 ], [ -153.584928282496634, 62.549104051481919 ], [ -153.632442185426498, 62.534801550982145 ], [ -153.572754252024623, 62.537213754136182 ], [ -153.351350648399176, 62.551385177815625 ], [ -153.275198913367205, 62.546738080713503 ], [ -153.225708065017926, 62.548243591507294 ], [ -153.281065343208468, 62.531280555040432 ], [ -153.279393624040864, 62.519827636493311 ], [ -153.383883448145895, 62.505834044475549 ], [ -153.455750927514373, 62.491006579287571 ], [ -153.670119597272077, 62.453993398236101 ], [ -153.487410931225071, 62.477995301467963 ], [ -153.349318590033647, 62.504378267795417 ], [ -153.248331175453103, 62.512023299696402 ], [ -153.203635240225509, 62.519311202459647 ], [ -153.149759485786262, 62.535325080473584 ], [ -153.070703936537768, 62.55209556641308 ], [ -152.961281521225459, 62.56818955661025 ], [ -152.904321286173911, 62.562710703568534 ], [ -152.966042157126594, 62.541556546635277 ], [ -153.016503817137846, 62.5217872120854 ], [ -153.032281528370049, 62.508739039317845 ], [ -152.975705068132555, 62.511373199543996 ], [ -152.904977154676857, 62.522523781691838 ], [ -152.777779149516874, 62.548980728985185 ], [ -152.730729913152942, 62.563637236973747 ], [ -152.716869861167964, 62.577522340307794 ], [ -152.637939409407437, 62.589906144252161 ], [ -152.635582724526387, 62.59673818515158 ], [ -152.663459370483594, 62.59584039245339 ], [ -152.651938334361148, 62.602164709970417 ], [ -152.693070228936591, 62.606020959885662 ], [ -152.761082949735908, 62.599680453795607 ], [ -152.790751259334712, 62.589491146896677 ], [ -152.816201227552938, 62.593128164002543 ], [ -152.7064292492839, 62.610875007601088 ], [ -152.714314226596031, 62.614915722918127 ], [ -152.758765273732763, 62.614220492356267 ], [ -152.761993763951352, 62.620366866739246 ], [ -152.721178032926986, 62.631034944594298 ], [ -152.763581017013735, 62.6332910750331 ], [ -152.739160807002349, 62.642336822116427 ], [ -152.738263062731676, 62.653080648139031 ], [ -152.709429103888255, 62.660943712523455 ], [ -152.70618359272936, 62.668485985076508 ], [ -152.680745154278753, 62.669441462400897 ], [ -152.660749548418778, 62.677385756967531 ], [ -152.639442718808141, 62.680763531404899 ], [ -152.606908289499245, 62.682092288461661 ], [ -152.589098827566318, 62.689208749682635 ], [ -152.637278328828756, 62.686215572314786 ], [ -152.664968318645634, 62.680504292081977 ], [ -152.68089706464886, 62.686528692705274 ], [ -152.710873490829215, 62.684252269651296 ], [ -152.758164354540185, 62.676046206360937 ], [ -152.792879346123812, 62.660935592706075 ], [ -152.766072901247213, 62.652818295370587 ], [ -152.826713607245665, 62.647047530887257 ], [ -152.816723218882601, 62.637763052784962 ], [ -152.867685871538697, 62.621790400515636 ], [ -152.835043048600539, 62.615368731714227 ], [ -152.918023069902631, 62.594016331837324 ], [ -152.957128612224523, 62.588067123434165 ], [ -152.869891073152104, 62.614986477533286 ], [ -152.883104178306922, 62.621649390402695 ], [ -152.858085074539531, 62.638124886231715 ], [ -152.917945911765258, 62.629037704284769 ], [ -152.918094910012655, 62.623937551729171 ], [ -152.977878487522332, 62.616516966714507 ], [ -152.997570650183462, 62.607919893851573 ], [ -153.040494743707569, 62.60649951791769 ], [ -153.066238849795553, 62.597733918233814 ], [ -153.018896544472426, 62.599895004154753 ], [ -153.051646118439493, 62.587740686633765 ], [ -153.142430205748155, 62.576222634051767 ], [ -153.286978045904391, 62.570015782584257 ], [ -153.425696548170606, 62.554956530931172 ], [ -153.457118892624663, 62.557862006029026 ], [ -153.381142472914235, 62.575036077110276 ], [ -153.413061817181955, 62.580229431753267 ], [ -153.577836886612033, 62.56717048549659 ], [ -153.67717388263307, 62.555205292358579 ], [ -153.675702463796512, 62.565702198450701 ], [ -153.773615867219576, 62.564129878523318 ], [ -153.952780969676184, 62.545655227932258 ], [ -154.109894316193362, 62.535691894457266 ], [ -154.222397039279628, 62.535338836430213 ], [ -154.223350573382106, 62.542045780461642 ], [ -154.094762778902862, 62.561402182798609 ], [ -153.937270788549483, 62.575124956079819 ], [ -153.824368456444546, 62.577638577141656 ], [ -153.699383150347245, 62.588142520005128 ], [ -153.567222665019926, 62.616360266177573 ], [ -153.511710620450884, 62.615386208774254 ], [ -153.445404102017619, 62.624321657474468 ], [ -153.372528102741825, 62.628206261903046 ], [ -153.295450112457587, 62.638062459156657 ], [ -153.278314916284359, 62.63669149566033 ], [ -153.249893047926406, 62.642740053158754 ], [ -153.260981250346561, 62.645472924090917 ], [ -153.205904689558025, 62.654445632163295 ], [ -153.248930962578356, 62.653510568862515 ], [ -153.292869487716956, 62.645940084204788 ], [ -153.257173440350527, 62.641318268133752 ], [ -153.38707992025715, 62.634503075647181 ], [ -153.499091404505663, 62.620028968142961 ], [ -153.565440571394987, 62.621524557226572 ], [ -153.687908185216259, 62.607979270110306 ], [ -153.742939147728663, 62.594614911585253 ], [ -153.855856635290564, 62.597981213704529 ], [ -153.907535460106089, 62.604975270243273 ], [ -153.857847449642662, 62.615621578078766 ], [ -153.967383167225421, 62.614741262891769 ], [ -153.979357878278165, 62.622845500782482 ], [ -154.084222986937164, 62.622267741765633 ], [ -153.873726362429494, 62.647181239471486 ], [ -153.76202534371447, 62.650270980075298 ], [ -153.555930395233446, 62.690378775671171 ], [ -153.70208350718238, 62.68262537429316 ], [ -153.756083140573026, 62.672728791016247 ], [ -153.66559531258423, 62.671422769702701 ], [ -153.743482728962874, 62.659346311492484 ], [ -153.834748713997271, 62.653569023010576 ], [ -153.98813242798289, 62.635322103740684 ], [ -154.078271285651169, 62.629805437473557 ], [ -154.15585430995236, 62.616351138375599 ], [ -154.076903159441997, 62.613006219281566 ], [ -154.386598923811931, 62.574427344585317 ], [ -154.746300091505447, 62.566220944459801 ], [ -154.831225956458468, 62.575554341536943 ], [ -154.597527025380145, 62.624971349041296 ], [ -154.480285345100839, 62.632864579905608 ], [ -154.619078744302811, 62.639186078100771 ], [ -154.600499869831964, 62.650513475563905 ], [ -154.507614871229038, 62.66257594385619 ], [ -154.643331494850599, 62.659897310195269 ], [ -154.6841630558649, 62.647121096770867 ], [ -154.88994619043936, 62.635098770839591 ], [ -154.960435561954029, 62.63993364133254 ], [ -154.952077231868827, 62.67120088337191 ], [ -154.810185787778551, 62.683635511487012 ], [ -154.606436330631453, 62.685633150711631 ], [ -154.351671309003876, 62.699708669734051 ], [ -154.402449118405485, 62.717344139183538 ], [ -154.600724866537121, 62.72016880748582 ], [ -154.864636829411126, 62.714362212636708 ], [ -155.23175529109912, 62.697240219050862 ], [ -155.166504752280218, 62.725475530035631 ], [ -154.945602483959078, 62.747873010485769 ], [ -154.846654141767544, 62.747184716147522 ], [ -154.417801657749806, 62.757634293994556 ], [ -154.159526715564027, 62.762099391957072 ], [ -154.072601767166361, 62.76842763934367 ], [ -153.979604528077289, 62.762356359353461 ], [ -153.772260321018223, 62.766618419287909 ], [ -153.663025974414211, 62.774978209284676 ], [ -153.702357453559443, 62.78195776142266 ], [ -153.793092984653498, 62.769440107098262 ], [ -153.933603287511545, 62.771093654205885 ], [ -154.109198902516567, 62.769271175095852 ], [ -154.264323697506455, 62.770931015851687 ], [ -154.41914795910057, 62.776928422137409 ], [ -154.47119602774842, 62.801378978864875 ], [ -154.361157696987732, 62.805727902436018 ], [ -154.131660944531291, 62.808824131947404 ], [ -153.85469752243938, 62.80948616537583 ], [ -153.599744913536739, 62.81715961590352 ], [ -153.660426831285662, 62.834727383198313 ], [ -153.628432586929847, 62.851695615585243 ], [ -153.573886792827182, 62.868427121521457 ], [ -153.496155498817757, 62.882642355202016 ], [ -153.325548264845196, 62.897043257252164 ], [ -153.111231845959139, 62.923191238573878 ], [ -153.072276690923047, 62.930331221536917 ], [ -153.041977990408782, 62.932105055178127 ], [ -152.979891001314229, 62.946808085787019 ], [ -152.928335305550888, 62.953657271230931 ], [ -152.851737313120793, 62.962603527983532 ], [ -152.804600261011814, 62.959818491128793 ], [ -152.764485502543778, 62.959756946557022 ], [ -152.780778348734231, 62.952212740736741 ], [ -152.778096703336445, 62.946884366905977 ], [ -152.735882028600571, 62.94509140791196 ], [ -152.705521369264261, 62.935053186558903 ], [ -152.674081340266895, 62.935462119022553 ], [ -152.673629705161716, 62.940388051495354 ], [ -152.704886037736173, 62.942176648474344 ], [ -152.734925951618663, 62.952234351978824 ], [ -152.732588638165652, 62.959016306712712 ], [ -152.757252291714735, 62.961619992137649 ], [ -152.746103108484931, 62.967788909254502 ], [ -152.691813022517493, 62.971591600482661 ], [ -152.664090906023517, 62.976070019338252 ], [ -152.606097688803999, 62.989850705262498 ], [ -152.596842503176731, 63.000139133350494 ], [ -152.620684574586107, 63.001618557364253 ], [ -152.641233718214352, 62.999715980624551 ], [ -152.655878736599249, 63.005521602076506 ], [ -152.697085745526323, 63.009911965546088 ], [ -152.706747935507707, 63.013717608344749 ], [ -152.677435725374977, 63.029977797026341 ], [ -152.661140204228388, 63.036821771354006 ], [ -152.628972278710023, 63.046347131180646 ], [ -152.604602013117841, 63.048712871704382 ], [ -152.543154223123537, 63.045732478038786 ], [ -152.508516491091882, 63.042353016333614 ], [ -152.520659002097716, 63.051522675496763 ], [ -152.549132578809832, 63.056960631384605 ], [ -152.565317627709646, 63.055712208675914 ], [ -152.573624504341552, 63.064871937335525 ], [ -152.512787271637023, 63.079039162745474 ], [ -152.48752148269881, 63.082221338501306 ], [ -152.477073178283376, 63.080880315790353 ], [ -152.435177739334335, 63.082777807417095 ], [ -152.419981352227722, 63.082110301318288 ], [ -152.400786580025738, 63.078307752853021 ], [ -152.392550075069238, 63.073977115830935 ], [ -152.371245093715913, 63.069207107459498 ], [ -152.357910032025217, 63.069525450803766 ], [ -152.346731828570995, 63.058289613360401 ], [ -152.338866333846994, 63.055327792929091 ], [ -152.340828992237988, 63.043101120025703 ], [ -152.316943897484322, 63.048014780875839 ], [ -152.295353522265628, 63.036373363021319 ], [ -152.292571598814391, 63.030152828258565 ], [ -152.266011933039067, 63.032798924215562 ], [ -152.239510797866274, 63.03330392144111 ], [ -152.222628546742982, 63.041273165817131 ], [ -152.212970808941066, 63.042729805202697 ], [ -152.196025906814782, 63.049154948747045 ], [ -152.18825177868311, 63.057460381598879 ], [ -152.175934187154013, 63.056738585641966 ], [ -152.160783344541102, 63.059588074937963 ], [ -152.153901844053621, 63.064188996502324 ], [ -152.142714014481498, 63.067671458004007 ], [ -152.137845739255226, 63.07324785484343 ], [ -152.117051678258093, 63.08234355595097 ], [ -152.111728251636208, 63.090600583312749 ], [ -152.087575453780431, 63.102104838106683 ], [ -152.089460567545245, 63.110185503822592 ], [ -152.07281162592497, 63.107610226866214 ], [ -152.063767643736924, 63.103262524577957 ], [ -152.059915350560601, 63.097302616994902 ], [ -152.070085757054926, 63.09195635057803 ], [ -152.052055028131235, 63.088705613739705 ], [ -152.041530932451508, 63.090915523175582 ], [ -152.031435346119622, 63.088367791919048 ], [ -152.01846855252785, 63.091657251381939 ], [ -151.995873342412864, 63.08828498682086 ], [ -151.991865062063084, 63.091440459899289 ], [ -151.984453696513413, 63.088298615540296 ], [ -151.978072843406693, 63.090541938136802 ], [ -151.96909026048354, 63.089957735413769 ], [ -151.947454645263178, 63.094367126060504 ], [ -151.939827522434967, 63.102670598273164 ], [ -151.931048608900767, 63.107108882167296 ], [ -151.92711324506638, 63.113186047412292 ], [ -151.914749957447356, 63.117251607369766 ], [ -151.886882216742748, 63.140488484953153 ], [ -151.881285617274131, 63.153597389379968 ], [ -151.881367967635981, 63.173367562457805 ], [ -151.883186725959121, 63.180983352059279 ], [ -151.881735876993929, 63.196549974135763 ], [ -151.87880375754952, 63.201324937083676 ], [ -151.86819684116216, 63.226541038291444 ], [ -151.871257685582606, 63.232004010037215 ], [ -151.878901901270183, 63.235744152489318 ], [ -151.885300112396123, 63.245977809505099 ], [ -151.885151666209339, 63.25507860111037 ], [ -151.899195942184605, 63.254890507111604 ], [ -151.902131227762084, 63.259020692893976 ], [ -151.912754494635266, 63.257914449712842 ], [ -151.908538608977352, 63.268291815600136 ], [ -151.904269247119089, 63.272896537737651 ], [ -151.890834281626667, 63.277288644706573 ], [ -151.889293757333121, 63.274789509081451 ], [ -151.872005587154376, 63.269819905069788 ], [ -151.853434121816463, 63.269711211708746 ], [ -151.844546846571404, 63.27682435583791 ], [ -151.838844299785052, 63.277797195273905 ], [ -151.829329037711659, 63.284090277897477 ], [ -151.817850561646907, 63.287648184717142 ], [ -151.811697275174026, 63.291640886840071 ], [ -151.801455905687789, 63.307585341910851 ], [ -151.805215841222747, 63.317857030684955 ], [ -151.803661114775537, 63.322667195690542 ], [ -151.814130505628896, 63.327986783775586 ], [ -151.824437703784469, 63.33639046660609 ], [ -151.828381614688709, 63.343869004644993 ], [ -151.837095707743202, 63.336289649373668 ], [ -151.851748854829793, 63.330723422706775 ], [ -151.873574444202177, 63.316748140724975 ], [ -151.890494303001702, 63.315654550970514 ], [ -151.902210242050643, 63.319869798010096 ], [ -151.908808788512374, 63.320032503355826 ], [ -151.934873102225708, 63.316396129861261 ], [ -151.949055764442022, 63.308311355219097 ], [ -151.964590337184887, 63.309059969645403 ], [ -151.980670289125584, 63.306977910210158 ], [ -151.989632718730036, 63.302596737181553 ], [ -151.994998077423901, 63.296863120994743 ], [ -152.010535817364854, 63.293968581392264 ], [ -152.046748619667198, 63.28428571586273 ], [ -152.057449828122003, 63.27666649424355 ], [ -152.071280289802644, 63.25986040632862 ], [ -152.101117096996006, 63.253307806483285 ], [ -152.095035315808246, 63.265665358303536 ], [ -152.100513485249223, 63.272523603835211 ], [ -152.094774396315103, 63.281186007533123 ], [ -152.103488498186636, 63.284943919294442 ], [ -152.107480121197199, 63.290798846570155 ], [ -152.118561715150463, 63.29234050450345 ], [ -152.118949176556043, 63.298878148192635 ], [ -152.135133380749778, 63.305512884199629 ], [ -152.131580899670581, 63.310727863052854 ], [ -152.151975281674908, 63.309468973414496 ], [ -152.174059832379356, 63.302938231424292 ], [ -152.159039295372651, 63.293875161021113 ], [ -152.146489295695687, 63.292048226664178 ], [ -152.143885869805189, 63.286714979131702 ], [ -152.125018192903951, 63.285205645391088 ], [ -152.136964758523789, 63.279029239308215 ], [ -152.144191131777831, 63.269357775209109 ], [ -152.158574354834343, 63.270064223875984 ], [ -152.164570030395907, 63.282644712478856 ], [ -152.177803463778162, 63.286870951265634 ], [ -152.183029695506718, 63.291319959032315 ], [ -152.205920734507515, 63.29961379804265 ], [ -152.229902457181595, 63.305090272943616 ], [ -152.278479107957622, 63.310302635240895 ], [ -152.303612647242915, 63.308874089774442 ], [ -152.327416485258368, 63.314250203847926 ], [ -152.374995793819181, 63.319043775034459 ], [ -152.433129023959197, 63.318765990510876 ], [ -152.461124163123998, 63.316311092735866 ], [ -152.499262422598463, 63.32202697499109 ], [ -152.549611606127115, 63.318853512098286 ], [ -152.554670370185676, 63.314180472688484 ], [ -152.585091699903899, 63.315801626739031 ], [ -152.656713407309212, 63.331661602400665 ], [ -152.683696476379083, 63.33605225806857 ], [ -152.859649626192294, 63.368089730322431 ], [ -152.949608923758888, 63.381325165647574 ], [ -153.01066788814299, 63.392877455590025 ], [ -153.088589705352348, 63.405039946675004 ], [ -153.127141491702361, 63.413473490799639 ], [ -153.189913113810576, 63.422018194540343 ], [ -153.348385963778441, 63.458242543933999 ], [ -153.432414524219723, 63.489390112698743 ], [ -153.42159611045625, 63.494582611522638 ], [ -153.448323454358729, 63.5092447351552 ], [ -153.352382327117454, 63.499942266476204 ], [ -153.411451232488503, 63.528257369148832 ], [ -153.506719408013424, 63.556357866794926 ], [ -153.577552823221282, 63.568356179404148 ], [ -153.753234089933045, 63.606405558295585 ], [ -153.810643604827845, 63.635350717176465 ], [ -154.033894672687296, 63.680117460959472 ], [ -154.111119413774276, 63.705047499396322 ], [ -153.763101196149279, 63.640692675169305 ], [ -153.579472026581158, 63.616982874524005 ], [ -153.518317553042067, 63.618759657143514 ], [ -153.554034458770815, 63.635053940869298 ], [ -153.452395823271132, 63.625741327111896 ], [ -153.260215838516331, 63.591219373281959 ], [ -153.201094088806457, 63.575357045282132 ], [ -153.129965893214376, 63.563474710295544 ], [ -153.115838145718612, 63.550489218817368 ], [ -153.062516293028693, 63.537433806590847 ], [ -152.976261760655007, 63.504610879513407 ], [ -152.899532545882124, 63.489625998562111 ], [ -152.887025279577841, 63.482652718044235 ], [ -152.828738367994077, 63.478350735704609 ], [ -152.812596290439245, 63.481495100386326 ], [ -152.725682504345571, 63.478210405925331 ], [ -152.727796707263167, 63.483727916829494 ], [ -152.780069296876292, 63.490166801596089 ], [ -152.799750117284702, 63.496874344418096 ], [ -152.873855181681904, 63.506142454905138 ], [ -152.923555201752492, 63.519416996079947 ], [ -152.997367382236234, 63.529519952713287 ], [ -152.993073261386229, 63.520862885934761 ], [ -153.104189148976161, 63.549396504627154 ], [ -153.128352841860163, 63.567163244124409 ], [ -153.231552192177816, 63.594848396465501 ], [ -153.39419846788158, 63.630193153996515 ], [ -153.496726383629266, 63.647717746293026 ], [ -153.659108032578274, 63.685310886356454 ], [ -153.816999518993015, 63.718755382503844 ], [ -154.086782791239813, 63.771892477122897 ], [ -154.263805194656015, 63.809785197911083 ], [ -154.575706096759404, 63.866675939867854 ], [ -154.793247223245629, 63.911739944685245 ], [ -155.695171919411933, 64.07201708483187 ], [ -156.173321699893165, 64.169274256767508 ], [ -156.269852228038872, 64.195224668943339 ], [ -156.664209156032115, 64.273091934517936 ], [ -156.834151510461425, 64.312399108722587 ], [ -157.157312455796387, 64.367901426678813 ], [ -157.251554119564418, 64.391379002120303 ], [ -157.35152372052795, 64.428885482427461 ], [ -157.305297793753283, 64.446489608796682 ], [ -157.201754349803707, 64.429040395347059 ], [ -157.252469604064089, 64.415687292570865 ], [ -157.096083825517582, 64.385719301329416 ], [ -156.802724363531297, 64.361970661887142 ], [ -156.742721340814768, 64.365504315583919 ], [ -156.324097125308782, 64.298149392057326 ], [ -156.172847759485336, 64.280725486254994 ], [ -156.167019763840727, 64.293123484121992 ], [ -156.334707222414835, 64.326534239807984 ], [ -156.240567447311889, 64.335719979255416 ], [ -155.886388184505932, 64.298307941001156 ], [ -155.738855311231021, 64.264412980753363 ], [ -155.607691993777394, 64.225553322138524 ], [ -155.312689353835452, 64.180708035740906 ], [ -155.260127285934885, 64.180561893594302 ], [ -154.994794091836752, 64.138794622581926 ], [ -155.219643994274179, 64.196529617252239 ], [ -155.050412093884887, 64.167096092744444 ], [ -154.95133373801292, 64.155831845730134 ], [ -154.856872841677699, 64.156801561673817 ], [ -154.352879020373678, 64.072368538997807 ], [ -153.962153219049071, 63.997044653375184 ], [ -153.783684284727428, 63.95144960747534 ], [ -153.758166079438126, 63.938404100967638 ], [ -153.575367238030566, 63.886072471219329 ], [ -153.319398551959495, 63.828384142583374 ], [ -153.229667039229355, 63.803895353042975 ], [ -153.143221662912168, 63.78442042747664 ], [ -153.042777941217537, 63.774579789025779 ], [ -153.183807384395521, 63.821582592407594 ], [ -153.401103802189311, 63.876972025530982 ], [ -153.450344337026991, 63.895152682508495 ], [ -153.371921868147609, 63.89988890936516 ], [ -153.325471848233434, 63.895389311281093 ], [ -153.218508433672497, 63.875140131930642 ], [ -153.082315667417276, 63.854968011566058 ], [ -152.949310352803991, 63.826243311590382 ], [ -152.882432306514602, 63.815284162446758 ], [ -152.741657200102907, 63.780445212598991 ], [ -152.744850429729354, 63.78692531702513 ], [ -152.65155039984532, 63.781022381036706 ], [ -152.624947808739819, 63.784361201342143 ], [ -152.52564639468801, 63.768646224714551 ], [ -152.384427983711731, 63.740322890456213 ], [ -152.305857337464403, 63.719839072129147 ], [ -152.305245121862157, 63.714794894678448 ], [ -152.256119892135871, 63.702325950794496 ], [ -152.234602197412357, 63.686591686920515 ], [ -152.243346838436338, 63.677432659891721 ], [ -152.263919763178706, 63.674608464931268 ], [ -152.268307805455862, 63.668433336722238 ], [ -152.260390869829507, 63.65508818954212 ], [ -152.24275093778283, 63.638122226074607 ], [ -152.270561907854898, 63.630783075090854 ], [ -152.3106916871115, 63.636146943763023 ], [ -152.319642106788052, 63.63333506243184 ], [ -152.279809547184414, 63.62350741114696 ], [ -152.258280608588308, 63.624068120002271 ], [ -152.237055629749648, 63.60451969431638 ], [ -152.214158267710928, 63.591100679107711 ], [ -152.177039850063267, 63.581229094454947 ], [ -152.141772149216052, 63.581743426851148 ], [ -152.108407684382485, 63.576362275679912 ], [ -152.091106684834784, 63.570526365623429 ], [ -152.062033268881635, 63.564014204727279 ], [ -152.016198238375068, 63.565287844875819 ], [ -152.005311616324661, 63.561878638720501 ], [ -151.98206213002652, 63.561099255828637 ], [ -151.96462078802324, 63.550477386704564 ], [ -151.951270280111004, 63.546325212347277 ], [ -151.921293597717806, 63.546116733614951 ], [ -151.90652369863426, 63.540834281887314 ], [ -151.891757220524852, 63.541785324869501 ], [ -151.869389623827374, 63.546073676319175 ], [ -151.853504034953403, 63.543469739655556 ], [ -151.837659307971393, 63.535988296460204 ], [ -151.829735019250904, 63.529180034829118 ], [ -151.832843060913831, 63.522633268943515 ], [ -151.816672256156238, 63.523378128520378 ], [ -151.822362029130602, 63.529168522918987 ], [ -151.802254194717875, 63.537513519053334 ], [ -151.798470818851854, 63.543344154889319 ], [ -151.790422390988823, 63.5470181081809 ], [ -151.764994743380271, 63.56481347278266 ], [ -151.751516796766111, 63.56965030524443 ], [ -151.730817254813019, 63.567121971474094 ], [ -151.725825520501616, 63.560085278903713 ], [ -151.712592186428509, 63.557434359241192 ], [ -151.693238498729784, 63.560277428829103 ], [ -151.694049126949608, 63.55160709778508 ], [ -151.677456794262213, 63.558783476066772 ], [ -151.685015073456356, 63.573085235624063 ], [ -151.692386593802752, 63.579492347685822 ], [ -151.705071192710534, 63.581826029101386 ], [ -151.751322337156864, 63.59528021770749 ], [ -151.77769571732847, 63.596937110262502 ], [ -151.803981478765564, 63.592530295028205 ], [ -151.814818058546507, 63.595687600583155 ], [ -151.810021321119365, 63.603224630130882 ], [ -151.797623312101194, 63.609771514305628 ], [ -151.805440417906254, 63.613195284746929 ], [ -151.805447329870049, 63.620955300743503 ], [ -151.821584480313788, 63.634155378082994 ], [ -151.845383627950469, 63.645635656494413 ], [ -151.849476685210163, 63.654764514162814 ], [ -151.872432205317637, 63.669658731239373 ], [ -151.895034747448079, 63.676130930231722 ], [ -151.924158741140076, 63.68163666598754 ], [ -151.934092155254262, 63.693436767810852 ], [ -151.965191398623347, 63.717211590994737 ], [ -151.938821331122682, 63.725227563659388 ], [ -151.916475454467502, 63.721078964833737 ], [ -151.894712167544355, 63.721732355368459 ], [ -151.877907908230384, 63.704959262261205 ], [ -151.845978489078902, 63.68181814134951 ], [ -151.82784769434312, 63.675931039982039 ], [ -151.832993607541511, 63.665798075520833 ], [ -151.841826506648175, 63.661298799779651 ], [ -151.839865475413717, 63.652407910060013 ], [ -151.824799227308603, 63.642760090289748 ], [ -151.810748708986068, 63.628199477323619 ], [ -151.795519443710475, 63.620035769266011 ], [ -151.769899277676046, 63.609660130605654 ], [ -151.757406179982013, 63.602737475620195 ], [ -151.744441199976649, 63.601931394074086 ], [ -151.712424937277717, 63.605610449694943 ], [ -151.701271976200502, 63.611026326579328 ], [ -151.685233094181598, 63.613092942928994 ], [ -151.681489039975247, 63.604622274321592 ], [ -151.670749334522753, 63.60372948288672 ], [ -151.658761879503857, 63.591483969419251 ], [ -151.649866229810783, 63.589569452684842 ], [ -151.636769701171971, 63.580190113415874 ], [ -151.621331106627395, 63.58013982716276 ], [ -151.602116378628438, 63.577510256567116 ], [ -151.591445909277382, 63.580238419477034 ], [ -151.572859105561633, 63.579552557342716 ], [ -151.553811447715901, 63.58074651029537 ], [ -151.544105411342855, 63.588357765668334 ], [ -151.533732710115942, 63.588556427972783 ], [ -151.523282896868608, 63.585390935397029 ], [ -151.518091479408781, 63.590176908426514 ], [ -151.520995623992889, 63.594421154295148 ], [ -151.534950494755748, 63.593379514971616 ], [ -151.542342583497458, 63.596907613235878 ], [ -151.534751466493617, 63.60167186825894 ], [ -151.54278592812534, 63.606146587589301 ], [ -151.535348096993744, 63.609516838135974 ], [ -151.544922207127485, 63.617880494549006 ], [ -151.498909393264967, 63.61785100419079 ], [ -151.498502048415162, 63.610244565945024 ], [ -151.486709032099839, 63.615693245283467 ], [ -151.475658848719149, 63.61766224068969 ], [ -151.467458788168329, 63.616148722850816 ], [ -151.4542287653166, 63.620864632273019 ], [ -151.457775708903057, 63.627014821365115 ], [ -151.469744707311719, 63.622944872005256 ], [ -151.490260257039296, 63.626018836558657 ], [ -151.494281944904998, 63.621138191552539 ], [ -151.510313326587067, 63.627306882089627 ], [ -151.526682980762786, 63.620638373320915 ], [ -151.538357048129882, 63.624761457712857 ], [ -151.557359885542525, 63.620037887670627 ], [ -151.569882458362969, 63.620726894564278 ], [ -151.58663955398606, 63.616262978370145 ], [ -151.604991414777857, 63.619215807140783 ], [ -151.609556121250222, 63.625695715130682 ], [ -151.619764442312004, 63.630634808750898 ], [ -151.633209307701662, 63.632033537040307 ], [ -151.646793464822622, 63.630113462088289 ], [ -151.670539761476505, 63.631744060486589 ], [ -151.682669929949299, 63.628122371303519 ], [ -151.691354601702102, 63.622469284881625 ], [ -151.689152586216125, 63.618355685511688 ], [ -151.704859846588079, 63.613324437753484 ], [ -151.736977999029079, 63.61751995604574 ], [ -151.751510691882572, 63.629860939942283 ], [ -151.769477580447926, 63.639021501598364 ], [ -151.776757133010506, 63.645422721360362 ], [ -151.802048562855049, 63.660329428380095 ], [ -151.787637750924006, 63.678157772865802 ], [ -151.783542845487716, 63.694082904504576 ], [ -151.766806279772197, 63.697503120749474 ], [ -151.765731823898648, 63.702421300151514 ], [ -151.749920929501485, 63.701459071548001 ], [ -151.725366952696646, 63.694337489054526 ], [ -151.72652658539775, 63.701945406600991 ], [ -151.745359326316446, 63.707731235449366 ], [ -151.752793195179663, 63.714405062995915 ], [ -151.798071033024939, 63.730127916649543 ], [ -151.824925692776645, 63.732806674197484 ], [ -151.873273885530097, 63.73427863541405 ], [ -151.883681531464731, 63.732421506714829 ], [ -151.914394134448941, 63.738017530377391 ], [ -151.92459332944145, 63.737530333418114 ], [ -151.980600186060343, 63.752686602115098 ], [ -151.986790995005293, 63.75870377550978 ], [ -152.018092909279943, 63.77227369039403 ], [ -152.087509555988987, 63.782215737185915 ], [ -152.14073399801444, 63.7978461460958 ], [ -152.186684215991448, 63.818258305478416 ], [ -152.203291513032752, 63.81793753688661 ], [ -152.344675582827733, 63.861666073889445 ], [ -152.385636498528129, 63.878345380230293 ], [ -152.293793209372012, 63.85371545731676 ], [ -152.296792740586369, 63.862448834375414 ], [ -152.335450393572017, 63.875593027098773 ], [ -152.370858878092776, 63.893104871466008 ], [ -152.41834320363435, 63.90706784448939 ], [ -152.470496587367052, 63.94396730758465 ], [ -152.560156761551099, 63.997441867559132 ], [ -152.554474511754421, 64.006934789517103 ], [ -152.608734363260766, 64.033653181535797 ], [ -152.655595114854805, 64.048986538728471 ], [ -152.737968132828286, 64.090561408233214 ], [ -152.743596665894955, 64.102223174923566 ], [ -152.812223864214701, 64.128236390446503 ], [ -153.110215936333134, 64.26488345981933 ], [ -153.198917902062021, 64.306691305022127 ], [ -153.31210299706072, 64.351135265339678 ], [ -153.713270104365449, 64.514851843422122 ], [ -153.834636953419533, 64.551514937373909 ], [ -154.268190100956076, 64.727051781318892 ], [ -154.392927236712069, 64.782372524949963 ], [ -154.605656243716368, 64.869326311389273 ], [ -154.66237700952189, 64.880217856745332 ], [ -154.985773501798718, 65.006155721781653 ], [ -155.415490054283424, 65.178482087358006 ], [ -155.918284521039709, 65.37084565218187 ], [ -156.344899365560707, 65.512031632039751 ], [ -156.715385751191235, 65.62397175940491 ], [ -156.898734452319218, 65.693020089952327 ], [ -157.024583817470699, 65.76061508410406 ], [ -157.481842100775424, 65.949562014152164 ], [ -157.865173858516187, 66.044003468951672 ], [ -157.894050016790914, 66.073674297455966 ], [ -157.767789172281567, 66.063580505576596 ], [ -157.73211466838913, 66.079676221112209 ], [ -157.742402402532861, 66.115077082902062 ], [ -157.805083576926592, 66.163400206946037 ], [ -157.789871241453483, 66.201238858282736 ], [ -157.897109314702476, 66.28447600164202 ], [ -157.912395365495371, 66.321692015860307 ], [ -158.16614231938479, 66.520664834601732 ], [ -157.805249431446697, 66.425043323871165 ], [ -157.617468415397866, 66.378319085090894 ], [ -157.497214147799696, 66.340342209103824 ], [ -157.388640984245939, 66.320870336059471 ], [ -157.14401824893045, 66.26439466544123 ], [ -156.682422770426086, 66.17614052622227 ], [ -156.469076706462289, 66.135758606278344 ], [ -156.332811604833807, 66.095430956458799 ], [ -156.177770123143091, 66.06067096683141 ], [ -156.005946783801534, 66.028539947200926 ], [ -155.999973211673677, 66.041251934383453 ], [ -155.869785304395776, 66.029008081622834 ], [ -155.84331486705895, 66.052695009646314 ], [ -155.751511762228773, 66.05662959981494 ], [ -155.709899189008098, 66.104259689892899 ], [ -155.679422407031666, 66.101208544875092 ], [ -155.727958348442826, 66.15160981310278 ], [ -155.698652435339739, 66.210795138822405 ], [ -155.641949464659433, 66.208453927737651 ], [ -155.643293731761673, 66.231592109592341 ], [ -155.704865007654234, 66.321905206304265 ], [ -155.767784674211526, 66.388144672892153 ], [ -155.794478719393169, 66.438649048434286 ], [ -155.883480443776079, 66.522684555527348 ], [ -156.008237661462374, 66.587679921837562 ], [ -156.060006894282509, 66.632186556964911 ], [ -156.057107814972198, 66.679562157694718 ], [ -155.98379645811508, 66.67943959443727 ], [ -156.127690727288325, 66.750400887134745 ], [ -156.142576573744606, 66.817736991346194 ], [ -156.072844412533954, 66.824676077912827 ], [ -156.069693236164539, 66.867991813157801 ], [ -155.993920495068153, 66.909243419788211 ], [ -156.005150836085733, 66.988246682420069 ], [ -156.08726558600145, 67.068151321999224 ], [ -156.039044452249698, 67.121174878876189 ], [ -156.002019374387515, 67.115656495126061 ], [ -156.007583306082864, 67.167918796478958 ], [ -155.932152953957825, 67.216046074525678 ], [ -155.943267169645083, 67.31723361800816 ], [ -155.871413863056006, 67.292823068828795 ], [ -155.802681507191664, 67.235611553999107 ], [ -155.715678244318411, 67.190444250819695 ], [ -155.680016478791629, 67.156431861374472 ], [ -155.839966170110387, 67.192967065091608 ], [ -155.732020321186411, 67.1313933086807 ], [ -155.716950960056636, 67.08045507309518 ], [ -155.770952571010298, 67.094432585110567 ], [ -155.850045289127479, 67.139133346142643 ], [ -155.905287017500768, 67.131080274029571 ], [ -155.697464053335437, 67.064258134926249 ], [ -155.701053085358126, 67.098114220824826 ], [ -155.623172799887669, 67.116910091331604 ], [ -155.637053666795737, 67.150019851564892 ], [ -155.477760412074389, 67.104236875759085 ], [ -155.419232940818915, 67.095796711508783 ], [ -155.291753266885479, 67.137771351177975 ], [ -155.216593340717679, 67.134219908232836 ], [ -155.131048026349845, 67.174894488833999 ], [ -155.136358439924976, 67.20155112254497 ], [ -155.093241994492871, 67.20811559990841 ], [ -155.067182590036083, 67.257868134267156 ], [ -154.978151646037418, 67.345658096024962 ], [ -154.876623171204301, 67.345386851601916 ], [ -154.796069433614974, 67.322447703088429 ], [ -154.732613168772048, 67.245422199247983 ], [ -154.728790471938908, 67.222093939749925 ], [ -154.794327004919381, 67.231202003227409 ], [ -154.758302981023576, 67.171488087756231 ], [ -154.692055574405344, 67.182187772383358 ], [ -154.680067727771046, 67.111379050810143 ], [ -154.645957153922666, 67.031936125108487 ], [ -154.585632475277123, 67.01303215769822 ], [ -154.505796221163649, 66.946956877737094 ], [ -154.45767366524737, 66.939860432385117 ], [ -154.548228553649722, 67.018000826472161 ], [ -154.58089051568362, 67.079992088830977 ], [ -154.552955713230148, 67.1205242145993 ], [ -154.452452612094135, 67.096648395055993 ], [ -154.503540581988261, 67.138495890405238 ], [ -154.564761965548456, 67.154421189328872 ], [ -154.699603362419907, 67.257469846141689 ], [ -154.740371014090471, 67.308714531502218 ], [ -154.8259157787991, 67.373761308478834 ], [ -154.928876809259975, 67.42395533428504 ], [ -154.929125691790546, 67.47958222836111 ], [ -154.882456608227329, 67.523853848886915 ], [ -154.858876863180114, 67.571633552005125 ], [ -154.797475119398257, 67.621123659265976 ], [ -154.686019847877361, 67.630845144591774 ], [ -154.592728193078671, 67.612916530826325 ], [ -154.530369351513116, 67.564296619626035 ], [ -154.619884379720503, 67.573640828293051 ], [ -154.659936526419443, 67.525091646056339 ], [ -154.503011038848342, 67.477164077234221 ], [ -154.378683995506009, 67.460034879009811 ], [ -154.354626029573382, 67.489789654717868 ], [ -154.182913548103784, 67.442416455537327 ], [ -154.041071849530169, 67.426780146787308 ], [ -154.031798929875777, 67.444310669246192 ], [ -153.936429973015294, 67.428545244786747 ], [ -153.847199248925705, 67.425657390422089 ], [ -153.771366235384846, 67.443358605159474 ], [ -153.712485715542812, 67.473940299860899 ], [ -153.621198860302258, 67.562994728241208 ], [ -153.577473674834266, 67.634579421463229 ], [ -153.555221474261003, 67.788422088140734 ], [ -153.503497190205678, 67.935006442737986 ], [ -153.489486356687451, 67.999468065518329 ], [ -153.397220418805119, 68.054050636004092 ], [ -153.32586396984712, 67.980257935473773 ], [ -153.247774687630795, 67.937093975595189 ], [ -153.15354513396764, 67.911046986903429 ], [ -153.053437824221163, 67.865009361964553 ], [ -152.960711209963165, 67.745241910616627 ], [ -152.9341728497931, 67.759690528980101 ], [ -152.843139781524769, 67.758123597652229 ], [ -152.771058010369444, 67.715493212514232 ], [ -152.7203877076808, 67.625249059293708 ], [ -152.654757044223686, 67.601247801131478 ], [ -152.633483517813374, 67.52800601565265 ], [ -152.689382593921522, 67.472173895760307 ], [ -152.679816915244146, 67.413383693573437 ], [ -152.811771535439448, 67.408401477272676 ], [ -152.788954334916525, 67.340326022126803 ], [ -152.905348852123836, 67.438313773073858 ], [ -152.964285244821724, 67.355273721789231 ], [ -153.013474804098109, 67.367407069716464 ], [ -152.979372286760793, 67.305029728462131 ], [ -152.941167615342067, 67.369584782307811 ], [ -152.904567439275951, 67.311266981165062 ], [ -152.850180521933737, 67.306742482052428 ], [ -152.783153791468237, 67.192819724784641 ], [ -152.70081833827777, 67.171966825600236 ], [ -152.688069614133923, 67.121625966758572 ], [ -152.63959159222432, 67.069142786364779 ], [ -152.592126429930886, 67.055037676715884 ], [ -152.646792481560738, 67.127749863032477 ], [ -152.642717732768688, 67.163500668212464 ], [ -152.550191235828834, 67.151731347463453 ], [ -152.495480166514, 67.097954736649129 ], [ -152.46483356076638, 67.155871648254944 ], [ -152.347561082497407, 67.035174313376558 ], [ -152.357078652382143, 67.140675020836412 ], [ -152.4408412067923, 67.153722830226712 ], [ -152.472400758857503, 67.197103672947421 ], [ -152.535788796007125, 67.326251632569324 ], [ -152.516378851871906, 67.322838979909463 ], [ -152.474829950186518, 67.414283719017135 ], [ -152.405228822761899, 67.422031666084905 ], [ -152.476505493173164, 67.499745289028397 ], [ -152.489498271769378, 67.537610112946766 ], [ -152.460418524867009, 67.562619335432998 ], [ -152.353585096232138, 67.445408044431815 ], [ -152.250308551959051, 67.389750354952781 ], [ -152.291844744915863, 67.36608688804354 ], [ -152.246740257418963, 67.274916664259095 ], [ -152.195647439008553, 67.259886739504026 ], [ -152.150127268644582, 67.283421781293427 ], [ -152.208198451331356, 67.429702133049062 ], [ -152.292939316895399, 67.462095264192982 ], [ -152.337974015170261, 67.533955673618365 ], [ -152.2681830034862, 67.508261517788796 ], [ -152.140850999324471, 67.392236213700329 ], [ -152.096049175869865, 67.338259298590856 ], [ -152.086021268856797, 67.247876517504466 ], [ -152.062181880728417, 67.187562320278488 ], [ -152.128976193754795, 67.155143211716023 ], [ -152.096456228345545, 67.112685157284346 ], [ -152.042760797568775, 67.080435189610085 ], [ -151.986172778629367, 67.024668616096307 ], [ -151.898681078158518, 67.028048365211518 ], [ -151.852250880740229, 67.006402096849413 ], [ -151.788696531009577, 66.913786682800009 ], [ -151.761486424823119, 66.905976308058953 ], [ -151.717546503056241, 66.983487115967662 ], [ -151.720722325099672, 67.087471470862667 ], [ -151.623195200133438, 67.096372332497069 ], [ -151.602568267341837, 67.082882317047236 ], [ -151.470116874059102, 67.074692810940718 ], [ -151.440849671525427, 67.110830501126458 ], [ -151.369267902292535, 67.12277956278939 ], [ -151.327770943562882, 67.077536946559164 ], [ -151.247256843978022, 67.029358657421383 ], [ -151.196843818530368, 66.972379063042808 ], [ -151.172653275803668, 66.993828818765778 ], [ -151.141270743101671, 66.878234648466076 ], [ -151.114615170306536, 66.874131903754645 ], [ -151.104621791203158, 66.944091844412853 ], [ -151.13204653862806, 67.012277370689304 ], [ -151.10704161345231, 67.030092151771711 ], [ -151.050745659590518, 66.988472504865712 ], [ -150.9295793185116, 66.91605735476756 ], [ -150.948249398318382, 66.842697145916603 ], [ -150.958440447655846, 66.711891591971849 ], [ -150.987051200093191, 66.673280784059486 ], [ -150.963198597921092, 66.572194207751949 ], [ -150.932356360598561, 66.504373023031306 ], [ -150.857587109986298, 66.43140300309507 ], [ -150.956773768793056, 66.452302165107085 ], [ -150.998398879760259, 66.406894231878297 ], [ -150.980723066957466, 66.367589394651333 ], [ -150.876749898685347, 66.357593268881217 ], [ -150.811191079465317, 66.377716442204147 ], [ -150.758650223528008, 66.347789741788119 ], [ -150.753266596480842, 66.395037257275916 ], [ -150.647683091727743, 66.36020709894639 ], [ -150.636707306922347, 66.252104422824075 ], [ -150.680387907036987, 66.214817339779458 ], [ -150.688661059579545, 66.175883931583854 ], [ -150.650535830109362, 66.120468414874836 ], [ -150.555174124207298, 66.116356587134106 ], [ -150.535755508388718, 66.129183906040396 ], [ -150.435207916390965, 66.060009667425803 ], [ -150.38394843480549, 65.940671461792704 ], [ -150.391890758671224, 66.104655755587814 ], [ -150.278952400735022, 66.164130987311239 ], [ -150.262525287317601, 66.10962651552795 ], [ -150.278472972412089, 66.076966787319094 ], [ -150.244414352484682, 65.971059091353197 ], [ -150.232261645442492, 66.019382575335555 ], [ -150.248288413198452, 66.163407500356072 ], [ -150.225341433500404, 66.16915345629593 ], [ -150.196614669509842, 66.093909618192967 ], [ -150.197214328123181, 66.031986896173564 ], [ -150.228234702604823, 65.981179085563241 ], [ -150.1928643532828, 65.932880998989717 ], [ -150.163096802013939, 66.000834085461904 ], [ -150.063262471170617, 66.124291504377453 ], [ -149.998180202757169, 66.162643756683295 ], [ -149.927117610950887, 66.298125918964416 ], [ -149.887790961813721, 66.273737342952202 ], [ -149.850319955775973, 66.316274932833295 ], [ -149.817579886275837, 66.295260328111098 ], [ -149.76829840932038, 66.326807811794012 ], [ -149.760843265791891, 66.290689967565655 ], [ -149.661295352641019, 66.29834694576175 ], [ -149.62093734672726, 66.263192488136696 ], [ -149.593733171257981, 66.166707339362063 ], [ -149.498355227442914, 66.177277579674183 ], [ -149.453202317474165, 66.154612864828451 ], [ -149.438446810614238, 66.110177384980744 ], [ -149.424965999117092, 65.984762610586372 ], [ -149.386998984160243, 65.984303678708457 ], [ -149.338601505278348, 66.047177918667771 ], [ -149.278540366582064, 66.053399088090757 ], [ -149.273133565597334, 65.967797672710418 ], [ -149.191319423126515, 65.959318723489972 ], [ -149.205139920091, 65.864226669495807 ], [ -149.168038612286495, 65.847061412743443 ], [ -149.109551640828329, 65.867923640449177 ], [ -149.080436177273043, 65.844769615906287 ], [ -149.037437536020803, 65.859729599579211 ], [ -149.00516908288219, 65.81181797329927 ], [ -148.91438275890377, 65.838287693343204 ], [ -148.850038120496691, 65.915364350673585 ], [ -148.81115446461439, 65.914433204026508 ], [ -148.718435857376249, 65.980909658585574 ], [ -148.578059552087495, 65.997149432104507 ], [ -148.500463922764339, 65.94085826432763 ], [ -148.428355146816529, 66.008342928017143 ], [ -148.383124417824575, 65.923794383426994 ], [ -148.439056608001067, 65.864632613853829 ], [ -148.423395647689233, 65.831933153770493 ], [ -148.352860951285834, 65.90475016796573 ], [ -148.341064194898252, 65.860930239755902 ], [ -148.275591687995529, 65.853926579690068 ], [ -148.24810186438782, 65.83616715618659 ], [ -148.19521045588337, 65.845948342404697 ], [ -148.18577236945049, 65.813290835698098 ], [ -148.10313419268374, 65.880592859102251 ], [ -148.043746111016304, 65.886063490808539 ], [ -147.989751224696505, 65.91889168563516 ], [ -147.889062508010198, 66.030531003345686 ], [ -147.839280726409385, 66.066064457165325 ], [ -147.615464483616336, 66.176083418888354 ], [ -147.46244112269116, 66.269411500766367 ], [ -147.390893473634236, 66.326795259317748 ], [ -147.37205031220995, 66.30667626578547 ], [ -147.271360587517051, 66.361879616052363 ], [ -147.047368475623955, 66.451435462220758 ], [ -147.035025409070386, 66.428078909125162 ], [ -146.984311222449094, 66.42035762067988 ], [ -146.906385039888249, 66.4436289718479 ], [ -146.837037089798145, 66.442347052880436 ], [ -146.785864721573546, 66.408400504055166 ], [ -146.826870899867487, 66.346061487732868 ], [ -146.789392914339032, 66.353535983305193 ], [ -146.723602877717838, 66.320861035823626 ], [ -146.749435050805857, 66.281741089119862 ], [ -146.728833348580281, 66.239751860461936 ], [ -146.649279772490758, 66.25556350847873 ], [ -146.631734890749328, 66.213529384549872 ], [ -146.529525028302459, 66.256599452159577 ], [ -146.480755128801121, 66.261072035011708 ], [ -146.49047771289591, 66.22350038331281 ], [ -146.42789242106312, 66.232980425523337 ], [ -146.377652293591552, 66.223108450765679 ], [ -146.381784161052195, 66.118055845739832 ], [ -146.289441631449137, 66.141670847574673 ], [ -146.199319516229593, 66.230046639378031 ], [ -146.139979966215577, 66.240527404467329 ], [ -146.087332390468248, 66.228506103788206 ], [ -146.307308083791668, 65.963805615237504 ], [ -147.773213220048291, 64.355145958396463 ], [ -148.165003203729327, 63.975750287945097 ], [ -148.357176288557412, 63.696080377833439 ], [ -148.230478911434147, 63.374208827408232 ], [ -148.062472597762167, 63.160832859501618 ], [ -148.023131241182114, 63.106607150172685 ], [ -147.569468721290036, 62.361312173941606 ], [ -147.472271830791755, 62.337754253744897 ], [ -147.361090964565534, 62.313163640188932 ], [ -147.365237028746634, 62.34032759152624 ], [ -147.098534723811781, 62.268324288766934 ], [ -147.031946552165749, 62.305209462636938 ], [ -147.02738230823897, 62.305422354971014 ], [ -146.675766352875684, 62.262923229893254 ], [ -146.654426022983614, 62.251117238839335 ], [ -146.564718905087062, 62.158405890367817 ], [ -146.391355235219805, 62.100770984839173 ], [ -146.121152061559684, 62.034376039137641 ], [ -146.027882998040411, 62.013594728660955 ], [ -145.860786862216031, 61.945827276186179 ], [ -145.766810126485012, 61.914988685726541 ], [ -143.50348366393402, 61.261051467857776 ], [ -143.122610723805764, 61.104672993748053 ], [ -142.828501054962857, 60.969650058202866 ], [ -142.726524477462618, 60.897234623833327 ], [ -142.618730561451429, 60.878108745110026 ], [ -142.526134362527841, 60.923641408258618 ], [ -142.471127405614169, 60.922591389602538 ], [ -142.256351809918044, 60.937412266478944 ], [ -142.106769135416698, 60.958003717987552 ], [ -141.753202333798953, 60.902647865772757 ], [ -141.749007772844891, 60.981073979767167 ], [ -142.053208874722174, 61.149769223333017 ], [ -141.92067453444426, 61.118727669996318 ], [ -141.802736835105662, 61.112491229975078 ], [ -141.798793480229591, 61.151659433021585 ], [ -141.858982443567982, 61.181716434400137 ], [ -142.105209643577183, 61.244908438299063 ], [ -141.915280846552918, 61.241051999556355 ], [ -141.561460046583591, 61.205324037793403 ], [ -141.032719780162211, 61.22009651354184 ], [ -140.773676090740111, 61.146913624476781 ], [ -140.518048338039961, 61.083662025426761 ], [ -140.453090321871855, 61.052322361639135 ], [ -140.312171268834163, 61.008007748707222 ], [ -140.250688827757187, 60.998009368539918 ], [ -140.046485485821648, 60.929248638432647 ], [ -139.933744796094572, 60.850730125544274 ], [ -139.97833870161071, 60.822967036068988 ], [ -139.777329240330971, 60.766849918437281 ], [ -139.788912887186314, 60.740862547705042 ], [ -139.604203589686023, 60.664738053747797 ], [ -139.214689118469835, 60.588663498816473 ], [ -139.121659072120991, 60.533220794743734 ], [ -138.903422536238367, 60.457396929981591 ], [ -138.794315561805888, 60.443288017978141 ], [ -138.702551180569571, 60.398694581642154 ], [ -138.565210189094671, 60.341540363321471 ], [ -138.536173873249851, 60.290596523875287 ], [ -138.397674732943955, 60.259188338133022 ], [ -138.388013893988472, 60.227274503907125 ], [ -138.225259194414917, 60.155902390707702 ], [ -137.774198423650319, 60.022013722869907 ], [ -137.576517356788372, 59.966587567293033 ], [ -137.292803043490892, 59.831018717931379 ], [ -136.957009866314394, 59.694890093717831 ], [ -136.75284939425012, 59.615170899660178 ], [ -136.812639858405731, 59.585548898186431 ], [ -136.590336947505932, 59.464974908031799 ], [ -136.281683114649326, 59.318824578993699 ], [ -136.044151587534145, 59.155840579578232 ], [ -135.694002143583106, 58.972430729946154 ], [ -135.457255496585276, 58.816394100450275 ], [ -135.299720246068915, 58.726867487084753 ], [ -135.097705023958554, 58.594881786644876 ], [ -134.794354029265691, 58.426641367597881 ], [ -134.57125654764576, 58.274274943320009 ], [ -134.631517023824188, 58.171012382778279 ], [ -134.245062058626104, 58.084819027183563 ], [ -134.229982345764, 57.924215561716473 ], [ -133.916822122697226, 57.826821231636089 ], [ -133.917221362281452, 57.77754867822992 ], [ -133.844460257683664, 57.722290047503435 ], [ -133.759506804698162, 57.615740123192658 ], [ -133.490293095440677, 57.599139941919574 ], [ -133.338858197988884, 57.526974764089324 ], [ -132.960976304867557, 57.389856152149669 ], [ -132.845173014605422, 57.336787042885163 ], [ -132.495643441959515, 57.263601554356946 ], [ -132.274459066641498, 57.146070516420174 ], [ -132.176124676706053, 57.117423283290393 ], [ -132.096275034998541, 57.105457171174521 ], [ -132.001101908889467, 56.999455585706457 ], [ -131.913827901593322, 56.978226773573738 ], [ -131.786715788285022, 56.934555781551929 ], [ -131.648588092135157, 56.945609462442093 ], [ -131.485016186268894, 56.820057957478056 ], [ -131.459874418747518, 56.737232642220647 ], [ -131.496836821611424, 56.649685900888095 ], [ -131.530090310479665, 56.648937332781173 ], [ -131.560514473203597, 56.60888807889399 ], [ -131.511794854321977, 56.536382155468452 ], [ -131.464988543078903, 56.505016189373457 ], [ -131.44903518230862, 56.468332677841694 ], [ -131.455694861498131, 56.426058734595223 ], [ -131.425548077522336, 56.379583721885261 ], [ -131.364954075303331, 56.319115522918615 ], [ -131.285566167724681, 56.260192637828276 ], [ -131.20886171210168, 56.137720832911626 ], [ -131.157090199224143, 56.101267438141988 ], [ -131.190076169554061, 56.061045639102069 ], [ -131.227686837699508, 56.042113152636169 ], [ -131.291854825092372, 55.936069147736688 ], [ -131.300054352541594, 55.872762264932113 ], [ -131.340955597366559, 55.8073442595838 ], [ -131.396121602493025, 55.75590875275406 ], [ -131.499993130895064, 55.695522375878866 ], [ -131.542871278768928, 55.731915341933558 ], [ -131.641123268742689, 55.700192297416024 ], [ -131.64455142853808, 55.652785148788503 ], [ -131.707833645267442, 55.649747055885406 ], [ -131.774407270162556, 55.700803603501996 ], [ -131.809531002306443, 55.667428420278455 ], [ -131.856213396782266, 55.667493029882628 ], [ -131.947962609657225, 55.709077279320034 ], [ -131.973141901326187, 55.736919647383289 ], [ -131.99938571525027, 55.799388721456303 ], [ -132.059450368499881, 55.881238336800372 ], [ -132.113442471044323, 55.929035941638858 ], [ -132.115726069217374, 55.982078388938042 ], [ -132.060664405215903, 55.987181381442184 ], [ -131.965026150296723, 56.014355230477456 ], [ -132.016249656669629, 56.028740627924634 ], [ -132.039030197430492, 56.008746664859437 ], [ -132.128358784124089, 56.001101692478954 ], [ -132.236166094509628, 56.056306917378834 ], [ -132.278235123334241, 56.121591417607831 ], [ -132.193645177478714, 56.159994075329692 ], [ -132.150386369418385, 56.211180103341874 ], [ -132.070106350532626, 56.204814916814023 ], [ -132.111911975854213, 56.23673415115492 ], [ -132.195265661994654, 56.375563386737049 ], [ -132.182214508540085, 56.409173294265614 ], [ -132.240428163694503, 56.514800954900643 ], [ -132.29973194245332, 56.59591326013328 ], [ -132.301828393923131, 56.621478229863762 ], [ -132.411456097276357, 56.701724358496627 ], [ -132.460097422722811, 56.726207697680771 ], [ -132.597680081908749, 56.825904797924338 ], [ -132.716178847006404, 56.888128217319419 ], [ -132.795820189039944, 56.952122831730556 ], [ -132.865084473522387, 56.950004857604448 ], [ -132.90166874739208, 56.926573550390835 ], [ -132.955682427589608, 56.929351134444119 ], [ -132.978867455038653, 56.951023334994204 ], [ -133.02142428162378, 56.972718450211907 ], [ -133.234263571247993, 56.915715527162746 ], [ -133.303563676566455, 56.883269424086905 ], [ -133.35832388601716, 56.895729267803922 ], [ -133.452912575286007, 56.891566280450654 ], [ -133.425557922154525, 56.863327222466857 ], [ -133.324841858637456, 56.84544304312147 ], [ -133.274077980054585, 56.787849233297635 ], [ -133.295375895502161, 56.730188868964959 ], [ -133.282865650606624, 56.694825543760793 ], [ -133.28919135045561, 56.646138255022784 ], [ -133.343311800491875, 56.634689727837909 ], [ -133.396259538884664, 56.643207870674786 ], [ -133.344586337696683, 56.59020654364204 ], [ -133.344363310848138, 56.522894879326309 ], [ -133.477316165763426, 56.582227269320747 ], [ -133.529484301680981, 56.592504464098006 ], [ -133.61577874902315, 56.638056964774933 ], [ -133.715161901717039, 56.755689774532527 ], [ -133.767887335462547, 56.795863815836412 ], [ -133.697391647829619, 56.79327825653759 ], [ -133.719790460140757, 56.839024825557729 ], [ -133.626162280213379, 56.872975282829259 ], [ -133.639149823575565, 56.907097497956975 ], [ -133.615857300541705, 56.925001025549456 ], [ -133.658442590221767, 56.965197512406824 ], [ -133.635079142874986, 56.99929778365275 ], [ -133.577474419246073, 56.996027806604033 ], [ -133.58481545578087, 57.04193987876139 ], [ -133.619680801559383, 57.075306181145024 ], [ -133.680591940500364, 57.205526780399879 ], [ -133.600370116997112, 57.204529059704655 ], [ -133.588752043248803, 57.223603436061403 ], [ -133.530585907716215, 57.206089067728669 ], [ -133.472140357271257, 57.21333030877971 ], [ -133.405024738827649, 57.188247977945352 ], [ -133.353268674001754, 57.194326700436143 ], [ -133.475884036308628, 57.231659033753459 ], [ -133.523021458744807, 57.22872207832183 ], [ -133.668916554949789, 57.263604427687611 ], [ -133.75509130820231, 57.334201301795169 ], [ -133.787550422189923, 57.375095703774832 ], [ -133.884479146287305, 57.420015878494453 ], [ -133.945221368827731, 57.416497353367319 ], [ -134.052122881363402, 57.474842457148334 ], [ -134.091541060189229, 57.521635120679925 ], [ -134.189249502537166, 57.554714240064222 ], [ -134.28932117551804, 57.606554261581721 ], [ -134.335538801834332, 57.672921299575833 ], [ -134.306890128912585, 57.701591722774289 ], [ -134.342239858118148, 57.714898120352764 ], [ -134.405860229348349, 57.696141924264658 ], [ -134.483527552030296, 57.699439294535146 ], [ -134.579777637174232, 57.739046095093485 ], [ -134.558754576639757, 57.771878729986497 ], [ -134.605381525186004, 57.817968986505598 ], [ -134.558836039904662, 57.841101758559191 ], [ -134.540787886804395, 57.876187347850852 ], [ -134.597688899495523, 57.885750057861443 ], [ -134.594570973635058, 57.856522833939188 ], [ -134.648000962414329, 57.861504792556985 ], [ -134.746837694928672, 57.89603299368315 ], [ -134.944201293402443, 57.975982346811925 ], [ -134.97564557120225, 58.010332231545085 ], [ -135.098369197891685, 58.067144295204031 ], [ -135.127495743247408, 58.09475791802074 ], [ -135.217003045504583, 58.147709915328377 ], [ -135.1474296567919, 58.139559606330607 ], [ -135.021895741627077, 58.104319684802405 ], [ -135.034199240392212, 58.133923315929167 ], [ -135.131785590559559, 58.204125105282017 ], [ -135.176650510137705, 58.211069857303499 ], [ -135.152116314151044, 58.173358779598345 ], [ -135.223617955854934, 58.19506148954359 ], [ -135.309015586587236, 58.209344549435436 ], [ -135.413010303206818, 58.252285610948377 ], [ -135.539936499010508, 58.280703535890446 ], [ -135.529935358026364, 58.310239044081257 ], [ -135.585809068877126, 58.359475055260042 ], [ -135.692222451471224, 58.307624256922786 ], [ -136.026156929213528, 58.426246217120905 ], [ -135.975561511411001, 58.429114998524149 ], [ -135.977672976259925, 58.452780417266602 ], [ -136.038726413117303, 58.490712582492947 ], [ -136.042776403347716, 58.508141632210062 ], [ -135.977119863731616, 58.515088170562919 ], [ -135.936757971011247, 58.501885301364233 ], [ -135.742070208547915, 58.484822724744745 ], [ -135.730035398390442, 58.496005685288488 ], [ -135.650674081906971, 58.490675694292058 ], [ -135.699616379548502, 58.522341735202652 ], [ -135.745109885428377, 58.510962981348364 ], [ -135.814520575990599, 58.532047845045085 ], [ -135.889809345998117, 58.538899578698469 ], [ -136.012624896164482, 58.573622891860552 ], [ -136.050232713751257, 58.59404255676359 ], [ -136.076956187207969, 58.642589481493779 ], [ -136.171943135976363, 58.696721136627644 ], [ -136.220524204790024, 58.770837649736087 ], [ -136.35628546847903, 58.817001903552459 ], [ -136.46521644982397, 58.880456842551148 ], [ -136.468852363589605, 58.915498193713553 ], [ -136.501062930255245, 58.953471420950621 ], [ -136.400314207281781, 58.945286854605584 ], [ -136.338430178373528, 58.914154485359212 ], [ -136.159826321938652, 58.866960601454792 ], [ -135.859836100784207, 58.761087950727301 ], [ -135.836672264626458, 58.764267574239341 ], [ -136.035007038108574, 58.853450687327914 ], [ -136.094142389980306, 58.862663773342632 ], [ -136.246417290561709, 58.934080475878382 ], [ -136.306191610450128, 58.949339409713502 ], [ -136.443035683862632, 59.006007395048165 ], [ -136.507082320859553, 59.062772381958638 ], [ -136.573407925337222, 59.08366597921291 ], [ -136.537149233053213, 59.03126427341715 ], [ -136.631350803357321, 59.046462237583498 ], [ -136.775337532478716, 59.136759116459629 ], [ -136.901821624123585, 59.203016286027307 ], [ -136.909751866828117, 59.233954814815547 ], [ -136.84808601439326, 59.250099141765162 ], [ -136.772491508029788, 59.200782174243528 ], [ -136.735888164882368, 59.204106412633507 ], [ -136.789253163494379, 59.242627202873308 ], [ -136.863903142772728, 59.277631991044146 ], [ -136.97942367475369, 59.248046203238857 ], [ -137.033192286797458, 59.264346476505168 ], [ -137.117979059852615, 59.307073111253978 ], [ -137.241146004949655, 59.357992052583853 ], [ -137.297217094298247, 59.398033329284011 ], [ -137.411982548607938, 59.511630010952352 ], [ -137.388421067883229, 59.517683045178821 ], [ -137.460240675488876, 59.576513848539435 ], [ -137.386269477852977, 59.577655571084534 ], [ -137.377876072455592, 59.597645035496384 ], [ -137.493791871435661, 59.681704725258335 ], [ -137.517658746058061, 59.681896610831821 ], [ -137.483363707154439, 59.622100488430888 ], [ -137.559663647487525, 59.609518688113411 ], [ -137.537440178175473, 59.577985894663321 ], [ -137.465428313307285, 59.548721588772253 ], [ -137.480875997081114, 59.512155061676424 ], [ -137.557621875641019, 59.522426988440216 ], [ -138.025168933068556, 59.700278800412434 ], [ -138.079779220278397, 59.713704620587023 ], [ -138.192342931595192, 59.723137882529663 ], [ -138.237135318941597, 59.76203513191107 ], [ -138.331530856798508, 59.768061872954036 ], [ -138.419314475979206, 59.812195689577912 ], [ -138.527133618963205, 59.897725297676843 ], [ -138.843093132263419, 60.039632170997997 ], [ -138.967082327371116, 60.107340985376077 ], [ -138.950137912217571, 60.150284867919801 ], [ -139.012882589631829, 60.200149798074591 ], [ -139.097439047374451, 60.219675183665728 ], [ -139.105656658912494, 60.181205460639774 ], [ -139.371447040069086, 60.306671065080032 ], [ -139.375365218169605, 60.321815834935236 ], [ -139.493237037920807, 60.387645845589745 ], [ -139.567415017100387, 60.446422158957731 ], [ -139.638644049855799, 60.479807381020414 ], [ -139.686148684074851, 60.51762860344305 ], [ -139.949899796752533, 60.650284804886873 ], [ -140.154094041534165, 60.729176436432013 ], [ -140.272746295033414, 60.823068624964904 ], [ -140.32364351559076, 60.881877075498842 ], [ -140.378137032817136, 60.893105933354995 ], [ -140.236179017915418, 60.758373145206434 ], [ -140.253799323889183, 60.741229190536622 ], [ -140.081152294291911, 60.677608799828853 ], [ -139.95774592685305, 60.619382750747853 ], [ -140.027062609491765, 60.63127783495716 ], [ -140.112792535830749, 60.66757031142992 ], [ -140.251158027983934, 60.714922468074533 ], [ -140.285959872604963, 60.706170526614756 ], [ -140.174771907380716, 60.664946128798604 ], [ -140.059579122336118, 60.603209857150453 ], [ -139.965649552533677, 60.581066444060255 ], [ -139.83660382581877, 60.464723786472412 ], [ -139.74629077230091, 60.420211250268807 ], [ -139.673313995780319, 60.398379854930091 ], [ -139.655643468255619, 60.373966618614268 ], [ -139.50028176582191, 60.296205434588025 ], [ -139.420818476205199, 60.263095919346227 ], [ -139.314150092380345, 60.18980776430039 ], [ -139.251804322140913, 60.163107222436807 ], [ -139.153797550187505, 60.093784314455647 ], [ -139.221711959601862, 60.097335278884785 ], [ -139.06867629655639, 60.030058024270346 ], [ -138.969801292514887, 59.972414322479992 ], [ -138.953999322675571, 59.950933728031394 ], [ -138.86457504942382, 59.904021410787323 ], [ -138.664552962101283, 59.763485035402425 ], [ -138.714011528338688, 59.756733607590235 ], [ -138.647011744997343, 59.701246285018506 ], [ -138.704787461318602, 59.683083995776947 ], [ -138.804012813006381, 59.720434176984995 ], [ -138.925733221011086, 59.746329873500194 ], [ -139.109658345168839, 59.839858419196183 ], [ -139.270267857625129, 59.931638978002255 ], [ -139.291521834589503, 59.909514268728628 ], [ -139.393304496318621, 59.950358072703487 ], [ -139.493751444042829, 59.980967771489567 ], [ -139.565204499154021, 59.966080005724535 ], [ -139.666449213434078, 59.983346492326589 ], [ -139.80209709435573, 59.988871138658858 ], [ -139.867925945533585, 60.056106254140708 ], [ -139.836159664071516, 60.073101934194675 ], [ -139.893312993373343, 60.093531625081368 ], [ -139.939799431411075, 60.15162531050332 ], [ -140.028591473266914, 60.183645506630015 ], [ -140.080139276749691, 60.223815672636199 ], [ -140.296394778271008, 60.339192846228514 ], [ -140.54382185945019, 60.445539204727112 ], [ -140.567318752554399, 60.46490626062797 ], [ -140.443741175103526, 60.47341362859035 ], [ -140.262307610125788, 60.462019675196686 ], [ -140.291684555280654, 60.47961247275299 ], [ -140.449559450474339, 60.504916648614412 ], [ -140.484392614919983, 60.477235519438715 ], [ -140.572433805764604, 60.485189658422009 ], [ -140.639233923848394, 60.539750822060412 ], [ -140.793504280012371, 60.600440913286548 ], [ -140.851039915869478, 60.646115957574303 ], [ -140.904059647624024, 60.651464168775668 ], [ -140.746340119871974, 60.550952867159097 ], [ -140.648266150272633, 60.504898202352521 ], [ -140.595292127949421, 60.43389010699201 ], [ -140.603243177831786, 60.418741708921367 ], [ -140.698806702437793, 60.428134953935938 ], [ -140.980073096517827, 60.522876650456382 ], [ -141.080334620401885, 60.545773849064936 ], [ -141.201522104877796, 60.593878101593262 ], [ -141.315724196793354, 60.65632865849782 ], [ -141.406876111939198, 60.6488283250347 ], [ -141.774382171921474, 60.757637010205251 ], [ -141.864953990390859, 60.779737706282802 ], [ -142.042210605247845, 60.839906050671608 ], [ -142.253940867956942, 60.916805851084426 ], [ -142.281990063431834, 60.910820423126047 ], [ -142.203447273334035, 60.879565216361982 ], [ -141.914834669977125, 60.781478868985722 ], [ -141.879169789036553, 60.760580660761434 ], [ -142.015861480080389, 60.77835093063166 ], [ -141.771499734821845, 60.70879040124229 ], [ -141.551103646230018, 60.663792006711972 ], [ -141.358066861539527, 60.603949319424828 ], [ -141.228876622270803, 60.576069518288385 ], [ -141.077938476441403, 60.52019865681217 ], [ -141.18029801675317, 60.529134275218524 ], [ -140.839834585493293, 60.42437711549907 ], [ -140.743567428956311, 60.384765128682055 ], [ -140.759209016448438, 60.362166867685417 ], [ -140.803949721218913, 60.36024919098432 ], [ -140.849549954368399, 60.330210216819914 ], [ -140.771863650867857, 60.312703598692785 ], [ -140.783123310373099, 60.336488471782715 ], [ -140.715204067407996, 60.337808877383893 ], [ -140.677935584342407, 60.36187143279804 ], [ -140.458633927705591, 60.281222241030896 ], [ -140.440638003122046, 60.25412018506298 ], [ -140.336021865982929, 60.222800142704486 ], [ -140.308172144446246, 60.17482229346939 ], [ -140.237467003407687, 60.169814667636643 ], [ -140.10654159518927, 60.092464950645351 ], [ -139.970239096994021, 60.018571170680708 ], [ -140.00543818225816, 59.993507274561594 ], [ -140.075131317828806, 60.004450897642769 ], [ -140.198802886815656, 59.999340271549251 ], [ -140.254770853073495, 60.031289654678879 ], [ -140.245511032738051, 60.046607672271833 ], [ -140.332276274424487, 60.079927585326686 ], [ -140.394107536929454, 60.078762708460417 ], [ -140.337987867708847, 60.049282899049011 ], [ -140.292739925622072, 60.005287343164952 ], [ -140.393625949407834, 60.031224261857915 ], [ -140.465301714331304, 60.037011508845524 ], [ -140.546701081271834, 60.070921902016472 ], [ -140.615724360466487, 60.082510990717239 ], [ -140.589332419641721, 60.052055982788602 ], [ -140.528229422772682, 60.02655552955094 ], [ -140.473757138025462, 59.987657771820416 ], [ -140.498969541664792, 59.962801305612395 ], [ -140.581692598936911, 59.977931367677094 ], [ -140.697900000595411, 60.03707617692568 ], [ -140.705715081215004, 60.052254653387756 ], [ -140.818170474372835, 60.085998792643025 ], [ -140.863180237132724, 60.116357721941789 ], [ -140.954586814017574, 60.128737054664022 ], [ -141.018892253545829, 60.159443479953765 ], [ -141.059663670812483, 60.201276534452766 ], [ -141.250159871065136, 60.255382752363339 ], [ -141.366137378026451, 60.267110667340958 ], [ -141.598464170587704, 60.351088218873649 ], [ -141.893878811905893, 60.44792028150934 ], [ -142.022911149691396, 60.498533637046187 ], [ -142.267942450891582, 60.583699044309498 ], [ -142.377704088571335, 60.613002885114433 ], [ -142.260941578629001, 60.62028516908132 ], [ -142.298321278261483, 60.642759930006505 ], [ -142.400084942925446, 60.650973067530437 ], [ -142.493764339501865, 60.668191916239323 ], [ -142.769428303388111, 60.77404772287111 ], [ -143.104140107933716, 60.886748265552839 ], [ -143.163536564879678, 60.910393897060132 ], [ -143.209525547559537, 60.948342563486122 ], [ -143.334294023696998, 61.002934984520721 ], [ -143.694047240249319, 61.12600418772606 ], [ -143.967221454837158, 61.214628770129458 ], [ -144.263741386218243, 61.301855557890271 ], [ -144.790083560042746, 61.441181535301659 ], [ -144.854121355328886, 61.468797163293196 ], [ -144.918171727250211, 61.478552605949865 ], [ -145.181930961973904, 61.560560543771345 ], [ -145.356003271628708, 61.612141280183664 ], [ -145.71194106529353, 61.709577847512598 ], [ -145.832483655505939, 61.748883694494879 ], [ -145.880658706776586, 61.759565836746305 ], [ -145.98521940378501, 61.799004191137954 ], [ -146.07077655709395, 61.81512951743435 ], [ -146.211146387771066, 61.8568371846847 ], [ -146.351174392440981, 61.893813541857114 ], [ -146.594481867706008, 61.967137076253955 ], [ -146.522047244820584, 61.957951646673564 ], [ -146.458405755061278, 61.971105580104812 ], [ -146.497029439649651, 61.992161127474986 ], [ -146.472587356149376, 62.010963996346767 ], [ -146.543267736041372, 62.03351398574447 ], [ -146.639327469246837, 62.073520144732996 ], [ -146.646715574949411, 62.079867831258859 ], [ -146.715061220524802, 62.109441836975286 ], [ -146.731002013652528, 62.121964269688057 ], [ -146.695429078540997, 62.128307113044613 ], [ -146.714610363660285, 62.147899418106675 ], [ -146.698705741770226, 62.149475867585188 ], [ -146.465470846628079, 62.062836348417733 ], [ -146.464349039349287, 62.051543472815318 ], [ -146.408176366995804, 62.01473948229399 ], [ -146.23301479330766, 61.934850853214002 ], [ -146.263596433645205, 61.930946650709458 ], [ -146.185407830470638, 61.906143657631354 ], [ -146.172515667461965, 61.921745397460519 ], [ -146.295774768616127, 61.976033202963876 ], [ -146.358806311192183, 61.997925195202114 ], [ -146.394295584226882, 62.015759888304707 ], [ -146.387774109046831, 62.022791769283145 ], [ -146.436836458338803, 62.046307023492005 ], [ -146.373609898098323, 62.044270759916799 ], [ -146.436876820617925, 62.06108087218756 ], [ -146.545832131332816, 62.098603220206122 ], [ -146.674270086953669, 62.147414900907478 ], [ -146.717317559282407, 62.153906747922164 ], [ -146.769762382501654, 62.171920610407447 ], [ -146.773259736700595, 62.157480339701699 ], [ -146.750187652849633, 62.141970560491423 ], [ -146.794945745272202, 62.137490867648154 ], [ -146.797901531522683, 62.120697377173059 ], [ -146.774105843826533, 62.103253447857831 ], [ -146.841932339834159, 62.101054830060171 ], [ -146.939147866884781, 62.132465495163352 ], [ -146.986729011977786, 62.127862286250824 ], [ -147.02442546016141, 62.13234475947143 ], [ -146.999793889721445, 62.117446261939158 ], [ -146.96798207079155, 62.112837263752041 ], [ -146.9133954385712, 62.112933873554468 ], [ -146.864345991139174, 62.100730424271077 ], [ -146.935277291074755, 62.097826799881751 ], [ -146.959353059314083, 62.089079103718475 ], [ -147.01644086526332, 62.094608782803135 ], [ -147.099944138162613, 62.11152176246614 ], [ -147.195362876933359, 62.127670100509093 ], [ -147.324740919540801, 62.157146225355632 ], [ -147.368763385784604, 62.171904386012407 ], [ -147.5391783497669, 62.218908024542472 ], [ -147.591859614449589, 62.231375528941818 ], [ -147.608748689979166, 62.2387761956074 ], [ -147.58825142795834, 62.250748738928003 ], [ -147.563191579676356, 62.249775728982698 ], [ -147.57664729955664, 62.273323750648736 ], [ -147.60688244511914, 62.290512384356781 ] ] ], [ [ [ -131.55111103116667, 55.674682906498752 ], [ -131.601557792447608, 55.703045204539876 ], [ -131.559368075706743, 55.725339181745959 ], [ -131.509239777422039, 55.697111668185272 ], [ -131.55111103116667, 55.674682906498752 ] ] ], [ [ [ -132.581319442764539, 56.779463977657457 ], [ -132.542627001825934, 56.756284131791709 ], [ -132.482746438232112, 56.691844139304315 ], [ -132.381721923365347, 56.623148015664569 ], [ -132.305864204072407, 56.533064136798018 ], [ -132.328131892739776, 56.483869741258701 ], [ -132.297897652031054, 56.392227186121929 ], [ -132.236695346234598, 56.308197350595336 ], [ -132.311708663071101, 56.322725389401789 ], [ -132.271309176783944, 56.270644053056614 ], [ -132.289565479374971, 56.243530601102172 ], [ -132.277852038221113, 56.184769410513859 ], [ -132.375513350701283, 56.127738439294674 ], [ -132.431002778201332, 56.139129249269047 ], [ -132.549424723545741, 56.197797034326101 ], [ -132.502632957392734, 56.207032907864402 ], [ -132.476210519608202, 56.230759875527561 ], [ -132.455995864731136, 56.300444739492697 ], [ -132.478387876276031, 56.331682697548935 ], [ -132.572401858286156, 56.329229603994918 ], [ -132.510736416231509, 56.277995596190124 ], [ -132.52219139216561, 56.236389088516269 ], [ -132.585859507438272, 56.215283630662803 ], [ -132.64109416346983, 56.223401724613801 ], [ -132.711519490778016, 56.251687239157455 ], [ -132.717665693802843, 56.286636001210091 ], [ -132.65741847707784, 56.299861040384997 ], [ -132.67115086074844, 56.325437218729455 ], [ -132.754314779984895, 56.343852600883338 ], [ -132.807384491646985, 56.271009683129428 ], [ -132.936808936484113, 56.331603104271373 ], [ -132.977577504236109, 56.343017510291915 ], [ -133.051216784490549, 56.396190254298453 ], [ -133.174748673449955, 56.457895775915397 ], [ -133.086365573639711, 56.514406408745486 ], [ -133.082007627280262, 56.551169368788337 ], [ -133.047578453985921, 56.563651418190105 ], [ -133.04941983730609, 56.594772347708684 ], [ -133.113362515541894, 56.611013478731515 ], [ -133.147293322594663, 56.633841587445616 ], [ -133.16120682463432, 56.703984708833445 ], [ -133.201725701437454, 56.730072116384477 ], [ -133.155576635094491, 56.764716791630725 ], [ -133.094036406548582, 56.751301011766827 ], [ -132.983229036014194, 56.769324533224669 ], [ -133.051760727004392, 56.792823078840726 ], [ -133.119216830306385, 56.773937065498231 ], [ -133.20300976025311, 56.80050342018302 ], [ -133.230146939526264, 56.833293957168706 ], [ -133.175928313404114, 56.834016471855612 ], [ -133.049729920010975, 56.814220975175438 ], [ -133.142496278545877, 56.887175047425821 ], [ -133.048315552635074, 56.891250255269185 ], [ -133.009262165287907, 56.907679698811513 ], [ -132.953433120697326, 56.899845695113378 ], [ -132.81829242698484, 56.923033782340191 ], [ -132.685542691592701, 56.848916971216326 ], [ -132.581319442764539, 56.779463977657457 ] ] ], [ [ [ -133.037284954065399, 56.905554133272553 ], [ -133.098643705641393, 56.896804346493894 ], [ -133.124691918455824, 56.935218809767875 ], [ -133.037654176880608, 56.962700717433755 ], [ -133.009200904879094, 56.965628393582804 ], [ -132.966320564094389, 56.925314941959357 ], [ -133.037284954065399, 56.905554133272553 ] ] ], [ [ [ -133.111411493974629, 56.851920491739271 ], [ -133.189395725697437, 56.85454788446134 ], [ -133.215115458015873, 56.882474052941411 ], [ -133.180292044950164, 56.896009679424225 ], [ -133.111411493974629, 56.851920491739271 ] ] ], [ [ [ -132.353649049270501, 55.910626287862598 ], [ -132.329896935305584, 55.874971752219089 ], [ -132.265078038664086, 55.849923521017665 ], [ -132.295995024550876, 55.821262012880823 ], [ -132.346955071870696, 55.830408691602095 ], [ -132.40524829355985, 55.806874801221312 ], [ -132.480863601233636, 55.850071414747042 ], [ -132.555038148019548, 55.877542789478781 ], [ -132.595335974663556, 55.915289784175492 ], [ -132.571742617553269, 55.926092746398588 ], [ -132.490501694655137, 55.927817788274133 ], [ -132.353649049270501, 55.910626287862598 ] ] ], [ [ [ -132.725636558455221, 56.217334983400441 ], [ -132.687893025497914, 56.192170183675984 ], [ -132.603249114444424, 56.156653895819268 ], [ -132.552188566935854, 56.117407679813851 ], [ -132.522459811057075, 56.077416992176211 ], [ -132.534127319255134, 56.047289561332946 ], [ -132.499644947714188, 56.02506595168159 ], [ -132.492070062914934, 55.994141882772837 ], [ -132.514757691770711, 55.968955250132183 ], [ -132.623627633219911, 55.980094986939868 ], [ -132.675713391631007, 56.010212338948442 ], [ -132.74770864453177, 55.993366791102943 ], [ -132.776194712297809, 56.025190357177294 ], [ -132.788740451363651, 56.082488541430841 ], [ -132.772359959122923, 56.109841366468643 ], [ -132.71893970667864, 56.111581835381678 ], [ -132.829945015177486, 56.19638125358999 ], [ -132.841706235645461, 56.25454132436834 ], [ -132.725636558455221, 56.217334983400441 ] ] ], [ [ [ -134.108957708457353, 57.493717453750655 ], [ -134.084513155294928, 57.460809753708162 ], [ -133.965573388155349, 57.398276804196783 ], [ -133.912068969567201, 57.417716874350972 ], [ -133.836927316338631, 57.391883201607421 ], [ -133.774261794399592, 57.335227821898968 ], [ -133.641411458962949, 57.229054642933505 ], [ -133.738184543237708, 57.231756661123981 ], [ -133.715755950881459, 57.172798539921018 ], [ -133.804937523442533, 57.193705043339293 ], [ -134.006343575599516, 57.268627519212544 ], [ -134.1031031869245, 57.315918283917021 ], [ -134.162006546696404, 57.362589585182548 ], [ -134.168161495571155, 57.418604407928015 ], [ -134.210187686982465, 57.455584655840177 ], [ -134.206944371599036, 57.48803617491405 ], [ -134.265471325102254, 57.52546396605441 ], [ -134.303664897066199, 57.566860643563672 ], [ -134.166046348245118, 57.531130002793375 ], [ -134.108957708457353, 57.493717453750655 ] ] ], [ [ [ -133.640948285016549, 57.080436523974491 ], [ -133.614211483071813, 57.056611613759792 ], [ -133.623062778412617, 57.018064228438035 ], [ -133.707538493048645, 57.067251381911611 ], [ -133.718056665093968, 57.098025646036504 ], [ -133.701209955621806, 57.132510150989646 ], [ -133.640948285016549, 57.080436523974491 ] ] ], [ [ [ -133.058282454106347, 56.376576311815448 ], [ -132.895663278999848, 56.2912199710279 ], [ -132.937347479541558, 56.291529421636575 ], [ -132.94460651643152, 56.264667341589359 ], [ -132.925266712551945, 56.215465643417097 ], [ -132.945709369815802, 56.19677509344401 ], [ -132.942195620310827, 56.125435913813995 ], [ -133.056246643721465, 56.195970160186711 ], [ -133.094045981003831, 56.257845063701495 ], [ -133.15664644222349, 56.331699705439043 ], [ -133.15517954864336, 56.3643683466357 ], [ -133.196046145360583, 56.393284007849054 ], [ -133.168518411594022, 56.404621227984002 ], [ -133.18500986052166, 56.437081325938799 ], [ -133.058282454106347, 56.376576311815448 ] ] ], [ [ [ -133.18528603629656, 56.494528097324022 ], [ -133.211003357581859, 56.516449985061961 ], [ -133.194900182394662, 56.548265441121032 ], [ -133.139052591634652, 56.518997349007115 ], [ -133.18528603629656, 56.494528097324022 ] ] ], [ [ [ -134.192170269756048, 57.370161764318006 ], [ -134.163702314239316, 57.335924776921637 ], [ -134.17691084598647, 57.313062268127091 ], [ -134.113181011576017, 57.294700025549432 ], [ -134.055178249756892, 57.261106496191339 ], [ -133.991409614240155, 57.258358719469655 ], [ -133.807204139216282, 57.167977151842933 ], [ -133.867150254779659, 57.095444789715941 ], [ -133.828642086761164, 57.043872921868967 ], [ -133.819371834102014, 56.993575434178219 ], [ -133.953166894317917, 56.985456476740602 ], [ -134.012061384474038, 57.022703651999194 ], [ -134.06069489416663, 57.032258326026607 ], [ -134.101066771997324, 57.104395993547605 ], [ -134.133898030701289, 57.103087172297606 ], [ -134.179390153933241, 57.153288850915857 ], [ -134.228323411955159, 57.157668056913039 ], [ -134.296968884981908, 57.181868944471155 ], [ -134.318803320677631, 57.139187762789547 ], [ -134.434988403059009, 57.225545519095242 ], [ -134.4703667171662, 57.262056427291526 ], [ -134.503610311438507, 57.335337653594046 ], [ -134.484020084753951, 57.354467982479818 ], [ -134.389969707041899, 57.350152344851693 ], [ -134.393905831822252, 57.398247114955062 ], [ -134.37322927401874, 57.434928900833363 ], [ -134.274844434545855, 57.439322634273665 ], [ -134.188855816236753, 57.388380709306631 ], [ -134.192170269756048, 57.370161764318006 ] ] ], [ [ [ -133.792530679609058, 57.042195177737277 ], [ -133.75097025324817, 57.019409540302824 ], [ -133.75085406022103, 56.977448168842081 ], [ -133.815835822818457, 57.012791020640279 ], [ -133.792530679609058, 57.042195177737277 ] ] ], [ [ [ -134.268700596833867, 57.483019597102363 ], [ -134.346032279264136, 57.447268986654421 ], [ -134.409308757296287, 57.457297826677319 ], [ -134.433956046239473, 57.495146525485737 ], [ -134.386737813775426, 57.534433459248525 ], [ -134.291076489269074, 57.501367567991565 ], [ -134.268700596833867, 57.483019597102363 ] ] ], [ [ [ -134.922593663721955, 57.915449172085559 ], [ -134.864241069928653, 57.884956481495898 ], [ -134.80740617392064, 57.838154088710908 ], [ -134.649217914479607, 57.774440367982031 ], [ -134.651003301127815, 57.759063413226521 ], [ -134.591617059651554, 57.719050287994172 ], [ -134.520474906849074, 57.685044705563854 ], [ -134.588103203310339, 57.66249884562319 ], [ -134.62038621988026, 57.667342305624565 ], [ -134.676539402355445, 57.634070406348677 ], [ -134.765011369698641, 57.627710691311556 ], [ -134.83504395368675, 57.649872353200664 ], [ -134.923154279033895, 57.660620197055501 ], [ -134.961292453416291, 57.715779450873818 ], [ -135.002326706485576, 57.756895045926136 ], [ -134.987498053796742, 57.782939259816189 ], [ -134.951703015397328, 57.780544054338662 ], [ -134.999555511035709, 57.82253966947426 ], [ -135.045880126062684, 57.891397733053658 ], [ -135.129275731482778, 57.962241353615404 ], [ -135.096259835642712, 57.975054380160891 ], [ -135.045242943635117, 57.951074294469791 ], [ -134.922593663721955, 57.915449172085559 ] ] ], [ [ [ -135.461169140314325, 57.569724592819249 ], [ -135.337877383372671, 57.534932738548811 ], [ -135.26397949110796, 57.538977226506368 ], [ -135.199275727627196, 57.514164276487733 ], [ -135.094698667148776, 57.514854321569437 ], [ -135.03208012295508, 57.488064266803747 ], [ -134.939721535534773, 57.410935055331166 ], [ -134.912216087381438, 57.411448657082843 ], [ -134.831232465595775, 57.340044768024306 ], [ -134.828120991674922, 57.27728627001062 ], [ -134.86376005914596, 57.246386664637456 ], [ -134.798182064901141, 57.20280409527961 ], [ -134.734333331610344, 57.207945251666004 ], [ -134.648738972385644, 57.201217067415151 ], [ -134.626174439564551, 57.164762759187376 ], [ -134.573701618968869, 57.166140694011965 ], [ -134.39944844124858, 57.102589316810146 ], [ -134.365028030962407, 57.074126953061516 ], [ -134.233731771883271, 57.011839446707654 ], [ -134.028485871301115, 56.874388717499315 ], [ -134.022412953596387, 56.84146272190474 ], [ -133.95565578240118, 56.801258149771137 ], [ -133.966400784941982, 56.751515738564265 ], [ -133.889780679404311, 56.724783171919164 ], [ -133.851435319561602, 56.733221211219657 ], [ -133.796662676532293, 56.673217683370368 ], [ -133.692273144354488, 56.601214026233528 ], [ -133.605653781376475, 56.569174084522963 ], [ -133.54792515647361, 56.53700078586742 ], [ -133.541521980379855, 56.497940157894668 ], [ -133.61496276060771, 56.538133826957136 ], [ -133.90733290687848, 56.643007352852571 ], [ -133.996175987740486, 56.695444842915308 ], [ -134.029923241130035, 56.666437290668398 ], [ -133.963924808246588, 56.640323040523505 ], [ -134.012082786528566, 56.589226431958203 ], [ -134.081382949385528, 56.563307288174535 ], [ -134.048912757661384, 56.547002971633724 ], [ -134.006928358170995, 56.570703471054919 ], [ -133.967737229189908, 56.565495869635264 ], [ -133.946049086486397, 56.597692728004404 ], [ -133.871849203940144, 56.584734003140582 ], [ -133.822415040803548, 56.590039292276273 ], [ -133.786952973776039, 56.546436589645857 ], [ -133.702118182385391, 56.533760121526235 ], [ -133.776359628807029, 56.493249681020828 ], [ -133.740513754662032, 56.471609583069402 ], [ -133.614310021375672, 56.47319824503213 ], [ -133.53150488118186, 56.412105092255324 ], [ -133.457880470778719, 56.380201032730717 ], [ -133.445818644151132, 56.353814996942482 ], [ -133.374311637873603, 56.302321526386621 ], [ -133.407835402615945, 56.279456800318805 ], [ -133.564415183475859, 56.307445132113472 ], [ -133.493844822690136, 56.268572902583216 ], [ -133.421045745677503, 56.261454094784391 ], [ -133.349610032374301, 56.235025823246929 ], [ -133.334904937651174, 56.294679669575231 ], [ -133.306787277578735, 56.308609317767747 ], [ -133.258950852852308, 56.282894900215105 ], [ -133.209044130058658, 56.199886839349176 ], [ -133.254746575099915, 56.170960077195843 ], [ -133.196796167668111, 56.135681098702705 ], [ -133.271875585062475, 56.100489069775577 ], [ -133.265893863550389, 56.07455766970277 ], [ -133.31825409215196, 56.054651442338859 ], [ -133.385318585759848, 56.049631607242127 ], [ -133.37170903326782, 56.0316312550978 ], [ -133.278865029779183, 56.034331279086736 ], [ -133.17520658924937, 56.059800885988089 ], [ -133.101028360239809, 55.978048047588054 ], [ -133.117718416189348, 55.961871572884391 ], [ -133.082215289443269, 55.918467789152253 ], [ -133.150841195771704, 55.923737642827142 ], [ -133.144145945904171, 55.898958700635546 ], [ -133.060952268000875, 55.86579947342512 ], [ -133.020248108245966, 55.817383756085462 ], [ -133.064361729146299, 55.775886710020146 ], [ -133.038136173203469, 55.747571941874753 ], [ -133.043469255954051, 55.716171587037984 ], [ -133.122393196859747, 55.728231780517767 ], [ -133.197255303390847, 55.725571191034973 ], [ -133.250757852907583, 55.765129796699199 ], [ -133.325513665622736, 55.759357338970744 ], [ -133.36535600138879, 55.77466224810729 ], [ -133.389820262589552, 55.817973224291265 ], [ -133.461006363556208, 55.876610647400227 ], [ -133.40837050341284, 55.891365077719612 ], [ -133.482750526474064, 55.930251175006177 ], [ -133.535885296073502, 56.004579801085015 ], [ -133.587455209283661, 56.014213524948531 ], [ -133.581746141698773, 55.985297829996206 ], [ -133.619843046165727, 55.96881389232415 ], [ -133.673305913039769, 55.995889143753374 ], [ -133.625302480155739, 56.018072800924863 ], [ -133.677603286256698, 56.050190109818843 ], [ -133.717424866161934, 56.015298833017823 ], [ -133.78926247789218, 56.057432294703631 ], [ -133.759600590538355, 56.075918706355971 ], [ -133.792241211771113, 56.124346248805857 ], [ -133.761499712434642, 56.13344447677531 ], [ -133.772690010714228, 56.180404889663969 ], [ -133.821372785532475, 56.205460263664392 ], [ -133.865110431121394, 56.202497113328462 ], [ -133.842993367168447, 56.259495001718058 ], [ -133.902766372122215, 56.277943304003408 ], [ -133.894048563537837, 56.24331726380003 ], [ -133.985469095658232, 56.255729910440472 ], [ -134.119257135294134, 56.32258698357284 ], [ -134.128346019547422, 56.355715231704217 ], [ -134.339149515233373, 56.34624597582323 ], [ -134.353365231634825, 56.373443614599388 ], [ -134.294028387237091, 56.384604340656438 ], [ -134.309102213955271, 56.406032022862121 ], [ -134.390477359655989, 56.414630730594673 ], [ -134.433072849230058, 56.406682454177513 ], [ -134.48421430107706, 56.436919664322794 ], [ -134.536506567808061, 56.435561608548298 ], [ -134.647438438926144, 56.49956157294713 ], [ -134.656557245163242, 56.525349756328275 ], [ -134.619563203289147, 56.546279887095295 ], [ -134.486367705311068, 56.52474920552941 ], [ -134.366799600627417, 56.480747969875928 ], [ -134.347380136740668, 56.501018920231672 ], [ -134.443769073266736, 56.544380911219783 ], [ -134.457539187491648, 56.583109812144698 ], [ -134.553385480902506, 56.615597094289555 ], [ -134.580437067170294, 56.638097036304636 ], [ -134.566257173414755, 56.739325586343739 ], [ -134.574448404023656, 56.774538579444012 ], [ -134.717146063218905, 56.745138910284467 ], [ -134.762571459216559, 56.748820154380553 ], [ -134.918772519557137, 56.811606833075672 ], [ -134.943152445525783, 56.838395556659748 ], [ -134.91610686107461, 56.871897447381684 ], [ -134.950981835143949, 56.885699445714828 ], [ -134.96592300106056, 56.925430320464237 ], [ -134.93037300408966, 56.932125883678793 ], [ -134.834870045437413, 56.921883276951391 ], [ -134.819173081546097, 56.961048144879584 ], [ -134.771115512652074, 56.975696342867614 ], [ -134.785060464522701, 57.01198877811477 ], [ -134.886465244197183, 57.059487098132841 ], [ -134.929975486808019, 57.098074548307387 ], [ -134.978336340982878, 57.182496939121592 ], [ -135.052780805999419, 57.171460993554568 ], [ -135.080032433575866, 57.14897052123581 ], [ -135.042519270758476, 57.102848449851052 ], [ -135.118151542340627, 57.114207176541989 ], [ -135.129164328981034, 57.156412950476117 ], [ -135.076840308995799, 57.185779330971329 ], [ -135.10946304385925, 57.22351209761726 ], [ -135.203673764373008, 57.211119395718818 ], [ -135.369401450659723, 57.179138619377731 ], [ -135.33034106360904, 57.144570311958489 ], [ -135.453758497840681, 57.152695868627212 ], [ -135.530364248699954, 57.187939260018297 ], [ -135.538662355354319, 57.213360566050959 ], [ -135.4728875202712, 57.274794332085406 ], [ -135.47707410861932, 57.306478483830176 ], [ -135.41965251518144, 57.31418831519413 ], [ -135.354686270133072, 57.296307437324145 ], [ -135.307384913958913, 57.311325046856474 ], [ -135.428529423798011, 57.336486126082029 ], [ -135.438904607963508, 57.370528380188404 ], [ -135.319520100492184, 57.333396362210081 ], [ -135.261742434320809, 57.352255043041559 ], [ -135.302740444820586, 57.390394357229582 ], [ -135.362077480466496, 57.405792640442769 ], [ -135.406068361231689, 57.400045135596315 ], [ -135.491159900184272, 57.451322415930676 ], [ -135.578588686323144, 57.564541484042557 ], [ -135.556414973125953, 57.590972310419865 ], [ -135.461169140314325, 57.569724592819249 ] ] ], [ [ [ -134.705612698020474, 57.581076194339943 ], [ -134.638624043154095, 57.578281643398178 ], [ -134.526077547348848, 57.532343732631162 ], [ -134.498109660609344, 57.500760110535076 ], [ -134.539340746756949, 57.463020208345995 ], [ -134.49832574165319, 57.433717771389141 ], [ -134.472860111632514, 57.389711708435648 ], [ -134.527916480766606, 57.377582099864135 ], [ -134.663733084833723, 57.369022351915611 ], [ -134.773860192728563, 57.418238174031337 ], [ -134.809063806789709, 57.444713353714498 ], [ -134.944464790450041, 57.49379857274559 ], [ -134.930054873158809, 57.586659324517427 ], [ -134.891157945763041, 57.603528857864816 ], [ -134.804861112431666, 57.597359159001307 ], [ -134.732373588583243, 57.573783256101663 ], [ -134.705612698020474, 57.581076194339943 ] ] ], [ [ [ -136.159090099523496, 58.337669035258195 ], [ -136.088711929922255, 58.31622504672201 ], [ -135.972935475842434, 58.29726395412262 ], [ -135.931581792504289, 58.278295263122139 ], [ -135.629112982197768, 58.194851245247932 ], [ -135.543838259432505, 58.121703378586233 ], [ -135.520361848344294, 58.126837738926902 ], [ -135.633003476847875, 58.207365141945822 ], [ -135.623980030938384, 58.21537557636826 ], [ -135.509042851684967, 58.198542644026908 ], [ -135.365555650349023, 58.166775361420576 ], [ -135.28444689414286, 58.118434310781069 ], [ -135.224974160124987, 58.096008499401094 ], [ -135.115120560415107, 58.00390581251277 ], [ -135.102255772855585, 57.978358194767033 ], [ -135.154128088472817, 57.966697626891261 ], [ -135.066546009756507, 57.893396505318108 ], [ -135.034364221815366, 57.842943867442933 ], [ -134.992797534655949, 57.814727521858586 ], [ -134.996579692732922, 57.780217709584889 ], [ -135.060506526592263, 57.765811377891076 ], [ -135.191901685829492, 57.842489460652239 ], [ -135.269524498838337, 57.875123540545665 ], [ -135.345634277064477, 57.922408211238945 ], [ -135.44672861938443, 58.004856854331805 ], [ -135.511513941827076, 58.003308002994132 ], [ -135.502329360114544, 57.967244456811272 ], [ -135.42994251480917, 57.927285445810078 ], [ -135.375096625719351, 57.924531731094511 ], [ -135.322321320823505, 57.882943846901064 ], [ -135.341516352151245, 57.851564970309667 ], [ -135.243109283561665, 57.814019646874613 ], [ -135.154546406605618, 57.790913553432588 ], [ -135.132624036396464, 57.750931317752389 ], [ -135.077360867066119, 57.694817916349812 ], [ -135.121947072257313, 57.683032827632935 ], [ -135.082145648966701, 57.658544275886584 ], [ -135.114684505353154, 57.633909196449395 ], [ -135.15773354108785, 57.627583995674172 ], [ -135.244744195302388, 57.665402349829108 ], [ -135.303788222879234, 57.663041108918101 ], [ -135.389018627545369, 57.701667904716132 ], [ -135.394285921774156, 57.677969886785547 ], [ -135.484081716322578, 57.655735728949921 ], [ -135.58042489585435, 57.665370346159129 ], [ -135.649899834759736, 57.682048556827461 ], [ -135.713729322431476, 57.761916243726631 ], [ -135.716650988752463, 57.79411233779566 ], [ -135.759658123721522, 57.826583118501418 ], [ -135.787154476255012, 57.87745488747121 ], [ -135.86387948697444, 57.930361869662981 ], [ -135.856911707349354, 57.950955621432428 ], [ -135.950755998916208, 58.075979509800895 ], [ -135.991266688113882, 58.065250298838926 ], [ -136.16110372680626, 58.141189291218012 ], [ -136.128557858306891, 58.169861460172719 ], [ -136.22534910748746, 58.225452394950082 ], [ -136.440487503657096, 58.321020353128915 ], [ -136.438613514230951, 58.367173007685899 ], [ -136.325587338843377, 58.377916421725494 ], [ -136.159090099523496, 58.337669035258195 ] ] ], [ [ [ -134.971815787299761, 57.695021091101218 ], [ -134.959331366375238, 57.66633926189742 ], [ -135.029317555222576, 57.682812852913685 ], [ -135.096740288309718, 57.746527719783359 ], [ -135.014246122376363, 57.752423813684622 ], [ -134.96244412502881, 57.708656334010776 ], [ -134.971815787299761, 57.695021091101218 ] ] ], [ [ [ -134.737581186228169, 57.369754167897703 ], [ -134.742710238838583, 57.349381262442137 ], [ -134.809632778994256, 57.367637346247818 ], [ -134.83143376428103, 57.397406570671265 ], [ -134.737581186228169, 57.369754167897703 ] ] ], [ [ [ -134.738918238489305, 57.2447838228344 ], [ -134.704323432975286, 57.211113389881604 ], [ -134.779309035592178, 57.219551033804763 ], [ -134.825837951704074, 57.249031615368203 ], [ -134.796982533091153, 57.272659131615242 ], [ -134.738918238489305, 57.2447838228344 ] ] ], [ [ [ -137.50512872401859, 59.444543104630128 ], [ -137.235407367172741, 59.303503192971412 ], [ -137.232451685817637, 59.287921344125152 ], [ -137.050042808608509, 59.202725139687487 ], [ -137.051292145227961, 59.186255985087499 ], [ -136.98736180290939, 59.148102516959625 ], [ -136.859011949388929, 59.08497178917591 ], [ -136.835264560970217, 59.049126691075877 ], [ -136.771135800100637, 59.007824579377946 ], [ -136.756709075917854, 58.963715391248101 ], [ -136.615589887603193, 58.894828142054635 ], [ -136.573322126763458, 58.8508226240263 ], [ -136.612566044435169, 58.849716612291466 ], [ -136.665840018577342, 58.896836640598011 ], [ -136.837812398447397, 58.97649989261263 ], [ -136.903672725028088, 59.013788793125315 ], [ -136.929779451151944, 59.044890667832824 ], [ -137.019727523257842, 59.115301992128963 ], [ -137.116267725461114, 59.155823334657846 ], [ -137.215017583972667, 59.217474166192474 ], [ -137.31684649377388, 59.307777619042135 ], [ -137.496998859508722, 59.397789661994118 ], [ -137.52174435558095, 59.329487342616162 ], [ -137.392036423792376, 59.251711586044706 ], [ -137.374702862854008, 59.195196239433741 ], [ -137.293111802867401, 59.192350804464745 ], [ -137.111248901589903, 59.078872706192357 ], [ -136.924863023112721, 58.976170032891964 ], [ -136.747162824773426, 58.89642513647587 ], [ -136.726955596247876, 58.854687459237731 ], [ -136.554107663495358, 58.743203155492807 ], [ -136.632448664775978, 58.754401887972506 ], [ -136.805301713361644, 58.801431002393215 ], [ -136.77735188393504, 58.767127216317888 ], [ -136.694377637074211, 58.754341219242008 ], [ -136.658858869440422, 58.725294859718282 ], [ -136.584727456816125, 58.718500958119115 ], [ -136.483988247299067, 58.643456590511953 ], [ -136.551114725686801, 58.619321526294939 ], [ -136.57141317162754, 58.59649038694549 ], [ -136.717978713954494, 58.653220327042504 ], [ -136.79774063582488, 58.659531581419422 ], [ -136.67631446078525, 58.57926152506576 ], [ -136.730515345345907, 58.57944550117125 ], [ -136.69794305102684, 58.523871047596622 ], [ -136.722034289125332, 58.505510777234036 ], [ -136.834180529819122, 58.505154192530767 ], [ -136.791910690528539, 58.484107848628867 ], [ -136.830483950153621, 58.463485698968853 ], [ -136.891198322693384, 58.478354712335722 ], [ -136.912873229883246, 58.465352807763303 ], [ -136.85924332428408, 58.437882544102287 ], [ -136.946795058157448, 58.410046523074868 ], [ -136.968897416771199, 58.391004380187816 ], [ -137.068372982820364, 58.41070601532504 ], [ -137.163735617208431, 58.491709752321597 ], [ -137.216411575336622, 58.56122305647353 ], [ -137.26759370026312, 58.611884882678716 ], [ -137.235039224002918, 58.682425976930318 ], [ -137.170559025019656, 58.683020186991179 ], [ -137.205924285153003, 58.710911033816551 ], [ -137.277152613181528, 58.723912858819325 ], [ -137.320885055907752, 58.781170602245204 ], [ -137.231930504570215, 58.780625345282388 ], [ -137.3786214532646, 58.857206833578964 ], [ -137.401963781640177, 58.887116851775097 ], [ -137.483602906810972, 58.948572866792752 ], [ -137.598930892337535, 59.007875730337759 ], [ -137.681680173295462, 59.085809741063585 ], [ -137.751703627089199, 59.126941563058239 ], [ -137.780434933730334, 59.161521958488784 ], [ -137.815712393392488, 59.232894457164299 ], [ -137.921184363573303, 59.313184976936256 ], [ -137.955003731968105, 59.348300646621546 ], [ -138.016313217744482, 59.382316710483039 ], [ -138.034663583233083, 59.409169089131815 ], [ -138.103833106224215, 59.443994895521769 ], [ -138.138454822259661, 59.47452879444841 ], [ -138.118794879484938, 59.496997351946796 ], [ -138.23131465682718, 59.560878315827665 ], [ -138.365495268348866, 59.620517138949872 ], [ -138.553305288513911, 59.747032286874337 ], [ -138.628471157423235, 59.807736596577428 ], [ -138.586904439480179, 59.815602983105656 ], [ -138.479303032618901, 59.746598776617191 ], [ -138.43814981978278, 59.757850069885407 ], [ -138.349675463093121, 59.706094262481763 ], [ -138.270388283201783, 59.676129075987816 ], [ -138.174795207376718, 59.625312269666438 ], [ -138.091209647237292, 59.555309808341214 ], [ -137.9265884091771, 59.552486740511426 ], [ -137.811862271659663, 59.529803013906083 ], [ -137.646990044280386, 59.481152812814223 ], [ -137.617730460487394, 59.486242355297513 ], [ -137.476678256783799, 59.472822862841625 ], [ -137.438245308069014, 59.43960414283449 ], [ -137.50512872401859, 59.444543104630128 ] ] ], [ [ [ -134.071859335527307, 56.283304461155176 ], [ -133.998329209439277, 56.243254794293634 ], [ -133.933120960751893, 56.222769057286051 ], [ -133.938142183444484, 56.181349803805169 ], [ -133.893120076529698, 56.143304861696251 ], [ -133.910031166366764, 56.111637652995988 ], [ -133.969321323200688, 56.113360711157561 ], [ -134.082145717553715, 56.14022122408597 ], [ -134.074887488523899, 56.205552635372186 ], [ -134.122239291923648, 56.218948792116265 ], [ -134.167120164962284, 56.276510164749794 ], [ -134.119585579109781, 56.315036391917921 ], [ -134.071859335527307, 56.283304461155176 ] ] ], [ [ [ -133.889358477815421, 56.016591965137351 ], [ -133.852663975387458, 56.017909997308841 ], [ -133.786631625843199, 55.963950447909298 ], [ -133.80392095789739, 55.927643552808441 ], [ -133.74675826632722, 55.90309208588031 ], [ -133.707766404790959, 55.870923505538308 ], [ -133.721212129209306, 55.8376079859623 ], [ -133.764400466227244, 55.856825179700522 ], [ -133.815061598010686, 55.908658055727784 ], [ -133.941818798847066, 55.97363084973626 ], [ -133.981488748543114, 56.032571139317405 ], [ -133.905652408123245, 56.035041956080285 ], [ -133.889358477815421, 56.016591965137351 ] ] ], [ [ [ -137.834907617403786, 59.62085881345967 ], [ -137.6276272833137, 59.534783698095666 ], [ -137.700007878968933, 59.53490482143345 ], [ -137.875463733418769, 59.585797727811432 ], [ -137.920696209357999, 59.581023080897289 ], [ -138.0277830713257, 59.606817478194074 ], [ -138.096886560432154, 59.631771592494935 ], [ -138.206444695057485, 59.687496777293326 ], [ -138.190334057070743, 59.704308763838782 ], [ -138.073184001246091, 59.711803423931613 ], [ -137.834907617403786, 59.62085881345967 ] ] ], [ [ [ -134.937437488174396, 57.065921910792277 ], [ -134.860430581718987, 57.039186540062929 ], [ -134.829717167358467, 56.995067785396884 ], [ -134.84991214407728, 56.948335675195757 ], [ -134.940124509076242, 56.999195090176173 ], [ -134.971223627826021, 57.045136829237819 ], [ -134.937437488174396, 57.065921910792277 ] ] ], [ [ [ -136.4353376890449, 58.207596734991661 ], [ -136.310185975412821, 58.166187082704745 ], [ -136.260700209714656, 58.113381466533006 ], [ -136.171434228284681, 58.072791642634499 ], [ -136.105523662721168, 57.972239158173508 ], [ -136.065901883722603, 57.988589313880951 ], [ -136.06556570762686, 58.022341206743292 ], [ -136.115097944999121, 58.083717458940903 ], [ -136.034567299831281, 58.053544230722586 ], [ -135.940975509013128, 58.032136828866534 ], [ -135.917165653055065, 57.936554373643332 ], [ -135.826823641266373, 57.891218713860873 ], [ -135.781720708077756, 57.847972943141656 ], [ -135.812301103382111, 57.80809584906811 ], [ -135.88555059881665, 57.84335758027558 ], [ -135.933408075361712, 57.839446778576622 ], [ -135.941718677983403, 57.778965720470921 ], [ -135.886854062842872, 57.721619980555374 ], [ -135.834190992465977, 57.691357025145891 ], [ -135.887761849229832, 57.686503634410194 ], [ -135.857392859199877, 57.662277188178777 ], [ -135.885158092046879, 57.645021233656571 ], [ -135.799988579811156, 57.609821708160467 ], [ -135.765456177850666, 57.58127483685945 ], [ -135.81089970773283, 57.553815840100242 ], [ -135.909185297204942, 57.619301723887808 ], [ -135.909043019872655, 57.551926584389015 ], [ -135.833277363872469, 57.545949753570824 ], [ -135.759718181291618, 57.482462304567804 ], [ -135.83068423172503, 57.476044317085865 ], [ -135.785785649471222, 57.435922852495658 ], [ -135.768898987343817, 57.362957628770531 ], [ -135.82618002974084, 57.361945687198073 ], [ -135.875598070666456, 57.397698118912018 ], [ -135.872845119004211, 57.426173020962509 ], [ -135.908076125954409, 57.473840313699831 ], [ -135.948979873818331, 57.502416613099747 ], [ -135.97817480537293, 57.454679713480566 ], [ -135.941198229361078, 57.39376415594279 ], [ -135.913228526818244, 57.381447515026764 ], [ -135.953386490852182, 57.33591832836661 ], [ -136.056558788791307, 57.378760302113307 ], [ -136.04705249344795, 57.405452782975921 ], [ -136.108693677424554, 57.427166471050995 ], [ -136.098576959675853, 57.449520495649381 ], [ -136.210900868032695, 57.579061136933255 ], [ -136.246256832114796, 57.606370323218137 ], [ -136.237613936777336, 57.628756565601115 ], [ -136.282776822076585, 57.6721205324503 ], [ -136.251682544018479, 57.683438710599205 ], [ -136.252122504772842, 57.721038736561027 ], [ -136.157913723334048, 57.698914199006431 ], [ -136.048548090908326, 57.698732676512464 ], [ -136.102028832299453, 57.737848273238093 ], [ -136.117715139512597, 57.775908319171002 ], [ -136.091093455577038, 57.778584233687774 ], [ -136.158352201963083, 57.834455250917735 ], [ -136.171643308149214, 57.805841796540577 ], [ -136.221010458928816, 57.803947563688133 ], [ -136.300726542389583, 57.852598083958128 ], [ -136.382836140455652, 57.880819333620458 ], [ -136.393329738933659, 57.917304052175929 ], [ -136.504531023854327, 57.981359705527254 ], [ -136.636398885428775, 58.068442794462861 ], [ -136.645646766203328, 58.098091599005983 ], [ -136.737580393391312, 58.189092476097336 ], [ -136.673679528805877, 58.206855460977039 ], [ -136.700470421004667, 58.23405020528979 ], [ -136.669697577471993, 58.243050389917038 ], [ -136.60894952918639, 58.224873428758173 ], [ -136.455781507373558, 58.161113799813506 ], [ -136.455116391304529, 58.185697649422615 ], [ -136.555580252779464, 58.223601694072684 ], [ -136.576367956214909, 58.253421536551222 ], [ -136.4353376890449, 58.207596734991661 ] ] ], [ [ [ -134.404328852834027, 56.361779789070802 ], [ -134.320755099497688, 56.272606204791458 ], [ -134.270802577804375, 56.256559472677736 ], [ -134.255239068725956, 56.230268004332601 ], [ -134.305253227789336, 56.216854267627191 ], [ -134.241795011453718, 56.176481473989647 ], [ -134.165129259734016, 56.141200681991485 ], [ -134.162090645161925, 56.114335311004943 ], [ -134.069462034606147, 56.042873469714927 ], [ -134.049118817333948, 56.015874312888556 ], [ -133.863679054397124, 55.91809229912581 ], [ -133.827916893257139, 55.880945320965672 ], [ -133.838646381321979, 55.855738111690648 ], [ -133.783200195303863, 55.824027283683193 ], [ -133.719775600141588, 55.757594999120514 ], [ -133.801446418086215, 55.765121074230095 ], [ -133.825825630303598, 55.792138170540994 ], [ -133.917548734758014, 55.800509993999484 ], [ -133.965812165865856, 55.842494843359106 ], [ -133.984781459867662, 55.877402292854669 ], [ -134.096245320290024, 55.927796375322316 ], [ -134.052536155176938, 55.950240560862852 ], [ -134.146191317799094, 55.963630783778818 ], [ -134.241715666841969, 56.040852020874404 ], [ -134.351022721485066, 56.092444937272298 ], [ -134.388237550118561, 56.16905906542501 ], [ -134.44624482970471, 56.196511955016206 ], [ -134.495932909690936, 56.244607674697811 ], [ -134.472721622598243, 56.272542958033732 ], [ -134.519928089716359, 56.319574161784992 ], [ -134.484642155495607, 56.354568400169377 ], [ -134.542880602842416, 56.382463659675892 ], [ -134.548570457567422, 56.401096015673339 ], [ -134.461876746306899, 56.412457534644787 ], [ -134.404328852834027, 56.361779789070802 ] ] ], [ [ [ -135.130320265488251, 57.195446608175992 ], [ -135.136547874082311, 57.135513684292739 ], [ -135.205462647498024, 57.158276249881013 ], [ -135.181088420759721, 57.188111215717321 ], [ -135.130320265488251, 57.195446608175992 ] ] ], [ [ [ -135.133975806950758, 57.017779163976321 ], [ -135.09299468295356, 56.995544149950931 ], [ -135.01277450298727, 56.989707572487475 ], [ -134.924721415821153, 56.957273362489971 ], [ -134.999259146290029, 56.933852385390239 ], [ -135.052840767505302, 56.948391096546345 ], [ -135.063175553124097, 56.909124720648144 ], [ -135.097871130336813, 56.899035054972586 ], [ -135.23666764610374, 56.949801918062789 ], [ -135.322616720207094, 57.00886394356813 ], [ -135.30315523140456, 57.043692811927457 ], [ -135.270976200835264, 57.053496541809878 ], [ -135.194896368462423, 57.048430106180923 ], [ -135.133975806950758, 57.017779163976321 ] ] ], [ [ [ -134.741067820081383, 56.597442783915206 ], [ -134.726249511644255, 56.618776061735367 ], [ -134.655901479047998, 56.609930742590542 ], [ -134.659244612413346, 56.573766561501543 ], [ -134.716909751320173, 56.574523448381242 ], [ -134.741067820081383, 56.597442783915206 ] ] ], [ [ [ -134.802091586749754, 56.731123189513738 ], [ -134.743872457082091, 56.690762830374986 ], [ -134.752334486906733, 56.656844726978321 ], [ -134.796858291570345, 56.633886423682874 ], [ -134.869874888722677, 56.677166860247915 ], [ -134.936626941842349, 56.730077134181315 ], [ -134.911755241273681, 56.759376151346466 ], [ -134.828023031933611, 56.748779410551023 ], [ -134.802091586749754, 56.731123189513738 ] ] ], [ [ [ -134.669978701388033, 56.487077056891167 ], [ -134.570108915903234, 56.429978488102343 ], [ -134.572390197486101, 56.384810148497458 ], [ -134.631749476492587, 56.381059463501863 ], [ -134.718614357071004, 56.407169643808587 ], [ -134.791893226453908, 56.410390227061932 ], [ -134.824417719084579, 56.457592740742207 ], [ -134.838706521900122, 56.509447726443362 ], [ -134.737852002883102, 56.524237055545107 ], [ -134.669978701388033, 56.487077056891167 ] ] ], [ [ [ -134.873910515872836, 56.648455077024231 ], [ -134.907763237397347, 56.628206659057874 ], [ -134.982674000982229, 56.630501463751997 ], [ -135.066746521081683, 56.658250519200401 ], [ -135.015338817226024, 56.68601385281567 ], [ -135.009732762325541, 56.730982247671541 ], [ -134.890454379385972, 56.677072800286624 ], [ -134.873910515872836, 56.648455077024231 ] ] ], [ [ [ -138.434704887394162, 59.785636994058564 ], [ -138.478914958680264, 59.792352441185095 ], [ -138.579454065195165, 59.848566289114061 ], [ -138.56235705629814, 59.856496591982335 ], [ -138.434704887394162, 59.785636994058564 ] ] ], [ [ [ -134.93479853234777, 56.612942069711295 ], [ -134.892883513941143, 56.604312971583504 ], [ -134.864158596634553, 56.568792049475654 ], [ -134.958281931150822, 56.535099181340335 ], [ -134.963358608562032, 56.457259294719016 ], [ -135.03575130623949, 56.487813027616511 ], [ -135.051100712029978, 56.51662536207094 ], [ -135.037141102697575, 56.570157673662152 ], [ -135.079318267655935, 56.587511090705327 ], [ -135.047404359069958, 56.627901749249524 ], [ -134.93479853234777, 56.612942069711295 ] ] ], [ [ [ -135.162801844886189, 56.767513325181262 ], [ -135.077913054053255, 56.749141375989645 ], [ -135.0605179475657, 56.713024673394422 ], [ -135.101064871789589, 56.703460469396767 ], [ -135.092437234070019, 56.663878682342926 ], [ -135.115957175502359, 56.653786864046388 ], [ -135.211318993839996, 56.69247874326134 ], [ -135.253097339052403, 56.724830262240872 ], [ -135.198792848740254, 56.741236735537314 ], [ -135.257808817022351, 56.762823033141757 ], [ -135.232243136199344, 56.783339309924287 ], [ -135.162801844886189, 56.767513325181262 ] ] ], [ [ [ -135.534152265741938, 57.14197749310074 ], [ -135.538633358834602, 57.095639074020177 ], [ -135.595351653885189, 57.113601692615106 ], [ -135.655216465028587, 57.178796353452249 ], [ -135.616044326723681, 57.193986966780201 ], [ -135.569823851581305, 57.183870932375491 ], [ -135.534152265741938, 57.14197749310074 ] ] ], [ [ [ -150.153821091352313, 66.211658470737859 ], [ -150.172245652014396, 66.141022162724965 ], [ -150.198678900709922, 66.140330199521202 ], [ -150.221538786736517, 66.178179166104471 ], [ -150.244876607871703, 66.186998057393197 ], [ -150.258289014691854, 66.247444067815408 ], [ -150.164550427554616, 66.261520952454291 ], [ -150.153821091352313, 66.211658470737859 ] ] ], [ [ [ -139.231881285630919, 59.546982913314544 ], [ -139.21644668484123, 59.530121439969676 ], [ -139.024460501634252, 59.477812833685903 ], [ -138.886466889828483, 59.430248228309175 ], [ -138.778202284568039, 59.378756187755918 ], [ -138.673871139198553, 59.350810622097391 ], [ -138.57455776235642, 59.31244196144759 ], [ -138.554206005105016, 59.291814285537122 ], [ -138.433636185715017, 59.238927460235232 ], [ -138.31105554461115, 59.209887216846816 ], [ -138.22628562109989, 59.222607527451096 ], [ -138.073121277616679, 59.207742698566037 ], [ -138.011596992316043, 59.193910351863096 ], [ -137.936896081874096, 59.113319951481515 ], [ -137.866771187874235, 59.073914009601289 ], [ -137.77136680408006, 59.003616830275291 ], [ -137.758431431746374, 58.972495483164224 ], [ -137.676250889287985, 58.906835759731813 ], [ -137.700388161933432, 58.889690376603205 ], [ -137.821003702114723, 58.899437840720907 ], [ -137.949375675713355, 58.924511531759656 ], [ -138.021195077387176, 58.962995110961465 ], [ -138.201682847010147, 59.034416648896411 ], [ -138.621196084465652, 59.187199869160537 ], [ -138.773610721842459, 59.253375725328873 ], [ -138.909577016664116, 59.289873272582682 ], [ -138.884151906640085, 59.245864177764417 ], [ -138.751126768005207, 59.186961977968608 ], [ -138.613057069773419, 59.135514074838703 ], [ -138.556470474392995, 59.078717786411325 ], [ -138.55653179348846, 59.057506510440774 ], [ -138.484445951788302, 59.012478122424319 ], [ -138.470984624235257, 58.986501867931302 ], [ -138.517706761629739, 58.982559598439757 ], [ -138.509403937671379, 58.955073700380929 ], [ -138.556947443981898, 58.949238035027903 ], [ -138.575907749828559, 58.9233354534813 ], [ -138.666721974436712, 58.956305778271457 ], [ -138.747520751542879, 58.971426867372578 ], [ -138.875683537863324, 59.041000878345478 ], [ -138.951353393702533, 59.066581339419443 ], [ -139.055160557177004, 59.126568029155628 ], [ -139.041644993160475, 59.145751828262334 ], [ -139.139326070624321, 59.19220447846557 ], [ -139.196604064778654, 59.23267272409543 ], [ -139.209666119782725, 59.270664187851771 ], [ -139.323312193461248, 59.300115965506784 ], [ -139.347132051199594, 59.326323098960266 ], [ -139.559163119569376, 59.426972731400305 ], [ -139.614868506571014, 59.435845538332579 ], [ -139.666897541119312, 59.466632247472972 ], [ -139.803500989197744, 59.516332369061466 ], [ -139.859167713449011, 59.544984436485599 ], [ -139.859984626795892, 59.612270261745316 ], [ -139.923301086445605, 59.66163317909993 ], [ -139.918971563930171, 59.689971833150828 ], [ -139.862615260894074, 59.680908276760221 ], [ -139.98482112788912, 59.742715222393244 ], [ -140.101736691149739, 59.786142083702146 ], [ -140.179413076246647, 59.834033546603955 ], [ -140.116670918315634, 59.848799299108165 ], [ -140.03126928000043, 59.813335476466392 ], [ -140.01816116677179, 59.831482945551514 ], [ -140.150318905931186, 59.889992885362403 ], [ -140.09522098825073, 59.907197380418829 ], [ -139.956453190559444, 59.82919487095527 ], [ -139.919468884953005, 59.880501333106587 ], [ -139.829563584250167, 59.858825090735003 ], [ -139.712120273774786, 59.816415860559999 ], [ -139.592144379271247, 59.876837078898319 ], [ -139.537730542692486, 59.869736546739006 ], [ -139.430434424129601, 59.815288229168267 ], [ -139.127271092422404, 59.726789362148068 ], [ -139.054469864588413, 59.664425423898422 ], [ -139.052358858249107, 59.642390212909994 ], [ -139.106323983874375, 59.605724536867434 ], [ -139.066577482229178, 59.553990223924345 ], [ -139.121404195988106, 59.557983248243296 ], [ -139.201176157751235, 59.586950271958557 ], [ -139.211364992051813, 59.57163363147999 ], [ -139.0571435839625, 59.531880753222509 ], [ -139.000942334823236, 59.558677104127383 ], [ -139.013547876207241, 59.601244232258829 ], [ -138.985080227113542, 59.62303714790054 ], [ -138.939949910815329, 59.627146865406708 ], [ -138.996839052511092, 59.659560739358987 ], [ -138.919546588297891, 59.656878629570116 ], [ -138.794291623091425, 59.609536179605634 ], [ -138.603445038364811, 59.56387694247703 ], [ -138.535440469065179, 59.558806875125022 ], [ -138.457126426008585, 59.519850126544824 ], [ -138.292164483014574, 59.48025753630116 ], [ -138.188317959391526, 59.410606100276539 ], [ -138.150458693034039, 59.359111301722955 ], [ -138.210552601137863, 59.337787149154146 ], [ -138.408898485367672, 59.396105209395039 ], [ -138.406045811949241, 59.374772997809416 ], [ -138.288495992478175, 59.339188098147176 ], [ -138.196170821681505, 59.293182422689462 ], [ -138.097340682522145, 59.258388800034567 ], [ -138.137807335642009, 59.231499835041262 ], [ -138.23219060786758, 59.249042063297196 ], [ -138.347586594367527, 59.258108086270845 ], [ -138.50759843108068, 59.307809525839083 ], [ -138.634917211400079, 59.363552385495296 ], [ -138.754282416565331, 59.396848495993559 ], [ -138.88576416406903, 59.448255389507459 ], [ -138.940095793340731, 59.457865029360015 ], [ -139.060424641507581, 59.500280546701511 ], [ -139.231881285630919, 59.546982913314544 ] ] ], [ [ [ -138.223280677466789, 58.986606108762217 ], [ -138.177138286719241, 58.965935187145021 ], [ -138.124447991619292, 58.970003542439578 ], [ -138.0255120979092, 58.930093836491338 ], [ -138.01889844073898, 58.915966329636163 ], [ -137.813123673759492, 58.856415024882509 ], [ -137.797929782788202, 58.867487276649435 ], [ -137.701285012884142, 58.854868097103726 ], [ -137.602702545216943, 58.817947518382468 ], [ -137.526134611208249, 58.753796758362064 ], [ -137.504428177981282, 58.72187341170315 ], [ -137.573101898034821, 58.73665474970592 ], [ -137.701864925425042, 58.801723742465185 ], [ -137.674680638461666, 58.744425469097223 ], [ -137.592606858512937, 58.687687761147643 ], [ -137.539071302170328, 58.692311794566706 ], [ -137.491191306163586, 58.66317928871068 ], [ -137.482098682507598, 58.638564132348925 ], [ -137.385352590813881, 58.57224663992799 ], [ -137.33769093180149, 58.517399156994692 ], [ -137.241612571103246, 58.438273847022863 ], [ -137.162403760976019, 58.356343697442632 ], [ -137.080033181901968, 58.288190825662483 ], [ -137.061778165453887, 58.250947219126651 ], [ -136.979832863040343, 58.188206866072825 ], [ -136.953859805473257, 58.154452647282881 ], [ -136.863609275030342, 58.072452212470331 ], [ -136.810636969338901, 58.005414021011092 ], [ -136.768912488647487, 57.920683994284296 ], [ -136.775747330872093, 57.87231554915364 ], [ -136.732276435520646, 57.844525167817956 ], [ -136.717179326165677, 57.80319582085982 ], [ -136.661203259406363, 57.740696436309037 ], [ -136.657476163064814, 57.710684921203423 ], [ -136.619909751854664, 57.665554427277961 ], [ -136.650784482393192, 57.655251846825117 ], [ -136.630287222318316, 57.620778532502882 ], [ -136.590058948850242, 57.608942890027372 ], [ -136.589656586823224, 57.573433102451666 ], [ -136.65970943682342, 57.594014693319139 ], [ -136.712625560583746, 57.593961362525128 ], [ -136.767129632076319, 57.62346783483359 ], [ -136.824829538701294, 57.670202864896105 ], [ -136.81232737527418, 57.702534950301057 ], [ -136.923628082120103, 57.736828756168315 ], [ -137.004607325507891, 57.806677897641428 ], [ -137.06215881698779, 57.8380553967297 ], [ -137.108929261577572, 57.889565698889029 ], [ -137.157281436969555, 57.908519784533283 ], [ -137.234943925683382, 57.968905801850219 ], [ -137.23604291072013, 58.019647012369532 ], [ -137.180543410242052, 58.009080476650375 ], [ -137.175373323617777, 58.035368932006804 ], [ -137.239117940372665, 58.060657203752555 ], [ -137.273102954771474, 58.039249664405787 ], [ -137.333356242013025, 58.035090336444881 ], [ -137.412449314352557, 58.122904372097942 ], [ -137.38640896592301, 58.158177831089525 ], [ -137.322482365800283, 58.172663874589809 ], [ -137.358952147555215, 58.201941206194519 ], [ -137.415787421465865, 58.162500834887382 ], [ -137.453972183049189, 58.114894464472798 ], [ -137.514091137618266, 58.143550392337552 ], [ -137.487637349131433, 58.161737384704722 ], [ -137.535658355985163, 58.208424353545162 ], [ -137.596139099234023, 58.214936527050092 ], [ -137.627171363363516, 58.238416190519246 ], [ -137.768483775668358, 58.300341561220094 ], [ -137.821163219931265, 58.364913534476443 ], [ -137.794193926812454, 58.385737709038061 ], [ -137.884770276455214, 58.457096103866583 ], [ -137.812744695290576, 58.460719921897869 ], [ -137.762256118180034, 58.503312019044202 ], [ -137.818375089179824, 58.509176042513758 ], [ -137.928599058509747, 58.548422216697936 ], [ -138.011929469170838, 58.599620227546964 ], [ -138.014796358262771, 58.644979090711949 ], [ -138.087925528425473, 58.67268129294758 ], [ -138.061990728274623, 58.69801108840948 ], [ -138.062622398221748, 58.741486891941406 ], [ -138.215043323816644, 58.772013565242595 ], [ -138.284318960250175, 58.763895201662223 ], [ -138.451145994972308, 58.864829558643883 ], [ -138.550565415943367, 58.91656598268694 ], [ -138.511086869147391, 58.920146195351847 ], [ -138.389316827777122, 58.893459382732111 ], [ -138.480282193643831, 58.943249874036852 ], [ -138.443728379360124, 58.981135795615579 ], [ -138.514713133080647, 59.043894663510542 ], [ -138.470565923917263, 59.045543446568821 ], [ -138.441556467937289, 59.076691475471726 ], [ -138.362435090512861, 59.065999101554524 ], [ -138.275117492150088, 59.034097244911678 ], [ -138.217392730993083, 59.001640032541985 ], [ -138.223280677466789, 58.986606108762217 ] ] ], [ [ [ -135.956801423079668, 57.193885058410117 ], [ -135.880245192924036, 57.21092696672919 ], [ -135.844923540723471, 57.18102381535811 ], [ -135.928082175783459, 57.158891367039253 ], [ -135.954028610937286, 57.127577533299515 ], [ -136.039174008022002, 57.154031783324697 ], [ -136.03261545184472, 57.184683318493903 ], [ -136.102340487068972, 57.226628138759317 ], [ -136.001523871263203, 57.229470876478693 ], [ -135.956801423079668, 57.193885058410117 ] ] ], [ [ [ -139.31139861902281, 59.871264295478291 ], [ -139.464903555295109, 59.897441340801187 ], [ -139.570719245527471, 59.94419794319618 ], [ -139.495555554302541, 59.946630664201727 ], [ -139.437764184113689, 59.933127881465701 ], [ -139.302695684302165, 59.884416216915618 ], [ -139.31139861902281, 59.871264295478291 ] ] ], [ [ [ -138.116248278710316, 58.744012917816669 ], [ -138.096171374806431, 58.721085045807087 ], [ -138.13628162284914, 58.69474255043356 ], [ -138.238722822172832, 58.749454816077623 ], [ -138.217131568189387, 58.768454077331803 ], [ -138.116248278710316, 58.744012917816669 ] ] ], [ [ [ -138.68933045666148, 59.196248549138254 ], [ -138.74892809609571, 59.202762770861355 ], [ -138.879003296008307, 59.267892335695528 ], [ -138.850560843748724, 59.269874179691392 ], [ -138.68933045666148, 59.196248549138254 ] ] ], [ [ [ -138.148793063053944, 58.681367215532987 ], [ -138.228055595243063, 58.681691440420039 ], [ -138.260732991728673, 58.752195043508586 ], [ -138.125798268655416, 58.686084758918895 ], [ -138.148793063053944, 58.681367215532987 ] ] ], [ [ [ -138.526354159849944, 58.876117757091109 ], [ -138.423636010583891, 58.843057122673237 ], [ -138.328142961309993, 58.786732684101587 ], [ -138.297556993412741, 58.757038627245151 ], [ -138.348773238300822, 58.753639509250796 ], [ -138.306511341273222, 58.709669119800708 ], [ -138.226861190316072, 58.673576125172367 ], [ -138.187143755262014, 58.609643843781164 ], [ -138.201069835315593, 58.541528653204509 ], [ -138.29421262984178, 58.545740867783849 ], [ -138.436662557728198, 58.565167292634968 ], [ -138.489438337442351, 58.653876731519411 ], [ -138.420687678145043, 58.671145798535008 ], [ -138.424241999678685, 58.706003763628615 ], [ -138.459447862997507, 58.726106460998494 ], [ -138.555050494454775, 58.745771512013256 ], [ -138.576843931736647, 58.790051592367561 ], [ -138.647591085600766, 58.842704224997675 ], [ -138.64802829996114, 58.875486793665644 ], [ -138.697586811662347, 58.917550967116597 ], [ -138.598345151205052, 58.904260165372406 ], [ -138.526354159849944, 58.876117757091109 ] ] ], [ [ [ -139.881811671189638, 59.90414412595171 ], [ -140.001253766040207, 59.938044119641326 ], [ -139.966270279748443, 59.952304145490366 ], [ -139.893833325015606, 59.952559092337701 ], [ -139.844788297880115, 59.909258316024093 ], [ -139.881811671189638, 59.90414412595171 ] ] ], [ [ [ -139.354138730825383, 59.323153814717223 ], [ -139.367853622510495, 59.298120438418088 ], [ -139.483875140471497, 59.339441380507516 ], [ -139.458306797705148, 59.364382484898186 ], [ -139.354138730825383, 59.323153814717223 ] ] ], [ [ [ -140.11252643855812, 59.77952781301056 ], [ -139.964731311376426, 59.720235357417302 ], [ -139.938161583676674, 59.665236849561566 ], [ -139.884760710320307, 59.623936075444703 ], [ -139.879935541875625, 59.567108809299391 ], [ -139.953816140959646, 59.603643713970136 ], [ -140.082889868765761, 59.639851095684357 ], [ -140.150762817895554, 59.697534166957389 ], [ -140.147071864272988, 59.727361404657834 ], [ -140.209327690562532, 59.761143229264469 ], [ -140.267650201928689, 59.81451682473778 ], [ -140.263638504967531, 59.830294354184254 ], [ -140.180347892953364, 59.816632727638734 ], [ -140.11252643855812, 59.77952781301056 ] ] ], [ [ [ -146.574179056269685, 61.995053933685391 ], [ -146.539265040686757, 61.975507407845768 ], [ -146.601072044148907, 61.987345725199745 ], [ -146.574179056269685, 61.995053933685391 ] ] ], [ [ [ -148.58211446470122, 62.404305817341573 ], [ -148.595724691133682, 62.397838493735875 ], [ -148.594995905832036, 62.385398074853725 ], [ -148.609977610591869, 62.377511829404213 ], [ -148.625707071185786, 62.375912958987072 ], [ -148.631315817406971, 62.380717109922081 ], [ -148.617545131889358, 62.387648242011664 ], [ -148.617805757887766, 62.397618571387369 ], [ -148.603824357247845, 62.400595022294716 ], [ -148.590002378415903, 62.407847226396839 ], [ -148.58211446470122, 62.404305817341573 ] ] ], [ [ [ -148.451673754837458, 62.318907420261162 ], [ -148.455923782425543, 62.31176073065479 ], [ -148.477226407873474, 62.321547736279022 ], [ -148.470853034668295, 62.324893528487046 ], [ -148.451673754837458, 62.318907420261162 ] ] ], [ [ [ -148.482387530962029, 62.258004333861443 ], [ -148.503519478648997, 62.247705814240653 ], [ -148.514545115974698, 62.249217105948198 ], [ -148.462786148831128, 62.27905058884739 ], [ -148.436614983803821, 62.289677540141341 ], [ -148.431839329868041, 62.28536138064603 ], [ -148.478427572534144, 62.262336663143124 ], [ -148.482387530962029, 62.258004333861443 ] ] ], [ [ [ -148.679244629414995, 62.345211050170484 ], [ -148.698000414728483, 62.348502860911864 ], [ -148.667855343240092, 62.357600273375802 ], [ -148.667829677839592, 62.350534392335426 ], [ -148.679244629414995, 62.345211050170484 ] ] ], [ [ [ -148.82385705041392, 62.38847446703037 ], [ -148.856338700678805, 62.37736276392981 ], [ -148.891410167409902, 62.368822651738718 ], [ -148.902483781556271, 62.363636478842118 ], [ -148.941497238591666, 62.353645983932907 ], [ -148.981100412193086, 62.34963463508258 ], [ -148.965039345004584, 62.364457165333924 ], [ -148.949458776254147, 62.365480040027919 ], [ -148.887147837203116, 62.37885706526658 ], [ -148.878401311665698, 62.383901292522594 ], [ -148.84893405380268, 62.391577514133559 ], [ -148.827979579484548, 62.393770609543452 ], [ -148.82385705041392, 62.38847446703037 ] ] ], [ [ [ -149.05644203726186, 62.426439799598789 ], [ -149.066869589103248, 62.417710245452518 ], [ -149.091785090216234, 62.415928349276321 ], [ -149.090047639018053, 62.422417029953309 ], [ -149.05644203726186, 62.426439799598789 ] ] ], [ [ [ -149.038356145498824, 62.347258732956767 ], [ -149.024065090025857, 62.345975455577808 ], [ -149.00606754501618, 62.352157910936072 ], [ -148.99065714632485, 62.349781551398159 ], [ -148.995996749877776, 62.342257131430351 ], [ -148.978667424387822, 62.341453811789165 ], [ -148.925828460437259, 62.348709335694757 ], [ -148.92010064058698, 62.339587817002588 ], [ -148.946633811614475, 62.334924320385298 ], [ -148.967449571229224, 62.326454285552821 ], [ -148.985379441322834, 62.3263899471578 ], [ -149.038511610916373, 62.312165301911278 ], [ -149.083416597971734, 62.296315044928008 ], [ -149.101286026642384, 62.298991641339775 ], [ -149.104232824488264, 62.303599450071054 ], [ -149.047865414873769, 62.319805402496051 ], [ -149.049558925735994, 62.323441301474318 ], [ -149.070458266163257, 62.322359387435242 ], [ -149.107649591345364, 62.316387348660058 ], [ -149.106637927202542, 62.323751818777964 ], [ -149.085253316408455, 62.33517805403212 ], [ -149.074228892857064, 62.343692804394102 ], [ -149.06046596229973, 62.348829716780124 ], [ -149.038356145498824, 62.347258732956767 ] ] ], [ [ [ -149.193998300453472, 62.4218661304999 ], [ -149.168755287021668, 62.421346015384323 ], [ -149.191837827745985, 62.414106745128123 ], [ -149.214936881607713, 62.414549666385412 ], [ -149.223252336859758, 62.417837724152804 ], [ -149.205639854242293, 62.424287642230048 ], [ -149.193998300453472, 62.4218661304999 ] ] ], [ [ [ -149.223268820360403, 62.306993735240312 ], [ -149.191931853795865, 62.310125401329543 ], [ -149.200959467558164, 62.304431005410358 ], [ -149.220169591471205, 62.298162584748908 ], [ -149.218641697299319, 62.293081268154069 ], [ -149.1783144391311, 62.30415358600807 ], [ -149.167444057443589, 62.304329298353188 ], [ -149.180501518526881, 62.294682990022508 ], [ -149.206814593653263, 62.284963620587796 ], [ -149.262207745989116, 62.268185741778851 ], [ -149.310674265822911, 62.246478410108011 ], [ -149.321547948189362, 62.237572915938401 ], [ -149.321833547653711, 62.230869905387763 ], [ -149.337607472478567, 62.231355006409935 ], [ -149.357912016633009, 62.225416252906172 ], [ -149.356030173240299, 62.220394528480703 ], [ -149.34139245410006, 62.219791275235927 ], [ -149.344554137421682, 62.212683422469894 ], [ -149.361929370471216, 62.207483160481864 ], [ -149.395081295022663, 62.208200251311709 ], [ -149.403205316999646, 62.202264893782385 ], [ -149.432714931280117, 62.19926487342449 ], [ -149.454711392484256, 62.192847759154915 ], [ -149.47995185097966, 62.194314368095917 ], [ -149.469654211244602, 62.198913774626995 ], [ -149.475803979983539, 62.203909282833784 ], [ -149.459459748447387, 62.211120576739368 ], [ -149.436481213493749, 62.211745202919865 ], [ -149.449489315242971, 62.21699269403782 ], [ -149.424897886215689, 62.227013997958757 ], [ -149.403824956647924, 62.229160807227011 ], [ -149.413450890269644, 62.233933612122065 ], [ -149.386747280100309, 62.23802077123468 ], [ -149.367998063849427, 62.24582660940446 ], [ -149.330949354612471, 62.255126528466967 ], [ -149.292356732004322, 62.274834732409495 ], [ -149.27024538037594, 62.284474341149199 ], [ -149.251064121318961, 62.288905999592039 ], [ -149.256775743495268, 62.296396163897704 ], [ -149.241902347364032, 62.300295888548725 ], [ -149.253755129942789, 62.307036871232988 ], [ -149.219348777008776, 62.315814036851144 ], [ -149.223268820360403, 62.306993735240312 ] ] ], [ [ [ -149.434723575515648, 62.398467586094405 ], [ -149.44328484042012, 62.392098647815786 ], [ -149.434201304721313, 62.386144797799084 ], [ -149.472512208138454, 62.377467284158172 ], [ -149.501224187913238, 62.376918052366754 ], [ -149.505918842388326, 62.383760779445048 ], [ -149.483203051756277, 62.401712882422061 ], [ -149.462430636605745, 62.40667425443084 ], [ -149.455707866990991, 62.404339387570616 ], [ -149.444662423514558, 62.403773979686292 ], [ -149.434723575515648, 62.398467586094405 ] ] ], [ [ [ -149.435926997936036, 62.369986306915976 ], [ -149.427114502381244, 62.365308762659495 ], [ -149.433842598111283, 62.360599058640268 ], [ -149.461235088856085, 62.357460900078614 ], [ -149.468411503736149, 62.361023377389834 ], [ -149.445443697209384, 62.370602030563212 ], [ -149.435926997936036, 62.369986306915976 ] ] ], [ [ [ -149.338717698811905, 62.280276949865588 ], [ -149.328788270745093, 62.288583388730373 ], [ -149.296533782435802, 62.295787629327705 ], [ -149.297215106452313, 62.290786072406981 ], [ -149.338717698811905, 62.280276949865588 ] ] ], [ [ [ -149.383537387127632, 62.321241242946897 ], [ -149.3685190316302, 62.315757139718606 ], [ -149.384895435027062, 62.307758290998073 ], [ -149.374977871822722, 62.304066578809618 ], [ -149.392084006068046, 62.292773412565538 ], [ -149.415786696478023, 62.280413732026389 ], [ -149.404650518185093, 62.279341584264763 ], [ -149.423691772328567, 62.264307283693952 ], [ -149.433857140773341, 62.263955332945102 ], [ -149.44953001909883, 62.269097177268925 ], [ -149.449517499489048, 62.273537985965476 ], [ -149.464199283512386, 62.277166966403563 ], [ -149.46143378248496, 62.285657164952305 ], [ -149.444784099120852, 62.287248075118164 ], [ -149.452220421701526, 62.295328368763094 ], [ -149.440263803289156, 62.304335851460905 ], [ -149.432005528900049, 62.314647365055713 ], [ -149.398997850074323, 62.316302572719323 ], [ -149.383537387127632, 62.321241242946897 ] ] ], [ [ [ -149.499995425910839, 62.365457103772798 ], [ -149.4997341242875, 62.356299632896707 ], [ -149.511888250498458, 62.34845157925713 ], [ -149.529431254463873, 62.351453636888976 ], [ -149.543669434550651, 62.357740994886392 ], [ -149.539689556975048, 62.363599020702175 ], [ -149.519267023264376, 62.368426747731483 ], [ -149.499995425910839, 62.365457103772798 ] ] ], [ [ [ -149.493669371457457, 62.290510370154735 ], [ -149.505635645151528, 62.282132844776839 ], [ -149.524652232946465, 62.282277679927262 ], [ -149.537180650305828, 62.286808241516148 ], [ -149.515854509549712, 62.293466803395198 ], [ -149.506474021797601, 62.298973361737438 ], [ -149.485641065782744, 62.298919078510913 ], [ -149.493669371457457, 62.290510370154735 ] ] ], [ [ [ -149.451261445249287, 62.239320543580121 ], [ -149.475300651698632, 62.228516714853974 ], [ -149.495215510728229, 62.224340870986495 ], [ -149.515293474340524, 62.224652492115787 ], [ -149.50222807492591, 62.23145456535606 ], [ -149.452906087047893, 62.247351786733859 ], [ -149.451261445249287, 62.239320543580121 ] ] ], [ [ [ -149.483124668673781, 62.2545632969792 ], [ -149.46704861293162, 62.251276577703273 ], [ -149.491789915302377, 62.244855910197977 ], [ -149.506530057455791, 62.244602981675783 ], [ -149.516222334088894, 62.238578887904019 ], [ -149.532698466989956, 62.241013064597226 ], [ -149.510481657656555, 62.24941344677449 ], [ -149.508633354296791, 62.252601434971922 ], [ -149.483124668673781, 62.2545632969792 ] ] ], [ [ [ -149.518160766376752, 62.256982545647951 ], [ -149.521807067049707, 62.25136685003136 ], [ -149.556131969306364, 62.235209311346658 ], [ -149.57605142434798, 62.23418740712053 ], [ -149.585876453844037, 62.240304168290386 ], [ -149.579595592269442, 62.246841349127664 ], [ -149.535602464525596, 62.258772595234902 ], [ -149.518160766376752, 62.256982545647951 ] ] ], [ [ [ -149.560334596948195, 62.22707333823994 ], [ -149.535441578004736, 62.226562285795325 ], [ -149.546832523987462, 62.221104456825906 ], [ -149.565052422319354, 62.22029422094311 ], [ -149.560334596948195, 62.22707333823994 ] ] ], [ [ [ -152.0921785828601, 63.119423478093324 ], [ -152.100283011326326, 63.11126952354762 ], [ -152.114084220508914, 63.113662847776588 ], [ -152.13157997450287, 63.113326962254135 ], [ -152.142719826149744, 63.120496867478487 ], [ -152.130563477153885, 63.126607226418443 ], [ -152.117967768772672, 63.129218163101427 ], [ -152.110062696419902, 63.126105588847011 ], [ -152.097195989569229, 63.127867384023041 ], [ -152.0921785828601, 63.119423478093324 ] ] ], [ [ [ -150.105046641773868, 62.152560407452413 ], [ -150.106902208238381, 62.149611383743682 ], [ -150.122959321733276, 62.145803533861518 ], [ -150.135380721713602, 62.147669965121693 ], [ -150.134351873146301, 62.152381123820064 ], [ -150.119974858820683, 62.154648486540538 ], [ -150.105046641773868, 62.152560407452413 ] ] ], [ [ [ -150.551450730633434, 62.340017950377629 ], [ -150.56845617288198, 62.343015675848029 ], [ -150.562445866784969, 62.348518403140645 ], [ -150.538642417773531, 62.341434929114293 ], [ -150.551450730633434, 62.340017950377629 ] ] ], [ [ [ -150.18330030811407, 62.147474733988396 ], [ -150.177468645215498, 62.14307291345748 ], [ -150.190290202442696, 62.133622912687578 ], [ -150.201773790823552, 62.132586074704271 ], [ -150.213318704180836, 62.135851488843848 ], [ -150.209476594754051, 62.142433494384079 ], [ -150.198692638856755, 62.145935658410906 ], [ -150.203165547100582, 62.151870053098065 ], [ -150.18330030811407, 62.147474733988396 ] ] ], [ [ [ -150.673166317594394, 62.301478841013598 ], [ -150.682179476099947, 62.302342267918227 ], [ -150.697134504197834, 62.311620210278463 ], [ -150.682879550269661, 62.310503970559587 ], [ -150.673166317594394, 62.301478841013598 ] ] ], [ [ [ -150.454255684042835, 62.127384350005848 ], [ -150.445123714710121, 62.132235136993309 ], [ -150.436176004880792, 62.12897383053734 ], [ -150.438050358045928, 62.123976117359653 ], [ -150.454255684042835, 62.127384350005848 ] ] ], [ [ [ -152.523260841017617, 63.049606162052775 ], [ -152.558578355898078, 63.049342293626701 ], [ -152.578052926743425, 63.055846883264977 ], [ -152.534514462630995, 63.053078474606217 ], [ -152.523260841017617, 63.049606162052775 ] ] ], [ [ [ -150.507875640010042, 62.094353788739681 ], [ -150.513157532029197, 62.090289253805096 ], [ -150.526112022390748, 62.089584284619811 ], [ -150.531302979416779, 62.0955239621169 ], [ -150.521633459127003, 62.096799877627802 ], [ -150.507875640010042, 62.094353788739681 ] ] ], [ [ [ -150.779443006139218, 62.198836601636572 ], [ -150.780582122548253, 62.193363397101933 ], [ -150.809244515172594, 62.19353567721231 ], [ -150.816794417201635, 62.196397662809403 ], [ -150.816790774353109, 62.202810547069056 ], [ -150.800634903294309, 62.208122665581321 ], [ -150.79131608099047, 62.206803025041019 ], [ -150.779443006139218, 62.198836601636572 ] ] ], [ [ [ -152.664120848387455, 63.005989631517103 ], [ -152.656546600159231, 62.999575175192469 ], [ -152.601013178025795, 62.999924914543456 ], [ -152.613153381671054, 62.992349631293237 ], [ -152.68377608010573, 62.979476232422499 ], [ -152.711248859468697, 62.973337221072775 ], [ -152.724346383899501, 62.973722435782911 ], [ -152.728578403378407, 62.993982202687455 ], [ -152.711052524152393, 63.009326662142939 ], [ -152.664120848387455, 63.005989631517103 ] ] ], [ [ [ -150.509562123057833, 62.026072219394443 ], [ -150.505701057884181, 62.021434196799916 ], [ -150.516627156752094, 62.005146300590191 ], [ -150.513259023968374, 61.998683593165211 ], [ -150.525189933903647, 61.994568749610416 ], [ -150.544295760403145, 61.997980960878252 ], [ -150.561938487860317, 62.004766566098695 ], [ -150.5575510807802, 62.019009083633115 ], [ -150.573439712388506, 62.021701120169325 ], [ -150.566260632697379, 62.030392856845687 ], [ -150.557685254084163, 62.033315166081685 ], [ -150.547263633011909, 62.023943088691972 ], [ -150.526446826689636, 62.027897494899364 ], [ -150.518456446283921, 62.032157057977876 ], [ -150.509562123057833, 62.026072219394443 ] ] ], [ [ [ -150.345255150644761, 61.912508599001342 ], [ -150.344841580262283, 61.904203367707268 ], [ -150.353373154823828, 61.899065144828043 ], [ -150.364551985700956, 61.905955541255842 ], [ -150.36614835934833, 61.925574835114539 ], [ -150.349889025523481, 61.92522003987294 ], [ -150.345255150644761, 61.912508599001342 ] ] ], [ [ [ -150.551634718952954, 61.992977105399731 ], [ -150.52652220879682, 61.993105175869658 ], [ -150.532480010271115, 61.980164607689879 ], [ -150.516700071062502, 61.975999355255205 ], [ -150.519795068614911, 61.969381601242013 ], [ -150.491417331355649, 61.959288414518177 ], [ -150.492458198571171, 61.969587898334687 ], [ -150.473126647215537, 61.975644572374215 ], [ -150.450197027181844, 61.959033756388202 ], [ -150.444581951455177, 61.966006680422964 ], [ -150.430449328783055, 61.962614237612314 ], [ -150.429866522700962, 61.950124452300592 ], [ -150.408443870391636, 61.938250811130885 ], [ -150.397324498688562, 61.946881491807297 ], [ -150.389124313926033, 61.928805956052571 ], [ -150.391350856972537, 61.913398031177174 ], [ -150.397952794684841, 61.91469538019421 ], [ -150.404625924131921, 61.898217377141783 ], [ -150.429759033515523, 61.90517509917823 ], [ -150.441641776793858, 61.91401866871994 ], [ -150.44469849241662, 61.924373872213017 ], [ -150.453432201521906, 61.930277988329344 ], [ -150.469095065411352, 61.930513877721516 ], [ -150.457078944232222, 61.916632736869246 ], [ -150.451451860500924, 61.899644364195822 ], [ -150.464887281789998, 61.893957836471024 ], [ -150.493853738086017, 61.893856299475502 ], [ -150.51067265050844, 61.888846516333849 ], [ -150.515900141581767, 61.914283435379161 ], [ -150.52492405438386, 61.918052082882163 ], [ -150.520512368269834, 61.895189704195126 ], [ -150.521338403440751, 61.880039644904237 ], [ -150.53663805195643, 61.871131375494734 ], [ -150.54930983137254, 61.87405517277616 ], [ -150.545017702404436, 61.857891706761805 ], [ -150.552594527643208, 61.852218288818399 ], [ -150.567201806839222, 61.851344900920424 ], [ -150.607481556123332, 61.872917192331258 ], [ -150.625478541521801, 61.896647264342796 ], [ -150.646377730039774, 61.903316844556656 ], [ -150.661023553190319, 61.91517839519431 ], [ -150.660295183754386, 61.93082126911689 ], [ -150.613021391551996, 61.92356061464271 ], [ -150.618611904115568, 61.932666563175268 ], [ -150.634125430862014, 61.938268027786876 ], [ -150.642959140349603, 61.94599835934028 ], [ -150.633554393488254, 61.956515274945502 ], [ -150.600455395529252, 61.946664186677353 ], [ -150.596439921121572, 61.95125134386484 ], [ -150.581803783388153, 61.949461539985514 ], [ -150.575058972749957, 61.958222663841426 ], [ -150.58543411492505, 61.967493711710546 ], [ -150.581114447034338, 61.972371473322156 ], [ -150.602663403123444, 61.980050488126729 ], [ -150.585394220344057, 61.98495925691568 ], [ -150.585878074662475, 61.990979397500169 ], [ -150.574176909185752, 61.993270259034837 ], [ -150.564061908758731, 62.000821991579933 ], [ -150.551634718952954, 61.992977105399731 ] ] ], [ [ [ -152.742277921330128, 62.981317883611553 ], [ -152.731600932206561, 62.972441687288054 ], [ -152.759588193677303, 62.972618827197017 ], [ -152.772187736779358, 62.98099717832369 ], [ -152.742277921330128, 62.981317883611553 ] ] ], [ [ [ -150.588512179141361, 61.961826286764236 ], [ -150.585323835928932, 61.953204697985498 ], [ -150.607672310618938, 61.959355198227172 ], [ -150.604298556405638, 61.96785101518504 ], [ -150.588512179141361, 61.961826286764236 ] ] ], [ [ [ -150.461286935449266, 61.828653162823855 ], [ -150.451107709294149, 61.809432602400307 ], [ -150.473039266827726, 61.815566130728072 ], [ -150.479136141615754, 61.821329848938269 ], [ -150.461286935449266, 61.828653162823855 ] ] ], [ [ [ -150.634068772679029, 61.890760619415538 ], [ -150.626698495695223, 61.889482435989045 ], [ -150.612114527607474, 61.867205405981288 ], [ -150.586075934371536, 61.858193134684747 ], [ -150.584877221619195, 61.845915482521058 ], [ -150.609553816174014, 61.850764975523489 ], [ -150.629361230878317, 61.862938978632968 ], [ -150.670188310514391, 61.877177074291382 ], [ -150.684929362007352, 61.873030334654203 ], [ -150.698295960240102, 61.882881349029219 ], [ -150.682135100727862, 61.89633283215813 ], [ -150.681126566172026, 61.908700285805565 ], [ -150.671243861922534, 61.911715700349099 ], [ -150.645237914297894, 61.890890796482275 ], [ -150.634068772679029, 61.890760619415538 ] ] ], [ [ [ -150.628399293686158, 61.840551480400414 ], [ -150.593068945282056, 61.822878538236822 ], [ -150.595507926356021, 61.834554833040819 ], [ -150.581167761899962, 61.834671714225571 ], [ -150.559470141763995, 61.826009535198075 ], [ -150.544867546019503, 61.813269616443961 ], [ -150.558348419995497, 61.805060358461077 ], [ -150.56628242970865, 61.77879400767322 ], [ -150.549002125013857, 61.754633113029918 ], [ -150.551082567645267, 61.782768992715276 ], [ -150.540091433685745, 61.794707268540094 ], [ -150.522343802675778, 61.777408273457418 ], [ -150.521588966460939, 61.797547984943101 ], [ -150.499924183256212, 61.818926574165395 ], [ -150.490236524445237, 61.810774881509438 ], [ -150.473739564817549, 61.812539028183046 ], [ -150.447111027177925, 61.79095192310529 ], [ -150.454811226275439, 61.781321236063341 ], [ -150.448085134224101, 61.772610223573579 ], [ -150.435543500094298, 61.782724251777928 ], [ -150.429620002648505, 61.767967562327804 ], [ -150.451412076930012, 61.75641669222324 ], [ -150.455974572029504, 61.741523249909726 ], [ -150.473289918339646, 61.728663813731984 ], [ -150.449337631186211, 61.719640753354199 ], [ -150.448474485254621, 61.704974058211725 ], [ -150.434944911673995, 61.684879811489786 ], [ -150.442598290529844, 61.66655215155815 ], [ -150.408149433715124, 61.679494285517279 ], [ -150.365579013630651, 61.670362750515679 ], [ -150.36384198322537, 61.656702378566301 ], [ -150.379814954427616, 61.628444921058183 ], [ -150.391848310293312, 61.616851424350486 ], [ -150.396564067810516, 61.571210531374469 ], [ -150.422227354950792, 61.567289566944041 ], [ -150.440674761073865, 61.58725486754885 ], [ -150.451965090318197, 61.573531394686469 ], [ -150.466490523253896, 61.577079594421065 ], [ -150.477030687484415, 61.592304477133496 ], [ -150.493105635114318, 61.585364533317524 ], [ -150.508052562709054, 61.61053445973203 ], [ -150.528398971697413, 61.603698359107817 ], [ -150.540609490010951, 61.613791860705803 ], [ -150.559291354025191, 61.583229541220966 ], [ -150.528143060700955, 61.58876311609184 ], [ -150.513676616803565, 61.580337788030548 ], [ -150.500826441336443, 61.554269107893418 ], [ -150.476297159175175, 61.546088165644043 ], [ -150.471280795419545, 61.518361679518179 ], [ -150.477091803311907, 61.491528526863839 ], [ -150.501746563417612, 61.470563902615787 ], [ -150.515142412196639, 61.472292554304715 ], [ -150.533270146147657, 61.441826911087283 ], [ -150.55238059146285, 61.45928929844316 ], [ -150.555775442285807, 61.48029023744143 ], [ -150.587220211977098, 61.493214285945903 ], [ -150.634853269413526, 61.466243877112106 ], [ -150.615375084514227, 61.453485636696762 ], [ -150.589625722537164, 61.466330219514248 ], [ -150.571965735271164, 61.432049273654954 ], [ -150.590284291927986, 61.411360372251082 ], [ -150.618992874921332, 61.392175268575286 ], [ -150.642385227587056, 61.391830854666551 ], [ -150.662859973041321, 61.401737472612709 ], [ -150.714422520741124, 61.352362013282772 ], [ -150.745945073752182, 61.303389291051104 ], [ -150.773318134429388, 61.281017785475818 ], [ -150.793099882388418, 61.248970084159723 ], [ -150.805788166667213, 61.263443429001313 ], [ -150.839206938950127, 61.250438561313906 ], [ -150.864095394764945, 61.219522834599765 ], [ -150.825904385364055, 61.224409017984051 ], [ -150.843085185637079, 61.188606881540814 ], [ -150.828033881178271, 61.166609785930405 ], [ -150.85291543540248, 61.122032468963418 ], [ -150.882490331778314, 61.084346692613451 ], [ -150.909297251235927, 61.075849509830832 ], [ -150.954095867103803, 61.020351069513069 ], [ -150.942483047753541, 61.011384348764075 ], [ -150.96868387419994, 60.971114202583408 ], [ -151.010904667559316, 60.957813556197735 ], [ -151.039592831389797, 60.93336408679896 ], [ -151.060400225704825, 60.898022641861168 ], [ -151.09600739444241, 60.864068210724838 ], [ -151.113926171712222, 60.831628563363438 ], [ -151.169975688842101, 60.787655989897381 ], [ -151.180623899752192, 60.812094929556501 ], [ -151.244579774874211, 60.767818554575634 ], [ -151.206645944363913, 60.835282898120361 ], [ -151.139542049998596, 60.921666091121679 ], [ -151.093141135308571, 60.955967152741707 ], [ -151.054797511759602, 61.009601939774953 ], [ -150.997780268820378, 61.053225800449333 ], [ -150.987575988502186, 61.093219778262416 ], [ -151.01544439164374, 61.087246343964665 ], [ -150.990669786852067, 61.134616436703752 ], [ -150.940656393360371, 61.213390146381407 ], [ -150.878447799729827, 61.272478874021125 ], [ -150.904142888088018, 61.273064179066907 ], [ -150.964034616186296, 61.20300059594495 ], [ -151.026472497287841, 61.121179804042718 ], [ -151.059011479559956, 61.087830784835838 ], [ -151.059301291491721, 61.122350482851679 ], [ -151.021286927585408, 61.168831159739852 ], [ -150.984767215253783, 61.227940086011671 ], [ -150.944683899425627, 61.257974973964963 ], [ -150.945694797489466, 61.277941516385283 ], [ -150.9713081252373, 61.267058543764726 ], [ -150.980496777910929, 61.288264317556894 ], [ -151.026816509545739, 61.278594433291993 ], [ -151.053372815165687, 61.280086203018904 ], [ -151.086423625862608, 61.247804235963493 ], [ -151.107057720289816, 61.250031924393184 ], [ -151.129744140346531, 61.225947917219123 ], [ -151.146195375266217, 61.180879214108799 ], [ -151.143056203111911, 61.166732445744273 ], [ -151.112171526341257, 61.174510823680784 ], [ -151.054824669663304, 61.244167762124633 ], [ -151.014992994912319, 61.252725319915477 ], [ -150.982727707126315, 61.270963185918355 ], [ -150.986229229848988, 61.243537315920719 ], [ -151.00719331681637, 61.211978460332816 ], [ -151.032494444244151, 61.159952670694189 ], [ -151.047384878053634, 61.149422692226828 ], [ -151.094186572922581, 61.06119093561103 ], [ -151.124809713290233, 61.032071953637697 ], [ -151.177716673993729, 60.95681399538686 ], [ -151.230893617630272, 60.916722556172431 ], [ -151.184520302414654, 61.00534287725749 ], [ -151.187803437400618, 61.057542477210902 ], [ -151.223817718185018, 61.08192584691745 ], [ -151.159957706075971, 61.187828943450491 ], [ -151.109085491208702, 61.29824396982233 ], [ -151.097162173997845, 61.353297957960024 ], [ -151.100057209051158, 61.381495841109079 ], [ -151.139648584936907, 61.375310730706566 ], [ -151.13242993143615, 61.406564678103521 ], [ -151.119682963745362, 61.424523002523927 ], [ -151.128388447390989, 61.442887779224584 ], [ -151.098983575040165, 61.456866922497866 ], [ -151.077181160334248, 61.486210546781727 ], [ -151.060462802582634, 61.528852045227964 ], [ -151.025681922117371, 61.578293493044633 ], [ -150.988383709941928, 61.602517304931048 ], [ -150.979654020297005, 61.629803435364494 ], [ -150.959891104317109, 61.629677473050059 ], [ -150.921403478631873, 61.673424234188282 ], [ -150.901432858208466, 61.677731966025078 ], [ -150.891632127861328, 61.691201055636945 ], [ -150.833716219747402, 61.682169592870451 ], [ -150.829352561805877, 61.670067463535993 ], [ -150.836266147114827, 61.62427875708017 ], [ -150.823088103372243, 61.615626660744567 ], [ -150.828699716661077, 61.537925789721641 ], [ -150.816410771648464, 61.51379151817337 ], [ -150.812602620838419, 61.463480529840581 ], [ -150.801368605736712, 61.462183072084827 ], [ -150.801019934081239, 61.506466500190569 ], [ -150.806146130075575, 61.534974867636869 ], [ -150.796674994712333, 61.606427680520589 ], [ -150.790746528191249, 61.636375530808493 ], [ -150.770863725886585, 61.630064571603953 ], [ -150.802477984150812, 61.678774441132596 ], [ -150.798526757564531, 61.6890319755665 ], [ -150.751399671058209, 61.685562268242982 ], [ -150.74914919352446, 61.701703227423856 ], [ -150.795018846433663, 61.720257252734854 ], [ -150.805669767880346, 61.717533832840999 ], [ -150.812117321441178, 61.732689392495729 ], [ -150.809062916110122, 61.773737942971849 ], [ -150.790506681787775, 61.792501710366494 ], [ -150.790983122631758, 61.800194524502224 ], [ -150.756759371134848, 61.80981151542511 ], [ -150.735756387199899, 61.808555994967755 ], [ -150.736356473994221, 61.790921357863468 ], [ -150.723484343101831, 61.786239176646134 ], [ -150.7168045133308, 61.763203658693378 ], [ -150.718488192557061, 61.739683437082988 ], [ -150.710363999262825, 61.722423627396104 ], [ -150.702534271484694, 61.758219128622464 ], [ -150.687938184935263, 61.755733165921079 ], [ -150.678181096588531, 61.746119109835853 ], [ -150.668185284650207, 61.721859103359364 ], [ -150.65789351202119, 61.730308979516316 ], [ -150.663820679906792, 61.745891820514522 ], [ -150.684388916567542, 61.762470969970806 ], [ -150.695975230530735, 61.76590618998636 ], [ -150.703090949288764, 61.785812115399231 ], [ -150.684081937677377, 61.78512771459679 ], [ -150.66706594809969, 61.772620127587381 ], [ -150.634242487391646, 61.763272855072408 ], [ -150.632749258038217, 61.78422489218579 ], [ -150.646737710040867, 61.813846403381369 ], [ -150.626088818035214, 61.800828729461493 ], [ -150.612122351333738, 61.798871837532587 ], [ -150.639143853234032, 61.826294316435103 ], [ -150.657483135111534, 61.839073736500161 ], [ -150.667881190985497, 61.851764411087323 ], [ -150.656698251657048, 61.856340727361932 ], [ -150.642730806326966, 61.844509839886442 ], [ -150.628399293686158, 61.840551480400414 ] ] ], [ [ [ -150.535412835249105, 61.831700090418515 ], [ -150.545206843871625, 61.822182558605867 ], [ -150.560769268398872, 61.830959661113148 ], [ -150.562867896663079, 61.842520271920705 ], [ -150.540211174547125, 61.844502778470059 ], [ -150.535412835249105, 61.831700090418515 ] ] ], [ [ [ -150.680889177861843, 61.831378311356097 ], [ -150.651133352370721, 61.809346886412939 ], [ -150.635212727689265, 61.778737002432592 ], [ -150.635678355283972, 61.771494753290668 ], [ -150.665923882217982, 61.783024782682382 ], [ -150.678501654108402, 61.796012893911133 ], [ -150.698319797429292, 61.808518227507449 ], [ -150.717801268336245, 61.829478503271396 ], [ -150.714840375308, 61.842523506615912 ], [ -150.706509384085706, 61.846693384854518 ], [ -150.680889177861843, 61.831378311356097 ] ] ], [ [ [ -152.845598940019585, 62.591337800213516 ], [ -152.873975908873632, 62.587766655376036 ], [ -152.893963601791512, 62.590725154192455 ], [ -152.848181073776516, 62.600514442320701 ], [ -152.831008444246208, 62.598284310029349 ], [ -152.845598940019585, 62.591337800213516 ] ] ], [ [ [ -150.803903111212009, 61.573550743485818 ], [ -150.818731762218192, 61.558608358570268 ], [ -150.815722178916985, 61.600713999545981 ], [ -150.808567662627041, 61.624188851787252 ], [ -150.796807211431741, 61.614166657014643 ], [ -150.803903111212009, 61.573550743485818 ] ] ], [ [ [ -159.070315182613911, 64.732474605205226 ], [ -159.140749817005087, 64.721785852259018 ], [ -159.222314017488117, 64.741160920623599 ], [ -159.185050921383805, 64.767413435019932 ], [ -159.033123115563569, 64.740437732387704 ], [ -159.070315182613911, 64.732474605205226 ] ] ], [ [ [ -150.652591315573176, 61.37897015162325 ], [ -150.636362603077316, 61.361478957578036 ], [ -150.614830504887863, 61.35803435567616 ], [ -150.581481312787986, 61.373948524293013 ], [ -150.562737198193446, 61.342865562760636 ], [ -150.580249073835063, 61.319360378374981 ], [ -150.628902514445144, 61.300776773596617 ], [ -150.643627652067408, 61.286282440061392 ], [ -150.67147831464689, 61.283386963084368 ], [ -150.693049894213175, 61.253209844951549 ], [ -150.692945012434308, 61.22510095200338 ], [ -150.720126913120197, 61.183709456966803 ], [ -150.746896247047658, 61.167582819089588 ], [ -150.756129055085808, 61.184017541893304 ], [ -150.729686075855739, 61.223989537022746 ], [ -150.747025046273762, 61.224469653463501 ], [ -150.750758458065718, 61.259150245359685 ], [ -150.735951094432096, 61.292875942890049 ], [ -150.684620604044852, 61.366098992959579 ], [ -150.661018726088685, 61.390406359477971 ], [ -150.652591315573176, 61.37897015162325 ] ] ], [ [ [ -153.909812801688986, 62.524786812700697 ], [ -154.06311215807429, 62.507573143907202 ], [ -154.140603423401302, 62.508958139353183 ], [ -154.033331096728233, 62.526620973059075 ], [ -153.909812801688986, 62.524786812700697 ] ] ], [ [ [ -152.938911142710026, 61.838079702022405 ], [ -153.120645830829346, 61.762891146832565 ], [ -153.276860223788049, 61.711684775107038 ], [ -153.411394839051866, 61.683989558057291 ], [ -153.223541866232353, 61.768362076309607 ], [ -153.099051697689191, 61.82001244383472 ], [ -152.983253286946763, 61.860686022604924 ], [ -152.878303985993767, 61.892376494416062 ], [ -152.842387185436991, 61.899599543617363 ], [ -152.730560853319901, 61.935146193783673 ], [ -152.681734545730762, 61.955947330036295 ], [ -152.648708408585264, 61.963303869924445 ], [ -152.815855917879389, 61.891304744029775 ], [ -152.938911142710026, 61.838079702022405 ] ] ], [ [ [ -151.37651200796509, 60.503488108734402 ], [ -151.439490073166638, 60.417992287070781 ], [ -151.503765183907859, 60.35884314962135 ], [ -151.568086659966639, 60.313208641085403 ], [ -151.61584749684522, 60.327289630978377 ], [ -151.587955549667043, 60.387527000500036 ], [ -151.508254961771996, 60.474206404190902 ], [ -151.433886461483269, 60.53436316363188 ], [ -151.39523435076282, 60.536017567370806 ], [ -151.347576274164908, 60.56008316806156 ], [ -151.37651200796509, 60.503488108734402 ] ] ], [ [ [ -151.417190099029511, 60.366239001148017 ], [ -151.488519965309052, 60.346272797880843 ], [ -151.488603839988144, 60.363061204771583 ], [ -151.381410606421383, 60.460591893281581 ], [ -151.28633060562882, 60.495429951608607 ], [ -151.323770698129096, 60.438936194838107 ], [ -151.417190099029511, 60.366239001148017 ] ] ], [ [ [ -163.514511812773975, 63.880430078741277 ], [ -163.512336720130548, 63.848900904272938 ], [ -163.345119712546278, 63.816878152719418 ], [ -163.387806803861537, 63.805521036028473 ], [ -163.307404283072714, 63.781347235803182 ], [ -163.243275077052289, 63.787529947686011 ], [ -162.917219883863396, 63.786410870742301 ], [ -162.846374125571231, 63.768975314551653 ], [ -162.743785273464056, 63.766123353750189 ], [ -162.554896863415735, 63.74682842278898 ], [ -162.443392959413472, 63.744958080240337 ], [ -162.107040268489953, 63.778262930335664 ], [ -161.976802204930095, 63.787591903498466 ], [ -161.830553759836619, 63.781747183483787 ], [ -161.693911912480502, 63.796455802171444 ], [ -161.565383082187026, 63.787063506693585 ], [ -161.349998213328774, 63.780439878761335 ], [ -161.228390002745243, 63.756711106381211 ], [ -161.224555239187055, 63.746543934374472 ], [ -161.071347771048465, 63.729043661805122 ], [ -161.00047469447108, 63.674915412133451 ], [ -161.066115525114441, 63.666509201853266 ], [ -161.051739259803725, 63.650883072998973 ], [ -160.854719402974638, 63.640307748640438 ], [ -160.625759910483026, 63.610059975345344 ], [ -160.372876250974087, 63.603062569307056 ], [ -160.24134054995821, 63.582842788054549 ], [ -160.243621689669084, 63.56229587607713 ], [ -160.104048122917305, 63.548862231391261 ], [ -159.947943140808604, 63.550487579331772 ], [ -159.702621283258452, 63.534867672048875 ], [ -159.490149303431878, 63.525565539245768 ], [ -159.225253831764007, 63.518381931106155 ], [ -158.995176798409062, 63.503854716362902 ], [ -158.74392182025008, 63.477473017225783 ], [ -158.74739216287972, 63.447956458252825 ], [ -159.006014090083227, 63.429161834753678 ], [ -159.109354219374239, 63.424856566709863 ], [ -159.25002832763181, 63.428956398400111 ], [ -159.441900635192837, 63.453356001843012 ], [ -159.714464376410689, 63.462183915710931 ], [ -159.917766754091076, 63.456823709559451 ], [ -160.043693125930162, 63.447624106590823 ], [ -160.163765008081924, 63.426615192981465 ], [ -160.291763323469354, 63.422161180862112 ], [ -160.480883585612702, 63.401369711567732 ], [ -160.508399287135802, 63.388470040398524 ], [ -160.454008482837367, 63.360177216173092 ], [ -160.612776237318741, 63.356974731625868 ], [ -160.67022425002321, 63.341373874800752 ], [ -160.863317170827116, 63.357176013699878 ], [ -160.735782426424805, 63.385491777892213 ], [ -160.71925950738293, 63.40259675753893 ], [ -160.923367500801248, 63.452307368288864 ], [ -161.009880003698697, 63.462527184774274 ], [ -161.163979186697389, 63.465577514640337 ], [ -161.212916190018717, 63.484098211758052 ], [ -161.510089493893076, 63.497831014604017 ], [ -161.470632744774662, 63.519374836493604 ], [ -161.476947518898243, 63.549916024906175 ], [ -161.605256831960929, 63.557656523049388 ], [ -161.822042839094081, 63.605107367776228 ], [ -161.904715919438672, 63.60987898683036 ], [ -161.989633936263488, 63.630780858672367 ], [ -162.111548454985126, 63.631275458339864 ], [ -162.195738770245129, 63.642958833813871 ], [ -162.307465950986028, 63.645672803201776 ], [ -162.400209440617317, 63.664607300946557 ], [ -162.739739159736985, 63.671176873035137 ], [ -162.966963673765434, 63.653074999344305 ], [ -163.117360445474162, 63.64845587908998 ], [ -163.153754541269109, 63.629919397210934 ], [ -163.431992933128669, 63.607129580141887 ], [ -163.489867080659735, 63.62016330174847 ], [ -163.738354764881365, 63.642102408045879 ], [ -163.842452505764783, 63.66051660194659 ], [ -163.916138959417083, 63.695394978409162 ], [ -163.930269757335594, 63.731114832103046 ], [ -163.88722399490095, 63.751425731182998 ], [ -163.869304619926055, 63.788459332444233 ], [ -163.809043548728596, 63.798414576900207 ], [ -163.775800932645183, 63.821337326651587 ], [ -163.69295571773975, 63.83425352004916 ], [ -163.701606752165333, 63.861857375193715 ], [ -163.605911114839415, 63.890448611476799 ], [ -163.514511812773975, 63.880430078741277 ] ] ], [ [ [ -151.612279626167606, 60.463129689535755 ], [ -151.686791941021113, 60.364274290461296 ], [ -151.697121599048955, 60.309793360401521 ], [ -151.829549319924126, 60.217853972091063 ], [ -151.968068118909571, 60.082196817715975 ], [ -152.020373351837691, 60.055767896013712 ], [ -151.995626873802763, 60.11056892640466 ], [ -151.813088655360616, 60.298549671606168 ], [ -151.641896297474631, 60.444930737484064 ], [ -151.612279626167606, 60.463129689535755 ] ] ], [ [ [ -157.614571262655488, 62.033421229121409 ], [ -157.623315789082341, 62.026035098183414 ], [ -157.42213064594003, 62.040662043920143 ], [ -157.189641439888135, 62.075952520308768 ], [ -157.058448692530561, 62.078871064362325 ], [ -157.023516497511821, 62.068925916865375 ], [ -156.941646163649267, 62.072314756951656 ], [ -157.032519436011341, 62.044252346520672 ], [ -157.118711377227555, 62.030674946952274 ], [ -157.121473166641181, 62.008077969522148 ], [ -157.280682266393256, 61.971798280967334 ], [ -157.25494476630746, 61.95255139481678 ], [ -157.299841442537542, 61.934790322672349 ], [ -157.448874900636724, 61.89988890499361 ], [ -157.455917842889676, 61.881176491719224 ], [ -157.397993752939755, 61.881597495031741 ], [ -157.480152354786128, 61.858543056646006 ], [ -157.444741006209398, 61.824918238728124 ], [ -157.51633035497386, 61.806429475132717 ], [ -157.785064055947544, 61.766475952539203 ], [ -157.979320292707683, 61.74594641424828 ], [ -158.071167213309224, 61.725692484022233 ], [ -158.209727459212957, 61.711249619386209 ], [ -158.35279244976465, 61.688959798782491 ], [ -158.590765885196731, 61.634290626016913 ], [ -158.591353857236044, 61.605530008296419 ], [ -158.673024283150966, 61.582088405055963 ], [ -158.806935039513519, 61.566568585923491 ], [ -158.779238754206688, 61.585375585374578 ], [ -158.864248372896498, 61.609099496109941 ], [ -158.985568396310526, 61.616333478777534 ], [ -159.135864559637724, 61.595879083222307 ], [ -159.297046472465979, 61.58206659638978 ], [ -159.343965140106349, 61.598326054857047 ], [ -159.449314659491392, 61.593554998061755 ], [ -159.485533980434553, 61.610620315042738 ], [ -159.570816859485802, 61.625653621351354 ], [ -159.736651930558139, 61.63373517042794 ], [ -159.877722202650318, 61.624186733388491 ], [ -159.960499887884282, 61.643457953137307 ], [ -159.964861440932339, 61.659402496213687 ], [ -160.083835972866126, 61.649192607288718 ], [ -160.009286583955372, 61.696668643535098 ], [ -160.061848886546699, 61.741698054048676 ], [ -159.989321242368646, 61.746745749908655 ], [ -159.825150932046114, 61.780974526826732 ], [ -159.645411574612496, 61.797467481663006 ], [ -159.574481160858113, 61.794242692504376 ], [ -159.438428240374208, 61.803312958614363 ], [ -159.258770003252295, 61.822881136753971 ], [ -159.274071255165723, 61.809773372235504 ], [ -159.116364553704557, 61.825349029796826 ], [ -158.984140789959042, 61.858371286899192 ], [ -158.989102320911456, 61.876509238930133 ], [ -158.59168359885291, 61.945495700296206 ], [ -158.46214924476709, 61.952394413633378 ], [ -158.427005380129344, 61.974367810601713 ], [ -158.148363727085751, 62.01173581652494 ], [ -158.093848369735525, 61.998923178052351 ], [ -157.878336612412824, 62.037259168289694 ], [ -157.704860877325729, 62.057917757614092 ], [ -157.547215766670831, 62.045081819941039 ], [ -157.614571262655488, 62.033421229121409 ] ] ], [ [ [ -153.55239587078978, 59.900881484273853 ], [ -153.572647092441429, 59.859543512975932 ], [ -153.655584908885032, 59.812090715108432 ], [ -153.731303399647828, 59.784931019092554 ], [ -153.778027193237477, 59.780355882212923 ], [ -153.713467303008372, 59.835119507689519 ], [ -153.633045432671906, 59.875108959448717 ], [ -153.55239587078978, 59.900881484273853 ] ] ], [ [ [ -153.144276073465306, 58.928190555747562 ], [ -153.162105143306178, 58.890107486821378 ], [ -153.222877919778682, 58.833160951380904 ], [ -153.237458930440141, 58.856785080316243 ], [ -153.29532438153862, 58.847182264875045 ], [ -153.269682264532833, 58.897104069563717 ], [ -153.280060825370242, 58.917138133631546 ], [ -153.189581507904506, 58.977994596280162 ], [ -153.137124630506065, 59.04643429856695 ], [ -153.096579789493063, 59.080637574203784 ], [ -153.078833667992257, 59.055292355004276 ], [ -153.136788009722949, 58.974863864398912 ], [ -153.144276073465306, 58.928190555747562 ] ] ], [ [ [ -154.420143705386721, 59.391576243041811 ], [ -154.474380512171592, 59.355449728691902 ], [ -154.469616392880937, 59.393832932938153 ], [ -154.41054008216588, 59.430668301094514 ], [ -154.420143705386721, 59.391576243041811 ] ] ], [ [ [ -155.67935709851136, 58.566429330288607 ], [ -155.790754005376073, 58.546365391017446 ], [ -155.769062851817665, 58.576680854198109 ], [ -155.692757715842419, 58.606836548241816 ], [ -155.662792896593629, 58.591345949585317 ], [ -155.67935709851136, 58.566429330288607 ] ] ], [ [ [ -156.342815523805797, 58.304529931329213 ], [ -156.294446397675671, 58.368450414558993 ], [ -156.261958673042614, 58.363395270631322 ], [ -156.342815523805797, 58.304529931329213 ] ] ], [ [ [ -167.296291355835677, 61.567416522821958 ], [ -167.266440887134394, 61.525071356663318 ], [ -167.163797992973542, 61.487468565912053 ], [ -167.002961423956975, 61.456972168435996 ], [ -167.015052352699627, 61.438423834003629 ], [ -166.718184026962575, 61.455657748817742 ], [ -166.64639665199735, 61.421330640746163 ], [ -166.56183548209151, 61.405186990544983 ], [ -166.662216683880132, 61.388431898571952 ], [ -166.712346444181236, 61.419616840865359 ], [ -166.817475490499191, 61.409813853297642 ], [ -166.855158026787848, 61.416570905744528 ], [ -166.998132205170151, 61.391674812518154 ], [ -167.179352562463265, 61.421245597592467 ], [ -167.1856771828879, 61.436970125017041 ], [ -167.326299748149665, 61.482342919777196 ], [ -167.363131517582218, 61.507379600170204 ], [ -167.497159541979926, 61.512085758022032 ], [ -167.434575344810554, 61.567837342678239 ], [ -167.309622286518277, 61.600329992913615 ], [ -167.250077681353304, 61.597616097579731 ], [ -167.296291355835677, 61.567416522821958 ] ] ], [ [ [ -157.261288227932113, 57.849171082833202 ], [ -157.213651281359063, 57.863662460790252 ], [ -157.278348236205488, 57.793895982481978 ], [ -157.34023503384077, 57.806838454440879 ], [ -157.379984610275869, 57.779345162548353 ], [ -157.42258599440396, 57.774786201027929 ], [ -157.426852599719297, 57.803127319999263 ], [ -157.386111977941766, 57.837649396058474 ], [ -157.32116796809288, 57.866514694627199 ], [ -157.261288227932113, 57.849171082833202 ] ] ], [ [ [ -156.820513940008738, 57.622944664130813 ], [ -156.83582314484002, 57.54299630159322 ], [ -156.865607743990296, 57.522975661386837 ], [ -156.920198112056937, 57.436568507037343 ], [ -156.955678159353255, 57.42077012864744 ], [ -157.023989643646701, 57.431736481397813 ], [ -156.974838766377388, 57.486336748223721 ], [ -156.890452104923071, 57.540324928030103 ], [ -156.874007208933079, 57.626755807406539 ], [ -156.820513940008738, 57.622944664130813 ] ] ], [ [ [ -157.080184709407234, 57.640795985104248 ], [ -157.151994296912676, 57.60509587018084 ], [ -157.178073429154665, 57.547156397811463 ], [ -157.096349107192282, 57.554785724140046 ], [ -157.166142841222069, 57.472759838039792 ], [ -157.262304427332708, 57.451442367746779 ], [ -157.267232474788585, 57.41057162792417 ], [ -157.331437113003346, 57.37984001083715 ], [ -157.410260085862006, 57.322804842722242 ], [ -157.47169929907389, 57.295538670651403 ], [ -157.509281740037096, 57.243733350091397 ], [ -157.570806208782557, 57.223726287522126 ], [ -157.582522701534458, 57.186647881959033 ], [ -157.6458546075377, 57.145963412594448 ], [ -157.645492879382942, 57.195561346670239 ], [ -157.512054881771149, 57.288390194804919 ], [ -157.48375553819514, 57.322357307805461 ], [ -157.41775526565408, 57.364242533312371 ], [ -157.497249254389573, 57.368725749566934 ], [ -157.442377621786136, 57.417329742474806 ], [ -157.482136975276234, 57.42901834577858 ], [ -157.369146622642688, 57.508646320147882 ], [ -157.320198850005596, 57.452836182128628 ], [ -157.292297635508106, 57.511529811860235 ], [ -157.305963601588076, 57.545041930526736 ], [ -157.271320687229519, 57.570055651415224 ], [ -157.241307473265891, 57.544725941401317 ], [ -157.168509383403318, 57.627587330470234 ], [ -157.084550031635843, 57.694415282270462 ], [ -157.080184709407234, 57.640795985104248 ] ] ], [ [ [ -156.753803330521947, 57.45331860457938 ], [ -156.796252859873817, 57.414219035294458 ], [ -156.779092820114528, 57.359347544884109 ], [ -156.846739598830595, 57.351682310760665 ], [ -156.835872920094943, 57.41050620598714 ], [ -156.854238342418881, 57.432152673670473 ], [ -156.775330031446771, 57.463476584415936 ], [ -156.753803330521947, 57.45331860457938 ] ] ], [ [ [ -157.473864502632608, 57.698529506016669 ], [ -157.464681036640712, 57.664263910671316 ], [ -157.513648436125095, 57.607472466751496 ], [ -157.559712103553267, 57.600444072806297 ], [ -157.551216201237168, 57.634103017311688 ], [ -157.632611111328117, 57.629664738794787 ], [ -157.64173258131774, 57.663546696126531 ], [ -157.603688379013249, 57.701559632052465 ], [ -157.557094803521181, 57.693928815851777 ], [ -157.454557200408914, 57.729401038894693 ], [ -157.473864502632608, 57.698529506016669 ] ] ], [ [ [ -157.770110112946639, 57.664450271852225 ], [ -157.792076303937421, 57.622706044112945 ], [ -157.712608945842334, 57.662690837592322 ], [ -157.717869366266967, 57.688429881599284 ], [ -157.632172109223347, 57.742460089029429 ], [ -157.613519338141742, 57.735081212885632 ], [ -157.640973787899043, 57.688000566107839 ], [ -157.705859416349597, 57.646628522562047 ], [ -157.721813793593952, 57.600906062598597 ], [ -157.695876996114919, 57.578314260954571 ], [ -157.672728756155749, 57.505030915826133 ], [ -157.764996931304751, 57.458776678615379 ], [ -157.817156983269513, 57.441428449832124 ], [ -157.871356230281435, 57.45163690208296 ], [ -157.876493530651231, 57.488169368228704 ], [ -157.940686539420767, 57.483650746585305 ], [ -157.991796785267837, 57.436671862882037 ], [ -158.027044841594289, 57.48622126513856 ], [ -157.987126513146819, 57.531219759578462 ], [ -157.993259291398573, 57.562764805922008 ], [ -157.943124126317173, 57.616543060985713 ], [ -157.930936100220293, 57.650782716254604 ], [ -157.868670113441937, 57.704095374496198 ], [ -157.784459900184174, 57.745037032408213 ], [ -157.730267871636471, 57.740405618041933 ], [ -157.738637259801152, 57.694305222766033 ], [ -157.770110112946639, 57.664450271852225 ] ] ], [ [ [ -156.730261586095082, 57.298298527100641 ], [ -156.701541920761315, 57.287812459577125 ], [ -156.735911800573092, 57.253412243586311 ], [ -156.793827063316229, 57.222184542108835 ], [ -156.826093842758041, 57.245843009753777 ], [ -156.804956075104712, 57.298206431370339 ], [ -156.751979891576639, 57.330452842016477 ], [ -156.730261586095082, 57.298298527100641 ] ] ], [ [ [ -157.040716285836879, 57.109289594941643 ], [ -157.095495786026362, 57.060943079949567 ], [ -157.114056939802396, 57.130261166613977 ], [ -157.074637027580422, 57.14587162784909 ], [ -157.040716285836879, 57.109289594941643 ] ] ], [ [ [ -158.475337548345038, 57.42459891394207 ], [ -158.504008120596694, 57.379908919136057 ], [ -158.578436102929402, 57.415763768421051 ], [ -158.51896449382545, 57.449716903563903 ], [ -158.475337548345038, 57.42459891394207 ] ] ], [ [ [ -158.68649137073956, 57.410134816756489 ], [ -158.807054137580934, 57.391018079561242 ], [ -158.783991021892462, 57.432818200896492 ], [ -158.630938964473245, 57.479840937966699 ], [ -158.68649137073956, 57.410134816756489 ] ] ], [ [ [ -158.869306454102315, 57.334332107424736 ], [ -158.804903884345038, 57.312574140023905 ], [ -158.876943939138982, 57.240031627459835 ], [ -158.953451374081595, 57.216567189834727 ], [ -158.977742483376232, 57.237369867864118 ], [ -158.963269325796603, 57.265191244068099 ], [ -159.042865339392335, 57.304498712712828 ], [ -158.940488346306807, 57.358623763805582 ], [ -158.869306454102315, 57.334332107424736 ] ] ], [ [ [ -159.477320964701789, 57.026109459626227 ], [ -159.496217799845681, 56.972950411531073 ], [ -159.556423997024154, 56.921062910927255 ], [ -159.605895037076152, 56.898577965492393 ], [ -159.660060264372163, 56.950511118668331 ], [ -159.658216049009496, 56.996547006162579 ], [ -159.583865877427172, 57.053475893107368 ], [ -159.529754511148212, 57.078640089308564 ], [ -159.461711359389653, 57.068218827421617 ], [ -159.477320964701789, 57.026109459626227 ] ] ], [ [ [ -160.660410040154716, 57.043479067441162 ], [ -160.675790937263599, 57.015203193677266 ], [ -160.625189826807258, 56.975653787202297 ], [ -160.602618014303943, 56.935042698238071 ], [ -160.602613961178662, 56.88028865041364 ], [ -160.637841881849511, 56.817220072371938 ], [ -160.618867354593021, 56.802124239803696 ], [ -160.635734960345019, 56.759640785144107 ], [ -160.611641310296847, 56.725642250660165 ], [ -160.508947999421338, 56.737112218781931 ], [ -160.459994160541356, 56.761046758575546 ], [ -160.428925445958669, 56.752390468846421 ], [ -160.40226999710211, 56.718483206314588 ], [ -160.424903795071998, 56.642126908104231 ], [ -160.480496759022003, 56.651339803064289 ], [ -160.448398858403834, 56.675940963665099 ], [ -160.596489750888765, 56.664731057051398 ], [ -160.623551082837423, 56.691156922952807 ], [ -160.611447901140878, 56.717843133127595 ], [ -160.658901078441033, 56.716275074662313 ], [ -160.720035444154291, 56.680241365093366 ], [ -160.722969601480855, 56.637585197622613 ], [ -160.74657965367814, 56.608217934754592 ], [ -160.823375913705462, 56.59818148187437 ], [ -160.858867056201404, 56.57414636467098 ], [ -160.942043040111798, 56.548824763759065 ], [ -161.007823154544781, 56.55497100597109 ], [ -161.140399833917513, 56.553679286615385 ], [ -161.38645007873572, 56.52024359545657 ], [ -161.535069817849546, 56.477933188494255 ], [ -161.679247055847412, 56.406748092662262 ], [ -161.692622158221724, 56.368514227737357 ], [ -161.734647642294959, 56.322670612619341 ], [ -161.850752132421547, 56.265667292223682 ], [ -161.991481419109391, 56.237964422279234 ], [ -162.065374985594048, 56.2145019165403 ], [ -162.145837745596765, 56.213210734855622 ], [ -162.240152102630901, 56.234745562529142 ], [ -162.257239218651875, 56.327705322948702 ], [ -162.279172876611767, 56.355559427013503 ], [ -162.269220087847486, 56.397958460956986 ], [ -162.239752663175352, 56.425840314848095 ], [ -162.190460894950263, 56.437770830202865 ], [ -162.100023087384159, 56.47763315912551 ], [ -162.0057226933896, 56.50428806591357 ], [ -161.94077223492522, 56.556546162919453 ], [ -161.844473505992113, 56.656245009111338 ], [ -161.814364416327351, 56.672997131055865 ], [ -161.754896776383987, 56.735310735672009 ], [ -161.735288728320398, 56.773018376508801 ], [ -161.65399800360882, 56.81387875358331 ], [ -161.593449384466851, 56.8330285445915 ], [ -161.519243677926113, 56.799474019010781 ], [ -161.423759844730711, 56.825766718789922 ], [ -161.277592029796779, 56.900014474251307 ], [ -161.232009497613689, 56.892830296929574 ], [ -161.172047187811074, 56.912184762772952 ], [ -161.074256918614253, 56.958344031551604 ], [ -161.014985282515653, 56.995014883202671 ], [ -160.978057431609386, 56.995387300482989 ], [ -160.888609355875417, 57.023882454106989 ], [ -160.782636787667826, 57.020251518693499 ], [ -160.660410040154716, 57.043479067441162 ] ] ], [ [ [ -159.886414390280805, 56.407211569568226 ], [ -159.935388904320405, 56.365655650636882 ], [ -159.96658221380099, 56.403784245464387 ], [ -159.886414390280805, 56.407211569568226 ] ] ], [ [ [ -160.148442682993618, 56.443546723355688 ], [ -160.118495037494682, 56.449483789818856 ], [ -160.020926834219779, 56.408154689244256 ], [ -160.080722888118459, 56.371644067133843 ], [ -160.192936023925, 56.375740724354173 ], [ -160.246811817978113, 56.385325711174225 ], [ -160.27351656745472, 56.43489004406532 ], [ -160.223517598529298, 56.473773522648145 ], [ -160.148442682993618, 56.443546723355688 ] ] ], [ [ [ -166.398875715203161, 58.629768448113374 ], [ -166.493996232735498, 58.650189238527354 ], [ -166.560438022968299, 58.655010705161651 ], [ -166.538095608943877, 58.685375557892527 ], [ -166.396767207615085, 58.721950716952904 ], [ -166.316927335561758, 58.719608401748864 ], [ -166.251275112037945, 58.733137639439896 ], [ -166.236533726220785, 58.713480725714099 ], [ -166.292997402269407, 58.667755112946274 ], [ -166.398875715203161, 58.629768448113374 ] ] ], [ [ [ -165.88258627916079, 58.144635803828557 ], [ -165.944144863074143, 58.125745332279713 ], [ -165.996208018383385, 58.093807640584174 ], [ -166.072784417019875, 58.091602763278495 ], [ -166.093813547557801, 58.131231806387149 ], [ -166.162882730902709, 58.134533324384513 ], [ -166.148076951388475, 58.163350124296812 ], [ -166.035053702026033, 58.160192568124501 ], [ -165.899971507584979, 58.175378447911996 ], [ -165.85035503424163, 58.16987796532657 ], [ -165.88258627916079, 58.144635803828557 ] ] ], [ [ [ -162.43465929314965, 55.911246418969938 ], [ -162.47961909107272, 55.854339945715779 ], [ -162.614549249632262, 55.834053437980124 ], [ -162.707906079015146, 55.847142034675748 ], [ -162.643382072006517, 55.895880974748316 ], [ -162.5887296367749, 55.900680100172629 ], [ -162.543600082710697, 55.887142264915781 ], [ -162.505607174461659, 55.90792800717373 ], [ -162.43465929314965, 55.911246418969938 ] ] ], [ [ [ -163.044097591861515, 56.011330137481636 ], [ -163.003406295692741, 56.038086536292973 ], [ -162.946022289993294, 56.05400281571147 ], [ -162.968653524573625, 56.015280924291822 ], [ -163.023500722792988, 55.998090303833052 ], [ -162.963622307491846, 55.957235001262383 ], [ -162.96049047962066, 55.926754091261834 ], [ -163.070538763366045, 55.844200458104744 ], [ -163.114163638498354, 55.848622116722353 ], [ -163.130998354627593, 55.872638793348003 ], [ -163.089471732137753, 55.895164214999724 ], [ -163.106596609303097, 55.93626631319102 ], [ -163.045158461618911, 55.96792313742899 ], [ -163.13954776959207, 55.980871636394809 ], [ -163.118910175094584, 56.006175748349079 ], [ -163.067776604967349, 56.024766793326144 ], [ -163.044097591861515, 56.011330137481636 ] ] ], [ [ [ -162.791810013438862, 55.846850187416756 ], [ -162.815217720793981, 55.812522878757001 ], [ -162.852222723492559, 55.793841811578453 ], [ -162.881032767676203, 55.838989761611515 ], [ -162.791810013438862, 55.846850187416756 ] ] ], [ [ [ -163.341911504575734, 55.914236324096649 ], [ -163.344138879595732, 55.88625129496851 ], [ -163.289748812375308, 55.900620390907761 ], [ -163.231601758803123, 55.888984382571685 ], [ -163.240975671756928, 55.83701886043346 ], [ -163.16877394654577, 55.8613824413654 ], [ -163.201651248424923, 55.814959448091948 ], [ -163.287879063468552, 55.783142965191409 ], [ -163.36035869017806, 55.795591008133961 ], [ -163.3743690387698, 55.768054832914821 ], [ -163.495537535737753, 55.775373958603417 ], [ -163.567469150333409, 55.741627105422467 ], [ -163.564626366497635, 55.776575766507968 ], [ -163.605375978111425, 55.82049497328029 ], [ -163.559754370358917, 55.880154623436411 ], [ -163.491369847006837, 55.903198113907877 ], [ -163.438526002886732, 55.93753514135193 ], [ -163.337001648352214, 55.938919958886196 ], [ -163.341911504575734, 55.914236324096649 ] ] ], [ [ [ -163.640634104901693, 55.649280787907678 ], [ -163.748343180891851, 55.641471210596634 ], [ -163.740686565460493, 55.67417183338101 ], [ -163.653705978718733, 55.682985360860471 ], [ -163.640634104901693, 55.649280787907678 ] ] ], [ [ [ -164.139346572162196, 55.617965305036499 ], [ -164.178412103221376, 55.605539013813548 ], [ -164.210836049713805, 55.571529553170642 ], [ -164.193441847027657, 55.552696118222769 ], [ -164.218025828016323, 55.525994665722479 ], [ -164.147738093365035, 55.529637581684284 ], [ -164.016458546912162, 55.565905550147775 ], [ -163.954479412513592, 55.628768398669592 ], [ -163.929733466804322, 55.613431585895832 ], [ -163.812756511391967, 55.650471006967955 ], [ -163.787670585464099, 55.586628539786673 ], [ -163.849044947756425, 55.54293716750238 ], [ -163.946604847614822, 55.521847177009747 ], [ -164.020360770474753, 55.465607945671167 ], [ -164.072658679948802, 55.442500097541647 ], [ -164.118523882323046, 55.443033895176903 ], [ -164.211573791593196, 55.346154124341865 ], [ -164.087996657398492, 55.399504644326186 ], [ -163.959950139459579, 55.447162220798106 ], [ -163.93818629576117, 55.394609061236331 ], [ -163.907538411688762, 55.38185493811698 ], [ -163.939446849138221, 55.338704774430688 ], [ -164.071542532601114, 55.319615778839641 ], [ -164.09400387939678, 55.292370308289136 ], [ -164.171667921623367, 55.28307120302572 ], [ -164.26747133496886, 55.18641211901371 ], [ -164.319135077338444, 55.183477562658631 ], [ -164.374000524410576, 55.10796027242165 ], [ -164.445863194262415, 55.123022849482346 ], [ -164.466168585248681, 55.076368538932712 ], [ -164.563157453779553, 55.051804437479838 ], [ -164.596375111313648, 55.07876622464412 ], [ -164.657793316254242, 55.045784038868035 ], [ -164.729515699874725, 55.026618097338059 ], [ -164.856061987284335, 55.015819762926064 ], [ -164.910178725214507, 54.982107663051835 ], [ -165.019203772169192, 54.953023766320811 ], [ -165.062222668448982, 54.908591451587995 ], [ -165.131185399984531, 54.905649768787114 ], [ -165.215781770614427, 54.885667726234693 ], [ -165.243509129282273, 54.850614826037045 ], [ -165.310973717087677, 54.836109437266806 ], [ -165.381506175040045, 54.836810580470633 ], [ -165.406663897233244, 54.802574085788493 ], [ -165.48207648170964, 54.822140115392195 ], [ -165.59573972630912, 54.838712354266342 ], [ -165.549120428367104, 54.877477473343987 ], [ -165.449678191483912, 54.936118065326326 ], [ -165.392399281316017, 54.947994060172107 ], [ -165.371281011833986, 54.932138525506886 ], [ -165.298092757967424, 54.969428365252107 ], [ -165.269664075570034, 54.959191421762846 ], [ -165.21533039821162, 54.989225615541173 ], [ -165.191408538679326, 55.019476273033426 ], [ -165.115174861561172, 55.012114908635525 ], [ -164.973804427421953, 55.061213412281148 ], [ -164.917601658819365, 55.049313434131001 ], [ -164.863131398898048, 55.087452492073169 ], [ -164.859447463592886, 55.119057627749356 ], [ -164.814404084792898, 55.140888478102532 ], [ -164.836465841757729, 55.199987839867489 ], [ -164.7669139, 55.238540927120098 ], [ -164.726156241573392, 55.215692985737427 ], [ -164.676327905683138, 55.256706278489212 ], [ -164.714679305061281, 55.294325290417277 ], [ -164.633203002703851, 55.333357203549141 ], [ -164.420449442610476, 55.337355262478972 ], [ -164.383710580151131, 55.360745820957838 ], [ -164.55496807808322, 55.385965668643095 ], [ -164.629643993509092, 55.372493494602963 ], [ -164.699734175623064, 55.405318226584576 ], [ -164.691865497332742, 55.436409105491002 ], [ -164.746035406592085, 55.442345414278094 ], [ -164.723921491906879, 55.483774089777803 ], [ -164.687643082338013, 55.490669956827325 ], [ -164.634532011292833, 55.550192935198808 ], [ -164.41382368396529, 55.629378167364813 ], [ -164.374952200977731, 55.623865940066828 ], [ -164.275624474340219, 55.66590505334343 ], [ -164.208492839866892, 55.6732014037716 ], [ -164.156864150855256, 55.663706903566592 ], [ -164.139346572162196, 55.617965305036499 ] ] ], [ [ [ -163.745409730140636, 55.49206972568637 ], [ -163.751123280242211, 55.460712287594959 ], [ -163.827625018351341, 55.393318741669795 ], [ -163.918474291822179, 55.395823733977757 ], [ -163.929870929857401, 55.411865389881747 ], [ -163.913566055571721, 55.46225543571753 ], [ -163.849014339664251, 55.477132747481932 ], [ -163.819207304773556, 55.500595830956307 ], [ -163.709864387455468, 55.533851814904757 ], [ -163.691592660121358, 55.519828148614437 ], [ -163.745409730140636, 55.49206972568637 ] ] ], [ [ [ -165.489534594350403, 55.081265657232265 ], [ -165.493656544813717, 55.044905854533312 ], [ -165.56871678269863, 55.000392250862767 ], [ -165.578093918999684, 54.933856057339668 ], [ -165.655317796435469, 54.896583331023422 ], [ -165.730110476510589, 54.873329407207024 ], [ -165.759673369664256, 54.852398347460152 ], [ -165.85125254434908, 54.825917223287298 ], [ -165.890634883486541, 54.802731787955075 ], [ -166.049166743892158, 54.759231097381772 ], [ -166.124281939363698, 54.715871203174046 ], [ -166.133899046162526, 54.682124419117386 ], [ -166.273894517085267, 54.579549891286618 ], [ -166.294120973739382, 54.551940103072745 ], [ -166.350458731434259, 54.543423359143041 ], [ -166.370362653649664, 54.520727171371185 ], [ -166.434153570863032, 54.5147718594095 ], [ -166.501064756832932, 54.461858275146035 ], [ -166.629518702685175, 54.432777599389667 ], [ -166.686614291027752, 54.397446527373077 ], [ -166.796086179483439, 54.347300521153457 ], [ -166.845469060722422, 54.379469485306501 ], [ -166.774711419435477, 54.401200780049699 ], [ -166.730662870546098, 54.432556579824698 ], [ -166.721721886427758, 54.477878255312746 ], [ -166.648268699682603, 54.504470099347984 ], [ -166.587144781947927, 54.563981346268754 ], [ -166.623481123872978, 54.588621829036434 ], [ -166.611524316248023, 54.625486724993323 ], [ -166.567053884361684, 54.665424025113339 ], [ -166.356251671121129, 54.774051366596893 ], [ -166.284833908699682, 54.75665254198568 ], [ -166.251057574133142, 54.783185973929029 ], [ -166.212475697679878, 54.763791380157848 ], [ -166.117493698639976, 54.775646521592989 ], [ -166.130001983060566, 54.833875561466954 ], [ -166.18302865796764, 54.836824632283523 ], [ -166.120493618857751, 54.899240999321286 ], [ -166.130899552566092, 54.941537907014514 ], [ -166.05334393644759, 54.995859807193511 ], [ -165.986862272190734, 55.021621924545911 ], [ -165.923837977688123, 55.063933861630403 ], [ -165.806527796560459, 55.096269955215796 ], [ -165.646107037443926, 55.104662884547139 ], [ -165.628285588374979, 55.077049547834335 ], [ -165.566822700277442, 55.073253085791684 ], [ -165.489534594350403, 55.081265657232265 ] ] ], [ [ [ -167.540194120805239, 54.418573301145564 ], [ -167.556027856018545, 54.390289864310084 ], [ -167.606988794693194, 54.382254093008704 ], [ -167.615957813573146, 54.413604933255712 ], [ -167.589640298669195, 54.454324354847159 ], [ -167.519541375820666, 54.473075916384666 ], [ -167.507857370222325, 54.438963245288143 ], [ -167.540194120805239, 54.418573301145564 ] ] ], [ [ [ -167.583560512438083, 54.308730753499326 ], [ -167.559646734432818, 54.301570336678495 ], [ -167.572932855745876, 54.252434674483965 ], [ -167.651992871948437, 54.203309529842244 ], [ -167.674928482769275, 54.232827962121604 ], [ -167.745175851158365, 54.238316152322454 ], [ -167.8652976103551, 54.200728196895945 ], [ -167.907355694368704, 54.244203554204049 ], [ -167.871106840863774, 54.274181481333152 ], [ -167.772816218201825, 54.269453923708674 ], [ -167.737187456352387, 54.304900528351588 ], [ -167.657111059015108, 54.320732583441 ], [ -167.583560512438083, 54.308730753499326 ] ] ], [ [ [ -167.883251451378612, 54.294862613494615 ], [ -167.930949250477596, 54.27354235819805 ], [ -167.980560770989996, 54.284184832476221 ], [ -168.000710951730781, 54.310670486011446 ], [ -167.954685974276885, 54.337878438159358 ], [ -167.885610926595405, 54.332466485470498 ], [ -167.883251451378612, 54.294862613494615 ] ] ], [ [ [ -167.962560828802907, 54.174053258482623 ], [ -168.009407316225207, 54.123113625598371 ], [ -168.096574090388202, 54.132669931301002 ], [ -168.075280298539752, 54.190480006674825 ], [ -168.017709050754689, 54.195716480677149 ], [ -167.962560828802907, 54.174053258482623 ] ] ], [ [ [ -168.513612093382136, 54.065947175962485 ], [ -168.508770265056427, 54.022950577765187 ], [ -168.563645000277972, 53.978741054335231 ], [ -168.639460121091957, 53.976558010724787 ], [ -168.696415459649614, 53.955336412242723 ], [ -168.766287758854276, 53.909736129386324 ], [ -168.813287803282122, 53.924735992512623 ], [ -168.755854125501401, 54.011113409188461 ], [ -168.696044702016906, 54.02669776510789 ], [ -168.662716572574567, 54.057613237575559 ], [ -168.607288981379327, 54.077044570487679 ], [ -168.513612093382136, 54.065947175962485 ] ] ], [ [ [ -169.177578457819436, 53.842634295445684 ], [ -169.226859351394012, 53.797620044707898 ], [ -169.298722972232184, 53.802310353600888 ], [ -169.293788213935471, 53.845605737022709 ], [ -169.220792064617598, 53.877921946660315 ], [ -169.177578457819436, 53.842634295445684 ] ] ], [ [ [ -170.387380105263418, 53.665530516035084 ], [ -170.328287685007354, 53.654999454466669 ], [ -170.331022073511178, 53.630455995747241 ], [ -170.430610215961508, 53.586708119814624 ], [ -170.524727155975967, 53.554755039330324 ], [ -170.655852239540337, 53.538219319019852 ], [ -170.679570521778629, 53.549293683794076 ], [ -170.658369138463428, 53.587780427657719 ], [ -170.580346058917314, 53.646071092091816 ], [ -170.497070008005096, 53.678433598774234 ], [ -170.416985601420436, 53.686890143941561 ], [ -170.387380105263418, 53.665530516035084 ] ] ], [ [ [ -171.621139470283509, 53.373900243030604 ], [ -171.60029099075561, 53.35934231087446 ], [ -171.540583203252766, 53.354912310318916 ], [ -171.470544537018412, 53.362984412521584 ], [ -171.442937618300817, 53.343560112629412 ], [ -171.385989280440441, 53.362196397660881 ], [ -171.27270292975399, 53.371112159564603 ], [ -171.224266174226926, 53.358650490787554 ], [ -171.120014647920556, 53.367169976719623 ], [ -171.119387338223021, 53.340031905777195 ], [ -171.185585383138431, 53.342164201989064 ], [ -171.247577721373062, 53.319341249096198 ], [ -171.421799471314529, 53.309519117864944 ], [ -171.502033425763699, 53.287426785935217 ], [ -171.550223336318311, 53.296146772227083 ], [ -171.616221277546515, 53.27518668829255 ], [ -171.798093288673016, 53.301503023137464 ], [ -171.932914035674798, 53.276691035054093 ], [ -172.037537209325393, 53.287572539930387 ], [ -172.086199723834198, 53.355738500096287 ], [ -172.032336787280485, 53.360743253728849 ], [ -171.99059398036681, 53.347113614083732 ], [ -171.922490360238811, 53.353228371412222 ], [ -171.861545223905125, 53.370611917476921 ], [ -171.768624046036081, 53.373841342130007 ], [ -171.705339052895994, 53.398971814730793 ], [ -171.621139470283509, 53.373900243030604 ] ] ], [ [ [ -172.110414255701045, 53.626914933550495 ], [ -172.061385669340211, 53.598453124760269 ], [ -172.033855367635709, 53.555400493706415 ], [ -172.044452138580425, 53.527068348824812 ], [ -172.095115677289868, 53.501205691802227 ], [ -172.127503584352098, 53.456865062808355 ], [ -172.239396790147765, 53.461855568563607 ], [ -172.271965440911288, 53.423935770693049 ], [ -172.169005724636236, 53.361959364372396 ], [ -172.222785845573043, 53.355037030109415 ], [ -172.316223699913735, 53.315957182803558 ], [ -172.379031477282439, 53.319225623315951 ], [ -172.413254404418097, 53.339525840395041 ], [ -172.468824700128266, 53.321590541704722 ], [ -172.521286843579389, 53.263914163877288 ], [ -172.556823211247377, 53.262322662709913 ], [ -172.611375423073724, 53.284089706791875 ], [ -172.65452202080192, 53.250131064286819 ], [ -172.716893349647478, 53.25629914605971 ], [ -172.763819952338025, 53.230768263256593 ], [ -172.826870833052652, 53.214267526084463 ], [ -172.985741089553841, 53.242999716259305 ], [ -173.083183079524758, 53.234954720510487 ], [ -173.154280559656314, 53.201485830331357 ], [ -173.27661010706953, 53.202725716145075 ], [ -173.338008141393459, 53.194162334773665 ], [ -173.424813176309527, 53.204478463432146 ], [ -173.376526622416861, 53.233918476242231 ], [ -173.255640355536599, 53.251804808647975 ], [ -173.198521181483926, 53.233453718503362 ], [ -173.116614404818847, 53.274472428648778 ], [ -173.105011062414633, 53.256782437774973 ], [ -172.978375883402009, 53.300709473557447 ], [ -172.850794951813356, 53.299828442882401 ], [ -172.832715413993384, 53.328353044720451 ], [ -172.744170648958146, 53.314020696187796 ], [ -172.709108808573603, 53.321483738350423 ], [ -172.684105493499061, 53.35665239520327 ], [ -172.555627314575389, 53.403019774279208 ], [ -172.484217730197713, 53.44018019334964 ], [ -172.391863270402268, 53.426349763156836 ], [ -172.373859274257626, 53.445662937432502 ], [ -172.30379646629325, 53.468589142781475 ], [ -172.29020633282363, 53.490601621273662 ], [ -172.322186553998677, 53.518664523998602 ], [ -172.37458197337034, 53.52153625869699 ], [ -172.412565489856519, 53.502457199163864 ], [ -172.505089613987593, 53.524074562401765 ], [ -172.492352562178723, 53.547152150443488 ], [ -172.409642677782841, 53.537497828377028 ], [ -172.364224331869622, 53.568208569760209 ], [ -172.372376838833844, 53.593415788634267 ], [ -172.217726142936442, 53.649160440285961 ], [ -172.110414255701045, 53.626914933550495 ] ] ], [ [ [ -174.170407073522568, 53.271226241351002 ], [ -174.129389183680388, 53.240104487847383 ], [ -174.139528915769915, 53.214075220305311 ], [ -174.182896646080593, 53.181756015073724 ], [ -174.160684881413772, 53.145779480504189 ], [ -174.209493459955468, 53.127674826969518 ], [ -174.242885447240184, 53.157539141314302 ], [ -174.319721001971459, 53.159140618877558 ], [ -174.332376860881766, 53.23395370224339 ], [ -174.270461807632671, 53.276837330775088 ], [ -174.170407073522568, 53.271226241351002 ] ] ], [ [ [ -173.815905640422983, 53.130801900461627 ], [ -173.884647696479732, 53.109405598011293 ], [ -173.862606311780922, 53.147188689947939 ], [ -173.815905640422983, 53.130801900461627 ] ] ], [ [ [ -174.030719497647567, 53.132354128907423 ], [ -174.086655376693557, 53.135595371686257 ], [ -174.070582513594132, 53.160301058062124 ], [ -174.011424515402211, 53.162736504920098 ], [ -174.030719497647567, 53.132354128907423 ] ] ], [ [ [ -173.908089884638173, 53.096414164469138 ], [ -173.966850152493976, 53.086997716026261 ], [ -174.006058059330371, 53.120449023393412 ], [ -173.948735632012244, 53.130124438974676 ], [ -173.908089884638173, 53.096414164469138 ] ] ], [ [ [ -174.154719747654951, 53.051850265649797 ], [ -174.113353297316337, 53.057672345484214 ], [ -174.12899176167565, 53.007941199333857 ], [ -174.274529446343365, 53.042131406702893 ], [ -174.233015142687236, 53.060815113854801 ], [ -174.149641320991094, 53.075714876056139 ], [ -174.154719747654951, 53.051850265649797 ] ] ], [ [ [ -174.295749933763915, 52.99559561876702 ], [ -174.234796546620885, 53.012939785470017 ], [ -174.251466586534349, 52.978083602950868 ], [ -174.284532716331114, 52.9542855776983 ], [ -174.344343685327004, 52.949247038551832 ], [ -174.408641079338338, 52.97498025060009 ], [ -174.333532872790755, 53.037814673787523 ], [ -174.295749933763915, 52.99559561876702 ] ] ], [ [ [ -174.716557084631745, 53.089294357570566 ], [ -174.741550715595793, 53.057894573491097 ], [ -174.784034837042583, 53.043684489430909 ], [ -174.799932190878309, 53.004662535899556 ], [ -174.770692028638166, 52.986498385930062 ], [ -174.634086630226477, 52.998435752665721 ], [ -174.600396739183651, 52.984249623367234 ], [ -174.611419684898181, 52.895512145437962 ], [ -174.664134041258905, 52.87066328537616 ], [ -174.705181573623463, 52.902373243657813 ], [ -174.778055244167234, 52.834715876979722 ], [ -174.87954183374103, 52.81485433431709 ], [ -174.921174505506684, 52.816788566850818 ], [ -174.945393774457131, 52.791584264604936 ], [ -175.018645639753004, 52.747859286877706 ], [ -175.046453429837754, 52.813986549912769 ], [ -175.074846960948264, 52.814588012298849 ], [ -175.159641030151818, 52.719637155995684 ], [ -175.212071024654023, 52.733334792446342 ], [ -175.193396682629668, 52.793483470156168 ], [ -175.095041450614872, 52.83647797031967 ], [ -175.061274822164506, 52.880157704933346 ], [ -175.111083741928439, 52.919495315946094 ], [ -175.037618835094207, 52.953895214009201 ], [ -174.99674796667037, 52.914407764141011 ], [ -174.956937528338841, 52.945012173694217 ], [ -174.966447311720202, 52.977921529760039 ], [ -174.892974095093336, 53.002836228420186 ], [ -174.961419925434683, 53.040987073633183 ], [ -174.97205955531993, 53.064845416259729 ], [ -174.94608786073124, 53.095642449945124 ], [ -174.874783637374804, 53.109074264340386 ], [ -174.81701808004658, 53.094199471786581 ], [ -174.780356313763974, 53.107324529121684 ], [ -174.764677738977554, 53.136718064911449 ], [ -174.703304443531835, 53.141382955768286 ], [ -174.716557084631745, 53.089294357570566 ] ] ], [ [ [ -174.490398777100893, 52.986108231828418 ], [ -174.444658229244823, 52.959011579883303 ], [ -174.511803510834028, 52.886704540201976 ], [ -174.589606847124202, 52.880150242490252 ], [ -174.586764580190788, 52.937666801089094 ], [ -174.596655861420345, 53.001471886593485 ], [ -174.567402270945735, 53.017226286973639 ], [ -174.508289355928071, 53.011903790648262 ], [ -174.490398777100893, 52.986108231828418 ] ] ], [ [ [ -175.23629933711328, 53.017611061559741 ], [ -175.241996577593596, 52.990150626764617 ], [ -175.316560560390315, 52.956562785399711 ], [ -175.310342276119997, 52.901935962787846 ], [ -175.333664944282901, 52.878515364978774 ], [ -175.326227889046834, 52.851216226327388 ], [ -175.364095561078074, 52.827988166003301 ], [ -175.407902336191796, 52.836557794743477 ], [ -175.484564986294629, 52.799297641537841 ], [ -175.567289517557128, 52.840452623987829 ], [ -175.650296905671041, 52.84034681812993 ], [ -175.692908606489254, 52.815298626680544 ], [ -175.803226975339612, 52.80575930887742 ], [ -175.830238698992986, 52.814914378660013 ], [ -175.892554183564499, 52.795201356241861 ], [ -175.908010335662311, 52.815489785392366 ], [ -175.847160049564934, 52.851732246017605 ], [ -175.75059066451621, 52.833905498234252 ], [ -175.638708265144516, 52.873320630504722 ], [ -175.541721844254056, 52.897077898589046 ], [ -175.486576097249838, 52.903086868493894 ], [ -175.419735821994749, 52.926215875770424 ], [ -175.397693842912673, 52.960102963385943 ], [ -175.353463999703308, 53.065567473779097 ], [ -175.320873670063207, 53.072066105629531 ], [ -175.256009082918183, 53.060705623503431 ], [ -175.223177611336979, 53.040431877525386 ], [ -175.23629933711328, 53.017611061559741 ] ] ], [ [ [ -176.19339742920306, 53.01660614609721 ], [ -176.139760435516905, 53.021016410226345 ], [ -176.09355299284536, 52.978398961496914 ], [ -176.115578159271678, 52.962145299528061 ], [ -176.0437984961616, 52.930716773763869 ], [ -175.988982519754188, 52.948592691351173 ], [ -175.927925750646693, 52.935649249513261 ], [ -175.846581328237448, 52.960641438399961 ], [ -175.811202740722848, 52.948704803121963 ], [ -175.87462639569523, 52.923399196538981 ], [ -175.913683096939963, 52.924533105679366 ], [ -176.022379997465322, 52.893746967846148 ], [ -175.994326647529107, 52.87513179280144 ], [ -176.053446102863973, 52.836232619483937 ], [ -176.05166420878416, 52.808200167087605 ], [ -176.089196782651328, 52.779694366387609 ], [ -176.143374199341139, 52.774578745858584 ], [ -176.156136524434032, 52.746753495665324 ], [ -176.253958027778765, 52.747635170346712 ], [ -176.271487621582821, 52.769683522546323 ], [ -176.340662199145299, 52.768317828913169 ], [ -176.319350304221786, 52.805749702636966 ], [ -176.269523440180052, 52.80094156058523 ], [ -176.198526222352115, 52.814889917150033 ], [ -176.159124351409389, 52.853228645134315 ], [ -176.223411978964037, 52.89245880447892 ], [ -176.257549819429698, 52.883349011954031 ], [ -176.295157981709906, 52.914821804954045 ], [ -176.41819245926618, 52.957778227105848 ], [ -176.384966269214146, 53.001554218447907 ], [ -176.308806033351175, 53.019276444607506 ], [ -176.19339742920306, 53.01660614609721 ] ] ], [ [ [ -176.9563370296828, 52.867571525233558 ], [ -176.995737054917242, 52.825295479750736 ], [ -177.039860351067773, 52.82322930768597 ], [ -177.093908313301171, 52.857802030910143 ], [ -177.04777946125111, 52.911829482549621 ], [ -176.976596284238724, 52.902017152304744 ], [ -176.9563370296828, 52.867571525233558 ] ] ], [ [ [ -178.475464265000113, 53.021366028134395 ], [ -178.479255251682275, 52.954429019316741 ], [ -178.614769943642756, 52.910492594739118 ], [ -178.677203726898654, 52.927970255305929 ], [ -178.740951554599633, 52.958782017827716 ], [ -178.725591032464195, 53.021453069542503 ], [ -178.685098613933889, 53.021035758294452 ], [ -178.622463554247844, 53.056529079799716 ], [ -178.55571042280468, 53.067918013711555 ], [ -178.500617513854678, 53.047977818078948 ], [ -178.475464265000113, 53.021366028134395 ] ] ], [ [ [ -177.205049052060787, 52.423033264835404 ], [ -177.252205694515482, 52.401946974083209 ], [ -177.289311507168861, 52.411408575501788 ], [ -177.215330368308059, 52.452556717081912 ], [ -177.205049052060787, 52.423033264835404 ] ] ], [ [ [ -179.643287387924971, 52.960836892503167 ], [ -179.727467606678061, 52.911508823167694 ], [ -179.801746774434918, 52.95838486651617 ], [ -179.769828151620459, 52.997950390899717 ], [ -179.724480637141909, 53.00331410427426 ], [ -179.666713610285001, 52.983176037409635 ], [ -179.643287387924971, 52.960836892503167 ] ] ], [ [ [ 179.929274286592602, 52.997368522802148 ], [ 179.869222903495142, 53.009642602470556 ], [ 179.863027128569627, 53.041392086756289 ], [ 179.912514202650584, 53.055154626108539 ], [ 179.951473195622896, 53.039999398945611 ], [ 179.929274286592602, 52.997368522802148 ] ] ], [ [ [ 179.423724479048417, 53.112382319513323 ], [ 179.445984909915751, 53.084221270871232 ], [ 179.398192687834381, 53.041967859206991 ], [ 179.28463680031652, 52.964279292045788 ], [ 179.335326388371726, 52.941936300242311 ], [ 179.289073959505771, 52.903317442824601 ], [ 179.247913619450031, 52.924974493376652 ], [ 179.20014913400027, 52.901068301102775 ], [ 179.147573545608424, 52.918067306315244 ], [ 179.083493700614838, 52.891106920400127 ], [ 179.055308412689641, 52.857107277024561 ], [ 179.007075997913091, 52.837012533146336 ], [ 178.930224147028269, 52.878267538473779 ], [ 179.046412120108329, 52.917570177517106 ], [ 179.122963821608892, 52.964142908277729 ], [ 179.228992812841028, 52.972779379256693 ], [ 179.267297453411629, 53.035662266430286 ], [ 179.318864931445006, 53.076283979764419 ], [ 179.335399996312589, 53.113120845173377 ], [ 179.383770536985963, 53.128623514792281 ], [ 179.423724479048417, 53.112382319513323 ] ] ], [ [ [ 174.711244093190345, 53.887591589086547 ], [ 174.754401658383415, 53.871341939282644 ], [ 174.803993064104276, 53.892621770727196 ], [ 174.886331732174739, 53.884439477026817 ], [ 174.93317795719949, 53.893039922793399 ], [ 174.978346024110351, 53.862006988410592 ], [ 174.950755181191141, 53.830061083289252 ], [ 175.051479444166347, 53.849290821995645 ], [ 175.107086425830971, 53.830388412173789 ], [ 175.080238542725738, 53.76509305520198 ], [ 175.133947712075013, 53.768652301515729 ], [ 175.16985542803971, 53.743312959812037 ], [ 175.08198526415066, 53.732861554994464 ], [ 175.021146409800082, 53.762435651575785 ], [ 174.945881864224219, 53.726533044005805 ], [ 174.893369945674749, 53.687352723987395 ], [ 174.856174882970151, 53.732300501697615 ], [ 174.785424653012711, 53.717301569414715 ], [ 174.775051136923139, 53.697200989373492 ], [ 174.704929511485261, 53.653334376130999 ], [ 174.672417041294466, 53.644992366695675 ], [ 174.660743744922769, 53.688808781327452 ], [ 174.640213866156699, 53.699202666344974 ], [ 174.568402037336995, 53.678921850159391 ], [ 174.523107368016014, 53.703622341502026 ], [ 174.543908261352044, 53.756057904275941 ], [ 174.527256638520385, 53.771893219823575 ], [ 174.437324321306875, 53.770920632466428 ], [ 174.423406245116723, 53.818751402417625 ], [ 174.362863302816692, 53.815410053125383 ], [ 174.292988050677451, 53.797480424392276 ], [ 174.236822865318885, 53.811837287388471 ], [ 174.343900244877631, 53.864337018980819 ], [ 174.451763240806343, 53.897752638831278 ], [ 174.597427483614325, 53.898117880980124 ], [ 174.711244093190345, 53.887591589086547 ] ] ], [ [ [ -177.380608423680428, 52.326013543566837 ], [ -177.412132038624605, 52.290083326461414 ], [ -177.461400716327432, 52.297439713226915 ], [ -177.456892779717833, 52.341675941052557 ], [ -177.387620414843298, 52.355625325708672 ], [ -177.380608423680428, 52.326013543566837 ] ] ], [ [ [ 175.94607581249673, 53.628050104583671 ], [ 175.851170588458416, 53.637925617816464 ], [ 175.886920427296246, 53.661718891630834 ], [ 175.934628534401412, 53.649163559739065 ], [ 175.94607581249673, 53.628050104583671 ] ] ], [ [ [ 177.725092915441223, 53.298920969896187 ], [ 177.676569503416346, 53.294226394607698 ], [ 177.654153521722066, 53.326546338189296 ], [ 177.715203735423643, 53.329199430648657 ], [ 177.725092915441223, 53.298920969896187 ] ] ], [ [ [ -179.969166027958693, 52.826876993604159 ], [ -179.925561421650059, 52.816623671909952 ], [ -179.959531694473753, 52.783720997943803 ], [ -179.995749169000959, 52.8148286333724 ], [ -179.969166027958693, 52.826876993604159 ] ] ], [ [ [ -179.532255632525846, 52.65402169398152 ], [ -179.415350416212846, 52.642442365427506 ], [ -179.365071006010282, 52.62611018139355 ], [ -179.369192644442165, 52.609120576304939 ], [ -179.301181807341123, 52.591587227691875 ], [ -179.26970979698001, 52.553790738416374 ], [ -179.203235939749561, 52.511263395345118 ], [ -179.14470074924651, 52.490281524515005 ], [ -179.113328822920238, 52.492822840868143 ], [ -179.080801153137969, 52.439122190935578 ], [ -179.031537111646259, 52.416507151131242 ], [ -178.972253753170321, 52.435812294440808 ], [ -178.841273386046737, 52.40423640885956 ], [ -178.913421008891959, 52.389856259450688 ], [ -178.975744037178117, 52.392329702596953 ], [ -179.102964262092144, 52.384138344324825 ], [ -179.085635274473304, 52.406993714707589 ], [ -179.146295835842949, 52.422803862376739 ], [ -179.199647766216884, 52.452371645908784 ], [ -179.33015858612535, 52.551888668001887 ], [ -179.445876508415409, 52.595685172691226 ], [ -179.507050753249473, 52.586133382880107 ], [ -179.653801077104674, 52.637765287647596 ], [ -179.631770878074661, 52.673145970014836 ], [ -179.532255632525846, 52.65402169398152 ] ] ], [ [ [ 175.435219736867822, 53.375658562154214 ], [ 175.449144476752025, 53.284711617780438 ], [ 175.368271594721278, 53.268771188923019 ], [ 175.348393125767018, 53.309227164438795 ], [ 175.292138435667965, 53.31240020891444 ], [ 175.19483555475253, 53.290191605490158 ], [ 175.083922758122384, 53.311053929235889 ], [ 175.113626656279621, 53.339120657679388 ], [ 175.267563752672743, 53.358349781384462 ], [ 175.363939067613757, 53.414560416366264 ], [ 175.492226833226425, 53.426875737810363 ], [ 175.521748068689249, 53.418838735001032 ], [ 175.435219736867822, 53.375658562154214 ] ] ] ] } },
{ "type": "Feature", "properties": { "electoral_college": 11, "ENGTYPE_1": "State", "HASC_1": "US.AZ", "GID_1": "USA.3_1", "join_name": "arizona", "ISO_1": "US-AZ", "TYPE_1": "State", "NL_NAME_1": "NA", "CC_1": "NA", "NAME_1": "Arizona", "COUNTRY": "UnitedStates", "VARNAME_1": "AZ|Ariz.", "GID_0": "USA", "pop": 11 }, "geometry": { "type": "Polygon", "coordinates": [ [ [ -112.685891280382734, 34.830213837683694 ], [ -112.672668624692875, 34.827862588972145 ], [ -112.605589812058483, 34.848456347587955 ], [ -112.492686256235544, 34.921426693066117 ], [ -112.471316050754794, 34.962304892458235 ], [ -112.443663111759193, 34.98947343002682 ], [ -112.367339840915434, 35.054049685183031 ], [ -112.32321389401055, 35.121955141755663 ], [ -112.323950664663712, 35.144701174205608 ], [ -112.282235053512878, 35.200183112530411 ], [ -112.305024304040415, 35.191569084909965 ], [ -112.290698167493517, 35.229488817355161 ], [ -112.292446307811161, 35.247819206188822 ], [ -112.342170102683681, 35.235283023511414 ], [ -112.373729226879277, 35.21187078733594 ], [ -112.449484373927106, 35.18488009781457 ], [ -112.432393624934591, 35.267541353770355 ], [ -112.375014819792526, 35.329618179288424 ], [ -112.32992387534668, 35.39826113508061 ], [ -112.331575217510277, 35.415774008532338 ], [ -112.299069780164899, 35.456332577050269 ], [ -112.33672883758527, 35.465092617963606 ], [ -112.289697416597178, 35.509256913758193 ], [ -112.262128653562755, 35.548616629590839 ], [ -112.256317710664206, 35.569961694383643 ], [ -112.212015434342689, 35.616059521688008 ], [ -112.159798929843561, 35.639802026922865 ], [ -112.076697083036635, 35.736470040098446 ], [ -112.043876921776246, 35.761382644990718 ], [ -111.988896015977446, 35.817393778236585 ], [ -111.983536315614799, 35.848944066552498 ], [ -111.960092441315965, 35.874077080842113 ], [ -111.937875891094151, 35.932675258786418 ], [ -111.891320414068431, 35.979941354122857 ], [ -111.877241236066993, 36.028848217338705 ], [ -111.872588202094789, 36.074245644492144 ], [ -111.862200716551058, 36.088528496102299 ], [ -111.856709799726204, 36.116579418196345 ], [ -111.846081178241434, 36.122117697284963 ], [ -111.835319317837019, 36.130129781336692 ], [ -111.826363691456649, 36.195422076251866 ], [ -111.809022883455484, 36.217749164732581 ], [ -111.758009809129049, 36.266345517880858 ], [ -111.731441060833703, 36.297269412091623 ], [ -111.715836408811683, 36.337581009785204 ], [ -111.680861907069016, 36.392210911852295 ], [ -111.616920937142908, 36.437251517257771 ], [ -111.586473701821632, 36.47418427142135 ], [ -111.573789067933845, 36.480622609183527 ], [ -111.543240811441521, 36.505433765220197 ], [ -111.537191811564711, 36.519652485116389 ], [ -111.482337450989974, 36.586951851721018 ], [ -111.470198393152174, 36.590624477019624 ], [ -111.466790434450147, 36.59468831152369 ], [ -111.459943483807805, 36.633408551314282 ], [ -111.471676272701686, 36.675361290606752 ], [ -111.489994909566988, 36.67884686469349 ], [ -111.501445077682234, 36.707394809998647 ], [ -111.528861729702129, 36.745482044405193 ], [ -111.554410189653112, 36.746316442721053 ], [ -111.531478304678842, 36.815364097704759 ], [ -111.533562494770976, 36.857135273136336 ], [ -111.543117647683786, 36.870438277960552 ], [ -111.531400650092365, 36.949117832524962 ], [ -111.530724572183985, 36.992724875109708 ], [ -111.548026795765423, 37.011716754459528 ], [ -111.562520488395307, 37.047180642298628 ], [ -111.560785642484717, 37.099339571963995 ], [ -111.578493939316729, 37.14522994482337 ], [ -111.566810722705839, 37.180840824401152 ], [ -111.545305515558908, 37.274302740115338 ], [ -111.544379498910104, 37.295638242182442 ], [ -111.538545995896612, 37.321207161300556 ], [ -111.512782442362138, 37.3733131423798 ], [ -111.529618836705922, 37.394181699397933 ], [ -111.515240391687314, 37.422607316629161 ], [ -111.485792383838373, 37.439637978337664 ], [ -111.474989812210524, 37.477776106182631 ], [ -111.45769833285047, 37.672368843199813 ], [ -111.461834343078706, 37.753944709297571 ], [ -111.477972023504392, 37.855031276567125 ], [ -111.477868899335249, 37.916177083518754 ], [ -111.466192657627232, 37.944831271347326 ], [ -111.471882143004436, 38.010643748875331 ], [ -111.461404501584937, 38.058616451682042 ], [ -111.47440865215637, 38.097131345674377 ], [ -111.472771666914028, 38.157062928283459 ], [ -111.483461289799635, 38.183978027163811 ], [ -111.481394861476431, 38.244858605463293 ], [ -111.494677350441847, 38.354905736878806 ], [ -111.49610023541203, 38.421305090096837 ], [ -111.477166623020508, 38.451443216050343 ], [ -111.502887325105291, 38.516628369437825 ], [ -111.524366903767955, 38.590106770216543 ], [ -111.540127575041282, 38.665169785583181 ], [ -111.541958990149695, 38.753156212649507 ], [ -111.553567576374405, 38.796175923501771 ], [ -111.561829392191029, 38.827791583410225 ], [ -111.57172399829193, 38.887913521013751 ], [ -111.553469756684038, 38.899981511205326 ], [ -111.549829751001639, 38.906107870695081 ], [ -111.538445020823872, 38.913074638351929 ], [ -111.528769000276455, 38.951334519124735 ], [ -111.472028312945426, 38.950690840821331 ], [ -111.46747664450794, 38.944087151304736 ], [ -111.425919308699832, 38.887267580219891 ], [ -111.417725788521253, 38.917814033138868 ], [ -111.39740251403633, 38.905648507156997 ], [ -111.354745329137401, 38.815432750886032 ], [ -111.340403666314629, 38.749741896513434 ], [ -111.312081346713072, 38.706402498706943 ], [ -111.305041117266498, 38.676038936491018 ], [ -111.279520416670252, 38.643585231414455 ], [ -111.24492724795634, 38.659225414748967 ], [ -111.247696568511358, 38.720094087997914 ], [ -111.252021829628674, 38.911606394458289 ], [ -111.246271315380525, 38.931442230650077 ], [ -111.389503541785359, 39.508376160107332 ], [ -111.789473425427843, 40.503842299646102 ], [ -110.998276492597569, 40.163894076812511 ], [ -110.609658013119329, 40.012019670743889 ], [ -109.769329015383647, 39.642198167218446 ], [ -109.76280075416139, 39.632749015949479 ], [ -108.819996570111087, 39.237082500633761 ], [ -108.2703211967643, 36.470865870336013 ], [ -108.918055715687302, 34.482381220938755 ], [ -109.246888074260482, 34.416515730749751 ], [ -110.144952099726211, 34.230661573566501 ], [ -110.375716489186701, 34.174790536763034 ], [ -110.939071945590996, 34.395159392847312 ], [ -111.708463602796797, 34.520445051423401 ], [ -112.265246567487949, 34.526499062396049 ], [ -112.968304356299541, 34.490266974536453 ], [ -112.935028117841668, 34.536146740398848 ], [ -112.927850302048569, 34.563879323821233 ], [ -112.881131379470148, 34.641804492246429 ], [ -112.823499315141945, 34.683239794144122 ], [ -112.685891280382734, 34.830213837683694 ] ] ] } },
{ "type": "Feature", "properties": { "electoral_college": 6, "ENGTYPE_1": "State", "HASC_1": "US.AR", "GID_1": "USA.4_1", "join_name": "arkansas", "ISO_1": "US-AR", "TYPE_1": "State", "NL_NAME_1": "NA", "CC_1": "NA", "NAME_1": "Arkansas", "COUNTRY": "UnitedStates", "VARNAME_1": "AR|Ark.", "GID_0": "USA", "pop": 6 }, "geometry": { "type": "Polygon", "coordinates": [ [ [ -97.144979571146607, 34.3475175656327 ], [ -98.196522886314369, 34.501135130474708 ], [ -98.325367917510803, 35.030412826874517 ], [ -98.35409094184817, 35.053818258535749 ], [ -98.393364098035804, 35.054119258794145 ], [ -98.460454422715969, 35.083019182920154 ], [ -98.480892039497647, 35.055442297955004 ], [ -98.528935667672727, 35.06961695273236 ], [ -98.621700353188984, 35.061491895827068 ], [ -98.678868262141194, 35.111763816891546 ], [ -98.717521949496586, 35.123662913248687 ], [ -98.723895153637983, 35.131130384740267 ], [ -98.720953547308852, 35.151995743995293 ], [ -98.712153802274187, 35.163830265038904 ], [ -98.721985284897798, 35.168339885141386 ], [ -98.745955362899082, 35.166413411289334 ], [ -99.011877832744076, 35.928227565416684 ], [ -99.089947701437907, 36.0997809506081 ], [ -99.094933882459287, 36.115046563393435 ], [ -99.416210751190519, 36.696241613497243 ], [ -99.50773203125263, 36.805826863509282 ], [ -99.705954752451092, 37.049988872453625 ], [ -99.896459192148896, 37.296354702588069 ], [ -100.237492130631239, 37.77823838526912 ], [ -98.989263114337959, 37.473450877690517 ], [ -98.00013139436291, 37.193935804798905 ], [ -97.591931838792391, 37.105538058993211 ], [ -96.175539608928133, 36.950544264950217 ], [ -96.142968728771663, 36.896398312835565 ], [ -96.147374671770365, 36.879818540401388 ], [ -96.062810739754667, 36.841888630862151 ], [ -96.060983823730396, 36.782361449273274 ], [ -96.041286132619092, 36.757520488902351 ], [ -96.077150280171551, 36.728073708302858 ], [ -96.082418011331669, 36.695737175994054 ], [ -96.13206443304243, 36.67506620766931 ], [ -96.158697045618311, 36.653005273170656 ], [ -96.1628763775321, 36.613713574638915 ], [ -96.205445406319441, 36.59478611492419 ], [ -96.250782002021893, 36.490460384805615 ], [ -96.141198837554214, 36.484838501076375 ], [ -95.895900274968639, 36.472134962886379 ], [ -95.742833580807655, 36.468225677737848 ], [ -95.619138898791022, 36.461295708560435 ], [ -95.60701076332451, 36.423756376459231 ], [ -95.540906905865953, 36.386270419327523 ], [ -95.520306762314803, 36.363685093078885 ], [ -95.534069044115242, 36.344403567214016 ], [ -95.587082443104862, 36.369317695248391 ], [ -95.635030002773945, 36.356821203500488 ], [ -95.619669937035255, 36.325184502097628 ], [ -95.56030103267021, 36.303918469079534 ], [ -95.552529770061298, 36.283217515326278 ], [ -95.605706381703612, 36.280990412949798 ], [ -95.630488145033695, 36.267944488910672 ], [ -95.642555708072862, 36.233549236144086 ], [ -95.693700269948579, 36.223375739979652 ], [ -95.730328411618288, 36.242786259049367 ], [ -95.76952051267952, 36.225775563246515 ], [ -95.75896922742794, 36.185918815004513 ], [ -95.700415385796504, 36.144093191542069 ], [ -95.666319289650289, 36.155049395318045 ], [ -95.642893958500267, 36.118861644088838 ], [ -95.711587707597019, 36.097981854178258 ], [ -95.699534466663067, 36.060864823125641 ], [ -95.650300677477901, 36.029450029052427 ], [ -95.649279723174942, 36.017146137495644 ], [ -95.696234807528739, 36.026038953054183 ], [ -95.742622347414397, 36.062458167035466 ], [ -95.787668645328154, 36.059975274959555 ], [ -95.7856188287317, 36.024253547295956 ], [ -95.739731542204837, 35.981827888627706 ], [ -95.743305061483042, 35.912205639470493 ], [ -95.769366507616098, 35.934350436477963 ], [ -95.786091568387292, 35.978129382935194 ], [ -95.823190226023101, 36.001395766309834 ], [ -95.840979116504656, 35.971660669840986 ], [ -95.869259976478844, 35.953728200879816 ], [ -95.865182364668883, 35.925428231267581 ], [ -95.832325554231303, 35.910997469156825 ], [ -95.822565374763599, 35.913984314604789 ], [ -95.824911544861479, 35.94556149735115 ], [ -95.762401525201554, 35.910637074935401 ], [ -95.777975317961236, 35.876370373300283 ], [ -95.764395722932093, 35.845319871418674 ], [ -95.808469031655434, 35.844973565874511 ], [ -95.784873725326406, 35.802727549537778 ], [ -95.73713844679601, 35.795151604942497 ], [ -95.690751391555693, 35.756541099567464 ], [ -95.714294952934267, 35.726746837394273 ], [ -95.65143144517458, 35.690925462631988 ], [ -95.668726272929192, 35.66716041208489 ], [ -95.738247984882932, 35.689805455528628 ], [ -95.74991444403598, 35.678967872671912 ], [ -95.729879974460204, 35.602293087106879 ], [ -95.743156793017064, 35.602088299309244 ], [ -95.823295629286605, 35.626125377055047 ], [ -95.822528310785032, 35.596644679877599 ], [ -95.816316894176055, 35.587154660814072 ], [ -95.736834373281511, 35.535884306269104 ], [ -95.711749595789783, 35.496803911652563 ], [ -95.751529816287388, 35.476234879589391 ], [ -95.755503724053824, 35.454404174465608 ], [ -95.787256692917424, 35.472795415368431 ], [ -95.818565024290749, 35.467402839315859 ], [ -95.826339626687187, 35.45763775068108 ], [ -95.874765394259015, 35.504621230734273 ], [ -95.911389930003452, 35.527375836270075 ], [ -95.920580483097893, 35.525739037723724 ], [ -95.923967764226006, 35.520735139360013 ], [ -95.920596994028344, 35.512135483267784 ], [ -95.892421055313321, 35.484079551505225 ], [ -95.876713937545532, 35.468079261905444 ], [ -95.870253736964926, 35.439454597990327 ], [ -95.825150229503365, 35.396111287569632 ], [ -95.824876670108864, 35.380743358032575 ], [ -95.849257225440724, 35.380136735527529 ], [ -95.884636292909846, 35.395347681043745 ], [ -95.892796428704429, 35.434138983439468 ], [ -95.911816997731393, 35.418978703015384 ], [ -95.914198482435907, 35.386915148876255 ], [ -95.884756401072522, 35.369785706972493 ], [ -95.809154519900602, 35.342803274191532 ], [ -95.802977169799959, 35.32241934404631 ], [ -95.824821280053499, 35.299139677818566 ], [ -95.870635077397594, 35.320622347902493 ], [ -95.871469816720264, 35.34251976418733 ], [ -95.914251090643006, 35.356958009096054 ], [ -95.869584297900516, 35.289327314050603 ], [ -95.799076666355958, 35.224120637106921 ], [ -95.818067057935224, 35.192631346898978 ], [ -95.796908551099278, 35.156724217598033 ], [ -95.758950209311294, 35.12361310377981 ], [ -95.750066376296203, 35.100275778449003 ], [ -95.767250469858084, 35.089447534856269 ], [ -95.80971058124193, 35.088174012314724 ], [ -95.776225719047503, 35.037255634811359 ], [ -95.809235586468944, 35.047465483057763 ], [ -95.821583675180847, 35.083573656293972 ], [ -95.898632407020898, 35.110586092867244 ], [ -95.891937474014895, 35.089101101568318 ], [ -95.851629111163533, 35.048741210406227 ], [ -95.850615044950743, 35.019689871930289 ], [ -95.907920263751663, 35.033895951428981 ], [ -95.887806545095486, 34.981853567011314 ], [ -95.926798613872123, 34.996777863594907 ], [ -95.970385372908879, 35.031528505212357 ], [ -95.983287962726095, 35.026085819032211 ], [ -95.939179996123272, 34.983678010094131 ], [ -95.904753289994474, 34.964961815833412 ], [ -95.860605560051056, 34.954110658878662 ], [ -95.820996033631829, 34.927458918468908 ], [ -95.819204703706944, 34.906373382605793 ], [ -95.865049500624494, 34.919698283961189 ], [ -95.916793169164464, 34.952019348250737 ], [ -95.941929133742121, 34.931709576111366 ], [ -95.905184341427017, 34.897597531056576 ], [ -95.828442788922146, 34.864223529632788 ], [ -95.802610198507708, 34.804356988707148 ], [ -95.897053705717042, 34.830333668561316 ], [ -95.839612721193845, 34.771062026908609 ], [ -95.869478444422938, 34.777369612987684 ], [ -95.916813138765022, 34.823343332313485 ], [ -95.968683942106296, 34.822395025422338 ], [ -95.956558945256177, 34.802668314261936 ], [ -95.883114699167393, 34.764732592436772 ], [ -95.856774346433411, 34.74481226465852 ], [ -95.879492281400957, 34.704173710705554 ], [ -95.818691886994387, 34.641237065970472 ], [ -95.766227642355432, 34.612372487188871 ], [ -95.735523668140559, 34.583457122820867 ], [ -95.753287969048003, 34.577107316246426 ], [ -95.802570530277535, 34.606386017143016 ], [ -95.889954552690426, 34.633391434714078 ], [ -95.863633998658116, 34.590086765417638 ], [ -95.80312061129051, 34.550429802885773 ], [ -95.770550285223763, 34.546026157247624 ], [ -95.710026957213387, 34.495760217919063 ], [ -95.741294143657896, 34.489728922897882 ], [ -95.758073874462582, 34.494498878165331 ], [ -95.775910197211772, 34.504677172821104 ], [ -95.831936960808022, 34.544305675112817 ], [ -95.862650286926751, 34.56968438035112 ], [ -95.908463009912808, 34.582459468593697 ], [ -95.891824829044026, 34.544567157067569 ], [ -95.851676506413042, 34.525984133172152 ], [ -95.779644595176833, 34.474668998490195 ], [ -95.758130319188027, 34.442625421596745 ], [ -95.834027800142948, 34.449848647567983 ], [ -95.827281526799609, 34.431863326938185 ], [ -95.759336308410198, 34.382305349252825 ], [ -95.743988436136078, 34.342827130237801 ], [ -95.75559945704272, 34.317327783060364 ], [ -95.701636027484213, 34.299130266045424 ], [ -95.696227789245256, 34.308269567385594 ], [ -95.734619779387927, 34.357336944349662 ], [ -95.66677285819614, 34.315804290759267 ], [ -95.642124776942879, 34.27100582319985 ], [ -95.703217828988514, 34.282440698482269 ], [ -95.648280096294158, 34.23390954854284 ], [ -95.59562828113485, 34.231689321605714 ], [ -95.599894485335739, 34.245437017282136 ], [ -95.618946388291235, 34.284261567748821 ], [ -95.605573906062858, 34.280668595751642 ], [ -95.58479682079016, 34.26823388374013 ], [ -95.564896765063338, 34.242948690156496 ], [ -95.570503590863851, 34.230303433820019 ], [ -95.593529047105747, 34.179077957033385 ], [ -95.568919206015906, 34.143743090520424 ], [ -95.508650781527621, 34.080890838012991 ], [ -95.496703396740102, 34.107639179455511 ], [ -95.471829218509981, 34.099228939320085 ], [ -95.45423953874095, 34.072462029825502 ], [ -95.473708334376596, 34.047418518435627 ], [ -95.446887840945678, 34.012373245386009 ], [ -95.431178444180233, 33.972078822219594 ], [ -95.467587982089881, 33.976399357392204 ], [ -95.525046588373428, 34.001757479425727 ], [ -95.51338396825625, 33.971947260087767 ], [ -95.434530266600021, 33.920823617370921 ], [ -95.41307992454729, 33.895215029240504 ], [ -95.42921468495453, 33.868405375401601 ], [ -96.208200783068889, 34.100342070929003 ], [ -97.144979571146607, 34.3475175656327 ] ] ] } },
{ "type": "Feature", "properties": { "electoral_college": 55, "ENGTYPE_1": "State", "HASC_1": "US.CA", "GID_1": "USA.5_1", "join_name": "california", "ISO_1": "US-CA", "TYPE_1": "State", "NL_NAME_1": "NA", "CC_1": "NA", "NAME_1": "California", "COUNTRY": "UnitedStates", "VARNAME_1": "CA|Calif.", "GID_0": "USA", "pop": 55 }, "geometry": { "type": "MultiPolygon", "coordinates": [ [ [ [ -122.120076553452122, 44.071969928396847 ], [ -121.976131195548575, 44.088774706919892 ], [ -121.231873161347679, 44.183435404035585 ], [ -121.176952347559464, 44.192685606616735 ], [ -120.682032076104491, 44.25595331464708 ], [ -120.321148300791251, 44.308124749323696 ], [ -120.166850563043567, 44.32595685216878 ], [ -119.43238556150142, 44.416147852540497 ], [ -119.150488378013975, 44.43511670613519 ], [ -118.986902130242939, 44.439364918329325 ], [ -118.694521931135995, 44.435343354652098 ], [ -118.323473353492503, 44.416200347920082 ], [ -117.969622169478072, 44.391250238668732 ], [ -117.863288796269956, 44.382574886763749 ], [ -116.873236033588768, 44.316234453769596 ], [ -116.839203409526306, 44.226655857577938 ], [ -116.578522679193824, 43.896941641468587 ], [ -116.222176842387768, 43.530713947510897 ], [ -116.082135271202432, 43.36655430487059 ], [ -115.893717546695243, 43.099873070223566 ], [ -115.740131888932623, 42.847107391309621 ], [ -115.669635274982269, 42.683533817472728 ], [ -115.586116257853135, 42.409016345376429 ], [ -114.647344499800639, 41.987748074088934 ], [ -114.357368788239953, 41.734293715102638 ], [ -113.978892741113029, 41.425304121508844 ], [ -113.595216272881743, 41.194153423462204 ], [ -113.430416740924258, 41.080670817450006 ], [ -113.216405764308249, 40.852651938228249 ], [ -112.482258376613146, 39.503491906938905 ], [ -111.982515292031962, 38.339783325857233 ], [ -111.980755434707802, 38.34020124321583 ], [ -111.664065773943648, 37.539617854022154 ], [ -111.545455298554359, 37.283332917548293 ], [ -111.545305515558908, 37.274302740115338 ], [ -111.566810722705839, 37.180840824401152 ], [ -111.578493939316729, 37.14522994482337 ], [ -111.560785642484717, 37.099339571963995 ], [ -111.562520488395307, 37.047180642298628 ], [ -111.548026795765423, 37.011716754459528 ], [ -111.530724572183985, 36.992724875109708 ], [ -111.531400650092365, 36.949117832524962 ], [ -111.543117647683786, 36.870438277960552 ], [ -111.533562494770976, 36.857135273136336 ], [ -111.531478304678842, 36.815364097704759 ], [ -111.554410189653112, 36.746316442721053 ], [ -111.528861729702129, 36.745482044405193 ], [ -111.501445077682234, 36.707394809998647 ], [ -111.489994909566988, 36.67884686469349 ], [ -111.471676272701686, 36.675361290606752 ], [ -111.459943483807805, 36.633408551314282 ], [ -111.466790434450147, 36.59468831152369 ], [ -111.470198393152174, 36.590624477019624 ], [ -111.482337450989974, 36.586951851721018 ], [ -111.537191811564711, 36.519652485116389 ], [ -111.543240811441521, 36.505433765220197 ], [ -111.573789067933845, 36.480622609183527 ], [ -111.586473701821632, 36.47418427142135 ], [ -111.616920937142908, 36.437251517257771 ], [ -111.680861907069016, 36.392210911852295 ], [ -111.715836408811683, 36.337581009785204 ], [ -111.731441060833703, 36.297269412091623 ], [ -111.758009809129049, 36.266345517880858 ], [ -111.809022883455484, 36.217749164732581 ], [ -111.826363691456649, 36.195422076251866 ], [ -111.835319317837019, 36.130129781336692 ], [ -111.846081178241434, 36.122117697284963 ], [ -111.856709799726204, 36.116579418196345 ], [ -111.862200716551058, 36.088528496102299 ], [ -111.872588202094789, 36.074245644492144 ], [ -111.877241236066993, 36.028848217338705 ], [ -111.891320414068431, 35.979941354122857 ], [ -111.937875891094151, 35.932675258786418 ], [ -111.960092441315965, 35.874077080842113 ], [ -111.983536315614799, 35.848944066552498 ], [ -111.988896015977446, 35.817393778236585 ], [ -112.043876921776246, 35.761382644990718 ], [ -112.076697083036635, 35.736470040098446 ], [ -112.159798929843561, 35.639802026922865 ], [ -112.212015434342689, 35.616059521688008 ], [ -112.256317710664206, 35.569961694383643 ], [ -112.262128653562755, 35.548616629590839 ], [ -112.289697416597178, 35.509256913758193 ], [ -112.33672883758527, 35.465092617963606 ], [ -112.299069780164899, 35.456332577050269 ], [ -112.331575217510277, 35.415774008532338 ], [ -112.32992387534668, 35.39826113508061 ], [ -112.375014819792526, 35.329618179288424 ], [ -112.432393624934591, 35.267541353770355 ], [ -112.449484373927106, 35.18488009781457 ], [ -112.373729226879277, 35.21187078733594 ], [ -112.342170102683681, 35.235283023511414 ], [ -112.292446307811161, 35.247819206188822 ], [ -112.290698167493517, 35.229488817355161 ], [ -112.305024304040415, 35.191569084909965 ], [ -112.282235053512878, 35.200183112530411 ], [ -112.323950664663712, 35.144701174205608 ], [ -112.32321389401055, 35.121955141755663 ], [ -112.367339840915434, 35.054049685183031 ], [ -112.443663111759193, 34.98947343002682 ], [ -112.471316050754794, 34.962304892458235 ], [ -112.492686256235544, 34.921426693066117 ], [ -112.605589812058483, 34.848456347587955 ], [ -112.672668624692875, 34.827862588972145 ], [ -112.685891280382734, 34.830213837683694 ], [ -112.725816939183531, 34.789702178326962 ], [ -114.461195882482841, 34.087595846566657 ], [ -115.580456323141917, 33.720148776149216 ], [ -115.544393261167997, 33.775553983251974 ], [ -115.511398240327367, 33.78846674342968 ], [ -115.522447135398835, 33.82671902060747 ], [ -115.510511145184338, 33.850912833175258 ], [ -115.559842341345927, 33.86618665625813 ], [ -115.602001830303777, 33.867424285990786 ], [ -115.666431357423377, 33.832175834845721 ], [ -115.642559760036718, 33.875262536941513 ], [ -115.604640889198606, 33.902820982776554 ], [ -115.638486669326255, 33.935089701955839 ], [ -115.630908799690545, 33.951545653067825 ], [ -115.573842570445223, 33.992835561038916 ], [ -115.542821915677465, 34.098651935820357 ], [ -115.539582182927916, 34.189977642066594 ], [ -115.630699279660121, 34.299953398232212 ], [ -115.660468669528058, 34.320643196282241 ], [ -115.722022775377354, 34.33399116624819 ], [ -115.816574194172361, 34.367278940719679 ], [ -115.869761942086441, 34.35239976661137 ], [ -115.917927790266148, 34.39672063121737 ], [ -116.009489565795434, 34.403264246488533 ], [ -116.026007364841504, 34.411020284171265 ], [ -116.088291817638364, 34.399326994468645 ], [ -116.172619100858753, 34.412202584696722 ], [ -116.259016744252179, 34.443789267520465 ], [ -116.373631250022328, 34.435008753030139 ], [ -116.396014773251366, 34.418414176144431 ], [ -116.4625222693235, 34.408238699951028 ], [ -116.580951189386752, 34.352876852412727 ], [ -116.696348285420541, 34.350195747762214 ], [ -116.739577857435151, 34.340478915980434 ], [ -116.744393234119514, 34.362515869647787 ], [ -116.679753217005384, 34.393722951731846 ], [ -116.658233642962443, 34.418891491355467 ], [ -116.681954883000813, 34.481094104501182 ], [ -116.718220385022349, 34.504269487385045 ], [ -116.768781677575774, 34.514088264665162 ], [ -116.836310266594396, 34.50789959927755 ], [ -117.124815599355202, 34.449518856421783 ], [ -117.204813698125548, 34.429143503104875 ], [ -117.251539636712153, 34.409207372380351 ], [ -117.312426052890444, 34.419663889216835 ], [ -117.451443014752684, 34.405398361913193 ], [ -117.646350218551873, 34.407514739877314 ], [ -117.778740841572912, 34.407670027004102 ], [ -117.838021180505876, 34.421878046967265 ], [ -117.886420993545826, 34.422339055862992 ], [ -117.921110889889007, 34.444311338371534 ], [ -117.962604112726581, 34.509411088683564 ], [ -118.14773826622438, 34.537549173698096 ], [ -118.256784817691653, 34.580747219068122 ], [ -118.393958104919747, 34.593112837872759 ], [ -118.438431571858587, 34.608654809310956 ], [ -118.528998849379079, 34.608963500731605 ], [ -118.660468036434949, 34.59425056260055 ], [ -118.73616236676223, 34.574196167591047 ], [ -118.829049094373715, 34.590173047104777 ], [ -118.900473038280495, 34.590262351375863 ], [ -119.001637893921043, 34.577376232405761 ], [ -119.087191871793536, 34.603747321970566 ], [ -119.134677573917472, 34.603055655258572 ], [ -119.224822628967786, 34.627222677786229 ], [ -119.371206059004066, 34.627965751009356 ], [ -119.459921974565404, 34.641984683829229 ], [ -119.506700650165854, 34.639191101920737 ], [ -119.724889098189777, 34.648125796742384 ], [ -119.799973678870415, 34.63944095144997 ], [ -120.013259423706245, 34.646131057083053 ], [ -120.026818026980948, 34.673863568550864 ], [ -120.09389359012323, 34.721313264269902 ], [ -120.208802695810832, 34.76017119082924 ], [ -120.276156989924758, 34.762594842375783 ], [ -120.317319706570402, 34.790581827061978 ], [ -120.262419197057952, 34.917861710819544 ], [ -120.33288132781648, 34.979992875240718 ], [ -120.29065683484761, 35.086464098240988 ], [ -120.356753225749742, 35.163534028858855 ], [ -120.396477258612435, 35.166018790709686 ], [ -120.337565396938885, 35.336416990069083 ], [ -120.316719618768587, 35.463356454724995 ], [ -120.330619587683813, 35.526116412678455 ], [ -120.439821194111943, 35.585698821890261 ], [ -120.606062597873063, 35.590382689710019 ], [ -120.736196120309842, 35.638118463670722 ], [ -120.802912342368089, 35.698924141921147 ], [ -120.801723419527264, 35.746293863426033 ], [ -120.720276422269563, 35.847225577001758 ], [ -120.673562318533456, 35.879036397667676 ], [ -120.714991102505238, 35.940765408874142 ], [ -120.724409149840355, 36.011331695140065 ], [ -120.784268459947995, 36.075650826731618 ], [ -120.862907355659274, 36.05987778852171 ], [ -120.973333429914405, 36.08491507093462 ], [ -121.131935382207502, 36.235451598592164 ], [ -121.175470924945245, 36.326763594146769 ], [ -121.253354890407849, 36.401875714856025 ], [ -121.325536175352752, 36.400668354921144 ], [ -121.470061869740249, 36.437345911110661 ], [ -121.514933677926692, 36.524322840076053 ], [ -121.509446476755699, 36.607206572859987 ], [ -121.532587940920862, 36.657192292959735 ], [ -121.635983863180215, 36.733416457901967 ], [ -121.675320593941848, 36.790578865180464 ], [ -121.75794979052111, 36.836200126327064 ], [ -121.769305392702634, 36.94277329282545 ], [ -121.803626025434227, 37.058404164181098 ], [ -121.938223651142721, 37.087922416513656 ], [ -122.028055844155077, 37.267720793095663 ], [ -122.156183202689604, 37.388841840114729 ], [ -122.270587757177154, 37.445533213539179 ], [ -122.370638978990257, 37.47155028139273 ], [ -122.399933962302654, 37.525079359501689 ], [ -122.489030033522454, 37.58892307838321 ], [ -122.46985206792732, 37.654274694203814 ], [ -122.498287930175721, 37.772445825147074 ], [ -122.502381293339283, 37.883601773280624 ], [ -122.534793473664266, 38.002502329431643 ], [ -122.492354833688637, 38.038702817279329 ], [ -122.561187096211398, 38.106731626501386 ], [ -122.447295491540999, 38.234927631593159 ], [ -122.369315065637963, 38.172299136944794 ], [ -122.267412071490014, 38.237076304615691 ], [ -122.196693672467589, 38.323634128541549 ], [ -122.11260590616159, 38.511488443886527 ], [ -122.049547183883519, 38.613940971477987 ], [ -122.105167081020525, 38.753809543977582 ], [ -122.208790800460818, 38.884882359673114 ], [ -122.314333015221564, 38.907721465073088 ], [ -122.39944131118186, 38.849316538068891 ], [ -122.485551816816823, 38.856761214083669 ], [ -122.608342123232191, 38.80925950670597 ], [ -122.759334879204019, 38.839452104676816 ], [ -122.911264918159901, 38.975997173013141 ], [ -122.954664796646, 39.053207270897474 ], [ -123.059396423153544, 39.119658319646767 ], [ -123.113743962045419, 39.19745238079868 ], [ -123.115649063112912, 39.288959941496294 ], [ -123.041629453076098, 39.501863161718248 ], [ -123.075408920735001, 39.627588124985309 ], [ -123.063867794640771, 39.704581010469134 ], [ -123.086762944206839, 39.743226683226816 ], [ -123.129067037718329, 39.73409102216263 ], [ -123.141621136727537, 39.794788914647654 ], [ -123.103653980841486, 39.904836871958857 ], [ -123.058093355889184, 39.965962902081252 ], [ -123.032416705753619, 40.065235390380799 ], [ -123.004430450074736, 40.224566318382522 ], [ -122.912553253290525, 40.294170436341041 ], [ -122.819300211935911, 40.32686681045125 ], [ -122.798837888500927, 40.172116032623968 ], [ -122.854344928203247, 40.146282118988523 ], [ -122.855041488573605, 40.057687234423121 ], [ -122.887421982597758, 40.034962754736554 ], [ -122.859547168419638, 39.948790639371111 ], [ -122.783654258121857, 39.962504720596286 ], [ -122.694804531712251, 39.949650246692137 ], [ -122.67051852266431, 39.916025812120516 ], [ -122.595741604929728, 39.905829563036988 ], [ -122.639569155510912, 39.813154504334037 ], [ -122.497904268148616, 39.820950832730112 ], [ -122.371627156967435, 39.751407968649843 ], [ -122.308981565168423, 39.749062779671029 ], [ -122.286292100603589, 39.821877061672012 ], [ -122.318390558742053, 39.872993735208645 ], [ -122.428665259561356, 39.881583500675433 ], [ -122.444270494244563, 39.973518325701058 ], [ -122.446681497305292, 40.15718198238671 ], [ -122.50610311718853, 40.22408593501796 ], [ -122.591030928272147, 40.228419376389567 ], [ -122.565202583389109, 40.280798233820079 ], [ -122.705728892348773, 40.304079811232064 ], [ -122.603963211107825, 40.450841213855121 ], [ -122.614022414894023, 40.528091015127096 ], [ -122.725285153183108, 40.506157138596777 ], [ -122.747026509407803, 40.537297883897338 ], [ -122.668699436955919, 40.625704683632527 ], [ -122.501503526619203, 40.717979014995393 ], [ -122.404523401081732, 40.802770784397474 ], [ -122.263531840035242, 40.836609363606904 ], [ -122.199664388420643, 40.799020641090202 ], [ -122.01461290256556, 40.884206711730705 ], [ -121.915400186030595, 40.909913496864824 ], [ -121.745801171607965, 40.922782552070068 ], [ -121.559057308154379, 40.916904659394646 ], [ -121.46160397930538, 40.927874593194687 ], [ -121.387794750827013, 40.980110463699361 ], [ -121.213152065620179, 41.046474868794114 ], [ -121.133631412520771, 41.054568116087154 ], [ -121.106881261829599, 41.116878497058813 ], [ -121.37043589187391, 40.995435626285015 ], [ -121.479300366609522, 40.999939495857113 ], [ -121.632373605058788, 40.938544644186052 ], [ -121.635136620514515, 40.994655240257259 ], [ -121.784681855357221, 40.955705588291686 ], [ -121.874210651384686, 40.977922795505428 ], [ -121.782937474364402, 41.022153784722924 ], [ -121.803249613092603, 41.055848373633197 ], [ -121.901377820935082, 41.038464557884616 ], [ -122.156856006263496, 40.839723739561329 ], [ -122.214277773820882, 40.831350102714218 ], [ -122.247945306627656, 40.866505721585817 ], [ -122.415573977071361, 40.824429992228957 ], [ -122.457505117161887, 40.880727489589248 ], [ -122.574779139936496, 40.902065763608185 ], [ -122.672536216750984, 40.836480130953092 ], [ -122.729006899445736, 40.818305635063332 ], [ -122.825153927805019, 40.65178574458497 ], [ -122.781632563252529, 40.638417673119889 ], [ -122.857302440452898, 40.565716728437096 ], [ -122.867982439248976, 40.463155868908622 ], [ -122.822562287081979, 40.44056673435054 ], [ -122.901364044028327, 40.383321414749425 ], [ -122.905655893630282, 40.344142122391759 ], [ -122.959110586619147, 40.305832035190534 ], [ -123.020311125552723, 40.312198820879566 ], [ -123.033345507875453, 40.336916428598613 ], [ -123.164579632600024, 40.378643590972025 ], [ -123.217685969812493, 40.357658280341276 ], [ -123.256849178495983, 40.454792239097557 ], [ -123.31538365096533, 40.498105643742385 ], [ -123.371853335769458, 40.485882483199681 ], [ -123.434968701179017, 40.421610569150936 ], [ -123.460390870647345, 40.409856439380363 ], [ -123.34212751584559, 40.5999560847034 ], [ -123.289508804440601, 40.704315404108463 ], [ -123.235545978113933, 40.768893517472065 ], [ -123.264526714997729, 40.782919288973801 ], [ -123.244579508623445, 40.835610862665177 ], [ -123.250219501073431, 40.863848027448569 ], [ -123.292923542388991, 40.877933773936661 ], [ -123.266215050345139, 40.919916953449409 ], [ -123.252447981391768, 41.031177328201736 ], [ -123.359493836459947, 41.094910313725244 ], [ -123.365448532132447, 41.13057659589952 ], [ -123.362580934984081, 41.202530580189617 ], [ -123.370629736451534, 41.241133721553119 ], [ -123.407639988706151, 41.249739886609497 ], [ -123.403959456427529, 41.278134470448826 ], [ -123.453264750934778, 41.31856840952161 ], [ -123.480924830385192, 41.389491232417264 ], [ -123.472576763351967, 41.429530279393447 ], [ -123.432668058718406, 41.468339994966321 ], [ -123.37360318202478, 41.541737395726649 ], [ -123.344086831704075, 41.615004763084571 ], [ -123.33315065590908, 41.670334232981055 ], [ -123.346334392285513, 41.698556222830106 ], [ -123.290642864490849, 41.828255992270542 ], [ -123.299083196603121, 41.851484109178543 ], [ -123.234334268989471, 41.932897196458832 ], [ -123.228488025601607, 41.95100112596986 ], [ -123.17276337328164, 42.012156403367555 ], [ -123.106223770911242, 42.071725540497241 ], [ -123.075515165191447, 42.10889372762157 ], [ -123.071751835470295, 42.142979518605379 ], [ -123.027316768239345, 42.203845193164121 ], [ -123.017369990936757, 42.245777550284238 ], [ -123.037373141927773, 42.252756330893583 ], [ -122.99467268912278, 42.324402207660718 ], [ -122.984761389956006, 42.35582998369263 ], [ -123.026278998461123, 42.361369620146398 ], [ -123.027292440601997, 42.404332766516148 ], [ -123.049107483340151, 42.408958716975206 ], [ -123.052396219927459, 42.439158761627546 ], [ -123.088087443741387, 42.470624438225272 ], [ -123.131335444086716, 42.472382614752696 ], [ -123.108672488859057, 42.503352946699344 ], [ -123.119983777230459, 42.533982066962317 ], [ -123.198688903297651, 42.534004970848144 ], [ -123.214318006008696, 42.555236105939159 ], [ -123.280381179312698, 42.571720612492484 ], [ -123.335421534472999, 42.604846260287275 ], [ -123.287215623958687, 42.657139401731911 ], [ -123.26961991307607, 42.726667584031453 ], [ -123.282904213734852, 42.762313641721676 ], [ -123.171027940785081, 42.863915084161363 ], [ -123.008558212713538, 42.996253634783798 ], [ -122.947414616556472, 43.03341270679411 ], [ -122.867952279942685, 43.05680538141025 ], [ -122.861701400050578, 43.083257109094866 ], [ -122.820678815402644, 43.101066081544033 ], [ -122.771962062187171, 43.146602785850881 ], [ -122.686914134486557, 43.168649823333091 ], [ -122.628608523749946, 43.193344560253905 ], [ -122.609081299513605, 43.218420234931799 ], [ -122.684908821922264, 43.211562391131089 ], [ -122.533725443894127, 43.358165178718657 ], [ -122.572394317664674, 43.376931506587091 ], [ -122.529188690494152, 43.439802212770743 ], [ -122.501855863898825, 43.446448319685736 ], [ -122.408395566839275, 43.516732336175373 ], [ -122.27380841257046, 43.636089417074231 ], [ -122.217329177609884, 43.691557171730004 ], [ -122.18454047184872, 43.762505027908745 ], [ -122.194736471623628, 43.785057203400356 ], [ -122.171886131735818, 43.810068020073977 ], [ -122.191843681255548, 43.84170723405186 ], [ -122.176520383104034, 43.884745552103702 ], [ -122.196321592117982, 43.898017092711939 ], [ -122.241818113485394, 43.892302088548625 ], [ -122.303903646899698, 43.909952238207872 ], [ -122.270896846311942, 43.922781353270899 ], [ -122.184261889237533, 43.985519341578971 ], [ -122.118765551298964, 44.060917860007443 ], [ -122.120076553452122, 44.071969928396847 ] ] ], [ [ [ -117.082618394184152, 34.10314303418545 ], [ -117.049280868356774, 34.111357360925638 ], [ -117.008741305361227, 34.10200826584358 ], [ -116.934492618685368, 34.098490094251261 ], [ -116.830173864585248, 34.101687405104173 ], [ -116.826309072182227, 34.082604339319722 ], [ -116.779927770243688, 34.063514166707691 ], [ -116.81865220960718, 34.029840705015872 ], [ -116.884127814978726, 34.033357998814175 ], [ -116.950084150024225, 34.018834396986946 ], [ -117.007684133647956, 34.015049001651654 ], [ -117.029103822589434, 34.033162041843468 ], [ -117.001100855754032, 34.057175406123292 ], [ -117.003035600060613, 34.079720376363191 ], [ -117.120378899708498, 34.074317356739101 ], [ -117.082618394184152, 34.10314303418545 ] ] ], [ [ [ -117.261310956542474, 33.764016249589879 ], [ -117.257325830388524, 33.749401980110008 ], [ -117.183536548321953, 33.699650574488238 ], [ -117.057552377538386, 33.657751415856808 ], [ -117.140775025008963, 33.617805516405561 ], [ -117.215745576520547, 33.635827004266844 ], [ -117.291985655683021, 33.720576137406319 ], [ -117.309422561733314, 33.759815574302309 ], [ -117.261310956542474, 33.764016249589879 ] ] ], [ [ [ -119.014535985977219, 34.321835652506699 ], [ -118.907430460507271, 34.306751558958254 ], [ -118.886541631941043, 34.310848768215905 ], [ -118.746997372694707, 34.303855233521126 ], [ -118.705335025328736, 34.290173603230315 ], [ -118.621556144293777, 34.28805661976395 ], [ -118.539018087821901, 34.316943411096169 ], [ -118.45133666196503, 34.313818802357517 ], [ -118.504286472815053, 34.281781192796501 ], [ -118.674502602567372, 34.269182408430602 ], [ -118.76924756465381, 34.250529661996474 ], [ -118.976387765200784, 34.253302713475286 ], [ -119.035524349612459, 34.278280417440726 ], [ -119.01612964329307, 34.294366747976667 ], [ -119.082470403153039, 34.311699680464407 ], [ -119.014535985977219, 34.321835652506699 ] ] ], [ [ [ -118.492686634582043, 33.800004524964564 ], [ -118.431642158906612, 33.781885025048048 ], [ -118.485281816346614, 33.766588484683247 ], [ -118.590624749735412, 33.774625142138945 ], [ -118.625736075763626, 33.789557236541867 ], [ -118.590462561162155, 33.807522746870866 ], [ -118.549185852327852, 33.810050509406508 ], [ -118.492686634582043, 33.800004524964564 ] ] ], [ [ [ -119.287069647933137, 34.282711441724189 ], [ -119.269862303854978, 34.270739459709738 ], [ -119.184010656885022, 34.262287666374647 ], [ -119.167440280639312, 34.237483331348137 ], [ -119.234768049432247, 34.235966948486073 ], [ -119.288047208328777, 34.221897837172754 ], [ -119.39747087055693, 34.211281028278592 ], [ -119.460078125401893, 34.22758323068188 ], [ -119.598925845051966, 34.289521017707173 ], [ -119.572379344896135, 34.294217009141057 ], [ -119.487953258206488, 34.287679684268895 ], [ -119.433922406985388, 34.29924951729317 ], [ -119.39440792087025, 34.293518474888963 ], [ -119.281306719643254, 34.300554017768135 ], [ -119.287069647933137, 34.282711441724189 ] ] ], [ [ [ -119.778927735351914, 34.334806060437401 ], [ -119.733515970586012, 34.328478720037083 ], [ -119.692148476717819, 34.306270713514273 ], [ -119.772757634071766, 34.306898379394866 ], [ -119.849762698801854, 34.324582815308602 ], [ -119.866814464601831, 34.34059570464774 ], [ -119.778927735351914, 34.334806060437401 ] ] ] ] } },
{ "type": "Feature", "properties": { "electoral_college": 9, "ENGTYPE_1": "State", "HASC_1": "US.CO", "GID_1": "USA.6_1", "join_name": "colorado", "ISO_1": "US-CO", "TYPE_1": "State", "NL_NAME_1": "NA", "CC_1": "NA", "NAME_1": "Colorado", "COUNTRY": "UnitedStates", "VARNAME_1": "CO|Colo.", "GID_0": "USA", "pop": 9 }, "geometry": { "type": "Polygon", "coordinates": [ [ [ -107.692723162255348, 38.548557648705426 ], [ -107.697152732345756, 38.566283864421123 ], [ -108.159352888961692, 38.89933003443511 ], [ -108.819996570111087, 39.237082500633761 ], [ -109.137725325217758, 40.326167806205852 ], [ -109.356688582005617, 40.766962393413372 ], [ -109.421556031377762, 40.872486648748513 ], [ -109.539545182046112, 41.166006467741965 ], [ -109.607705749580688, 41.39207504696946 ], [ -109.465324688682912, 43.233518768656623 ], [ -109.220106569629806, 43.257569902520245 ], [ -109.065965509288731, 43.24478946025944 ], [ -108.917450368195091, 43.21873586434949 ], [ -108.602600360756341, 43.143726005049295 ], [ -108.558494956073105, 43.126884443565828 ], [ -108.453765953670015, 43.085737226985692 ], [ -108.416468738726209, 43.070908454350864 ], [ -107.750358728836929, 42.710097920530423 ], [ -107.609833144465952, 42.661968563651975 ], [ -107.559813290098106, 42.64325431332108 ], [ -107.158710860757694, 42.547920067537035 ], [ -105.896535034465302, 42.581131862606107 ], [ -105.588174624968232, 42.592595971708072 ], [ -105.375072064234047, 39.149421924357014 ], [ -105.773553756435476, 39.109459800292008 ], [ -105.962063757298097, 39.085761066329184 ], [ -106.02977810022864, 39.080678125482649 ], [ -106.786818914480577, 38.864915517459508 ], [ -106.866896876605793, 38.812482847330145 ], [ -106.928846413877437, 38.762033907914223 ], [ -107.178670223935285, 38.550372939983326 ], [ -107.199344872792551, 38.540487100581444 ], [ -107.381145535622792, 38.464433222165745 ], [ -107.692723162255348, 38.548557648705426 ] ] ] } },
{ "type": "Feature", "properties": { "electoral_college": 7, "ENGTYPE_1": "State", "HASC_1": "US.CT", "GID_1": "USA.7_1", "join_name": "connecticut", "ISO_1": "US-CT", "TYPE_1": "State", "NL_NAME_1": "NA", "CC_1": "NA", "NAME_1": "Connecticut", "COUNTRY": "UnitedStates", "VARNAME_1": "CT|Conn.", "GID_0": "USA", "pop": 7 }, "geometry": { "type": "Polygon", "coordinates": [ [ [ -71.621326501634115, 42.092354547973578 ], [ -71.700399909969789, 42.140742961990668 ], [ -72.289353440736022, 42.428119860826179 ], [ -72.049122295734733, 42.343849803898095 ], [ -72.608898692979423, 42.56563243105002 ], [ -73.365031406108272, 42.87009068351167 ], [ -73.707431617621268, 43.467171491457954 ], [ -73.659810818649646, 43.687254984840109 ], [ -73.636125710432125, 43.806783727134778 ], [ -73.586585728465963, 43.887660217319052 ], [ -73.34001940065184, 44.163117017356015 ], [ -73.203842453173834, 44.233575272551377 ], [ -73.107356105725415, 44.007470689293626 ], [ -73.067755456483738, 44.05105379587485 ], [ -73.153630196498227, 44.259449500258746 ], [ -72.864137745322978, 44.246447329695023 ], [ -72.701701371425315, 44.227871435301971 ], [ -70.1766141951355, 43.531907081176541 ], [ -68.196057833550455, 42.985158315363073 ], [ -67.64011825272749, 43.019915877241608 ], [ -67.624213259937804, 41.27181196167578 ], [ -68.389704491614594, 40.895182645197195 ], [ -68.427124364344436, 40.905128279675701 ], [ -68.493076539670241, 40.904013759567292 ], [ -68.538850395650769, 40.87469762040125 ], [ -68.582800747668202, 40.855462453457484 ], [ -68.598882848390005, 40.837810579848679 ], [ -68.728793187355734, 40.833184713599238 ], [ -68.768563365676357, 40.852026119902398 ], [ -68.875243947577673, 40.802608904705586 ], [ -68.955352262892546, 40.816406870999515 ], [ -69.010773046755418, 40.776685367993196 ], [ -69.101401319631705, 40.822827359345027 ], [ -69.208468598953303, 40.785322263749563 ], [ -69.367156771860365, 40.775020825826765 ], [ -69.445978383313872, 40.875090241700228 ], [ -69.544719904299725, 40.830845645136414 ], [ -69.651874769636663, 40.8757570264709 ], [ -69.815128855257854, 40.86669715751318 ], [ -69.913190319219098, 40.988395717121378 ], [ -70.098811608690639, 41.090112272070641 ], [ -70.142946355415958, 41.097995823859648 ], [ -70.310755122008928, 41.229544646124083 ], [ -70.484379152274713, 41.316840547334756 ], [ -70.642073600607858, 41.520267086506507 ], [ -70.679591375849427, 41.460254127005378 ], [ -70.784648764175714, 41.532252977254039 ], [ -70.739712360338359, 41.478830562879672 ], [ -70.783900943769638, 41.518327241999792 ], [ -70.947872235134568, 41.660080622297045 ], [ -71.014741337986337, 41.711292580732028 ], [ -70.995738981165886, 41.694275472073087 ], [ -71.108526246520256, 41.779086854366604 ], [ -71.268279360602037, 41.888182096329686 ], [ -71.210058557337732, 41.845278322129765 ], [ -71.288355779155097, 41.893971001026188 ], [ -71.436379888511183, 41.988253167848264 ], [ -71.432286559338053, 41.981860517415775 ], [ -71.553161396588663, 42.057185041608371 ], [ -71.621326501634115, 42.092354547973578 ] ] ] } },
{ "type": "Feature", "properties": { "electoral_college": 3, "ENGTYPE_1": "State", "HASC_1": "US.DE", "GID_1": "USA.8_1", "join_name": "delaware", "ISO_1": "US-DE", "TYPE_1": "State", "NL_NAME_1": "NA", "CC_1": "NA", "NAME_1": "Delaware", "COUNTRY": "UnitedStates", "VARNAME_1": "DE|Del.", "GID_0": "USA", "pop": 3 }, "geometry": { "type": "Polygon", "coordinates": [ [ [ -73.514870880112113, 36.818520548401359 ], [ -73.458083284224927, 36.825894463980262 ], [ -73.56464038558515, 36.786413526591986 ], [ -73.485383897637888, 36.796816502483345 ], [ -73.421229401695982, 36.822800121132182 ], [ -73.538384164061199, 36.715216780653762 ], [ -73.568171185370105, 36.708851128133787 ], [ -73.627999066129277, 36.686441611128373 ], [ -73.669581159753506, 36.681269420392859 ], [ -74.034784316505053, 36.607312735938287 ], [ -74.785605989138745, 36.550832676199398 ], [ -74.838527178497856, 36.593718208497627 ], [ -74.814564240289002, 36.591385936852959 ], [ -74.785462976381694, 36.595625333288851 ], [ -74.809048935517609, 36.594359051892376 ], [ -74.819211730270126, 36.592327775601078 ], [ -74.839851545084457, 36.594438806865661 ], [ -74.879640544199745, 36.610335205389056 ], [ -75.346461113710134, 36.846601960990476 ], [ -76.735830080574772, 40.524378741464631 ], [ -76.869793231674464, 40.692470265583829 ], [ -76.850627318891526, 40.674645347085772 ], [ -76.900718350754673, 40.744973707954053 ], [ -76.916805221811401, 40.775554166682845 ], [ -76.913606849882314, 40.796833622419101 ], [ -76.871931116801832, 40.766935280882784 ], [ -76.82557701847378, 40.721065136686235 ], [ -76.781853340032399, 40.672317578254216 ], [ -76.690780678374395, 40.564071805356356 ], [ -76.581968951766129, 40.428040802247892 ], [ -76.527962689582083, 40.345402235016969 ], [ -76.415781332758641, 40.182799270601464 ], [ -76.362748721587323, 40.109500964255709 ], [ -76.334563776738094, 40.05783500087648 ], [ -76.278343585080435, 39.983047423984956 ], [ -76.146014755789864, 39.820242673308769 ], [ -76.017040241596206, 39.654484899796465 ], [ -76.046579179090216, 39.675899793039811 ], [ -75.632940963143767, 39.30921183732098 ], [ -75.727678525415058, 39.365408115115564 ], [ -75.352600667953197, 39.125271407733678 ], [ -74.898429967164788, 38.890846656010375 ], [ -74.280052642766009, 38.463348264020738 ], [ -74.181516888915738, 38.227933953603603 ], [ -73.840100638208924, 37.64340589230779 ], [ -73.553373156336008, 37.503620839935685 ], [ -73.442785441032541, 37.327408534156959 ], [ -73.464894379236284, 37.151640807180563 ], [ -73.334841866336532, 36.979560751200239 ], [ -73.268772999358816, 36.98632704449404 ], [ -73.210286699849107, 37.011182021504055 ], [ -73.324339398300069, 36.915066712428832 ], [ -73.423080890026768, 36.872411053586319 ], [ -73.514870880112113, 36.818520548401359 ] ] ] } },
{ "type": "Feature", "properties": { "electoral_college": 3, "ENGTYPE_1": "FederalDistrict", "HASC_1": "US.DC", "GID_1": "USA.9_1", "join_name": "districtofcolumbia", "ISO_1": "US-DC", "TYPE_1": "FederalDistrict", "NL_NAME_1": "NA", "CC_1": "NA", "NAME_1": "DistrictofColumbia", "COUNTRY": "UnitedStates", "VARNAME_1": "DC|D.C.", "GID_0": "USA", "pop": 3 }, "geometry": { "type": "Polygon", "coordinates": [ [ [ -78.98554656399358, 38.165590903400741 ], [ -79.300182411638545, 38.403783654678648 ], [ -79.803180585469235, 38.585037405525441 ], [ -79.802983844060478, 38.659273850859627 ], [ -79.726228985272925, 38.663483740939391 ], [ -79.255960997963854, 38.561867434578218 ], [ -78.757723802991521, 38.370726856154448 ], [ -78.98554656399358, 38.165590903400741 ] ] ] } },
{ "type": "Feature", "properties": { "electoral_college": 29, "ENGTYPE_1": "State", "HASC_1": "US.FL", "GID_1": "USA.10_1", "join_name": "florida", "ISO_1": "US-FL", "TYPE_1": "State", "NL_NAME_1": "NA", "CC_1": "NA", "NAME_1": "Florida", "COUNTRY": "UnitedStates", "VARNAME_1": "FL|Fla.", "GID_0": "USA", "pop": 29 }, "geometry": { "type": "MultiPolygon", "coordinates": [ [ [ [ -86.706267761004497, 29.402412111940357 ], [ -86.706137269957694, 29.402502476506573 ], [ -86.786943347440541, 29.537490695361775 ], [ -86.902416759951151, 29.662935787192215 ], [ -87.037560508674773, 29.660180528456145 ], [ -87.073446729164047, 29.725583553970921 ], [ -87.23490708995422, 29.780136413515187 ], [ -87.246030219677706, 29.898527020423021 ], [ -87.230895123574172, 29.919236243325845 ], [ -87.241311745273549, 30.005843857360016 ], [ -87.351375031980311, 30.016587869990634 ], [ -87.37461342044989, 30.04244707415836 ], [ -87.454048515493483, 30.05046017084922 ], [ -87.475745686093134, 30.112308526111747 ], [ -87.53215308358476, 30.170315600613744 ], [ -87.538502107659809, 30.196351946606097 ], [ -87.587428470649456, 30.219529025869008 ], [ -87.645176179182684, 30.217612817643705 ], [ -87.707326263449943, 30.233212038094756 ], [ -87.769946437964421, 30.22684996941754 ], [ -87.868543794192703, 30.236687952874878 ], [ -87.924709575764922, 30.255895790667449 ], [ -87.931655922940863, 30.272425798995211 ], [ -88.080483099114929, 30.217733241746789 ], [ -88.110957724043431, 30.190468958296332 ], [ -88.216499208152399, 30.19375873512309 ], [ -88.248431666038258, 30.138537759100231 ], [ -88.269220162652928, 30.149860468928509 ], [ -88.314830731658233, 30.130160597072102 ], [ -88.340849123728091, 30.067932113331004 ], [ -88.323942890052393, 30.031766732062444 ], [ -88.399490713047342, 30.031851973065095 ], [ -88.405429101455795, 30.003245423542946 ], [ -88.351711735859254, 30.016124429171303 ], [ -88.311684875461253, 30.012320583872917 ], [ -88.325876508758128, 29.956895882576443 ], [ -88.370101237669601, 29.970001683077314 ], [ -88.411472095456915, 29.968592026981803 ], [ -88.45676133049129, 29.939372638226416 ], [ -88.492941454901384, 29.93055600195445 ], [ -88.551799133303859, 29.883515936510445 ], [ -88.586027911597455, 29.847061023978789 ], [ -88.6424809661316, 29.8061720920164 ], [ -88.689531978858469, 29.756226338230441 ], [ -88.778958013421615, 29.693013149536789 ], [ -88.812195065496596, 29.738492798285968 ], [ -88.828888838260994, 29.707419618300811 ], [ -88.865314417961088, 29.681551580383324 ], [ -88.880650561177106, 29.648706464344773 ], [ -88.98369523779526, 29.644088184813167 ], [ -89.083456734254511, 29.607113199459491 ], [ -89.145554959871035, 29.605071408425598 ], [ -89.151134670945837, 29.734760285967795 ], [ -89.217265457481261, 29.843857974757416 ], [ -89.26717294704919, 29.895090512253546 ], [ -89.326134942443773, 29.910751625455617 ], [ -89.342028517519395, 29.939629047044722 ], [ -89.420456264428822, 30.00443821127023 ], [ -89.431883228210836, 30.000185584603805 ], [ -89.473461385236746, 30.046368012191891 ], [ -89.537588098227729, 30.090250525570131 ], [ -89.481346879015973, 30.095203499124139 ], [ -89.459191190481278, 30.061939642875153 ], [ -89.427277632375706, 30.061800200159926 ], [ -89.342130871835636, 29.982850153089572 ], [ -89.3590233312366, 30.057118326917763 ], [ -89.389416877210948, 30.061668942041276 ], [ -89.423053914328904, 30.096213650189164 ], [ -89.465371349873593, 30.090958046369849 ], [ -89.508782824226145, 30.110299476270924 ], [ -89.535715207252863, 30.138683650518477 ], [ -89.565077283454883, 30.146264515247207 ], [ -89.576704057838484, 30.184674200279751 ], [ -89.559913471638581, 30.235716083383103 ], [ -89.59991790812731, 30.226736836968978 ], [ -89.617096944049237, 30.267514664627114 ], [ -89.647095846070499, 30.293671673249793 ], [ -89.682793530145474, 30.291141860092036 ], [ -89.718373628431081, 30.273041875552686 ], [ -89.712298486016195, 30.225951233910443 ], [ -89.685859491568962, 30.217772934917029 ], [ -89.670174427336306, 30.245261498822302 ], [ -89.634750609025147, 30.231069198891628 ], [ -89.612239019028394, 30.199006562047771 ], [ -89.600614109896526, 30.115542830574345 ], [ -89.685894722534911, 30.178547869967382 ], [ -89.780398651109039, 30.236783971240019 ], [ -89.923924683033434, 30.307765042220115 ], [ -90.046746617219512, 30.3608391686323 ], [ -90.190141586374381, 30.413352335220949 ], [ -90.306119079405505, 30.440160537351098 ], [ -90.330442080841394, 30.470328302667468 ], [ -90.269017164279347, 30.455246052209645 ], [ -90.203255030041959, 30.430825677958037 ], [ -90.125631602444841, 30.467803020682794 ], [ -90.030447022489298, 30.407834631124892 ], [ -89.982848667296309, 30.414171315704195 ], [ -90.018589626972016, 30.45216280723427 ], [ -90.07612823428542, 30.49018243114082 ], [ -90.097215902189134, 30.514913875574869 ], [ -90.146481118043084, 30.530628358565465 ], [ -90.204153619809375, 30.527084644596357 ], [ -90.292320112993721, 30.509560638107704 ], [ -90.333699661516604, 30.556341771159158 ], [ -90.357906765049066, 30.531655274089722 ], [ -90.400914320230584, 30.525205793998104 ], [ -90.414107344968954, 30.50121711369637 ], [ -90.450468627855003, 30.475777405990183 ], [ -90.563537252669803, 30.500398630004838 ], [ -90.652267464259026, 30.509171784071132 ], [ -90.690835118452114, 30.505714510680182 ], [ -90.770184860025168, 30.512650546471708 ], [ -90.900307753272386, 30.508376880850804 ], [ -90.898765674590919, 30.535538573727091 ], [ -90.833076138391448, 30.530257207721792 ], [ -90.808026298438307, 30.541002905658264 ], [ -90.773914425147552, 30.575177607534378 ], [ -90.858888206941899, 30.633054713981824 ], [ -90.856616165053481, 30.666148534094624 ], [ -90.888595380967558, 30.685535843468919 ], [ -90.895679660704715, 30.585370886040277 ], [ -90.927165947829948, 30.588149554352171 ], [ -90.943604210377302, 30.6638880299205 ], [ -91.019881282630521, 30.742766733469029 ], [ -91.027780776453582, 30.688154729702187 ], [ -91.003300480608644, 30.672485504700916 ], [ -90.987905803767745, 30.621328094712378 ], [ -90.98924258616988, 30.584022051975701 ], [ -91.013318226848327, 30.563033945420994 ], [ -91.055055700120192, 30.548487462857025 ], [ -91.048465163003868, 30.501392949382883 ], [ -91.087626155711106, 30.5083401461759 ], [ -91.099230385036421, 30.496358444129037 ], [ -91.156025707469325, 30.496497073002129 ], [ -91.1648444926265, 30.482923421030168 ], [ -91.211177621622355, 30.494813762618246 ], [ -91.189551640499445, 30.522104124672389 ], [ -91.218634949970678, 30.550783011637865 ], [ -91.21574610788555, 30.589234446912911 ], [ -91.189472506826903, 30.582603656442938 ], [ -91.148452351557523, 30.599720858867208 ], [ -91.168940684811403, 30.635510590689471 ], [ -91.207341535182451, 30.640056469973437 ], [ -91.250646216226144, 30.683533218016649 ], [ -91.265703455462315, 30.706361885343654 ], [ -91.272319966998353, 30.7241198637706 ], [ -91.272155769449625, 30.738331458040598 ], [ -91.264841168868585, 30.753712220202413 ], [ -91.264975738160047, 30.76203745306162 ], [ -91.255614238110311, 30.80750218211919 ], [ -91.255537984298343, 30.830966889481722 ], [ -91.259442967708367, 30.838655346444 ], [ -91.272429029969032, 30.865747327812606 ], [ -91.311041361474508, 30.902687746726894 ], [ -91.348616331469501, 30.922089303806953 ], [ -91.417831008887163, 30.975177221860886 ], [ -91.454972726297754, 31.026150863005331 ], [ -91.561622972179762, 31.130659611674762 ], [ -91.548013268794051, 31.216485638287491 ], [ -91.553133299415506, 31.234948847902885 ], [ -91.572443470121655, 31.267725026262198 ], [ -90.77765658058334, 31.135026225670423 ], [ -90.708606857858328, 31.120748802855299 ], [ -90.067930589179852, 31.043025963939535 ], [ -89.543135150046339, 30.99935522379085 ], [ -89.43242013205851, 30.994683158244342 ], [ -89.055462640504061, 30.972197260993834 ], [ -89.050499226063067, 30.962502210018059 ], [ -89.022736536651976, 30.935397158478448 ], [ -89.019334387987115, 30.928746499261077 ], [ -89.005829995336768, 30.901620521456774 ], [ -88.959393439680795, 30.859971211450446 ], [ -88.948463230914527, 30.808533976104609 ], [ -88.919352859908543, 30.746784727805533 ], [ -88.909621713907455, 30.730708790685057 ], [ -88.880276516082034, 30.716206921944963 ], [ -88.853469517629605, 30.693408115894435 ], [ -87.765099359447888, 30.751305586029474 ], [ -85.192925963760572, 31.336941681321083 ], [ -83.900355027773728, 31.476361531194357 ], [ -83.951339155486494, 31.46357790908452 ], [ -83.857535979763796, 31.445892418638238 ], [ -83.840952234986361, 31.436828116089661 ], [ -83.856196498322689, 31.404782398111202 ], [ -83.764411550228871, 31.371680398620995 ], [ -83.716901146162016, 31.367554774254319 ], [ -83.571115217519122, 31.369612037703472 ], [ -83.447721025076532, 31.359774764678804 ], [ -83.437946751845786, 31.356664775521626 ], [ -83.354031548815598, 31.368507887275555 ], [ -83.384392683020423, 31.388563521761686 ], [ -83.329436565759352, 31.41878261377542 ], [ -83.342298149271031, 31.446008790968907 ], [ -83.323130062547989, 31.456235161496952 ], [ -83.331803831686017, 31.464289389892148 ], [ -83.425968205387889, 31.492571736303656 ], [ -83.455657114305467, 31.499772312995436 ], [ -83.402786377170912, 31.53090670272007 ], [ -83.407953538629457, 31.541723036300258 ], [ -83.39689118471307, 31.54351957256479 ], [ -83.35241053373322, 31.540950644462349 ], [ -83.318189829181875, 31.534507377881202 ], [ -83.265624097930683, 31.535761567227354 ], [ -83.262636483782629, 31.543586877570867 ], [ -83.204586303521879, 31.543019797616026 ], [ -83.077179758187441, 31.524218713737849 ], [ -83.047712334918671, 31.51582454399335 ], [ -82.888916705008626, 31.490778949947341 ], [ -82.770777955603862, 31.465618174224605 ], [ -82.663223480749579, 31.435576059894576 ], [ -82.576110369987319, 31.419514160661691 ], [ -82.52582413140145, 31.410270580596695 ], [ -82.449463217018931, 31.386265453808338 ], [ -82.430223746746393, 31.37989760112378 ], [ -82.155867119443656, 31.313065595956548 ], [ -82.064999430286349, 31.274909379867836 ], [ -81.997333609357923, 31.259733839662978 ], [ -81.966228581272119, 31.236460398687388 ], [ -81.95004623601686, 31.201477301576517 ], [ -81.883327683017129, 31.149851796077211 ], [ -81.802043361290018, 31.107474935523843 ], [ -81.753388177765572, 31.069165119941719 ], [ -81.691311978400876, 31.031209801598621 ], [ -81.6592969459671, 30.997610244540283 ], [ -81.535650374039832, 30.90238619154416 ], [ -81.386789019338693, 30.783352176155038 ], [ -81.109459094057883, 30.502897283129609 ], [ -81.031306584674468, 30.438757910786144 ], [ -80.959487810467905, 30.354799853701323 ], [ -80.895800090465883, 30.241977465985013 ], [ -80.737269599941712, 30.041591663332426 ], [ -80.558806481225247, 29.805276845069798 ], [ -80.206277349795755, 29.289256214376085 ], [ -79.937444425176253, 28.830902385370894 ], [ -79.863977234478483, 28.652440152230337 ], [ -79.790223459811259, 28.498270177396318 ], [ -79.713789790490651, 28.365872131794514 ], [ -79.623111810417768, 28.13416980146085 ], [ -79.542626881084743, 27.952790005950018 ], [ -79.446652155069827, 27.766539772202677 ], [ -79.407767194810418, 27.760920648535784 ], [ -79.351219222104788, 27.596563623990406 ], [ -79.348866982134851, 27.478347084933365 ], [ -79.336820242993426, 27.356181591341215 ], [ -79.40430086850408, 27.24619740126699 ], [ -79.453153075672063, 27.053798308607718 ], [ -79.491484094105303, 26.834963443625849 ], [ -79.520670895751977, 26.649585321571259 ], [ -79.537982739557876, 26.498547477045079 ], [ -79.547775787803388, 26.382850478418515 ], [ -79.574450507009232, 26.203854366481291 ], [ -79.588904528452673, 26.221565128090646 ], [ -79.562822451705443, 26.296207110782429 ], [ -79.566225328843089, 26.336504487684863 ], [ -79.548973984757524, 26.410927005592619 ], [ -79.561117185751883, 26.433883612838923 ], [ -79.536946070451421, 26.520765049446773 ], [ -79.5350855831297, 26.64003398361303 ], [ -79.526260926761594, 26.734666864128265 ], [ -79.504470079062557, 26.865414019320276 ], [ -79.46553975405385, 26.99659972012455 ], [ -79.465521636543471, 27.102316371053405 ], [ -79.430112248667911, 27.179865451322147 ], [ -79.4364928395199, 27.25939705312436 ], [ -79.413018624516056, 27.265829550111679 ], [ -79.371843487391189, 27.459036038677155 ], [ -79.363205413128298, 27.5750557205115 ], [ -79.419486737155069, 27.424840386835516 ], [ -79.461170876322115, 27.280914032749589 ], [ -79.482739998116202, 27.150992353620357 ], [ -79.53588066248102, 27.083630336113981 ], [ -79.537972802030595, 27.18408837797379 ], [ -79.516695636927281, 27.349380975340221 ], [ -79.526771490463361, 27.384520820693776 ], [ -79.492929454747298, 27.568928768392084 ], [ -79.498745493444318, 27.625868285850402 ], [ -79.548765520722867, 27.630110674727376 ], [ -79.567709363726749, 27.809044457224619 ], [ -79.50386474000608, 27.830620415583201 ], [ -79.513726303872986, 27.876515552868657 ], [ -79.569673549279472, 27.943345368823188 ], [ -79.612677568932284, 28.01776747778348 ], [ -79.658907844982764, 28.052964953434405 ], [ -79.655621976473867, 27.942359945184069 ], [ -79.61968779685138, 27.679343279667837 ], [ -79.600520043880039, 27.654861901668255 ], [ -79.598785312370964, 27.524057198830583 ], [ -79.567193062784753, 27.332340488308763 ], [ -79.566725589270845, 27.213703303326561 ], [ -79.544202317845659, 26.971497476764966 ], [ -79.550018312665216, 26.819421524050529 ], [ -79.553224249856072, 26.632138534090711 ], [ -79.561301539480993, 26.580803974317178 ], [ -79.6006930370623, 26.257600054064319 ], [ -79.610040243657252, 26.154061128209481 ], [ -79.622806807993939, 26.083150101655072 ], [ -79.641857249391322, 26.041189589223148 ], [ -79.70173072348932, 25.836483372201521 ], [ -79.712259141748632, 25.773874421799853 ], [ -79.722071014113794, 25.618730222957197 ], [ -79.735627756296012, 25.602656221369138 ], [ -79.728140315136244, 25.568260247766506 ], [ -79.692407427023866, 25.581894777568838 ], [ -79.695549820116398, 25.506521185120253 ], [ -79.710258787069506, 25.449099720314138 ], [ -79.720439924070959, 25.312033849497581 ], [ -79.735627404482472, 25.24170500047526 ], [ -79.767557265981381, 25.214204998930271 ], [ -79.858701722066684, 24.993063560118177 ], [ -79.910886486882035, 24.905786952093479 ], [ -80.015749799143819, 24.713000728103541 ], [ -80.035240644659908, 24.689046555331085 ], [ -80.1124180669201, 24.553302526820396 ], [ -80.183702897770615, 24.402329045202354 ], [ -80.259798455071248, 24.347489919782941 ], [ -80.205331127954196, 24.332751922667093 ], [ -80.24888367683414, 24.302051272201087 ], [ -80.295075939707672, 24.296202267840325 ], [ -80.316244183765775, 24.248968464971068 ], [ -80.403722782418455, 24.199499235238662 ], [ -80.453346904462705, 24.133812350845815 ], [ -80.505467507689886, 24.10391737102616 ], [ -80.511165677537221, 24.069648698805526 ], [ -80.557954782702311, 24.031342594297513 ], [ -80.577648446665663, 24.004667216490862 ], [ -80.572726819526693, 23.959500134944459 ], [ -80.583533834409053, 23.923870665196013 ], [ -80.563886716540111, 23.919487069752769 ], [ -80.618636277885841, 23.871972767065625 ], [ -80.664593562468227, 23.85336787722898 ], [ -80.698622451709156, 23.817417759785744 ], [ -80.740540419859641, 23.79968739823542 ], [ -80.756865324868272, 23.771959859507238 ], [ -80.794153654556396, 23.751112653159186 ], [ -80.884567946174656, 23.745114185952918 ], [ -81.018639034030883, 23.716395671676306 ], [ -81.140553935442369, 23.670791913080077 ], [ -81.246335182681307, 23.666423930170875 ], [ -81.285186869507015, 23.658001759585058 ], [ -81.31062370812414, 23.667596066224881 ], [ -81.381935072245398, 23.649479413582096 ], [ -81.389015270428246, 23.632201977495207 ], [ -81.485792743188696, 23.618986983255603 ], [ -81.529210446232199, 23.607602385389974 ], [ -81.599904812840634, 23.604071713428318 ], [ -81.641504828380533, 23.592434908175161 ], [ -81.697422444949254, 23.618904343442583 ], [ -81.705620954995311, 23.634950519137345 ], [ -81.748931701531163, 23.658412184445321 ], [ -81.735821073583153, 23.691196439095265 ], [ -81.69705901642071, 23.734259130685228 ], [ -81.671711025604154, 23.739861155743018 ], [ -81.619831853218002, 23.730657556039279 ], [ -81.574502335368024, 23.683020772655812 ], [ -81.490259294824824, 23.670420338948322 ], [ -81.401964426629434, 23.686272633826107 ], [ -81.376967148376096, 23.705414014789493 ], [ -81.388024365319865, 23.723613927031796 ], [ -81.423071133341679, 23.723967963924881 ], [ -81.438261345585161, 23.756101877179834 ], [ -81.476356615514121, 23.770916215923275 ], [ -81.545861136043712, 23.746286388271866 ], [ -81.56160250933435, 23.759351438235193 ], [ -81.64573879420206, 23.754812074874199 ], [ -81.655439201622485, 23.773713083059707 ], [ -81.693394863839771, 23.776645321492008 ], [ -81.688617549099689, 23.795431006374645 ], [ -81.707634896213904, 23.823147331852166 ], [ -81.758109022695237, 23.857168358206813 ], [ -81.758425730503291, 23.879659705797089 ], [ -81.790086811619446, 23.92991344086996 ], [ -81.843853663069666, 23.971663496412095 ], [ -81.911270502081351, 23.97497563499066 ], [ -81.890780457874513, 24.018676739031886 ], [ -81.904077809019313, 24.037104514525154 ], [ -82.010975974453757, 24.05523800408071 ], [ -82.113858413676326, 24.039743999508786 ], [ -82.165896606254748, 24.024278292387542 ], [ -82.173571552755106, 24.055659790800874 ], [ -82.217159208048727, 24.055758287678884 ], [ -82.269575246770245, 24.040045285357948 ], [ -82.303770885730572, 24.054347561129646 ], [ -82.273499529271064, 24.070362228702653 ], [ -82.353503757760507, 24.06778196471959 ], [ -82.382338216868476, 24.073121795243459 ], [ -82.437218896968787, 24.075246529591428 ], [ -82.489301370635374, 24.093911751101725 ], [ -82.482849933100439, 24.111829126202554 ], [ -82.544571474316697, 24.111733498912141 ], [ -82.588957047124993, 24.139600107010104 ], [ -82.598944637393728, 24.211858106343218 ], [ -82.618300636977764, 24.252147972240952 ], [ -82.65821599627489, 24.27814047760393 ], [ -82.611306163496948, 24.289300027949583 ], [ -82.646476252856985, 24.322647568435592 ], [ -82.720075521056799, 24.313439545238801 ], [ -82.79692067173103, 24.323941696373883 ], [ -82.92083150605842, 24.325273081018658 ], [ -82.913660471982553, 24.34114354938448 ], [ -82.969369521039425, 24.346114998821591 ], [ -83.015421189869159, 24.361389396380424 ], [ -82.976050876653986, 24.380667597704605 ], [ -83.04134187294126, 24.404039442854366 ], [ -83.037566653341159, 24.423804664135211 ], [ -82.966736263965856, 24.460986578302439 ], [ -82.966893861281562, 24.500580958671769 ], [ -83.037238099558039, 24.505221764467656 ], [ -83.046964176290203, 24.517284680404124 ], [ -82.944494203680804, 24.533500811322934 ], [ -82.83835046939322, 24.543614494962441 ], [ -82.84814872497607, 24.552530907535939 ], [ -83.047777171682696, 24.537937958438516 ], [ -83.240079122172276, 24.518873632748438 ], [ -83.187372537632513, 24.487305066889729 ], [ -83.170686297336189, 24.456525396201094 ], [ -83.266808287608313, 24.458141194673484 ], [ -83.416580699078168, 24.479359412877027 ], [ -83.469975961369641, 24.476648895854552 ], [ -83.561694152021161, 24.5064569979235 ], [ -83.557245170604773, 24.518473051627133 ], [ -83.713399593009456, 24.577385978344022 ], [ -83.756699225905066, 24.581949208657846 ], [ -83.889379137106999, 24.645659029619001 ], [ -83.961305347498907, 24.69371513409428 ], [ -83.986268750757816, 24.727204521755155 ], [ -84.053436020831782, 24.762069971087051 ], [ -84.114383574039906, 24.827375523469982 ], [ -84.210320836780269, 24.874768335131037 ], [ -84.227350990107468, 24.931057978407814 ], [ -84.35699131903776, 25.073428224770289 ], [ -84.518484736695456, 25.135412231046022 ], [ -84.703678572001749, 25.224446518909978 ], [ -84.7081365717995, 25.295873000118618 ], [ -84.595222644525563, 25.307743769738174 ], [ -84.486943230093004, 25.297096205984857 ], [ -84.410792615422082, 25.363655353535478 ], [ -84.460053165806983, 25.429863280861873 ], [ -84.425384891378911, 25.507297998997739 ], [ -84.303592989618352, 25.674509785916435 ], [ -84.168773743712734, 25.706663721492312 ], [ -84.202454299690416, 25.80837444532111 ], [ -84.084330461189438, 25.889709271220976 ], [ -83.980363796189351, 25.998708680385434 ], [ -84.004315683879412, 26.188909081365505 ], [ -84.080512124696938, 26.294065808378043 ], [ -84.256174827546815, 26.296667470304801 ], [ -84.245594124052559, 26.149242171317294 ], [ -84.199705418765049, 26.021269729360657 ], [ -84.309083799878351, 26.037917342582698 ], [ -84.414571371236491, 26.105756464440034 ], [ -84.363107775516667, 26.182702088870869 ], [ -84.365967857027997, 26.332287131601575 ], [ -84.418395921588257, 26.433987585058052 ], [ -84.569112108840073, 26.479450363605302 ], [ -84.737298501069759, 26.596209637738017 ], [ -84.883554484797287, 26.310652868180973 ], [ -84.721349128784041, 26.266877513286715 ], [ -84.630305852794805, 26.203388663429831 ], [ -84.52784429634309, 26.045360144481975 ], [ -84.634903380761429, 25.824726565941067 ], [ -84.649266850382062, 25.706970740310204 ], [ -84.794429274836787, 25.726212570000669 ], [ -84.869471084318562, 25.795221475259527 ], [ -84.979252099864169, 25.83402645545593 ], [ -85.002625834012662, 25.931850581302466 ], [ -85.246856016913128, 26.073593376920865 ], [ -85.285653008897484, 26.15480348602706 ], [ -85.163153082776304, 26.368557620615448 ], [ -85.118181645420577, 26.508643085947313 ], [ -85.061780540645842, 26.757060134476639 ], [ -85.096645913385345, 26.973652423733164 ], [ -84.9555296422579, 27.082650905301584 ], [ -84.966961053727289, 27.115094088045847 ], [ -84.859261535367096, 27.221093240376923 ], [ -84.838065106621983, 27.315274923939505 ], [ -84.766521526445374, 27.376990961539292 ], [ -84.704352503870808, 27.514952030487365 ], [ -84.605849866243744, 27.577356045051101 ], [ -84.599242120766519, 27.679834286819908 ], [ -84.525881593240854, 27.762269485778926 ], [ -84.565059315094288, 27.823415505374268 ], [ -84.578707950791213, 27.908933401273075 ], [ -84.510905993045498, 27.947563776499354 ], [ -84.672327417262977, 28.015026301316521 ], [ -84.709727818228728, 28.146652522568182 ], [ -84.842157004671748, 28.193074637448259 ], [ -84.802229517734517, 28.250145692316067 ], [ -84.632569007222259, 28.235967494560619 ], [ -84.6027280814844, 28.284531170128805 ], [ -84.691428019147125, 28.307782964780564 ], [ -84.899898151035416, 28.402862358833023 ], [ -85.030765279658027, 28.560212342014498 ], [ -85.128581358112356, 28.644546092914041 ], [ -85.380959098387621, 28.7714472975651 ], [ -85.324695636389649, 28.800470080562278 ], [ -85.387054939671742, 28.90706967033935 ], [ -86.026836422119644, 29.039268352012687 ], [ -86.195788140692244, 29.048073563048749 ], [ -86.34883736761212, 29.116799286163566 ], [ -86.341444840417964, 29.170728823950622 ], [ -86.432378748599447, 29.296171512868185 ], [ -86.610844304533231, 29.347034071942094 ], [ -86.706267761004497, 29.402412111940357 ] ] ], [ [ [ -79.440900124083285, 27.857074538551789 ], [ -79.471219075247518, 27.937662382469529 ], [ -79.503583839829275, 27.962581151055691 ], [ -79.518506323838281, 28.061672395662296 ], [ -79.681484504602054, 28.39881735898139 ], [ -79.716331785847288, 28.399396995524143 ], [ -79.812374370772744, 28.559666095599539 ], [ -79.790523053943815, 28.607853040409339 ], [ -79.720274028215513, 28.477735178460311 ], [ -79.564523064006494, 28.179819975194157 ], [ -79.471981812754123, 27.947176209504303 ], [ -79.440900124083285, 27.857074538551789 ] ] ], [ [ [ -81.067552789229552, 23.507202212130156 ], [ -81.021683392519051, 23.540521836173447 ], [ -80.978483844381358, 23.54602652786177 ], [ -80.937077716642719, 23.58682474848537 ], [ -80.8989199044602, 23.595374657554377 ], [ -80.873866331036325, 23.62048168699738 ], [ -80.801787329028045, 23.662406279013023 ], [ -80.654492486137457, 23.773479671956114 ], [ -80.619335893206596, 23.814643200493382 ], [ -80.611868877932991, 23.83835699622475 ], [ -80.555816612476121, 23.84656516718243 ], [ -80.659970927756731, 23.757380586021135 ], [ -80.662244816058973, 23.74063797884148 ], [ -80.704492161666053, 23.705165698339723 ], [ -80.799512997373853, 23.651479178783941 ], [ -80.841765236341672, 23.634662310653816 ], [ -80.874048132763363, 23.602525307639876 ], [ -80.92534905858146, 23.57845905197269 ], [ -80.978133135891738, 23.539326028519064 ], [ -81.067552789229552, 23.507202212130156 ] ] ], [ [ [ -81.507298629950412, 23.704433253717074 ], [ -81.467502548647161, 23.680775375490434 ], [ -81.51318147071251, 23.674621001859595 ], [ -81.5724285948763, 23.683850030267315 ], [ -81.507298629950412, 23.704433253717074 ] ] ], [ [ [ -82.013185002343803, 24.024804530984174 ], [ -82.077715274805584, 24.018861030679275 ], [ -82.103291406842644, 24.032635108423968 ], [ -82.014959221038538, 24.047862596097904 ], [ -82.013185002343803, 24.024804530984174 ] ] ], [ [ [ -82.213051392186472, 23.232236636246224 ], [ -82.279425018626085, 23.240734523211433 ], [ -82.274170930472266, 23.267114331351543 ], [ -82.22047406914588, 23.250979853199276 ], [ -82.213051392186472, 23.232236636246224 ] ] ], [ [ [ -82.304192593892267, 23.244690248620842 ], [ -82.272405034046926, 23.233174565192016 ], [ -82.266197432228125, 23.209183150939275 ], [ -82.394335218902583, 23.177696131803689 ], [ -82.424741532803694, 23.210712824791941 ], [ -82.385719193944141, 23.214316547152759 ], [ -82.34081068504122, 23.238903349894265 ], [ -82.304192593892267, 23.244690248620842 ] ] ], [ [ [ -82.451107510817153, 23.176637434866361 ], [ -82.505801362533859, 23.156477468628559 ], [ -82.536059825299731, 23.170011641446511 ], [ -82.459438890491768, 23.188656736643413 ], [ -82.451107510817153, 23.176637434866361 ] ] ], [ [ [ -82.44575330365808, 24.070117794425332 ], [ -82.366410822029934, 24.069713829382973 ], [ -82.372325135584404, 24.054769185825691 ], [ -82.402338982692129, 24.042923065422659 ], [ -82.491322911215036, 24.041794166479594 ], [ -82.520354682393275, 24.069429811256949 ], [ -82.480708051618663, 24.080062097774032 ], [ -82.44575330365808, 24.070117794425332 ] ] ], [ [ [ -82.625515327427451, 23.173146924462586 ], [ -82.596972944667911, 23.151522679262591 ], [ -82.676960762380332, 23.146432722459711 ], [ -82.625515327427451, 23.173146924462586 ] ] ], [ [ [ -83.270374373085943, 24.338300233253598 ], [ -83.199006665733464, 24.321487672070642 ], [ -83.097425781259446, 24.314977891357849 ], [ -83.071839792047356, 24.304181916629506 ], [ -83.010316414036225, 24.316525725292312 ], [ -82.974350229350989, 24.302864945913001 ], [ -83.042257749849099, 24.29412754678334 ], [ -83.150071870460579, 24.301306872438754 ], [ -83.236873260333823, 24.317261361963745 ], [ -83.270374373085943, 24.338300233253598 ] ] ], [ [ [ -83.091829126909047, 24.405007953028818 ], [ -83.013070349627299, 24.380673407789764 ], [ -83.049576668319062, 24.351603464359368 ], [ -83.01922285262971, 24.327339164380053 ], [ -83.08197082293394, 24.325397769634993 ], [ -83.161149103373788, 24.389298950739661 ], [ -83.248775883979306, 24.410241949980527 ], [ -83.227555658757538, 24.420572616182636 ], [ -83.127223531832712, 24.417136793591578 ], [ -83.091829126909047, 24.405007953028818 ] ] ], [ [ [ -89.006514867903633, 29.557174258937266 ], [ -89.034153855222499, 29.579427090380726 ], [ -88.998718464419881, 29.606991849026453 ], [ -88.946566674221614, 29.595725897383669 ], [ -88.960471194630003, 29.545527573666259 ], [ -89.006514867903633, 29.557174258937266 ] ] ] ] } },
{ "type": "Feature", "properties": { "electoral_college": 16, "ENGTYPE_1": "State", "HASC_1": "US.GA", "GID_1": "USA.11_1", "join_name": "georgia", "ISO_1": "US-GA", "TYPE_1": "State", "NL_NAME_1": "NA", "CC_1": "NA", "NAME_1": "Georgia", "COUNTRY": "UnitedStates", "VARNAME_1": "GA|Ga.", "GID_0": "USA", "pop": 16 }, "geometry": { "type": "MultiPolygon", "coordinates": [ [ [ [ -81.534024514023088, 31.780784421607041 ], [ -81.606446787086767, 31.78408741426491 ], [ -81.632035309628151, 31.800851658116311 ], [ -81.606014393504921, 31.812515023689905 ], [ -81.534024514023088, 31.780784421607041 ] ] ], [ [ [ -83.716901146162016, 31.367554774254319 ], [ -83.764411550228871, 31.371680398620995 ], [ -83.856196498322689, 31.404782398111202 ], [ -83.840952234986361, 31.436828116089661 ], [ -83.857535979763796, 31.445892418638238 ], [ -83.951339155486494, 31.46357790908452 ], [ -83.900355027773728, 31.476361531194357 ], [ -85.192925963760572, 31.336941681321083 ], [ -87.765099359447888, 30.751305586029474 ], [ -88.853469517629605, 30.693408115894435 ], [ -88.880276516082034, 30.716206921944963 ], [ -88.909621713907455, 30.730708790685057 ], [ -88.919352859908543, 30.746784727805533 ], [ -88.948463230914527, 30.808533976104609 ], [ -88.959393439680795, 30.859971211450446 ], [ -89.005829995336768, 30.901620521456774 ], [ -89.019334387987115, 30.928746499261077 ], [ -89.022736536651976, 30.935397158478448 ], [ -89.050499226063067, 30.962502210018059 ], [ -89.060126616236076, 30.984522066428301 ], [ -89.069360486645067, 30.997411363423463 ], [ -89.101335347346605, 31.044851540618946 ], [ -89.121990527716562, 31.078082808248578 ], [ -89.215860327256806, 31.163095748339721 ], [ -89.219072358970848, 31.200990812208385 ], [ -89.250453881295485, 31.249258439610855 ], [ -89.235488410716286, 31.260273447233278 ], [ -89.236282881214464, 31.296140105979546 ], [ -89.258397178275672, 31.333612710739242 ], [ -89.253479419886517, 31.406451652574027 ], [ -89.268305628976918, 31.459403613146495 ], [ -89.258198288743642, 31.519168704751376 ], [ -89.2830737078731, 31.551137125461199 ], [ -89.305504476059525, 31.611185142510774 ], [ -89.389067205582876, 31.69002655596551 ], [ -89.396828716790438, 31.73420377527864 ], [ -89.434766547064697, 31.789788224695467 ], [ -89.440490163959495, 31.842031428367449 ], [ -89.449530254743067, 31.855045550022002 ], [ -89.438737709241224, 31.940643654524226 ], [ -89.407461447809879, 31.973335376921693 ], [ -89.391821721311601, 32.066624921665188 ], [ -89.396851736389294, 32.150927236877294 ], [ -89.421947817665696, 32.202090390762834 ], [ -89.403498344578011, 32.217508968080566 ], [ -89.3649752078381, 32.262406721962677 ], [ -89.356350729223649, 32.266834775163147 ], [ -89.312602352087282, 32.278423258769614 ], [ -89.297841644476748, 32.311557146323551 ], [ -89.24665969083226, 32.315397700393731 ], [ -89.198042653869564, 32.369915275715996 ], [ -89.277436192684476, 32.410639446222355 ], [ -89.366100895750662, 32.434948536201638 ], [ -89.353748355844999, 32.536905894362832 ], [ -89.333075859311023, 32.567343977525852 ], [ -89.377406689349002, 32.592243579623066 ], [ -89.404248637767495, 32.67044377334674 ], [ -89.517547759031729, 32.751949535724719 ], [ -89.551477766816205, 32.833991679771238 ], [ -89.589999204421972, 32.87744735818881 ], [ -89.616708195751002, 32.968641419796732 ], [ -89.679933396610934, 33.008759797510571 ], [ -89.716034523648617, 33.086575925944075 ], [ -89.777267908462349, 33.296450849986712 ], [ -89.832711746631901, 33.499699624665531 ], [ -89.869016631926485, 33.688840741880398 ], [ -89.931585753253586, 34.175253858946817 ], [ -89.996159702580556, 34.448065798348317 ], [ -90.109942372961243, 34.827218063548891 ], [ -90.171741608171757, 35.0643605411476 ], [ -89.712976906396264, 35.109032317625804 ], [ -89.39677326167994, 35.164004769910633 ], [ -88.670051041146536, 35.353270521147429 ], [ -88.47375100332485, 35.404232483477031 ], [ -87.440208164089938, 35.565706279975174 ], [ -87.439859133900981, 35.569378637443542 ], [ -86.818050239049981, 35.598948036524135 ], [ -86.85185668239572, 35.540692472235762 ], [ -86.97947470493159, 35.493239435964341 ], [ -86.99911049362467, 35.458194306656267 ], [ -87.028265627217351, 35.454847224041259 ], [ -87.03544151045476, 35.445621876636267 ], [ -87.061656087403037, 35.433418856213272 ], [ -87.05670959242336, 35.40908155716852 ], [ -87.098247029845936, 35.3849756434944 ], [ -87.078147658435668, 35.350694575858419 ], [ -87.029374913858177, 35.343596438602766 ], [ -86.937308672689937, 35.304232163842585 ], [ -86.880246602077904, 35.296643404447224 ], [ -86.78303691524134, 35.258950565860459 ], [ -86.719803155453192, 35.219332560567636 ], [ -86.607204081123442, 35.178645527993531 ], [ -86.589385809026268, 35.186678152438091 ], [ -86.484512915715612, 35.185749481933058 ], [ -86.419973091407371, 35.15249671742815 ], [ -86.361655277585001, 35.06417468756753 ], [ -86.313206645691835, 35.037725495162348 ], [ -86.263579161643847, 34.978521071647528 ], [ -86.231383111627594, 34.956878064539325 ], [ -86.201151184246086, 34.88736994492907 ], [ -86.150176774692838, 34.810391504645992 ], [ -86.093811789802288, 34.78006753756685 ], [ -86.039408708286103, 34.7301285257887 ], [ -86.027598028319275, 34.699426909112205 ], [ -85.953714335866337, 34.641248506838828 ], [ -85.877894982102177, 34.531431811902543 ], [ -85.805589723251344, 34.503373773305697 ], [ -85.761213171923359, 34.460495046252234 ], [ -85.653139971762471, 34.389537929758475 ], [ -85.598814222118818, 34.370894239441789 ], [ -85.438908067182965, 34.276002611765939 ], [ -85.406421938695075, 34.23746053547336 ], [ -85.321047529368897, 34.188966951515098 ], [ -85.254098599942466, 34.103349395967761 ], [ -85.173684789783408, 34.045733811808894 ], [ -85.137044319041053, 33.986479820013855 ], [ -84.983507565932129, 33.909158734649452 ], [ -84.9422769983573, 33.912071446310364 ], [ -84.791748658515928, 33.844170743888242 ], [ -84.617776340925928, 33.737062920645336 ], [ -84.586601567017937, 33.706131980898256 ], [ -84.431080444884159, 33.64670858529297 ], [ -84.389902687690366, 33.614943644920153 ], [ -84.428222443934374, 33.56929598887146 ], [ -84.36126729995685, 33.483635517258833 ], [ -84.089014789784386, 33.347201922274799 ], [ -84.089078866084733, 33.310663079933462 ], [ -83.861298072851554, 33.210387026676621 ], [ -83.87478273292227, 33.1908788688919 ], [ -83.822486255805885, 33.150106179815104 ], [ -83.699941234435443, 33.086262180185273 ], [ -83.557569276301805, 33.025682716204841 ], [ -83.494130732259862, 33.011950300458537 ], [ -83.362237542294551, 32.928677664948843 ], [ -83.292461832729202, 32.904697178781532 ], [ -83.193469564029854, 32.846576494062923 ], [ -83.189605891368515, 32.793282971128633 ], [ -83.124788266462218, 32.749577928650069 ], [ -83.085289736756152, 32.702612349531144 ], [ -83.023963822411218, 32.677321121693211 ], [ -82.927487193704906, 32.606177089416541 ], [ -82.910427430169406, 32.568333389588751 ], [ -82.866597210602777, 32.544358577487976 ], [ -82.849589591091586, 32.508324230471949 ], [ -82.772237395512974, 32.445443614316353 ], [ -82.801950558032416, 32.437932598821341 ], [ -82.713633302414934, 32.391843465561919 ], [ -82.619457227768066, 32.354329987472191 ], [ -82.504871939242733, 32.322435251711305 ], [ -82.474495222752196, 32.300909993896276 ], [ -82.306775528082568, 32.226857944718866 ], [ -82.296939433837025, 32.200994293600047 ], [ -82.23558692488173, 32.17065782712455 ], [ -82.205060614352689, 32.147029139766012 ], [ -82.130224513529527, 32.112208535165266 ], [ -82.086657437830596, 32.081413594497832 ], [ -82.12543651969203, 32.065098074146178 ], [ -82.021001696834304, 32.006906609834381 ], [ -82.051173607118812, 32.009604210602653 ], [ -82.011320022362099, 31.974887839115073 ], [ -81.915122181873187, 31.938489279643576 ], [ -81.843717342074711, 31.927333894326495 ], [ -81.76791628319414, 31.898399772574376 ], [ -81.744733788472686, 31.889853775540395 ], [ -81.81267706155937, 31.906215895528707 ], [ -81.841291330568225, 31.905395735833096 ], [ -81.853371266425782, 31.899915143882343 ], [ -81.859322096015958, 31.892710971619003 ], [ -81.851596921976849, 31.887526772992235 ], [ -81.78068191303592, 31.86140472403984 ], [ -81.771799329411863, 31.835211197418072 ], [ -81.709940976736291, 31.806128110945259 ], [ -81.704187231177372, 31.792692835982397 ], [ -81.613117304117424, 31.765836418953693 ], [ -81.695016748711438, 31.757933246933071 ], [ -81.735601605435775, 31.792489052068628 ], [ -81.812095019532194, 31.797210179430973 ], [ -81.873054574500799, 31.81593069094583 ], [ -81.897585600841509, 31.811143176939801 ], [ -81.99658528025688, 31.819618621775422 ], [ -82.025102327301397, 31.796648808666525 ], [ -81.973337747941244, 31.77693650951036 ], [ -81.950621855284822, 31.746832155461782 ], [ -82.05039210103233, 31.782035597601812 ], [ -82.041027288164742, 31.763728606324577 ], [ -81.971120403334993, 31.737825838669522 ], [ -81.893805814843716, 31.718056464849145 ], [ -81.840657192719306, 31.667841139159684 ], [ -81.877365959295147, 31.640836815912593 ], [ -81.92275161691957, 31.65751388095881 ], [ -81.988252692614282, 31.659979342583092 ], [ -82.100837534817458, 31.652066791853322 ], [ -82.124135080139624, 31.642440016796844 ], [ -82.197062094042053, 31.644969098376073 ], [ -82.201009695892594, 31.634285610555168 ], [ -82.11295530738505, 31.606124455238675 ], [ -82.093299226354986, 31.572082275042604 ], [ -82.165012591794593, 31.591737140026297 ], [ -82.208994223787172, 31.584951034623344 ], [ -82.202248874254138, 31.564571362112403 ], [ -82.273762901851995, 31.546929361463548 ], [ -82.23597425736456, 31.513340412539346 ], [ -82.240095156475405, 31.488792063259073 ], [ -82.186874266520675, 31.47495269224834 ], [ -82.153306292866489, 31.450584109006051 ], [ -82.267306587546443, 31.472675840415672 ], [ -82.203251278132399, 31.440011748806647 ], [ -82.296795657367838, 31.447802746156757 ], [ -82.166966657556969, 31.392249468301035 ], [ -82.065654687133502, 31.388053390877346 ], [ -82.044207446638779, 31.35643397052538 ], [ -82.058132918199803, 31.333593236651886 ], [ -82.087417051958667, 31.324378079182669 ], [ -82.084543197049484, 31.3066252245182 ], [ -82.036382820828067, 31.277058808082984 ], [ -82.155867119443656, 31.313065595956548 ], [ -82.430223746746393, 31.37989760112378 ], [ -82.449463217018931, 31.386265453808338 ], [ -82.52582413140145, 31.410270580596695 ], [ -82.576110369987319, 31.419514160661691 ], [ -82.663223480749579, 31.435576059894576 ], [ -82.770777955603862, 31.465618174224605 ], [ -82.888916705008626, 31.490778949947341 ], [ -83.047712334918671, 31.51582454399335 ], [ -83.077179758187441, 31.524218713737849 ], [ -83.204586303521879, 31.543019797616026 ], [ -83.262636483782629, 31.543586877570867 ], [ -83.265624097930683, 31.535761567227354 ], [ -83.318189829181875, 31.534507377881202 ], [ -83.35241053373322, 31.540950644462349 ], [ -83.39689118471307, 31.54351957256479 ], [ -83.407953538629457, 31.541723036300258 ], [ -83.402786377170912, 31.53090670272007 ], [ -83.455657114305467, 31.499772312995436 ], [ -83.425968205387889, 31.492571736303656 ], [ -83.331803831686017, 31.464289389892148 ], [ -83.323130062547989, 31.456235161496952 ], [ -83.342298149271031, 31.446008790968907 ], [ -83.329436565759352, 31.41878261377542 ], [ -83.384392683020423, 31.388563521761686 ], [ -83.354031548815598, 31.368507887275555 ], [ -83.437946751845786, 31.356664775521626 ], [ -83.447721025076532, 31.359774764678804 ], [ -83.571115217519122, 31.369612037703472 ], [ -83.716901146162016, 31.367554774254319 ] ] ], [ [ [ -81.757268189861051, 31.884868942440214 ], [ -81.638432396144395, 31.828527688309158 ], [ -81.642085500164882, 31.805201875341922 ], [ -81.719278870763759, 31.815914779794372 ], [ -81.75883907027081, 31.834455696287577 ], [ -81.772166940794051, 31.860543665487043 ], [ -81.821339596228697, 31.880876944133082 ], [ -81.856146236540383, 31.890640502090225 ], [ -81.848507811570826, 31.898168718091448 ], [ -81.831316864805174, 31.896884837416238 ], [ -81.837908571686114, 31.905318136968638 ], [ -81.813509145782533, 31.905696244158051 ], [ -81.757268189861051, 31.884868942440214 ] ] ], [ [ [ -81.786509754335427, 31.758507643065769 ], [ -81.793227947599931, 31.731256557631681 ], [ -81.880727926912385, 31.727620767093406 ], [ -81.961661609833541, 31.765825627839885 ], [ -81.946874048241639, 31.774445514132843 ], [ -81.991338049592173, 31.805266145608563 ], [ -81.929363022886321, 31.810423709501794 ], [ -81.86381559911959, 31.791942192359439 ], [ -81.786509754335427, 31.758507643065769 ] ] ], [ [ [ -81.912460830608353, 31.601532230546859 ], [ -82.008896173405688, 31.575555727975186 ], [ -82.078415819802601, 31.615002151571687 ], [ -82.078130629027072, 31.648321959380084 ], [ -82.019230478508774, 31.639870823795071 ], [ -81.993617337688036, 31.649328313401355 ], [ -81.934478066775512, 31.639851397326098 ], [ -81.879227512574047, 31.615325115044918 ], [ -81.912460830608353, 31.601532230546859 ] ] ], [ [ [ -82.035276173642998, 31.541926903470504 ], [ -81.979193289727618, 31.523452786688441 ], [ -81.943549811133309, 31.499480746838238 ], [ -81.971964735278121, 31.485005726102163 ], [ -82.036439058783074, 31.513853928635729 ], [ -82.035276173642998, 31.541926903470504 ] ] ], [ [ [ -82.050315444217418, 31.528906892545852 ], [ -82.06250841843368, 31.521850051334578 ], [ -81.999685451256468, 31.491101870293214 ], [ -82.082657429841618, 31.478331958372788 ], [ -82.159770881993481, 31.492917687622132 ], [ -82.196926883595154, 31.526520468602723 ], [ -82.159879620065325, 31.527392806405377 ], [ -82.17713124108937, 31.556119616073545 ], [ -82.154535004507736, 31.570072947287571 ], [ -82.044225806022439, 31.536360377855285 ], [ -82.050315444217418, 31.528906892545852 ] ] ], [ [ [ -82.016403586218729, 31.565186021506726 ], [ -81.995327875992743, 31.54702849634657 ], [ -82.075291118623909, 31.567997973261502 ], [ -82.082429647227229, 31.588437405699963 ], [ -82.016403586218729, 31.565186021506726 ] ] ], [ [ [ -82.136581060162825, 31.430869203861409 ], [ -82.14722851988175, 31.450519274867595 ], [ -82.178146609248827, 31.471220896175286 ], [ -82.200498991568409, 31.481484843518004 ], [ -82.149797354246374, 31.482434096605534 ], [ -82.115505383116258, 31.448064930586618 ], [ -82.136581060162825, 31.430869203861409 ] ] ] ] } },
{ "type": "Feature", "properties": { "electoral_college": 4, "ENGTYPE_1": "State", "HASC_1": "US.HI", "GID_1": "USA.12_1", "join_name": "hawaii", "ISO_1": "US-HI", "TYPE_1": "State", "NL_NAME_1": "NA", "CC_1": "NA", "NAME_1": "Hawaii", "COUNTRY": "UnitedStates", "VARNAME_1": "HI|Hawaii", "GID_0": "USA", "pop": 4 }, "geometry": { "type": "MultiPolygon", "coordinates": [ [ [ [ -153.206809162773681, 20.01325855046068 ], [ -152.91588191060336, 20.774602755959858 ], [ -152.840252406309304, 21.341192896248621 ], [ -152.824964510660465, 21.427179241243348 ], [ -152.825598052384748, 21.046455903400798 ], [ -152.857073522921127, 20.85218497674877 ], [ -152.902780185211498, 20.6244928631987 ], [ -152.934625828619573, 20.518546870641906 ], [ -152.968433754511949, 20.402414223470814 ], [ -152.937008380818611, 20.472606774466776 ], [ -152.94983988374409, 20.373937184401129 ], [ -152.982572861621662, 20.227478164781985 ], [ -152.981558889837686, 20.195482208735108 ], [ -153.025174461327396, 20.020046047872466 ], [ -153.081782432883927, 19.85224723910558 ], [ -153.135980745217296, 19.759833909785538 ], [ -153.236944540234873, 19.586815274588361 ], [ -153.231777879649769, 19.581195780054639 ], [ -153.176020625506482, 19.643923105889399 ], [ -153.155002981011563, 19.657369931940789 ], [ -153.190498962889393, 19.57621177132312 ], [ -153.25137842086761, 19.476387627340983 ], [ -153.236219261629657, 19.470583825947319 ], [ -153.256955750556415, 19.436696296775473 ], [ -153.252769499076692, 19.406422899076283 ], [ -153.212438974572336, 19.399913351674396 ], [ -153.211901415619906, 19.380938175799312 ], [ -153.264308307358789, 19.307428460262393 ], [ -153.397319938316627, 19.163335229389464 ], [ -153.427436618935701, 19.136866233109011 ], [ -153.557231741276098, 19.007459331061224 ], [ -153.688381047293319, 18.900560147519162 ], [ -153.719366620535567, 18.880209788031415 ], [ -153.838043689133315, 18.783435662135698 ], [ -153.966029500936941, 18.700333877037789 ], [ -154.033111347010532, 18.672953772213177 ], [ -154.090788898178005, 18.636857078415414 ], [ -154.228910408165518, 18.535100462612785 ], [ -154.375083846959143, 18.447077129543214 ], [ -154.47433207814467, 18.381752471170287 ], [ -154.560767851580664, 18.338906337437443 ], [ -154.721327097882266, 18.241544106531201 ], [ -154.735908430413446, 18.223855475575231 ], [ -154.918545448920412, 18.116589232782989 ], [ -154.975965684393032, 18.080374942936515 ], [ -155.074845090450708, 18.037729250631056 ], [ -155.069387281630668, 18.052818399279023 ], [ -155.128279094649741, 18.049660722874282 ], [ -155.197026894112469, 18.035063756718628 ], [ -155.259973840766264, 18.030281295376238 ], [ -155.374431886485809, 18.007155787693129 ], [ -155.436934887251653, 17.999612961005749 ], [ -155.490832073625683, 18.019760924429512 ], [ -155.453962315096419, 18.042470223599331 ], [ -155.378494666969232, 18.099339833366841 ], [ -155.273533638035275, 18.159649745854452 ], [ -155.264317571057518, 18.189995938793629 ], [ -155.2904215584864, 18.189439971984033 ], [ -155.243139143576428, 18.216902279878855 ], [ -155.329929996971401, 18.192907638877905 ], [ -155.271925508102669, 18.243590412842533 ], [ -155.423107803122065, 18.209777474498932 ], [ -155.424907698646791, 18.218886674329923 ], [ -155.289456950587493, 18.276800878087283 ], [ -154.637745447213376, 18.57624663723864 ], [ -154.549768169545359, 18.623948539501772 ], [ -153.805977422121856, 19.203865094636946 ], [ -153.629968228515963, 19.386216696172006 ], [ -153.46890947657954, 19.584589394125334 ], [ -153.206809162773681, 20.01325855046068 ] ] ], [ [ [ -157.175108576898623, 23.187402064736268 ], [ -157.126857868174994, 23.210343196967649 ], [ -157.077685650209219, 23.224508810224759 ], [ -157.012367161226393, 23.230915192832715 ], [ -156.84438967681595, 23.314872472381339 ], [ -156.717396989324413, 23.370186940191797 ], [ -156.528665012417378, 23.44842327660276 ], [ -156.219788695348143, 23.54129964107349 ], [ -156.124241450807205, 23.559514166780847 ], [ -155.875756615604558, 23.601128849247822 ], [ -155.78196055410632, 23.615974196625629 ], [ -155.648281248506862, 23.625897796855984 ], [ -155.548163402825139, 23.636618724017787 ], [ -155.395302467292453, 23.641311793393971 ], [ -155.13450367039394, 23.639504472168557 ], [ -155.020291163747999, 23.628827271796006 ], [ -154.889627252330456, 23.601123327448942 ], [ -155.027740547286328, 23.60386763970082 ], [ -155.081613909386874, 23.595879728282238 ], [ -155.444256590088855, 23.588060444507992 ], [ -155.602801927528134, 23.566022902937334 ], [ -155.945415015185688, 23.51748908016614 ], [ -156.606920976825364, 23.301313269327199 ], [ -156.888907947190035, 23.180482745667252 ], [ -157.031897650878165, 23.104273682843697 ], [ -157.192742974761586, 23.021710853629926 ], [ -157.267475176256795, 22.991933170065455 ], [ -157.105971822731476, 23.134264163716605 ], [ -157.085878932765581, 23.163857745454219 ], [ -157.180501426343682, 23.117368488776606 ], [ -157.320308466103313, 23.028974691597231 ], [ -157.377739958760458, 22.999000384679736 ], [ -157.5086877557722, 22.920012619362968 ], [ -157.553485360433939, 22.914377796046452 ], [ -157.489714472216605, 22.981545322250565 ], [ -157.379492271251564, 23.069262284346095 ], [ -157.181504231108192, 23.189349305101992 ], [ -157.175108576898623, 23.187402064736268 ] ] ], [ [ [ -157.642585551143185, 23.000107156731886 ], [ -157.537665025141763, 23.059162950523284 ], [ -157.473747958123056, 23.100400226899811 ], [ -157.36646042881145, 23.155979069852691 ], [ -157.334523246379121, 23.160225488046155 ], [ -157.443635284405843, 23.079531605822527 ], [ -157.574862411504029, 22.985502649318029 ], [ -157.712856763965277, 22.89038409173466 ], [ -157.975096916790108, 22.762168666248449 ], [ -158.054867508191649, 22.704008385828232 ], [ -158.180825971812595, 22.622921719617292 ], [ -158.235707053950449, 22.601191218754725 ], [ -158.181325596995606, 22.669015070654041 ], [ -158.106802816923221, 22.741138198168635 ], [ -158.062556718986599, 22.798567591189265 ], [ -158.025043813138353, 22.821149765962968 ], [ -157.999689347225541, 22.82349692054661 ], [ -157.858487784091039, 22.897568753676953 ], [ -157.781416650130012, 22.93068998000297 ], [ -157.697163724052075, 22.996013967135625 ], [ -157.703758204590201, 22.971202876812448 ], [ -157.642585551143185, 23.000107156731886 ] ] ], [ [ [ -157.722132019228297, 22.658878847110426 ], [ -157.845597746508133, 22.523786576046014 ], [ -157.958406423376516, 22.419826152617169 ], [ -158.077709053116081, 22.318023750324873 ], [ -158.152280581209311, 22.232769479092003 ], [ -158.165217700844238, 22.236844541827008 ], [ -158.055785926951927, 22.366431327777907 ], [ -157.695206422150079, 22.704415601980916 ], [ -157.722132019228297, 22.658878847110426 ] ] ], [ [ [ -157.91070802380861, 22.683282049587341 ], [ -157.877758537489967, 22.697890885210281 ], [ -157.850355761245964, 22.692556085555815 ], [ -157.873620762327164, 22.65085272253949 ], [ -157.966819895047621, 22.555642997814196 ], [ -158.098058511660554, 22.426008022906487 ], [ -158.209022192664548, 22.322525599166163 ], [ -158.175167010135794, 22.390979574179081 ], [ -158.136216354303713, 22.440765593292294 ], [ -158.116928150610562, 22.476396708266325 ], [ -158.14924016135339, 22.474002251665315 ], [ -158.11695147208485, 22.524973822615284 ], [ -158.072877786340626, 22.567359951852147 ], [ -158.004446226549248, 22.621600617401381 ], [ -157.91070802380861, 22.683282049587341 ] ] ], [ [ [ -158.558453224181505, 23.007091863961911 ], [ -158.549495768441062, 22.96875032486977 ], [ -158.560589594258573, 22.946263015493912 ], [ -158.518929070999008, 22.863398763924227 ], [ -158.544965834043637, 22.835588481307237 ], [ -158.55695710255992, 22.781812417591759 ], [ -158.536718544272816, 22.785383107888943 ], [ -158.528016951506999, 22.748664267337489 ], [ -158.485135619260291, 22.76438377283883 ], [ -158.465108125156007, 22.742502531699984 ], [ -158.48136768627532, 22.702453454039091 ], [ -158.454392228901611, 22.669702524606745 ], [ -158.537741907756214, 22.590908478004469 ], [ -158.531592426698097, 22.616590314750766 ], [ -158.642748210128275, 22.540815656842749 ], [ -158.639153776601177, 22.561460836216593 ], [ -158.669509719811629, 22.568694187824718 ], [ -158.68396381051781, 22.594685845366939 ], [ -158.741529301234436, 22.547682231948578 ], [ -158.762908575545822, 22.551755829884605 ], [ -158.88572570906814, 22.482957116710068 ], [ -158.891789818424826, 22.489638391651901 ], [ -158.884488800578254, 22.572189518012351 ], [ -158.90697488893872, 22.596950085244679 ], [ -158.898088914801264, 22.621441413734701 ], [ -158.923013721198515, 22.673357807245392 ], [ -158.900669582956851, 22.736372626429731 ], [ -158.910586040612174, 22.754800556050338 ], [ -158.892242523497686, 22.788103454612607 ], [ -158.785899554484303, 22.823166939315961 ], [ -158.7162343229692, 22.891073884288357 ], [ -158.690874190746001, 22.929275639843603 ], [ -158.617855245815605, 22.999688844974671 ], [ -158.570547131142774, 23.024383714309323 ], [ -158.558453224181505, 23.007091863961911 ] ] ], [ [ [ -159.799064503484743, 23.264248062653465 ], [ -159.761917676481289, 23.261523620426246 ], [ -159.734323704910111, 23.235238105871254 ], [ -159.727433784435306, 23.168786586592081 ], [ -159.79334632031825, 23.045884855112647 ], [ -159.798186617579574, 22.982641147526802 ], [ -159.923005051314675, 22.862529976658294 ], [ -159.981698735106477, 22.875082707800658 ], [ -160.065354012734389, 22.866822703174758 ], [ -160.09017183784843, 22.888219273018713 ], [ -160.110735660444789, 22.925593483151843 ], [ -160.188931328407222, 22.942924057148744 ], [ -160.209331638083057, 22.979264689228305 ], [ -160.20095097372095, 23.031476093943528 ], [ -160.157534593221271, 23.07512306097815 ], [ -160.125071477976746, 23.140152295280132 ], [ -160.062956173743885, 23.169138151393231 ], [ -159.984750310751707, 23.232421064840103 ], [ -159.947190717723316, 23.2419772497413 ], [ -159.920279708579983, 23.235021683612391 ], [ -159.879035935473041, 23.259100336474297 ], [ -159.833517665216135, 23.252274601851102 ], [ -159.799064503484743, 23.264248062653465 ] ] ], [ [ [ -160.474885263175622, 22.932995760015682 ], [ -160.489791064770912, 22.81109344859593 ], [ -160.580981645005636, 22.765223401809859 ], [ -160.630279924561933, 22.679262688217641 ], [ -160.657441559925019, 22.679353593149539 ], [ -160.666846654746649, 22.70497406680272 ], [ -160.639748694383741, 22.78513350339896 ], [ -160.60478117925328, 22.822100822402156 ], [ -160.536734923814862, 22.868699214549817 ], [ -160.514013604850504, 22.917993529071214 ], [ -160.474885263175622, 22.932995760015682 ] ] ] ] } },
{ "type": "Feature", "properties": { "electoral_college": 4, "ENGTYPE_1": "State", "HASC_1": "US.ID", "GID_1": "USA.13_1", "join_name": "idaho", "ISO_1": "US-ID", "TYPE_1": "State", "NL_NAME_1": "NA", "CC_1": "NA", "NAME_1": "Idaho", "COUNTRY": "UnitedStates", "VARNAME_1": "ID|Idaho", "GID_0": "USA", "pop": 4 }, "geometry": { "type": "Polygon", "coordinates": [ [ [ -111.414498397794986, 43.634457470297008 ], [ -111.934075416301255, 43.702782966740607 ], [ -112.243187260639317, 43.728898742300153 ], [ -112.350439977693327, 43.707324090324661 ], [ -112.42795039181776, 43.692818927631258 ], [ -112.651825933305233, 43.576197121583412 ], [ -112.760003157671193, 43.501728229406631 ], [ -112.81581765700885, 43.446256186442064 ], [ -112.941192077308443, 43.32421234194419 ], [ -113.647699749777786, 43.148467427703281 ], [ -113.262549074415062, 44.571519092198621 ], [ -113.265096492698888, 44.576955657762802 ], [ -113.233281379441266, 44.584619011012855 ], [ -113.219817913194817, 44.59510547101921 ], [ -113.224055636740147, 44.608492233485421 ], [ -113.202611440760222, 44.613290986943035 ], [ -113.202382954649963, 44.623346115510849 ], [ -113.217978512215154, 44.627629308271594 ], [ -113.217005633713939, 44.636241350373417 ], [ -113.189310949590109, 44.640066692379847 ], [ -113.173105179573483, 44.654155971897168 ], [ -113.210378144148933, 44.661067763526724 ], [ -113.21087566369178, 44.669780116531335 ], [ -113.244013423269763, 44.673979002622623 ], [ -113.258712773113515, 44.670543534491493 ], [ -113.282100382955193, 44.679804252465871 ], [ -113.315815189925218, 44.678034109825425 ], [ -113.34509376910988, 44.680024709183385 ], [ -113.371342795713204, 44.68901074920317 ], [ -113.346672733001355, 44.694569814532329 ], [ -113.38231853204087, 44.708277801690073 ], [ -113.356906929047824, 44.715868924275505 ], [ -113.361101781243491, 44.727069951693096 ], [ -113.3262959886857, 44.734335533395026 ], [ -113.298871612261721, 44.73736843129992 ], [ -113.291639571232821, 44.74469382959883 ], [ -113.22732573601003, 44.773778407342931 ], [ -113.203630661196584, 44.783158944853305 ], [ -113.150403922393735, 44.791018214612912 ], [ -113.143984617642545, 44.796512795588789 ], [ -113.101824127975348, 44.814561942820447 ], [ -113.085655194373132, 44.828033040434455 ], [ -113.090587744600711, 44.836656603667642 ], [ -113.07982783345588, 44.848207519864339 ], [ -113.055435656325002, 44.857079003743102 ], [ -113.044494064735233, 44.866033225265809 ], [ -113.015711067439582, 44.879448162326412 ], [ -112.984275623641494, 44.908792032397919 ], [ -112.974838935341907, 44.913210734318 ], [ -112.965766031961479, 44.925491745442429 ], [ -112.913886861490354, 44.958116855284651 ], [ -112.894575800823574, 44.967449901210323 ], [ -112.889906972656945, 44.975991934719978 ], [ -112.868132316631488, 44.990450063325397 ], [ -112.846957683647773, 44.999008472166807 ], [ -112.832968931758344, 45.008460321693569 ], [ -112.837688117938825, 45.016052902125089 ], [ -112.85359300513683, 45.022575153099694 ], [ -112.84746838260638, 45.032873706226468 ], [ -112.869148662785307, 45.039470881443592 ], [ -112.903397000102046, 45.035386652799346 ], [ -112.914723970709019, 45.042801820097814 ], [ -112.962205303287647, 45.041960959972812 ], [ -112.96064444849128, 45.048749467474259 ], [ -112.999465335827708, 45.061551276580701 ], [ -113.002129740154302, 45.070565962437698 ], [ -113.022569607305229, 45.082063580526132 ], [ -113.02825669822208, 45.089197983680634 ], [ -113.039924898653183, 45.09920750142571 ], [ -113.052695823766342, 45.108170766628092 ], [ -113.054329863292381, 45.116141725745173 ], [ -113.03062534121625, 45.137981161570146 ], [ -113.061981959834625, 45.150443110891302 ], [ -113.061369081038592, 45.163033788056453 ], [ -113.088983812287609, 45.185607749586367 ], [ -113.162469013885357, 45.220195882485044 ], [ -113.146558781201719, 45.238316757943331 ], [ -113.155192181871598, 45.246091349420894 ], [ -113.649747424182948, 45.934640602466544 ], [ -114.081804491301583, 46.606667548357855 ], [ -114.42945426968204, 47.1864892235524 ], [ -114.696181654877606, 47.641275803713732 ], [ -113.638190650386733, 47.264569886328459 ], [ -113.249679265327359, 46.706534511459481 ], [ -112.851074241929311, 46.140556316024316 ], [ -112.814610346042329, 46.12068954510174 ], [ -112.59406444149343, 45.947861417097805 ], [ -112.520511166866086, 45.904922987022964 ], [ -112.469153637185912, 45.844316313328648 ], [ -112.435860937215594, 45.837995259842323 ], [ -112.393084538233921, 45.801772454231575 ], [ -112.333660259700181, 45.776928761605937 ], [ -112.314393885331199, 45.736369591057354 ], [ -112.278016296300152, 45.720668426119836 ], [ -112.259543106706971, 45.697332836076932 ], [ -112.30940517020926, 45.681537236566115 ], [ -112.258012125561464, 45.663144843323174 ], [ -112.231166928374265, 45.634619932827967 ], [ -112.183172342331673, 45.615656132239124 ], [ -112.250333867581162, 45.617724762987201 ], [ -112.278032830432011, 45.612568769435619 ], [ -112.131697727034975, 45.573805973632808 ], [ -112.082179405840421, 45.557928189784519 ], [ -112.03147502814673, 45.533040558562902 ], [ -111.872875299335973, 45.525212321591276 ], [ -111.854328379747642, 45.514465030986578 ], [ -111.855003889507998, 45.502490640477305 ], [ -111.7423535979175, 45.482473281181669 ], [ -111.739390757214224, 45.47511922825818 ], [ -111.707937959655112, 45.46951946898362 ], [ -111.693354349167635, 45.4527941223688 ], [ -111.672660198762117, 45.455590763954937 ], [ -111.621918660825912, 45.446232288091394 ], [ -111.63274248918826, 45.427445038403398 ], [ -111.601298547440749, 45.426961001353156 ], [ -111.585118002789144, 45.423398761868768 ], [ -111.557708457855725, 45.422274342001735 ], [ -111.573228426008413, 45.411871927329607 ], [ -111.558702396331455, 45.411775300082716 ], [ -111.524866661080679, 45.421877998626478 ], [ -111.50677879748676, 45.422555623897814 ], [ -111.498230902730072, 45.419676751029577 ], [ -111.510305552732277, 45.411621209128029 ], [ -111.492093097496095, 45.408809939531665 ], [ -111.467493985707605, 45.413481288920501 ], [ -111.444385604189264, 45.413185085444269 ], [ -111.429044241906979, 45.418714285109886 ], [ -111.407901611100201, 45.422206972394036 ], [ -111.396795678352689, 45.4216195697663 ], [ -111.396436136784132, 45.418049294810857 ], [ -111.405138669209464, 45.409363552311319 ], [ -111.411516017932342, 45.40538824607593 ], [ -111.414055200763912, 45.4003923373037 ], [ -111.435806204654639, 45.395725236669975 ], [ -111.432373283608129, 45.391416453842545 ], [ -111.441039129094676, 45.384372206722624 ], [ -111.454326166564385, 45.380315620534105 ], [ -111.458998659598933, 45.373495547117017 ], [ -111.475548077832173, 45.364519528264545 ], [ -111.4921729633203, 45.360227799161294 ], [ -111.487064384212985, 45.358221533713788 ], [ -111.494272194131696, 45.350331531916652 ], [ -111.521773838057157, 45.346053220708605 ], [ -111.53371858738727, 45.33943900484914 ], [ -111.512049202435236, 45.339147626695123 ], [ -111.520642206347631, 45.334720371262726 ], [ -111.542838725359658, 45.328304228399524 ], [ -111.539309803742896, 45.325234976659296 ], [ -111.509056425703108, 45.32679703649319 ], [ -111.523576645189166, 45.320604599897074 ], [ -111.511378657161458, 45.316582477299306 ], [ -111.527588485941877, 45.31044545031088 ], [ -111.537925362507721, 45.310064401658551 ], [ -111.568369489235806, 45.304222454702284 ], [ -111.619661626345192, 45.287706501527907 ], [ -111.61440012772421, 45.284811251297661 ], [ -111.595922877052232, 45.284839087259279 ], [ -111.608571280415902, 45.276157142091314 ], [ -111.644540666782135, 45.26627674001508 ], [ -111.636953936994203, 45.26523426981921 ], [ -111.655494093635582, 45.257635982781608 ], [ -111.628932530517687, 45.260339810802897 ], [ -111.606492653312998, 45.265063420107097 ], [ -111.594220900207858, 45.260819746160145 ], [ -111.569970511396249, 45.26251841585978 ], [ -111.560186595050496, 45.259626176997735 ], [ -111.523704207252806, 45.26862732648204 ], [ -111.495565917335355, 45.28079029731839 ], [ -111.485851362436833, 45.280863119762685 ], [ -111.456230928264674, 45.288176823510028 ], [ -111.44891959729685, 45.291853888295009 ], [ -111.431977786133643, 45.296234956111959 ], [ -111.421340629866108, 45.301368142476775 ], [ -111.401066301880746, 45.307563964369891 ], [ -111.39677321223634, 45.312130732350383 ], [ -111.386803912383911, 45.314481312829038 ], [ -111.36650251805932, 45.310766087018969 ], [ -111.371424845021551, 45.307170450564719 ], [ -111.349250540995214, 45.309027810894086 ], [ -111.346288403205151, 45.306422367986173 ], [ -111.358744090721203, 45.299716129437599 ], [ -111.345707988265531, 45.29929818623102 ], [ -111.345833269410704, 45.295235947035465 ], [ -111.354825345882986, 45.290229717577404 ], [ -111.357147895785332, 45.285554160009838 ], [ -111.348871999898037, 45.283515151785892 ], [ -111.356545114343348, 45.274894931617979 ], [ -111.348041266876947, 45.270182271558646 ], [ -111.351031351813845, 45.266013708277207 ], [ -111.335006524227168, 45.257685119299133 ], [ -111.33694461521047, 45.249328890659449 ], [ -111.316526315799521, 45.24269532261026 ], [ -111.319208355753958, 45.233866943615041 ], [ -111.32757700273514, 45.223935666006305 ], [ -111.339773427800225, 45.219817240928833 ], [ -111.343414665234633, 45.214896456467464 ], [ -111.343133100863767, 45.204486261987562 ], [ -111.331376933550899, 45.201106215836703 ], [ -111.325718532133152, 45.19263091260283 ], [ -111.301626270390756, 45.205074808383088 ], [ -111.293296658230105, 45.203647162148684 ], [ -111.28487558801811, 45.191584182737458 ], [ -111.289183412891646, 45.184477550859413 ], [ -111.286146586795724, 45.180649598674066 ], [ -111.292849863541008, 45.167947124815612 ], [ -111.303861736255442, 45.159888598870054 ], [ -111.30102350776842, 45.152078444228394 ], [ -111.307069433810312, 45.146115814059719 ], [ -111.302524439301123, 45.142998628393606 ], [ -111.313550969560367, 45.131404954483124 ], [ -111.318484946109564, 45.120658059987186 ], [ -111.317595740774124, 45.115039850588722 ], [ -111.307997699775825, 45.110536159705021 ], [ -111.305393067216258, 45.101393730563387 ], [ -111.293803680083613, 45.109520223220144 ], [ -111.286143830380809, 45.124581494756562 ], [ -111.279159812661135, 45.132024777031098 ], [ -111.269803480218684, 45.139026495256438 ], [ -111.260466509693558, 45.147314562479934 ], [ -111.254907600351501, 45.150615190350017 ], [ -111.246622768513973, 45.155554828843904 ], [ -111.237183372759162, 45.158413315073958 ], [ -111.233684242763914, 45.157078821329868 ], [ -111.2079696095972, 45.164184131845417 ], [ -111.202723567382705, 45.161385080912453 ], [ -111.19196987845163, 45.166832729676806 ], [ -111.181836076007784, 45.163983558478542 ], [ -111.180034707744738, 45.164307587974918 ], [ -111.168400961742009, 45.175852205701439 ], [ -111.162593791635985, 45.184799660950077 ], [ -111.154097197416064, 45.187690620827659 ], [ -111.144510183121142, 45.194867511609523 ], [ -111.135450633264526, 45.196018278056748 ], [ -111.134603114448694, 45.19229369335973 ], [ -111.117608150969517, 45.193695900304071 ], [ -111.1139976787439, 45.192042083184113 ], [ -111.09576491906364, 45.197631506705221 ], [ -111.08314770193148, 45.198110636088387 ], [ -111.075563120151273, 45.20182830324881 ], [ -111.057338964707768, 45.204693353062297 ], [ -111.053548830437947, 45.198970938973474 ], [ -111.033335037773909, 45.20005825234081 ], [ -111.015839253230013, 45.205706279244147 ], [ -111.001287589061405, 45.205498127021691 ], [ -110.992361649623788, 45.204950064052831 ], [ -110.985424632386625, 45.20682276012888 ], [ -110.957727716095206, 45.207561214029973 ], [ -110.961725406392958, 45.215307049756291 ], [ -110.945165027812607, 45.222992641554328 ], [ -110.950494102478473, 45.227761355894557 ], [ -110.932800728137877, 45.230431060515016 ], [ -110.924133405408199, 45.229202248498595 ], [ -110.916203037024005, 45.234542833213716 ], [ -110.912271213152906, 45.234645685280341 ], [ -110.900917404716694, 45.231277397561335 ], [ -110.890569849623077, 45.231148177312711 ], [ -110.888989689438404, 45.22990856166615 ], [ -110.877792844215776, 45.227685485581056 ], [ -110.857010615198547, 45.220454039800089 ], [ -110.840758849859611, 45.209835711259878 ], [ -110.825404065576109, 45.208989743182016 ], [ -110.808502062749369, 45.204305093814732 ], [ -110.786175510501096, 45.201367025179437 ], [ -110.769807478027516, 45.193725401335108 ], [ -110.729854546682503, 45.189725093581153 ], [ -110.409090173140228, 44.630177839887565 ], [ -110.298826044533968, 44.274281870255152 ], [ -110.286232633881085, 44.0549586112094 ], [ -110.370321188895105, 43.709939554361199 ], [ -110.802649608115587, 43.651912466699763 ], [ -110.931285127509156, 43.643624815692483 ], [ -111.245461649798713, 43.62532489571818 ], [ -111.408202875806452, 43.628832776859376 ], [ -111.414498397794986, 43.634457470297008 ] ] ] } },
{ "type": "Feature", "properties": { "electoral_college": 20, "ENGTYPE_1": "State", "HASC_1": "US.IL", "GID_1": "USA.14_1", "join_name": "illinois", "ISO_1": "US-IL", "TYPE_1": "State", "NL_NAME_1": "NA", "CC_1": "NA", "NAME_1": "Illinois", "COUNTRY": "UnitedStates", "VARNAME_1": "IL|Ill.", "GID_0": "USA", "pop": 20 }, "geometry": { "type": "Polygon", "coordinates": [ [ [ -95.322919580480672, 37.406633903450278 ], [ -95.2817713385665, 37.382731744486925 ], [ -95.317663654868298, 37.371073058646104 ], [ -95.343259571737249, 37.381647956121803 ], [ -95.363754953352156, 37.417941670873375 ], [ -95.414274467955067, 37.454203225639183 ], [ -95.471743914080022, 37.455485809257013 ], [ -95.426879300989086, 37.424515885671504 ], [ -95.412131855990097, 37.399974896418179 ], [ -95.440917417128816, 37.387828826997605 ], [ -95.550973097121087, 37.443768093183564 ], [ -95.550418826138255, 37.480537575306286 ], [ -95.60513606083434, 37.517574883728976 ], [ -95.656530429339767, 37.56751848737936 ], [ -95.680536130217078, 37.625631413564768 ], [ -95.730301744796222, 37.636739100928864 ], [ -95.742777039539149, 37.648533059061577 ], [ -95.743527961034587, 37.680016835533991 ], [ -95.722007240703235, 37.697846331158253 ], [ -95.678519789225632, 37.702993814563889 ], [ -95.666349373556329, 37.722464274277065 ], [ -95.693158313264234, 37.777599278325432 ], [ -95.773780877365922, 37.833963951363295 ], [ -95.816779614033806, 37.877523777666298 ], [ -95.830775869618719, 37.909250340399751 ], [ -95.787397162124492, 37.92076029858238 ], [ -95.843178961484156, 37.956575793091197 ], [ -95.858169658664707, 37.997810089476467 ], [ -95.953663663522903, 38.022466910558151 ], [ -96.004686998905612, 38.04888593476376 ], [ -96.06373724000953, 38.065291219128085 ], [ -96.066114252548473, 38.090446371708246 ], [ -96.180690724708413, 38.144934360409934 ], [ -96.253286850232641, 38.161326346741227 ], [ -96.265544052955605, 38.179567927260031 ], [ -96.328392028330953, 38.204286614562172 ], [ -96.369223949835813, 38.187551590042865 ], [ -96.446209903151512, 38.200785859467096 ], [ -96.491820105154162, 38.233371730133072 ], [ -96.478369729245628, 38.272384688116944 ], [ -96.539971204588582, 38.274083985824163 ], [ -96.563856597937388, 38.284566444077107 ], [ -96.633153739147758, 38.322074886238831 ], [ -96.712680218384961, 38.351362813161089 ], [ -96.750895174012697, 38.379822006599291 ], [ -96.826700363735668, 38.404869837861639 ], [ -96.933924303371995, 38.458585497954388 ], [ -97.013121296478104, 38.509548310092441 ], [ -97.058090753805459, 38.527300755945028 ], [ -97.109916219553895, 38.559555182863669 ], [ -97.181421385601126, 38.621527731890176 ], [ -97.213041331736733, 38.660732440519276 ], [ -97.227976068803301, 38.696137896694303 ], [ -97.204020203325001, 38.7327095195364 ], [ -97.239942951538964, 38.825862576466918 ], [ -97.209543046953925, 38.877089598313447 ], [ -97.211866715106595, 38.914974347200108 ], [ -97.236958002219296, 38.950685318870647 ], [ -97.310842035236234, 39.014054633180869 ], [ -97.321084430075175, 39.048783915369015 ], [ -97.253427013879588, 39.133231228699053 ], [ -97.277545938345398, 39.191541121524125 ], [ -97.349510045911785, 39.230296959200743 ], [ -97.521214015366724, 39.322978411516715 ], [ -97.620271098906514, 39.348701253406837 ], [ -97.719498296640879, 39.401997917438798 ], [ -97.81207014642753, 39.428337072717895 ], [ -97.83562501370524, 39.421581139592675 ], [ -97.835818849367612, 39.357092922954884 ], [ -97.865074958302515, 39.318939993016812 ], [ -97.93206579696124, 39.329630044094102 ], [ -97.997825865701074, 39.375932995487169 ], [ -98.090623479584579, 39.463431392427353 ], [ -98.112354267308092, 39.502520734384916 ], [ -98.210909030331123, 39.608114826567785 ], [ -98.217427053455964, 39.69039248429651 ], [ -98.269953660872559, 39.745916063432418 ], [ -98.367844667349075, 39.9117283726805 ], [ -98.506410330277191, 40.032853256909867 ], [ -98.609918178802033, 40.108087149477356 ], [ -98.715442854563335, 40.173430407378028 ], [ -98.76151327632752, 40.21482594374428 ], [ -98.82649538315863, 40.245831288958463 ], [ -98.926630788360953, 40.324394127013498 ], [ -99.01067424172895, 40.432907934618491 ], [ -99.101823789801983, 40.4824345270221 ], [ -99.146514605369177, 40.55182992656637 ], [ -99.222182737338414, 40.602932349398159 ], [ -99.284786593564078, 40.671438694081218 ], [ -99.407085053043531, 40.78072257290998 ], [ -99.435236497205878, 40.867815132752504 ], [ -99.452076958372459, 40.898340373604974 ], [ -99.525190463778941, 40.964154491795142 ], [ -99.559164723193831, 41.022175603055793 ], [ -99.565740978620553, 41.057784364697582 ], [ -99.559171717155465, 41.091169742302142 ], [ -99.57631879056585, 41.126498509496777 ], [ -99.673174382600152, 41.280031823952932 ], [ -99.685688753422909, 41.328025415328625 ], [ -99.72973857574091, 41.441732290718498 ], [ -99.765956185790927, 41.619261789042248 ], [ -99.768516132612291, 41.776959785405737 ], [ -99.746932357405555, 41.851764674879441 ], [ -99.708473734319753, 41.889874198871077 ], [ -99.733107772027793, 41.963737313747174 ], [ -99.730861808176485, 42.018316501305868 ], [ -99.742860155800926, 42.072425390915086 ], [ -99.763541237647189, 42.100246486110741 ], [ -99.783255075457959, 42.117136824528821 ], [ -99.78150118832427, 42.147865206492341 ], [ -99.736255799822857, 42.220846517535676 ], [ -99.672941674087213, 42.2669194439774 ], [ -99.621775318645092, 42.275269334418354 ], [ -99.561708909900574, 42.318881081728989 ], [ -99.541972783468111, 42.362127300430906 ], [ -99.549292101728781, 42.416461453041443 ], [ -99.531048616541966, 42.496442578039733 ], [ -99.534193954301685, 42.555065450304895 ], [ -99.449725890413646, 42.677937042178762 ], [ -99.40717409102146, 42.711819076868501 ], [ -99.397476469278928, 42.770701528849784 ], [ -99.381072479045741, 42.868564028950097 ], [ -99.382797796777396, 42.895426835245345 ], [ -99.378817850021363, 42.917137719601804 ], [ -99.379041737340287, 42.926309407345379 ], [ -99.412702467939738, 42.980222045235308 ], [ -99.417662909562836, 42.983642363013296 ], [ -99.466638108452656, 42.974396944761878 ], [ -99.490087954668525, 42.997531282938027 ], [ -99.502195352157031, 43.032906754539241 ], [ -99.447714799079165, 43.109805062589281 ], [ -99.42405403454363, 43.161622163994139 ], [ -99.385790655473627, 43.216575179389743 ], [ -99.32893941357375, 43.2495061357804 ], [ -99.27013903247159, 43.264963652351931 ], [ -99.17846566111578, 43.319657859710773 ], [ -99.071664265555185, 43.350854676936592 ], [ -98.952847198983505, 43.395098787948683 ], [ -98.868037953947891, 43.449391638677596 ], [ -98.812205995315409, 43.483007420538534 ], [ -98.70345793320547, 43.514638814517625 ], [ -98.640870450285831, 43.542399377469792 ], [ -98.537952984215991, 43.607484089637929 ], [ -98.45697040821689, 43.644572772875776 ], [ -98.434974243425856, 43.692964352747921 ], [ -98.376729191492046, 43.74070754070835 ], [ -98.365288755912289, 43.756195202014666 ], [ -98.364977675679839, 43.760829354779325 ], [ -98.359887103011161, 43.770770983370682 ], [ -98.338309729567996, 43.786096190275877 ], [ -98.310418002727829, 43.802417495897068 ], [ -98.295267724874947, 43.810168775881884 ], [ -98.136136818886129, 43.878605526240634 ], [ -98.068420866620087, 43.941557315598068 ], [ -98.026762403962806, 43.970383355152869 ], [ -98.023760490010787, 43.997326170006147 ], [ -97.98342307710962, 44.02488890082612 ], [ -97.964323906940635, 44.037551163982066 ], [ -97.962545051461149, 44.04183806575719 ], [ -97.978092628475864, 44.055509384318313 ], [ -97.973987431341413, 44.074197337453207 ], [ -97.949653193170974, 44.106710066161462 ], [ -97.994582798081538, 44.102535332785841 ], [ -97.999049752359937, 44.114784700615431 ], [ -98.195776520929257, 44.099606864089587 ], [ -98.219175469796014, 44.101851865431513 ], [ -98.251957069354077, 44.120944473156271 ], [ -98.249830193078438, 44.135455330887915 ], [ -98.22076830668739, 44.166864761001897 ], [ -98.282197675389142, 44.185659320704971 ], [ -98.361262532360811, 44.184827822678187 ], [ -98.381672804943861, 44.196663614530216 ], [ -98.442335987493223, 44.192250482528159 ], [ -98.483171297828079, 44.197761276205568 ], [ -98.473960231010551, 44.211992650287037 ], [ -98.456989730489141, 44.223676462305953 ], [ -98.449688027617157, 44.225597531814763 ], [ -98.167048675519169, 44.293799725540694 ], [ -97.678400619587592, 44.402370872165207 ], [ -97.516036999980258, 44.433607066460134 ], [ -97.115337840763843, 44.507125634538568 ], [ -95.768642999126641, 44.67761988539209 ], [ -95.558986232989483, 44.698392400563336 ], [ -93.381546677655521, 44.823375665784603 ], [ -93.430952288504116, 44.705257869428031 ], [ -93.52246236771478, 44.278153943306734 ], [ -93.925568905325619, 44.27901906683099 ], [ -93.849383544316893, 44.02569844799514 ], [ -93.753717641186924, 42.921139540764067 ], [ -93.659700217115869, 41.849049028291596 ], [ -93.375922227707264, 39.843782191026676 ], [ -93.460360573320784, 39.821052321428567 ], [ -93.520866483348087, 39.753790191642715 ], [ -93.503871655096475, 39.653944833234561 ], [ -93.457278755012979, 39.642100498640993 ], [ -93.442920575196268, 39.565496225211014 ], [ -93.547802203719058, 39.472717705524602 ], [ -93.56852370283147, 39.434044895869995 ], [ -93.4235395158275, 39.314210437128928 ], [ -93.430154099540502, 39.222300766623341 ], [ -93.336071366002557, 39.189108618327602 ], [ -93.357476156969213, 39.128902083503277 ], [ -93.392116450185824, 39.080510144742313 ], [ -93.326349507111061, 39.017860651727169 ], [ -93.327403837536124, 38.977287385906173 ], [ -93.384008923712415, 38.920520648922817 ], [ -93.466431870814077, 38.896331238886134 ], [ -93.547509315217255, 38.801071618280197 ], [ -93.545179363240706, 38.769815169882364 ], [ -93.629190862284034, 38.731251686057391 ], [ -93.667429670635357, 38.725076485314659 ], [ -93.68536793263516, 38.670715163865026 ], [ -93.730358270006974, 38.637223540818979 ], [ -93.803058135466841, 38.600280620426105 ], [ -93.813974921822151, 38.568847630543068 ], [ -93.857777480216541, 38.557656378373586 ], [ -93.945819007895281, 38.55044655807184 ], [ -93.961888924002636, 38.523747254940218 ], [ -94.016985209272065, 38.481936369864982 ], [ -93.998020836091541, 38.462900072411678 ], [ -93.936585906979019, 38.450493573683104 ], [ -94.061870883055278, 38.378444466691882 ], [ -93.999489645907104, 38.394245761783552 ], [ -94.004823808853828, 38.375342674975727 ], [ -94.099926943264592, 38.335630688048404 ], [ -94.076383228859285, 38.30067464879302 ], [ -94.103920778483058, 38.278070624516445 ], [ -94.086290539653803, 38.232929817861773 ], [ -94.179459342919031, 38.223770690149223 ], [ -94.135235079482399, 38.1931048291015 ], [ -94.10646397772733, 38.187693459364212 ], [ -94.107558397899851, 38.179828155518827 ], [ -94.178137352388589, 38.166448351956895 ], [ -94.170635822802595, 38.156049922278427 ], [ -94.153087826140961, 38.153970003220614 ], [ -94.112921658269613, 38.153827111168454 ], [ -94.149106038453823, 38.106982884248836 ], [ -94.228336663827818, 38.071018118008674 ], [ -94.265225593085177, 38.04079912551498 ], [ -94.277600054960757, 38.016160648992262 ], [ -94.256161188214648, 37.966609833275974 ], [ -94.193689463181315, 37.932127274434528 ], [ -94.193495331729125, 37.902818191107237 ], [ -94.211939310726194, 37.88581859438527 ], [ -94.336429205703382, 37.857010045555569 ], [ -94.404446789809029, 37.847117653958001 ], [ -94.473508579626568, 37.822605332010603 ], [ -94.527845595134664, 37.793021428057145 ], [ -94.565493840599189, 37.805464798645211 ], [ -94.606128627404729, 37.792969429416289 ], [ -94.638512569257983, 37.766254386474159 ], [ -94.646755457520939, 37.730668377665232 ], [ -94.678429858531587, 37.670591811140923 ], [ -94.66948819384595, 37.654997005199554 ], [ -94.612802206727437, 37.612566274327492 ], [ -94.587662152948624, 37.569026168683628 ], [ -94.590568128864135, 37.549739488904763 ], [ -94.628486510668409, 37.496339809005299 ], [ -94.654440497480095, 37.482215226404769 ], [ -94.713751973072377, 37.484241242148549 ], [ -94.779989835308371, 37.518270700121768 ], [ -94.860562898284158, 37.536049225852572 ], [ -94.897548744962265, 37.536378819367108 ], [ -94.964930049739692, 37.568266809817089 ], [ -95.093726278019432, 37.60019017859355 ], [ -95.113777304411499, 37.603027997438794 ], [ -95.140921786670276, 37.604505890855201 ], [ -95.189855566833074, 37.597488538235567 ], [ -95.257656224620376, 37.551203328219898 ], [ -95.284751072019645, 37.506019486468297 ], [ -95.338592769470637, 37.450298442970478 ], [ -95.339827132470973, 37.434110812145164 ], [ -95.322919580480672, 37.406633903450278 ] ] ] } },
{ "type": "Feature", "properties": { "electoral_college": 11, "ENGTYPE_1": "State", "HASC_1": "US.IN", "GID_1": "USA.15_1", "join_name": "indiana", "ISO_1": "US-IN", "TYPE_1": "State", "NL_NAME_1": "NA", "CC_1": "NA", "NAME_1": "Indiana", "COUNTRY": "UnitedStates", "VARNAME_1": "IN|Ind.", "GID_0": "USA", "pop": 11 }, "geometry": { "type": "Polygon", "coordinates": [ [ [ -93.470111347266808, 38.321391777869685 ], [ -93.518783008672727, 38.330515934498194 ], [ -93.545110961952332, 38.355380240235945 ], [ -93.611321044289724, 38.314413658326643 ], [ -93.574787462124192, 38.294443569503123 ], [ -93.597815879793799, 38.253842294697456 ], [ -93.641394591008364, 38.236295179180992 ], [ -93.673160510508694, 38.232665864503034 ], [ -93.684738670789812, 38.288947627597111 ], [ -93.77199724059426, 38.269748801121573 ], [ -93.818979804060447, 38.250633590242451 ], [ -93.87330537197154, 38.247073030266627 ], [ -93.900244132812759, 38.261372166387964 ], [ -93.923836730704508, 38.274986182556525 ], [ -93.942716763559972, 38.273972011310612 ], [ -93.951847792137173, 38.270077113771308 ], [ -93.993860599243291, 38.240126891582143 ], [ -93.996596564425488, 38.223370059214545 ], [ -93.96506409251495, 38.188344126145211 ], [ -93.999532918687933, 38.166188118824536 ], [ -94.019310538120735, 38.14919190910345 ], [ -94.039128775303737, 38.143670179181349 ], [ -94.085632639356717, 38.158905382510369 ], [ -94.112921658269613, 38.153827111168454 ], [ -94.153087826140961, 38.153970003220614 ], [ -94.170635822802595, 38.156049922278427 ], [ -94.178137352388589, 38.166448351956895 ], [ -94.107558397899851, 38.179828155518827 ], [ -94.10646397772733, 38.187693459364212 ], [ -94.135235079482399, 38.1931048291015 ], [ -94.179459342919031, 38.223770690149223 ], [ -94.086290539653803, 38.232929817861773 ], [ -94.103920778483058, 38.278070624516445 ], [ -94.076383228859285, 38.30067464879302 ], [ -94.099926943264592, 38.335630688048404 ], [ -94.004823808853828, 38.375342674975727 ], [ -93.999489645907104, 38.394245761783552 ], [ -94.061870883055278, 38.378444466691882 ], [ -93.936585906979019, 38.450493573683104 ], [ -93.998020836091541, 38.462900072411678 ], [ -94.016985209272065, 38.481936369864982 ], [ -93.961888924002636, 38.523747254940218 ], [ -93.945819007895281, 38.55044655807184 ], [ -93.857777480216541, 38.557656378373586 ], [ -93.813974921822151, 38.568847630543068 ], [ -93.803058135466841, 38.600280620426105 ], [ -93.730358270006974, 38.637223540818979 ], [ -93.68536793263516, 38.670715163865026 ], [ -93.667429670635357, 38.725076485314659 ], [ -93.629190862284034, 38.731251686057391 ], [ -93.545179363240706, 38.769815169882364 ], [ -93.547509315217255, 38.801071618280197 ], [ -93.466431870814077, 38.896331238886134 ], [ -93.384008923712415, 38.920520648922817 ], [ -93.327403837536124, 38.977287385906173 ], [ -93.326349507111061, 39.017860651727169 ], [ -93.392116450185824, 39.080510144742313 ], [ -93.357476156969213, 39.128902083503277 ], [ -93.336071366002557, 39.189108618327602 ], [ -93.430154099540502, 39.222300766623341 ], [ -93.4235395158275, 39.314210437128928 ], [ -93.56852370283147, 39.434044895869995 ], [ -93.547802203719058, 39.472717705524602 ], [ -93.442920575196268, 39.565496225211014 ], [ -93.457278755012979, 39.642100498640993 ], [ -93.503871655096475, 39.653944833234561 ], [ -93.520866483348087, 39.753790191642715 ], [ -93.460360573320784, 39.821052321428567 ], [ -93.375922227707264, 39.843782191026676 ], [ -93.659700217115869, 41.849049028291596 ], [ -93.753717641186924, 42.921139540764067 ], [ -93.849383544316893, 44.02569844799514 ], [ -93.925568905325619, 44.27901906683099 ], [ -92.621575505801019, 44.293099498604825 ], [ -92.03961599820471, 44.319630665694042 ], [ -91.662951451159955, 44.34359541015921 ], [ -90.901377423647432, 44.44319599595606 ], [ -90.926282666639295, 43.266396943153325 ], [ -90.61140814987877, 41.877288299658325 ], [ -90.493450767682916, 41.402493169771773 ], [ -90.074266979973288, 40.313613617102959 ], [ -89.811610993847125, 39.734206012634715 ], [ -89.756257984068213, 39.583218146679194 ], [ -89.76820810394247, 39.574441438857221 ], [ -89.811920557495597, 39.539830902149461 ], [ -89.813009595630092, 39.527445437329405 ], [ -89.734399913440612, 39.451852791078558 ], [ -89.723767152463736, 39.421821572743013 ], [ -89.755949792786907, 39.387314468111747 ], [ -89.730763773169656, 39.360492147758691 ], [ -89.655991442541648, 39.339921783499925 ], [ -89.656106139878872, 39.316831565850293 ], [ -89.688197844041881, 39.286914185970822 ], [ -89.664873556134921, 39.259356981169539 ], [ -89.67809157693749, 39.243274996065757 ], [ -89.738149702449576, 39.252598466923814 ], [ -89.795964794151843, 39.237011208904654 ], [ -89.856284646329215, 39.237122069004137 ], [ -89.97252987316152, 39.186527884312788 ], [ -90.025619311631857, 39.156049432042721 ], [ -90.107911817261254, 39.153962924842382 ], [ -90.156118887359796, 39.187940447292569 ], [ -90.217467613972062, 39.194822830259845 ], [ -90.295623668305396, 39.183347418334165 ], [ -90.36917623664138, 39.186689754850896 ], [ -90.398546452893726, 39.174621983489729 ], [ -90.414016601174211, 39.135657617595243 ], [ -90.390299831600487, 39.109593958767704 ], [ -90.384822373266289, 39.056317921294813 ], [ -90.357348089821144, 39.019800720180029 ], [ -90.368177102322051, 39.000298362076755 ], [ -90.42870753546643, 38.979559837409113 ], [ -90.476860192663011, 38.942279208879761 ], [ -90.606591805045554, 38.922204386544031 ], [ -90.655362340536286, 38.881801705850847 ], [ -90.678666589372455, 38.832970577624799 ], [ -90.737847805110277, 38.80162487994032 ], [ -90.813678637796514, 38.783888531939532 ], [ -90.873077700398255, 38.797019754831815 ], [ -90.947439410109737, 38.778630557414623 ], [ -90.975758502398477, 38.744854024451264 ], [ -91.054916206524283, 38.705481533357599 ], [ -91.051015030331754, 38.653139868335202 ], [ -91.080215057815096, 38.606579757540274 ], [ -91.107395846936782, 38.594693462963185 ], [ -91.226177292628265, 38.583342424593035 ], [ -91.305764117101916, 38.565647296623958 ], [ -91.35126779086805, 38.587597488034717 ], [ -91.472203422826723, 38.584098299775775 ], [ -91.617398328312191, 38.605432990036213 ], [ -91.648436357368681, 38.628820123961432 ], [ -91.632307390209078, 38.660242131102684 ], [ -91.667532050646514, 38.678103460203694 ], [ -91.749575069679437, 38.695291404216704 ], [ -91.773692528800908, 38.673139776406387 ], [ -91.705665168394631, 38.66473947914259 ], [ -91.845163936108463, 38.629306123657237 ], [ -91.892223293897644, 38.639198633133049 ], [ -91.934716215046649, 38.623057654513381 ], [ -91.88744702702526, 38.609857358301795 ], [ -91.947422341269018, 38.582331844349028 ], [ -92.037479103034599, 38.564883674920573 ], [ -92.049204888968589, 38.527239749435402 ], [ -92.026549635252252, 38.507745782783736 ], [ -92.064066477151528, 38.488763220265668 ], [ -92.14904803958018, 38.484207380254638 ], [ -92.181648523310912, 38.470210453028372 ], [ -92.191728328268738, 38.442716327593715 ], [ -92.265304127975085, 38.420495237864664 ], [ -92.299502290435711, 38.427572724213199 ], [ -92.265076157928959, 38.459169762820949 ], [ -92.287679380287116, 38.467490889129202 ], [ -92.393478708939924, 38.443989257198062 ], [ -92.430912869206153, 38.455864003446898 ], [ -92.47730186533019, 38.501395670685042 ], [ -92.513147512347928, 38.505855542192862 ], [ -92.576480767193132, 38.490589217045446 ], [ -92.665596147655322, 38.450815122745126 ], [ -92.776306375772123, 38.430168250453612 ], [ -92.838202955058861, 38.410012862610614 ], [ -92.928767288191438, 38.320727526465376 ], [ -92.983191407022233, 38.300416589201696 ], [ -93.022870077383828, 38.304260228715165 ], [ -93.049482541198088, 38.330936789616722 ], [ -93.141597054881828, 38.331659981964208 ], [ -93.207849163449225, 38.35009572065298 ], [ -93.258550365669507, 38.355563675399907 ], [ -93.34391341975082, 38.36676164286272 ], [ -93.418240098870072, 38.344386503422946 ], [ -93.470111347266808, 38.321391777869685 ] ] ] } },
{ "type": "Feature", "properties": { "electoral_college": 6, "ENGTYPE_1": "State", "HASC_1": "US.IA", "GID_1": "USA.16_1", "join_name": "iowa", "ISO_1": "US-IA", "TYPE_1": "State", "NL_NAME_1": "NA", "CC_1": "NA", "NAME_1": "Iowa", "COUNTRY": "UnitedStates", "VARNAME_1": "IA|Iowa", "GID_0": "USA", "pop": 6 }, "geometry": { "type": "Polygon", "coordinates": [ [ [ -99.672941674087213, 42.2669194439774 ], [ -99.736255799822857, 42.220846517535676 ], [ -99.78150118832427, 42.147865206492341 ], [ -99.783255075457959, 42.117136824528821 ], [ -99.763541237647189, 42.100246486110741 ], [ -99.742860155800926, 42.072425390915086 ], [ -99.730861808176485, 42.018316501305868 ], [ -99.733107772027793, 41.963737313747174 ], [ -99.708473734319753, 41.889874198871077 ], [ -99.746932357405555, 41.851764674879441 ], [ -99.769870914433895, 41.847614401135345 ], [ -99.779472636109375, 41.8470606150265 ], [ -99.784861720498427, 41.860514678032125 ], [ -99.807882345219738, 41.880499689359269 ], [ -99.834521335301162, 41.902088355964878 ], [ -99.846405343990952, 41.971198127893388 ], [ -99.872037739465313, 41.972225195790116 ], [ -99.91628250965627, 42.049204994576833 ], [ -99.9189543634279, 42.080035486362824 ], [ -99.957538867205358, 42.098808516873312 ], [ -99.964956246817749, 42.14021433237685 ], [ -99.987808374783185, 42.174398564910021 ], [ -100.165635786123843, 42.124003149033712 ], [ -100.467553778910286, 42.065189027099251 ], [ -100.875741253254745, 42.007389658166517 ], [ -101.12751263972622, 41.98105907289559 ], [ -101.490067641599722, 41.93626020841382 ], [ -101.679587519627091, 41.912902707484221 ], [ -101.880651001946916, 41.886401608752657 ], [ -102.667740369999891, 41.785425615565089 ], [ -102.659203240748852, 41.813371062051431 ], [ -102.699830127993408, 41.870702793503355 ], [ -102.738847074232808, 41.88421953929727 ], [ -102.776121289990172, 41.926936863966965 ], [ -102.772317429337591, 41.974057045146459 ], [ -102.747554672245172, 41.993972731825409 ], [ -102.758023271165712, 42.03269426860399 ], [ -102.764419464069917, 42.09326001301762 ], [ -102.740395993672735, 42.126696564792631 ], [ -102.767065922873371, 42.158328974423178 ], [ -102.763294827046522, 42.200415251563221 ], [ -102.804390491655994, 42.233420071129188 ], [ -102.800527991417596, 42.263867411698101 ], [ -102.820768446282003, 42.288916980642703 ], [ -102.804912623654758, 42.309930159664233 ], [ -102.829104282153708, 42.364788120842519 ], [ -102.813487234388973, 42.403234553973441 ], [ -102.863385545466912, 42.4002155200209 ], [ -102.866848404325282, 42.437820280938411 ], [ -102.891258697416362, 42.489387515499544 ], [ -102.881993290439837, 42.503909741513517 ], [ -102.868344353271453, 42.502970553868963 ], [ -102.870078524568868, 42.479698852300046 ], [ -102.839873865283252, 42.490543674234566 ], [ -102.834961265334371, 42.500548570267249 ], [ -102.875400146719485, 42.52060618213153 ], [ -102.917342825275455, 42.533082677812345 ], [ -102.89794162181181, 42.556679637361327 ], [ -102.908108241501523, 42.579258254148492 ], [ -102.900049967029986, 42.595951027801512 ], [ -102.900554894281555, 42.638586983035992 ], [ -102.925840806030166, 42.640950585635935 ], [ -102.997121908371255, 42.650398327780522 ], [ -102.97168086996281, 42.679956981247976 ], [ -102.99522283334646, 42.703578921752062 ], [ -103.029016252364585, 42.680221085638308 ], [ -103.06839777691205, 42.682021576519602 ], [ -103.09126679788875, 42.699654630523959 ], [ -103.071045157410325, 42.722883129045229 ], [ -103.119311615124232, 42.750105649260874 ], [ -103.098645992282442, 42.778832845750657 ], [ -103.131526589401332, 42.806680080879559 ], [ -103.116343868746796, 42.853534414339833 ], [ -103.082636924414217, 42.885937299973087 ], [ -103.132265772726967, 42.914272376791331 ], [ -103.136258277069885, 42.933117823333383 ], [ -103.169600066199536, 42.9441675700511 ], [ -103.193380029267814, 42.974039248535668 ], [ -103.172172506895379, 42.982808897707407 ], [ -103.171096941909283, 43.019193560866377 ], [ -103.218016849181353, 43.023492012832371 ], [ -103.239688441078471, 43.044968603229137 ], [ -103.292896654924306, 43.06681889455681 ], [ -103.326387417300978, 43.067072019956179 ], [ -103.332232596290808, 43.119416887946194 ], [ -103.410767752145802, 43.14972351907717 ], [ -103.434199601024346, 43.189981638273323 ], [ -103.400324438983219, 43.203309215375995 ], [ -103.411654255005658, 43.222302542098795 ], [ -103.452292414070158, 43.24421920023439 ], [ -103.459131740818805, 43.26197469624325 ], [ -103.509922872403976, 43.288885355723885 ], [ -103.513172865267705, 43.33104772889957 ], [ -103.485406953102839, 43.353679025325881 ], [ -103.499041544361461, 43.387765818488425 ], [ -103.527524473122909, 43.3929763542194 ], [ -103.582480890203144, 43.395652634040538 ], [ -103.594155098149173, 43.441723080195935 ], [ -103.639898070162914, 43.498417283154836 ], [ -103.764457048140713, 43.581224023962434 ], [ -103.767050474878502, 43.606325960918191 ], [ -103.733305641281135, 43.630157496941962 ], [ -103.72785337109427, 43.660080741384135 ], [ -103.707385340589497, 43.668670108253323 ], [ -103.704475195467083, 43.72581345818854 ], [ -103.674342840950473, 43.758100016404128 ], [ -103.694210475919945, 43.772645316943219 ], [ -103.676757073005788, 43.794790203681018 ], [ -103.700048256728934, 43.822175969522064 ], [ -103.65090299083252, 43.853986829275328 ], [ -103.644864677140461, 43.881940633247019 ], [ -103.678147762874772, 43.909077430618304 ], [ -103.695386212315029, 43.955249756686428 ], [ -103.787765661323789, 43.971421979312034 ], [ -103.788331487053711, 43.994885435071438 ], [ -103.820943406000808, 44.008217109901267 ], [ -103.789865256825678, 44.025680487244763 ], [ -103.789230614970364, 44.095397045415929 ], [ -103.87894718341586, 44.137028506503434 ], [ -103.872410771450333, 44.155312576142173 ], [ -103.895226974165794, 44.180027459489679 ], [ -102.926160811402539, 44.166179287876282 ], [ -101.791637674435648, 44.232167867295857 ], [ -101.145091315455247, 44.326956140518448 ], [ -100.831791655710518, 44.376994039843602 ], [ -98.873560707470389, 44.838982209132695 ], [ -98.883027774222654, 44.816788887655377 ], [ -98.897331839355303, 44.790022326621589 ], [ -98.874645590468361, 44.759707238211142 ], [ -98.901318135594181, 44.726242293945369 ], [ -98.781931183958832, 44.712517721593329 ], [ -98.751353454306823, 44.677415169415916 ], [ -98.843195542153893, 44.611003837238272 ], [ -98.89082807946825, 44.562003987093107 ], [ -98.921573417520932, 44.545672340448689 ], [ -98.936919597283136, 44.507246331260902 ], [ -98.951664816653107, 44.466103288256498 ], [ -98.942646016400346, 44.409188674711665 ], [ -98.957084630099985, 44.368513904959478 ], [ -98.914627706527995, 44.354589493470783 ], [ -98.899879720588174, 44.331651144811332 ], [ -98.911248187519902, 44.302047969181331 ], [ -98.901791758214102, 44.262208587118607 ], [ -98.797902616841469, 44.254150545966297 ], [ -98.533852094160252, 44.295444419423603 ], [ -98.497392761231509, 44.297374211695143 ], [ -98.483820139886319, 44.275876837659808 ], [ -98.468433425073258, 44.253361595787325 ], [ -98.442724224520589, 44.237020621379955 ], [ -98.448223783313466, 44.229383880943374 ], [ -98.473960231010551, 44.211992650287037 ], [ -98.483171297828079, 44.197761276205568 ], [ -98.442335987493223, 44.192250482528159 ], [ -98.381672804943861, 44.196663614530216 ], [ -98.361262532360811, 44.184827822678187 ], [ -98.282197675389142, 44.185659320704971 ], [ -98.22076830668739, 44.166864761001897 ], [ -98.249830193078438, 44.135455330887915 ], [ -98.251957069354077, 44.120944473156271 ], [ -98.219175469796014, 44.101851865431513 ], [ -98.195776520929257, 44.099606864089587 ], [ -97.999049752359937, 44.114784700615431 ], [ -97.994582798081538, 44.102535332785841 ], [ -97.949653193170974, 44.106710066161462 ], [ -97.973987431341413, 44.074197337453207 ], [ -97.978092628475864, 44.055509384318313 ], [ -97.973240020383528, 44.053068755652866 ], [ -97.970564142438278, 44.047705877134085 ], [ -97.96211859349205, 44.040475984298823 ], [ -97.968262535053853, 44.034585577140057 ], [ -97.98342307710962, 44.02488890082612 ], [ -98.023760490010787, 43.997326170006147 ], [ -98.026762403962806, 43.970383355152869 ], [ -98.068420866620087, 43.941557315598068 ], [ -98.136136818886129, 43.878605526240634 ], [ -98.295267724874947, 43.810168775881884 ], [ -98.323490605352518, 43.795096638538084 ], [ -98.355650465030337, 43.774515377851294 ], [ -98.362672365553806, 43.766113431708952 ], [ -98.365288755912289, 43.756195202014666 ], [ -98.376729191492046, 43.74070754070835 ], [ -98.434974243425856, 43.692964352747921 ], [ -98.45697040821689, 43.644572772875776 ], [ -98.537952984215991, 43.607484089637929 ], [ -98.640870450285831, 43.542399377469792 ], [ -98.70345793320547, 43.514638814517625 ], [ -98.812205995315409, 43.483007420538534 ], [ -98.868037953947891, 43.449391638677596 ], [ -98.952847198983505, 43.395098787948683 ], [ -99.071664265555185, 43.350854676936592 ], [ -99.17846566111578, 43.319657859710773 ], [ -99.27013903247159, 43.264963652351931 ], [ -99.32893941357375, 43.2495061357804 ], [ -99.385790655473627, 43.216575179389743 ], [ -99.42405403454363, 43.161622163994139 ], [ -99.447714799079165, 43.109805062589281 ], [ -99.502195352157031, 43.032906754539241 ], [ -99.490087954668525, 42.997531282938027 ], [ -99.466638108452656, 42.974396944761878 ], [ -99.417662909562836, 42.983642363013296 ], [ -99.410266489288858, 42.976835322375642 ], [ -99.393143220158933, 42.946299588618736 ], [ -99.380568162147114, 42.930226724911911 ], [ -99.378315687703463, 42.922277726965646 ], [ -99.382797796777396, 42.895426835245345 ], [ -99.381072479045741, 42.868564028950097 ], [ -99.397476469278928, 42.770701528849784 ], [ -99.40717409102146, 42.711819076868501 ], [ -99.449725890413646, 42.677937042178762 ], [ -99.534193954301685, 42.555065450304895 ], [ -99.531048616541966, 42.496442578039733 ], [ -99.549292101728781, 42.416461453041443 ], [ -99.541972783468111, 42.362127300430906 ], [ -99.561708909900574, 42.318881081728989 ], [ -99.621775318645092, 42.275269334418354 ], [ -99.672941674087213, 42.2669194439774 ] ] ] } },
{ "type": "Feature", "properties": { "electoral_college": 6, "ENGTYPE_1": "State", "HASC_1": "US.KS", "GID_1": "USA.17_1", "join_name": "kansas", "ISO_1": "US-KS", "TYPE_1": "State", "NL_NAME_1": "NA", "CC_1": "NA", "NAME_1": "Kansas", "COUNTRY": "UnitedStates", "VARNAME_1": "KS|Kans.", "GID_0": "USA", "pop": 6 }, "geometry": { "type": "Polygon", "coordinates": [ [ [ -102.317166449145518, 38.838796653375084 ], [ -103.12119355967917, 39.064349000717272 ], [ -103.7327008061839, 39.236563964405001 ], [ -104.315705881561982, 39.274939592511217 ], [ -105.375072064234047, 39.149421924357014 ], [ -105.556276636074372, 41.871129088840995 ], [ -104.100666252280334, 41.563181580091772 ], [ -103.93728391226874, 41.503635914060979 ], [ -103.453919447095984, 41.276287762396507 ], [ -102.314448363023232, 41.158293692660159 ], [ -102.290797572265788, 41.16105609721015 ], [ -102.246413018098892, 41.115921785089498 ], [ -102.232971741561528, 41.109393508378034 ], [ -102.21032958934569, 41.109490945942575 ], [ -102.208158262200456, 41.078315175203407 ], [ -102.16582473023594, 41.080123834636524 ], [ -102.145409030668304, 41.048850882660609 ], [ -102.104579776720115, 41.040782710313643 ], [ -102.077682445282278, 41.048020625644163 ], [ -102.05591028293631, 41.087950097273541 ], [ -101.995801253969205, 41.089207288916796 ], [ -101.988798780534651, 41.078019083980386 ], [ -101.997271167279038, 41.051282167026962 ], [ -101.945800726849257, 41.019970230240219 ], [ -101.942712677111388, 41.005236097084897 ], [ -101.951091526154201, 40.987280255229471 ], [ -101.980225623093006, 40.97855236524331 ], [ -101.985951538417041, 40.970995294907461 ], [ -101.980782606089022, 40.95692217547608 ], [ -101.925931604314982, 40.950724106825049 ], [ -101.945847336232731, 40.915120683477774 ], [ -101.995598750076155, 40.932493097279966 ], [ -102.007100600410268, 40.922718205559143 ], [ -102.003604646878514, 40.878492759421825 ], [ -102.03626297343709, 40.856056623467353 ], [ -102.05840103860838, 40.818772048028748 ], [ -102.055769507896798, 40.765788537851222 ], [ -102.090308345533302, 40.761550060725796 ], [ -102.083066814819134, 40.719774599660731 ], [ -102.04094024671106, 40.691872469732232 ], [ -102.016044369975674, 40.654219726904536 ], [ -101.979807387254112, 40.642671022317096 ], [ -101.961716390369645, 40.620727434619106 ], [ -101.913399527147917, 40.586653850297935 ], [ -101.877617795514141, 40.579718100783573 ], [ -101.891797509392688, 40.550596717962854 ], [ -101.861886611215027, 40.501845610522018 ], [ -101.80168980641308, 40.463788763287944 ], [ -101.801288251189021, 40.438577446589562 ], [ -101.755853828773979, 40.426435795815706 ], [ -101.712405474747158, 40.39415816153199 ], [ -101.638051158502947, 40.397417193133563 ], [ -101.62041249766726, 40.376851453744862 ], [ -101.573726549416889, 40.377508654356717 ], [ -101.57090259151768, 40.343336937735167 ], [ -101.469620121407061, 40.095075621330238 ], [ -101.249283388866459, 39.675233891746629 ], [ -100.489111390543499, 38.268845410339317 ], [ -100.852613268444372, 38.338449352109002 ], [ -101.252153347772037, 38.434312868409435 ], [ -101.991203603049399, 38.709773183728004 ], [ -102.317166449145518, 38.838796653375084 ] ] ] } },
{ "type": "Feature", "properties": { "electoral_college": 8, "ENGTYPE_1": "State", "HASC_1": "US.KY", "GID_1": "USA.18_1", "join_name": "kentucky", "ISO_1": "US-KY", "TYPE_1": "State", "NL_NAME_1": "NA", "CC_1": "NA", "NAME_1": "Kentucky", "COUNTRY": "UnitedStates", "VARNAME_1": "CommonwealthofKentucky|KY", "GID_0": "USA", "pop": 8 }, "geometry": { "type": "MultiPolygon", "coordinates": [ [ [ [ -95.253030952416282, 37.321612497075449 ], [ -95.243542598564702, 37.355896891380233 ], [ -95.2817713385665, 37.382731744486925 ], [ -95.322919580480672, 37.406633903450278 ], [ -95.339827132470973, 37.434110812145164 ], [ -95.338592769470637, 37.450298442970478 ], [ -95.284751072019645, 37.506019486468297 ], [ -95.257656224620376, 37.551203328219898 ], [ -95.189855566833074, 37.597488538235567 ], [ -95.140921786670276, 37.604505890855201 ], [ -95.10673013124746, 37.602262726459621 ], [ -95.081261592000359, 37.597329655999495 ], [ -94.964930049739692, 37.568266809817089 ], [ -94.897548744962265, 37.536378819367108 ], [ -94.860562898284158, 37.536049225852572 ], [ -94.844516115634605, 37.533309127795718 ], [ -94.836686788836488, 37.530109744860468 ], [ -94.815530860584857, 37.525221251165981 ], [ -94.785505266832573, 37.519968164415317 ], [ -94.775082911416305, 37.516535601909865 ], [ -94.713751973072377, 37.484241242148549 ], [ -94.654440497480095, 37.482215226404769 ], [ -94.628486510668409, 37.496339809005299 ], [ -94.590568128864135, 37.549739488904763 ], [ -94.587662152948624, 37.569026168683628 ], [ -94.612802206727437, 37.612566274327492 ], [ -94.66948819384595, 37.654997005199554 ], [ -94.678429858531587, 37.670591811140923 ], [ -94.646755457520939, 37.730668377665232 ], [ -94.638512569257983, 37.766254386474159 ], [ -94.606128627404729, 37.792969429416289 ], [ -94.565493840599189, 37.805464798645211 ], [ -94.527845595134664, 37.793021428057145 ], [ -94.473508579626568, 37.822605332010603 ], [ -94.404446789809029, 37.847117653958001 ], [ -94.336429205703382, 37.857010045555569 ], [ -94.211939310726194, 37.88581859438527 ], [ -94.193495331729125, 37.902818191107237 ], [ -94.193689463181315, 37.932127274434528 ], [ -94.256161188214648, 37.966609833275974 ], [ -94.277600054960757, 38.016160648992262 ], [ -94.265225593085177, 38.04079912551498 ], [ -94.228336663827818, 38.071018118008674 ], [ -94.149106038453823, 38.106982884248836 ], [ -94.112921658269613, 38.153827111168454 ], [ -94.085632639356717, 38.158905382510369 ], [ -94.039128775303737, 38.143670179181349 ], [ -94.019310538120735, 38.14919190910345 ], [ -93.999532918687933, 38.166188118824536 ], [ -93.96506409251495, 38.188344126145211 ], [ -93.996596564425488, 38.223370059214545 ], [ -93.993860599243291, 38.240126891582143 ], [ -93.951847792137173, 38.270077113771308 ], [ -93.942716763559972, 38.273972011310612 ], [ -93.923836730704508, 38.274986182556525 ], [ -93.900244132812759, 38.261372166387964 ], [ -93.87330537197154, 38.247073030266627 ], [ -93.818979804060447, 38.250633590242451 ], [ -93.77199724059426, 38.269748801121573 ], [ -93.684738670789812, 38.288947627597111 ], [ -93.673160510508694, 38.232665864503034 ], [ -93.641394591008364, 38.236295179180992 ], [ -93.597815879793799, 38.253842294697456 ], [ -93.574787462124192, 38.294443569503123 ], [ -93.611321044289724, 38.314413658326643 ], [ -93.545110961952332, 38.355380240235945 ], [ -93.518783008672727, 38.330515934498194 ], [ -93.470111347266808, 38.321391777869685 ], [ -93.418240098870072, 38.344386503422946 ], [ -93.34391341975082, 38.36676164286272 ], [ -93.258550365669507, 38.355563675399907 ], [ -93.207849163449225, 38.35009572065298 ], [ -93.141597054881828, 38.331659981964208 ], [ -93.049482541198088, 38.330936789616722 ], [ -93.022870077383828, 38.304260228715165 ], [ -92.983191407022233, 38.300416589201696 ], [ -92.928767288191438, 38.320727526465376 ], [ -92.838202955058861, 38.410012862610614 ], [ -92.776306375772123, 38.430168250453612 ], [ -92.665596147655322, 38.450815122745126 ], [ -92.576480767193132, 38.490589217045446 ], [ -92.513147512347928, 38.505855542192862 ], [ -92.47730186533019, 38.501395670685042 ], [ -92.430912869206153, 38.455864003446898 ], [ -92.393478708939924, 38.443989257198062 ], [ -92.287679380287116, 38.467490889129202 ], [ -92.265076157928959, 38.459169762820949 ], [ -92.299502290435711, 38.427572724213199 ], [ -92.265304127975085, 38.420495237864664 ], [ -92.191728328268738, 38.442716327593715 ], [ -92.181648523310912, 38.470210453028372 ], [ -92.14904803958018, 38.484207380254638 ], [ -92.064066477151528, 38.488763220265668 ], [ -92.026549635252252, 38.507745782783736 ], [ -92.049204888968589, 38.527239749435402 ], [ -92.037479103034599, 38.564883674920573 ], [ -91.947422341269018, 38.582331844349028 ], [ -91.88744702702526, 38.609857358301795 ], [ -91.934716215046649, 38.623057654513381 ], [ -91.892223293897644, 38.639198633133049 ], [ -91.845163936108463, 38.629306123657237 ], [ -91.705665168394631, 38.66473947914259 ], [ -91.773692528800908, 38.673139776406387 ], [ -91.749575069679437, 38.695291404216704 ], [ -91.667532050646514, 38.678103460203694 ], [ -91.632307390209078, 38.660242131102684 ], [ -91.648436357368681, 38.628820123961432 ], [ -91.617398328312191, 38.605432990036213 ], [ -91.472203422826723, 38.584098299775775 ], [ -91.35126779086805, 38.587597488034717 ], [ -91.305764117101916, 38.565647296623958 ], [ -91.226177292628265, 38.583342424593035 ], [ -91.107395846936782, 38.594693462963185 ], [ -91.080215057815096, 38.606579757540274 ], [ -91.051015030331754, 38.653139868335202 ], [ -91.054916206524283, 38.705481533357599 ], [ -90.975758502398477, 38.744854024451264 ], [ -90.947439410109737, 38.778630557414623 ], [ -90.873077700398255, 38.797019754831815 ], [ -90.813678637796514, 38.783888531939532 ], [ -90.737847805110277, 38.80162487994032 ], [ -90.678666589372455, 38.832970577624799 ], [ -90.655362340536286, 38.881801705850847 ], [ -90.606591805045554, 38.922204386544031 ], [ -90.476860192663011, 38.942279208879761 ], [ -90.42870753546643, 38.979559837409113 ], [ -90.368177102322051, 39.000298362076755 ], [ -90.357348089821144, 39.019800720180029 ], [ -90.384822373266289, 39.056317921294813 ], [ -90.390299831600487, 39.109593958767704 ], [ -90.414016601174211, 39.135657617595243 ], [ -90.398546452893726, 39.174621983489729 ], [ -90.36917623664138, 39.186689754850896 ], [ -90.295623668305396, 39.183347418334165 ], [ -90.217467613972062, 39.194822830259845 ], [ -90.156118887359796, 39.187940447292569 ], [ -90.107911817261254, 39.153962924842382 ], [ -90.025619311631857, 39.156049432042721 ], [ -89.97252987316152, 39.186527884312788 ], [ -89.856284646329215, 39.237122069004137 ], [ -89.795964794151843, 39.237011208904654 ], [ -89.738149702449576, 39.252598466923814 ], [ -89.67809157693749, 39.243274996065757 ], [ -89.664873556134921, 39.259356981169539 ], [ -89.688197844041881, 39.286914185970822 ], [ -89.656106139878872, 39.316831565850293 ], [ -89.655991442541648, 39.339921783499925 ], [ -89.730763773169656, 39.360492147758691 ], [ -89.755949792786907, 39.387314468111747 ], [ -89.723767152463736, 39.421821572743013 ], [ -89.734399913440612, 39.451852791078558 ], [ -89.813009595630092, 39.527445437329405 ], [ -89.811920557495597, 39.539830902149461 ], [ -89.76820810394247, 39.574441438857221 ], [ -89.741306802548792, 39.585469964712409 ], [ -89.711393144797938, 39.618582549279139 ], [ -89.676125008754468, 39.612505733595746 ], [ -89.627102818304408, 39.567808326190608 ], [ -89.556409100427516, 39.530602585762146 ], [ -89.534604962124106, 39.528722275409692 ], [ -89.495899792841968, 39.55063801145463 ], [ -89.469515029349168, 39.540805599751586 ], [ -89.442555440882145, 39.565954926413831 ], [ -89.408604751297958, 39.552721882872866 ], [ -89.383414284515723, 39.509068408318051 ], [ -89.346990502991417, 39.481560999695034 ], [ -89.263028504453928, 39.454187682173668 ], [ -89.22275180385148, 39.421782171312302 ], [ -89.188658322464676, 39.379215835232479 ], [ -89.101621622930608, 39.311807485668048 ], [ -89.055947150468327, 39.24312201997445 ], [ -89.037312096684957, 39.22884270357244 ], [ -88.985062657763436, 39.211678052834714 ], [ -88.864716872088465, 39.17778536139101 ], [ -88.742261405718295, 39.175852641433792 ], [ -88.624848429127042, 39.140394112506996 ], [ -88.571278745406687, 39.102173473513659 ], [ -88.506826109760112, 39.079360716048591 ], [ -88.431073744717821, 39.027745965428259 ], [ -88.305038929766283, 38.996199469904454 ], [ -88.293439363093967, 39.039852919363192 ], [ -88.207905505395672, 39.047757743762133 ], [ -88.163292222418434, 39.041233270008881 ], [ -88.098428157587577, 39.013329120905894 ], [ -88.011156334390932, 38.99896980006524 ], [ -87.926916020027278, 38.972019860546446 ], [ -87.898846188151722, 38.945253328908258 ], [ -87.856723555323399, 38.934757415820847 ], [ -87.82319694686295, 38.955197518518958 ], [ -87.759753799949621, 38.940571913191057 ], [ -87.707757665376661, 38.941249102015746 ], [ -87.683277884673416, 38.980756110606386 ], [ -87.630360148018852, 38.995263182704846 ], [ -87.595506401163178, 39.023432067110946 ], [ -87.538004145946957, 39.019277828850463 ], [ -87.49757983223445, 39.033229064309261 ], [ -87.449890180971778, 39.035422303294155 ], [ -87.425280227603878, 39.020353380617358 ], [ -87.416364543502723, 38.984072066965268 ], [ -87.385615189931954, 38.962001115464361 ], [ -87.3573555280134, 38.916925687002703 ], [ -87.304777596062905, 38.882698232592503 ], [ -87.250659193723891, 38.86801636883181 ], [ -87.186559336770102, 38.865563578582154 ], [ -87.133231958705039, 38.840618018079631 ], [ -87.083293163070451, 38.80543754830596 ], [ -87.032524668753396, 38.787486441368067 ], [ -86.995445142218543, 38.739763515607976 ], [ -86.974379936392168, 38.674640223570321 ], [ -86.949570923126174, 38.659780390930543 ], [ -86.927606343608204, 38.587591422547689 ], [ -86.934933136318023, 38.521467173057339 ], [ -86.966455163959168, 38.509446887682195 ], [ -86.955498530486977, 38.488697134586261 ], [ -86.843336272755906, 38.421529396642335 ], [ -86.780259689070874, 38.354938784001241 ], [ -86.736325658045999, 38.338653607482541 ], [ -86.74970969284243, 38.300246912232431 ], [ -86.733851902496312, 38.275396996275731 ], [ -86.655867708731265, 38.241675868794538 ], [ -86.642721941259126, 38.206458228068733 ], [ -86.585528895208526, 38.162377518339518 ], [ -86.512295000894639, 38.123460604026093 ], [ -86.509515488578714, 38.094738149860028 ], [ -86.463837898224256, 38.033059106798689 ], [ -86.392359282243476, 38.014551369245162 ], [ -86.289092081256982, 37.956110902069582 ], [ -86.273389860791326, 37.934663728450026 ], [ -86.219926683844562, 37.915885820569954 ], [ -86.201714556502182, 37.898675095792434 ], [ -86.131374709165442, 37.897112561490886 ], [ -86.106326080264424, 37.899562578744025 ], [ -86.107472462646683, 37.893189639992926 ], [ -86.420169310165477, 37.651512063705795 ], [ -86.505033070430812, 37.634645868939955 ], [ -86.609431559167405, 37.598587456752604 ], [ -86.677846289276843, 37.557915861509265 ], [ -86.758541463399169, 37.526926620490769 ], [ -86.740965528508724, 37.457563301269623 ], [ -86.804549708119808, 37.420990282468303 ], [ -86.837559775887613, 37.42194928548524 ], [ -86.874396008966599, 37.397251617237316 ], [ -86.858738086434613, 37.372104176004115 ], [ -86.861857725866685, 37.322148884157841 ], [ -86.882055027531223, 37.304915708212931 ], [ -86.947897490658846, 37.288277014549152 ], [ -87.056150400586262, 37.286580845729112 ], [ -87.109691062502208, 37.222177469504345 ], [ -87.105961725555147, 37.182910164742708 ], [ -87.165835007668619, 37.181172049652687 ], [ -87.304718501942446, 37.153227025918952 ], [ -87.389165332481525, 37.123819404705863 ], [ -87.469104838509736, 37.128334176380164 ], [ -87.619388372404245, 37.0879203672757 ], [ -87.63364856698243, 37.077876955966865 ], [ -87.652832311677557, 37.060374772495621 ], [ -87.657422535267273, 37.051231558601273 ], [ -87.809327526072366, 37.060804106424804 ], [ -88.037096982553763, 37.084954467605179 ], [ -88.273195989072462, 37.111330056890999 ], [ -88.626071187241678, 37.169438564481972 ], [ -89.045302894374231, 37.24909935856622 ], [ -89.274030327247303, 37.28649558740301 ], [ -89.771858684828217, 37.314275113981715 ], [ -90.235010483984524, 37.276333521577975 ], [ -90.880038686419624, 37.242182432897337 ], [ -91.51746819545339, 37.238171590100492 ], [ -91.769787644056677, 37.250643426473218 ], [ -92.104277582743052, 37.258656875208949 ], [ -92.202525695328291, 37.23070362759141 ], [ -92.27153061906796, 37.260212844386679 ], [ -93.160305479515714, 37.243448295711886 ], [ -93.687777498901539, 37.20252103454861 ], [ -94.111446036905562, 37.139402176250236 ], [ -94.106094675206563, 37.171460167807012 ], [ -94.293919460507368, 37.158486089278583 ], [ -94.275980778133032, 37.068194615998095 ], [ -94.27060136638579, 37.01343613971197 ], [ -94.291592140362624, 36.968000165419276 ], [ -94.389261763745253, 36.960929568590842 ], [ -94.923917258634745, 36.933020821657053 ], [ -95.033173862652788, 36.931030022517255 ], [ -95.351344271873941, 36.936732888496579 ], [ -95.463268328206112, 36.929507191403815 ], [ -95.449690648732357, 37.043180973333264 ], [ -95.432124545826397, 37.056621932422175 ], [ -95.400800786076672, 37.05088593312238 ], [ -95.341819949255111, 36.997754402353316 ], [ -95.297560363275949, 36.993461852183017 ], [ -95.281316027913348, 37.012185058478174 ], [ -95.281386042900991, 37.055710091188971 ], [ -95.256627667109711, 37.084751362282141 ], [ -95.30208519056103, 37.142991993903351 ], [ -95.282073116085172, 37.174475359555657 ], [ -95.230584536862224, 37.174077419810828 ], [ -95.244341868682866, 37.201127769710091 ], [ -95.275178923790946, 37.205025531583587 ], [ -95.300544403246192, 37.249303359199487 ], [ -95.257677395579876, 37.268038867983734 ], [ -95.253030952416282, 37.321612497075449 ] ] ], [ [ [ -95.605508882773179, 37.009527077225222 ], [ -95.593518906671491, 37.011680615357179 ], [ -95.530965710825456, 36.989766416739535 ], [ -95.520096216902019, 36.962010489392156 ], [ -95.528404004219226, 36.932845279527839 ], [ -95.58075415435151, 36.93457220414475 ], [ -95.606042729099883, 36.956582211863015 ], [ -95.623649040085766, 36.994510848890712 ], [ -95.605508882773179, 37.009527077225222 ] ] ] ] } },
{ "type": "Feature", "properties": { "electoral_college": 8, "ENGTYPE_1": "State", "HASC_1": "US.LA", "GID_1": "USA.19_1", "join_name": "louisiana", "ISO_1": "US-LA", "TYPE_1": "State", "NL_NAME_1": "NA", "CC_1": "NA", "NAME_1": "Louisiana", "COUNTRY": "UnitedStates", "VARNAME_1": "LA", "GID_0": "USA", "pop": 8 }, "geometry": { "type": "MultiPolygon", "coordinates": [ [ [ [ -97.011735533187149, 30.776348747872422 ], [ -97.042600467470592, 30.816846927561084 ], [ -97.076458612290494, 30.846203290197671 ], [ -97.088642857546205, 30.874631001216333 ], [ -97.12075227585882, 30.89810207506569 ], [ -97.133015741697221, 30.932171059535207 ], [ -97.070855394250458, 30.9952208015319 ], [ -97.062295169906704, 31.098722369484072 ], [ -97.029666339892174, 31.130360528777135 ], [ -97.017304863976278, 31.17256623832245 ], [ -97.040391441297743, 31.197042082953335 ], [ -97.027956083476781, 31.248351345787974 ], [ -97.070459117984655, 31.337461000132365 ], [ -97.072572944301314, 31.392649573042576 ], [ -97.08655096978957, 31.427284196013733 ], [ -97.122604782755914, 31.448523861617286 ], [ -97.157416177218423, 31.509825162951685 ], [ -97.164963660645967, 31.550673895979916 ], [ -97.135343222767546, 31.591712182429074 ], [ -97.154951058114122, 31.681511175861445 ], [ -97.196717672088084, 31.721254220610692 ], [ -97.194019933953115, 31.761260194440307 ], [ -97.173078423522824, 31.776147652948197 ], [ -97.173763751612512, 31.819117302062995 ], [ -97.157233626709186, 31.854546327418074 ], [ -97.13568539131775, 31.862053385107036 ], [ -97.133232321189837, 31.905257721940302 ], [ -97.144043168316202, 31.945354495290164 ], [ -97.127597428950764, 31.953323941519507 ], [ -97.126264101680249, 31.995947085643298 ], [ -97.108550776157216, 32.019525965491276 ], [ -97.141457275400711, 32.080477558629788 ], [ -97.138973889399423, 32.119791565655021 ], [ -97.111940920032495, 32.134456385031733 ], [ -97.127882167348673, 32.16450984701936 ], [ -97.170898451566302, 32.187445353452048 ], [ -97.185018881983311, 32.217506820302447 ], [ -97.150235352598159, 32.225793781146038 ], [ -97.148462167861737, 32.286278994025785 ], [ -97.201251123849445, 32.325796013973601 ], [ -97.184848696331471, 32.350781443029781 ], [ -97.223730427381227, 32.428938038440606 ], [ -97.26504047820238, 32.42710713233096 ], [ -97.304178096304824, 32.518015882217348 ], [ -97.39281991689144, 32.585756765782811 ], [ -97.387448404302333, 32.648755882629288 ], [ -97.406102730318111, 32.685869666702438 ], [ -97.437155814723184, 32.703785142969224 ], [ -97.439599178434094, 32.737185015578575 ], [ -97.501000120172364, 32.776452650463547 ], [ -97.484267760277973, 32.801458864749726 ], [ -97.506393151455171, 32.826333352649542 ], [ -97.552097771359257, 32.84822549267156 ], [ -97.592284288055779, 32.884366352714792 ], [ -97.624271647778301, 32.936659194817175 ], [ -97.611764096913419, 32.948749051839265 ], [ -97.631661398718279, 33.003641605511817 ], [ -97.62645871926091, 33.044496538066561 ], [ -97.665446557868435, 33.099359816985576 ], [ -97.660063745047125, 33.119559980722805 ], [ -97.682946436949138, 33.154346815025619 ], [ -97.722479723746829, 33.187781091018813 ], [ -97.759638986041494, 33.244403908635881 ], [ -97.843596068616378, 33.310644841358332 ], [ -97.902717733169823, 33.384041253509231 ], [ -97.920368231241284, 33.389245856047012 ], [ -98.019299010418706, 33.767100875232472 ], [ -98.196522886314369, 34.501135130474708 ], [ -97.144979571146607, 34.3475175656327 ], [ -96.459482346695296, 34.172354818221372 ], [ -95.42921468495453, 33.868405375401601 ], [ -95.442477151538995, 33.84810018716297 ], [ -95.438277801935016, 33.813211216938221 ], [ -95.406889098935125, 33.784802812877246 ], [ -95.374385889535048, 33.773185164283881 ], [ -95.363588649541043, 33.776494820700186 ], [ -95.361277618513867, 33.781580569331616 ], [ -95.382849568207433, 33.817771057139993 ], [ -95.374064729215121, 33.839864525796287 ], [ -95.35364752098117, 33.826534636654863 ], [ -95.297608072827032, 33.75523750120697 ], [ -95.310943143666833, 33.7241869291773 ], [ -95.339818165463186, 33.71845872577429 ], [ -95.336210446920475, 33.68510021822334 ], [ -95.306626795641577, 33.634677956415338 ], [ -95.219776294237562, 33.597970179473599 ], [ -95.211937732818086, 33.57710331230242 ], [ -95.2623795103829, 33.539809933658276 ], [ -95.226375836802248, 33.493812556134735 ], [ -95.167927165424885, 33.489853327384914 ], [ -95.161215568602046, 33.516323271761195 ], [ -95.149693788252605, 33.512275042798962 ], [ -95.136236507308809, 33.499622971571618 ], [ -95.128349737554402, 33.478874182979844 ], [ -95.166106152273713, 33.453644556950721 ], [ -95.14181906916302, 33.425108177981208 ], [ -95.081247977196426, 33.388981866161359 ], [ -95.068466318063074, 33.372396978174166 ], [ -95.071214970328569, 33.366126046485554 ], [ -95.090981429315917, 33.371374407216649 ], [ -95.124779336367013, 33.396129404054207 ], [ -95.160350612743102, 33.434135929661522 ], [ -95.182269917973429, 33.433334320131927 ], [ -95.174427567903479, 33.402447280519333 ], [ -95.146471330568588, 33.368113366552393 ], [ -95.121754013610399, 33.349310672897985 ], [ -95.083547086197015, 33.329860606189214 ], [ -95.063059923647771, 33.335718846751845 ], [ -95.048834191118829, 33.331492176577477 ], [ -95.025403695762776, 33.306527241585108 ], [ -95.038422294700425, 33.268233638353102 ], [ -95.026787784043478, 33.24940400376736 ], [ -94.957411282335812, 33.218142971447875 ], [ -94.934094909940441, 33.192759848980053 ], [ -94.957130267150205, 33.171008904065417 ], [ -94.983988793415705, 33.180214637331446 ], [ -94.955807498795266, 33.110461671083783 ], [ -95.011101387508575, 33.146602862977595 ], [ -95.079086934968487, 33.142132663296195 ], [ -95.101063022022032, 33.127253827053188 ], [ -95.084601335618402, 33.080345959469689 ], [ -95.043173099722026, 33.058516567489143 ], [ -95.008052590980583, 33.055656483502666 ], [ -94.980238529837592, 33.040365255371498 ], [ -94.98666386249468, 33.084196460868434 ], [ -94.952575134793364, 33.066423501114365 ], [ -94.948348934534138, 33.037662551690687 ], [ -94.962044197486506, 33.013063845114793 ], [ -94.988363871712664, 33.007760689854884 ], [ -94.963427719418775, 32.940278085430641 ], [ -94.968406907140931, 32.922836672749 ], [ -95.022041846520679, 32.924772899995226 ], [ -95.032439789811704, 32.907993092932806 ], [ -95.016514094765029, 32.869605217566622 ], [ -95.071229103882331, 32.826487645845383 ], [ -95.046461820757642, 32.79742623487423 ], [ -95.067693071437716, 32.782510279613021 ], [ -95.102269031032435, 32.827916573509427 ], [ -95.129582651681844, 32.817877380773425 ], [ -95.136732221204909, 32.751963340369805 ], [ -95.118871220419578, 32.736611981089723 ], [ -95.060154478383041, 32.739532376844139 ], [ -95.04288973212266, 32.711263389049769 ], [ -95.098042440227175, 32.727270407437516 ], [ -95.134835651622467, 32.728177048656889 ], [ -95.145197113261219, 32.701701852811198 ], [ -95.123499232106369, 32.616509804561225 ], [ -95.156180515559271, 32.60176405084389 ], [ -95.229561664123423, 32.638910926836012 ], [ -95.234968939663972, 32.616116162416724 ], [ -95.194309590238049, 32.579288504727593 ], [ -95.135296045819345, 32.58328775547924 ], [ -95.117030350471424, 32.563358372148457 ], [ -95.144707779971142, 32.533736344763156 ], [ -95.206710415639421, 32.525435427435518 ], [ -95.186461892836107, 32.43675933761179 ], [ -95.137088499316576, 32.387934274914848 ], [ -95.14624224984334, 32.353647807832679 ], [ -95.173851485664045, 32.356568846604752 ], [ -95.209100585197646, 32.404291215617434 ], [ -95.240886505757445, 32.391352468564342 ], [ -95.199799587402495, 32.332424690042814 ], [ -95.159809227053628, 32.29931077403598 ], [ -95.160845641074644, 32.258222617764986 ], [ -95.187669068014188, 32.245373888211958 ], [ -95.260278603287972, 32.256125091407853 ], [ -95.276627653869085, 32.227963261197921 ], [ -95.222795370765112, 32.181703060954682 ], [ -95.217392344468109, 32.139526571009448 ], [ -95.229238598658583, 32.093338356568459 ], [ -95.154066828915632, 32.013973650425712 ], [ -95.164274133172967, 31.988617236593274 ], [ -95.217681316107488, 31.957879997374672 ], [ -94.427117831837421, 31.870667665298186 ], [ -93.521780203355817, 31.712177733337327 ], [ -93.493265958033987, 31.692143547955045 ], [ -93.499827761993032, 31.637308545600057 ], [ -93.485576772683629, 31.600304601874097 ], [ -93.498634355877584, 31.582847311775819 ], [ -93.485159656715709, 31.530354031031163 ], [ -93.484162387679746, 31.488847678528757 ], [ -93.511525469319849, 31.452960477241 ], [ -93.501491843453465, 31.422827495825224 ], [ -93.487449959507558, 31.317493258285921 ], [ -93.456589903676672, 31.273305760972558 ], [ -93.461870282671569, 31.256633505818773 ], [ -93.408905931408881, 31.163107723670905 ], [ -93.382097344779083, 31.125543332708812 ], [ -93.29250904206981, 31.041362987510709 ], [ -93.27309940658634, 30.982761660551937 ], [ -93.23391207760524, 30.919685400457038 ], [ -93.210767601572599, 30.900420357880979 ], [ -93.195176994024678, 30.834123818434048 ], [ -93.159071515648606, 30.759531439492047 ], [ -93.134892616771225, 30.734436629315578 ], [ -93.109408900906018, 30.700965767574314 ], [ -93.084463601060762, 30.709035086147104 ], [ -93.070587686621209, 30.703699327075991 ], [ -93.065193731509339, 30.694906520158742 ], [ -93.09226945454084, 30.695179475396472 ], [ -93.110538894800086, 30.665268640224664 ], [ -93.155471374423897, 30.672983799220169 ], [ -93.180277857381668, 30.625424763957817 ], [ -93.176815439836602, 30.594133547355199 ], [ -93.210812679767983, 30.586414690871685 ], [ -93.20450398412072, 30.539671458213487 ], [ -93.245350566747703, 30.574414502439556 ], [ -93.288016100910113, 30.578390072666387 ], [ -93.312441360169515, 30.534199980314753 ], [ -93.277805248915342, 30.464601048391295 ], [ -93.225125645004425, 30.446193965129158 ], [ -93.184909362103426, 30.464836345961281 ], [ -93.184587516290819, 30.412598298306676 ], [ -93.137310300538431, 30.365516623032843 ], [ -93.088632015474431, 30.343402762740521 ], [ -93.038083239403022, 30.361369538155927 ], [ -93.049066358906671, 30.397584895277454 ], [ -93.041324041286003, 30.446436407060954 ], [ -93.058283413472751, 30.478832374867153 ], [ -92.990198212583508, 30.524111327261519 ], [ -93.001740524958294, 30.561128850091112 ], [ -92.951191411975884, 30.534047695091932 ], [ -92.946189937273118, 30.484440767532828 ], [ -92.959312307606879, 30.463633632060407 ], [ -92.927544535099813, 30.417443771072229 ], [ -92.917193997458455, 30.379286252494499 ], [ -92.87704468079599, 30.319249475730562 ], [ -92.870750651063489, 30.270686919853201 ], [ -92.832768103417891, 30.223166622486303 ], [ -92.868607935366342, 30.220165570262875 ], [ -92.903898383755859, 30.256106936449999 ], [ -92.90021405898014, 30.195309805382777 ], [ -92.88187364171894, 30.156662142169754 ], [ -92.994019077519752, 30.215360374647759 ], [ -93.031043918684617, 30.228519923349143 ], [ -93.056072075655024, 30.205228970868134 ], [ -93.042739344798875, 30.174267139509791 ], [ -92.981374174769769, 30.128927055323231 ], [ -92.994261801070252, 30.106619204989066 ], [ -93.025970890606928, 30.138194541137057 ], [ -93.037647351770374, 30.109028962678718 ], [ -93.029224063288837, 30.077436709180052 ], [ -93.051074050389445, 30.072559690688845 ], [ -93.098562424873975, 30.093371121067953 ], [ -93.07029931244449, 30.03597479407167 ], [ -93.050235216586188, 30.027158813342986 ], [ -93.024006132779022, 29.965408479514664 ], [ -92.990038573039627, 29.947809907120508 ], [ -92.950623160460978, 29.901916478901594 ], [ -92.922305300172013, 29.901452479562234 ], [ -92.871562972827974, 29.833611206747268 ], [ -92.874234377967198, 29.799839410543004 ], [ -92.825776384203735, 29.780457957080795 ], [ -92.792884722591452, 29.795029700079063 ], [ -92.75635170388064, 29.764651045053174 ], [ -92.718444023373692, 29.753220903717214 ], [ -92.707742929056636, 29.719963166918522 ], [ -92.676409986235285, 29.70930465998023 ], [ -92.620318569257222, 29.728793735694879 ], [ -92.595138989508058, 29.703423795579337 ], [ -92.585769066928933, 29.655672923364047 ], [ -92.626793706413153, 29.648413813631983 ], [ -92.622101312807104, 29.6224544119972 ], [ -92.56442991105645, 29.595391182149079 ], [ -92.548718973550763, 29.610570363877876 ], [ -92.5547619960074, 29.649552588268037 ], [ -92.529322504490366, 29.689116095432063 ], [ -92.472862099724153, 29.621633585898167 ], [ -92.457123760596247, 29.613788042514887 ], [ -92.455417130177878, 29.55268500449008 ], [ -92.385310687303019, 29.484886284842517 ], [ -92.398683846938241, 29.466354429967271 ], [ -92.380844503303692, 29.43895320267746 ], [ -92.389155638417947, 29.413453641400775 ], [ -92.378689281161897, 29.373283809726701 ], [ -92.400505706622496, 29.353108807749226 ], [ -92.409036308380706, 29.30667566265662 ], [ -92.455392517857092, 29.350350481715569 ], [ -92.470120964349164, 29.385542625535209 ], [ -92.510808421055629, 29.424938100324024 ], [ -92.545169410565904, 29.417889617038213 ], [ -92.559334592982083, 29.44806431411617 ], [ -92.542444329416142, 29.474390464426367 ], [ -92.545180965766846, 29.501364659975351 ], [ -92.586047492839356, 29.564662253747578 ], [ -92.667044533867468, 29.562197499635438 ], [ -92.696213180204126, 29.573433083742298 ], [ -92.722724845418185, 29.559927594138966 ], [ -92.76199333706839, 29.607223952261268 ], [ -92.756039338081195, 29.63774280279301 ], [ -92.768980762221773, 29.676384604221422 ], [ -92.836263476065483, 29.743497097761757 ], [ -92.897428465232636, 29.766571926482396 ], [ -92.915182489841754, 29.800033117553575 ], [ -92.944009284531617, 29.815255156125058 ], [ -93.020841689732308, 29.902327312494759 ], [ -93.072657709521181, 29.841478940210308 ], [ -93.106965934762769, 29.849948964559609 ], [ -93.13982773408928, 29.882050516719378 ], [ -93.147634144722275, 29.932856871128518 ], [ -93.168455278446402, 29.934361756851636 ], [ -93.230618201270815, 29.966602417244069 ], [ -93.234900899417937, 29.93143759134189 ], [ -93.281769172551222, 29.941346335483946 ], [ -93.314464632343089, 29.981367805944977 ], [ -93.340009877216517, 29.982984909730433 ], [ -93.43476161044309, 30.06210803548516 ], [ -93.448208249431232, 30.043114732188965 ], [ -93.491554518127131, 30.094035317262446 ], [ -93.511561250677062, 30.085337804635618 ], [ -93.515212588668945, 30.025567739921211 ], [ -93.487631695165717, 30.013573677358668 ], [ -93.452742151126827, 29.972064738560711 ], [ -93.350079329325965, 29.933340519628366 ], [ -93.334393896001785, 29.90417424821014 ], [ -93.341913723503538, 29.88103240430334 ], [ -93.315885889205845, 29.856000507018575 ], [ -93.356549508753261, 29.820062733494929 ], [ -93.394072220842745, 29.858596188088612 ], [ -93.400301032773115, 29.834962562789233 ], [ -93.366016895088009, 29.77034767696561 ], [ -93.344402648163907, 29.746616020349322 ], [ -93.323943851608504, 29.666930925728465 ], [ -93.292622119097629, 29.624070754339993 ], [ -93.397743424801376, 29.554065677576467 ], [ -93.418568004870863, 29.567287829461325 ], [ -93.421820986953421, 29.603589129692768 ], [ -93.44462054712271, 29.621508467768553 ], [ -93.45351267061524, 29.661829552819192 ], [ -93.474337290134628, 29.683194176507147 ], [ -93.526431389072229, 29.77329131716947 ], [ -93.549558296172677, 29.782522235543627 ], [ -93.578504098036674, 29.835012322243266 ], [ -93.59215598555808, 29.786632970606718 ], [ -93.648915501578443, 29.850998580222889 ], [ -93.687552150492678, 29.822053782451519 ], [ -93.711946888011752, 29.838583037553072 ], [ -93.769055369234906, 29.848548509914508 ], [ -93.794228250985967, 29.863312395025048 ], [ -93.82193244691419, 29.847422926174627 ], [ -93.820380737027961, 29.794150686093477 ], [ -93.838042274620491, 29.798895925034341 ], [ -93.876753947665406, 29.746640419349312 ], [ -93.881638945510957, 29.691637707877522 ], [ -93.921220122574596, 29.687698967549814 ], [ -93.993547410591191, 29.733949429116741 ], [ -94.001976848008141, 29.711546814478254 ], [ -94.030806064608356, 29.69588885282624 ], [ -94.090700005024217, 29.753137054593527 ], [ -94.120088527239588, 29.772283770756296 ], [ -94.154640933301266, 29.762206297238766 ], [ -94.160910424525724, 29.809093321246912 ], [ -94.205100326869669, 29.778520674349007 ], [ -94.235731560430935, 29.790779252525965 ], [ -94.276570059523593, 29.82714655424671 ], [ -94.295802696533926, 29.895452378635426 ], [ -94.288520539300421, 29.920083416078185 ], [ -94.310823835060475, 29.961157902238693 ], [ -94.380889213442956, 30.006421596152737 ], [ -94.407020199839721, 30.040892376930675 ], [ -94.415002607666722, 30.076367611345457 ], [ -94.453218229992061, 30.090287078170782 ], [ -94.468651172816024, 30.127968942630034 ], [ -94.540301080412036, 30.149994667855783 ], [ -94.563812947641722, 30.180241999961645 ], [ -94.612778116778244, 30.1667683913231 ], [ -94.641462015803469, 30.218243276247154 ], [ -94.68274668549941, 30.225681131618952 ], [ -94.720731187151316, 30.215842396534345 ], [ -94.750040687592005, 30.261787096025543 ], [ -94.780118639466195, 30.336169335257498 ], [ -94.812318256845074, 30.346549126155168 ], [ -94.848506404687768, 30.340362999638522 ], [ -94.862441116780133, 30.431845649380065 ], [ -94.886956769271222, 30.47166589443572 ], [ -94.964029981888515, 30.476821634044505 ], [ -95.022229464185074, 30.495171532405294 ], [ -95.099402513436175, 30.46621305885817 ], [ -95.125817907768081, 30.511787649284251 ], [ -95.095699821182464, 30.59288582291936 ], [ -95.157688961041814, 30.615605560694398 ], [ -95.202834012716579, 30.600183041364179 ], [ -95.243569193561257, 30.625262052319009 ], [ -95.238901089791113, 30.591552849096079 ], [ -95.292154310727497, 30.574344932110392 ], [ -95.352794973417247, 30.540100055034287 ], [ -95.406381678181901, 30.595159906910389 ], [ -95.457538260843819, 30.563116628112272 ], [ -95.395121086193583, 30.498540730542796 ], [ -95.334016963266976, 30.489543760441602 ], [ -95.357462195757975, 30.457853303323315 ], [ -95.313822158529064, 30.391612595159252 ], [ -95.276523745045296, 30.35384835068972 ], [ -95.347475073253705, 30.366279732723829 ], [ -95.394706432008633, 30.354448277080852 ], [ -95.437019753993624, 30.331822302019333 ], [ -95.524808441612919, 30.339755771941224 ], [ -95.646371593670821, 30.387657032968011 ], [ -95.786711962001249, 30.431160872645961 ], [ -95.931262197483861, 30.496139135227267 ], [ -96.139091068515796, 30.618161661976789 ], [ -96.266844024865421, 30.68359728800948 ], [ -96.401511274437766, 30.739912153803626 ], [ -96.504682716555322, 30.766798034267403 ], [ -96.563031675850269, 30.761924506961957 ], [ -96.715089766708374, 30.798849655850262 ], [ -96.885789273840444, 30.808592497003342 ], [ -96.936740358747969, 30.806302170744836 ], [ -96.992191579534065, 30.791057894830868 ], [ -97.011735533187149, 30.776348747872422 ] ] ], [ [ [ -92.852573167032673, 30.336590095074836 ], [ -92.821692383920904, 30.310330030226545 ], [ -92.817760704736244, 30.286365648402448 ], [ -92.852014850370878, 30.265075850589081 ], [ -92.876180292556015, 30.315832032839861 ], [ -92.852573167032673, 30.336590095074836 ] ] ], [ [ [ -93.012508618380934, 29.788724272484142 ], [ -92.944077306744134, 29.734383012741421 ], [ -92.958593849843595, 29.706488883229682 ], [ -93.052255231912852, 29.741597176437452 ], [ -93.047842357907825, 29.767834186343975 ], [ -93.0121959803636, 29.767098974691702 ], [ -93.012508618380934, 29.788724272484142 ] ] ], [ [ [ -92.982813782610933, 29.82315514471912 ], [ -93.01790515997665, 29.817882672959957 ], [ -93.041729626798386, 29.853845364779357 ], [ -93.029539312799969, 29.883958703157823 ], [ -93.006327849278108, 29.869677889784185 ], [ -92.982813782610933, 29.82315514471912 ] ] ], [ [ [ -94.359471285371399, 29.930009205450805 ], [ -94.358111390402897, 29.889201851713963 ], [ -94.323894440094705, 29.882045188965215 ], [ -94.27927474350696, 29.829862844963305 ], [ -94.355311349110494, 29.844194906242265 ], [ -94.425234724456516, 29.879884568958389 ], [ -94.48953466583518, 29.941742480046138 ], [ -94.452199990258578, 29.949390069119701 ], [ -94.442502413150194, 29.996064122286182 ], [ -94.41251870742785, 29.986652317647096 ], [ -94.359471285371399, 29.930009205450805 ] ] ], [ [ [ -95.077676392317585, 30.370307206302645 ], [ -95.010590440993596, 30.320903163032973 ], [ -94.931013521919994, 30.2799757035448 ], [ -94.956676508851487, 30.243531625999164 ], [ -94.968048592308051, 30.200246137642075 ], [ -95.02502983860434, 30.206318221966686 ], [ -95.144821297489628, 30.285700204809597 ], [ -95.22240579040799, 30.32873805969151 ], [ -95.211431558789428, 30.365922364969311 ], [ -95.144107792851386, 30.36554374158662 ], [ -95.137586320880658, 30.386362037903677 ], [ -95.077676392317585, 30.370307206302645 ] ] ] ] } },
{ "type": "Feature", "properties": { "electoral_college": 4, "ENGTYPE_1": "State", "HASC_1": "US.ME", "GID_1": "USA.20_1", "join_name": "maine", "ISO_1": "US-ME", "TYPE_1": "State", "NL_NAME_1": "NA", "CC_1": "NA", "NAME_1": "Maine", "COUNTRY": "UnitedStates", "VARNAME_1": "ME|Maine", "GID_0": "USA", "pop": 4 }, "geometry": { "type": "MultiPolygon", "coordinates": [ [ [ [ -66.604314974959067, 45.68652379862332 ], [ -66.63473675554188, 45.749259153478185 ], [ -66.715716378372122, 45.902724454569423 ], [ -66.757142329399855, 45.983393336535883 ], [ -66.865758961073567, 46.148978268875709 ], [ -66.967550717726866, 46.304773413001413 ], [ -66.975678704539632, 46.327820265056879 ], [ -67.147399646569013, 46.57277726324827 ], [ -67.236304039744098, 46.666590924366773 ], [ -68.403823873942471, 47.79715275198636 ], [ -68.758974817769371, 48.041680908485468 ], [ -68.900573297634395, 48.130931826699559 ], [ -69.426723095317087, 48.520751047475997 ], [ -69.500478910401782, 48.588087796975813 ], [ -69.484397658433807, 48.583878339632996 ], [ -69.475216596835395, 48.582619142369602 ], [ -69.426836561191166, 48.565384405587636 ], [ -69.350440021904788, 48.548611386665577 ], [ -69.28741202650906, 48.512659291523669 ], [ -69.192401687194177, 48.440486892529698 ], [ -69.129037827172965, 48.416637625256946 ], [ -69.153376545646935, 48.449697859378645 ], [ -69.135349610413584, 48.456017835222035 ], [ -69.215520949222324, 48.528224438937599 ], [ -69.198922933474989, 48.535826670006202 ], [ -69.144349389546775, 48.514629849267955 ], [ -69.068565788183164, 48.467652209255029 ], [ -68.987699344767734, 48.429218314304677 ], [ -68.966868065600707, 48.434705224362645 ], [ -69.028060336464904, 48.480370061702821 ], [ -69.137204387135696, 48.544316021331838 ], [ -69.157915165869156, 48.565653325403602 ], [ -69.129711604429374, 48.606975439899863 ], [ -69.101075788802234, 48.601813311264053 ], [ -69.064927257215913, 48.618449112945989 ], [ -69.014295404974277, 48.609423036795917 ], [ -68.978565133826294, 48.616619116689606 ], [ -68.941081302093906, 48.602504410212447 ], [ -68.906478223037155, 48.606949863526403 ], [ -68.977100964274953, 48.669548661432863 ], [ -68.928546012144665, 48.688422885798488 ], [ -68.857372074310092, 48.687404400133261 ], [ -68.866300355218186, 48.731570533376107 ], [ -68.899137153481462, 48.752478640109359 ], [ -68.964275865042211, 48.774460603268089 ], [ -68.998103389009003, 48.820706052083949 ], [ -69.010488049889233, 48.877050817325056 ], [ -68.972447476712773, 48.866431076631017 ], [ -68.992926608419737, 48.905545168936982 ], [ -69.079216123881793, 48.959615607346038 ], [ -69.066296739755501, 48.969191848581062 ], [ -69.075391388600366, 49.007528594097856 ], [ -69.059160460102191, 49.059624039905202 ], [ -69.01074261909946, 49.056370539594958 ], [ -68.979221544693857, 49.082683611264343 ], [ -68.937626210979801, 49.075398578465176 ], [ -69.044872009518187, 49.319823184655938 ], [ -68.935383250912466, 49.438822462887053 ], [ -68.668302240314432, 49.729683737804223 ], [ -68.547622856716899, 49.84174985755017 ], [ -68.496972783305296, 49.831090562378577 ], [ -68.391937957465132, 49.786274069474032 ], [ -68.351330082171586, 49.783013162932455 ], [ -68.316189807378208, 49.747828828661376 ], [ -68.286028819518975, 49.664018306991217 ], [ -68.235678637920032, 49.590987321903405 ], [ -68.077654883737807, 49.514770678364023 ], [ -68.042297346956985, 49.490009998113045 ], [ -67.967971503738866, 49.506424812437061 ], [ -67.841892399146687, 49.508758850150997 ], [ -67.758441617478724, 49.494902978369716 ], [ -67.741426136409629, 49.529058716829461 ], [ -67.630113996788509, 49.516539316876951 ], [ -67.575762901194295, 49.492670371344758 ], [ -67.522309802868719, 49.486792499026933 ], [ -67.538030327703467, 49.549387628459456 ], [ -67.496879832266387, 49.549099397801413 ], [ -67.40069858095228, 49.524347994292278 ], [ -67.291004972688896, 49.475784347360552 ], [ -67.282269262314628, 49.460380360071554 ], [ -67.03054784475583, 49.31215760516676 ], [ -66.922097427127042, 49.206488567305549 ], [ -66.791997492999045, 49.137094944123866 ], [ -66.318881110234841, 48.004216414295307 ], [ -66.278856615312151, 47.966654773059346 ], [ -66.302915305973272, 47.937252307846528 ], [ -66.240761019065886, 47.873803475870936 ], [ -66.26470497546542, 47.860855940869698 ], [ -66.210424815422229, 47.786448561292708 ], [ -66.210787015272061, 47.755902844102387 ], [ -66.157982466994085, 47.71858026976566 ], [ -66.10557693255582, 47.702018591396005 ], [ -66.057345693401743, 47.650523812905163 ], [ -65.95646076301955, 47.596490472697653 ], [ -65.846695844099685, 47.570145611907172 ], [ -65.804596069094671, 47.533508543013532 ], [ -65.783238086888858, 47.47497963799092 ], [ -65.816669328459412, 47.453968693955872 ], [ -65.770059284395074, 47.378263936341803 ], [ -65.697272897381367, 47.311522183958225 ], [ -65.689493559753942, 47.277341266417636 ], [ -65.701058799328976, 47.227214363931751 ], [ -65.669421690915513, 47.178960044272976 ], [ -65.540168755820602, 47.043399819876669 ], [ -65.475641378533851, 47.008620793399785 ], [ -65.473907915111212, 47.059045687098852 ], [ -65.421091271654475, 47.023084779022312 ], [ -65.340365644992389, 46.987074545927086 ], [ -65.305744691909098, 46.939641808048655 ], [ -65.262686449901281, 46.899901069203096 ], [ -65.237207988536838, 46.851560323030206 ], [ -65.143476395490524, 46.737338047753362 ], [ -65.106900969032864, 46.681039313994638 ], [ -65.147017645614156, 46.670800848424363 ], [ -65.169169556874493, 46.681958720923589 ], [ -65.217042484189989, 46.662062948939919 ], [ -65.173309376286227, 46.618047427868902 ], [ -65.069156986717118, 46.610879471308721 ], [ -65.048335623860112, 46.563803020471987 ], [ -65.019728266214159, 46.540303992426374 ], [ -64.996802680618615, 46.497731612466694 ], [ -65.015427287421673, 46.462233991411928 ], [ -65.039487429189535, 46.462787913392738 ], [ -65.099169567525593, 46.34615246289038 ], [ -65.133486920067739, 46.349308411853933 ], [ -65.161186998359852, 46.395701603449687 ], [ -65.21050701071978, 46.404666026044026 ], [ -65.230408495897336, 46.46598099290653 ], [ -65.294324411302426, 46.45542231565571 ], [ -65.252295388375316, 46.40960396388796 ], [ -65.238782188382828, 46.371699092853191 ], [ -65.299932292632107, 46.362708297413164 ], [ -65.371142847541535, 46.434295359399272 ], [ -65.394990253499415, 46.418005268989901 ], [ -65.356770386420223, 46.30774903256011 ], [ -65.4081721090988, 46.32715298454152 ], [ -65.435468951510785, 46.381264399485495 ], [ -65.462161217026164, 46.352526608841259 ], [ -65.486834555053676, 46.348701321682718 ], [ -65.534910147378767, 46.415595261345068 ], [ -65.540846103498595, 46.37695208336244 ], [ -65.58812408454078, 46.466455443009544 ], [ -65.586416566962114, 46.400721479615989 ], [ -65.555196766736941, 46.33130604488457 ], [ -65.585653573943915, 46.350223264404399 ], [ -65.555632911481126, 46.282192163839284 ], [ -65.59684785954552, 46.265893048509305 ], [ -65.626730638800396, 46.279498391782766 ], [ -65.63435818162462, 46.228947353332899 ], [ -65.715214084663032, 46.321246537867076 ], [ -65.760672988522231, 46.425386514039914 ], [ -65.859647633044972, 46.509761484258348 ], [ -65.85633957864647, 46.484037204213109 ], [ -65.881674851351178, 46.492111258699296 ], [ -65.869376065201607, 46.452669255240139 ], [ -65.91064960245096, 46.476541498354493 ], [ -65.947478525266874, 46.422347274093312 ], [ -66.011248750128772, 46.561490064121898 ], [ -66.027106391394028, 46.539322315309754 ], [ -66.010128250186781, 46.501338477544671 ], [ -66.025674328455935, 46.464639587875425 ], [ -66.055067372107246, 46.47850752371285 ], [ -66.008280272508699, 46.409107669493551 ], [ -65.989463860311204, 46.346333111282121 ], [ -65.929208329731267, 46.266143149293512 ], [ -65.933629135808701, 46.242008493218535 ], [ -66.021211768944653, 46.339013485862814 ], [ -66.05500001675054, 46.365589131685113 ], [ -66.153305500206756, 46.46249523965848 ], [ -66.161368631715135, 46.441974203578717 ], [ -66.190311296288101, 46.462607922148386 ], [ -66.228964315791771, 46.55570460780779 ], [ -66.269753249892204, 46.625403765000549 ], [ -66.264389412153179, 46.649534874023544 ], [ -66.288483637931691, 46.69779702629846 ], [ -66.318578449859373, 46.669475377968816 ], [ -66.376138211768151, 46.711352368369361 ], [ -66.371942017517611, 46.681030074587213 ], [ -66.405714216947018, 46.694163805987699 ], [ -66.37808728500805, 46.651970022531522 ], [ -66.314564157746247, 46.576905976407829 ], [ -66.292102851518948, 46.525125800467748 ], [ -66.310894509929312, 46.516353971464248 ], [ -66.295396507357424, 46.485881355407457 ], [ -66.283081906086039, 46.407773415868704 ], [ -66.257945481624944, 46.337889582015407 ], [ -66.237680946762424, 46.30013708685766 ], [ -66.223955452117721, 46.24093262048455 ], [ -66.19234841711949, 46.225147486510878 ], [ -66.166085220395757, 46.149608134589357 ], [ -66.183722485198317, 46.145543845672215 ], [ -66.175563453430044, 46.103288029006208 ], [ -66.195214896810427, 46.088373732555056 ], [ -66.175462781709982, 46.029611685660647 ], [ -66.189269386747839, 46.016331345529387 ], [ -66.242907553209335, 46.097633227889169 ], [ -66.31218617100005, 46.16844063969225 ], [ -66.354239601523531, 46.234100922877815 ], [ -66.35449440974314, 46.19047202056678 ], [ -66.314262823473513, 46.085247898892362 ], [ -66.290735273017006, 45.987563522229514 ], [ -66.336232111536177, 46.071972537177636 ], [ -66.347235674003599, 46.05158876222729 ], [ -66.390114517782749, 46.07591998655392 ], [ -66.432848571316967, 46.160212779141524 ], [ -66.468113419361174, 46.238862774052549 ], [ -66.517034677192896, 46.301498221619276 ], [ -66.527453647717223, 46.292702517266143 ], [ -66.510718623431814, 46.235320963203272 ], [ -66.558107059088812, 46.295474532128722 ], [ -66.594521422787878, 46.36125671050781 ], [ -66.682289648224113, 46.490042193141015 ], [ -66.688155269244859, 46.468089265248445 ], [ -66.644994439712505, 46.409901461349797 ], [ -66.610257785104665, 46.381369638420438 ], [ -66.540080640675029, 46.252779870202126 ], [ -66.489828422780008, 46.166069757369989 ], [ -66.465870499564858, 46.108350475857115 ], [ -66.436261704052853, 46.057313182989319 ], [ -66.403929136232179, 45.97284207596244 ], [ -66.403275712804259, 45.946322525454264 ], [ -66.444924354791155, 46.010992932674412 ], [ -66.495616552068, 46.116695484423076 ], [ -66.517761738951549, 46.180410788384137 ], [ -66.589276945603089, 46.286275423981614 ], [ -66.555364161812392, 46.155118770446329 ], [ -66.604833038790602, 46.276656826171234 ], [ -66.66427721847819, 46.34147001230783 ], [ -66.654678008969512, 46.307861069023382 ], [ -66.684155389253903, 46.305271388137989 ], [ -66.67018151881355, 46.270123153638892 ], [ -66.69346220153794, 46.287661851610352 ], [ -66.661790860450992, 46.229296626494971 ], [ -66.645097152962606, 46.164851637553319 ], [ -66.550010661742789, 45.993121497664475 ], [ -66.522994331150585, 45.926381886107208 ], [ -66.489179494054284, 45.856617502432663 ], [ -66.505811118708905, 45.862999808828917 ], [ -66.53228754613508, 45.907458684363839 ], [ -66.554715417834856, 45.900848336106741 ], [ -66.538195734326408, 45.843868417581959 ], [ -66.507166786337933, 45.765650146623635 ], [ -66.480508016048702, 45.710391542395662 ], [ -66.468569524822612, 45.638113796557761 ], [ -66.475468170727453, 45.642296927867505 ], [ -66.455054431706856, 45.558271223901976 ], [ -66.486942623048492, 45.598990344239184 ], [ -66.486248637127673, 45.555121906000387 ], [ -66.468021442780682, 45.465025935113701 ], [ -66.437665615332449, 45.353076593622902 ], [ -66.42938909082244, 45.271655018859846 ], [ -66.416787911140716, 45.183546125864716 ], [ -66.411578717329789, 45.081497152976198 ], [ -66.425316467017652, 45.126951646457051 ], [ -66.440771611163413, 45.161814020270384 ], [ -66.520515005062776, 45.432774119181325 ], [ -66.547247894028672, 45.530819802241581 ], [ -66.547001300366304, 45.537601873447265 ], [ -66.55387100287497, 45.557078920527495 ], [ -66.563567634111692, 45.592850915135486 ], [ -66.567567521472228, 45.604636084507483 ], [ -66.587046796098591, 45.652105703350827 ], [ -66.604314974959067, 45.68652379862332 ] ] ], [ [ [ -65.757924130294555, 46.023627369951917 ], [ -65.766298961826507, 46.012272138428294 ], [ -65.830821975021507, 46.083845999045799 ], [ -65.791371825065667, 46.085926422339121 ], [ -65.757924130294555, 46.023627369951917 ] ] ], [ [ [ -65.850794062779812, 45.963188074468896 ], [ -65.83723458857925, 45.909990707000816 ], [ -65.862611125328598, 45.915622390688462 ], [ -65.890820794698371, 45.998981264665296 ], [ -65.878306424695708, 46.02277115268118 ], [ -65.850794062779812, 45.963188074468896 ] ] ], [ [ [ -65.854226436173121, 46.422114707704857 ], [ -65.824059882685958, 46.381408646877155 ], [ -65.746732568304367, 46.293651128893323 ], [ -65.717162495742883, 46.239656516755154 ], [ -65.72646157761497, 46.188997378006562 ], [ -65.775943945733573, 46.209589015046362 ], [ -65.749968728657265, 46.151616570688915 ], [ -65.769038656931315, 46.128191599746323 ], [ -65.835180674618655, 46.210692118809604 ], [ -65.892497671451281, 46.29658460140211 ], [ -65.905352040226802, 46.344172937701821 ], [ -65.890202255316836, 46.383217536758877 ], [ -65.915460182878405, 46.439201722627288 ], [ -65.896371410293526, 46.450189406887993 ], [ -65.854226436173121, 46.422114707704857 ] ] ], [ [ [ -66.065656112261976, 46.16172276226127 ], [ -66.001480975678732, 46.081775157407577 ], [ -65.975884918348967, 46.040222315854308 ], [ -65.990150779654442, 46.017422569625779 ], [ -66.030085791675532, 46.065808720447535 ], [ -66.03876509249686, 46.095379192056313 ], [ -66.078338226735724, 46.140880316541882 ], [ -66.101755497108357, 46.20015278591908 ], [ -66.065656112261976, 46.16172276226127 ] ] ], [ [ [ -66.007397825265059, 46.301829353819514 ], [ -65.98081019232491, 46.269775538589876 ], [ -65.992605416174541, 46.237082513234064 ], [ -65.946089244631864, 46.144439161865876 ], [ -65.962454183024704, 46.145957143128335 ], [ -66.000979172301811, 46.191265724936791 ], [ -66.032352719465976, 46.260902377984003 ], [ -66.045109464311537, 46.330812982273535 ], [ -66.007397825265059, 46.301829353819514 ] ] ], [ [ [ -66.061476218695574, 46.21554581839311 ], [ -66.07777133245196, 46.190146443786439 ], [ -66.122627473507393, 46.217172054119089 ], [ -66.133200818792218, 46.248068763378548 ], [ -66.107363779345391, 46.274820659510269 ], [ -66.061476218695574, 46.21554581839311 ] ] ], [ [ [ -66.47849009357445, 46.189938568315291 ], [ -66.414680024457866, 46.080962845532547 ], [ -66.390471576589491, 46.01823629023162 ], [ -66.386472560892614, 45.968198038058269 ], [ -66.436232510669143, 46.063812214530685 ], [ -66.492907601956574, 46.198959536835069 ], [ -66.47849009357445, 46.189938568315291 ] ] ] ] } },
{ "type": "Feature", "properties": { "electoral_college": 10, "ENGTYPE_1": "State", "HASC_1": "US.MD", "GID_1": "USA.21_1", "join_name": "maryland", "ISO_1": "US-MD", "TYPE_1": "State", "NL_NAME_1": "NA", "CC_1": "NA", "NAME_1": "Maryland", "COUNTRY": "UnitedStates", "VARNAME_1": "MD", "GID_0": "USA", "pop": 10 }, "geometry": { "type": "MultiPolygon", "coordinates": [ [ [ [ -74.838527178497856, 36.593718208497627 ], [ -74.785605989138745, 36.550832676199398 ], [ -74.034784316505053, 36.607312735938287 ], [ -73.669581159753506, 36.681269420392859 ], [ -73.679638158296186, 36.654485579200703 ], [ -73.721144866088736, 36.625959654561726 ], [ -73.701073779790207, 36.612818068680525 ], [ -73.803796702665167, 36.568239573748102 ], [ -73.843351313143117, 36.541453651644808 ], [ -73.954393478987456, 36.52287555725966 ], [ -74.044210485470757, 36.48765617490335 ], [ -74.070726349072544, 36.462239772531795 ], [ -74.174447403102164, 36.416261326266614 ], [ -74.266402578393979, 36.392687499144387 ], [ -74.249876577636584, 36.38462023590175 ], [ -74.306184171167928, 36.35670082088965 ], [ -74.709404280054741, 36.321634285729608 ], [ -74.738601123347522, 36.311182297447345 ], [ -74.750980731662281, 36.308168701420648 ], [ -74.749114949828297, 36.306692882094652 ], [ -74.96421617368884, 36.305739463346626 ], [ -75.106487157061778, 36.272651159628801 ], [ -75.159872389310124, 36.277705675718572 ], [ -75.149644829040355, 36.297747354148044 ], [ -75.103641395321432, 36.310707820980682 ], [ -75.046285849378776, 36.343489609610245 ], [ -75.088445334092668, 36.397726607602614 ], [ -75.199693633281754, 36.405508114244803 ], [ -75.219270733394183, 36.426811469074323 ], [ -75.112833807821289, 36.428416440830041 ], [ -75.086948345639797, 36.445693652579202 ], [ -75.154479002361683, 36.447052260557435 ], [ -75.187301282498908, 36.464658754620885 ], [ -75.168987576708503, 36.478483150020949 ], [ -75.037539691603428, 36.523585431352394 ], [ -75.062175460270751, 36.540280069750317 ], [ -75.020062277549698, 36.541436649915056 ], [ -75.045769217628177, 36.556832196997867 ], [ -75.009526315033199, 36.561136249050833 ], [ -75.03724056741197, 36.568166400995743 ], [ -74.931843391254333, 36.574856404530564 ], [ -74.912199055004763, 36.587777865443286 ], [ -74.873973623365785, 36.58715832410811 ], [ -74.838527178497856, 36.593718208497627 ] ] ], [ [ [ -78.98554656399358, 38.165590903400741 ], [ -78.757723802991521, 38.370726856154448 ], [ -79.255960997963854, 38.561867434578218 ], [ -79.726228985272925, 38.663483740939391 ], [ -79.690931695838984, 38.67531018972992 ], [ -79.734524113037054, 38.731283389063734 ], [ -80.050706247692887, 38.816013260353728 ], [ -80.314685248682878, 38.915355111372527 ], [ -80.341341879399252, 39.009588117591697 ], [ -80.545471364671968, 39.083268445743542 ], [ -80.744340993950189, 39.171445817660036 ], [ -81.180425819925134, 39.295724984539603 ], [ -81.444206547650353, 39.386910485085409 ], [ -81.653471670181375, 39.568568690723097 ], [ -81.647626453785918, 39.653104326868736 ], [ -81.598203588684456, 39.6766593593347 ], [ -81.586905459176293, 39.764397803751613 ], [ -81.676331984569686, 39.813575395332798 ], [ -81.76603475635909, 39.836140710030186 ], [ -81.830961965053959, 39.916261056070915 ], [ -81.902923417607894, 39.895321125477814 ], [ -81.970693717522494, 39.918574127706258 ], [ -82.017657752287136, 39.901438848081455 ], [ -82.04568183916146, 39.905806316471327 ], [ -82.055899451371218, 39.920732954999011 ], [ -82.04944135319171, 39.937210354384057 ], [ -82.054225640504399, 39.992646645219665 ], [ -82.043272805625165, 40.005283002723566 ], [ -82.04497077874295, 40.034093602997672 ], [ -82.052646861312496, 40.063022334836951 ], [ -82.084881339011559, 40.05702848507152 ], [ -82.070805053796974, 40.122951292600888 ], [ -82.101560885685515, 40.153573282241304 ], [ -82.125673171521868, 40.149076507557083 ], [ -82.126017913403999, 40.156612537179228 ], [ -82.108220933196378, 40.186525073136657 ], [ -82.103611810442985, 40.198429751201537 ], [ -82.111728446028096, 40.211571197651992 ], [ -82.141899536592518, 40.169869660289358 ], [ -82.144687826328408, 40.173760648968958 ], [ -82.14111130029309, 40.207444007426901 ], [ -82.113624224094025, 40.268428020512793 ], [ -82.092418383305571, 40.309941845460955 ], [ -82.096895750003284, 40.345916598609307 ], [ -82.144535454045439, 40.344929745060369 ], [ -82.190844773519999, 40.304408326901026 ], [ -82.287487070300031, 40.26437565026702 ], [ -82.326145880825962, 40.316942415223743 ], [ -82.402439465349474, 40.377055171358478 ], [ -82.497727349318765, 40.388412733469728 ], [ -82.523007908964502, 40.352181284882171 ], [ -82.612997721113246, 40.241414651384311 ], [ -82.696115405577629, 40.267154801934261 ], [ -82.738113846275212, 40.169205780937375 ], [ -82.77226229226396, 40.185121005550229 ], [ -82.767957009606604, 40.08657901897972 ], [ -82.802198624157896, 40.087198104176018 ], [ -82.829552799200229, 40.098978427866783 ], [ -82.88920745764311, 40.106074176567482 ], [ -83.007151180696823, 40.138681362358149 ], [ -83.082143268886057, 40.191784940201309 ], [ -83.094890465967936, 40.196952934118762 ], [ -83.119332485463346, 40.206848876505646 ], [ -83.152122372562218, 40.260126562613436 ], [ -83.178575103729258, 40.240095613309251 ], [ -83.182891067126604, 40.191635469032668 ], [ -83.232140093349912, 40.105804157911429 ], [ -83.234339723124108, 40.059337288154715 ], [ -83.329452780030309, 40.119266619319603 ], [ -83.376815378240451, 40.124902129224637 ], [ -83.382181376400055, 40.072394465001587 ], [ -83.408092039873068, 40.075160990111932 ], [ -83.436841413542467, 40.025410452006476 ], [ -83.472760774045113, 40.022724809597712 ], [ -83.465257997762606, 40.006330349172508 ], [ -83.536183338689384, 39.971055486170627 ], [ -83.545948553664701, 39.950736116023258 ], [ -83.560434623985216, 39.948567319711294 ], [ -83.58118535000078, 39.92244782824207 ], [ -83.594511414380946, 39.910964057540788 ], [ -83.617235283620843, 39.888142324841745 ], [ -83.653879894745856, 39.884939124091396 ], [ -83.854053914640573, 40.52148555846464 ], [ -83.190157204199565, 40.403597346395046 ], [ -82.875741951737652, 40.39400297840902 ], [ -82.186683341385262, 40.51814357443898 ], [ -81.80967513941755, 40.673905466389847 ], [ -80.606326457871319, 41.168404777789092 ], [ -76.869793231674464, 40.692470265583829 ], [ -76.735830080574772, 40.524378741464631 ], [ -75.346461113710134, 36.846601960990476 ], [ -74.879640544199745, 36.610335205389056 ], [ -74.840382248546319, 36.594773676682046 ], [ -74.846639163967566, 36.594619914673636 ], [ -74.851382118277527, 36.594519165058642 ], [ -74.857506423697444, 36.590996829884531 ], [ -74.87682478915508, 36.587743675894117 ], [ -74.912912608758077, 36.588676962107932 ], [ -74.932718375247291, 36.585684827703062 ], [ -74.927573489672511, 36.578040329428291 ], [ -75.027562123885076, 36.57209596468153 ], [ -75.043477951988123, 36.567902047879492 ], [ -75.025460564076312, 36.561577107666238 ], [ -75.056684289699021, 36.556896084303361 ], [ -75.09141086420577, 36.509923652370489 ], [ -75.155053736091318, 36.507151374980367 ], [ -75.225490256213718, 36.487489572722538 ], [ -75.220694767827112, 36.471216890242843 ], [ -75.26343876850548, 36.460523028695924 ], [ -75.343868352167974, 36.491891167584633 ], [ -75.266918656666974, 36.498768329641543 ], [ -75.286490048135747, 36.521248273587112 ], [ -75.350224049611953, 36.523537064713267 ], [ -75.360650892255038, 36.507213498531435 ], [ -75.413263330311906, 36.500776692142267 ], [ -75.37622785849311, 36.481143846346235 ], [ -75.42401206551385, 36.454185893270918 ], [ -75.480435225788952, 36.484956157101884 ], [ -75.630239895170931, 36.522832068019881 ], [ -75.703865638180488, 36.554683173571185 ], [ -75.7574967840835, 36.541968968293979 ], [ -75.835111868722791, 36.567938771073969 ], [ -75.839889602872148, 36.585204014556261 ], [ -75.97144259557335, 36.651157440091218 ], [ -75.924734196168302, 36.669432266427975 ], [ -75.847495389212071, 36.654460982627867 ], [ -75.837639136518149, 36.672798521308792 ], [ -75.984525446004426, 36.755590466950238 ], [ -75.921570177509224, 36.755723129924206 ], [ -75.940464039116591, 36.800085949127258 ], [ -75.827907832440772, 36.761610772751169 ], [ -75.577545739540483, 36.697190264887475 ], [ -75.461848701889068, 36.653471509657884 ], [ -75.450671776038178, 36.664863661941368 ], [ -75.520921661212171, 36.696598583568232 ], [ -75.646688456891383, 36.736656054902866 ], [ -75.857424384552388, 36.842474086217017 ], [ -75.897428457224649, 36.848527335997922 ], [ -76.054559297921998, 36.964082744612305 ], [ -76.194664752048809, 37.022091118015773 ], [ -76.228988959065546, 36.985823661756967 ], [ -76.339813911216325, 37.107180242773879 ], [ -76.407707120014734, 37.306132897168212 ], [ -76.248451073936423, 37.215699332084881 ], [ -76.161244287494171, 37.117552716973925 ], [ -76.018664718489035, 37.003843638004085 ], [ -75.996855088038942, 37.016773201692104 ], [ -76.152122254963473, 37.134492442020722 ], [ -76.281562754704112, 37.377640787124022 ], [ -76.204366050631492, 37.328675507303849 ], [ -76.316344783890742, 37.488376529277062 ], [ -76.369280552368821, 37.52076903816652 ], [ -76.383964609702076, 37.479378771184102 ], [ -76.547603751342933, 37.886413139383897 ], [ -76.551910673039075, 38.085376993444434 ], [ -76.618631537832428, 38.25348950926108 ], [ -76.61346334879569, 38.381349238413748 ], [ -76.640975889103643, 38.725533491121723 ], [ -76.691689098618269, 38.760113251041872 ], [ -76.753838792338897, 38.387999825574148 ], [ -76.922631968253299, 38.831871573843372 ], [ -77.046688490319724, 38.91301496158615 ], [ -76.903978421856223, 39.583786790509478 ], [ -76.802837408370763, 39.834375643893246 ], [ -76.836487979268099, 39.934184659748233 ], [ -76.739509632745325, 40.193266248004328 ], [ -76.650520189660611, 40.167147212576054 ], [ -76.667777772622387, 40.262809500626012 ], [ -76.648354340495402, 40.276553085190685 ], [ -76.670954929426088, 40.351769061246785 ], [ -76.723391958233364, 40.411067890223173 ], [ -76.838227197772568, 40.58535275384709 ], [ -76.992923448968156, 40.709470350446978 ], [ -76.960512290384187, 40.635642351987698 ], [ -76.890414188350078, 40.549753439130278 ], [ -76.825437607789226, 40.425598513943257 ], [ -76.883362121747879, 40.344315349042468 ], [ -76.914426452847309, 40.171140460047823 ], [ -77.139102422542436, 39.857072506758271 ], [ -77.411495885918427, 39.810230026006678 ], [ -77.651772534127232, 39.227052750070023 ], [ -77.655257963261619, 39.100968634124442 ], [ -77.917897263442001, 39.027444831395322 ], [ -78.016680252126392, 39.16819133544918 ], [ -78.145653743885106, 39.100615772256923 ], [ -78.15215711503501, 39.024840388571121 ], [ -78.019700258308177, 38.984814595137628 ], [ -77.97165881388635, 38.895762600844208 ], [ -77.582828607712443, 38.784352014909139 ], [ -77.477327409090805, 38.617210848191696 ], [ -77.626382888543986, 38.576303949821579 ], [ -77.186544842357378, 38.297318759857035 ], [ -77.135651508172273, 38.228044769321514 ], [ -77.323171561586079, 38.16143821774579 ], [ -77.095220558132439, 37.940766902454492 ], [ -77.212431095494793, 37.880157730417061 ], [ -77.048579614631151, 37.738842815025585 ], [ -77.065431147704146, 37.687721975555917 ], [ -76.918920355112391, 37.544899241055759 ], [ -76.870328651962126, 37.410083509729027 ], [ -76.926693661531701, 37.338182414395042 ], [ -76.755981743855955, 37.190799803652823 ], [ -76.668118077592112, 37.058307809147784 ], [ -76.514803035807461, 36.910998536389968 ], [ -76.431140123722031, 36.780611827074878 ], [ -76.327064073788108, 36.708450102898915 ], [ -76.02901012731671, 36.583969135843397 ], [ -76.031462563892731, 36.568095246496966 ], [ -76.091166889900919, 36.546213768680914 ], [ -76.199928806062942, 36.564623779283764 ], [ -76.201906373029033, 36.577168731707488 ], [ -76.359319373459172, 36.647880292526928 ], [ -76.467443123666456, 36.67125590654895 ], [ -76.68275453830428, 36.745716495590834 ], [ -76.658281847153219, 36.714629060079645 ], [ -76.481207153860154, 36.651007040627945 ], [ -76.27585661922528, 36.594057717083871 ], [ -76.279930810805851, 36.579670674921459 ], [ -76.167431699516214, 36.540854003356529 ], [ -76.048030076340993, 36.537063028626932 ], [ -75.994909247266847, 36.527303186842857 ], [ -76.040504338476836, 36.51073514313412 ], [ -76.012052926949991, 36.490418315291301 ], [ -75.880656939707819, 36.43771024102125 ], [ -75.91462905645875, 36.435162232244828 ], [ -75.893089686697792, 36.395442153451455 ], [ -75.940779000555253, 36.401778247229458 ], [ -76.004248640445013, 36.430596799160519 ], [ -76.059779819515313, 36.440595736223912 ], [ -76.152319757517674, 36.471054474801655 ], [ -76.210823056147589, 36.470259077338653 ], [ -76.27734505550147, 36.482120716869574 ], [ -76.315696881096272, 36.504062167526001 ], [ -76.408074631804723, 36.530331459551938 ], [ -76.532373701486122, 36.55168431737814 ], [ -76.665713917180511, 36.582676729947103 ], [ -76.751038224074591, 36.585428760691642 ], [ -76.890324034889687, 36.622818825209812 ], [ -76.906243388801883, 36.638770947752697 ], [ -76.978752211259774, 36.663634204839695 ], [ -77.023015239222786, 36.703455396522031 ], [ -77.15547862289705, 36.751984028294594 ], [ -77.128902923711124, 36.712989702102533 ], [ -76.975988531368145, 36.648928231122909 ], [ -77.115320967088763, 36.680378965728266 ], [ -77.225863204735717, 36.712821434745813 ], [ -77.272430642369329, 36.738314161057559 ], [ -77.431728707360875, 36.789999651473984 ], [ -77.638903771247442, 36.888503938398799 ], [ -77.826162907348888, 36.953918250662504 ], [ -77.922999770550206, 36.953203731070509 ], [ -78.233706966192443, 37.021389044855624 ], [ -78.471035816714306, 37.10666635800608 ], [ -78.637668939960065, 37.17549450265119 ], [ -78.92263117079672, 37.315030720829959 ], [ -78.997730866213359, 37.381310892670975 ], [ -78.856505593728855, 37.365281095567717 ], [ -78.930459588679938, 37.473039750484197 ], [ -78.659196691287789, 37.436276985099653 ], [ -78.840967720874914, 37.613727334836312 ], [ -78.823881524459409, 37.651363498024963 ], [ -78.582210004173575, 37.607321723640965 ], [ -78.818432001129793, 38.010313272461907 ], [ -78.98554656399358, 38.165590903400741 ] ] ], [ [ [ -75.371898350579983, 36.325804440835363 ], [ -75.325605466748627, 36.310629332862085 ], [ -75.398211987152692, 36.302210499481681 ], [ -75.408700644364927, 36.324442978741985 ], [ -75.371898350579983, 36.325804440835363 ] ] ], [ [ [ -75.373083489020004, 36.428769742712461 ], [ -75.382330483580276, 36.411236206778419 ], [ -75.482571007110565, 36.428404048257107 ], [ -75.413409950515188, 36.442243976861711 ], [ -75.373083489020004, 36.428769742712461 ] ] ], [ [ [ -76.741552644499166, 38.025882959786955 ], [ -76.680376857663589, 37.98767937716211 ], [ -76.57375075846673, 37.759657192220523 ], [ -76.63882813512906, 37.746465643377633 ], [ -76.654536298751822, 37.610722028003977 ], [ -76.558615817989121, 37.468627428017136 ], [ -76.602752082029355, 37.446136972009555 ], [ -76.75110312014634, 37.69678802548799 ], [ -76.846356002750852, 37.914542290860858 ], [ -76.8765914503945, 38.119668057674069 ], [ -76.741552644499166, 38.025882959786955 ] ] ] ] } },
{ "type": "Feature", "properties": { "electoral_college": 11, "ENGTYPE_1": "State", "HASC_1": "US.MA", "GID_1": "USA.22_1", "join_name": "massachusetts", "ISO_1": "US-MA", "TYPE_1": "State", "NL_NAME_1": "NA", "CC_1": "NA", "NAME_1": "Massachusetts", "COUNTRY": "UnitedStates", "VARNAME_1": "CommonwealthofMassachusetts|MA", "GID_0": "USA", "pop": 11 }, "geometry": { "type": "MultiPolygon", "coordinates": [ [ [ [ -66.457108255668786, 43.897650980222735 ], [ -66.490082121960157, 43.812144988738694 ], [ -66.515902435573409, 43.623236904393259 ], [ -66.523113711094894, 43.652230470579909 ], [ -66.563709675202858, 43.601072801571469 ], [ -66.571614654010915, 43.475115955247077 ], [ -66.558300890125878, 43.421475143467923 ], [ -66.541962085265894, 43.384856335599004 ], [ -66.532397576348401, 43.363303080329352 ], [ -66.547826703722151, 43.279697113550064 ], [ -66.554939610154094, 43.194482066657585 ], [ -66.553046447052353, 43.103185741892723 ], [ -66.515971569531388, 42.968611161813165 ], [ -66.489789209110427, 42.912530347201375 ], [ -66.855045858587914, 43.070062833201433 ], [ -67.632563375877041, 43.003879109199829 ], [ -67.64011825272749, 43.019915877241608 ], [ -68.196057833550455, 42.985158315363073 ], [ -70.1766141951355, 43.531907081176541 ], [ -72.701701371425315, 44.227871435301971 ], [ -72.864137745322978, 44.246447329695023 ], [ -73.153630196498227, 44.259449500258746 ], [ -73.067755456483738, 44.05105379587485 ], [ -73.107356105725415, 44.007470689293626 ], [ -73.203842453173834, 44.233575272551377 ], [ -73.34001940065184, 44.163117017356015 ], [ -73.586585728465963, 43.887660217319052 ], [ -73.639806947504056, 43.802412627344609 ], [ -73.634433714249809, 43.867446705950314 ], [ -73.60337529942818, 44.042232991461795 ], [ -73.3292453294588, 45.797343791865359 ], [ -72.394426707896613, 46.881483477367155 ], [ -67.059298831938349, 46.076208274096189 ], [ -66.522035012290317, 45.157434396075146 ], [ -66.523028435554806, 45.211191431906386 ], [ -66.50668854477847, 45.168530886073974 ], [ -66.479385630807826, 45.057730575674825 ], [ -66.513658497564847, 45.216451214632592 ], [ -66.49953509079667, 45.157550795918581 ], [ -66.462356825988707, 44.978582160526308 ], [ -66.472590132688694, 45.039708375808011 ], [ -66.453198058298611, 44.955834279000463 ], [ -66.443989474727104, 44.926078777558679 ], [ -66.439360294355353, 44.904582094416206 ], [ -66.431803543363671, 44.85843807982392 ], [ -66.41956387096981, 44.76052505897438 ], [ -66.41408375499195, 44.74758677381449 ], [ -66.412947902475381, 44.724650487612458 ], [ -66.411149843253654, 44.430362705976094 ], [ -66.41586290631291, 44.299994228117285 ], [ -66.42317490330062, 44.147686182556647 ], [ -66.423725293618858, 44.103570010418728 ], [ -66.41599779403353, 44.141538782243479 ], [ -66.414907257749505, 44.09189806855499 ], [ -66.420688423933555, 44.008245114599035 ], [ -66.437138074646768, 43.980626865675923 ], [ -66.449329373853132, 43.943017876042788 ], [ -66.447687979954139, 43.971513646294724 ], [ -66.443915722841268, 44.020975967943194 ], [ -66.453605151114928, 43.939179296460743 ], [ -66.457108255668786, 43.897650980222735 ] ] ], [ [ [ -66.354478428957592, 42.853709486679605 ], [ -66.385397610994147, 42.89695569421103 ], [ -66.362074917796718, 42.902300351061896 ], [ -66.300536423247394, 42.839607129457313 ], [ -66.228352202433399, 42.736215639062337 ], [ -66.175267034493103, 42.651694377742018 ], [ -66.134984795373043, 42.565527965478452 ], [ -66.170385018293643, 42.608021988790007 ], [ -66.185087996109331, 42.645909414865891 ], [ -66.192604532048122, 42.638963076302588 ], [ -66.28540578729779, 42.799258728993742 ], [ -66.31888539364418, 42.846622738739015 ], [ -66.350463941577658, 42.874245847478797 ], [ -66.346198682637166, 42.850102063627965 ], [ -66.354478428957592, 42.853709486679605 ] ] ], [ [ [ -66.345739958433157, 42.847505713694147 ], [ -66.344325005834776, 42.839497525368877 ], [ -66.347547240724992, 42.844008318974019 ], [ -66.345739958433157, 42.847505713694147 ] ] ], [ [ [ -67.069608517734622, 41.198406998465224 ], [ -67.148452061054229, 41.114040916156569 ], [ -67.135222496815516, 41.083837740017898 ], [ -67.087215222823716, 41.088579778744815 ], [ -67.150608081551283, 41.049098790095144 ], [ -67.360007854703539, 41.022422562000848 ], [ -67.47864289923271, 40.998797266574506 ], [ -67.586348335369564, 40.967127460993858 ], [ -67.563622105440857, 40.992886154838395 ], [ -67.495329085555809, 41.005516357184824 ], [ -67.319279713681681, 41.077233671774628 ], [ -67.258983817621612, 41.114027183683909 ], [ -67.252261074886405, 41.118978151849838 ], [ -67.311061329109762, 41.07216459002187 ], [ -67.069608517734622, 41.198406998465224 ] ] ], [ [ [ -66.745256395408518, 41.096787148681855 ], [ -66.842463408584919, 41.038695885274599 ], [ -66.892716572359518, 41.020886935309321 ], [ -66.982179491229999, 41.00286643350627 ], [ -67.028255410810274, 41.011061295991688 ], [ -66.97122416015543, 41.040133007330759 ], [ -66.904593423380859, 41.052331351670972 ], [ -66.774400500770312, 41.092646133738434 ], [ -66.745256395408518, 41.096787148681855 ] ] ] ] } },
{ "type": "Feature", "properties": { "electoral_college": 16, "ENGTYPE_1": "State", "HASC_1": "US.MI", "GID_1": "USA.23_1", "join_name": "michigan", "ISO_1": "US-MI", "TYPE_1": "State", "NL_NAME_1": "NA", "CC_1": "NA", "NAME_1": "Michigan", "COUNTRY": "UnitedStates", "VARNAME_1": "MI|Mich.", "GID_0": "USA", "pop": 16 }, "geometry": { "type": "MultiPolygon", "coordinates": [ [ [ [ -92.621575505801019, 44.293099498604825 ], [ -93.52246236771478, 44.278153943306734 ], [ -93.430952288504116, 44.705257869428031 ], [ -93.381546677655521, 44.823375665784603 ], [ -93.539112440525628, 45.356054101772621 ], [ -93.562851131793423, 45.44065169193771 ], [ -93.571774077940617, 45.551675888304096 ], [ -93.555014095901967, 45.657434615116507 ], [ -93.513805913272449, 45.776775172282562 ], [ -93.440489661395446, 45.931523190062052 ], [ -93.36143582559869, 46.073740438991436 ], [ -93.244388232598013, 46.265501376404927 ], [ -93.072332121641367, 46.517167840156858 ], [ -92.956937281979123, 46.662239565243908 ], [ -92.81797992938769, 46.814950878980959 ], [ -92.729576808219221, 46.89354041033954 ], [ -92.535879700510506, 47.027562212344847 ], [ -92.424542448390213, 47.091698058647168 ], [ -92.182320066629146, 47.210231361619904 ], [ -92.819887001175417, 47.31354219707022 ], [ -93.262588156841616, 47.256714179775045 ], [ -93.386436276960552, 47.156555526159174 ], [ -93.569959688053075, 47.049194256660982 ], [ -93.703327699872759, 46.999565183928333 ], [ -93.765965189215578, 46.885037664096437 ], [ -94.061125443560812, 46.870981108430982 ], [ -94.077383607145606, 46.89028984425056 ], [ -94.159065170926098, 46.914248846614321 ], [ -94.106816183397129, 46.996179929328498 ], [ -94.013630804285924, 47.077275270850336 ], [ -94.022609877361816, 47.095946161052836 ], [ -94.076963681615311, 47.102557053554591 ], [ -94.158434258201922, 47.059924269619835 ], [ -94.258490727125874, 47.047813835861895 ], [ -94.328790010413584, 47.046453178460972 ], [ -94.273602441583947, 47.092196651311333 ], [ -94.276869121020567, 47.118931105356033 ], [ -94.169785424881979, 47.178713191295735 ], [ -94.193820326149066, 47.218450580185042 ], [ -94.147126442242907, 47.279676419121579 ], [ -94.195443019086113, 47.317202299400812 ], [ -94.138303144031468, 47.336067848011616 ], [ -94.169024069377841, 47.360941240764845 ], [ -94.208746825702548, 47.362694361651108 ], [ -94.24757459327364, 47.385653465939612 ], [ -94.359859809290427, 47.374338326875026 ], [ -94.396357173647345, 47.399269601912167 ], [ -94.486756639926227, 47.372266248410035 ], [ -94.530160058227125, 47.374238105012395 ], [ -94.571056749779714, 47.393589132388776 ], [ -94.480800648407907, 47.448823583088533 ], [ -94.514498236783339, 47.453226401090951 ], [ -94.501975319166434, 47.480251397345988 ], [ -94.627237858975931, 47.493053157036989 ], [ -94.699455671987991, 47.489394622139145 ], [ -94.739431398971817, 47.474183330864186 ], [ -94.847234116787035, 47.487048170137584 ], [ -94.902332670108706, 47.468194736880498 ], [ -95.011472867957721, 47.480103026400144 ], [ -95.126852549589231, 47.460854484771048 ], [ -95.156464191183488, 47.430898837672757 ], [ -95.216665523409247, 47.422064318795904 ], [ -95.222303326086532, 47.437320928863826 ], [ -95.287698258048138, 47.438348812240946 ], [ -95.386123220049924, 47.417222255179794 ], [ -95.698626306218017, 47.447536044603019 ], [ -96.046124514410053, 47.426762843521139 ], [ -96.94631797211747, 47.357700079582933 ], [ -96.972504867094301, 47.423331422548145 ], [ -97.023801605826407, 47.469527204160059 ], [ -97.136337854264767, 47.455562485529512 ], [ -97.134246956169591, 47.474624192596671 ], [ -97.234927767451452, 47.448468501828579 ], [ -97.260408077963646, 47.459885271406094 ], [ -97.263142577482228, 47.46435920268258 ], [ -96.446541219299121, 48.192375481351185 ], [ -95.643967422717495, 48.935687553989027 ], [ -95.478736350972255, 48.936685921837267 ], [ -94.619669970644566, 49.32809791166676 ], [ -94.22109243686387, 49.454400821646253 ], [ -93.662282914832005, 49.40047498544989 ], [ -92.101151622990244, 49.221427502016269 ], [ -91.582145220805472, 49.154178978130531 ], [ -90.155072824285227, 48.932401246822032 ], [ -90.09504192900593, 48.723113800075609 ], [ -89.860742589766929, 48.600551599080504 ], [ -89.761170298413774, 48.607664092598981 ], [ -89.713173357226594, 48.645676534974378 ], [ -89.619957058550284, 48.673652618943819 ], [ -89.534739760472405, 48.672224271516797 ], [ -89.469582957270475, 48.68752606470305 ], [ -89.429567373431269, 48.719844779274531 ], [ -89.314028918784217, 48.731328323284046 ], [ -89.294156604933477, 48.708491699268407 ], [ -89.348330202890565, 48.628062839065706 ], [ -89.349167235431281, 48.597175450856462 ], [ -89.316944161541144, 48.548456139656579 ], [ -89.331477933543482, 48.540779207545413 ], [ -89.327246931575942, 48.474691943122949 ], [ -89.295105564787647, 48.433495512595819 ], [ -89.216175413412216, 48.410890776639384 ], [ -89.216141727676785, 48.378881670475778 ], [ -89.185248826659986, 48.366960623374752 ], [ -89.167935507764611, 48.333625069685688 ], [ -89.103611202420808, 48.343712889743209 ], [ -88.99799954550393, 48.407929037336139 ], [ -88.914566719159978, 48.40494822550172 ], [ -88.785756831944553, 48.436266839364862 ], [ -88.685959619954204, 48.433469330211913 ], [ -88.535558486408675, 48.358196307024706 ], [ -88.752903558770214, 48.174906451391394 ], [ -87.554069961947903, 47.89295676440539 ], [ -87.511802562738055, 47.615747085149529 ], [ -87.492339838171787, 47.510120267770134 ], [ -87.388964635001102, 46.660092159219666 ], [ -87.33790257141051, 46.343449895627074 ], [ -87.611391758633061, 45.967563795155591 ], [ -87.735475697912449, 45.813095012779662 ], [ -87.723179221011605, 45.791822308688261 ], [ -87.77703836529048, 45.752563850000577 ], [ -87.820279066663289, 45.654394440946163 ], [ -87.81001583493638, 45.632629486487666 ], [ -87.836925699114076, 45.581919861426506 ], [ -87.871432882868334, 45.547049315670542 ], [ -87.896065295931095, 45.505975663850734 ], [ -88.003153085795859, 45.456587956059288 ], [ -88.053938172131552, 45.457331057690602 ], [ -88.093129066922288, 45.43884095839217 ], [ -88.330395053952003, 45.315542145311639 ], [ -88.382524707672104, 45.305853331642567 ], [ -88.395191364534483, 45.280846041037641 ], [ -88.479605990622431, 45.284482440353969 ], [ -88.592252433989145, 45.264137980447146 ], [ -88.658396537898909, 45.251779155432246 ], [ -88.736987463523789, 45.209679149156386 ], [ -88.767709008843937, 45.193451885293172 ], [ -88.843286895144232, 45.139953587159937 ], [ -88.925042396710182, 45.0607713476481 ], [ -88.931508906083977, 45.037584567574839 ], [ -88.969113471404626, 45.011470382592705 ], [ -89.033444183994931, 44.986030413507756 ], [ -89.072321639591038, 44.952166735079061 ], [ -89.109426427655251, 44.954292104355957 ], [ -89.167248434378465, 44.928729304676509 ], [ -89.180574712178981, 44.909300899248358 ], [ -89.261090000132512, 44.874488183642633 ], [ -89.370283864600751, 44.803885770130506 ], [ -89.369208518411781, 44.769390054296821 ], [ -89.453663690773737, 44.729284724774466 ], [ -90.110057677912479, 44.594425634227271 ], [ -90.621282501411002, 44.457185721314637 ], [ -90.914743025110951, 44.385320166480561 ], [ -90.901377423647432, 44.44319599595606 ], [ -91.662951451159955, 44.34359541015921 ], [ -92.03961599820471, 44.319630665694042 ], [ -92.621575505801019, 44.293099498604825 ] ] ], [ [ [ -88.87209559449326, 45.107982223796398 ], [ -88.830105734987356, 45.110126961317818 ], [ -88.844755676448656, 45.09485170548291 ], [ -88.869795899551448, 45.086168838258288 ], [ -88.881316506471279, 45.082793646147678 ], [ -88.886704773022998, 45.087451405800678 ], [ -88.87209559449326, 45.107982223796398 ] ] ], [ [ [ -88.896553862043092, 45.072446164781013 ], [ -88.893993326102702, 45.076279030308974 ], [ -88.88354163386721, 45.076881240199448 ], [ -88.889657583027656, 45.072338300467678 ], [ -88.896553862043092, 45.072446164781013 ] ] ] ] } },
{ "type": "Feature", "properties": { "electoral_college": 10, "ENGTYPE_1": "State", "HASC_1": "US.MN", "GID_1": "USA.24_1", "join_name": "minnesota", "ISO_1": "US-MN", "TYPE_1": "State", "NL_NAME_1": "NA", "CC_1": "NA", "NAME_1": "Minnesota", "COUNTRY": "UnitedStates", "VARNAME_1": "MN|Minn.", "GID_0": "USA", "pop": 10 }, "geometry": { "type": "Polygon", "coordinates": [ [ [ -95.643967422717495, 48.935687553989027 ], [ -96.446541219299121, 48.192375481351185 ], [ -97.313060414997793, 48.002627613169238 ], [ -98.030737573727237, 47.651672174128848 ], [ -98.447111963574542, 47.447553642720685 ], [ -99.082024289228627, 47.139687298984846 ], [ -99.134622708296959, 47.156075986260305 ], [ -99.188627529099577, 47.136578218795009 ], [ -99.208126900734783, 47.117493530054709 ], [ -99.256477073103611, 47.098728104163357 ], [ -99.243915952245615, 47.08579385377741 ], [ -99.278682046054868, 47.057511028334588 ], [ -99.337463912939143, 47.047247655733926 ], [ -99.345875452396001, 47.053780880395557 ], [ -99.488986812862194, 46.619653880910718 ], [ -99.532443574273373, 46.600057693485816 ], [ -99.566236794048152, 46.560493133561806 ], [ -99.62219431622124, 46.555033515982956 ], [ -99.681204523229653, 46.50871566796507 ], [ -99.736394363115977, 46.499245295076527 ], [ -99.754968595457385, 46.477210821919343 ], [ -99.876996066348397, 46.422811562156291 ], [ -99.944579951190264, 46.374585402467865 ], [ -99.982214459508, 46.339770889892584 ], [ -99.978867448230261, 46.328296423159621 ], [ -100.019883685033136, 46.284436212455191 ], [ -100.1117902642915, 46.224574845555679 ], [ -100.118584990211176, 46.213082671565978 ], [ -100.144524302461932, 46.170540252044908 ], [ -100.155693677392534, 46.125309796527169 ], [ -100.096562373274679, 46.130026061148314 ], [ -100.055595009105716, 46.145248504957266 ], [ -100.023124979151575, 46.139290884016731 ], [ -100.023856283654979, 46.116404292322137 ], [ -99.967457442679958, 46.0796016889892 ], [ -99.986671696640556, 46.046559410577281 ], [ -100.035541857853033, 46.012627490206533 ], [ -100.048867193135692, 45.985798841080893 ], [ -100.107990653374401, 45.947871285215399 ], [ -100.137570699816308, 45.818982958451308 ], [ -100.192387590809602, 45.784129385993793 ], [ -100.175278150833961, 45.761057400698725 ], [ -100.183030645682322, 45.729894583316629 ], [ -100.175318913943883, 45.705724364940821 ], [ -100.211523016268231, 45.613818981280822 ], [ -100.264193445208306, 45.547326292934741 ], [ -100.251019198076861, 45.540163740465758 ], [ -100.206030840381786, 45.535384418936076 ], [ -100.114325832611115, 45.498218553990277 ], [ -100.114393633894565, 45.481631537835241 ], [ -100.07444911298488, 45.481780441850844 ], [ -100.018882992203359, 45.46670901444508 ], [ -99.889763910167289, 45.488447137328606 ], [ -99.844355845227327, 45.484967830223326 ], [ -99.824868532339053, 45.44438617259749 ], [ -99.778861338484802, 45.426247024201146 ], [ -99.642896788932987, 45.426490080288517 ], [ -99.522899672978966, 45.409246722847854 ], [ -99.511467662444886, 45.397782709960467 ], [ -99.484900038974274, 45.380181150247175 ], [ -99.485934818489852, 45.374769199508513 ], [ -99.471942633918118, 45.320222044304749 ], [ -99.458209938690572, 45.295881990213189 ], [ -99.449874069752354, 45.290307710706294 ], [ -99.426660824617983, 45.284667881110465 ], [ -99.400697421339288, 45.269615689065731 ], [ -99.372121129130889, 45.264651360218764 ], [ -99.31382338727262, 45.262122720764687 ], [ -99.300626378269314, 45.243718499724743 ], [ -99.16261885376818, 45.205943522639672 ], [ -99.047121157140765, 45.212988344399442 ], [ -99.010371888667024, 45.206580699274404 ], [ -98.949639579639069, 45.17487766187957 ], [ -98.866844626592652, 45.111270554818489 ], [ -98.85845123022834, 45.075986634937543 ], [ -98.842567458538753, 45.066938995226856 ], [ -98.843108546174776, 45.060229928530539 ], [ -98.847664702425277, 45.053813561838872 ], [ -98.861243071834053, 45.026681145554925 ], [ -98.898331551262871, 44.960710239298187 ], [ -98.899523536327649, 44.929267929899957 ], [ -98.888839487882805, 44.91853089667184 ], [ -98.867510191667179, 44.905357401904965 ], [ -98.888441608838946, 44.869200847579833 ], [ -98.868079734824732, 44.848835166631247 ], [ -98.873560707470389, 44.838982209132695 ], [ -100.831791655710518, 44.376994039843602 ], [ -101.145091315455247, 44.326956140518448 ], [ -103.74798831435686, 44.172862352972054 ], [ -103.692299935514669, 45.273455161607856 ], [ -103.684611602616826, 45.294338839966429 ], [ -103.729361854841571, 45.325028288450277 ], [ -103.829642928747489, 45.327062126722723 ], [ -103.89750510335864, 45.313092592027104 ], [ -103.947438938604321, 45.330242814842443 ], [ -103.968940373584772, 45.36135502085866 ], [ -104.043191778777583, 45.398361148677878 ], [ -104.010220322447552, 45.436551277414814 ], [ -103.956212951830111, 45.460816581900104 ], [ -103.90226587570676, 45.492809903394239 ], [ -103.833797732388604, 45.521214529957724 ], [ -103.790151875408228, 45.558289577228003 ], [ -103.75701106664728, 45.576801990716035 ], [ -103.732465351004763, 45.595443978570032 ], [ -103.721523912372149, 45.611474453930249 ], [ -103.70471494334133, 45.645803761155683 ], [ -103.693447332438112, 45.66951480878344 ], [ -103.697777098488899, 45.679271146927626 ], [ -103.701386411589439, 45.718970907317903 ], [ -103.682353199460465, 45.735352281007323 ], [ -103.673337092116554, 45.747952503742198 ], [ -103.675585100089862, 45.771593989867775 ], [ -103.679113592415263, 45.781035372152814 ], [ -103.687092028251968, 45.78784264960688 ], [ -103.696712350713128, 45.828040540873047 ], [ -103.68634733660322, 45.888756892841073 ], [ -103.748737625260361, 45.905322503615714 ], [ -103.79267326369775, 45.928544061944251 ], [ -103.808922068682165, 45.94928402910223 ], [ -103.810300555382071, 46.004732504748191 ], [ -103.854323161275701, 46.032673873510902 ], [ -103.825073152395007, 46.066545580430997 ], [ -103.819658077153434, 46.071381417186792 ], [ -103.825016247063544, 46.071766473501413 ], [ -103.821654192822109, 46.076199332037838 ], [ -103.810721236170934, 46.095400035855747 ], [ -103.823510896801295, 46.116409469777921 ], [ -103.788789462401283, 46.135168105468431 ], [ -103.776284989079969, 46.165463432449172 ], [ -103.787934326343688, 46.194315589417485 ], [ -103.81313291807102, 46.192182102588092 ], [ -103.789890672042404, 46.246271899950862 ], [ -103.772867219186082, 46.266749357096785 ], [ -103.778415618683383, 46.282908763845406 ], [ -103.759017977862385, 46.304395732518394 ], [ -103.765712047086424, 46.329692324330175 ], [ -103.748427765915039, 46.346362166611883 ], [ -103.733439780576134, 46.388037340105058 ], [ -103.710258923044876, 46.42366582378601 ], [ -103.719557331355091, 46.433301011759241 ], [ -103.687204431425329, 46.47416420317402 ], [ -103.682586728650151, 46.478535578606675 ], [ -103.670725188063642, 46.483374503559304 ], [ -103.697564919541335, 46.478651816816821 ], [ -103.699786992284174, 46.481018636960727 ], [ -103.684761812294809, 46.492070946122105 ], [ -103.671224939649704, 46.494814570176729 ], [ -103.679191370743411, 46.506675156152191 ], [ -103.64953988036784, 46.525164767447549 ], [ -103.676073367775672, 46.541450525158844 ], [ -103.669420439752358, 46.564633031090182 ], [ -103.687133099577295, 46.587929076063944 ], [ -103.678566865561095, 46.607064051085054 ], [ -103.703174766699178, 46.608636530039881 ], [ -103.71980525484112, 46.647580502147704 ], [ -103.712478373200398, 46.677030008801829 ], [ -103.742676145354977, 46.680846739580701 ], [ -103.718068792274764, 46.713462203729563 ], [ -103.713847314499304, 46.747854097725615 ], [ -103.74265720921359, 46.769009321802905 ], [ -103.73073286929862, 46.817983420994999 ], [ -103.695167695057421, 46.85951794596177 ], [ -103.641750108264233, 46.90853774068507 ], [ -103.616952362609894, 46.955128851813647 ], [ -103.633362523039153, 46.963694695182326 ], [ -103.621649509592714, 46.988636161525925 ], [ -103.581587869924618, 47.01139927862814 ], [ -103.548316351136123, 47.057333914282275 ], [ -103.546802991081677, 47.090095755179355 ], [ -103.516999102326992, 47.146449768486114 ], [ -103.454986846233652, 47.216144651762121 ], [ -103.405149501776691, 47.256964272055534 ], [ -103.38319442135284, 47.286524999179285 ], [ -103.406101166846099, 47.308264169316679 ], [ -103.385482868843823, 47.358835549464878 ], [ -103.40840679846778, 47.376820160739292 ], [ -103.364758533569315, 47.443853517343776 ], [ -103.380668542180317, 47.463671087744736 ], [ -103.372628287725647, 47.517649358879446 ], [ -103.353005007167695, 47.549668858101128 ], [ -103.344399497847476, 47.557281072448333 ], [ -101.353018303972334, 48.222691052319171 ], [ -101.209205639575444, 48.639774692805965 ], [ -101.129159194906109, 48.63472561862968 ], [ -101.0300150455394, 48.681270549778176 ], [ -100.928219648054267, 48.651502711081257 ], [ -100.947860264104662, 48.465589014402035 ], [ -100.934411753657272, 48.445444433918716 ], [ -100.948463692527454, 48.231778855976465 ], [ -100.978223367086116, 48.155557605524208 ], [ -100.963909508826646, 48.1132260737999 ], [ -100.945761182674588, 48.100387464304518 ], [ -100.877811567012841, 48.089294142323631 ], [ -100.789680435689533, 48.109170291866171 ], [ -100.762942481749391, 48.13039121146489 ], [ -100.614363299475855, 48.16875257608006 ], [ -100.598499884135464, 48.13521453927136 ], [ -100.551550826065764, 48.140249886877974 ], [ -100.465103199618241, 48.169619038178702 ], [ -100.253087995440467, 48.214514490268186 ], [ -100.227412440751877, 48.207398925063103 ], [ -100.239060692522642, 48.131732926671248 ], [ -100.201149448906179, 48.134013066616504 ], [ -100.064905616759773, 48.179283704009201 ], [ -99.913939796975697, 48.244763541569668 ], [ -99.890613935996683, 48.292382362155401 ], [ -99.758198815501302, 48.366466814430296 ], [ -99.659383544870309, 48.412948697517265 ], [ -99.612809925823541, 48.425574721629403 ], [ -99.58996283525542, 48.417124982906529 ], [ -99.498855936912165, 48.450197314761958 ], [ -99.349912504882639, 48.49191786892608 ], [ -99.302875898985491, 48.493148272602397 ], [ -99.155572654197087, 48.479092622905782 ], [ -99.056603167248753, 48.512766997266759 ], [ -99.07266095572696, 48.469206404912811 ], [ -99.144848483908845, 48.440834787399481 ], [ -99.149399355839009, 48.414717013901097 ], [ -99.122282939883064, 48.403010405099145 ], [ -98.960972945359558, 48.461488578825673 ], [ -98.924504143554046, 48.459326810960455 ], [ -98.929946752874102, 48.427640290524074 ], [ -98.962315222514775, 48.394391583228654 ], [ -98.921938335610193, 48.337336353323792 ], [ -98.907157970844807, 48.29309836997016 ], [ -98.794703072747353, 48.342150847629817 ], [ -98.808452336976714, 48.37851843196561 ], [ -98.765330500377587, 48.431843699410038 ], [ -98.683800724831059, 48.456360524671794 ], [ -98.604012446864303, 48.496351362921231 ], [ -98.506507170547266, 48.51958737069377 ], [ -98.462281030877435, 48.500355807341101 ], [ -98.471056495889783, 48.447481175331028 ], [ -98.380408038264292, 48.45038313544655 ], [ -98.356991313000236, 48.439227701220254 ], [ -98.200772602300333, 48.475183890679233 ], [ -98.179903898552567, 48.467141559251267 ], [ -98.19921642399791, 48.415290475236382 ], [ -98.131951914939719, 48.427557448524794 ], [ -98.0414997687663, 48.423360775965492 ], [ -97.97290317073724, 48.43991609555146 ], [ -97.89427964012188, 48.442867763399207 ], [ -97.853825399997504, 48.464416344109033 ], [ -97.712605490917184, 48.511070134735398 ], [ -97.540398423632453, 48.617248410034371 ], [ -97.399952423082652, 48.682019758765058 ], [ -97.329667202063519, 48.722744750950035 ], [ -97.216912386735586, 48.772037517853896 ], [ -97.163289047875352, 48.784635890060699 ], [ -97.153903932696124, 48.741777057896648 ], [ -97.098941963551795, 48.692500862744744 ], [ -96.978491802152917, 48.715239784032093 ], [ -96.880827574670576, 48.75197930850819 ], [ -96.84612696946175, 48.74418737294296 ], [ -96.742914922953119, 48.772442866346147 ], [ -96.637459990798632, 48.789164774418893 ], [ -96.382663757795413, 48.858736232597259 ], [ -96.304180053938211, 48.874464789755365 ], [ -96.266850829097976, 48.871210345608723 ], [ -96.214035261847044, 48.840534419313293 ], [ -96.102167192225551, 48.827708809601134 ], [ -95.977355711345837, 48.874844575358857 ], [ -95.792862344914496, 48.908972440324831 ], [ -95.721144010548528, 48.917030594106002 ], [ -95.643967422717495, 48.935687553989027 ] ] ] } },
{ "type": "Feature", "properties": { "electoral_college": 6, "ENGTYPE_1": "State", "HASC_1": "US.MS", "GID_1": "USA.25_1", "join_name": "mississippi", "ISO_1": "US-MS", "TYPE_1": "State", "NL_NAME_1": "NA", "CC_1": "NA", "NAME_1": "Mississippi", "COUNTRY": "UnitedStates", "VARNAME_1": "MS|Miss.", "GID_0": "USA", "pop": 6 }, "geometry": { "type": "Polygon", "coordinates": [ [ [ -93.134892616771225, 30.734436629315578 ], [ -93.159071515648606, 30.759531439492047 ], [ -93.195176994024678, 30.834123818434048 ], [ -93.210767601572599, 30.900420357880979 ], [ -93.23391207760524, 30.919685400457038 ], [ -93.27309940658634, 30.982761660551937 ], [ -93.29250904206981, 31.041362987510709 ], [ -93.382097344779083, 31.125543332708812 ], [ -93.408905931408881, 31.163107723670905 ], [ -93.461870282671569, 31.256633505818773 ], [ -93.456589903676672, 31.273305760972558 ], [ -93.487449959507558, 31.317493258285921 ], [ -93.501491843453465, 31.422827495825224 ], [ -93.511525469319849, 31.452960477241 ], [ -93.484162387679746, 31.488847678528757 ], [ -93.485159656715709, 31.530354031031163 ], [ -93.498634355877584, 31.582847311775819 ], [ -93.485576772683629, 31.600304601874097 ], [ -93.499827761993032, 31.637308545600057 ], [ -93.493265958033987, 31.692143547955045 ], [ -93.521780203355817, 31.712177733337327 ], [ -94.427117831837421, 31.870667665298186 ], [ -95.217681316107488, 31.957879997374672 ], [ -95.164274133172967, 31.988617236593274 ], [ -95.154066828915632, 32.013973650425712 ], [ -95.229238598658583, 32.093338356568459 ], [ -95.217392344468109, 32.139526571009448 ], [ -95.222795370765112, 32.181703060954682 ], [ -95.276627653869085, 32.227963261197921 ], [ -95.260278603287972, 32.256125091407853 ], [ -95.187669068014188, 32.245373888211958 ], [ -95.160845641074644, 32.258222617764986 ], [ -95.159809227053628, 32.29931077403598 ], [ -95.199799587402495, 32.332424690042814 ], [ -95.240886505757445, 32.391352468564342 ], [ -95.209100585197646, 32.404291215617434 ], [ -95.173851485664045, 32.356568846604752 ], [ -95.14624224984334, 32.353647807832679 ], [ -95.137088499316576, 32.387934274914848 ], [ -95.186461892836107, 32.43675933761179 ], [ -95.206710415639421, 32.525435427435518 ], [ -95.144707779971142, 32.533736344763156 ], [ -95.117030350471424, 32.563358372148457 ], [ -95.135296045819345, 32.58328775547924 ], [ -95.194309590238049, 32.579288504727593 ], [ -95.234968939663972, 32.616116162416724 ], [ -95.229561664123423, 32.638910926836012 ], [ -95.156180515559271, 32.60176405084389 ], [ -95.123499232106369, 32.616509804561225 ], [ -95.145197113261219, 32.701701852811198 ], [ -95.134835651622467, 32.728177048656889 ], [ -95.098042440227175, 32.727270407437516 ], [ -95.04288973212266, 32.711263389049769 ], [ -95.060154478383041, 32.739532376844139 ], [ -95.118871220419578, 32.736611981089723 ], [ -95.136732221204909, 32.751963340369805 ], [ -95.129582651681844, 32.817877380773425 ], [ -95.102269031032435, 32.827916573509427 ], [ -95.067693071437716, 32.782510279613021 ], [ -95.046461820757642, 32.79742623487423 ], [ -95.071229103882331, 32.826487645845383 ], [ -95.016514094765029, 32.869605217566622 ], [ -95.032439789811704, 32.907993092932806 ], [ -95.022041846520679, 32.924772899995226 ], [ -94.968406907140931, 32.922836672749 ], [ -94.963427719418775, 32.940278085430641 ], [ -94.988363871712664, 33.007760689854884 ], [ -94.962044197486506, 33.013063845114793 ], [ -94.948348934534138, 33.037662551690687 ], [ -94.952575134793364, 33.066423501114365 ], [ -94.98666386249468, 33.084196460868434 ], [ -94.980238529837592, 33.040365255371498 ], [ -95.008052590980583, 33.055656483502666 ], [ -95.043173099722026, 33.058516567489143 ], [ -95.084601335618402, 33.080345959469689 ], [ -95.101063022022032, 33.127253827053188 ], [ -95.079086934968487, 33.142132663296195 ], [ -95.011101387508575, 33.146602862977595 ], [ -94.955807498795266, 33.110461671083783 ], [ -94.983988793415705, 33.180214637331446 ], [ -94.957130267150205, 33.171008904065417 ], [ -94.934094909940441, 33.192759848980053 ], [ -94.957411282335812, 33.218142971447875 ], [ -95.026787784043478, 33.24940400376736 ], [ -95.038422294700425, 33.268233638353102 ], [ -95.025403695762776, 33.306527241585108 ], [ -95.048834191118829, 33.331492176577477 ], [ -95.063059923647771, 33.335718846751845 ], [ -95.083547086197015, 33.329860606189214 ], [ -95.121754013610399, 33.349310672897985 ], [ -95.146471330568588, 33.368113366552393 ], [ -95.174427567903479, 33.402447280519333 ], [ -95.182269917973429, 33.433334320131927 ], [ -95.160350612743102, 33.434135929661522 ], [ -95.124779336367013, 33.396129404054207 ], [ -95.090981429315917, 33.371374407216649 ], [ -95.071214970328569, 33.366126046485554 ], [ -95.068466318063074, 33.372396978174166 ], [ -95.081247977196426, 33.388981866161359 ], [ -95.14181906916302, 33.425108177981208 ], [ -95.166106152273713, 33.453644556950721 ], [ -95.128349737554402, 33.478874182979844 ], [ -95.136236507308809, 33.499622971571618 ], [ -95.149693788252605, 33.512275042798962 ], [ -95.161215568602046, 33.516323271761195 ], [ -95.167927165424885, 33.489853327384914 ], [ -95.226375836802248, 33.493812556134735 ], [ -95.2623795103829, 33.539809933658276 ], [ -95.211937732818086, 33.57710331230242 ], [ -95.219776294237562, 33.597970179473599 ], [ -95.306626795641577, 33.634677956415338 ], [ -95.336210446920475, 33.68510021822334 ], [ -95.339818165463186, 33.71845872577429 ], [ -95.310943143666833, 33.7241869291773 ], [ -95.297608072827032, 33.75523750120697 ], [ -95.35364752098117, 33.826534636654863 ], [ -95.374064729215121, 33.839864525796287 ], [ -95.382849568207433, 33.817771057139993 ], [ -95.361277618513867, 33.781580569331616 ], [ -95.363588649541043, 33.776494820700186 ], [ -95.374385889535048, 33.773185164283881 ], [ -95.406889098935125, 33.784802812877246 ], [ -95.438277801935016, 33.813211216938221 ], [ -95.442477151538995, 33.84810018716297 ], [ -95.42921468495453, 33.868405375401601 ], [ -95.41307992454729, 33.895215029240504 ], [ -95.434530266600021, 33.920823617370921 ], [ -95.51338396825625, 33.971947260087767 ], [ -95.525046588373428, 34.001757479425727 ], [ -95.467587982089881, 33.976399357392204 ], [ -95.431178444180233, 33.972078822219594 ], [ -95.446887840945678, 34.012373245386009 ], [ -95.473708334376596, 34.047418518435627 ], [ -95.45423953874095, 34.072462029825502 ], [ -95.471829218509981, 34.099228939320085 ], [ -95.496703396740102, 34.107639179455511 ], [ -95.508650781527621, 34.080890838012991 ], [ -95.568919206015906, 34.143743090520424 ], [ -95.593529047105747, 34.179077957033385 ], [ -95.570503590863851, 34.230303433820019 ], [ -95.564896765063338, 34.242948690156496 ], [ -95.58479682079016, 34.26823388374013 ], [ -95.605573906062858, 34.280668595751642 ], [ -95.618946388291235, 34.284261567748821 ], [ -95.599894485335739, 34.245437017282136 ], [ -95.59562828113485, 34.231689321605714 ], [ -95.648280096294158, 34.23390954854284 ], [ -95.703217828988514, 34.282440698482269 ], [ -95.642124776942879, 34.27100582319985 ], [ -95.66677285819614, 34.315804290759267 ], [ -95.734619779387927, 34.357336944349662 ], [ -95.696227789245256, 34.308269567385594 ], [ -95.701636027484213, 34.299130266045424 ], [ -95.75559945704272, 34.317327783060364 ], [ -95.743988436136078, 34.342827130237801 ], [ -95.759336308410198, 34.382305349252825 ], [ -95.827281526799609, 34.431863326938185 ], [ -95.834027800142948, 34.449848647567983 ], [ -95.758130319188027, 34.442625421596745 ], [ -95.779644595176833, 34.474668998490195 ], [ -95.851676506413042, 34.525984133172152 ], [ -95.891824829044026, 34.544567157067569 ], [ -95.908463009912808, 34.582459468593697 ], [ -95.862650286926751, 34.56968438035112 ], [ -95.831936960808022, 34.544305675112817 ], [ -95.775910197211772, 34.504677172821104 ], [ -95.758073874462582, 34.494498878165331 ], [ -95.741294143657896, 34.489728922897882 ], [ -95.710026957213387, 34.495760217919063 ], [ -95.770550285223763, 34.546026157247624 ], [ -95.80312061129051, 34.550429802885773 ], [ -95.863633998658116, 34.590086765417638 ], [ -95.889954552690426, 34.633391434714078 ], [ -95.802570530277535, 34.606386017143016 ], [ -95.753287969048003, 34.577107316246426 ], [ -95.735523668140559, 34.583457122820867 ], [ -95.766227642355432, 34.612372487188871 ], [ -95.818691886994387, 34.641237065970472 ], [ -95.879492281400957, 34.704173710705554 ], [ -95.856774346433411, 34.74481226465852 ], [ -95.883114699167393, 34.764732592436772 ], [ -95.956558945256177, 34.802668314261936 ], [ -95.968683942106296, 34.822395025422338 ], [ -95.916813138765022, 34.823343332313485 ], [ -95.869478444422938, 34.777369612987684 ], [ -95.839612721193845, 34.771062026908609 ], [ -95.897053705717042, 34.830333668561316 ], [ -95.802610198507708, 34.804356988707148 ], [ -95.828442788922146, 34.864223529632788 ], [ -95.905184341427017, 34.897597531056576 ], [ -95.941929133742121, 34.931709576111366 ], [ -95.916793169164464, 34.952019348250737 ], [ -95.865049500624494, 34.919698283961189 ], [ -95.819204703706944, 34.906373382605793 ], [ -95.820996033631829, 34.927458918468908 ], [ -95.860605560051056, 34.954110658878662 ], [ -95.904753289994474, 34.964961815833412 ], [ -95.939179996123272, 34.983678010094131 ], [ -95.983287962726095, 35.026085819032211 ], [ -95.970385372908879, 35.031528505212357 ], [ -95.926798613872123, 34.996777863594907 ], [ -95.887806545095486, 34.981853567011314 ], [ -95.907920263751663, 35.033895951428981 ], [ -95.850615044950743, 35.019689871930289 ], [ -95.851629111163533, 35.048741210406227 ], [ -95.891937474014895, 35.089101101568318 ], [ -95.898632407020898, 35.110586092867244 ], [ -95.821583675180847, 35.083573656293972 ], [ -95.809235586468944, 35.047465483057763 ], [ -95.776225719047503, 35.037255634811359 ], [ -95.80971058124193, 35.088174012314724 ], [ -95.767250469858084, 35.089447534856269 ], [ -95.750066376296203, 35.100275778449003 ], [ -95.758950209311294, 35.12361310377981 ], [ -95.796908551099278, 35.156724217598033 ], [ -95.818067057935224, 35.192631346898978 ], [ -95.799076666355958, 35.224120637106921 ], [ -95.869584297900516, 35.289327314050603 ], [ -95.914251090643006, 35.356958009096054 ], [ -95.871469816720264, 35.34251976418733 ], [ -95.870635077397594, 35.320622347902493 ], [ -95.824821280053499, 35.299139677818566 ], [ -95.802977169799959, 35.32241934404631 ], [ -95.809154519900602, 35.342803274191532 ], [ -95.884756401072522, 35.369785706972493 ], [ -95.914198482435907, 35.386915148876255 ], [ -95.911816997731393, 35.418978703015384 ], [ -95.892796428704429, 35.434138983439468 ], [ -95.884636292909846, 35.395347681043745 ], [ -95.849257225440724, 35.380136735527529 ], [ -95.824876670108864, 35.380743358032575 ], [ -95.825150229503365, 35.396111287569632 ], [ -95.870253736964926, 35.439454597990327 ], [ -95.876713937545532, 35.468079261905444 ], [ -95.892421055313321, 35.484079551505225 ], [ -95.920596994028344, 35.512135483267784 ], [ -95.923967764226006, 35.520735139360013 ], [ -95.920580483097893, 35.525739037723724 ], [ -95.911389930003452, 35.527375836270075 ], [ -95.874765394259015, 35.504621230734273 ], [ -95.826339626687187, 35.45763775068108 ], [ -95.818565024290749, 35.467402839315859 ], [ -95.787256692917424, 35.472795415368431 ], [ -95.755503724053824, 35.454404174465608 ], [ -95.751529816287388, 35.476234879589391 ], [ -95.711749595789783, 35.496803911652563 ], [ -95.736834373281511, 35.535884306269104 ], [ -95.816316894176055, 35.587154660814072 ], [ -95.81923994809236, 35.591946507456804 ], [ -94.830259461009518, 35.389777669221807 ], [ -93.901413678263211, 35.173771666787587 ], [ -93.881140274209002, 35.149211058783102 ], [ -93.820115163699867, 35.078991221637203 ], [ -93.756990163546604, 35.030569797937041 ], [ -93.696410101902174, 34.902085199638208 ], [ -93.560006699219358, 34.582894264079272 ], [ -93.383228460291107, 34.160659738385299 ], [ -93.279810873161395, 33.909697192938154 ], [ -92.863437428021683, 32.698743479166822 ], [ -92.77228028766315, 32.385290005713784 ], [ -92.553165546548897, 31.921080695367266 ], [ -92.410956540223481, 31.595898164753503 ], [ -92.226739137067398, 31.092311568917918 ], [ -92.114339432898873, 30.743511014903785 ], [ -92.097457055760742, 30.691474756801455 ], [ -92.149204999682851, 30.714104926180074 ], [ -92.139512666882638, 30.688285470643581 ], [ -92.185858836686236, 30.67629787874559 ], [ -92.216683527706522, 30.707588971024428 ], [ -92.249659426945414, 30.715183449805259 ], [ -92.272071966792751, 30.779569699443591 ], [ -92.310501874041762, 30.798582110191585 ], [ -92.302063770398846, 30.756393790839631 ], [ -92.346052099579111, 30.754606523894864 ], [ -92.367012799431009, 30.741162795872707 ], [ -92.41728145941093, 30.752143882840738 ], [ -92.487313808966832, 30.805871688461728 ], [ -92.534648882963722, 30.86280056452301 ], [ -92.557952540012622, 30.857991393252192 ], [ -92.529045758777997, 30.818857718342773 ], [ -92.583416393419469, 30.834220797927799 ], [ -92.661697044022048, 30.841674034149825 ], [ -92.726618783854875, 30.833705505338198 ], [ -92.803251683406785, 30.809010174054087 ], [ -92.873647210070445, 30.793754219313275 ], [ -92.884349307527799, 30.834607859764496 ], [ -92.952981263653626, 30.883476202276121 ], [ -92.970528519168468, 30.877987590100247 ], [ -92.925107560817111, 30.818681587634916 ], [ -92.933117197569757, 30.793574454578426 ], [ -92.992758248721628, 30.757478019991076 ], [ -92.985186788228376, 30.732311827260741 ], [ -93.002585840211665, 30.705189215798836 ], [ -93.035350302031603, 30.687496712629901 ], [ -93.065193731509339, 30.694906520158742 ], [ -93.070587686621209, 30.703699327075991 ], [ -93.084463601060762, 30.709035086147104 ], [ -93.109408900906018, 30.700965767574314 ], [ -93.134892616771225, 30.734436629315578 ] ] ] } },
{ "type": "Feature", "properties": { "electoral_college": 10, "ENGTYPE_1": "State", "HASC_1": "US.MO", "GID_1": "USA.26_1", "join_name": "missouri", "ISO_1": "US-MO", "TYPE_1": "State", "NL_NAME_1": "NA", "CC_1": "NA", "NAME_1": "Missouri", "COUNTRY": "UnitedStates", "VARNAME_1": "MO", "GID_0": "USA", "pop": 10 }, "geometry": { "type": "Polygon", "coordinates": [ [ [ -96.141198837554214, 36.484838501076375 ], [ -96.250782002021893, 36.490460384805615 ], [ -96.205445406319441, 36.59478611492419 ], [ -96.1628763775321, 36.613713574638915 ], [ -96.158697045618311, 36.653005273170656 ], [ -96.13206443304243, 36.67506620766931 ], [ -96.082418011331669, 36.695737175994054 ], [ -96.077150280171551, 36.728073708302858 ], [ -96.041286132619092, 36.757520488902351 ], [ -96.060983823730396, 36.782361449273274 ], [ -96.062810739754667, 36.841888630862151 ], [ -96.147374671770365, 36.879818540401388 ], [ -96.142968728771663, 36.896398312835565 ], [ -96.175539608928133, 36.950544264950217 ], [ -97.591931838792391, 37.105538058993211 ], [ -98.00013139436291, 37.193935804798905 ], [ -98.989263114337959, 37.473450877690517 ], [ -100.237492130631239, 37.77823838526912 ], [ -100.37234027539823, 38.037898922668759 ], [ -101.249283388866459, 39.675233891746629 ], [ -101.469620121407061, 40.095075621330238 ], [ -101.57090259151768, 40.343336937735167 ], [ -101.573726549416889, 40.377508654356717 ], [ -101.62041249766726, 40.376851453744862 ], [ -101.638051158502947, 40.397417193133563 ], [ -101.712405474747158, 40.39415816153199 ], [ -101.755853828773979, 40.426435795815706 ], [ -101.801288251189021, 40.438577446589562 ], [ -101.80168980641308, 40.463788763287944 ], [ -101.861886611215027, 40.501845610522018 ], [ -101.891797509392688, 40.550596717962854 ], [ -101.877617795514141, 40.579718100783573 ], [ -101.913399527147917, 40.586653850297935 ], [ -101.961716390369645, 40.620727434619106 ], [ -101.979807387254112, 40.642671022317096 ], [ -102.016044369975674, 40.654219726904536 ], [ -102.04094024671106, 40.691872469732232 ], [ -102.083066814819134, 40.719774599660731 ], [ -102.090308345533302, 40.761550060725796 ], [ -102.055769507896798, 40.765788537851222 ], [ -102.05840103860838, 40.818772048028748 ], [ -102.03626297343709, 40.856056623467353 ], [ -102.003604646878514, 40.878492759421825 ], [ -102.007100600410268, 40.922718205559143 ], [ -101.995598750076155, 40.932493097279966 ], [ -101.945847336232731, 40.915120683477774 ], [ -101.925931604314982, 40.950724106825049 ], [ -101.980782606089022, 40.95692217547608 ], [ -101.985951538417041, 40.970995294907461 ], [ -101.980225623093006, 40.97855236524331 ], [ -101.951091526154201, 40.987280255229471 ], [ -101.942712677111388, 41.005236097084897 ], [ -101.945800726849257, 41.019970230240219 ], [ -101.997271167279038, 41.051282167026962 ], [ -101.988798780534651, 41.078019083980386 ], [ -101.995801253969205, 41.089207288916796 ], [ -102.05591028293631, 41.087950097273541 ], [ -102.077682445282278, 41.048020625644163 ], [ -102.104579776720115, 41.040782710313643 ], [ -102.145409030668304, 41.048850882660609 ], [ -102.16582473023594, 41.080123834636524 ], [ -102.208158262200456, 41.078315175203407 ], [ -102.21032958934569, 41.109490945942575 ], [ -102.232971741561528, 41.109393508378034 ], [ -102.246413018098892, 41.115921785089498 ], [ -102.290797572265788, 41.16105609721015 ], [ -102.322997528598776, 41.188135783741515 ], [ -102.346882094552058, 41.181574201365891 ], [ -102.363031570435354, 41.182964361831992 ], [ -102.369483820477697, 41.188069225236937 ], [ -102.37827648149181, 41.212223464506557 ], [ -102.360811008836052, 41.28465401057273 ], [ -102.427306309039921, 41.346728845388675 ], [ -102.422995223450073, 41.40475512932467 ], [ -102.437674193604821, 41.419178475863994 ], [ -102.485154710496403, 41.425789489694687 ], [ -102.484670464315911, 41.454875823569232 ], [ -102.535602569445501, 41.47934846588663 ], [ -102.574005301024357, 41.596303307881442 ], [ -102.573132990736056, 41.627128749888577 ], [ -102.601722961082032, 41.656241239133159 ], [ -102.609389146656611, 41.697803312464103 ], [ -102.581484319790803, 41.715510115574304 ], [ -102.575971953797051, 41.740504669286111 ], [ -102.640521739870024, 41.717902235336332 ], [ -102.665660258889517, 41.728152067792919 ], [ -102.667740369999891, 41.785425615565089 ], [ -101.880651001946916, 41.886401608752657 ], [ -101.679587519627091, 41.912902707484221 ], [ -101.490067641599722, 41.93626020841382 ], [ -101.12751263972622, 41.98105907289559 ], [ -100.875741253254745, 42.007389658166517 ], [ -100.467553778910286, 42.065189027099251 ], [ -100.165635786123843, 42.124003149033712 ], [ -99.987808374783185, 42.174398564910021 ], [ -99.964956246817749, 42.14021433237685 ], [ -99.957538867205358, 42.098808516873312 ], [ -99.9189543634279, 42.080035486362824 ], [ -99.91628250965627, 42.049204994576833 ], [ -99.872037739465313, 41.972225195790116 ], [ -99.846405343990952, 41.971198127893388 ], [ -99.834521335301162, 41.902088355964878 ], [ -99.807882345219738, 41.880499689359269 ], [ -99.784861720498427, 41.860514678032125 ], [ -99.779472636109375, 41.8470606150265 ], [ -99.769870914433895, 41.847614401135345 ], [ -99.746932357405555, 41.851764674879441 ], [ -99.768516132612291, 41.776959785405737 ], [ -99.765956185790927, 41.619261789042248 ], [ -99.72973857574091, 41.441732290718498 ], [ -99.685688753422909, 41.328025415328625 ], [ -99.673174382600152, 41.280031823952932 ], [ -99.57631879056585, 41.126498509496777 ], [ -99.559171717155465, 41.091169742302142 ], [ -99.565740978620553, 41.057784364697582 ], [ -99.559164723193831, 41.022175603055793 ], [ -99.525190463778941, 40.964154491795142 ], [ -99.452076958372459, 40.898340373604974 ], [ -99.435236497205878, 40.867815132752504 ], [ -99.407085053043531, 40.78072257290998 ], [ -99.284786593564078, 40.671438694081218 ], [ -99.222182737338414, 40.602932349398159 ], [ -99.146514605369177, 40.55182992656637 ], [ -99.101823789801983, 40.4824345270221 ], [ -99.01067424172895, 40.432907934618491 ], [ -98.926630788360953, 40.324394127013498 ], [ -98.82649538315863, 40.245831288958463 ], [ -98.76151327632752, 40.21482594374428 ], [ -98.715442854563335, 40.173430407378028 ], [ -98.609918178802033, 40.108087149477356 ], [ -98.506410330277191, 40.032853256909867 ], [ -98.367844667349075, 39.9117283726805 ], [ -98.269953660872559, 39.745916063432418 ], [ -98.217427053455964, 39.69039248429651 ], [ -98.210909030331123, 39.608114826567785 ], [ -98.112354267308092, 39.502520734384916 ], [ -98.090623479584579, 39.463431392427353 ], [ -97.997825865701074, 39.375932995487169 ], [ -97.93206579696124, 39.329630044094102 ], [ -97.865074958302515, 39.318939993016812 ], [ -97.835818849367612, 39.357092922954884 ], [ -97.83562501370524, 39.421581139592675 ], [ -97.81207014642753, 39.428337072717895 ], [ -97.719498296640879, 39.401997917438798 ], [ -97.620271098906514, 39.348701253406837 ], [ -97.521214015366724, 39.322978411516715 ], [ -97.349510045911785, 39.230296959200743 ], [ -97.277545938345398, 39.191541121524125 ], [ -97.253427013879588, 39.133231228699053 ], [ -97.321084430075175, 39.048783915369015 ], [ -97.310842035236234, 39.014054633180869 ], [ -97.236958002219296, 38.950685318870647 ], [ -97.211866715106595, 38.914974347200108 ], [ -97.209543046953925, 38.877089598313447 ], [ -97.239942951538964, 38.825862576466918 ], [ -97.204020203325001, 38.7327095195364 ], [ -97.227976068803301, 38.696137896694303 ], [ -97.213041331736733, 38.660732440519276 ], [ -97.181421385601126, 38.621527731890176 ], [ -97.109916219553895, 38.559555182863669 ], [ -97.058090753805459, 38.527300755945028 ], [ -97.013121296478104, 38.509548310092441 ], [ -96.933924303371995, 38.458585497954388 ], [ -96.826700363735668, 38.404869837861639 ], [ -96.750895174012697, 38.379822006599291 ], [ -96.712680218384961, 38.351362813161089 ], [ -96.633153739147758, 38.322074886238831 ], [ -96.563856597937388, 38.284566444077107 ], [ -96.539971204588582, 38.274083985824163 ], [ -96.478369729245628, 38.272384688116944 ], [ -96.491820105154162, 38.233371730133072 ], [ -96.446209903151512, 38.200785859467096 ], [ -96.369223949835813, 38.187551590042865 ], [ -96.328392028330953, 38.204286614562172 ], [ -96.265544052955605, 38.179567927260031 ], [ -96.253286850232641, 38.161326346741227 ], [ -96.180690724708413, 38.144934360409934 ], [ -96.066114252548473, 38.090446371708246 ], [ -96.06373724000953, 38.065291219128085 ], [ -96.004686998905612, 38.04888593476376 ], [ -95.953663663522903, 38.022466910558151 ], [ -95.858169658664707, 37.997810089476467 ], [ -95.843178961484156, 37.956575793091197 ], [ -95.787397162124492, 37.92076029858238 ], [ -95.830775869618719, 37.909250340399751 ], [ -95.816779614033806, 37.877523777666298 ], [ -95.773780877365922, 37.833963951363295 ], [ -95.693158313264234, 37.777599278325432 ], [ -95.666349373556329, 37.722464274277065 ], [ -95.678519789225632, 37.702993814563889 ], [ -95.722007240703235, 37.697846331158253 ], [ -95.743527961034587, 37.680016835533991 ], [ -95.742777039539149, 37.648533059061577 ], [ -95.730301744796222, 37.636739100928864 ], [ -95.680536130217078, 37.625631413564768 ], [ -95.656530429339767, 37.56751848737936 ], [ -95.60513606083434, 37.517574883728976 ], [ -95.550418826138255, 37.480537575306286 ], [ -95.550973097121087, 37.443768093183564 ], [ -95.440917417128816, 37.387828826997605 ], [ -95.412131855990097, 37.399974896418179 ], [ -95.426879300989086, 37.424515885671504 ], [ -95.471743914080022, 37.455485809257013 ], [ -95.414274467955067, 37.454203225639183 ], [ -95.363754953352156, 37.417941670873375 ], [ -95.343259571737249, 37.381647956121803 ], [ -95.317663654868298, 37.371073058646104 ], [ -95.2817713385665, 37.382731744486925 ], [ -95.243542598564702, 37.355896891380233 ], [ -95.253030952416282, 37.321612497075449 ], [ -95.257677395579876, 37.268038867983734 ], [ -95.300544403246192, 37.249303359199487 ], [ -95.275178923790946, 37.205025531583587 ], [ -95.244341868682866, 37.201127769710091 ], [ -95.230584536862224, 37.174077419810828 ], [ -95.282073116085172, 37.174475359555657 ], [ -95.30208519056103, 37.142991993903351 ], [ -95.256627667109711, 37.084751362282141 ], [ -95.281386042900991, 37.055710091188971 ], [ -95.281316027913348, 37.012185058478174 ], [ -95.297560363275949, 36.993461852183017 ], [ -95.341819949255111, 36.997754402353316 ], [ -95.400800786076672, 37.05088593312238 ], [ -95.432124545826397, 37.056621932422175 ], [ -95.449690648732357, 37.043180973333264 ], [ -95.463268328206112, 36.929507191403815 ], [ -95.496742999107965, 36.891274542902025 ], [ -95.528173257480688, 36.9041911096962 ], [ -95.528404004219226, 36.932845279527839 ], [ -95.520096216902019, 36.962010489392156 ], [ -95.530965710825456, 36.989766416739535 ], [ -95.593518906671491, 37.011680615357179 ], [ -95.605508882773179, 37.009527077225222 ], [ -95.623649040085766, 36.994510848890712 ], [ -95.606042729099883, 36.956582211863015 ], [ -95.560844044357154, 36.918940657960931 ], [ -95.576125435907358, 36.878460295915957 ], [ -95.532433299053608, 36.826547976627417 ], [ -95.528946099540718, 36.785897048847048 ], [ -95.60292860530474, 36.787064482216955 ], [ -95.608384626147298, 36.762461974623157 ], [ -95.530535645449959, 36.721994297528148 ], [ -95.528434551249873, 36.696146518403538 ], [ -95.580494332603777, 36.687304805865971 ], [ -95.645705496019545, 36.700466368731576 ], [ -95.665684782313434, 36.699314456481943 ], [ -95.664436010242156, 36.681013192751216 ], [ -95.606117443477146, 36.646057665024124 ], [ -95.537982219218634, 36.596260136080012 ], [ -95.546643868520803, 36.568824293299485 ], [ -95.589477380163117, 36.5555755504964 ], [ -95.604239987467238, 36.532214026296906 ], [ -95.597330572122615, 36.494732326102024 ], [ -95.619138898791022, 36.461295708560435 ], [ -95.742833580807655, 36.468225677737848 ], [ -95.895900274968639, 36.472134962886379 ], [ -96.141198837554214, 36.484838501076375 ] ] ] } },
{ "type": "Feature", "properties": { "electoral_college": 3, "ENGTYPE_1": "State", "HASC_1": "US.MT", "GID_1": "USA.27_1", "join_name": "montana", "ISO_1": "US-MT", "TYPE_1": "State", "NL_NAME_1": "NA", "CC_1": "NA", "NAME_1": "Montana", "COUNTRY": "UnitedStates", "VARNAME_1": "MT|Mont.", "GID_0": "USA", "pop": 3 }, "geometry": { "type": "Polygon", "coordinates": [ [ [ -111.001287589061405, 45.205498127021691 ], [ -111.015839253230013, 45.205706279244147 ], [ -111.033335037773909, 45.20005825234081 ], [ -111.053548830437947, 45.198970938973474 ], [ -111.057338964707768, 45.204693353062297 ], [ -111.075563120151273, 45.20182830324881 ], [ -111.08314770193148, 45.198110636088387 ], [ -111.09576491906364, 45.197631506705221 ], [ -111.1139976787439, 45.192042083184113 ], [ -111.117608150969517, 45.193695900304071 ], [ -111.134603114448694, 45.19229369335973 ], [ -111.135450633264526, 45.196018278056748 ], [ -111.144510183121142, 45.194867511609523 ], [ -111.154097197416064, 45.187690620827659 ], [ -111.162593791635985, 45.184799660950077 ], [ -111.168400961742009, 45.175852205701439 ], [ -111.180034707744738, 45.164307587974918 ], [ -111.181836076007784, 45.163983558478542 ], [ -111.19196987845163, 45.166832729676806 ], [ -111.202723567382705, 45.161385080912453 ], [ -111.2079696095972, 45.164184131845417 ], [ -111.233684242763914, 45.157078821329868 ], [ -111.237183372759162, 45.158413315073958 ], [ -111.246622768513973, 45.155554828843904 ], [ -111.254907600351501, 45.150615190350017 ], [ -111.260466509693558, 45.147314562479934 ], [ -111.269803480218684, 45.139026495256438 ], [ -111.279159812661135, 45.132024777031098 ], [ -111.286143830380809, 45.124581494756562 ], [ -111.293803680083613, 45.109520223220144 ], [ -111.305393067216258, 45.101393730563387 ], [ -111.307997699775825, 45.110536159705021 ], [ -111.317595740774124, 45.115039850588722 ], [ -111.318484946109564, 45.120658059987186 ], [ -111.313550969560367, 45.131404954483124 ], [ -111.302524439301123, 45.142998628393606 ], [ -111.307069433810312, 45.146115814059719 ], [ -111.30102350776842, 45.152078444228394 ], [ -111.303861736255442, 45.159888598870054 ], [ -111.292849863541008, 45.167947124815612 ], [ -111.286146586795724, 45.180649598674066 ], [ -111.289183412891646, 45.184477550859413 ], [ -111.28487558801811, 45.191584182737458 ], [ -111.293296658230105, 45.203647162148684 ], [ -111.301626270390756, 45.205074808383088 ], [ -111.325718532133152, 45.19263091260283 ], [ -111.331376933550899, 45.201106215836703 ], [ -111.343133100863767, 45.204486261987562 ], [ -111.343414665234633, 45.214896456467464 ], [ -111.339773427800225, 45.219817240928833 ], [ -111.32757700273514, 45.223935666006305 ], [ -111.319208355753958, 45.233866943615041 ], [ -111.316526315799521, 45.24269532261026 ], [ -111.33694461521047, 45.249328890659449 ], [ -111.335006524227168, 45.257685119299133 ], [ -111.351031351813845, 45.266013708277207 ], [ -111.348041266876947, 45.270182271558646 ], [ -111.356545114343348, 45.274894931617979 ], [ -111.348871999898037, 45.283515151785892 ], [ -111.357147895785332, 45.285554160009838 ], [ -111.354825345882986, 45.290229717577404 ], [ -111.345833269410704, 45.295235947035465 ], [ -111.345707988265531, 45.29929818623102 ], [ -111.358744090721203, 45.299716129437599 ], [ -111.346288403205151, 45.306422367986173 ], [ -111.349250540995214, 45.309027810894086 ], [ -111.371424845021551, 45.307170450564719 ], [ -111.36650251805932, 45.310766087018969 ], [ -111.386803912383911, 45.314481312829038 ], [ -111.39677321223634, 45.312130732350383 ], [ -111.401066301880746, 45.307563964369891 ], [ -111.421340629866108, 45.301368142476775 ], [ -111.431977786133643, 45.296234956111959 ], [ -111.44891959729685, 45.291853888295009 ], [ -111.456230928264674, 45.288176823510028 ], [ -111.485851362436833, 45.280863119762685 ], [ -111.495565917335355, 45.28079029731839 ], [ -111.523704207252806, 45.26862732648204 ], [ -111.560186595050496, 45.259626176997735 ], [ -111.569970511396249, 45.26251841585978 ], [ -111.594220900207858, 45.260819746160145 ], [ -111.606492653312998, 45.265063420107097 ], [ -111.628932530517687, 45.260339810802897 ], [ -111.655494093635582, 45.257635982781608 ], [ -111.636953936994203, 45.26523426981921 ], [ -111.644540666782135, 45.26627674001508 ], [ -111.608571280415902, 45.276157142091314 ], [ -111.595922877052232, 45.284839087259279 ], [ -111.61440012772421, 45.284811251297661 ], [ -111.619661626345192, 45.287706501527907 ], [ -111.568369489235806, 45.304222454702284 ], [ -111.537925362507721, 45.310064401658551 ], [ -111.527588485941877, 45.31044545031088 ], [ -111.511378657161458, 45.316582477299306 ], [ -111.523576645189166, 45.320604599897074 ], [ -111.509056425703108, 45.32679703649319 ], [ -111.539309803742896, 45.325234976659296 ], [ -111.542838725359658, 45.328304228399524 ], [ -111.520642206347631, 45.334720371262726 ], [ -111.512049202435236, 45.339147626695123 ], [ -111.53371858738727, 45.33943900484914 ], [ -111.521773838057157, 45.346053220708605 ], [ -111.494272194131696, 45.350331531916652 ], [ -111.487064384212985, 45.358221533713788 ], [ -111.4921729633203, 45.360227799161294 ], [ -111.475548077832173, 45.364519528264545 ], [ -111.458998659598933, 45.373495547117017 ], [ -111.454326166564385, 45.380315620534105 ], [ -111.441039129094676, 45.384372206722624 ], [ -111.432373283608129, 45.391416453842545 ], [ -111.435806204654639, 45.395725236669975 ], [ -111.414055200763912, 45.4003923373037 ], [ -111.411516017932342, 45.40538824607593 ], [ -111.405138669209464, 45.409363552311319 ], [ -111.396436136784132, 45.418049294810857 ], [ -111.396795678352689, 45.4216195697663 ], [ -111.407901611100201, 45.422206972394036 ], [ -111.429044241906979, 45.418714285109886 ], [ -111.444385604189264, 45.413185085444269 ], [ -111.467493985707605, 45.413481288920501 ], [ -111.492093097496095, 45.408809939531665 ], [ -111.510305552732277, 45.411621209128029 ], [ -111.498230902730072, 45.419676751029577 ], [ -111.50677879748676, 45.422555623897814 ], [ -111.524866661080679, 45.421877998626478 ], [ -111.558702396331455, 45.411775300082716 ], [ -111.573228426008413, 45.411871927329607 ], [ -111.557708457855725, 45.422274342001735 ], [ -111.585118002789144, 45.423398761868768 ], [ -111.601298547440749, 45.426961001353156 ], [ -111.63274248918826, 45.427445038403398 ], [ -111.621918660825912, 45.446232288091394 ], [ -111.672660198762117, 45.455590763954937 ], [ -111.693354349167635, 45.4527941223688 ], [ -111.707937959655112, 45.46951946898362 ], [ -111.739390757214224, 45.47511922825818 ], [ -111.7423535979175, 45.482473281181669 ], [ -111.855003889507998, 45.502490640477305 ], [ -111.854328379747642, 45.514465030986578 ], [ -111.872875299335973, 45.525212321591276 ], [ -112.03147502814673, 45.533040558562902 ], [ -112.082179405840421, 45.557928189784519 ], [ -112.131697727034975, 45.573805973632808 ], [ -112.278032830432011, 45.612568769435619 ], [ -112.250333867581162, 45.617724762987201 ], [ -112.183172342331673, 45.615656132239124 ], [ -112.231166928374265, 45.634619932827967 ], [ -112.258012125561464, 45.663144843323174 ], [ -112.30940517020926, 45.681537236566115 ], [ -112.259543106706971, 45.697332836076932 ], [ -112.278016296300152, 45.720668426119836 ], [ -112.314393885331199, 45.736369591057354 ], [ -112.333660259700181, 45.776928761605937 ], [ -112.393084538233921, 45.801772454231575 ], [ -112.435860937215594, 45.837995259842323 ], [ -112.469153637185912, 45.844316313328648 ], [ -112.520511166866086, 45.904922987022964 ], [ -112.59406444149343, 45.947861417097805 ], [ -112.814610346042329, 46.12068954510174 ], [ -112.851074241929311, 46.140556316024316 ], [ -113.249679265327359, 46.706534511459481 ], [ -113.638190650386733, 47.264569886328459 ], [ -107.855163161085713, 46.543191307387552 ], [ -107.522209623230808, 46.11140655360839 ], [ -107.482475232206582, 46.080077034882336 ], [ -107.382300884947441, 45.917530758081 ], [ -107.376600568109112, 45.826457194068873 ], [ -107.358947630646441, 45.44879713514851 ], [ -107.187600379161836, 44.804350266096684 ], [ -109.253740189426139, 44.900450740622297 ], [ -109.287390435624133, 44.911333317695501 ], [ -109.578996527347613, 45.015113932176689 ], [ -109.624897636223821, 45.029085151276995 ], [ -109.811878410119434, 45.078197009440821 ], [ -109.957848680154342, 45.122442743674867 ], [ -110.004182351440264, 45.138818480018564 ], [ -110.364958314019958, 45.233914070795052 ], [ -110.392539564477119, 45.236946087815902 ], [ -110.469486461588005, 45.247310763987528 ], [ -110.482064188702395, 45.248010353928215 ], [ -110.624273381505418, 45.259502891185946 ], [ -110.658398235840735, 45.262208661825966 ], [ -110.786764353837185, 45.265087849151421 ], [ -110.75588106171061, 45.220892460875731 ], [ -110.729854546682503, 45.189725093581153 ], [ -110.769807478027516, 45.193725401335108 ], [ -110.786175510501096, 45.201367025179437 ], [ -110.808502062749369, 45.204305093814732 ], [ -110.825404065576109, 45.208989743182016 ], [ -110.840758849859611, 45.209835711259878 ], [ -110.857010615198547, 45.220454039800089 ], [ -110.877792844215776, 45.227685485581056 ], [ -110.888989689438404, 45.22990856166615 ], [ -110.890569849623077, 45.231148177312711 ], [ -110.900917404716694, 45.231277397561335 ], [ -110.912271213152906, 45.234645685280341 ], [ -110.916203037024005, 45.234542833213716 ], [ -110.924133405408199, 45.229202248498595 ], [ -110.932800728137877, 45.230431060515016 ], [ -110.950494102478473, 45.227761355894557 ], [ -110.945165027812607, 45.222992641554328 ], [ -110.961725406392958, 45.215307049756291 ], [ -110.957727716095206, 45.207561214029973 ], [ -110.985424632386625, 45.20682276012888 ], [ -110.992361649623788, 45.204950064052831 ], [ -111.001287589061405, 45.205498127021691 ] ] ] } },
{ "type": "Feature", "properties": { "electoral_college": 5, "ENGTYPE_1": "State", "HASC_1": "US.NE", "GID_1": "USA.28_1", "join_name": "nebraska", "ISO_1": "US-NE", "TYPE_1": "State", "NL_NAME_1": "NA", "CC_1": "NA", "NAME_1": "Nebraska", "COUNTRY": "UnitedStates", "VARNAME_1": "NE|Nebr.", "GID_0": "USA", "pop": 5 }, "geometry": { "type": "Polygon", "coordinates": [ [ [ -103.453919447095984, 41.276287762396507 ], [ -103.93728391226874, 41.503635914060979 ], [ -104.100666252280334, 41.563181580091772 ], [ -105.556276636074372, 41.871129088840995 ], [ -105.588174624968232, 42.592595971708072 ], [ -105.896535034465302, 42.581131862606107 ], [ -107.158710860757694, 42.547920067537035 ], [ -107.759434710861925, 43.932475667701901 ], [ -105.96211496708321, 44.026693138371243 ], [ -105.604912262510837, 44.023264761489912 ], [ -105.604621773488901, 44.021780610769277 ], [ -105.3209856978864, 43.995660351201408 ], [ -105.132231663242848, 43.985389778141013 ], [ -105.034527337884086, 43.985738716744734 ], [ -104.740200864750392, 43.975325752969141 ], [ -104.721537051859471, 43.945992061408333 ], [ -104.714081676473882, 43.942475729918975 ], [ -104.699935332320976, 43.926372455914027 ], [ -104.668295735464952, 43.902340570240376 ], [ -104.628428563539913, 43.863772145427987 ], [ -104.593099794234448, 43.820058059309673 ], [ -104.575162816295432, 43.805356044679208 ], [ -104.557575748263574, 43.80128592247322 ], [ -104.549261799042256, 43.808992738544056 ], [ -104.549195165202846, 43.828336122257831 ], [ -104.555529204411243, 43.84794305144051 ], [ -104.540567225219107, 43.847104546519702 ], [ -104.517197595513366, 43.819109623650355 ], [ -104.503123901851751, 43.811360450534053 ], [ -104.499435409142279, 43.8234330563253 ], [ -104.495268737800515, 43.821945465920933 ], [ -104.479617528537332, 43.807153438406381 ], [ -104.45566094968818, 43.785413278998561 ], [ -104.454671262708928, 43.801409682436017 ], [ -104.42556753250058, 43.776476034378113 ], [ -104.402869134326806, 43.769707665946399 ], [ -104.379802175446102, 43.775241569059069 ], [ -104.359066905463393, 43.752932070330679 ], [ -104.349744529201416, 43.748708657082418 ], [ -104.338268748701068, 43.758402269616141 ], [ -104.312544798194153, 43.756046730790445 ], [ -104.221677527754409, 43.712090676043871 ], [ -104.203700577191611, 43.680105318183642 ], [ -104.159187675892056, 43.660994699220453 ], [ -104.146293129051585, 43.64201414230655 ], [ -104.100464663548223, 43.624978118937449 ], [ -104.051280802982347, 43.619113760380714 ], [ -104.005734336356852, 43.581402076836305 ], [ -103.991533285094178, 43.589996889911284 ], [ -103.944145511680688, 43.578047201001887 ], [ -103.898256652458173, 43.553976454554643 ], [ -103.892800088112196, 43.537091999411473 ], [ -103.829187733882407, 43.528195021363018 ], [ -103.790890623904659, 43.514123935194952 ], [ -103.807042185953364, 43.493335251479202 ], [ -103.795638238608319, 43.473561640479311 ], [ -103.727313802033336, 43.436761546196131 ], [ -103.701536149200706, 43.401891097141913 ], [ -103.6556891505371, 43.414670842437388 ], [ -103.586520808760326, 43.384220867831274 ], [ -103.557320594301814, 43.390909447749245 ], [ -103.527524473122909, 43.3929763542194 ], [ -103.499041544361461, 43.387765818488425 ], [ -103.485406953102839, 43.353679025325881 ], [ -103.513172865267705, 43.33104772889957 ], [ -103.509922872403976, 43.288885355723885 ], [ -103.459131740818805, 43.26197469624325 ], [ -103.452292414070158, 43.24421920023439 ], [ -103.411654255005658, 43.222302542098795 ], [ -103.400324438983219, 43.203309215375995 ], [ -103.434199601024346, 43.189981638273323 ], [ -103.410767752145802, 43.14972351907717 ], [ -103.332232596290808, 43.119416887946194 ], [ -103.326387417300978, 43.067072019956179 ], [ -103.292896654924306, 43.06681889455681 ], [ -103.239688441078471, 43.044968603229137 ], [ -103.218016849181353, 43.023492012832371 ], [ -103.171096941909283, 43.019193560866377 ], [ -103.172172506895379, 42.982808897707407 ], [ -103.193380029267814, 42.974039248535668 ], [ -103.169600066199536, 42.9441675700511 ], [ -103.136258277069885, 42.933117823333383 ], [ -103.132265772726967, 42.914272376791331 ], [ -103.082636924414217, 42.885937299973087 ], [ -103.116343868746796, 42.853534414339833 ], [ -103.131526589401332, 42.806680080879559 ], [ -103.098645992282442, 42.778832845750657 ], [ -103.119311615124232, 42.750105649260874 ], [ -103.071045157410325, 42.722883129045229 ], [ -103.09126679788875, 42.699654630523959 ], [ -103.06839777691205, 42.682021576519602 ], [ -103.029016252364585, 42.680221085638308 ], [ -102.99522283334646, 42.703578921752062 ], [ -102.97168086996281, 42.679956981247976 ], [ -102.997121908371255, 42.650398327780522 ], [ -102.925840806030166, 42.640950585635935 ], [ -102.900554894281555, 42.638586983035992 ], [ -102.900049967029986, 42.595951027801512 ], [ -102.908108241501523, 42.579258254148492 ], [ -102.89794162181181, 42.556679637361327 ], [ -102.917342825275455, 42.533082677812345 ], [ -102.875400146719485, 42.52060618213153 ], [ -102.834961265334371, 42.500548570267249 ], [ -102.839873865283252, 42.490543674234566 ], [ -102.870078524568868, 42.479698852300046 ], [ -102.868344353271453, 42.502970553868963 ], [ -102.881993290439837, 42.503909741513517 ], [ -102.891258697416362, 42.489387515499544 ], [ -102.866848404325282, 42.437820280938411 ], [ -102.863385545466912, 42.4002155200209 ], [ -102.813487234388973, 42.403234553973441 ], [ -102.829104282153708, 42.364788120842519 ], [ -102.804912623654758, 42.309930159664233 ], [ -102.820768446282003, 42.288916980642703 ], [ -102.800527991417596, 42.263867411698101 ], [ -102.804390491655994, 42.233420071129188 ], [ -102.763294827046522, 42.200415251563221 ], [ -102.767065922873371, 42.158328974423178 ], [ -102.740395993672735, 42.126696564792631 ], [ -102.764419464069917, 42.09326001301762 ], [ -102.758023271165712, 42.03269426860399 ], [ -102.747554672245172, 41.993972731825409 ], [ -102.772317429337591, 41.974057045146459 ], [ -102.776121289990172, 41.926936863966965 ], [ -102.738847074232808, 41.88421953929727 ], [ -102.699830127993408, 41.870702793503355 ], [ -102.659203240748852, 41.813371062051431 ], [ -102.667740369999891, 41.785425615565089 ], [ -102.665660258889517, 41.728152067792919 ], [ -102.640521739870024, 41.717902235336332 ], [ -102.575971953797051, 41.740504669286111 ], [ -102.581484319790803, 41.715510115574304 ], [ -102.609389146656611, 41.697803312464103 ], [ -102.601722961082032, 41.656241239133159 ], [ -102.573132990736056, 41.627128749888577 ], [ -102.574005301024357, 41.596303307881442 ], [ -102.535602569445501, 41.47934846588663 ], [ -102.484670464315911, 41.454875823569232 ], [ -102.485154710496403, 41.425789489694687 ], [ -102.437674193604821, 41.419178475863994 ], [ -102.422995223450073, 41.40475512932467 ], [ -102.427306309039921, 41.346728845388675 ], [ -102.360811008836052, 41.28465401057273 ], [ -102.37827648149181, 41.212223464506557 ], [ -102.369483820477697, 41.188069225236937 ], [ -102.363031570435354, 41.182964361831992 ], [ -102.346882094552058, 41.181574201365891 ], [ -102.322997528598776, 41.188135783741515 ], [ -102.290797572265788, 41.16105609721015 ], [ -102.884132075117876, 41.124019880318244 ], [ -103.453919447095984, 41.276287762396507 ] ] ] } },
{ "type": "Feature", "properties": { "electoral_college": 6, "ENGTYPE_1": "State", "HASC_1": "US.NV", "GID_1": "USA.29_1", "join_name": "nevada", "ISO_1": "US-NV", "TYPE_1": "State", "NL_NAME_1": "NA", "CC_1": "NA", "NAME_1": "Nevada", "COUNTRY": "UnitedStates", "VARNAME_1": "NV|Nev.", "GID_0": "USA", "pop": 6 }, "geometry": { "type": "Polygon", "coordinates": [ [ [ -111.246271315380525, 38.931442230650077 ], [ -111.252021829628674, 38.911606394458289 ], [ -111.247696568511358, 38.720094087997914 ], [ -111.24492724795634, 38.659225414748967 ], [ -111.279520416670252, 38.643585231414455 ], [ -111.305041117266498, 38.676038936491018 ], [ -111.312081346713072, 38.706402498706943 ], [ -111.340403666314629, 38.749741896513434 ], [ -111.354745329137401, 38.815432750886032 ], [ -111.39740251403633, 38.905648507156997 ], [ -111.417725788521253, 38.917814033138868 ], [ -111.425919308699832, 38.887267580219891 ], [ -111.46747664450794, 38.944087151304736 ], [ -111.472028312945426, 38.950690840821331 ], [ -111.528769000276455, 38.951334519124735 ], [ -111.538445020823872, 38.913074638351929 ], [ -111.549829751001639, 38.906107870695081 ], [ -111.553469756684038, 38.899981511205326 ], [ -111.57172399829193, 38.887913521013751 ], [ -111.561829392191029, 38.827791583410225 ], [ -111.553567576374405, 38.796175923501771 ], [ -111.541958990149695, 38.753156212649507 ], [ -111.540127575041282, 38.665169785583181 ], [ -111.524366903767955, 38.590106770216543 ], [ -111.502887325105291, 38.516628369437825 ], [ -111.477166623020508, 38.451443216050343 ], [ -111.49610023541203, 38.421305090096837 ], [ -111.494677350441847, 38.354905736878806 ], [ -111.481394861476431, 38.244858605463293 ], [ -111.483461289799635, 38.183978027163811 ], [ -111.472771666914028, 38.157062928283459 ], [ -111.47440865215637, 38.097131345674377 ], [ -111.461404501584937, 38.058616451682042 ], [ -111.471882143004436, 38.010643748875331 ], [ -111.466192657627232, 37.944831271347326 ], [ -111.477868899335249, 37.916177083518754 ], [ -111.477972023504392, 37.855031276567125 ], [ -111.461834343078706, 37.753944709297571 ], [ -111.45769833285047, 37.672368843199813 ], [ -111.474989812210524, 37.477776106182631 ], [ -111.485792383838373, 37.439637978337664 ], [ -111.515240391687314, 37.422607316629161 ], [ -111.529618836705922, 37.394181699397933 ], [ -111.512782442362138, 37.3733131423798 ], [ -111.538545995896612, 37.321207161300556 ], [ -111.544379498910104, 37.295638242182442 ], [ -111.545455298554359, 37.283332917548293 ], [ -111.619965740469254, 37.444703320922287 ], [ -111.759704284060533, 37.754291919736779 ], [ -111.980755434707802, 38.34020124321583 ], [ -111.982515292031962, 38.339783325857233 ], [ -112.482258376613146, 39.503491906938905 ], [ -112.988031933736849, 40.466770749015488 ], [ -113.451471530348371, 41.097046682518375 ], [ -113.804220557877713, 41.316847476483076 ], [ -113.978892741113029, 41.425304121508844 ], [ -114.357368788239953, 41.734293715102638 ], [ -114.487566840777234, 41.858249310186046 ], [ -114.721923477764918, 42.036797028917711 ], [ -115.586116257853135, 42.409016345376429 ], [ -115.669635274982269, 42.683533817472728 ], [ -115.740131888932623, 42.847107391309621 ], [ -115.893717546695243, 43.099873070223566 ], [ -116.082135271202432, 43.36655430487059 ], [ -116.222176842387768, 43.530713947510897 ], [ -116.578522679193824, 43.896941641468587 ], [ -116.839203409526306, 44.226655857577938 ], [ -116.873236033588768, 44.316234453769596 ], [ -116.711761013400022, 44.30080094329626 ], [ -116.412324402751565, 44.261208124751562 ], [ -115.932373324350152, 44.168256255603232 ], [ -115.568096156834613, 44.070479617741597 ], [ -114.441367498180966, 43.657288287627779 ], [ -113.778250709728155, 43.226516780613125 ], [ -113.647699749777786, 43.148467427703281 ], [ -112.941192077308443, 43.32421234194419 ], [ -112.81581765700885, 43.446256186442064 ], [ -112.760003157671193, 43.501728229406631 ], [ -112.651825933305233, 43.576197121583412 ], [ -112.424595321948757, 43.693775136692153 ], [ -112.659313701869507, 42.345697717801606 ], [ -112.629250808752431, 42.271317514420865 ], [ -112.559039944220842, 42.083080825517307 ], [ -112.512976136440585, 41.933868683163858 ], [ -112.485388513181022, 41.825245705130136 ], [ -112.472263132422043, 41.769087402011742 ], [ -112.461577867929307, 41.726283336533172 ], [ -112.394288381586335, 41.48446315138672 ], [ -112.377333992878775, 41.435056803031962 ], [ -112.320930359842848, 41.305723327337844 ], [ -111.535647417021508, 39.952433475355335 ], [ -111.246271315380525, 38.931442230650077 ] ] ] } },
{ "type": "Feature", "properties": { "electoral_college": 4, "ENGTYPE_1": "State", "HASC_1": "US.NH", "GID_1": "USA.30_1", "join_name": "newhampshire", "ISO_1": "US-NH", "TYPE_1": "State", "NL_NAME_1": "NA", "CC_1": "NA", "NAME_1": "NewHampshire", "COUNTRY": "UnitedStates", "VARNAME_1": "NH|N.H.", "GID_0": "USA", "pop": 4 }, "geometry": { "type": "Polygon", "coordinates": [ [ [ -66.431803543363671, 44.85843807982392 ], [ -66.436526954125938, 44.888668063713979 ], [ -66.441745938061203, 44.916536681735217 ], [ -66.445686444809411, 44.931644281973249 ], [ -66.453198058298611, 44.955834279000463 ], [ -66.472590132688694, 45.039708375808011 ], [ -66.462356825988707, 44.978582160526308 ], [ -66.49953509079667, 45.157550795918581 ], [ -66.513658497564847, 45.216451214632592 ], [ -66.479385630807826, 45.057730575674825 ], [ -66.50668854477847, 45.168530886073974 ], [ -66.523028435554806, 45.211191431906386 ], [ -66.522035012290317, 45.157434396075146 ], [ -67.059298831938349, 46.076208274096189 ], [ -72.394426707896613, 46.881483477367155 ], [ -72.412127985380209, 46.888404919886028 ], [ -72.501175950519823, 46.831320326890591 ], [ -72.502242234565273, 46.835591894446416 ], [ -72.482537840223188, 46.856995367608476 ], [ -72.407352154035479, 46.914771673105001 ], [ -72.367233595690777, 46.944286245443053 ], [ -72.33418164974664, 46.974032581929734 ], [ -72.14556009207611, 47.076750663786235 ], [ -72.044935656526562, 47.13160157344349 ], [ -72.056849598421451, 47.142037123890816 ], [ -71.977473021440105, 47.179327765193229 ], [ -71.922005536895767, 47.215687393256637 ], [ -71.948055444379705, 47.221431285956733 ], [ -71.855505945618958, 47.293568976735571 ], [ -71.803408330276767, 47.360563573716121 ], [ -71.631385649039004, 47.479913967836346 ], [ -71.645555881423604, 47.550360469035176 ], [ -71.477540337664948, 47.77560366004429 ], [ -71.534517009883928, 47.816495211259841 ], [ -71.442264388787677, 47.936831837620097 ], [ -71.236833417221163, 47.995959307617511 ], [ -71.242336291212339, 48.038978189505563 ], [ -71.114765217381546, 48.109214845608925 ], [ -71.1132139864105, 48.158069387480907 ], [ -70.700380204130738, 48.243673245461274 ], [ -70.638315566462126, 48.28822930365591 ], [ -70.693116917857395, 48.377443578477049 ], [ -70.663890422720513, 48.40820026392673 ], [ -70.518904236017391, 48.419082903092367 ], [ -70.566863491210739, 48.522456549044364 ], [ -70.504802296867467, 48.532390870161848 ], [ -70.45255538848356, 48.562595527640745 ], [ -70.418335278111599, 48.552526402944245 ], [ -70.483948214085629, 48.603590950557212 ], [ -70.471047961811834, 48.626738649140755 ], [ -70.543691560486693, 48.673062012128561 ], [ -70.516734496996918, 48.686789938372343 ], [ -70.555199931369273, 48.715180913469027 ], [ -70.538858049054809, 48.715985160761392 ], [ -70.484529264973759, 48.705698506288876 ], [ -70.231640812225592, 48.608562007631662 ], [ -70.161785981925178, 48.576300144627034 ], [ -70.074694924629, 48.543259674693502 ], [ -70.049228382551121, 48.541882866871262 ], [ -69.886452717337036, 48.477745643330039 ], [ -69.824821099692329, 48.457541361596007 ], [ -69.721875264543556, 48.421113981437742 ], [ -69.758292152020218, 48.438216045911794 ], [ -69.776387634939724, 48.450159493752572 ], [ -69.730770565773383, 48.434059997201203 ], [ -69.734292309010172, 48.440494504780354 ], [ -69.788501299965034, 48.473123900145026 ], [ -69.831716069232016, 48.492324943244583 ], [ -69.880169509694426, 48.520708411663669 ], [ -69.978135858767317, 48.57380218276699 ], [ -69.910902975591554, 48.556133283622124 ], [ -69.914757641464035, 48.578165611777138 ], [ -69.858936103142241, 48.569409455457269 ], [ -69.98844233575133, 48.645618525222694 ], [ -69.978420683061657, 48.648039475763525 ], [ -69.942935723827418, 48.635906244363071 ], [ -69.957255901353321, 48.644196074022361 ], [ -69.962229598100819, 48.669514115005221 ], [ -69.908409944893037, 48.663594907392728 ], [ -69.946545949196818, 48.717956211952973 ], [ -69.901776881308109, 48.707403198568009 ], [ -69.896930115750578, 48.71976541300392 ], [ -69.801146363100628, 48.698893981764279 ], [ -69.679758382091777, 48.630428972340674 ], [ -69.574954808425801, 48.589176459452737 ], [ -69.502450715463596, 48.589910576684005 ], [ -69.426723095317087, 48.520751047475997 ], [ -68.900573297634395, 48.130931826699559 ], [ -68.758974817769371, 48.041680908485468 ], [ -68.403823873942471, 47.79715275198636 ], [ -67.236304039744098, 46.666590924366773 ], [ -67.147399646569013, 46.57277726324827 ], [ -66.975678704539632, 46.327820265056879 ], [ -66.967550717726866, 46.304773413001413 ], [ -66.865758961073567, 46.148978268875709 ], [ -66.757142329399855, 45.983393336535883 ], [ -66.715716378372122, 45.902724454569423 ], [ -66.63473675554188, 45.749259153478185 ], [ -66.604314974959067, 45.68652379862332 ], [ -66.59096181424249, 45.660574932268034 ], [ -66.582731113120516, 45.642401999304603 ], [ -66.564660774905676, 45.596621146922679 ], [ -66.559739105143393, 45.574606210214881 ], [ -66.555147562132504, 45.560077370362052 ], [ -66.547703038011818, 45.527005828745452 ], [ -66.524236285752622, 45.443919711978431 ], [ -66.527784825722165, 45.426990593948922 ], [ -66.506941377866895, 45.348970524451197 ], [ -66.512458105550806, 45.325128611906081 ], [ -66.472197929602601, 45.219244190178784 ], [ -66.502347505483172, 45.334105351035141 ], [ -66.497326487590286, 45.351569177362428 ], [ -66.458223773196593, 45.224995172131685 ], [ -66.448479781894335, 45.183517831338612 ], [ -66.430591985724362, 45.127925040476228 ], [ -66.417566647282797, 45.045044853246722 ], [ -66.416832023747901, 44.85036502611807 ], [ -66.419329900984323, 44.825773626211728 ], [ -66.415378016931228, 44.782199279702553 ], [ -66.412947902475381, 44.724650487612458 ], [ -66.41408375499195, 44.74758677381449 ], [ -66.41956387096981, 44.76052505897438 ], [ -66.431803543363671, 44.85843807982392 ] ] ] } },
{ "type": "Feature", "properties": { "electoral_college": 14, "ENGTYPE_1": "State", "HASC_1": "US.NJ", "GID_1": "USA.31_1", "join_name": "newjersey", "ISO_1": "US-NJ", "TYPE_1": "State", "NL_NAME_1": "NA", "CC_1": "NA", "NAME_1": "NewJersey", "COUNTRY": "UnitedStates", "VARNAME_1": "NJ|N.J.", "GID_0": "USA", "pop": 14 }, "geometry": { "type": "MultiPolygon", "coordinates": [ [ [ [ -75.632940963143767, 39.30921183732098 ], [ -76.046579179090216, 39.675899793039811 ], [ -76.017040241596206, 39.654484899796465 ], [ -76.146014755789864, 39.820242673308769 ], [ -76.278343585080435, 39.983047423984956 ], [ -76.334563776738094, 40.05783500087648 ], [ -76.362748721587323, 40.109500964255709 ], [ -76.415781332758641, 40.182799270601464 ], [ -76.527962689582083, 40.345402235016969 ], [ -76.581968951766129, 40.428040802247892 ], [ -76.604788079476108, 40.482894721994676 ], [ -76.371442799599492, 40.284915116369959 ], [ -76.334640713920308, 40.304473487076372 ], [ -76.173687991585595, 40.213122051151295 ], [ -76.356067648313299, 40.519870850141423 ], [ -76.306141752840716, 40.590462880829996 ], [ -76.140051262531742, 40.55046388312725 ], [ -76.008150080066756, 40.641105042792098 ], [ -75.759340036207931, 40.602167000641373 ], [ -75.043443287573069, 40.576101820349514 ], [ -74.403803479036682, 40.444047587064993 ], [ -74.049887545690837, 40.444536482830571 ], [ -73.889340914105375, 40.380280535320281 ], [ -73.660356938290207, 40.339334001134397 ], [ -73.662674515885428, 40.366517668016073 ], [ -73.910617223603467, 40.54899488583537 ], [ -74.541398795114674, 40.920489760012636 ], [ -75.504199922698078, 41.600936725966889 ], [ -76.054157077918859, 41.929030834159981 ], [ -76.246918419279069, 42.155654328013497 ], [ -76.472362673420221, 42.174713541619546 ], [ -76.576979372626027, 42.210888540627927 ], [ -76.596726186110402, 42.277398500770559 ], [ -76.504489311679023, 42.419595164409301 ], [ -76.561526506165123, 42.44179424938897 ], [ -76.785261851469414, 42.416311706066445 ], [ -76.731561046077644, 42.552088898999642 ], [ -76.578991758649437, 42.634830188748161 ], [ -76.496344229212255, 42.655467148568349 ], [ -76.339426334515736, 42.703250773758072 ], [ -76.33075074143899, 42.706973112395517 ], [ -76.205523798905944, 42.736557140029774 ], [ -76.267316106959569, 42.745336637091398 ], [ -75.990692614641659, 42.80587511250603 ], [ -75.835992270323757, 42.847853947659772 ], [ -75.686911486564952, 42.87542169074456 ], [ -75.519967439004617, 42.91904039757587 ], [ -75.531256003713025, 42.922797622043312 ], [ -75.429273590426547, 42.954833266932312 ], [ -75.245548890466637, 42.992413466041803 ], [ -75.122577323052951, 43.003877126052686 ], [ -74.462798899412363, 42.93921701383902 ], [ -74.233655950323424, 42.904184561271798 ], [ -73.685758947083301, 42.801852962967331 ], [ -72.514693521503247, 42.493848030186925 ], [ -72.406781360993918, 42.455416697696016 ], [ -72.222467198407841, 42.377479031997716 ], [ -72.057626225790628, 42.293309314003224 ], [ -72.010833954195803, 42.263858039220537 ], [ -71.871845588845119, 42.18861291569204 ], [ -72.047676569286722, 42.256061416136113 ], [ -72.259461261389774, 42.354478473412833 ], [ -72.433782794396933, 42.408492834587513 ], [ -72.443224183825023, 42.394322841723842 ], [ -72.290422763833817, 42.312488063347821 ], [ -72.201130241694358, 42.215768667584143 ], [ -72.396087047983485, 42.249373548215203 ], [ -72.266425033372556, 42.017135125753988 ], [ -72.115531417716653, 41.797410862952731 ], [ -71.586255720920065, 41.548492486188245 ], [ -71.556741842464461, 41.621483105644998 ], [ -71.289798414520519, 41.513579547968554 ], [ -70.829361963331621, 41.149087097281722 ], [ -70.567478828396105, 40.877782024030637 ], [ -70.403258754396902, 40.409235359673012 ], [ -70.380042647486221, 40.063726615852779 ], [ -70.497194904411572, 39.472443780430609 ], [ -70.708029375104431, 38.992464350441296 ], [ -70.72289300099618, 39.035303987043136 ], [ -70.789861773994716, 38.987730251816764 ], [ -70.907465599594914, 38.738518398973476 ], [ -71.022467678502593, 38.625460914107201 ], [ -71.051271003097938, 38.572149561175728 ], [ -71.24543781573216, 38.407496210334422 ], [ -71.321032652606334, 38.336801665444774 ], [ -71.31896577565162, 38.304496776305278 ], [ -71.395072623030174, 38.237572469654829 ], [ -71.546021319345527, 38.12885284100873 ], [ -71.752274613242221, 38.034880350339769 ], [ -71.84398082090469, 37.986940554538684 ], [ -71.807531633238909, 37.975621344428632 ], [ -71.852086553647311, 37.947309998568684 ], [ -71.89354364180106, 37.959509683555531 ], [ -71.999085478254443, 37.944137260897236 ], [ -72.032686919871935, 37.890621369821176 ], [ -72.14628873781686, 37.856962097186845 ], [ -72.162846340339513, 37.821115427479036 ], [ -72.193414575733641, 37.79451847940819 ], [ -72.266725780012408, 37.804536730260736 ], [ -72.27867965883776, 37.788468045577162 ], [ -72.372637604577704, 37.740023535983767 ], [ -72.434906771669887, 37.741950936447068 ], [ -72.47507323389928, 37.667285293556695 ], [ -72.53871926640366, 37.653110465387975 ], [ -72.539380904369224, 37.622013178331372 ], [ -72.576458432938068, 37.57401094550184 ], [ -72.651736998026806, 37.55960924668473 ], [ -72.656885458638797, 37.526220455403291 ], [ -72.643418820850073, 37.5066755525906 ], [ -72.690091268309118, 37.481843866114595 ], [ -72.735942062518532, 37.416590629126766 ], [ -72.77931666658813, 37.386772940937064 ], [ -72.79709064466482, 37.354532585012713 ], [ -72.838424038292516, 37.321976670030104 ], [ -72.873118624597637, 37.32560204591443 ], [ -72.812836104917253, 37.428531486969383 ], [ -72.740061979491117, 37.564262228565156 ], [ -72.72452148079762, 37.653057786036243 ], [ -72.738223943986583, 37.678752065548181 ], [ -72.79523712592767, 37.73271374052154 ], [ -72.861491728252958, 37.786446657722152 ], [ -72.906040343152355, 37.836939186812167 ], [ -72.996901523462029, 37.910166993285706 ], [ -72.982199084348707, 37.886059513426517 ], [ -73.088639453506389, 37.963323864989313 ], [ -73.171985459383691, 38.030913674480317 ], [ -73.590407773280759, 38.266428543834998 ], [ -73.772997799571144, 38.367501549674706 ], [ -74.006896025273932, 38.485323915694103 ], [ -74.607680622916135, 38.790892982770195 ], [ -75.143830375732989, 39.041442611666596 ], [ -75.298911032843307, 39.116289517757053 ], [ -75.540305247731538, 39.250939990998411 ], [ -75.632940963143767, 39.30921183732098 ] ] ], [ [ [ -72.667368571669613, 37.477042653936337 ], [ -72.633399933347263, 37.514380503020483 ], [ -72.640049909683739, 37.523608714216756 ], [ -72.61118138282022, 37.561176254727819 ], [ -72.580577607173524, 37.551923751805894 ], [ -72.667368571669613, 37.477042653936337 ] ] ] ] } },
{ "type": "Feature", "properties": { "electoral_college": 5, "ENGTYPE_1": "State", "HASC_1": "US.NM", "GID_1": "USA.32_1", "join_name": "newmexico", "ISO_1": "US-NM", "TYPE_1": "State", "NL_NAME_1": "NA", "CC_1": "NA", "NAME_1": "NewMexico", "COUNTRY": "UnitedStates", "VARNAME_1": "NM|N.M.", "GID_0": "USA", "pop": 5 }, "geometry": { "type": "Polygon", "coordinates": [ [ [ -108.918055715687302, 34.482381220938755 ], [ -108.2703211967643, 36.470865870336013 ], [ -108.819996570111087, 39.237082500633761 ], [ -108.159352888961692, 38.89933003443511 ], [ -107.697152732345756, 38.566283864421123 ], [ -107.692723162255348, 38.548557648705426 ], [ -107.411964103434087, 38.462109386202179 ], [ -107.199344872792551, 38.540487100581444 ], [ -107.178670223935285, 38.550372939983326 ], [ -106.928846413877437, 38.762033907914223 ], [ -106.866896876605793, 38.812482847330145 ], [ -106.193782722387979, 39.057165177545791 ], [ -106.26036587597153, 38.348383127296245 ], [ -106.292732091377843, 38.331409642601272 ], [ -106.38386036492038, 38.007092886509533 ], [ -106.446535150171627, 37.809535787972784 ], [ -106.493994326273381, 37.07126707251691 ], [ -106.412489682515954, 36.628031118219539 ], [ -106.351694123317202, 36.45230225032563 ], [ -106.031033082449312, 35.986297045115087 ], [ -105.39009709529175, 34.850347662837912 ], [ -106.695783529953701, 35.554276110899671 ], [ -106.944953029314206, 35.704526051271742 ], [ -107.41994952976026, 35.823688240094683 ], [ -107.425255293882572, 35.81280036678168 ], [ -107.416907640396289, 35.749698525412349 ], [ -107.426341557336485, 35.734847925377444 ], [ -107.423801409056026, 35.6961351907619 ], [ -107.410544034262045, 35.641740240856848 ], [ -107.399962922240292, 35.620958162185488 ], [ -107.384273892228308, 35.582237518282604 ], [ -107.564855804772691, 35.567302771606975 ], [ -108.204824421099488, 35.301346807331157 ], [ -108.342153019366151, 34.614714062567522 ], [ -108.918055715687302, 34.482381220938755 ] ] ] } },
{ "type": "Feature", "properties": { "electoral_college": 29, "ENGTYPE_1": "State", "HASC_1": "US.NY", "GID_1": "USA.33_1", "join_name": "newyork", "ISO_1": "US-NY", "TYPE_1": "State", "NL_NAME_1": "NA", "CC_1": "NA", "NAME_1": "NewYork", "COUNTRY": "UnitedStates", "VARNAME_1": "NY|N.Y.", "GID_0": "USA", "pop": 29 }, "geometry": { "type": "MultiPolygon", "coordinates": [ [ [ [ -75.122577323052951, 43.003877126052686 ], [ -75.153405004274532, 43.01645342018665 ], [ -75.163457388332276, 43.020093657910742 ], [ -75.2197565384282, 43.027505322018861 ], [ -75.53076983558428, 43.026408183489096 ], [ -75.586970889922199, 43.045373298918555 ], [ -75.7295563798709, 43.038936921170638 ], [ -75.74213658038957, 43.041123553067052 ], [ -75.735229999078882, 43.05851037459599 ], [ -75.77835821262336, 43.059603015684516 ], [ -75.817498760057106, 43.098252158423008 ], [ -75.921919386485385, 43.136629541525899 ], [ -75.857390152820614, 43.152669115310708 ], [ -75.883938187009662, 43.235638220925765 ], [ -75.888730490852637, 43.319245009803893 ], [ -76.00020229422573, 43.353789415087064 ], [ -75.950862665717196, 43.406160240683711 ], [ -76.050885969344392, 43.461560791120384 ], [ -76.276232560813767, 43.527017964282891 ], [ -76.415097408926911, 43.533401487885875 ], [ -76.505700811477993, 43.698628588572944 ], [ -76.587473042431355, 43.733363468293959 ], [ -76.642756599606003, 43.777695251048939 ], [ -76.683077929738758, 43.799930150325963 ], [ -76.696546359943667, 43.814852332444168 ], [ -76.700740028617659, 43.846743923246549 ], [ -76.744800649592349, 43.876357352644874 ], [ -80.084849756874405, 44.362235566539439 ], [ -81.95298562821786, 44.486669166479302 ], [ -82.591591475496642, 44.597048168006658 ], [ -83.369293863301664, 44.794424262632582 ], [ -83.989529728280914, 44.929143688787576 ], [ -85.122620917451727, 44.873878679897722 ], [ -85.127162074410094, 45.188996953694087 ], [ -85.093464687395979, 45.210256336016869 ], [ -84.970931064237107, 45.31602302867207 ], [ -84.88411088087804, 45.397234563058703 ], [ -84.813458963544278, 45.487124124535995 ], [ -84.76359380571094, 45.517339266184017 ], [ -84.738866188362778, 45.544358674614884 ], [ -84.663027307954621, 45.584541304821947 ], [ -84.626495997826623, 45.661233979460675 ], [ -84.593415904232018, 45.697880444836528 ], [ -84.577667911601509, 45.746823998672319 ], [ -84.535651459589971, 45.771669568776566 ], [ -84.478587824371161, 45.821426745599901 ], [ -84.428947328551516, 45.880456294440563 ], [ -84.424638459722615, 45.946045804685916 ], [ -84.445973510531687, 46.007475195740433 ], [ -84.454196089715026, 46.060596250577426 ], [ -84.51084257487517, 46.086008518033701 ], [ -84.51542151381868, 46.12693745642332 ], [ -84.495646155433661, 46.17280476657951 ], [ -84.545951938522663, 46.186329467666873 ], [ -84.536236858793899, 46.23144604544072 ], [ -84.51174381693491, 46.270534451272766 ], [ -84.502993918457662, 46.381797158269507 ], [ -84.511376831204245, 46.394091294406287 ], [ -84.573510741695245, 46.58236444283272 ], [ -84.113171025104876, 46.924146154297965 ], [ -81.770356096880292, 47.672816520762673 ], [ -80.703499467990127, 48.599017569013093 ], [ -80.449381053693088, 48.689476536116807 ], [ -80.316240058480702, 48.801037220241277 ], [ -80.114027138634825, 48.832131429269616 ], [ -79.880492144012891, 48.907655538132872 ], [ -79.855185379785723, 48.966160080728443 ], [ -79.64470249318093, 49.018559847450987 ], [ -79.529262154292766, 49.05914601007035 ], [ -79.35400240916853, 49.098569587481862 ], [ -79.27959593789862, 49.101203378502198 ], [ -79.10587454826252, 49.148221042623263 ], [ -78.837118748872939, 49.234420634464605 ], [ -78.788600298714343, 49.273964258373397 ], [ -78.642864478993602, 49.330613669463695 ], [ -78.039155638487145, 49.459315538182267 ], [ -77.985786568608631, 49.470332169295887 ], [ -77.655303047361144, 49.509973363786266 ], [ -77.524436709101195, 49.516793367725327 ], [ -77.354188706968984, 49.530955925727781 ], [ -76.932086726710224, 49.536701135064789 ], [ -76.678941914134896, 49.53249756630116 ], [ -76.626097249852037, 49.535938684159206 ], [ -76.445232413235189, 49.524429814069656 ], [ -76.358094175819318, 49.524857533267571 ], [ -76.276242608764946, 49.519249035039323 ], [ -76.078170820442935, 49.490895451260549 ], [ -75.953886306500721, 49.483453822218891 ], [ -75.903803088332026, 49.475525380183583 ], [ -75.337172257088596, 49.407387439973633 ], [ -74.992228253181437, 49.369490387255468 ], [ -74.467912817423837, 49.332658562206774 ], [ -74.152796357678284, 49.322884987005089 ], [ -73.687463127472697, 49.334291602487603 ], [ -73.676713770715139, 49.303586830510355 ], [ -73.710224894736328, 49.295109571522623 ], [ -73.741615428409588, 49.271327301701206 ], [ -73.689781269101772, 49.269163744209386 ], [ -73.667750720811512, 49.261573763359195 ], [ -73.714608116440871, 49.243659064460765 ], [ -73.71465888709939, 49.230454772080982 ], [ -73.758258143623806, 49.205130918686322 ], [ -73.746904050979225, 49.191556179400749 ], [ -73.683378948685316, 49.186864809862954 ], [ -73.613706483747379, 49.173923270186975 ], [ -73.604651053613068, 49.157266998947065 ], [ -73.676218146415366, 49.10848320241552 ], [ -73.631444902711721, 49.063472753847535 ], [ -73.634227721780249, 49.042213304993069 ], [ -73.75445578204743, 48.979964956295426 ], [ -73.759322227051811, 48.942183408733101 ], [ -73.80914513601418, 48.841070067232124 ], [ -73.74969025769245, 48.797508565462053 ], [ -73.712435013678345, 48.671491085729023 ], [ -73.613785815310422, 48.549161802028529 ], [ -73.603351897298239, 48.447057125793528 ], [ -73.483897280622443, 48.30464600360385 ], [ -73.535348987154435, 48.039778930422912 ], [ -73.47947305085701, 47.868881492623245 ], [ -73.40941284208192, 47.853294849146202 ], [ -73.42219799650627, 47.967253502765402 ], [ -73.300191562509454, 47.954012043039718 ], [ -73.244558367643208, 47.820987031748906 ], [ -73.191041288190902, 47.769450722177588 ], [ -73.158066916652928, 47.628059231757916 ], [ -73.06868467722704, 46.709147237858176 ], [ -73.268662580134375, 46.044481260994687 ], [ -73.300957148812188, 45.952444109604862 ], [ -73.334108826576056, 45.792673483114797 ], [ -73.3292453294588, 45.797343791865359 ], [ -73.60337529942818, 44.042232991461795 ], [ -73.634433714249809, 43.867446705950314 ], [ -73.639806947504056, 43.802412627344609 ], [ -73.636125710432125, 43.806783727134778 ], [ -73.659810818649646, 43.687254984840109 ], [ -73.707431617621268, 43.467171491457954 ], [ -73.365031406108272, 42.87009068351167 ], [ -72.608898692979423, 42.56563243105002 ], [ -72.049122295734733, 42.343849803898095 ], [ -72.289353440736022, 42.428119860826179 ], [ -71.700399909969789, 42.140742961990668 ], [ -71.621326501634115, 42.092354547973578 ], [ -71.535209769874655, 42.037741116904918 ], [ -71.633074187048095, 42.087069675749994 ], [ -71.548550089275693, 42.027440786612637 ], [ -71.399934967300325, 41.925436679846271 ], [ -71.731688088151017, 42.124157536624324 ], [ -71.76240956511046, 42.131647801960185 ], [ -71.64930049918658, 42.061767463184211 ], [ -71.696493345000647, 42.0887372830122 ], [ -71.602471797025856, 42.032844333984059 ], [ -71.719445399115813, 42.107396420273794 ], [ -71.703561285446185, 42.10617912912457 ], [ -71.55012670377522, 42.01252462726751 ], [ -71.416606057416189, 41.933711321864926 ], [ -71.129748605408921, 41.730343034158935 ], [ -71.281525020072536, 41.846076735219398 ], [ -71.258823814812629, 41.836068921800269 ], [ -71.370129813005093, 41.9169587803569 ], [ -71.178643659263841, 41.782998022151531 ], [ -71.203502340267448, 41.808572609928902 ], [ -71.078108519805113, 41.720125377060363 ], [ -70.898622126428833, 41.566938644574542 ], [ -70.787554136767838, 41.467194973072722 ], [ -70.802441544018237, 41.485915982644272 ], [ -70.953819754586235, 41.625997492209486 ], [ -70.834978375223884, 41.526129510529138 ], [ -70.769811413178445, 41.458870294944845 ], [ -70.644794994275983, 41.330477129851118 ], [ -70.697658617526997, 41.395357210163162 ], [ -70.498779763499499, 41.158457168281849 ], [ -70.367096024624189, 40.964967307599316 ], [ -70.364267935806822, 40.971124901464968 ], [ -70.401327640284549, 41.03950803072 ], [ -70.337676175723118, 40.954689627023185 ], [ -70.103291324026003, 40.660215390283234 ], [ -70.057563146527372, 40.622648129806876 ], [ -69.994627301962069, 40.569184751080464 ], [ -69.908951198222681, 40.527037920895744 ], [ -69.837680760453907, 40.495597179437787 ], [ -69.767146194203505, 40.487213560184983 ], [ -69.699886436144226, 40.497829687287314 ], [ -69.646916956173442, 40.498659984980705 ], [ -69.597345962826935, 40.518195475553945 ], [ -69.529098199081773, 40.524001309239878 ], [ -69.454677367800215, 40.560209774487895 ], [ -69.44507518566499, 40.540908360420268 ], [ -69.541985486205306, 40.509859181041605 ], [ -69.536144827266483, 40.477195723414958 ], [ -69.589161919119874, 40.483338155458945 ], [ -69.638828217838096, 40.453695420257731 ], [ -69.705727489189329, 40.456827629626098 ], [ -69.755997385366442, 40.432438191236031 ], [ -69.677796981877464, 40.383087659388195 ], [ -69.64130843406511, 40.379861879425768 ], [ -69.606168459316379, 40.415020475739396 ], [ -69.565609587684506, 40.415316709011755 ], [ -69.519154459374832, 40.450405859436948 ], [ -69.451582711132005, 40.461128024269719 ], [ -69.408502774526184, 40.455932352632551 ], [ -69.24982111131628, 40.513541017718296 ], [ -69.218845137251762, 40.465739921591151 ], [ -69.190713941579304, 40.469169259751162 ], [ -69.146624019255, 40.498133174363588 ], [ -69.110392214451224, 40.501413400309261 ], [ -69.066041013964494, 40.529917926501163 ], [ -69.025032748916033, 40.536551532217416 ], [ -68.960831308470645, 40.572635601726844 ], [ -68.907076356257676, 40.575917183498312 ], [ -68.933739109315439, 40.550377590304954 ], [ -69.036559951067062, 40.516546825927009 ], [ -69.125836971608138, 40.479795012111488 ], [ -69.300672313736854, 40.420354894863358 ], [ -69.471719550636735, 40.363188410400589 ], [ -69.598850023574158, 40.341018324135234 ], [ -69.635145703051123, 40.363242756903531 ], [ -69.676910254278908, 40.341798290905082 ], [ -69.735291438733569, 40.344200058283491 ], [ -69.733174111582201, 40.325759518928045 ], [ -69.799176771456743, 40.319829787611816 ], [ -69.880948585547785, 40.357167239674908 ], [ -69.895119922486387, 40.347006650801298 ], [ -69.939313224963684, 40.370193517756142 ], [ -69.937940946631599, 40.349358540872629 ], [ -69.975943084501438, 40.346603957083801 ], [ -70.000134887277156, 40.39039852781184 ], [ -70.036303280490941, 40.395609154469923 ], [ -70.098252955029125, 40.464744140565351 ], [ -70.099196017217835, 40.444364617493662 ], [ -70.148323706747078, 40.491301396077148 ], [ -70.161919429083923, 40.484138384223904 ], [ -70.230902485002559, 40.607282264808795 ], [ -70.244636451691051, 40.594987186200783 ], [ -70.271395000172419, 40.642981246773552 ], [ -70.295914432690708, 40.658486048100222 ], [ -70.347825235145251, 40.753267074418702 ], [ -70.400172917738502, 40.853279695723757 ], [ -70.449519378060799, 40.933058361202406 ], [ -70.438653918193779, 40.900211640106832 ], [ -70.497899796711877, 41.011812120194556 ], [ -70.498920081592431, 41.004971584653269 ], [ -70.65253058300118, 41.229993887041864 ], [ -70.706773229046448, 41.30328449849096 ], [ -70.878066391804438, 41.484914272543406 ], [ -70.995475647266446, 41.582784481241745 ], [ -70.801227128006659, 41.391667067448502 ], [ -70.822427215276662, 41.411768134116599 ], [ -71.137939004347714, 41.675180538212565 ], [ -71.228497759108336, 41.754995408785803 ], [ -71.499701863720432, 41.945760193452372 ], [ -71.604702286724716, 42.023360069850526 ], [ -71.698399521798251, 42.089825823061219 ], [ -71.871845588845119, 42.18861291569204 ], [ -72.010833954195803, 42.263858039220537 ], [ -72.057626225790628, 42.293309314003224 ], [ -72.222467198407841, 42.377479031997716 ], [ -72.406781360993918, 42.455416697696016 ], [ -72.514693521503247, 42.493848030186925 ], [ -73.685758947083301, 42.801852962967331 ], [ -74.233655950323424, 42.904184561271798 ], [ -74.462798899412363, 42.93921701383902 ], [ -75.122577323052951, 43.003877126052686 ] ] ], [ [ [ -68.851906970342029, 40.766977256681983 ], [ -68.92614751058548, 40.734895729564748 ], [ -68.923947902896458, 40.759944618978892 ], [ -68.851906970342029, 40.766977256681983 ] ] ], [ [ [ -69.413378041827784, 40.516970448566688 ], [ -69.430929961327521, 40.497752627545168 ], [ -69.488591999827449, 40.48626788756274 ], [ -69.519742176079163, 40.505510909864967 ], [ -69.452758827462262, 40.529052585109774 ], [ -69.413378041827784, 40.516970448566688 ] ] ], [ [ [ -71.70338101456754, 42.071600359748835 ], [ -71.49434192033705, 41.932950733657023 ], [ -71.529323995044692, 41.896152599867861 ], [ -71.683820505753474, 41.918256645810899 ], [ -72.113095095193259, 41.962973401232034 ], [ -72.3275702718677, 42.206067101102576 ], [ -72.177074871521526, 42.191183387116467 ], [ -72.251934565350453, 42.29373235829695 ], [ -72.43340345095875, 42.395213778772579 ], [ -72.21226728721679, 42.322218576916946 ], [ -71.777788317788932, 42.121794772560385 ], [ -71.70338101456754, 42.071600359748835 ] ] ] ] } },
{ "type": "Feature", "properties": { "electoral_college": 15, "ENGTYPE_1": "State", "HASC_1": "US.NC", "GID_1": "USA.34_1", "join_name": "northcarolina", "ISO_1": "US-NC", "TYPE_1": "State", "NL_NAME_1": "NA", "CC_1": "NA", "NAME_1": "NorthCarolina", "COUNTRY": "UnitedStates", "VARNAME_1": "NC|N.C.", "GID_0": "USA", "pop": 15 }, "geometry": { "type": "MultiPolygon", "coordinates": [ [ [ [ -74.778047717082941, 34.182454911306095 ], [ -74.816024736952102, 34.165904451458658 ], [ -74.903920459043704, 34.156459834615447 ], [ -74.857965193698789, 34.185291215395573 ], [ -74.793099655165975, 34.200533211770612 ], [ -74.778047717082941, 34.182454911306095 ] ] ], [ [ [ -74.925612958347855, 34.91122335731562 ], [ -74.897616627491786, 34.881156120791061 ], [ -74.790456275027921, 34.726277260935021 ], [ -74.817796464905726, 34.716167069122832 ], [ -74.821998227597234, 34.763076740806682 ], [ -74.912861659273915, 34.852284096997806 ], [ -74.917532703414182, 34.88578182188698 ], [ -74.969351828636661, 34.877954634105535 ], [ -74.98236133437959, 34.947304079293936 ], [ -74.97419222117496, 34.960993913502222 ], [ -75.004921763360059, 35.035782555110551 ], [ -75.031638277184697, 35.045720501517231 ], [ -75.035860168227643, 35.076238335097713 ], [ -75.05925410583049, 35.11331775576754 ], [ -75.066854298518564, 35.156962645633321 ], [ -75.149399375722851, 35.274741022604957 ], [ -75.138822936430017, 35.304981907398513 ], [ -75.110112556133714, 35.304955058933672 ], [ -75.090145325965025, 35.237874473928649 ], [ -75.029309485437309, 35.083520269891707 ], [ -74.954826732786742, 34.952379147508431 ], [ -74.925612958347855, 34.91122335731562 ] ] ], [ [ [ -74.894026189372269, 34.754471709802246 ], [ -74.84645034126936, 34.729197820612661 ], [ -74.842568157449819, 34.687462884045004 ], [ -74.889775529689416, 34.694297430435029 ], [ -74.891833222017695, 34.728052981843732 ], [ -74.930261451866215, 34.756285753176805 ], [ -74.941315300245392, 34.789490336265466 ], [ -74.887089565922579, 34.772459676882185 ], [ -74.894026189372269, 34.754471709802246 ] ] ], [ [ [ -78.371650774217059, 32.709277548512929 ], [ -78.349811720182331, 32.716962422508011 ], [ -79.277262019476836, 33.173810873781783 ], [ -79.805391715077732, 33.509175277680981 ], [ -80.87142484676248, 34.218182432394059 ], [ -83.855801830577704, 34.847029026729885 ], [ -83.947443711347915, 35.040831222693875 ], [ -84.339140379210534, 35.377132579245753 ], [ -84.470963211039191, 35.339860922009322 ], [ -84.509962791272912, 35.377091224167188 ], [ -84.498900599639825, 35.415392566406268 ], [ -84.533488597851772, 35.473453157938977 ], [ -85.042042491956011, 35.593748762523688 ], [ -85.923167041851713, 35.720122354234029 ], [ -86.000616883844145, 35.719634667758207 ], [ -86.039899149013621, 35.743834190000101 ], [ -86.103101427134192, 35.717228573942911 ], [ -86.290690449817887, 35.683385291073819 ], [ -86.356023040689806, 35.680698426169322 ], [ -86.418197598814288, 35.642680524462428 ], [ -86.451168627078673, 35.65854955075973 ], [ -86.818050239049981, 35.598948036524135 ], [ -87.439859133900981, 35.569378637443542 ], [ -87.440208164089938, 35.565706279975174 ], [ -88.284945479941058, 35.448375821211243 ], [ -88.217699937948097, 35.678004090584238 ], [ -88.143269976095809, 35.730010429930367 ], [ -88.096857575897431, 35.713511380527734 ], [ -87.982875163410384, 35.740129032656831 ], [ -87.908017657340892, 35.786808148059293 ], [ -87.917592267450786, 35.836918249848978 ], [ -87.887423151099611, 35.87703343892391 ], [ -87.901247148704186, 35.894253873449998 ], [ -87.832283013117348, 35.950874475192869 ], [ -87.765968030582101, 35.978924240832413 ], [ -87.74312402403163, 36.011000526785892 ], [ -87.676533550481523, 36.023679026156096 ], [ -87.615583676693547, 36.060359294456035 ], [ -87.433010896984541, 36.079935573659199 ], [ -87.413875541152009, 36.068512518441899 ], [ -87.328567516648448, 36.068780061311429 ], [ -87.270371685469556, 36.111016058901242 ], [ -87.213618853050747, 36.126128408137596 ], [ -87.160307576521035, 36.162277042993324 ], [ -87.10669411325037, 36.15953851900376 ], [ -87.043710133254848, 36.222985592887191 ], [ -86.991735171325388, 36.223350039827267 ], [ -86.972698759740126, 36.25297659194424 ], [ -86.928466603930318, 36.257716879785875 ], [ -86.880924444805387, 36.276316281494594 ], [ -86.787212741936727, 36.261304153221275 ], [ -86.719763912528734, 36.320529027612814 ], [ -86.710844400227032, 36.371764074643295 ], [ -86.732987904241497, 36.400759654205018 ], [ -86.680692187655765, 36.420641910553996 ], [ -86.629895787115174, 36.395076143113542 ], [ -86.589583778189123, 36.435300845666625 ], [ -86.595012239001377, 36.457656248638941 ], [ -86.507497738088617, 36.501054084890981 ], [ -86.456646873884978, 36.518887327862416 ], [ -86.404912793794011, 36.485596629185999 ], [ -86.424692992679439, 36.458574805111475 ], [ -86.413155117440994, 36.430563034017723 ], [ -86.354041059282409, 36.415212784866711 ], [ -86.265508923040784, 36.457288840900539 ], [ -86.225575631948999, 36.529580286011118 ], [ -86.175501038589815, 36.555412370305824 ], [ -86.118922349765057, 36.567771680768118 ], [ -86.068818137323504, 36.565852340267021 ], [ -86.049400997256029, 36.586718922487712 ], [ -85.975274039839661, 36.57404475073578 ], [ -85.949220737537601, 36.535674707190701 ], [ -85.89618035974587, 36.530905295605059 ], [ -85.847345073353154, 36.550260897298166 ], [ -85.833983870430586, 36.583209696815565 ], [ -85.769900867609451, 36.704184267242738 ], [ -85.707933216133881, 36.747415714416711 ], [ -85.678581759475065, 36.754658883478918 ], [ -85.615724021205239, 36.736597139458958 ], [ -85.598256681893616, 36.754369519385861 ], [ -85.623218246353687, 36.804776538413797 ], [ -85.595112968339393, 36.86222668240918 ], [ -85.619427088621393, 36.926163161181435 ], [ -85.599399938911958, 36.977099305300769 ], [ -85.514750306879463, 36.973380972635873 ], [ -85.305705558432905, 36.953539450825822 ], [ -84.806006959637983, 36.915828318709146 ], [ -84.582320828623878, 36.892685899688125 ], [ -84.112082086872022, 36.802222067488394 ], [ -83.233218068770114, 36.688142001770004 ], [ -82.411834948490849, 36.555378132775942 ], [ -80.762885923523271, 36.194812589343876 ], [ -79.265406600608245, 35.913752599305894 ], [ -78.077122424881864, 35.677934080789427 ], [ -77.003997442273445, 35.431579308621075 ], [ -76.3374442363382, 35.350237959528151 ], [ -76.337260000791133, 35.356357274037116 ], [ -75.904641508575025, 35.326973728843306 ], [ -75.447691933971228, 35.310058273014548 ], [ -75.449390072623956, 35.301591366739309 ], [ -75.313707403235554, 35.267493216323395 ], [ -75.258623891180363, 35.189172272338475 ], [ -75.227830089511343, 35.170307709276948 ], [ -75.182272240769066, 35.173500025424651 ], [ -75.182788246106327, 35.151311362986043 ], [ -75.145192766799354, 35.116623524550704 ], [ -75.117281116295189, 35.057519533822202 ], [ -75.068686160541489, 34.982874392409208 ], [ -75.034313271898839, 34.902209900883676 ], [ -75.091705044070608, 34.927646312497515 ], [ -75.109393342407913, 34.944856515537253 ], [ -75.123086486676854, 34.998664241315495 ], [ -75.158496113821386, 35.018614103623385 ], [ -75.171601901872165, 35.050408374433452 ], [ -75.21176542592417, 35.015337833968594 ], [ -75.178892205261192, 34.981029508307216 ], [ -75.284616952892279, 35.001190252710039 ], [ -75.324617044027008, 35.041259101736387 ], [ -75.356028524688611, 35.045483334963698 ], [ -75.386975732400941, 35.075437005753635 ], [ -75.42044909998252, 35.089389360397725 ], [ -75.487922623085637, 35.097595817568134 ], [ -75.461373525424406, 35.069123698983397 ], [ -75.421123781521771, 35.058928202599823 ], [ -75.401714986813843, 35.03163014901925 ], [ -75.354303109821529, 35.010338668171265 ], [ -75.333783842657226, 34.966100135160573 ], [ -75.394633331465158, 34.965049485890901 ], [ -75.452270726238424, 34.947662682559617 ], [ -75.542440784361702, 34.979216833186889 ], [ -75.505887726274651, 34.924369468121498 ], [ -75.583334890639847, 34.941257287499091 ], [ -75.609286517288467, 34.92203771843058 ], [ -75.743703535510832, 34.911505088053502 ], [ -75.737673431738173, 34.89652335643801 ], [ -75.778617424032817, 34.863527904733317 ], [ -75.834179786434646, 34.849603116312728 ], [ -75.898675146513241, 34.853529018410065 ], [ -75.931658697265476, 34.878046754425881 ], [ -76.010054041007706, 34.887704047587057 ], [ -76.030533583334403, 34.908789199376223 ], [ -76.070497363377683, 34.989644587078864 ], [ -76.064756338482866, 35.07961382668244 ], [ -76.093028924801388, 35.063494772061219 ], [ -76.107782130841215, 35.023355926468206 ], [ -76.106541396932755, 34.989166621068755 ], [ -76.070116623938318, 34.937487192442028 ], [ -76.073083599933113, 34.918430414566643 ], [ -76.01489780397722, 34.840073955347137 ], [ -76.058947052378286, 34.808393861518304 ], [ -75.992593189274402, 34.785998227132907 ], [ -75.843291580426921, 34.793973354002773 ], [ -75.714566880753097, 34.825811071285699 ], [ -75.651974569964565, 34.788946282076409 ], [ -75.565547930222593, 34.815618389496962 ], [ -75.430530683786756, 34.835203889788751 ], [ -75.326255433828649, 34.827811395540401 ], [ -75.348924242346172, 34.776949113913517 ], [ -75.281507080115702, 34.771771329526928 ], [ -75.33893791929836, 34.709530298586529 ], [ -75.325421765792981, 34.668038830767721 ], [ -75.323435048795943, 34.613730155031966 ], [ -75.33847246841394, 34.588025320057291 ], [ -75.346290051952067, 34.539365837565164 ], [ -75.297771406718056, 34.528487003993362 ], [ -75.271592265874389, 34.568542371468652 ], [ -75.251340711473048, 34.650340355694254 ], [ -75.261209350743599, 34.673371481963329 ], [ -75.241683872976509, 34.697330296232835 ], [ -75.251241625277103, 34.741493688015758 ], [ -75.208518844048996, 34.768221158985725 ], [ -75.147402275202751, 34.783616347341379 ], [ -75.113973826498466, 34.772798306664981 ], [ -75.079909924574949, 34.813425735009446 ], [ -75.024271027822792, 34.782391502459831 ], [ -74.971016111157013, 34.688406335514273 ], [ -74.983143410561127, 34.622685848602011 ], [ -74.961917707174834, 34.572724876833085 ], [ -75.00125201289454, 34.581685784877934 ], [ -75.031140944462493, 34.565739422038646 ], [ -74.983902412198887, 34.51625336533931 ], [ -75.003341796739406, 34.494867815931599 ], [ -75.041105499183743, 34.482603619565758 ], [ -75.149694787196111, 34.47023110458084 ], [ -75.183990367245386, 34.434639111660694 ], [ -75.232341023384734, 34.418868010080445 ], [ -75.2395431944786, 34.389419125617614 ], [ -75.277111730804791, 34.369686867403558 ], [ -75.312810412045295, 34.325552182646447 ], [ -75.375025714303177, 34.291295619909363 ], [ -75.369785846134818, 34.274777484125451 ], [ -75.447626252858001, 34.241275447419461 ], [ -75.522708992721377, 34.24534699631284 ], [ -75.553786291819719, 34.266108989888856 ], [ -75.67240647200336, 34.271811655518995 ], [ -75.702106073875342, 34.292270415115283 ], [ -75.698441958345498, 34.317977501649779 ], [ -75.770131794098347, 34.288934882252988 ], [ -75.820929942946407, 34.28228791916554 ], [ -75.857775031488941, 34.298426213137006 ], [ -75.848874300519043, 34.320073247556174 ], [ -75.879297659561814, 34.375384946022606 ], [ -75.851701560300612, 34.392794348036276 ], [ -75.784346462844795, 34.392917427107129 ], [ -75.777875667839098, 34.421179933553105 ], [ -75.851934769424574, 34.409996330903141 ], [ -75.925112474952485, 34.420468115266793 ], [ -75.947811925095408, 34.400754829297867 ], [ -75.895916577893303, 34.277444875847742 ], [ -75.977609409209606, 34.293435585828128 ], [ -76.034910498839963, 34.313316877914303 ], [ -76.096526705126038, 34.311504772972221 ], [ -76.160673741393282, 34.329436759655181 ], [ -76.234566525311777, 34.339184785779352 ], [ -76.308252185781328, 34.361582228640586 ], [ -76.340253271444084, 34.3910367569556 ], [ -76.36531117697956, 34.37018012452647 ], [ -76.313681154287423, 34.348880684442712 ], [ -76.297402277914358, 34.312321619618757 ], [ -76.255434897403219, 34.328431297182028 ], [ -76.207650710276212, 34.306463993276246 ], [ -76.172027228811459, 34.306112988051908 ], [ -76.126351177778659, 34.274574957202901 ], [ -76.044310434077886, 34.261803478653604 ], [ -75.980974648460418, 34.229767300854625 ], [ -75.870878291401098, 34.22023136952442 ], [ -75.816002727643706, 34.206684571553737 ], [ -75.807131085752374, 34.154612644008296 ], [ -75.852747330016271, 34.131481771957688 ], [ -75.916137755711176, 34.138866136073617 ], [ -75.942492036643159, 34.079909581511586 ], [ -75.908488731480361, 34.075899491620632 ], [ -75.873319138538932, 34.046618453195826 ], [ -75.903207405999026, 34.004274570496982 ], [ -75.971276130161499, 33.966438329970224 ], [ -76.057923204193671, 33.909008594697788 ], [ -76.103059589344966, 33.894479896579611 ], [ -76.154903776845671, 33.865402053862937 ], [ -76.226841450915146, 33.900098452741339 ], [ -76.272670885563542, 33.942744706983554 ], [ -76.320394285146406, 33.945491182549851 ], [ -76.34454215557048, 33.962870233359695 ], [ -76.37399484715651, 34.017263488721802 ], [ -76.392528219404213, 33.986919448909823 ], [ -76.338078539173125, 33.931157130777741 ], [ -76.327740492747722, 33.891607301507776 ], [ -76.288714847626849, 33.865465903216382 ], [ -76.199516523886729, 33.836331098239256 ], [ -76.165484928700906, 33.841370906376774 ], [ -76.114274747208086, 33.82160971103518 ], [ -75.973064913207423, 33.897849698402496 ], [ -75.855063544244388, 33.917115290645626 ], [ -75.793423839471785, 33.987234443583489 ], [ -75.762982933975834, 33.963223439993897 ], [ -75.774170590493654, 33.929132586982817 ], [ -75.756528918112309, 33.897426373026029 ], [ -75.775977224881771, 33.867105872846295 ], [ -75.72157361708642, 33.8683607152606 ], [ -75.709249095038956, 33.895520455715719 ], [ -75.647735507049632, 33.893318155266606 ], [ -75.6831285402709, 33.94024242591302 ], [ -75.623228816088272, 33.932190840187708 ], [ -75.633838274467124, 33.914964249707552 ], [ -75.60493573473272, 33.886733480052811 ], [ -75.609194558068538, 33.869482026674596 ], [ -75.660558502525731, 33.862767074380358 ], [ -75.649606520486245, 33.830958659823693 ], [ -75.724606542914401, 33.785605584888934 ], [ -75.7394849127258, 33.793234489938946 ], [ -75.797350721998797, 33.741210041262434 ], [ -75.831391765612167, 33.694287326961344 ], [ -75.887526525056586, 33.657831674516572 ], [ -75.93885903617101, 33.661871091256344 ], [ -75.965794370879848, 33.726917071458573 ], [ -75.983033369239351, 33.687826188678152 ], [ -75.982678323906782, 33.633572819794047 ], [ -76.002590731977577, 33.628367542990603 ], [ -76.054917264684519, 33.644099331551757 ], [ -76.022745976842387, 33.668731304392765 ], [ -76.050493803178554, 33.689563231625698 ], [ -76.080792055374985, 33.639238857388079 ], [ -76.214026946472117, 33.639906519331241 ], [ -76.269686284165232, 33.632594067662033 ], [ -76.348975220021472, 33.609895902331601 ], [ -76.41660081993588, 33.581977822753103 ], [ -76.478344237398829, 33.56840690236379 ], [ -76.501345294590621, 33.593193467356947 ], [ -76.559461670420134, 33.54345315050692 ], [ -76.606096946444254, 33.519899368682395 ], [ -76.694031545352388, 33.450331875708756 ], [ -76.736800133772064, 33.427171581103323 ], [ -76.792207263680069, 33.470973028311903 ], [ -76.744218065827638, 33.513074821782006 ], [ -76.776523237908492, 33.569446076202432 ], [ -76.828003272785409, 33.569237157715541 ], [ -76.779670450519617, 33.514139980439488 ], [ -76.811966312576942, 33.479322154385812 ], [ -76.864118689822064, 33.47163789068874 ], [ -76.835321437568311, 33.439536278222896 ], [ -76.816311260875224, 33.448296494033436 ], [ -76.783543651489808, 33.41925556513214 ], [ -76.801744372335477, 33.394381709882772 ], [ -76.895520374651099, 33.361390505467888 ], [ -76.980337229345253, 33.321422687069692 ], [ -77.009646910768311, 33.292131309148914 ], [ -77.053142757284391, 33.277775344509443 ], [ -77.093329391081724, 33.249207028412762 ], [ -77.189791741380176, 33.195950498729495 ], [ -77.340221529751204, 33.072073431892733 ], [ -77.405654489775372, 33.00911681966948 ], [ -77.459524967747541, 32.92646798803861 ], [ -77.51422698529322, 32.936448247395731 ], [ -77.526638165312562, 32.895508780213554 ], [ -77.601543672263915, 32.808040047520414 ], [ -77.65628520519644, 32.778846625017067 ], [ -77.803928579907506, 32.779272588162257 ], [ -77.879232225688412, 32.782536202891499 ], [ -78.007325082426519, 32.765344567344478 ], [ -78.226420672799222, 32.72891315881774 ], [ -78.329550620681971, 32.705847010359456 ], [ -78.371650774217059, 32.709277548512929 ] ] ], [ [ [ -75.15040982791615, 34.798477664282679 ], [ -75.176624589434269, 34.782944134937502 ], [ -75.206967118283728, 34.803436103350236 ], [ -75.156089719626266, 34.818543501659157 ], [ -75.15040982791615, 34.798477664282679 ] ] ], [ [ [ -75.282136599933551, 35.306789009029352 ], [ -75.221888146800936, 35.305874794359418 ], [ -75.173708453509462, 35.305520565431635 ], [ -75.158632840129471, 35.266832174521177 ], [ -75.187446376906749, 35.257178042679023 ], [ -75.252414455190404, 35.262737611936068 ], [ -75.282136599933551, 35.306789009029352 ] ] ], [ [ [ -75.4455633349869, 35.31000521661597 ], [ -75.309210429957247, 35.307476493888835 ], [ -75.331971718857517, 35.27589957613705 ], [ -75.4455633349869, 35.31000521661597 ] ] ], [ [ [ -76.527350529093255, 33.557805382590388 ], [ -76.519664931324542, 33.533379946092978 ], [ -76.567229961338924, 33.514295349842747 ], [ -76.577846377887994, 33.530910577626351 ], [ -76.527350529093255, 33.557805382590388 ] ] ], [ [ [ -77.509724070189037, 32.846008475387272 ], [ -77.493257701928243, 32.91649067717632 ], [ -77.457346079265889, 32.924618582704966 ], [ -77.509724070189037, 32.846008475387272 ] ] ], [ [ [ -77.562947262190804, 32.771752876708241 ], [ -77.575019314496231, 32.74015091782821 ], [ -77.628687373545318, 32.755579884735525 ], [ -77.600691551998196, 32.779192733006688 ], [ -77.562947262190804, 32.771752876708241 ] ] ] ] } },
{ "type": "Feature", "properties": { "electoral_college": 3, "ENGTYPE_1": "State", "HASC_1": "US.ND", "GID_1": "USA.35_1", "join_name": "northdakota", "ISO_1": "US-ND", "TYPE_1": "State", "NL_NAME_1": "NA", "CC_1": "NA", "NAME_1": "NorthDakota", "COUNTRY": "UnitedStates", "VARNAME_1": "ND|N.D.", "GID_0": "USA", "pop": 3 }, "geometry": { "type": "Polygon", "coordinates": [ [ [ -107.376600568109112, 45.826457194068873 ], [ -107.382300884947441, 45.917530758081 ], [ -107.482475232206582, 46.080077034882336 ], [ -107.522209623230808, 46.11140655360839 ], [ -107.855090517916977, 46.542909632332872 ], [ -105.252983202970285, 46.648342877986792 ], [ -105.160329659866676, 46.666920612392119 ], [ -103.345267780862869, 47.556926313727203 ], [ -103.353005007167695, 47.549668858101128 ], [ -103.372628287725647, 47.517649358879446 ], [ -103.380668542180317, 47.463671087744736 ], [ -103.364758533569315, 47.443853517343776 ], [ -103.40840679846778, 47.376820160739292 ], [ -103.385482868843823, 47.358835549464878 ], [ -103.406101166846099, 47.308264169316679 ], [ -103.38319442135284, 47.286524999179285 ], [ -103.405149501776691, 47.256964272055534 ], [ -103.454986846233652, 47.216144651762121 ], [ -103.516999102326992, 47.146449768486114 ], [ -103.546802991081677, 47.090095755179355 ], [ -103.548316351136123, 47.057333914282275 ], [ -103.581587869924618, 47.01139927862814 ], [ -103.621649509592714, 46.988636161525925 ], [ -103.633362523039153, 46.963694695182326 ], [ -103.616952362609894, 46.955128851813647 ], [ -103.641750108264233, 46.90853774068507 ], [ -103.695167695057421, 46.85951794596177 ], [ -103.73073286929862, 46.817983420994999 ], [ -103.74265720921359, 46.769009321802905 ], [ -103.713847314499304, 46.747854097725615 ], [ -103.718068792274764, 46.713462203729563 ], [ -103.742676145354977, 46.680846739580701 ], [ -103.712478373200398, 46.677030008801829 ], [ -103.71980525484112, 46.647580502147704 ], [ -103.703174766699178, 46.608636530039881 ], [ -103.678566865561095, 46.607064051085054 ], [ -103.687133099577295, 46.587929076063944 ], [ -103.669420439752358, 46.564633031090182 ], [ -103.676073367775672, 46.541450525158844 ], [ -103.64953988036784, 46.525164767447549 ], [ -103.679191370743411, 46.506675156152191 ], [ -103.671224939649704, 46.494814570176729 ], [ -103.684761812294809, 46.492070946122105 ], [ -103.699786992284174, 46.481018636960727 ], [ -103.697564919541335, 46.478651816816821 ], [ -103.670725188063642, 46.483374503559304 ], [ -103.682586728650151, 46.478535578606675 ], [ -103.687204431425329, 46.47416420317402 ], [ -103.719557331355091, 46.433301011759241 ], [ -103.710258923044876, 46.42366582378601 ], [ -103.733439780576134, 46.388037340105058 ], [ -103.748427765915039, 46.346362166611883 ], [ -103.765712047086424, 46.329692324330175 ], [ -103.759017977862385, 46.304395732518394 ], [ -103.778415618683383, 46.282908763845406 ], [ -103.772867219186082, 46.266749357096785 ], [ -103.789890672042404, 46.246271899950862 ], [ -103.81313291807102, 46.192182102588092 ], [ -103.787934326343688, 46.194315589417485 ], [ -103.776284989079969, 46.165463432449172 ], [ -103.788789462401283, 46.135168105468431 ], [ -103.823510896801295, 46.116409469777921 ], [ -103.810721236170934, 46.095400035855747 ], [ -103.821654192822109, 46.076199332037838 ], [ -103.825016247063544, 46.071766473501413 ], [ -103.819658077153434, 46.071381417186792 ], [ -103.825073152395007, 46.066545580430997 ], [ -103.854323161275701, 46.032673873510902 ], [ -103.810300555382071, 46.004732504748191 ], [ -103.808922068682165, 45.94928402910223 ], [ -103.79267326369775, 45.928544061944251 ], [ -103.748737625260361, 45.905322503615714 ], [ -103.68634733660322, 45.888756892841073 ], [ -103.696712350713128, 45.828040540873047 ], [ -103.687092028251968, 45.78784264960688 ], [ -103.679113592415263, 45.781035372152814 ], [ -103.675585100089862, 45.771593989867775 ], [ -103.673337092116554, 45.747952503742198 ], [ -103.682353199460465, 45.735352281007323 ], [ -103.701386411589439, 45.718970907317903 ], [ -103.697777098488899, 45.679271146927626 ], [ -103.693447332438112, 45.66951480878344 ], [ -103.698030094453841, 45.664704431234085 ], [ -104.890007877786132, 45.341358899810984 ], [ -105.104937923720527, 45.305399831240273 ], [ -105.211408074014969, 45.294532056132837 ], [ -107.308278346813736, 45.281678380757882 ], [ -107.33411689039383, 45.359608752673182 ], [ -107.376600568109112, 45.826457194068873 ] ] ] } },
{ "type": "Feature", "properties": { "electoral_college": 18, "ENGTYPE_1": "State", "HASC_1": "US.OH", "GID_1": "USA.36_1", "join_name": "ohio", "ISO_1": "US-OH", "TYPE_1": "State", "NL_NAME_1": "NA", "CC_1": "NA", "NAME_1": "Ohio", "COUNTRY": "UnitedStates", "VARNAME_1": "OH|Ohio", "GID_0": "USA", "pop": 18 }, "geometry": { "type": "Polygon", "coordinates": [ [ [ -88.985062657763436, 39.211678052834714 ], [ -89.037312096684957, 39.22884270357244 ], [ -89.055947150468327, 39.24312201997445 ], [ -89.101621622930608, 39.311807485668048 ], [ -89.188658322464676, 39.379215835232479 ], [ -89.22275180385148, 39.421782171312302 ], [ -89.263028504453928, 39.454187682173668 ], [ -89.346990502991417, 39.481560999695034 ], [ -89.383414284515723, 39.509068408318051 ], [ -89.408604751297958, 39.552721882872866 ], [ -89.442555440882145, 39.565954926413831 ], [ -89.469515029349168, 39.540805599751586 ], [ -89.495899792841968, 39.55063801145463 ], [ -89.534604962124106, 39.528722275409692 ], [ -89.556409100427516, 39.530602585762146 ], [ -89.627102818304408, 39.567808326190608 ], [ -89.676125008754468, 39.612505733595746 ], [ -89.711393144797938, 39.618582549279139 ], [ -89.741306802548792, 39.585469964712409 ], [ -89.756257984068213, 39.583218146679194 ], [ -89.811610993847125, 39.734206012634715 ], [ -90.074266979973288, 40.313613617102959 ], [ -90.493450767682916, 41.402493169771773 ], [ -90.61140814987877, 41.877288299658325 ], [ -90.926282666639295, 43.266396943153325 ], [ -90.914743025110951, 44.385320166480561 ], [ -90.749065176928411, 44.424766929728072 ], [ -90.110057677912479, 44.594425634227271 ], [ -89.453663690773737, 44.729284724774466 ], [ -89.369208518411781, 44.769390054296821 ], [ -89.370283864600751, 44.803885770130506 ], [ -89.261090000132512, 44.874488183642633 ], [ -89.180574712178981, 44.909300899248358 ], [ -89.167248434378465, 44.928729304676509 ], [ -89.109426427655251, 44.954292104355957 ], [ -89.072321639591038, 44.952166735079061 ], [ -89.033444183994931, 44.986030413507756 ], [ -88.969113471404626, 45.011470382592705 ], [ -88.931508906083977, 45.037584567574839 ], [ -88.925042396710182, 45.0607713476481 ], [ -88.843286895144232, 45.139953587159937 ], [ -88.767709008843937, 45.193451885293172 ], [ -88.736987463523789, 45.209679149156386 ], [ -88.658396537898909, 45.251779155432246 ], [ -88.592252433989145, 45.264137980447146 ], [ -88.666296355723603, 45.243660558092557 ], [ -88.708904314527445, 45.223244884045108 ], [ -88.764314686578928, 45.18350079660074 ], [ -88.800002708249181, 45.144793879194935 ], [ -88.806711996538496, 45.111493637107024 ], [ -88.872691370183702, 45.046475943180837 ], [ -88.820824385501112, 44.923012646015223 ], [ -88.26504740380787, 44.763085164668539 ], [ -87.844723666627161, 44.772079331267527 ], [ -86.80634937085874, 45.049964434364206 ], [ -86.409976338975284, 45.155752595532384 ], [ -85.363988580853857, 45.307368022117934 ], [ -85.123051416188289, 45.45936443390746 ], [ -84.480400867487063, 45.923590547715392 ], [ -84.448828208299943, 46.01383929392879 ], [ -84.454196089715026, 46.060596250577426 ], [ -84.445973510531687, 46.007475195740433 ], [ -84.424638459722615, 45.946045804685916 ], [ -84.428947328551516, 45.880456294440563 ], [ -84.478587824371161, 45.821426745599901 ], [ -84.535651459589971, 45.771669568776566 ], [ -84.577667911601509, 45.746823998672319 ], [ -84.593415904232018, 45.697880444836528 ], [ -84.626495997826623, 45.661233979460675 ], [ -84.663027307954621, 45.584541304821947 ], [ -84.738866188362778, 45.544358674614884 ], [ -84.76359380571094, 45.517339266184017 ], [ -84.813458963544278, 45.487124124535995 ], [ -84.88411088087804, 45.397234563058703 ], [ -84.970931064237107, 45.31602302867207 ], [ -85.093464687395979, 45.210256336016869 ], [ -85.127162074410094, 45.188996953694087 ], [ -85.136423849673065, 45.17860483085849 ], [ -85.175473183902312, 45.145767635316204 ], [ -85.198355382651627, 45.130952215551865 ], [ -85.228026003965766, 45.117557280109246 ], [ -85.253541676821158, 45.103857558276196 ], [ -85.318793362803305, 45.043577613135525 ], [ -85.372363661509183, 45.029930826631336 ], [ -85.404362652896893, 45.03647734865595 ], [ -85.421886576665599, 44.982071394430456 ], [ -85.515828544511251, 44.917363131755486 ], [ -85.666167209679827, 44.850698195847997 ], [ -85.644507999883118, 44.748434115537918 ], [ -85.101165169959117, 43.048724349352106 ], [ -84.967895066582827, 42.528287808256238 ], [ -85.002519371815296, 42.481831155024679 ], [ -85.049171772646773, 42.502505550654583 ], [ -85.059178882498188, 42.394682350342009 ], [ -85.029618753694109, 42.351878799343211 ], [ -84.93024093414185, 42.113901870068858 ], [ -84.91194028816345, 41.976516011089096 ], [ -84.857131975988821, 41.791401090317656 ], [ -84.842524880212508, 41.652910830444256 ], [ -84.867555426419457, 41.594979375250567 ], [ -84.861976474887769, 41.499293289023363 ], [ -84.877915998184804, 41.420139461813982 ], [ -84.862922408118109, 41.298578103245902 ], [ -84.88100581902286, 41.261586338588906 ], [ -84.869574639286981, 41.112760706057415 ], [ -84.857598525718856, 41.037303513665599 ], [ -84.879176424354355, 40.981842645644704 ], [ -84.863811094929162, 40.925652121753735 ], [ -84.917552832130681, 40.898776781741063 ], [ -84.895120770050724, 40.832674985120491 ], [ -84.932938900380435, 40.788861991163998 ], [ -84.93876047213783, 40.691631721947722 ], [ -84.975329991763061, 40.645407713994508 ], [ -84.935237293533419, 40.554762911688812 ], [ -84.970565064401157, 40.509060246317482 ], [ -84.984414596842853, 40.406902400107768 ], [ -85.005511707694424, 40.376094812193706 ], [ -85.051550184784787, 40.366491551066844 ], [ -85.115932408006131, 40.297585943744224 ], [ -85.240943033919351, 40.149469239241419 ], [ -85.294021246139422, 40.060757576811916 ], [ -85.346787121096867, 40.038436092583225 ], [ -85.414830836126669, 39.946490157901131 ], [ -85.452641764145085, 39.945163285623252 ], [ -85.585059644030011, 39.861469002342758 ], [ -85.631275809622096, 39.85311275242185 ], [ -85.696275766751413, 39.943461360539374 ], [ -85.739924417487259, 39.934163330725575 ], [ -85.773028386943665, 39.890634023475243 ], [ -85.863991906073849, 39.824677635371067 ], [ -85.880937248868292, 39.719991544095912 ], [ -86.000573842883213, 39.710797344345792 ], [ -86.060040312748882, 39.668739434927673 ], [ -86.057803237643881, 39.626598265530284 ], [ -86.099590486705907, 39.611709099381841 ], [ -86.141700890671714, 39.561498858916494 ], [ -86.124343090052022, 39.47409715204433 ], [ -86.145320616918994, 39.441592100390089 ], [ -86.220414282259412, 39.417605068817736 ], [ -86.155125327231119, 39.366634706830865 ], [ -86.17563023988798, 39.26140022929507 ], [ -86.231982671253164, 39.276653945414019 ], [ -86.269038751457515, 39.218386082484407 ], [ -86.30968880939335, 39.193570497527631 ], [ -86.35555545446239, 39.202718606496333 ], [ -86.329722042275947, 39.250528488550259 ], [ -86.374792153761973, 39.303944919549487 ], [ -86.441447524499466, 39.310640761379403 ], [ -86.46921188438084, 39.336542448274024 ], [ -86.510829370320508, 39.330788243508614 ], [ -86.529797616471484, 39.291841497848473 ], [ -86.570910226584431, 39.268019526307299 ], [ -86.623365039931343, 39.176292572091086 ], [ -86.61663179085518, 39.131485006223343 ], [ -86.690231973920135, 39.076289141961674 ], [ -86.659112011017783, 39.047892139510424 ], [ -86.636720007790686, 39.00923044135601 ], [ -86.639349736652747, 38.982049226959518 ], [ -86.613343351261818, 38.944221425076016 ], [ -86.606053822156738, 38.927835879665032 ], [ -86.629011625272014, 38.89946892037802 ], [ -86.70104467718231, 38.900389413316006 ], [ -86.721531967553886, 38.879045026938812 ], [ -86.715574373511714, 38.850283246817717 ], [ -86.717890104104853, 38.770875118094402 ], [ -86.736137034608248, 38.758658237362603 ], [ -86.801402280210809, 38.755671529554704 ], [ -86.886522525424738, 38.736783694719534 ], [ -86.953143005722538, 38.724643700281682 ], [ -86.995445142218543, 38.739763515607976 ], [ -87.032524668753396, 38.787486441368067 ], [ -87.083293163070451, 38.80543754830596 ], [ -87.133231958705039, 38.840618018079631 ], [ -87.186559336770102, 38.865563578582154 ], [ -87.250659193723891, 38.86801636883181 ], [ -87.304777596062905, 38.882698232592503 ], [ -87.3573555280134, 38.916925687002703 ], [ -87.385615189931954, 38.962001115464361 ], [ -87.416364543502723, 38.984072066965268 ], [ -87.425280227603878, 39.020353380617358 ], [ -87.449890180971778, 39.035422303294155 ], [ -87.49757983223445, 39.033229064309261 ], [ -87.538004145946957, 39.019277828850463 ], [ -87.595506401163178, 39.023432067110946 ], [ -87.630360148018852, 38.995263182704846 ], [ -87.683277884673416, 38.980756110606386 ], [ -87.707757665376661, 38.941249102015746 ], [ -87.759753799949621, 38.940571913191057 ], [ -87.82319694686295, 38.955197518518958 ], [ -87.856723555323399, 38.934757415820847 ], [ -87.898846188151722, 38.945253328908258 ], [ -87.926916020027278, 38.972019860546446 ], [ -88.011156334390932, 38.99896980006524 ], [ -88.098428157587577, 39.013329120905894 ], [ -88.163292222418434, 39.041233270008881 ], [ -88.207905505395672, 39.047757743762133 ], [ -88.293439363093967, 39.039852919363192 ], [ -88.305038929766283, 38.996199469904454 ], [ -88.431073744717821, 39.027745965428259 ], [ -88.506826109760112, 39.079360716048591 ], [ -88.571278745406687, 39.102173473513659 ], [ -88.624848429127042, 39.140394112506996 ], [ -88.742261405718295, 39.175852641433792 ], [ -88.864716872088465, 39.17778536139101 ], [ -88.985062657763436, 39.211678052834714 ] ], [ [ -88.844755676448656, 45.09485170548291 ], [ -88.830105734987356, 45.110126961317818 ], [ -88.87209559449326, 45.107982223796398 ], [ -88.886704773022998, 45.087451405800678 ], [ -88.881316506471279, 45.082793646147678 ], [ -88.869795899551448, 45.086168838258288 ], [ -88.844755676448656, 45.09485170548291 ] ], [ [ -88.896553862043092, 45.072446164781013 ], [ -88.889657583027656, 45.072338300467678 ], [ -88.88354163386721, 45.076881240199448 ], [ -88.893993326102702, 45.076279030308974 ], [ -88.896553862043092, 45.072446164781013 ] ] ] } },
{ "type": "Feature", "properties": { "electoral_college": 7, "ENGTYPE_1": "State", "HASC_1": "US.OK", "GID_1": "USA.37_1", "join_name": "oklahoma", "ISO_1": "US-OK", "TYPE_1": "State", "NL_NAME_1": "NA", "CC_1": "NA", "NAME_1": "Oklahoma", "COUNTRY": "UnitedStates", "VARNAME_1": "OK|Okla.", "GID_0": "USA", "pop": 7 }, "geometry": { "type": "Polygon", "coordinates": [ [ [ -100.765686948082035, 35.843584970018178 ], [ -100.798636796782191, 35.86877832603686 ], [ -100.79170490202543, 35.815394268399416 ], [ -100.802261658219379, 35.793754258428969 ], [ -100.83757736355463, 35.800754280744293 ], [ -100.863227383511045, 35.83900876063106 ], [ -100.895212189492199, 35.857189907698171 ], [ -100.908766323803235, 35.842527772436796 ], [ -100.933987803271805, 35.864855246131611 ], [ -100.988258939999909, 35.954449392055054 ], [ -101.030431345829513, 35.955500809264002 ], [ -101.039810515335617, 35.967281842026864 ], [ -101.04038382068137, 35.957795337341615 ], [ -101.014141873590248, 35.907141340417922 ], [ -101.03792744978314, 35.843840389271634 ], [ -101.061970816879608, 35.833031459301154 ], [ -101.039125749096357, 35.766232978736575 ], [ -101.05599384738484, 35.753632712663872 ], [ -101.09074243106366, 35.777382659050033 ], [ -101.122571428197801, 35.820548372448762 ], [ -101.141812581883372, 35.880691170495588 ], [ -101.129418286878149, 35.89882443149699 ], [ -101.155300050127664, 35.944269412912497 ], [ -101.188341386967593, 35.966048355100661 ], [ -101.194308426366078, 35.929567848761607 ], [ -101.236245880276073, 35.939570003622457 ], [ -101.252410564293683, 35.932029670297304 ], [ -101.268605600841994, 35.902222622519076 ], [ -101.29222194152905, 35.907194983481517 ], [ -101.323845369146724, 35.930581042314934 ], [ -101.339246552291854, 35.988987538506727 ], [ -101.373830052116418, 36.012907430753643 ], [ -101.405733472848837, 36.005003716623051 ], [ -101.427516902331774, 36.009691069710286 ], [ -101.445203718155568, 36.058300138492385 ], [ -101.48138297919391, 36.089210449388702 ], [ -101.511589696505567, 36.101887474675927 ], [ -101.557036416885197, 36.034344315380416 ], [ -101.585449142466771, 36.006822321611928 ], [ -101.607270977610696, 36.005790968463948 ], [ -101.6933596986146, 36.063926587751261 ], [ -101.677384688298829, 36.075648062845993 ], [ -101.695658047840979, 36.097241157811098 ], [ -101.690903314806647, 36.135119651360306 ], [ -101.711498039933318, 36.149101906692238 ], [ -101.749706164702701, 36.151939509203252 ], [ -101.786355761635605, 36.167804973964287 ], [ -101.827020363647492, 36.233691973139358 ], [ -101.817672955781262, 36.250382445963787 ], [ -101.823155515584531, 36.277616703928295 ], [ -101.850099321973318, 36.296299344352676 ], [ -101.867536408960348, 36.270201740221992 ], [ -101.917205506089601, 36.294036492701998 ], [ -101.955710257787629, 36.301805727022426 ], [ -102.007122192025136, 36.329006477062116 ], [ -102.021123271104614, 36.275079738756943 ], [ -102.062757234990215, 36.263200961132824 ], [ -102.160665629349438, 36.360133970058342 ], [ -102.193268464275093, 36.368305534754761 ], [ -102.213501902064095, 36.346862150647759 ], [ -102.245688001667759, 36.346067860676904 ], [ -102.296734469693433, 36.377652290256059 ], [ -102.353378309134385, 36.397114561850799 ], [ -102.407618740741057, 36.441376798800263 ], [ -102.436032654621386, 36.452474358602466 ], [ -102.466970166249155, 36.437479845285999 ], [ -102.573956382333336, 36.464433481145505 ], [ -102.600186417703299, 36.529490601326899 ], [ -102.610675320295954, 36.570709868835607 ], [ -102.655056721736685, 36.612548229145325 ], [ -102.657134027050361, 36.623063887951211 ], [ -102.700817247685308, 36.647487103963265 ], [ -102.743853374510152, 36.688324533211663 ], [ -102.753757904430671, 36.669467720374975 ], [ -102.75080884940914, 36.624585992463729 ], [ -102.776175390739297, 36.621324159503757 ], [ -102.835844967865512, 36.655758437535212 ], [ -102.893755838490833, 36.666895960683448 ], [ -102.911254618371871, 36.630675216325855 ], [ -102.993461176338101, 36.646968105938072 ], [ -103.002107218648618, 36.656334233533698 ], [ -103.081766841558363, 36.718308638289194 ], [ -103.146104629598241, 36.790513393156317 ], [ -103.197539432564199, 36.825523872342316 ], [ -103.223048547922374, 36.83350784729668 ], [ -103.270336775567898, 36.816227399764685 ], [ -103.406711145060342, 37.819287719211637 ], [ -103.557030786137744, 38.788809605560417 ], [ -104.360310784275015, 38.765732534749588 ], [ -105.249083536389847, 38.640288889249383 ], [ -105.526932558889541, 38.583171693849621 ], [ -106.26036587597153, 38.348383127296245 ], [ -106.193782722387979, 39.057165177545791 ], [ -106.02977810022864, 39.080678125482649 ], [ -105.962063757298097, 39.085761066329184 ], [ -105.773553756435476, 39.109459800292008 ], [ -105.374496717217369, 39.149485804011739 ], [ -104.315705881561982, 39.274939592511217 ], [ -103.7327008061839, 39.236563964405001 ], [ -103.12119355967917, 39.064349000717272 ], [ -102.317166449145518, 38.838796653375084 ], [ -101.252153347772037, 38.434312868409435 ], [ -100.852613268444372, 38.338449352109002 ], [ -100.489111390543499, 38.268845410339317 ], [ -100.37234027539823, 38.037898922668759 ], [ -100.237492130631239, 37.77823838526912 ], [ -99.896459192148896, 37.296354702588069 ], [ -99.705954752451092, 37.049988872453625 ], [ -99.50773203125263, 36.805826863509282 ], [ -99.416210751190519, 36.696241613497243 ], [ -99.094933882459287, 36.115046563393435 ], [ -99.089947701437907, 36.0997809506081 ], [ -99.011877832744076, 35.928227565416684 ], [ -98.745955362899082, 35.166413411289334 ], [ -98.744445698940979, 35.154224097965084 ], [ -98.753003503767914, 35.149639990380876 ], [ -98.790342996883936, 35.171833988974903 ], [ -98.805145065672647, 35.161239022773991 ], [ -98.819094455760634, 35.191045490999429 ], [ -98.895912790662251, 35.206850158930486 ], [ -98.91971758339011, 35.20743948332985 ], [ -98.947450991950817, 35.232452551079952 ], [ -99.021672669840328, 35.261292250632032 ], [ -99.017048924652059, 35.277272805804024 ], [ -99.050733121867623, 35.316821173385023 ], [ -99.073315686649522, 35.297533561471873 ], [ -99.139413667648697, 35.312335142044944 ], [ -99.24492257612215, 35.389143738378209 ], [ -99.276703367202288, 35.436784539587755 ], [ -99.334981400009909, 35.446641466319008 ], [ -99.44042902604707, 35.507934895255147 ], [ -99.460623568075434, 35.536872375961181 ], [ -99.534016887198931, 35.566670650067401 ], [ -99.571271524022336, 35.581576347180047 ], [ -99.601227577606934, 35.54389506502099 ], [ -99.591167291527185, 35.510839849621988 ], [ -99.63595401853496, 35.529892582759068 ], [ -99.64368847759421, 35.518602618969695 ], [ -99.713938916916021, 35.527542041386461 ], [ -99.790829794318569, 35.55238714783281 ], [ -99.821489248873092, 35.577279775329266 ], [ -99.838248015051562, 35.567705582361057 ], [ -99.87838294638351, 35.623448144350959 ], [ -99.905690546980466, 35.635005857597825 ], [ -99.940200623026513, 35.617137605320373 ], [ -99.964164708478592, 35.624693692735669 ], [ -99.985521532883098, 35.609055465710746 ], [ -100.033878479196574, 35.632142894650435 ], [ -100.022587612271295, 35.592464500845878 ], [ -100.082871946199219, 35.609729463529135 ], [ -100.082463125516625, 35.588940663304989 ], [ -100.177154385989311, 35.657108698420856 ], [ -100.19768414313863, 35.641589513755498 ], [ -100.272830425626196, 35.643123137720814 ], [ -100.321271883440332, 35.669133522968529 ], [ -100.355297214589015, 35.669283871194956 ], [ -100.365940382230804, 35.651614682280709 ], [ -100.346196333473969, 35.610727518500298 ], [ -100.352231384525197, 35.588398007240528 ], [ -100.387016456177278, 35.591355024023535 ], [ -100.445361457489227, 35.627997857862077 ], [ -100.437298248819801, 35.555820226391901 ], [ -100.46825028421209, 35.559526851634729 ], [ -100.488113851970226, 35.592608426489726 ], [ -100.555443692875613, 35.669393636364333 ], [ -100.615449278686256, 35.684122943028598 ], [ -100.657957462188961, 35.741769906001089 ], [ -100.686396702333099, 35.747248215107945 ], [ -100.73901239152967, 35.794326452100535 ], [ -100.738545263250217, 35.80450706992093 ], [ -100.731272375654271, 35.832551585948991 ], [ -100.765686948082035, 35.843584970018178 ] ] ] } },
{ "type": "Feature", "properties": { "electoral_college": 7, "ENGTYPE_1": "State", "HASC_1": "US.OR", "GID_1": "USA.38_1", "join_name": "oregon", "ISO_1": "US-OR", "TYPE_1": "State", "NL_NAME_1": "NA", "CC_1": "NA", "NAME_1": "Oregon", "COUNTRY": "UnitedStates", "VARNAME_1": "OR|Ore.", "GID_0": "USA", "pop": 7 }, "geometry": { "type": "Polygon", "coordinates": [ [ [ -121.231873161347679, 44.183435404035585 ], [ -121.992395847997017, 44.086820420318467 ], [ -122.120076553452122, 44.071969928396847 ], [ -122.178512650418369, 44.090433043481944 ], [ -122.229257741406045, 44.090997676548746 ], [ -122.283637563954457, 44.126477666550251 ], [ -122.258654848002749, 44.169539273831852 ], [ -122.265579278601194, 44.192826562537 ], [ -122.306371464490169, 44.20920861556678 ], [ -122.275726016514682, 44.246952339195651 ], [ -122.288951642509659, 44.26380282034922 ], [ -122.265953230106803, 44.28960544915509 ], [ -122.255613111041896, 44.327436617191189 ], [ -122.209956537398412, 44.371356113607462 ], [ -122.126010868358463, 44.423589449698397 ], [ -122.126889073040061, 44.477442067037238 ], [ -122.17016074859545, 44.490674273158064 ], [ -122.194448910034851, 44.517262037603025 ], [ -122.252966676854015, 44.521182704575168 ], [ -122.249661261917524, 44.547251023740124 ], [ -122.275281530677859, 44.578799024954996 ], [ -122.115230628571837, 44.659266235364825 ], [ -122.029209354578512, 44.717110243915414 ], [ -122.000546321518087, 44.745948587587129 ], [ -121.906453964501324, 44.811615412562389 ], [ -121.868139866064169, 44.84585176200715 ], [ -121.885949738954181, 44.867939630082851 ], [ -121.860253264662489, 44.880807296628987 ], [ -121.747073678975696, 44.887909987595215 ], [ -121.661121705158024, 44.92000304020975 ], [ -121.587070070793558, 44.934972205958715 ], [ -121.558891682596311, 44.914505479427532 ], [ -121.49294708665154, 44.908844234388731 ], [ -121.553709259481181, 44.948720073974101 ], [ -121.611168327269993, 44.935480987148395 ], [ -121.69270325305385, 44.928304095565743 ], [ -121.61498690424861, 44.966568283397706 ], [ -121.537594067465108, 45.011980859805988 ], [ -121.487866594699028, 45.060191163410181 ], [ -121.430355137031995, 45.10283180588052 ], [ -121.391201854313934, 45.144425413637293 ], [ -121.31395019975912, 45.276605282839206 ], [ -121.317744520630569, 45.296386047706001 ], [ -121.298708450080952, 45.401440370895195 ], [ -121.281034564806092, 45.448009865152613 ], [ -121.303531292715661, 45.482558942671567 ], [ -121.296999644570548, 45.576357056039328 ], [ -121.328422222311815, 45.587362354941007 ], [ -121.319460426868673, 45.622113616441979 ], [ -121.363138409255455, 45.647929184119825 ], [ -121.366465115639016, 45.681624174852047 ], [ -121.343445965978674, 45.683493260112861 ], [ -121.33126223371228, 45.718297021542178 ], [ -121.339744526076814, 45.798870333010008 ], [ -121.366656980992829, 45.82586722444379 ], [ -121.336603104862647, 45.830694795529347 ], [ -121.333160878595677, 45.86886487689997 ], [ -121.365018534116984, 45.914099130016382 ], [ -121.373083329143554, 45.946410387386663 ], [ -121.423833104820588, 46.006754861598111 ], [ -121.423995406535013, 46.023392655855233 ], [ -121.382369309117351, 46.030127134495693 ], [ -121.493957846648513, 46.104868112729797 ], [ -121.456089329221896, 46.113368077585278 ], [ -121.379524289310737, 46.080841119772408 ], [ -121.355369734015369, 46.088088195340745 ], [ -121.430497615989353, 46.136872566921276 ], [ -121.499736220169666, 46.161780339133131 ], [ -121.514827310681753, 46.220378755848344 ], [ -121.508122269227371, 46.243338944141463 ], [ -121.591538487703701, 46.297842398086985 ], [ -121.660449238668704, 46.420069240762672 ], [ -121.7290080732853, 46.468167457146933 ], [ -121.664062149802646, 46.478131491915796 ], [ -121.659608237350341, 46.500343238017081 ], [ -121.733413697812338, 46.590416399524088 ], [ -121.825938436343648, 46.68049128165719 ], [ -121.788412505016453, 46.676116444085736 ], [ -121.64601203842048, 46.609409579809864 ], [ -121.615530410459741, 46.627342767341659 ], [ -121.537895595782388, 46.623313229361131 ], [ -121.484243045997985, 46.586760813600179 ], [ -121.434115688298107, 46.573403927192274 ], [ -121.333607669662172, 46.563192123471794 ], [ -121.265432492921363, 46.576500756274733 ], [ -121.224017342854097, 46.573212863116233 ], [ -121.230552859813244, 46.604421303272133 ], [ -121.175250864641797, 46.586944876323749 ], [ -121.077826811680183, 46.520599555549317 ], [ -120.931702007438176, 46.44369274934926 ], [ -120.871303448376636, 46.421468435433376 ], [ -120.726706619231223, 46.414670000935274 ], [ -120.675747320826474, 46.399102919973522 ], [ -120.618495193525362, 46.373156163220919 ], [ -120.577481194168783, 46.359697910770848 ], [ -120.543999797058021, 46.344628401551624 ], [ -120.339346037083104, 46.23855404017732 ], [ -120.300625785348714, 46.231227313801341 ], [ -120.223288586423806, 46.190856498590655 ], [ -120.192783125686461, 46.151069705931256 ], [ -120.11306107649547, 46.098704415130122 ], [ -120.028130830496153, 46.048405883653928 ], [ -119.975865699153502, 46.023778894688952 ], [ -119.984168424181433, 46.018942007124927 ], [ -119.969539522611299, 45.993822996846241 ], [ -119.891340761983102, 45.944346573130488 ], [ -119.855891806906655, 45.896830843913484 ], [ -119.767894188912351, 45.841480883390361 ], [ -119.719394717625931, 45.781325679629099 ], [ -119.695845510737783, 45.764144349424882 ], [ -119.660510237563258, 45.745364360312607 ], [ -119.508386801811625, 45.68514598163614 ], [ -119.477063068059479, 45.67966783755579 ], [ -119.346184831155, 45.637436696375943 ], [ -119.267158698879228, 45.615635742492294 ], [ -119.236565659271378, 45.612081494205661 ], [ -119.197208159504427, 45.602892128552256 ], [ -119.153368221027463, 45.586762663149742 ], [ -119.120020859016222, 45.580713245602979 ], [ -119.09785418112682, 45.575740122417471 ], [ -119.049236776595251, 45.569659793322728 ], [ -118.994527530920266, 45.57266300480552 ], [ -118.937981193258281, 45.567750532023034 ], [ -118.890328407387386, 45.571243507543286 ], [ -118.850073471133442, 45.567709356844695 ], [ -118.803344377024231, 45.569695751054518 ], [ -118.798501077234093, 45.578152058797265 ], [ -118.726897941013803, 45.5811422817576 ], [ -118.642277374029362, 45.566165769849476 ], [ -118.498882245804808, 45.563021717176944 ], [ -118.472329308139606, 45.559256597541285 ], [ -118.398287406341112, 45.541844457143156 ], [ -118.33832368142194, 45.541637963776161 ], [ -118.225126646119577, 45.521154577777949 ], [ -118.184084981239479, 45.497487670720417 ], [ -118.143253143990222, 45.496745798284664 ], [ -118.103439902818025, 45.50630881293322 ], [ -118.014411959138044, 45.498556424593581 ], [ -117.983845465129505, 45.498876574423498 ], [ -117.943072875580683, 45.491228652338854 ], [ -117.899271750126431, 45.496167722261788 ], [ -117.757924323458738, 45.495612081508746 ], [ -117.708122324060156, 45.49953095016496 ], [ -117.634841930282207, 45.489014503513566 ], [ -117.568866488707656, 45.468656735978243 ], [ -117.506401970513139, 45.461821235095343 ], [ -117.377866351346341, 45.450668478037848 ], [ -117.299569925196465, 45.44143943011769 ], [ -117.283259192156819, 45.447059502355096 ], [ -117.238072734581849, 45.446155767769696 ], [ -117.17970190716089, 45.4401784739024 ], [ -117.112603649551943, 45.439730455208576 ], [ -117.048815837647282, 45.429699564597762 ], [ -116.981842915023705, 45.424706621501564 ], [ -116.844293735367586, 45.403936721520964 ], [ -116.795871458703886, 45.415439750078917 ], [ -116.761644446699549, 45.412414546061399 ], [ -116.69902409040472, 45.395300721680059 ], [ -116.650593373532402, 45.391968485994973 ], [ -116.478749012988871, 45.372612510930892 ], [ -116.406880505626177, 45.357619291319239 ], [ -116.3351136272817, 45.3527430617576 ], [ -116.259361228815763, 45.354154217883455 ], [ -116.218363317396779, 45.363624076117624 ], [ -114.231891282517054, 45.241228341185355 ], [ -113.401849638569985, 45.115611845459973 ], [ -113.023880149724704, 45.084089080180092 ], [ -113.022569607305229, 45.082063580526132 ], [ -113.002129740154302, 45.070565962437698 ], [ -112.999465335827708, 45.061551276580701 ], [ -112.96064444849128, 45.048749467474259 ], [ -112.962205303287647, 45.041960959972812 ], [ -112.914723970709019, 45.042801820097814 ], [ -112.903397000102046, 45.035386652799346 ], [ -112.869148662785307, 45.039470881443592 ], [ -112.84746838260638, 45.032873706226468 ], [ -112.85359300513683, 45.022575153099694 ], [ -112.837688117938825, 45.016052902125089 ], [ -112.832968931758344, 45.008460321693569 ], [ -112.846957683647773, 44.999008472166807 ], [ -112.868132316631488, 44.990450063325397 ], [ -112.889906972656945, 44.975991934719978 ], [ -112.894575800823574, 44.967449901210323 ], [ -112.913886861490354, 44.958116855284651 ], [ -112.965766031961479, 44.925491745442429 ], [ -112.974838935341907, 44.913210734318 ], [ -112.984275623641494, 44.908792032397919 ], [ -113.015711067439582, 44.879448162326412 ], [ -113.044494064735233, 44.866033225265809 ], [ -113.055435656325002, 44.857079003743102 ], [ -113.07982783345588, 44.848207519864339 ], [ -113.090587744600711, 44.836656603667642 ], [ -113.085655194373132, 44.828033040434455 ], [ -113.101824127975348, 44.814561942820447 ], [ -113.143984617642545, 44.796512795588789 ], [ -113.150403922393735, 44.791018214612912 ], [ -113.203630661196584, 44.783158944853305 ], [ -113.22732573601003, 44.773778407342931 ], [ -113.291639571232821, 44.74469382959883 ], [ -113.298871612261721, 44.73736843129992 ], [ -113.3262959886857, 44.734335533395026 ], [ -113.361101781243491, 44.727069951693096 ], [ -113.356906929047824, 44.715868924275505 ], [ -113.38231853204087, 44.708277801690073 ], [ -113.346672733001355, 44.694569814532329 ], [ -113.371342795713204, 44.68901074920317 ], [ -113.34509376910988, 44.680024709183385 ], [ -113.315815189925218, 44.678034109825425 ], [ -113.282100382955193, 44.679804252465871 ], [ -113.258712773113515, 44.670543534491493 ], [ -113.244013423269763, 44.673979002622623 ], [ -113.21087566369178, 44.669780116531335 ], [ -113.210378144148933, 44.661067763526724 ], [ -113.173105179573483, 44.654155971897168 ], [ -113.189310949590109, 44.640066692379847 ], [ -113.217005633713939, 44.636241350373417 ], [ -113.217978512215154, 44.627629308271594 ], [ -113.202382954649963, 44.623346115510849 ], [ -113.202611440760222, 44.613290986943035 ], [ -113.224055636740147, 44.608492233485421 ], [ -113.219817913194817, 44.59510547101921 ], [ -113.233281379441266, 44.584619011012855 ], [ -113.265096492698888, 44.576955657762802 ], [ -113.262549074415062, 44.571519092198621 ], [ -113.647699749777786, 43.148467427703281 ], [ -113.778250709728155, 43.226516780613125 ], [ -114.441367498180966, 43.657288287627779 ], [ -115.568096156834613, 44.070479617741597 ], [ -115.932373324350152, 44.168256255603232 ], [ -116.412324402751565, 44.261208124751562 ], [ -116.743758891328199, 44.304198646260048 ], [ -117.130221303536587, 44.335727811881895 ], [ -117.863288796269956, 44.382574886763749 ], [ -117.969622169478072, 44.391250238668732 ], [ -118.323473353492503, 44.416200347920082 ], [ -118.694521931135995, 44.435343354652098 ], [ -118.986902130242939, 44.439364918329325 ], [ -119.150488378013975, 44.43511670613519 ], [ -119.43238556150142, 44.416147852540497 ], [ -120.166850563043567, 44.32595685216878 ], [ -120.321148300791251, 44.308124749323696 ], [ -120.682032076104491, 44.25595331464708 ], [ -121.176952347559464, 44.192685606616735 ], [ -121.231873161347679, 44.183435404035585 ] ], [ [ -119.153152978428452, 45.584450217017235 ], [ -119.112908586248352, 45.575622624571686 ], [ -119.118875434263984, 45.578637803452573 ], [ -119.156461566850197, 45.586365812819125 ], [ -119.153152978428452, 45.584450217017235 ] ], [ [ -119.23736776312991, 45.607271913381147 ], [ -119.226477068824479, 45.606820079563136 ], [ -119.233553596615252, 45.610102248780052 ], [ -119.266353535418816, 45.614468886277166 ], [ -119.23736776312991, 45.607271913381147 ] ], [ [ -120.236559920140479, 46.189259260997154 ], [ -120.213278640237149, 46.170558062280307 ], [ -120.209320690563572, 46.169397362492468 ], [ -120.210366839726262, 46.173033249103909 ], [ -120.223143195122177, 46.182433762021589 ], [ -120.236559920140479, 46.189259260997154 ] ], [ [ -120.996139704816315, 46.475035003465216 ], [ -121.036816478632986, 46.495378347582431 ], [ -121.083834285603302, 46.498765009766103 ], [ -120.992498619809353, 46.4525133921356 ], [ -120.996139704816315, 46.475035003465216 ] ] ] } },
{ "type": "Feature", "properties": { "electoral_college": 20, "ENGTYPE_1": "State", "HASC_1": "US.PA", "GID_1": "USA.39_1", "join_name": "pennsylvania", "ISO_1": "US-PA", "TYPE_1": "State", "NL_NAME_1": "NA", "CC_1": "NA", "NAME_1": "Pennsylvania", "COUNTRY": "UnitedStates", "VARNAME_1": "CommonwealthofPennsylvania|PA", "GID_0": "USA", "pop": 20 }, "geometry": { "type": "Polygon", "coordinates": [ [ [ -76.82557701847378, 40.721065136686235 ], [ -76.871931116801832, 40.766935280882784 ], [ -76.913606849882314, 40.796833622419101 ], [ -76.916805221811401, 40.775554166682845 ], [ -76.900718350754673, 40.744973707954053 ], [ -76.850627318891526, 40.674645347085772 ], [ -80.606326457871319, 41.168404777789092 ], [ -81.80967513941755, 40.673905466389847 ], [ -82.186683341385262, 40.51814357443898 ], [ -84.650394386043544, 40.597115642675298 ], [ -84.655678286808765, 41.005414097391352 ], [ -85.101165169959117, 43.048724349352106 ], [ -85.644507999883118, 44.748434115537918 ], [ -85.666167209679827, 44.850698195847997 ], [ -85.515828544511251, 44.917363131755486 ], [ -85.421886576665599, 44.982071394430456 ], [ -85.404362652896893, 45.03647734865595 ], [ -85.372363661509183, 45.029930826631336 ], [ -85.318793362803305, 45.043577613135525 ], [ -85.253541676821158, 45.103857558276196 ], [ -85.228026003965766, 45.117557280109246 ], [ -85.198355382651627, 45.130952215551865 ], [ -85.175473183902312, 45.145767635316204 ], [ -85.136423849673065, 45.17860483085849 ], [ -85.127164743122862, 45.188202175429225 ], [ -85.122620917451727, 44.873878679897722 ], [ -83.989529728280914, 44.929143688787576 ], [ -83.369293863301664, 44.794424262632582 ], [ -82.591591475496642, 44.597048168006658 ], [ -81.95298562821786, 44.486669166479302 ], [ -80.084849756874405, 44.362235566539439 ], [ -76.744800649592349, 43.876357352644874 ], [ -76.700740028617659, 43.846743923246549 ], [ -76.696546359943667, 43.814852332444168 ], [ -76.683077929738758, 43.799930150325963 ], [ -76.642756599606003, 43.777695251048939 ], [ -76.587473042431355, 43.733363468293959 ], [ -76.505700811477993, 43.698628588572944 ], [ -76.415097408926911, 43.533401487885875 ], [ -76.276232560813767, 43.527017964282891 ], [ -76.050885969344392, 43.461560791120384 ], [ -75.950862665717196, 43.406160240683711 ], [ -76.00020229422573, 43.353789415087064 ], [ -75.888730490852637, 43.319245009803893 ], [ -75.883938187009662, 43.235638220925765 ], [ -75.857390152820614, 43.152669115310708 ], [ -75.921919386485385, 43.136629541525899 ], [ -75.817498760057106, 43.098252158423008 ], [ -75.77835821262336, 43.059603015684516 ], [ -75.735229999078882, 43.05851037459599 ], [ -75.74213658038957, 43.041123553067052 ], [ -75.7295563798709, 43.038936921170638 ], [ -75.586970889922199, 43.045373298918555 ], [ -75.53076983558428, 43.026408183489096 ], [ -75.2197565384282, 43.027505322018861 ], [ -75.163457388332276, 43.020093657910742 ], [ -75.153405004274532, 43.01645342018665 ], [ -75.122577323052951, 43.003877126052686 ], [ -75.245548890466637, 42.992413466041803 ], [ -75.429273590426547, 42.954833266932312 ], [ -75.531256003713025, 42.922797622043312 ], [ -75.519967439004617, 42.91904039757587 ], [ -75.686911486564952, 42.87542169074456 ], [ -75.835992270323757, 42.847853947659772 ], [ -75.990692614641659, 42.80587511250603 ], [ -76.267316106959569, 42.745336637091398 ], [ -76.205523798905944, 42.736557140029774 ], [ -76.33075074143899, 42.706973112395517 ], [ -76.339426334515736, 42.703250773758072 ], [ -76.496344229212255, 42.655467148568349 ], [ -76.578991758649437, 42.634830188748161 ], [ -76.731561046077644, 42.552088898999642 ], [ -76.785261851469414, 42.416311706066445 ], [ -76.561526506165123, 42.44179424938897 ], [ -76.504489311679023, 42.419595164409301 ], [ -76.596726186110402, 42.277398500770559 ], [ -76.576979372626027, 42.210888540627927 ], [ -76.472362673420221, 42.174713541619546 ], [ -76.246918419279069, 42.155654328013497 ], [ -76.054157077918859, 41.929030834159981 ], [ -75.504199922698078, 41.600936725966889 ], [ -74.541398795114674, 40.920489760012636 ], [ -73.910617223603467, 40.54899488583537 ], [ -73.662674515885428, 40.366517668016073 ], [ -73.660356938290207, 40.339334001134397 ], [ -73.889340914105375, 40.380280535320281 ], [ -74.049887545690837, 40.444536482830571 ], [ -74.403803479036682, 40.444047587064993 ], [ -75.043443287573069, 40.576101820349514 ], [ -75.759340036207931, 40.602167000641373 ], [ -76.008150080066756, 40.641105042792098 ], [ -76.140051262531742, 40.55046388312725 ], [ -76.306141752840716, 40.590462880829996 ], [ -76.356067648313299, 40.519870850141423 ], [ -76.173687991585595, 40.213122051151295 ], [ -76.334640713920308, 40.304473487076372 ], [ -76.371442799599492, 40.284915116369959 ], [ -76.604788079476108, 40.482894721994676 ], [ -76.581968951766129, 40.428040802247892 ], [ -76.659490140403136, 40.525599971284329 ], [ -76.756923601281898, 40.643284336574496 ], [ -76.804379650941598, 40.697914085964754 ], [ -76.82557701847378, 40.721065136686235 ] ] ] } },
{ "type": "Feature", "properties": { "electoral_college": 4, "ENGTYPE_1": "State", "HASC_1": "US.RI", "GID_1": "USA.40_1", "join_name": "rhodeisland", "ISO_1": "US-RI", "TYPE_1": "State", "NL_NAME_1": "NA", "CC_1": "NA", "NAME_1": "RhodeIsland", "COUNTRY": "UnitedStates", "VARNAME_1": "StateofRhodeIslandandProvid", "GID_0": "USA", "pop": 4 }, "geometry": { "type": "MultiPolygon", "coordinates": [ [ [ [ -68.493076539670241, 40.904013759567292 ], [ -68.427124364344436, 40.905128279675701 ], [ -68.389704491614594, 40.895182645197195 ], [ -67.624213259937804, 41.27181196167578 ], [ -67.632563375877041, 43.003879109199829 ], [ -66.855045858587914, 43.070062833201433 ], [ -66.344729071477218, 42.849461666941913 ], [ -66.355247475535364, 42.829099800729864 ], [ -66.043787873439953, 42.455821058429791 ], [ -66.003534104872429, 42.337299137108054 ], [ -65.984746399370991, 42.082032741074116 ], [ -66.045813579745428, 41.896199737815145 ], [ -66.061186278834285, 41.899318237812402 ], [ -66.422140827848622, 41.63325914435957 ], [ -66.219404287499856, 41.666807165980501 ], [ -66.353019854691084, 41.458093359471818 ], [ -66.819802970669372, 41.166947348578624 ], [ -66.838021437758101, 41.131472221945231 ], [ -66.713486370939364, 41.177812840212077 ], [ -67.007983531078821, 41.022724102375946 ], [ -66.823254484355999, 41.089706390298879 ], [ -66.809629270853691, 41.088149214569093 ], [ -67.030949596064815, 41.010549554170396 ], [ -67.051499423206238, 40.999646014191882 ], [ -67.075609831689533, 40.994798719349312 ], [ -67.169908634249339, 40.961439509503585 ], [ -67.179523801957217, 40.956781685735109 ], [ -67.190735153157618, 40.954053259467038 ], [ -67.21350955688419, 40.945968449554925 ], [ -67.22423456280022, 40.943624030440311 ], [ -67.205893214091063, 40.950361800859696 ], [ -67.314111600759205, 40.923922025086227 ], [ -67.446575459579776, 40.894703709744952 ], [ -67.39895346385255, 40.903088880335922 ], [ -67.532563781607919, 40.870093615622736 ], [ -68.040436444644882, 40.836201519685268 ], [ -68.012301214636764, 40.834251177870549 ], [ -68.21419337784431, 40.82340988331854 ], [ -68.452209430357541, 40.813956443272843 ], [ -68.524593911565788, 40.817392213396623 ], [ -68.657110451960676, 40.808761921072239 ], [ -68.602135002758217, 40.831849481983959 ], [ -68.582800747668202, 40.855462453457484 ], [ -68.538850395650769, 40.87469762040125 ], [ -68.493076539670241, 40.904013759567292 ] ], [ [ -67.151840729309413, 40.970187023070373 ], [ -67.095544819303413, 40.990785632492411 ], [ -67.119043126519017, 40.986049122608925 ], [ -67.151840729309413, 40.970187023070373 ] ] ], [ [ [ -66.519246152483632, 41.279067176767867 ], [ -66.291459596736672, 41.478701149572842 ], [ -66.394544444553631, 41.343640879875231 ], [ -66.519246152483632, 41.279067176767867 ] ] ], [ [ [ -68.43889312961241, 40.74510482635322 ], [ -68.490455473368925, 40.715807995235608 ], [ -68.508422474482671, 40.689809004591474 ], [ -68.566215106059616, 40.67763110725587 ], [ -68.536109984616232, 40.708036094672735 ], [ -68.43889312961241, 40.74510482635322 ] ] ] ] } },
{ "type": "Feature", "properties": { "electoral_college": 9, "ENGTYPE_1": "State", "HASC_1": "US.SC", "GID_1": "USA.41_1", "join_name": "southcarolina", "ISO_1": "US-SC", "TYPE_1": "State", "NL_NAME_1": "NA", "CC_1": "NA", "NAME_1": "SouthCarolina", "COUNTRY": "UnitedStates", "VARNAME_1": "SC|S.C.", "GID_0": "USA", "pop": 9 }, "geometry": { "type": "MultiPolygon", "coordinates": [ [ [ [ -81.744733788472686, 31.889853775540395 ], [ -81.76791628319414, 31.898399772574376 ], [ -81.843717342074711, 31.927333894326495 ], [ -81.915122181873187, 31.938489279643576 ], [ -82.011320022362099, 31.974887839115073 ], [ -82.051173607118812, 32.009604210602653 ], [ -82.021001696834304, 32.006906609834381 ], [ -82.12543651969203, 32.065098074146178 ], [ -82.086657437830596, 32.081413594497832 ], [ -82.130224513529527, 32.112208535165266 ], [ -82.205060614352689, 32.147029139766012 ], [ -82.23558692488173, 32.17065782712455 ], [ -82.296939433837025, 32.200994293600047 ], [ -82.306775528082568, 32.226857944718866 ], [ -82.474495222752196, 32.300909993896276 ], [ -82.504871939242733, 32.322435251711305 ], [ -82.619457227768066, 32.354329987472191 ], [ -82.713633302414934, 32.391843465561919 ], [ -82.801950558032416, 32.437932598821341 ], [ -82.772237395512974, 32.445443614316353 ], [ -82.849589591091586, 32.508324230471949 ], [ -82.866597210602777, 32.544358577487976 ], [ -82.910427430169406, 32.568333389588751 ], [ -82.927487193704906, 32.606177089416541 ], [ -83.023963822411218, 32.677321121693211 ], [ -83.085289736756152, 32.702612349531144 ], [ -83.124788266462218, 32.749577928650069 ], [ -83.189605891368515, 32.793282971128633 ], [ -83.193469564029854, 32.846576494062923 ], [ -83.292461832729202, 32.904697178781532 ], [ -83.362237542294551, 32.928677664948843 ], [ -83.494130732259862, 33.011950300458537 ], [ -83.557569276301805, 33.025682716204841 ], [ -83.699941234435443, 33.086262180185273 ], [ -83.822486255805885, 33.150106179815104 ], [ -83.87478273292227, 33.1908788688919 ], [ -83.861298072851554, 33.210387026676621 ], [ -84.089078866084733, 33.310663079933462 ], [ -84.089014789784386, 33.347201922274799 ], [ -84.36126729995685, 33.483635517258833 ], [ -84.428222443934374, 33.56929598887146 ], [ -84.389902687690366, 33.614943644920153 ], [ -84.431080444884159, 33.64670858529297 ], [ -84.586601567017937, 33.706131980898256 ], [ -84.617776340925928, 33.737062920645336 ], [ -84.791748658515928, 33.844170743888242 ], [ -84.9422769983573, 33.912071446310364 ], [ -84.983507565932129, 33.909158734649452 ], [ -85.137044319041053, 33.986479820013855 ], [ -85.173684789783408, 34.045733811808894 ], [ -85.254098599942466, 34.103349395967761 ], [ -85.321047529368897, 34.188966951515098 ], [ -85.406421938695075, 34.23746053547336 ], [ -85.438908067182965, 34.276002611765939 ], [ -85.598814222118818, 34.370894239441789 ], [ -85.653139971762471, 34.389537929758475 ], [ -85.761213171923359, 34.460495046252234 ], [ -85.805589723251344, 34.503373773305697 ], [ -85.877894982102177, 34.531431811902543 ], [ -85.953714335866337, 34.641248506838828 ], [ -86.027598028319275, 34.699426909112205 ], [ -86.039408708286103, 34.7301285257887 ], [ -86.093811789802288, 34.78006753756685 ], [ -86.150176774692838, 34.810391504645992 ], [ -86.201151184246086, 34.88736994492907 ], [ -86.231383111627594, 34.956878064539325 ], [ -86.263579161643847, 34.978521071647528 ], [ -86.313206645691835, 35.037725495162348 ], [ -86.361655277585001, 35.06417468756753 ], [ -86.419973091407371, 35.15249671742815 ], [ -86.484512915715612, 35.185749481933058 ], [ -86.589385809026268, 35.186678152438091 ], [ -86.607204081123442, 35.178645527993531 ], [ -86.719803155453192, 35.219332560567636 ], [ -86.78303691524134, 35.258950565860459 ], [ -86.880246602077904, 35.296643404447224 ], [ -86.937308672689937, 35.304232163842585 ], [ -87.029374913858177, 35.343596438602766 ], [ -87.078147658435668, 35.350694575858419 ], [ -87.098247029845936, 35.3849756434944 ], [ -87.05670959242336, 35.40908155716852 ], [ -87.061656087403037, 35.433418856213272 ], [ -87.03544151045476, 35.445621876636267 ], [ -87.028265627217351, 35.454847224041259 ], [ -86.99911049362467, 35.458194306656267 ], [ -86.97947470493159, 35.493239435964341 ], [ -86.85185668239572, 35.540692472235762 ], [ -86.818050239049981, 35.598948036524135 ], [ -86.451168627078673, 35.65854955075973 ], [ -86.418197598814288, 35.642680524462428 ], [ -86.356023040689806, 35.680698426169322 ], [ -86.290690449817887, 35.683385291073819 ], [ -86.103101427134192, 35.717228573942911 ], [ -86.039899149013621, 35.743834190000101 ], [ -86.000616883844145, 35.719634667758207 ], [ -85.923167041851713, 35.720122354234029 ], [ -85.042042491956011, 35.593748762523688 ], [ -84.533488597851772, 35.473453157938977 ], [ -84.498900599639825, 35.415392566406268 ], [ -84.509962791272912, 35.377091224167188 ], [ -84.470963211039191, 35.339860922009322 ], [ -84.339140379210534, 35.377132579245753 ], [ -83.947443711347915, 35.040831222693875 ], [ -83.855801830577704, 34.847029026729885 ], [ -80.87142484676248, 34.218182432394059 ], [ -79.805391715077732, 33.509175277680981 ], [ -79.277262019476836, 33.173810873781783 ], [ -78.349811720182331, 32.716962422508011 ], [ -78.371650774217059, 32.709277548512929 ], [ -78.368549163178642, 32.687002035384054 ], [ -78.502884345343986, 32.658864575669654 ], [ -78.577342693178011, 32.638630377085512 ], [ -78.719192699604918, 32.588478799678924 ], [ -78.852360594492907, 32.528217787894519 ], [ -78.817562790326619, 32.508356192159503 ], [ -78.938341716143412, 32.461525468826544 ], [ -79.091808376694729, 32.365921025577045 ], [ -79.13442228798705, 32.349039513215196 ], [ -79.176105126699738, 32.265206411530293 ], [ -79.200369708355964, 32.287887928675865 ], [ -79.271471950140366, 32.291338033965168 ], [ -79.310294236141587, 32.302705729499017 ], [ -79.275134338003326, 32.335363631492619 ], [ -79.328820857407734, 32.337215206301636 ], [ -79.334715735881559, 32.292865634617485 ], [ -79.284575987645994, 32.264099969841716 ], [ -79.218694687230524, 32.251597207796983 ], [ -79.208827326456102, 32.225683601824329 ], [ -79.177461519637262, 32.211477946223845 ], [ -79.263187905529378, 32.16876044485641 ], [ -79.422813005864839, 32.141135656892935 ], [ -79.43672813167008, 32.121232175345163 ], [ -79.577163804881863, 32.100372656659424 ], [ -79.62832417847423, 32.12559066624889 ], [ -79.721495512034579, 32.109705478512254 ], [ -79.758354340435062, 32.088698081860436 ], [ -79.771190161982318, 32.06682044396797 ], [ -79.711787262589951, 32.04288437365377 ], [ -79.785907454071435, 32.035771638387466 ], [ -79.880924032704328, 32.017559905770703 ], [ -79.947707533550712, 32.036320446672043 ], [ -80.020938608746306, 32.007324105309834 ], [ -79.998703386339983, 31.997182356995435 ], [ -80.113498299356849, 31.985100946850888 ], [ -80.156809669773011, 32.002761971094152 ], [ -80.215391031056157, 32.011106261428807 ], [ -80.225573973056328, 31.990326082197072 ], [ -80.140663567636992, 31.978164006117638 ], [ -80.124135201848802, 31.964215458718517 ], [ -80.170585092282977, 31.929957510270999 ], [ -80.294588859389577, 31.924534461109104 ], [ -80.330003725497562, 31.931822178373473 ], [ -80.295942037415216, 31.960837561158733 ], [ -80.302855605085938, 31.976398312863576 ], [ -80.331648683284058, 31.984267375720428 ], [ -80.347481139560216, 32.015950425587803 ], [ -80.505846346965029, 32.047391524598041 ], [ -80.587795179671716, 32.035762935173295 ], [ -80.606148081229122, 32.030963549861916 ], [ -80.615565724542819, 32.019232256402702 ], [ -80.65205231817437, 32.025940908742115 ], [ -80.679964990402297, 32.012365469829838 ], [ -80.729835011758254, 32.013186432150562 ], [ -80.757889807110814, 31.98880930267681 ], [ -80.861881287180921, 32.012647374888822 ], [ -80.943355749376892, 32.013530094769408 ], [ -80.936282190553499, 31.98731127372228 ], [ -80.980750067024289, 31.975805138887811 ], [ -81.044227908790162, 31.978017768782614 ], [ -81.209093992541767, 32.005096533114319 ], [ -81.245637857084972, 32.007780096868188 ], [ -81.331919567725222, 32.035223678093608 ], [ -81.36740007743785, 32.038924912132963 ], [ -81.410582793165204, 32.055841558318569 ], [ -81.528439086967353, 32.088778427807192 ], [ -81.553566963153912, 32.097831342239793 ], [ -81.580400574415265, 32.102395902129878 ], [ -81.609938275272199, 32.102555408430845 ], [ -81.603950613457073, 32.083509562147697 ], [ -81.668959228434289, 32.092487506927114 ], [ -81.62667401210679, 32.052437506136911 ], [ -81.654216644137549, 32.035149003721259 ], [ -81.596418554784762, 32.009536355093722 ], [ -81.464512576232792, 31.935340973603246 ], [ -81.495052083944145, 31.933356942891077 ], [ -81.52750195155221, 31.910254602132522 ], [ -81.572654545014913, 31.926362825122339 ], [ -81.58237076147087, 31.925572902949636 ], [ -81.573666779826297, 31.912909888503535 ], [ -81.597992095327243, 31.909670271734779 ], [ -81.573520915550375, 31.892424762157617 ], [ -81.615076725230097, 31.900055651614124 ], [ -81.65437662482303, 31.915163540650411 ], [ -81.689997120201738, 31.905388491842142 ], [ -81.629399444095171, 31.878835966434217 ], [ -81.652488199047511, 31.873523279612328 ], [ -81.744733788472686, 31.889853775540395 ] ] ], [ [ [ -80.585792015796969, 31.94225717708839 ], [ -80.643390632386712, 31.946083811656962 ], [ -80.708836162502422, 31.972286938650225 ], [ -80.700730947868678, 31.993060413288756 ], [ -80.667700590784818, 32.010487516581065 ], [ -80.618537810942371, 32.013537683191522 ], [ -80.588340025681347, 32.006411060317369 ], [ -80.583326697180325, 32.008104569414286 ], [ -80.575580558235359, 32.003665390489886 ], [ -80.571108931890095, 32.005563181562572 ], [ -80.54611279279014, 32.004781270759061 ], [ -80.525358364565648, 31.997648793411738 ], [ -80.489481141154457, 32.00015431891822 ], [ -80.461987055270924, 31.979055699587875 ], [ -80.529519929548727, 31.975813115345371 ], [ -80.574229719675031, 31.960631177262826 ], [ -80.585387522372301, 31.942266093772083 ], [ -80.558608842615996, 31.942852647908921 ], [ -80.571397232351273, 31.960031704715583 ], [ -80.524046069210442, 31.974722782997734 ], [ -80.455035419545709, 31.977549468070603 ], [ -80.438267621681021, 31.983050287713599 ], [ -80.485876779845412, 32.001001241584689 ], [ -80.525155211509883, 31.998412070191343 ], [ -80.546640315081561, 32.006262733916508 ], [ -80.57143917589822, 32.006465855840737 ], [ -80.577234349893615, 32.0056142170043 ], [ -80.5825954910365, 32.008667972428931 ], [ -80.587526708951827, 32.008852806266823 ], [ -80.598229319408489, 32.012662423532561 ], [ -80.587780314712205, 32.017428751286957 ], [ -80.604293373366289, 32.028680499951065 ], [ -80.588861006641181, 32.034854610224109 ], [ -80.558928986087565, 32.028549131491921 ], [ -80.508365299821008, 32.046091688200981 ], [ -80.414359298378969, 32.027488126240954 ], [ -80.348996480340148, 32.006403163129512 ], [ -80.343656017437354, 31.989446740663801 ], [ -80.335638752787972, 31.983780855931812 ], [ -80.305828921758177, 31.976148509479554 ], [ -80.316784133897031, 31.948455446886253 ], [ -80.345493158580155, 31.935610572012866 ], [ -80.330469567286542, 31.914981345482634 ], [ -80.476780161803759, 31.925067330859697 ], [ -80.575742388406923, 31.919446121381483 ], [ -80.625059575464377, 31.941383519310062 ], [ -80.585792015796969, 31.94225717708839 ] ] ], [ [ [ -80.787699752794794, 31.984532724462962 ], [ -80.685241251057974, 31.96121524409612 ], [ -80.60990531999191, 31.930003361966186 ], [ -80.814221312789428, 31.912279414894037 ], [ -80.836810569696894, 31.931539800024304 ], [ -80.90867016442597, 31.962571646499057 ], [ -80.936167873656657, 32.011406153903906 ], [ -80.859761988238233, 32.011152431722955 ], [ -80.787699752794794, 31.984532724462962 ] ] ], [ [ [ -80.878322700016923, 31.92875135965334 ], [ -80.943790279876396, 31.932223198155494 ], [ -80.953341088806425, 31.970493858205749 ], [ -80.897193418213305, 31.953768642376254 ], [ -80.878322700016923, 31.92875135965334 ] ] ], [ [ [ -80.989750647673077, 31.867191818842983 ], [ -80.963363648980035, 31.852765377346923 ], [ -81.058202901099236, 31.860511338244866 ], [ -81.125643401533139, 31.880547782208751 ], [ -81.055480824413863, 31.882727129808966 ], [ -80.989750647673077, 31.867191818842983 ] ] ], [ [ [ -81.267892499704104, 32.002222919294461 ], [ -81.258175307627667, 31.980390114452508 ], [ -81.183134409511993, 31.971557997326361 ], [ -81.044691438342255, 31.937575446175249 ], [ -80.993142449412417, 31.905581209894716 ], [ -81.136812430363932, 31.908622219597458 ], [ -81.114743755410359, 31.889563887629681 ], [ -81.196613576851263, 31.872316897994729 ], [ -81.23916865992544, 31.873864157534928 ], [ -81.31445595264033, 31.944335393235061 ], [ -81.348684058516241, 31.958251397082517 ], [ -81.363707024340698, 31.986414834454614 ], [ -81.34065128387418, 31.995944914020882 ], [ -81.407262426130842, 32.019574902730817 ], [ -81.409329635924408, 32.043281353274736 ], [ -81.319884046930881, 32.024563076397641 ], [ -81.267892499704104, 32.002222919294461 ] ] ], [ [ [ -81.314730586656935, 31.859878392905443 ], [ -81.378871489787059, 31.84408554570323 ], [ -81.488104057960683, 31.849121446086308 ], [ -81.509172048332999, 31.867409841080853 ], [ -81.475778352782854, 31.871358496072371 ], [ -81.473681704705882, 31.901029929350933 ], [ -81.389384343149672, 31.912841162090157 ], [ -81.325269166285594, 31.885740911493425 ], [ -81.283715193736725, 31.860264194842284 ], [ -81.314730586656935, 31.859878392905443 ] ] ], [ [ [ -81.452684583380474, 32.062514136787804 ], [ -81.415592737454546, 32.022450378059041 ], [ -81.357660617725728, 31.99552902810499 ], [ -81.393489498652244, 32.000467947060365 ], [ -81.370000913248958, 31.984641676914446 ], [ -81.371936087268338, 31.963524644561147 ], [ -81.320367890927045, 31.934439740374881 ], [ -81.312884638393214, 31.913794601807663 ], [ -81.378442045998938, 31.935540367147212 ], [ -81.511775125415127, 31.997657970632154 ], [ -81.601839120070281, 32.05311131354069 ], [ -81.632418508438661, 32.076966273666841 ], [ -81.595286502885173, 32.081850229376798 ], [ -81.602066032567507, 32.100348468685695 ], [ -81.545719433228953, 32.094321491074624 ], [ -81.452684583380474, 32.062514136787804 ] ] ], [ [ [ -81.526712540965036, 31.890667560079113 ], [ -81.567386983758354, 31.890984772292502 ], [ -81.595259954247581, 31.909028218802977 ], [ -81.57228772866516, 31.91187389192168 ], [ -81.579005896227812, 31.924402680176886 ], [ -81.481285938283946, 31.891290978804872 ], [ -81.526712540965036, 31.890667560079113 ] ] ], [ [ [ -81.581227539881098, 31.855653776112774 ], [ -81.638223699066373, 31.889483690667969 ], [ -81.559689802771786, 31.887028756451993 ], [ -81.540481495970297, 31.866553094687642 ], [ -81.581227539881098, 31.855653776112774 ] ] ] ] } },
{ "type": "Feature", "properties": { "electoral_college": 3, "ENGTYPE_1": "State", "HASC_1": "US.SD", "GID_1": "USA.42_1", "join_name": "southdakota", "ISO_1": "US-SD", "TYPE_1": "State", "NL_NAME_1": "NA", "CC_1": "NA", "NAME_1": "SouthDakota", "COUNTRY": "UnitedStates", "VARNAME_1": "SD|S.D.", "GID_0": "USA", "pop": 3 }, "geometry": { "type": "Polygon", "coordinates": [ [ [ -104.479617528537332, 43.807153438406381 ], [ -104.495268737800515, 43.821945465920933 ], [ -104.499435409142279, 43.8234330563253 ], [ -104.503123901851751, 43.811360450534053 ], [ -104.517197595513366, 43.819109623650355 ], [ -104.540567225219107, 43.847104546519702 ], [ -104.555529204411243, 43.84794305144051 ], [ -104.549195165202846, 43.828336122257831 ], [ -104.549261799042256, 43.808992738544056 ], [ -104.557575748263574, 43.80128592247322 ], [ -104.575162816295432, 43.805356044679208 ], [ -104.593099794234448, 43.820058059309673 ], [ -104.628428563539913, 43.863772145427987 ], [ -104.668295735464952, 43.902340570240376 ], [ -104.699935332320976, 43.926372455914027 ], [ -104.714081676473882, 43.942475729918975 ], [ -104.721537051859471, 43.945992061408333 ], [ -104.740200864750392, 43.975325752969141 ], [ -105.034527337884086, 43.985738716744734 ], [ -105.132231663242848, 43.985389778141013 ], [ -105.3209856978864, 43.995660351201408 ], [ -105.604621773488901, 44.021780610769277 ], [ -105.604912262510837, 44.023264761489912 ], [ -105.96211496708321, 44.026693138371243 ], [ -107.760391860598816, 43.932490606160016 ], [ -107.226965665097609, 44.805254188812683 ], [ -107.187600379161836, 44.804350266096684 ], [ -107.308278346813736, 45.281678380757882 ], [ -105.211408074014969, 45.294532056132837 ], [ -105.104937923720527, 45.305399831240273 ], [ -104.890007877786132, 45.341358899810984 ], [ -103.698030094453841, 45.664704431234085 ], [ -103.70471494334133, 45.645803761155683 ], [ -103.721523912372149, 45.611474453930249 ], [ -103.731171390089045, 45.596857846884404 ], [ -103.74260943275965, 45.58715315818376 ], [ -103.766169678333654, 45.571123857511616 ], [ -103.790151875408228, 45.558289577228003 ], [ -103.833797732388604, 45.521214529957724 ], [ -103.90226587570676, 45.492809903394239 ], [ -103.956212951830111, 45.460816581900104 ], [ -104.010220322447552, 45.436551277414814 ], [ -104.043191778777583, 45.398361148677878 ], [ -103.968940373584772, 45.36135502085866 ], [ -103.947438938604321, 45.330242814842443 ], [ -103.89750510335864, 45.313092592027104 ], [ -103.829642928747489, 45.327062126722723 ], [ -103.729361854841571, 45.325028288450277 ], [ -103.684611602616826, 45.294338839966429 ], [ -103.692299935514669, 45.273455161607856 ], [ -103.74798831435686, 44.172862352972054 ], [ -103.895226974165794, 44.180027459489679 ], [ -103.872410771450333, 44.155312576142173 ], [ -103.87894718341586, 44.137028506503434 ], [ -103.789230614970364, 44.095397045415929 ], [ -103.789865256825678, 44.025680487244763 ], [ -103.820943406000808, 44.008217109901267 ], [ -103.788331487053711, 43.994885435071438 ], [ -103.787765661323789, 43.971421979312034 ], [ -103.695386212315029, 43.955249756686428 ], [ -103.678147762874772, 43.909077430618304 ], [ -103.644864677140461, 43.881940633247019 ], [ -103.65090299083252, 43.853986829275328 ], [ -103.700048256728934, 43.822175969522064 ], [ -103.676757073005788, 43.794790203681018 ], [ -103.694210475919945, 43.772645316943219 ], [ -103.674342840950473, 43.758100016404128 ], [ -103.704475195467083, 43.72581345818854 ], [ -103.707385340589497, 43.668670108253323 ], [ -103.72785337109427, 43.660080741384135 ], [ -103.733305641281135, 43.630157496941962 ], [ -103.767050474878502, 43.606325960918191 ], [ -103.764457048140713, 43.581224023962434 ], [ -103.639898070162914, 43.498417283154836 ], [ -103.594155098149173, 43.441723080195935 ], [ -103.582480890203144, 43.395652634040538 ], [ -103.557320594301814, 43.390909447749245 ], [ -103.586520808760326, 43.384220867831274 ], [ -103.6556891505371, 43.414670842437388 ], [ -103.701536149200706, 43.401891097141913 ], [ -103.727313802033336, 43.436761546196131 ], [ -103.795638238608319, 43.473561640479311 ], [ -103.807042185953364, 43.493335251479202 ], [ -103.790890623904659, 43.514123935194952 ], [ -103.829187733882407, 43.528195021363018 ], [ -103.892800088112196, 43.537091999411473 ], [ -103.898256652458173, 43.553976454554643 ], [ -103.944145511680688, 43.578047201001887 ], [ -103.991533285094178, 43.589996889911284 ], [ -104.005734336356852, 43.581402076836305 ], [ -104.051280802982347, 43.619113760380714 ], [ -104.100464663548223, 43.624978118937449 ], [ -104.146293129051585, 43.64201414230655 ], [ -104.159187675892056, 43.660994699220453 ], [ -104.203700577191611, 43.680105318183642 ], [ -104.221677527754409, 43.712090676043871 ], [ -104.312544798194153, 43.756046730790445 ], [ -104.338268748701068, 43.758402269616141 ], [ -104.349744529201416, 43.748708657082418 ], [ -104.359066905463393, 43.752932070330679 ], [ -104.379802175446102, 43.775241569059069 ], [ -104.402869134326806, 43.769707665946399 ], [ -104.42556753250058, 43.776476034378113 ], [ -104.454671262708928, 43.801409682436017 ], [ -104.45566094968818, 43.785413278998561 ], [ -104.479617528537332, 43.807153438406381 ] ] ] } },
{ "type": "Feature", "properties": { "electoral_college": 11, "ENGTYPE_1": "State", "HASC_1": "US.TN", "GID_1": "USA.43_1", "join_name": "tennessee", "ISO_1": "US-TN", "TYPE_1": "State", "NL_NAME_1": "NA", "CC_1": "NA", "NAME_1": "Tennessee", "COUNTRY": "UnitedStates", "VARNAME_1": "TN|Tenn.", "GID_0": "USA", "pop": 11 }, "geometry": { "type": "Polygon", "coordinates": [ [ [ -93.813500411633413, 35.157684718769708 ], [ -93.907189188723791, 35.18070728793252 ], [ -93.901413678263211, 35.173771666787587 ], [ -94.070060681312995, 35.21942120627908 ], [ -94.490827206119477, 35.316544585081473 ], [ -95.81923994809236, 35.591946507456804 ], [ -95.822528310785032, 35.596644679877599 ], [ -95.823295629286605, 35.626125377055047 ], [ -95.743156793017064, 35.602088299309244 ], [ -95.729879974460204, 35.602293087106879 ], [ -95.74991444403598, 35.678967872671912 ], [ -95.738247984882932, 35.689805455528628 ], [ -95.668726272929192, 35.66716041208489 ], [ -95.65143144517458, 35.690925462631988 ], [ -95.714294952934267, 35.726746837394273 ], [ -95.690751391555693, 35.756541099567464 ], [ -95.73713844679601, 35.795151604942497 ], [ -95.784873725326406, 35.802727549537778 ], [ -95.808469031655434, 35.844973565874511 ], [ -95.764395722932093, 35.845319871418674 ], [ -95.777975317961236, 35.876370373300283 ], [ -95.762401525201554, 35.910637074935401 ], [ -95.824911544861479, 35.94556149735115 ], [ -95.822565374763599, 35.913984314604789 ], [ -95.832325554231303, 35.910997469156825 ], [ -95.865182364668883, 35.925428231267581 ], [ -95.869259976478844, 35.953728200879816 ], [ -95.840979116504656, 35.971660669840986 ], [ -95.823190226023101, 36.001395766309834 ], [ -95.786091568387292, 35.978129382935194 ], [ -95.769366507616098, 35.934350436477963 ], [ -95.743305061483042, 35.912205639470493 ], [ -95.739731542204837, 35.981827888627706 ], [ -95.7856188287317, 36.024253547295956 ], [ -95.787668645328154, 36.059975274959555 ], [ -95.742622347414397, 36.062458167035466 ], [ -95.696234807528739, 36.026038953054183 ], [ -95.649279723174942, 36.017146137495644 ], [ -95.650300677477901, 36.029450029052427 ], [ -95.699534466663067, 36.060864823125641 ], [ -95.711587707597019, 36.097981854178258 ], [ -95.642893958500267, 36.118861644088838 ], [ -95.666319289650289, 36.155049395318045 ], [ -95.700415385796504, 36.144093191542069 ], [ -95.75896922742794, 36.185918815004513 ], [ -95.76952051267952, 36.225775563246515 ], [ -95.730328411618288, 36.242786259049367 ], [ -95.693700269948579, 36.223375739979652 ], [ -95.642555708072862, 36.233549236144086 ], [ -95.630488145033695, 36.267944488910672 ], [ -95.605706381703612, 36.280990412949798 ], [ -95.552529770061298, 36.283217515326278 ], [ -95.56030103267021, 36.303918469079534 ], [ -95.619669937035255, 36.325184502097628 ], [ -95.635030002773945, 36.356821203500488 ], [ -95.587082443104862, 36.369317695248391 ], [ -95.534069044115242, 36.344403567214016 ], [ -95.520306762314803, 36.363685093078885 ], [ -95.540906905865953, 36.386270419327523 ], [ -95.60701076332451, 36.423756376459231 ], [ -95.619138898791022, 36.461295708560435 ], [ -95.597330572122615, 36.494732326102024 ], [ -95.604239987467238, 36.532214026296906 ], [ -95.589477380163117, 36.5555755504964 ], [ -95.546643868520803, 36.568824293299485 ], [ -95.537982219218634, 36.596260136080012 ], [ -95.606117443477146, 36.646057665024124 ], [ -95.664436010242156, 36.681013192751216 ], [ -95.665684782313434, 36.699314456481943 ], [ -95.645705496019545, 36.700466368731576 ], [ -95.580494332603777, 36.687304805865971 ], [ -95.528434551249873, 36.696146518403538 ], [ -95.530535645449959, 36.721994297528148 ], [ -95.608384626147298, 36.762461974623157 ], [ -95.60292860530474, 36.787064482216955 ], [ -95.528946099540718, 36.785897048847048 ], [ -95.532433299053608, 36.826547976627417 ], [ -95.576125435907358, 36.878460295915957 ], [ -95.560844044357154, 36.918940657960931 ], [ -95.58075415435151, 36.93457220414475 ], [ -95.528404004219226, 36.932845279527839 ], [ -95.528173257480688, 36.9041911096962 ], [ -95.496742999107965, 36.891274542902025 ], [ -95.463268328206112, 36.929507191403815 ], [ -95.351344271873941, 36.936732888496579 ], [ -95.033173862652788, 36.931030022517255 ], [ -94.923917258634745, 36.933020821657053 ], [ -94.389261763745253, 36.960929568590842 ], [ -94.291592140362624, 36.968000165419276 ], [ -94.27060136638579, 37.01343613971197 ], [ -94.275980778133032, 37.068194615998095 ], [ -94.293919460507368, 37.158486089278583 ], [ -94.106094675206563, 37.171460167807012 ], [ -94.111446036905562, 37.139402176250236 ], [ -93.687777498901539, 37.20252103454861 ], [ -93.160305479515714, 37.243448295711886 ], [ -92.27153061906796, 37.260212844386679 ], [ -92.202525695328291, 37.23070362759141 ], [ -92.104277582743052, 37.258656875208949 ], [ -91.769787644056677, 37.250643426473218 ], [ -91.51746819545339, 37.238171590100492 ], [ -90.880038686419624, 37.242182432897337 ], [ -90.235010483984524, 37.276333521577975 ], [ -89.771858684828217, 37.314275113981715 ], [ -89.274030327247303, 37.28649558740301 ], [ -89.045302894374231, 37.24909935856622 ], [ -88.626071187241678, 37.169438564481972 ], [ -88.273195989072462, 37.111330056890999 ], [ -88.037096982553763, 37.084954467605179 ], [ -87.809327526072366, 37.060804106424804 ], [ -87.657422535267273, 37.051231558601273 ], [ -87.652832311677557, 37.060374772495621 ], [ -87.644091018977321, 37.067742260543113 ], [ -87.428389480693724, 37.055037819254984 ], [ -87.221084704510929, 37.049380975441913 ], [ -87.198641726003402, 37.042828330312531 ], [ -86.685470324352707, 37.023059730532971 ], [ -86.154249345701814, 37.004931336821961 ], [ -85.853313369850468, 36.991843457828161 ], [ -85.846108738885079, 37.012067543523145 ], [ -85.576997700129212, 36.998741812780814 ], [ -85.599399938911958, 36.977099305300769 ], [ -85.619427088621393, 36.926163161181435 ], [ -85.595112968339393, 36.86222668240918 ], [ -85.623218246353687, 36.804776538413797 ], [ -85.598256681893616, 36.754369519385861 ], [ -85.615724021205239, 36.736597139458958 ], [ -85.678581759475065, 36.754658883478918 ], [ -85.707933216133881, 36.747415714416711 ], [ -85.769900867609451, 36.704184267242738 ], [ -85.833983870430586, 36.583209696815565 ], [ -85.847345073353154, 36.550260897298166 ], [ -85.89618035974587, 36.530905295605059 ], [ -85.949220737537601, 36.535674707190701 ], [ -85.975274039839661, 36.57404475073578 ], [ -86.049400997256029, 36.586718922487712 ], [ -86.068818137323504, 36.565852340267021 ], [ -86.118922349765057, 36.567771680768118 ], [ -86.175501038589815, 36.555412370305824 ], [ -86.225575631948999, 36.529580286011118 ], [ -86.265508923040784, 36.457288840900539 ], [ -86.354041059282409, 36.415212784866711 ], [ -86.413155117440994, 36.430563034017723 ], [ -86.424692992679439, 36.458574805111475 ], [ -86.404912793794011, 36.485596629185999 ], [ -86.456646873884978, 36.518887327862416 ], [ -86.507497738088617, 36.501054084890981 ], [ -86.595012239001377, 36.457656248638941 ], [ -86.589583778189123, 36.435300845666625 ], [ -86.629895787115174, 36.395076143113542 ], [ -86.680692187655765, 36.420641910553996 ], [ -86.732987904241497, 36.400759654205018 ], [ -86.710844400227032, 36.371764074643295 ], [ -86.719763912528734, 36.320529027612814 ], [ -86.787212741936727, 36.261304153221275 ], [ -86.880924444805387, 36.276316281494594 ], [ -86.928466603930318, 36.257716879785875 ], [ -86.972698759740126, 36.25297659194424 ], [ -86.991735171325388, 36.223350039827267 ], [ -87.043710133254848, 36.222985592887191 ], [ -87.10669411325037, 36.15953851900376 ], [ -87.160307576521035, 36.162277042993324 ], [ -87.213618853050747, 36.126128408137596 ], [ -87.270371685469556, 36.111016058901242 ], [ -87.328567516648448, 36.068780061311429 ], [ -87.413875541152009, 36.068512518441899 ], [ -87.433010896984541, 36.079935573659199 ], [ -87.615583676693547, 36.060359294456035 ], [ -87.676533550481523, 36.023679026156096 ], [ -87.74312402403163, 36.011000526785892 ], [ -87.765968030582101, 35.978924240832413 ], [ -87.832283013117348, 35.950874475192869 ], [ -87.901247148704186, 35.894253873449998 ], [ -87.887423151099611, 35.87703343892391 ], [ -87.917592267450786, 35.836918249848978 ], [ -87.908017657340892, 35.786808148059293 ], [ -87.982875163410384, 35.740129032656831 ], [ -88.096857575897431, 35.713511380527734 ], [ -88.143269976095809, 35.730010429930367 ], [ -88.217699937948097, 35.678004090584238 ], [ -88.284945479941058, 35.448375821211243 ], [ -88.47375100332485, 35.404232483477031 ], [ -88.670051041146536, 35.353270521147429 ], [ -89.39677326167994, 35.164004769910633 ], [ -89.712976906396264, 35.109032317625804 ], [ -90.591369094858095, 35.045816553011051 ], [ -91.383097110725629, 35.018046792004881 ], [ -91.552939326945818, 35.006847036823743 ], [ -92.35602995521667, 34.968701143041777 ], [ -92.904447430196925, 34.983833793883591 ], [ -93.396651197375732, 35.047367305556762 ], [ -93.813500411633413, 35.157684718769708 ] ] ] } },
{ "type": "Feature", "properties": { "electoral_college": 38, "ENGTYPE_1": "State", "HASC_1": "US.TX", "GID_1": "USA.44_1", "join_name": "texas", "ISO_1": "US-TX", "TYPE_1": "State", "NL_NAME_1": "NA", "CC_1": "NA", "NAME_1": "Texas", "COUNTRY": "UnitedStates", "VARNAME_1": "TX|Tex.", "GID_0": "USA", "pop": 38 }, "geometry": { "type": "MultiPolygon", "coordinates": [ [ [ [ -99.189721801524726, 27.115783685651767 ], [ -99.242470078573433, 27.084291668149739 ], [ -99.296421429844955, 27.087104730200043 ], [ -99.319647634241889, 27.073547011027685 ], [ -99.304797806423039, 27.017537281883108 ], [ -99.313177845704885, 26.991683967833289 ], [ -99.351835397343962, 27.01009806999928 ], [ -99.373623295761405, 27.005260567427886 ], [ -99.404634306002492, 27.053981603152231 ], [ -99.445372613522125, 27.057753618414061 ], [ -99.50520471644316, 27.137266186152633 ], [ -99.546109275235906, 27.157477849587796 ], [ -99.577262257099704, 27.201525606437503 ], [ -99.648782929314621, 27.246040913375143 ], [ -99.685153062391151, 27.248042482539766 ], [ -99.740735310349976, 27.287884296622945 ], [ -99.76144640699323, 27.277173667167865 ], [ -99.814871897486483, 27.296697473214849 ], [ -99.844958238539064, 27.296738373886676 ], [ -99.896048354604162, 27.314721606194826 ], [ -99.943779639412384, 27.313169845795127 ], [ -99.982148843485476, 27.32594481280131 ], [ -100.039696580468075, 27.318187222485797 ], [ -100.073345005086779, 27.346128297300154 ], [ -100.096843988259721, 27.339099336424326 ], [ -100.153101738877723, 27.366845339375825 ], [ -100.173135971920104, 27.405687363850195 ], [ -100.209848592167731, 27.411388654771503 ], [ -100.236986766585005, 27.469486248820871 ], [ -100.274740188602166, 27.463742667359185 ], [ -100.331129382929433, 27.517134497353148 ], [ -100.337382425804194, 27.54652837815069 ], [ -100.372187503512606, 27.537908603571108 ], [ -100.405519161771579, 27.560885858324443 ], [ -100.49410990369789, 27.592640673400375 ], [ -100.547953986057436, 27.604364558663264 ], [ -100.574561142971675, 27.646118086352455 ], [ -100.60036925043562, 27.663228171943192 ], [ -100.613888525014858, 27.695041074729936 ], [ -100.654845459363088, 27.703262346282916 ], [ -100.674562151721062, 27.745869523652011 ], [ -100.746066511668417, 27.757723565788325 ], [ -100.837785382148766, 27.807500600604374 ], [ -100.864961407992695, 27.801912761384518 ], [ -100.89492782245938, 27.828573353178292 ], [ -100.933209192350475, 27.820530053002646 ], [ -100.961162820512968, 27.857916726468297 ], [ -100.949452084955368, 27.907230607540278 ], [ -100.989772609890451, 27.969209540522751 ], [ -101.02511525559504, 27.985530824622433 ], [ -101.043504166148153, 28.080192487442091 ], [ -101.071492239054081, 28.125313462597095 ], [ -101.092703832200485, 28.210501909509006 ], [ -101.124078412298303, 28.240647005464371 ], [ -101.131895184146344, 28.286457527570068 ], [ -101.178190903772233, 28.37582792154457 ], [ -101.221931945188828, 28.410330070296407 ], [ -101.228438055377282, 28.452366116532971 ], [ -101.270413870946129, 28.472575357612271 ], [ -101.290715916998693, 28.505162334627499 ], [ -101.283862988098676, 28.528681817722717 ], [ -101.322013131842169, 28.577866597041069 ], [ -101.3459169537593, 28.585869145089163 ], [ -101.357228813199228, 28.641546437067404 ], [ -101.343419302484918, 28.667997602755872 ], [ -101.362870284025007, 28.738709181340138 ], [ -101.355265278563834, 28.766927100246658 ], [ -101.379598204392607, 28.825116032626973 ], [ -101.381188075680484, 28.857620912550686 ], [ -101.431602985718087, 28.890024983902176 ], [ -101.449418860524673, 28.969610622806137 ], [ -101.447333512589879, 29.054032384127993 ], [ -101.458632396922127, 29.087178157499352 ], [ -101.451616525736242, 29.134879689578039 ], [ -101.474168759622785, 29.162013611391089 ], [ -101.496557990350908, 29.162764706673265 ], [ -101.493781806706622, 29.239487784686656 ], [ -101.524966187834991, 29.290717302708167 ], [ -101.558281863280911, 29.311383000399591 ], [ -101.584397955814026, 29.342364518974648 ], [ -101.611425385940407, 29.328240648015971 ], [ -101.636213752586187, 29.342825545709459 ], [ -101.643639176492201, 29.37129837264381 ], [ -101.676779247291861, 29.372633770414982 ], [ -101.776257910158861, 29.51081313090296 ], [ -101.805201009466415, 29.517231925046779 ], [ -101.833288142020763, 29.551316439029399 ], [ -101.846040919347459, 29.60673612228597 ], [ -101.870056995055876, 29.636404272377753 ], [ -101.869887753922114, 29.677242359290045 ], [ -101.912828933166111, 29.729543899920621 ], [ -101.91462535715074, 29.774406955940222 ], [ -101.9655526154624, 29.796040267783066 ], [ -102.000430183313455, 29.881753121027693 ], [ -102.025879117810305, 29.90008850201874 ], [ -102.069840649921105, 29.98084924829956 ], [ -102.133059968270331, 30.012910324055365 ], [ -102.178472579227858, 30.045181852637754 ], [ -102.190716518913533, 30.085681056810635 ], [ -102.22398082151949, 30.103423105114693 ], [ -102.263178038891823, 30.158602440401953 ], [ -102.261802983890988, 30.190041108060804 ], [ -102.320129697036151, 30.279438978643988 ], [ -102.322307112541424, 30.325944488227453 ], [ -102.348301434121581, 30.371010133575261 ], [ -102.332482456926769, 30.404730761824123 ], [ -102.379339090748587, 30.427818723851843 ], [ -102.403896689865817, 30.469388386118471 ], [ -102.399987512563243, 30.50726979741895 ], [ -102.443704794719636, 30.53939742562601 ], [ -102.460897391826734, 30.576048460213148 ], [ -102.493045137159669, 30.599866095285034 ], [ -102.513502321761763, 30.654471417372374 ], [ -102.515889614285896, 30.691245390701269 ], [ -102.548161899606228, 30.740132208335947 ], [ -102.550040215294501, 30.765633576481875 ], [ -102.628848269522109, 30.880196859426011 ], [ -102.669517130418924, 30.931429957733766 ], [ -102.673394524835317, 30.98021485179919 ], [ -102.70518731649004, 31.078048337884393 ], [ -102.728535034728196, 31.120608642730812 ], [ -102.749444075486224, 31.131990610565655 ], [ -102.813963716904354, 31.199357340390808 ], [ -102.811275551584956, 31.223570936063748 ], [ -102.861161402617839, 31.301353965575455 ], [ -102.919311077167578, 31.333436440000902 ], [ -102.929059466631372, 31.361428345084885 ], [ -102.978060048661121, 31.397132595251648 ], [ -102.987988828594126, 31.413935777548502 ], [ -103.035270522286424, 31.440351776571156 ], [ -103.069557495633873, 31.490104230821572 ], [ -103.098720721647013, 31.550704031062786 ], [ -103.123626509625566, 31.566601597291619 ], [ -103.171374388916803, 31.579814081628818 ], [ -103.21063885663213, 31.633163721519406 ], [ -103.251862118021535, 31.646163186365268 ], [ -103.274347228019622, 31.66556737279619 ], [ -103.266246523133162, 31.694441962377741 ], [ -103.281573781432513, 31.736969212938202 ], [ -103.317450826663247, 31.715057228799441 ], [ -103.329698597293813, 31.745786566265359 ], [ -103.334710213853029, 31.801137769360643 ], [ -103.393045365933062, 31.836412675452593 ], [ -103.442112477956826, 31.926381519445794 ], [ -103.470497467091789, 31.932146968262511 ], [ -103.479398695933881, 31.967816543358214 ], [ -103.512914429073675, 31.951485624719332 ], [ -103.542333471747597, 31.957128739258941 ], [ -103.546327434018067, 31.994415783038978 ], [ -103.57286525416221, 31.996756587416971 ], [ -103.57073166543411, 31.967280059997773 ], [ -103.639158993614188, 31.981491493515861 ], [ -103.674225997124722, 31.977425086755694 ], [ -103.730808622665577, 32.01738816522009 ], [ -103.75135834445588, 32.011058835937291 ], [ -103.797374851963525, 32.04893652098874 ], [ -103.808909400054688, 32.036693958998789 ], [ -103.870781878651172, 32.049595239467415 ], [ -103.896047347081094, 32.075417724858042 ], [ -103.918291852834912, 32.059935438036902 ], [ -103.960054424637761, 32.055396667346763 ], [ -104.018141057183044, 32.084242361730134 ], [ -104.052952438317021, 32.131380047458727 ], [ -104.087359185734755, 32.138000269039821 ], [ -104.154857018859104, 32.191676669109611 ], [ -104.184239655640283, 32.187700362777996 ], [ -104.20306232979614, 32.093977688821383 ], [ -104.212408594959356, 32.074723547193301 ], [ -104.236405927108393, 32.093057667011607 ], [ -104.271390646800015, 32.098467029130845 ], [ -104.316474497407256, 32.070580168620893 ], [ -104.338042447730658, 32.090783974873126 ], [ -104.371919230278394, 32.070626319864438 ], [ -104.413083931906257, 32.086912821715664 ], [ -104.422557430811267, 32.034585501670833 ], [ -104.414536797579828, 32.010037145317696 ], [ -104.440791069030524, 31.974437055832215 ], [ -104.435632281790419, 31.923618907928066 ], [ -104.454033677086713, 31.868554185817391 ], [ -104.474362768899368, 31.843503302716787 ], [ -104.467832683550228, 31.809948632957763 ], [ -104.477610001237807, 31.753782195650366 ], [ -104.465424127350701, 31.697882128424848 ], [ -104.469979499034537, 31.654822381399903 ], [ -104.49904823378165, 31.653953542146674 ], [ -104.506158752875237, 31.547391907453012 ], [ -104.470127145233391, 31.498920170919902 ], [ -104.528197598388729, 31.453806101407981 ], [ -104.551505643870343, 31.465926083312684 ], [ -104.582557787616267, 31.370637903217705 ], [ -104.616817529092543, 31.358978863738571 ], [ -104.629723761324385, 31.328212823845938 ], [ -104.62308543653829, 31.288130092220587 ], [ -104.660341470838603, 31.226948770269836 ], [ -104.674672742079224, 31.238967672096035 ], [ -104.753429363959015, 31.265773113683558 ], [ -104.793403799518202, 31.285322648198285 ], [ -104.811429300012875, 31.309876987837931 ], [ -104.849547767568367, 31.309022698799993 ], [ -104.876738494302685, 31.327876351175039 ], [ -104.97592903405922, 31.457328360907649 ], [ -105.003896837844309, 31.482290013001762 ], [ -105.0317919694034, 31.47859337049519 ], [ -105.04796428195705, 31.49815881595643 ], [ -105.134792588235456, 31.525947416164865 ], [ -105.158672965370428, 31.570292837480636 ], [ -105.185287768542253, 31.579186204551213 ], [ -105.187841257639235, 31.612478971117508 ], [ -105.221332004854901, 31.647814209423228 ], [ -105.352517053382954, 31.688583489736004 ], [ -105.403984791961264, 31.722160694150752 ], [ -105.478074995337636, 31.803816503821981 ], [ -105.515299308398014, 31.826338727060357 ], [ -105.542378089554177, 31.885747595882567 ], [ -105.561398510991509, 31.905895516157216 ], [ -105.557824902813721, 31.936774350490563 ], [ -105.612180603534981, 31.985803246118003 ], [ -105.676249061961158, 32.008061529935766 ], [ -105.767645429083984, 32.104644021121622 ], [ -105.784405108784114, 32.14344936235392 ], [ -105.816432674346245, 32.163668362543703 ], [ -105.843437669058133, 32.217760091326078 ], [ -105.855395070532339, 32.291631843312601 ], [ -105.872016733096942, 32.335264492836068 ], [ -105.91180145772222, 32.399933271475845 ], [ -105.919353210645681, 32.435124874903259 ], [ -105.982486923980204, 32.54842409815781 ], [ -105.986953396779057, 32.610641802306979 ], [ -106.017092882647475, 32.708732388570297 ], [ -106.006878470568992, 32.751211409141661 ], [ -106.023058312299, 32.818654740480468 ], [ -106.022697947413562, 32.875919384838184 ], [ -106.070826928706097, 32.988650132871825 ], [ -106.096524971120886, 33.037945454840312 ], [ -106.140344792828088, 33.093276033586257 ], [ -106.146612530998809, 33.138869825302905 ], [ -106.18560124490476, 33.176746976349136 ], [ -106.217345354165843, 33.341524618726112 ], [ -106.258324653495919, 33.447489550964598 ], [ -106.275299204959552, 33.478059757718306 ], [ -106.308241337841139, 33.491929426288159 ], [ -106.329786874327908, 33.567585248988379 ], [ -106.348681759168841, 33.602713968229388 ], [ -106.381408350717081, 33.60452243493026 ], [ -106.440162597780372, 33.709653373753426 ], [ -106.470316395341797, 33.719835689105608 ], [ -106.493262057375844, 33.767981103761144 ], [ -106.540519221627051, 33.799850365446851 ], [ -106.579174920921034, 33.844818912306977 ], [ -106.614359633851279, 33.867823020017489 ], [ -106.650181118906332, 33.913354931782287 ], [ -106.671681429515345, 33.972604968263688 ], [ -106.735622464354989, 34.060194007785782 ], [ -106.763836167774244, 34.116269065139981 ], [ -106.780436288923369, 34.127957827271914 ], [ -106.799976111418545, 34.178825996508543 ], [ -106.828098495995334, 34.278789193570361 ], [ -106.861608371736295, 34.33574364813407 ], [ -106.903239705978081, 34.378576996746176 ], [ -106.927522526070049, 34.427128004642896 ], [ -106.945061712103836, 34.433640878247139 ], [ -106.966448100241081, 34.499405417300011 ], [ -107.026360527106448, 34.652352679467867 ], [ -107.061588648297217, 34.69578064910106 ], [ -107.082203779265484, 34.786846781726361 ], [ -107.113432250292348, 34.841743672570217 ], [ -107.152931469770706, 34.860074438959735 ], [ -107.183403873963414, 34.912809591076062 ], [ -107.232677567673875, 35.02063668768038 ], [ -107.252388604167749, 35.13487622078955 ], [ -107.269913994189679, 35.174841952069762 ], [ -107.285315408513895, 35.28762629296039 ], [ -107.310831240975261, 35.427477817699639 ], [ -107.326184728736166, 35.493612324549524 ], [ -107.354346332870364, 35.549562799402821 ], [ -107.36878505377345, 35.525162593466767 ], [ -107.392784180579682, 35.622857040564234 ], [ -107.399962922240292, 35.620958162185488 ], [ -107.410544034262045, 35.641740240856848 ], [ -107.423801409056026, 35.6961351907619 ], [ -107.426341557336485, 35.734847925377444 ], [ -107.416907640396289, 35.749698525412349 ], [ -107.425255293882572, 35.81280036678168 ], [ -107.41994952976026, 35.823688240094683 ], [ -106.944953029314206, 35.704526051271742 ], [ -106.695783529953701, 35.554276110899671 ], [ -105.39009709529175, 34.850347662837912 ], [ -106.031033082449312, 35.986297045115087 ], [ -106.351694123317202, 36.45230225032563 ], [ -106.412489682515954, 36.628031118219539 ], [ -106.493994326273381, 37.07126707251691 ], [ -106.446535150171627, 37.809535787972784 ], [ -106.38386036492038, 38.007092886509533 ], [ -106.292732091377843, 38.331409642601272 ], [ -105.526932558889541, 38.583171693849621 ], [ -105.249083536389847, 38.640288889249383 ], [ -104.360310784275015, 38.765732534749588 ], [ -103.557030786137744, 38.788809605560417 ], [ -103.406711145060342, 37.819287719211637 ], [ -103.270336775567898, 36.816227399764685 ], [ -103.223048547922374, 36.83350784729668 ], [ -103.197539432564199, 36.825523872342316 ], [ -103.146104629598241, 36.790513393156317 ], [ -103.081766841558363, 36.718308638289194 ], [ -103.002107218648618, 36.656334233533698 ], [ -102.993461176338101, 36.646968105938072 ], [ -102.911254618371871, 36.630675216325855 ], [ -102.893755838490833, 36.666895960683448 ], [ -102.835844967865512, 36.655758437535212 ], [ -102.776175390739297, 36.621324159503757 ], [ -102.75080884940914, 36.624585992463729 ], [ -102.753757904430671, 36.669467720374975 ], [ -102.743853374510152, 36.688324533211663 ], [ -102.700817247685308, 36.647487103963265 ], [ -102.657134027050361, 36.623063887951211 ], [ -102.655056721736685, 36.612548229145325 ], [ -102.610675320295954, 36.570709868835607 ], [ -102.600186417703299, 36.529490601326899 ], [ -102.573956382333336, 36.464433481145505 ], [ -102.466970166249155, 36.437479845285999 ], [ -102.436032654621386, 36.452474358602466 ], [ -102.407618740741057, 36.441376798800263 ], [ -102.353378309134385, 36.397114561850799 ], [ -102.296734469693433, 36.377652290256059 ], [ -102.245688001667759, 36.346067860676904 ], [ -102.213501902064095, 36.346862150647759 ], [ -102.193268464275093, 36.368305534754761 ], [ -102.160665629349438, 36.360133970058342 ], [ -102.062757234990215, 36.263200961132824 ], [ -102.021123271104614, 36.275079738756943 ], [ -102.007122192025136, 36.329006477062116 ], [ -101.955710257787629, 36.301805727022426 ], [ -101.917205506089601, 36.294036492701998 ], [ -101.867536408960348, 36.270201740221992 ], [ -101.850099321973318, 36.296299344352676 ], [ -101.823155515584531, 36.277616703928295 ], [ -101.817672955781262, 36.250382445963787 ], [ -101.827020363647492, 36.233691973139358 ], [ -101.786355761635605, 36.167804973964287 ], [ -101.749706164702701, 36.151939509203252 ], [ -101.711498039933318, 36.149101906692238 ], [ -101.690903314806647, 36.135119651360306 ], [ -101.695658047840979, 36.097241157811098 ], [ -101.677384688298829, 36.075648062845993 ], [ -101.6933596986146, 36.063926587751261 ], [ -101.607270977610696, 36.005790968463948 ], [ -101.585449142466771, 36.006822321611928 ], [ -101.557036416885197, 36.034344315380416 ], [ -101.511589696505567, 36.101887474675927 ], [ -101.48138297919391, 36.089210449388702 ], [ -101.445203718155568, 36.058300138492385 ], [ -101.427516902331774, 36.009691069710286 ], [ -101.405733472848837, 36.005003716623051 ], [ -101.373830052116418, 36.012907430753643 ], [ -101.339246552291854, 35.988987538506727 ], [ -101.323845369146724, 35.930581042314934 ], [ -101.29222194152905, 35.907194983481517 ], [ -101.268605600841994, 35.902222622519076 ], [ -101.252410564293683, 35.932029670297304 ], [ -101.236245880276073, 35.939570003622457 ], [ -101.194308426366078, 35.929567848761607 ], [ -101.188341386967593, 35.966048355100661 ], [ -101.155300050127664, 35.944269412912497 ], [ -101.129418286878149, 35.89882443149699 ], [ -101.141812581883372, 35.880691170495588 ], [ -101.122571428197801, 35.820548372448762 ], [ -101.09074243106366, 35.777382659050033 ], [ -101.05599384738484, 35.753632712663872 ], [ -101.039125749096357, 35.766232978736575 ], [ -101.061970816879608, 35.833031459301154 ], [ -101.03792744978314, 35.843840389271634 ], [ -101.014141873590248, 35.907141340417922 ], [ -101.04038382068137, 35.957795337341615 ], [ -101.039810515335617, 35.967281842026864 ], [ -101.030431345829513, 35.955500809264002 ], [ -100.988258939999909, 35.954449392055054 ], [ -100.933987803271805, 35.864855246131611 ], [ -100.908766323803235, 35.842527772436796 ], [ -100.895212189492199, 35.857189907698171 ], [ -100.863227383511045, 35.83900876063106 ], [ -100.83757736355463, 35.800754280744293 ], [ -100.802261658219379, 35.793754258428969 ], [ -100.79170490202543, 35.815394268399416 ], [ -100.798636796782191, 35.86877832603686 ], [ -100.765686948082035, 35.843584970018178 ], [ -100.731272375654271, 35.832551585948991 ], [ -100.738545263250217, 35.80450706992093 ], [ -100.73901239152967, 35.794326452100535 ], [ -100.686396702333099, 35.747248215107945 ], [ -100.657957462188961, 35.741769906001089 ], [ -100.615449278686256, 35.684122943028598 ], [ -100.555443692875613, 35.669393636364333 ], [ -100.488113851970226, 35.592608426489726 ], [ -100.46825028421209, 35.559526851634729 ], [ -100.437298248819801, 35.555820226391901 ], [ -100.445361457489227, 35.627997857862077 ], [ -100.387016456177278, 35.591355024023535 ], [ -100.352231384525197, 35.588398007240528 ], [ -100.346196333473969, 35.610727518500298 ], [ -100.365940382230804, 35.651614682280709 ], [ -100.355297214589015, 35.669283871194956 ], [ -100.321271883440332, 35.669133522968529 ], [ -100.272830425626196, 35.643123137720814 ], [ -100.19768414313863, 35.641589513755498 ], [ -100.177154385989311, 35.657108698420856 ], [ -100.082463125516625, 35.588940663304989 ], [ -100.082871946199219, 35.609729463529135 ], [ -100.022587612271295, 35.592464500845878 ], [ -100.033878479196574, 35.632142894650435 ], [ -99.985521532883098, 35.609055465710746 ], [ -99.964164708478592, 35.624693692735669 ], [ -99.940200623026513, 35.617137605320373 ], [ -99.905690546980466, 35.635005857597825 ], [ -99.87838294638351, 35.623448144350959 ], [ -99.838248015051562, 35.567705582361057 ], [ -99.821489248873092, 35.577279775329266 ], [ -99.790829794318569, 35.55238714783281 ], [ -99.713938916916021, 35.527542041386461 ], [ -99.64368847759421, 35.518602618969695 ], [ -99.63595401853496, 35.529892582759068 ], [ -99.591167291527185, 35.510839849621988 ], [ -99.601227577606934, 35.54389506502099 ], [ -99.571271524022336, 35.581576347180047 ], [ -99.534016887198931, 35.566670650067401 ], [ -99.460623568075434, 35.536872375961181 ], [ -99.44042902604707, 35.507934895255147 ], [ -99.334981400009909, 35.446641466319008 ], [ -99.276703367202288, 35.436784539587755 ], [ -99.24492257612215, 35.389143738378209 ], [ -99.139413667648697, 35.312335142044944 ], [ -99.073315686649522, 35.297533561471873 ], [ -99.050733121867623, 35.316821173385023 ], [ -99.017048924652059, 35.277272805804024 ], [ -99.021672669840328, 35.261292250632032 ], [ -98.947450991950817, 35.232452551079952 ], [ -98.91971758339011, 35.20743948332985 ], [ -98.895912790662251, 35.206850158930486 ], [ -98.819094455760634, 35.191045490999429 ], [ -98.805145065672647, 35.161239022773991 ], [ -98.790342996883936, 35.171833988974903 ], [ -98.753003503767914, 35.149639990380876 ], [ -98.744445698940979, 35.154224097965084 ], [ -98.745955362899082, 35.166413411289334 ], [ -98.721985284897798, 35.168339885141386 ], [ -98.712153802274187, 35.163830265038904 ], [ -98.720953547308852, 35.151995743995293 ], [ -98.723895153637983, 35.131130384740267 ], [ -98.717521949496586, 35.123662913248687 ], [ -98.678868262141194, 35.111763816891546 ], [ -98.621700353188984, 35.061491895827068 ], [ -98.528935667672727, 35.06961695273236 ], [ -98.480892039497647, 35.055442297955004 ], [ -98.460454422715969, 35.083019182920154 ], [ -98.393364098035804, 35.054119258794145 ], [ -98.35409094184817, 35.053818258535749 ], [ -98.325367917510803, 35.030412826874517 ], [ -98.180733533817488, 34.427914935992597 ], [ -97.933308913038374, 33.435449757020649 ], [ -97.920368231241284, 33.389245856047012 ], [ -97.902717733169823, 33.384041253509231 ], [ -97.843596068616378, 33.310644841358332 ], [ -97.759638986041494, 33.244403908635881 ], [ -97.722479723746829, 33.187781091018813 ], [ -97.682946436949138, 33.154346815025619 ], [ -97.660063745047125, 33.119559980722805 ], [ -97.665446557868435, 33.099359816985576 ], [ -97.62645871926091, 33.044496538066561 ], [ -97.631661398718279, 33.003641605511817 ], [ -97.611764096913419, 32.948749051839265 ], [ -97.624271647778301, 32.936659194817175 ], [ -97.592284288055779, 32.884366352714792 ], [ -97.552097771359257, 32.84822549267156 ], [ -97.506393151455171, 32.826333352649542 ], [ -97.484267760277973, 32.801458864749726 ], [ -97.501000120172364, 32.776452650463547 ], [ -97.439599178434094, 32.737185015578575 ], [ -97.437155814723184, 32.703785142969224 ], [ -97.406102730318111, 32.685869666702438 ], [ -97.387448404302333, 32.648755882629288 ], [ -97.39281991689144, 32.585756765782811 ], [ -97.304178096304824, 32.518015882217348 ], [ -97.26504047820238, 32.42710713233096 ], [ -97.223730427381227, 32.428938038440606 ], [ -97.184848696331471, 32.350781443029781 ], [ -97.201251123849445, 32.325796013973601 ], [ -97.148462167861737, 32.286278994025785 ], [ -97.150235352598159, 32.225793781146038 ], [ -97.185018881983311, 32.217506820302447 ], [ -97.170898451566302, 32.187445353452048 ], [ -97.127882167348673, 32.16450984701936 ], [ -97.111940920032495, 32.134456385031733 ], [ -97.138973889399423, 32.119791565655021 ], [ -97.141457275400711, 32.080477558629788 ], [ -97.108550776157216, 32.019525965491276 ], [ -97.126264101680249, 31.995947085643298 ], [ -97.127597428950764, 31.953323941519507 ], [ -97.144043168316202, 31.945354495290164 ], [ -97.133232321189837, 31.905257721940302 ], [ -97.13568539131775, 31.862053385107036 ], [ -97.157233626709186, 31.854546327418074 ], [ -97.173763751612512, 31.819117302062995 ], [ -97.173078423522824, 31.776147652948197 ], [ -97.194019933953115, 31.761260194440307 ], [ -97.196717672088084, 31.721254220610692 ], [ -97.154951058114122, 31.681511175861445 ], [ -97.135343222767546, 31.591712182429074 ], [ -97.164963660645967, 31.550673895979916 ], [ -97.157416177218423, 31.509825162951685 ], [ -97.122604782755914, 31.448523861617286 ], [ -97.08655096978957, 31.427284196013733 ], [ -97.072572944301314, 31.392649573042576 ], [ -97.070459117984655, 31.337461000132365 ], [ -97.027956083476781, 31.248351345787974 ], [ -97.040391441297743, 31.197042082953335 ], [ -97.017304863976278, 31.17256623832245 ], [ -97.029666339892174, 31.130360528777135 ], [ -97.062295169906704, 31.098722369484072 ], [ -97.070855394250458, 30.9952208015319 ], [ -97.133015741697221, 30.932171059535207 ], [ -97.12075227585882, 30.89810207506569 ], [ -97.088642857546205, 30.874631001216333 ], [ -97.076458612290494, 30.846203290197671 ], [ -97.042600467470592, 30.816846927561084 ], [ -97.011735533187149, 30.776348747872422 ], [ -97.005634904484012, 30.760856585827177 ], [ -97.132631373189611, 30.791414235831322 ], [ -97.216718597627647, 30.792984453660502 ], [ -97.259486111135686, 30.784650444738713 ], [ -97.416159267733221, 30.735211812558834 ], [ -97.573549474158412, 30.690307221505208 ], [ -97.695860581138618, 30.642694953891006 ], [ -97.730061214284547, 30.61375954313522 ], [ -97.739618316944757, 30.578747806123914 ], [ -97.786358054421157, 30.594601924188314 ], [ -97.720911885199229, 30.66422526386695 ], [ -97.582905713117015, 30.703782625693567 ], [ -97.579394328964668, 30.732658319397579 ], [ -97.63704704129934, 30.775694777905507 ], [ -97.681989029760999, 30.767403077271268 ], [ -97.818893620316103, 30.758169004174434 ], [ -97.79667313143797, 30.879673944042505 ], [ -97.803472293523512, 30.93774266466577 ], [ -97.84375688530038, 31.017967747472117 ], [ -97.879420556386421, 31.049687987762258 ], [ -97.926015793144856, 31.03650300169339 ], [ -97.959312287392564, 30.999061512359059 ], [ -97.964580446124643, 30.944509284459421 ], [ -97.994777665383396, 30.93135711441548 ], [ -98.030861511317724, 30.978702235644199 ], [ -98.091457532299742, 31.006165897151629 ], [ -98.116759821517519, 31.026333274445957 ], [ -98.191329272650606, 31.138415265459184 ], [ -98.21066288113515, 31.110964438276191 ], [ -98.17400833108951, 31.071023004989978 ], [ -98.144093033024987, 31.015815431763393 ], [ -98.084145044897895, 30.988486073422646 ], [ -98.08758183902772, 30.932262141317384 ], [ -98.045417696718872, 30.88538089736603 ], [ -98.063236986183824, 30.840753894035775 ], [ -98.016036239500252, 30.78446642118578 ], [ -97.947713839687935, 30.753835260233704 ], [ -97.978676334781923, 30.734168023974838 ], [ -97.909175130610635, 30.679628058806465 ], [ -97.884878624826968, 30.616068034604261 ], [ -97.895470684561246, 30.577044457894015 ], [ -97.876129445104439, 30.534858794760428 ], [ -97.846068684713515, 30.514776639473759 ], [ -97.805626944890989, 30.527716132156339 ], [ -97.781901839760152, 30.522814776132151 ], [ -97.764191639284107, 30.549382384017157 ], [ -97.724648321482448, 30.53674855810042 ], [ -97.795892839720736, 30.479972978172199 ], [ -97.904545620466649, 30.413944954856998 ], [ -97.897902211954019, 30.46662108029361 ], [ -97.853738197131719, 30.497517555480258 ], [ -97.849326023454225, 30.513170270737675 ], [ -97.891050778562402, 30.544990110358384 ], [ -97.918319541648358, 30.551129260595179 ], [ -97.94898008545961, 30.51828666826885 ], [ -97.976160814859909, 30.457739058728933 ], [ -98.024599988830772, 30.427169001980289 ], [ -98.042805888033016, 30.45195088214005 ], [ -98.075970635487607, 30.458807646337213 ], [ -98.067803068654925, 30.370299330055548 ], [ -98.097522339567803, 30.357734296833385 ], [ -98.074327094131476, 30.327572613833251 ], [ -98.098671033348225, 30.298627292054068 ], [ -98.074998852821139, 30.267084995289814 ], [ -98.134153785988872, 30.19174889851028 ], [ -98.175909891023849, 30.160300852146566 ], [ -98.197003271787068, 30.129380129221961 ], [ -98.258578929492884, 30.124442476299187 ], [ -98.358358294513963, 30.068434661882257 ], [ -98.410189027577559, 30.04396039004563 ], [ -98.430525777550727, 30.061679131387891 ], [ -98.472657314334, 30.045380550532926 ], [ -98.530343614935177, 30.065061459957288 ], [ -98.644581177546982, 30.033867012937371 ], [ -98.654483223834106, 29.954898256782247 ], [ -98.598748920773332, 29.96116608687802 ], [ -98.574448875332578, 29.955034807516736 ], [ -98.750556735667772, 29.8950031454035 ], [ -98.72141298990671, 29.927642904430002 ], [ -98.677628845419662, 29.931107371677363 ], [ -98.695915228323173, 29.970928881138075 ], [ -98.724569320744465, 29.998243961058815 ], [ -98.777457461280633, 29.977918960517702 ], [ -98.828141116545709, 29.973032643367223 ], [ -98.853433794717077, 29.997772340953063 ], [ -98.877977283339561, 29.985411859054928 ], [ -98.903974424045757, 30.022614120300716 ], [ -98.876742808204199, 30.08627623780475 ], [ -98.964977531348381, 30.077318601985574 ], [ -98.969934100770686, 30.037170216034024 ], [ -99.013787428240974, 30.033116234829322 ], [ -99.023752698192268, 30.062149656954187 ], [ -99.060989143114682, 30.092153823563592 ], [ -99.063561762062164, 30.132384491940243 ], [ -99.078333650654372, 30.156913812037036 ], [ -99.111234935270971, 30.143285651188584 ], [ -99.077940234907359, 30.111898598299042 ], [ -99.073658090775993, 30.05888355111561 ], [ -99.043201635127218, 30.017694149469641 ], [ -99.075194598090505, 30.010375438787069 ], [ -99.097087817119487, 30.050185050297941 ], [ -99.131672039544839, 30.03318340742927 ], [ -99.1542530633225, 30.076592949415989 ], [ -99.198590801518037, 30.071211431095158 ], [ -99.242058314123184, 30.174242589436478 ], [ -99.290687173673945, 30.168409105361295 ], [ -99.304009764806253, 30.154867032947362 ], [ -99.240908012006102, 30.077859186541701 ], [ -99.246500930509043, 30.061756697326594 ], [ -99.22433639548106, 29.999929535219593 ], [ -99.187811794149752, 30.009114818776851 ], [ -99.142331125174223, 29.971537430334255 ], [ -99.125475602157749, 29.941896585717984 ], [ -99.008945095651328, 29.834946095881904 ], [ -99.026861074450579, 29.809763112501123 ], [ -99.125564443041242, 29.764452746976843 ], [ -99.187314610108473, 29.724951848051987 ], [ -99.227673944335223, 29.736234585267795 ], [ -99.247864980030528, 29.761569986956996 ], [ -99.265548507409463, 29.82907128124182 ], [ -99.327284573975405, 29.865516532922896 ], [ -99.329090443555444, 29.835022304426676 ], [ -99.38772852507293, 29.881101963141631 ], [ -99.402363469034697, 29.863626985798145 ], [ -99.365696031163623, 29.819242965714498 ], [ -99.332987115242517, 29.796278571515582 ], [ -99.316511418377971, 29.736856056540319 ], [ -99.326641606304733, 29.712732871942027 ], [ -99.297980575065637, 29.669454831642135 ], [ -99.322600198664034, 29.610487353559137 ], [ -99.378250204884594, 29.56818291605175 ], [ -99.393307128394412, 29.540453741913531 ], [ -99.417106139626654, 29.543388150242812 ], [ -99.417348567334713, 29.590322715008622 ], [ -99.436833105948708, 29.600604769848662 ], [ -99.441538531745792, 29.553325769622745 ], [ -99.478454554262697, 29.584740810252107 ], [ -99.497946405190547, 29.630820319231368 ], [ -99.543905595197955, 29.617046486628023 ], [ -99.57173677886361, 29.596975645246065 ], [ -99.598331683462945, 29.632546311901379 ], [ -99.623289923944711, 29.623854327243023 ], [ -99.604186705508241, 29.585485250413303 ], [ -99.63741759426037, 29.532131326151873 ], [ -99.576905546759306, 29.490059068021448 ], [ -99.564511937776288, 29.471010643224314 ], [ -99.532309702835619, 29.512952767913742 ], [ -99.498352959680233, 29.519508851643696 ], [ -99.474261453142006, 29.502966447866292 ], [ -99.453179529966022, 29.449300654672442 ], [ -99.470536658586951, 29.444350246673135 ], [ -99.477337734768525, 29.411080376294731 ], [ -99.517652743215081, 29.332120945359371 ], [ -99.54974733540493, 29.229859158428674 ], [ -99.569201707070675, 29.233207319428448 ], [ -99.610666926288303, 29.29924338310818 ], [ -99.638953512971341, 29.313226158327868 ], [ -99.688395102384618, 29.299645242676849 ], [ -99.712677646643058, 29.318991346398455 ], [ -99.792737541976976, 29.328804942859328 ], [ -99.818082755678475, 29.32256135407226 ], [ -99.803384458869658, 29.278389787152644 ], [ -99.717601903968003, 29.275890673722174 ], [ -99.724773675932838, 29.25057098574046 ], [ -99.711155231010778, 29.200531102445581 ], [ -99.650827639977294, 29.133508617486886 ], [ -99.579087789271071, 29.096122710417529 ], [ -99.606608244310706, 28.956505680855038 ], [ -99.618827227543605, 28.820091624104112 ], [ -99.613537814494251, 28.776785249624613 ], [ -99.631846764283864, 28.684123845959999 ], [ -99.686248394421426, 28.66660417060254 ], [ -99.711635969952354, 28.766353295741638 ], [ -99.698662212232605, 28.786911048169134 ], [ -99.718929743896368, 28.822238804449402 ], [ -99.741323908470548, 28.811403668455132 ], [ -99.718880147242515, 28.774822991580848 ], [ -99.742587928504378, 28.722269011106462 ], [ -99.790904398372732, 28.682964617725823 ], [ -99.826441661304429, 28.689630125292826 ], [ -99.827670319064268, 28.716115662453145 ], [ -99.861839289468122, 28.763367071308949 ], [ -99.913021872973076, 28.81451321043896 ], [ -99.882490062794716, 28.737220862898059 ], [ -99.809130829441685, 28.621642674182862 ], [ -99.779088976627349, 28.617569572553176 ], [ -99.728531873797138, 28.593998938925374 ], [ -99.701887998030728, 28.594715923622815 ], [ -99.651491434920274, 28.620489096128892 ], [ -99.628258742515087, 28.615517808015369 ], [ -99.624543870234518, 28.499581878120477 ], [ -99.615558270972528, 28.422179403322215 ], [ -99.625492841946567, 28.393188622123656 ], [ -99.59657051427719, 28.298993512160912 ], [ -99.606789225820776, 28.284725311432386 ], [ -99.674420374102311, 28.314390116855911 ], [ -99.679159171850429, 28.260472252680113 ], [ -99.669149180684343, 28.237921135939814 ], [ -99.621158076370591, 28.222460957128785 ], [ -99.624465723223338, 28.275813011758569 ], [ -99.596046485266086, 28.245513360744798 ], [ -99.583690722650104, 28.15474721430018 ], [ -99.591091045974252, 28.130327447381557 ], [ -99.660702950651299, 28.208887292969425 ], [ -99.66007164716919, 28.152219625348852 ], [ -99.615781164303286, 28.107178106205566 ], [ -99.584150200121286, 28.097340331278755 ], [ -99.55604301105808, 27.986266857940876 ], [ -99.459672830561161, 27.731517041891912 ], [ -99.463997814202003, 27.712316729452347 ], [ -99.434020173190021, 27.68314499350074 ], [ -99.404367423917023, 27.629720220690103 ], [ -99.38462393051644, 27.618340499977752 ], [ -99.362389156519228, 27.567237139446775 ], [ -99.385949739852094, 27.548492757213044 ], [ -99.360601418472285, 27.46741974904868 ], [ -99.333197509348253, 27.45573270700222 ], [ -99.322674554366742, 27.406688181249791 ], [ -99.3023908586554, 27.377172633459594 ], [ -99.297684060330639, 27.321223857103142 ], [ -99.2628961555058, 27.255127968555275 ], [ -99.201819242562451, 27.237850108493319 ], [ -99.185757557046088, 27.199523677215158 ], [ -99.200799953552547, 27.164774654131698 ], [ -99.189721801524726, 27.115783685651767 ] ] ], [ [ [ -97.736660872625492, 30.651147355016732 ], [ -97.71697275621888, 30.688933306296192 ], [ -97.688825665618111, 30.677622718373915 ], [ -97.658603717417421, 30.684371091065096 ], [ -97.640452077077612, 30.730039041175839 ], [ -97.591238388904429, 30.702119257229903 ], [ -97.717036865356093, 30.667718188439974 ], [ -97.736660872625492, 30.651147355016732 ] ] ], [ [ [ -98.981286052076854, 29.72562971002213 ], [ -99.00685277426598, 29.681875982789133 ], [ -99.051623636862075, 29.665697799332825 ], [ -99.120076749169897, 29.629873109882929 ], [ -99.202834400342979, 29.565506866746176 ], [ -99.290661790566588, 29.477038506709238 ], [ -99.302001062959704, 29.498620017304724 ], [ -99.281818442795739, 29.53870576257577 ], [ -99.307380061948308, 29.573261475585007 ], [ -99.285050393261969, 29.592935646471478 ], [ -99.248201607775243, 29.585034275942867 ], [ -99.208855783504816, 29.590059783963749 ], [ -99.17427239543872, 29.642775535473429 ], [ -99.14756020686211, 29.650801352736483 ], [ -99.129218787874393, 29.675897198050063 ], [ -99.095402242717, 29.67375806706433 ], [ -99.095642551085774, 29.69793183785816 ], [ -99.010954947385201, 29.712992381585575 ], [ -99.013922813981011, 29.76892894221303 ], [ -98.981286052076854, 29.72562971002213 ] ] ], [ [ [ -99.303262273386565, 27.614205576282451 ], [ -99.275113358193579, 27.603880022910442 ], [ -99.222419469853037, 27.454515617156915 ], [ -99.283755541023922, 27.538274393752296 ], [ -99.333230145868612, 27.648522150952719 ], [ -99.398745449187899, 27.739033731922028 ], [ -99.362573257586206, 27.731196169578272 ], [ -99.303262273386565, 27.614205576282451 ] ] ], [ [ [ -99.431859962912128, 29.287737998221996 ], [ -99.409925690807853, 29.32609721390757 ], [ -99.395612122198798, 29.380012785938423 ], [ -99.401668126931369, 29.411072271791451 ], [ -99.377850877710529, 29.462850149786462 ], [ -99.378708269395631, 29.497931253614464 ], [ -99.343077964231739, 29.541202302784171 ], [ -99.304452870630072, 29.495729356499055 ], [ -99.314250530894114, 29.448373610449696 ], [ -99.385438535574607, 29.339417644384099 ], [ -99.411599436127077, 29.285319172199536 ], [ -99.431859962912128, 29.287737998221996 ] ] ], [ [ [ -99.373997251262324, 27.806569349245112 ], [ -99.421284478030159, 27.926410482514957 ], [ -99.457809278973428, 27.982997003646915 ], [ -99.471920645320438, 28.033634397343061 ], [ -99.523973752520519, 28.180192293371356 ], [ -99.554244400985084, 28.360037501466806 ], [ -99.559030153326361, 28.406767835313239 ], [ -99.57449931130337, 28.450111622481877 ], [ -99.578690504437901, 28.542641737479418 ], [ -99.593419134325302, 28.609404773933068 ], [ -99.579674143654756, 28.662990952018749 ], [ -99.596097676153505, 28.727635105621545 ], [ -99.582714914375217, 28.765673731220538 ], [ -99.584625868518827, 28.802452687266872 ], [ -99.561716618936586, 28.897930797121361 ], [ -99.55181576806207, 28.91593937164193 ], [ -99.540756993484592, 29.016294917501895 ], [ -99.515348444802967, 29.036035397608963 ], [ -99.522012656275962, 29.071684521858952 ], [ -99.503251609005872, 29.128908097001514 ], [ -99.477546292645243, 29.15844832492153 ], [ -99.473653908029917, 29.218313173934312 ], [ -99.42481909975757, 29.222620864527865 ], [ -99.459356503950005, 29.158691517883778 ], [ -99.489451130601978, 29.076830175423673 ], [ -99.513123837626154, 28.984889316488584 ], [ -99.547019016837979, 28.827898987700681 ], [ -99.564554138108178, 28.673387684505791 ], [ -99.565320685911558, 28.54180423356479 ], [ -99.553992341628344, 28.42055614952562 ], [ -99.534866643029957, 28.305661556278562 ], [ -99.488278262382721, 28.13117463474709 ], [ -99.425949983889254, 27.960480361972824 ], [ -99.374598017840043, 27.837219430821232 ], [ -99.373997251262324, 27.806569349245112 ] ] ] ] } },
{ "type": "Feature", "properties": { "electoral_college": 6, "ENGTYPE_1": "State", "HASC_1": "US.UT", "GID_1": "USA.45_1", "join_name": "utah", "ISO_1": "US-UT", "TYPE_1": "State", "NL_NAME_1": "NA", "CC_1": "NA", "NAME_1": "Utah", "COUNTRY": "UnitedStates", "VARNAME_1": "UT", "GID_0": "USA", "pop": 6 }, "geometry": { "type": "Polygon", "coordinates": [ [ [ -109.76280075416139, 39.632749015949479 ], [ -109.769329015383647, 39.642198167218446 ], [ -110.609658013119329, 40.012019670743889 ], [ -110.998276492597569, 40.163894076812511 ], [ -111.789473425427843, 40.503842299646102 ], [ -112.320930359842848, 41.305723327337844 ], [ -112.377333992878775, 41.435056803031962 ], [ -112.394288381586335, 41.48446315138672 ], [ -112.461577867929307, 41.726283336533172 ], [ -112.472263132422043, 41.769087402011742 ], [ -112.485388513181022, 41.825245705130136 ], [ -112.512976136440585, 41.933868683163858 ], [ -112.559039944220842, 42.083080825517307 ], [ -112.629250808752431, 42.271317514420865 ], [ -112.659313701869507, 42.345697717801606 ], [ -112.424595321948757, 43.693775136692153 ], [ -112.350439977693327, 43.707324090324661 ], [ -112.243187260639317, 43.728898742300153 ], [ -111.934075416301255, 43.702782966740607 ], [ -111.414498397794986, 43.634457470297008 ], [ -111.408202875806452, 43.628832776859376 ], [ -110.931285127509156, 43.643624815692483 ], [ -110.802649608115587, 43.651912466699763 ], [ -110.370321188895105, 43.709939554361199 ], [ -110.809572758990441, 42.681065960229979 ], [ -110.296195005731263, 42.80876799844534 ], [ -110.094971594058379, 42.896533264563928 ], [ -109.674959121713016, 43.146675249790441 ], [ -109.539583428174566, 43.211300013129119 ], [ -109.465324688682912, 43.233518768656623 ], [ -109.607705749580688, 41.39207504696946 ], [ -109.539545182046112, 41.166006467741965 ], [ -109.421556031377762, 40.872486648748513 ], [ -109.356688582005617, 40.766962393413372 ], [ -109.137725325217758, 40.326167806205852 ], [ -108.819996570111087, 39.237082500633761 ], [ -109.462847099310054, 39.503143892389176 ], [ -109.76280075416139, 39.632749015949479 ] ] ] } },
{ "type": "Feature", "properties": { "electoral_college": 3, "ENGTYPE_1": "State", "HASC_1": "US.VT", "GID_1": "USA.46_1", "join_name": "vermont", "ISO_1": "US-VT", "TYPE_1": "State", "NL_NAME_1": "NA", "CC_1": "NA", "NAME_1": "Vermont", "COUNTRY": "UnitedStates", "VARNAME_1": "VT", "GID_0": "USA", "pop": 3 }, "geometry": { "type": "Polygon", "coordinates": [ [ [ -73.334108826576056, 45.792673483114797 ], [ -73.300957148812188, 45.952444109604862 ], [ -73.268662580134375, 46.044481260994687 ], [ -73.06868467722704, 46.709147237858176 ], [ -73.158066916652928, 47.628059231757916 ], [ -73.191041288190902, 47.769450722177588 ], [ -73.244558367643208, 47.820987031748906 ], [ -73.300191562509454, 47.954012043039718 ], [ -73.42219799650627, 47.967253502765402 ], [ -73.40941284208192, 47.853294849146202 ], [ -73.47947305085701, 47.868881492623245 ], [ -73.535348987154435, 48.039778930422912 ], [ -73.483897280622443, 48.30464600360385 ], [ -73.603351897298239, 48.447057125793528 ], [ -73.613785815310422, 48.549161802028529 ], [ -73.712435013678345, 48.671491085729023 ], [ -73.74969025769245, 48.797508565462053 ], [ -73.80914513601418, 48.841070067232124 ], [ -73.759322227051811, 48.942183408733101 ], [ -73.75445578204743, 48.979964956295426 ], [ -73.634227721780249, 49.042213304993069 ], [ -73.631444902711721, 49.063472753847535 ], [ -73.676218146415366, 49.10848320241552 ], [ -73.604651053613068, 49.157266998947065 ], [ -73.613706483747379, 49.173923270186975 ], [ -73.683378948685316, 49.186864809862954 ], [ -73.746904050979225, 49.191556179400749 ], [ -73.758258143623806, 49.205130918686322 ], [ -73.71465888709939, 49.230454772080982 ], [ -73.714608116440871, 49.243659064460765 ], [ -73.667750720811512, 49.261573763359195 ], [ -73.689781269101772, 49.269163744209386 ], [ -73.741615428409588, 49.271327301701206 ], [ -73.710224894736328, 49.295109571522623 ], [ -73.676713770715139, 49.303586830510355 ], [ -73.687463127472697, 49.334291602487603 ], [ -73.228744964374343, 49.356372166955765 ], [ -72.733140284365163, 49.364244881134674 ], [ -72.222575402504233, 49.333306113233235 ], [ -72.037204400481741, 49.309084335087839 ], [ -71.4497614078103, 49.186404617810105 ], [ -70.0261322211974, 48.670186369161826 ], [ -69.957255901353321, 48.644196074022361 ], [ -69.942935723827418, 48.635906244363071 ], [ -69.978420683061657, 48.648039475763525 ], [ -69.98844233575133, 48.645618525222694 ], [ -69.858936103142241, 48.569409455457269 ], [ -69.914757641464035, 48.578165611777138 ], [ -69.910902975591554, 48.556133283622124 ], [ -69.978135858767317, 48.57380218276699 ], [ -69.880169509694426, 48.520708411663669 ], [ -69.831716069232016, 48.492324943244583 ], [ -69.788501299965034, 48.473123900145026 ], [ -69.734292309010172, 48.440494504780354 ], [ -69.730770565773383, 48.434059997201203 ], [ -69.776387634939724, 48.450159493752572 ], [ -69.758292152020218, 48.438216045911794 ], [ -69.721875264543556, 48.421113981437742 ], [ -69.824821099692329, 48.457541361596007 ], [ -69.886452717337036, 48.477745643330039 ], [ -70.049228382551121, 48.541882866871262 ], [ -70.074694924629, 48.543259674693502 ], [ -70.161785981925178, 48.576300144627034 ], [ -70.231640812225592, 48.608562007631662 ], [ -70.484529264973759, 48.705698506288876 ], [ -70.538858049054809, 48.715985160761392 ], [ -70.555199931369273, 48.715180913469027 ], [ -70.516734496996918, 48.686789938372343 ], [ -70.543691560486693, 48.673062012128561 ], [ -70.471047961811834, 48.626738649140755 ], [ -70.483948214085629, 48.603590950557212 ], [ -70.418335278111599, 48.552526402944245 ], [ -70.45255538848356, 48.562595527640745 ], [ -70.504802296867467, 48.532390870161848 ], [ -70.566863491210739, 48.522456549044364 ], [ -70.518904236017391, 48.419082903092367 ], [ -70.663890422720513, 48.40820026392673 ], [ -70.693116917857395, 48.377443578477049 ], [ -70.638315566462126, 48.28822930365591 ], [ -70.700380204130738, 48.243673245461274 ], [ -71.1132139864105, 48.158069387480907 ], [ -71.114765217381546, 48.109214845608925 ], [ -71.242336291212339, 48.038978189505563 ], [ -71.236833417221163, 47.995959307617511 ], [ -71.442264388787677, 47.936831837620097 ], [ -71.534517009883928, 47.816495211259841 ], [ -71.477540337664948, 47.77560366004429 ], [ -71.645555881423604, 47.550360469035176 ], [ -71.631385649039004, 47.479913967836346 ], [ -71.803408330276767, 47.360563573716121 ], [ -71.855505945618958, 47.293568976735571 ], [ -71.948055444379705, 47.221431285956733 ], [ -71.922005536895767, 47.215687393256637 ], [ -71.977473021440105, 47.179327765193229 ], [ -72.056849598421451, 47.142037123890816 ], [ -72.044935656526562, 47.13160157344349 ], [ -72.14556009207611, 47.076750663786235 ], [ -72.33418164974664, 46.974032581929734 ], [ -72.367233595690777, 46.944286245443053 ], [ -72.407352154035479, 46.914771673105001 ], [ -72.482537840223188, 46.856995367608476 ], [ -72.502242234565273, 46.835591894446416 ], [ -72.501175950519823, 46.831320326890591 ], [ -72.412127985380209, 46.888404919886028 ], [ -72.394426707896613, 46.881483477367155 ], [ -73.111047040878915, 46.100058132286648 ], [ -73.334108826576056, 45.792673483114797 ] ] ] } },
{ "type": "Feature", "properties": { "electoral_college": 13, "ENGTYPE_1": "State", "HASC_1": "US.VA", "GID_1": "USA.47_1", "join_name": "virginia", "ISO_1": "US-VA", "TYPE_1": "State", "NL_NAME_1": "NA", "CC_1": "NA", "NAME_1": "Virginia", "COUNTRY": "UnitedStates", "VARNAME_1": "VA", "GID_0": "USA", "pop": 13 }, "geometry": { "type": "MultiPolygon", "coordinates": [ [ [ [ -74.088844559838179, 36.384353647494144 ], [ -74.219847995517043, 36.322242012322675 ], [ -74.300855291029137, 36.277133917419604 ], [ -74.315991694585719, 36.294385054436546 ], [ -74.280333463846702, 36.301810276453338 ], [ -74.231717848078929, 36.320064066127081 ], [ -74.142920378666958, 36.37350908969254 ], [ -74.088844559838179, 36.384353647494144 ] ] ], [ [ [ -74.273449530489486, 36.320716414099174 ], [ -74.297645448024213, 36.298413752206038 ], [ -74.342641077411102, 36.295001592440777 ], [ -74.365901569991095, 36.311720066728192 ], [ -74.273449530489486, 36.320716414099174 ] ] ], [ [ [ -74.749114949828297, 36.306692882094652 ], [ -74.750980731662281, 36.308168701420648 ], [ -74.738601123347522, 36.311182297447345 ], [ -74.709404280054741, 36.321634285729608 ], [ -74.306184171167928, 36.35670082088965 ], [ -74.415115089853074, 36.317623039672078 ], [ -74.393784093443116, 36.289830711695892 ], [ -74.418338774599263, 36.266014046565665 ], [ -74.472250421165185, 36.253708034675512 ], [ -74.579116291315088, 36.210300096470874 ], [ -74.638729492011549, 36.174163169765777 ], [ -74.678783123772845, 36.174485581482216 ], [ -74.728085994679347, 36.146753257464205 ], [ -74.69505344250426, 36.132986703224923 ], [ -74.73095993959447, 36.094729959491282 ], [ -74.772200075459153, 36.100205346637708 ], [ -74.82326084098618, 36.088045091305808 ], [ -74.768731732825799, 36.073506313342655 ], [ -74.749933792121325, 36.050394226568372 ], [ -74.818037461033498, 36.005743628700095 ], [ -74.839136720955736, 36.022975266389956 ], [ -74.913657137962687, 36.047903457348838 ], [ -74.958382539678766, 36.01245501878013 ], [ -75.02751008512935, 35.995739363886919 ], [ -75.063018084200579, 35.93829455120693 ], [ -75.106455645486065, 35.942780273076316 ], [ -75.152487641590326, 35.914428837360362 ], [ -75.194610362894608, 35.852705802296207 ], [ -75.187708704958013, 35.830502246755643 ], [ -75.211862302834533, 35.780897881929228 ], [ -75.200419337383124, 35.75782394910086 ], [ -75.243557295866083, 35.748959432880596 ], [ -75.255242459008073, 35.777081188490023 ], [ -75.307010262361857, 35.81800651985953 ], [ -75.323984853865824, 35.851402153383937 ], [ -75.309771372387829, 35.908857923251013 ], [ -75.251609927688889, 35.945358252292714 ], [ -75.275815424031236, 35.972348721552912 ], [ -75.245498768996555, 36.019346330684598 ], [ -75.179800929388151, 36.074586746064504 ], [ -75.196795772957515, 36.084900900844765 ], [ -75.143990055233246, 36.11616996365143 ], [ -75.081243692155581, 36.136262712529977 ], [ -75.045039638345273, 36.17051375009644 ], [ -74.993761227170694, 36.17858663169595 ], [ -74.977833288219855, 36.199978763821541 ], [ -74.899509958603346, 36.197594880285877 ], [ -74.870007714629807, 36.226968405555368 ], [ -74.806793257188048, 36.234004237079233 ], [ -74.795366972269946, 36.266632603771683 ], [ -74.904853482783878, 36.264334070974243 ], [ -74.863514670142592, 36.285954436373189 ], [ -74.748906027303661, 36.286809803197841 ], [ -74.749114949828297, 36.306692882094652 ] ] ], [ [ [ -75.282136599933551, 35.306789009029352 ], [ -75.309210429957247, 35.307476493888835 ], [ -75.4455633349869, 35.31000521661597 ], [ -75.447691933971228, 35.310058273014548 ], [ -75.904641508575025, 35.326973728843306 ], [ -76.337260000791133, 35.356357274037116 ], [ -76.3374442363382, 35.350237959528151 ], [ -77.003997442273445, 35.431579308621075 ], [ -78.077122424881864, 35.677934080789427 ], [ -79.265406600608245, 35.913752599305894 ], [ -80.762885923523271, 36.194812589343876 ], [ -82.411834948490849, 36.555378132775942 ], [ -83.233218068770114, 36.688142001770004 ], [ -84.112082086872022, 36.802222067488394 ], [ -84.582320828623878, 36.892685899688125 ], [ -84.806006959637983, 36.915828318709146 ], [ -85.305705558432905, 36.953539450825822 ], [ -85.514750306879463, 36.973380972635873 ], [ -85.599399938911958, 36.977099305300769 ], [ -85.576997700129212, 36.998741812780814 ], [ -85.846108738885079, 37.012067543523145 ], [ -85.853313369850468, 36.991843457828161 ], [ -86.154249345701814, 37.004931336821961 ], [ -86.685470324352707, 37.023059730532971 ], [ -87.198641726003402, 37.042828330312531 ], [ -87.221084704510929, 37.049380975441913 ], [ -87.428389480693724, 37.055037819254984 ], [ -87.644091018977321, 37.067742260543113 ], [ -87.63364856698243, 37.077876955966865 ], [ -87.619388372404245, 37.0879203672757 ], [ -87.469104838509736, 37.128334176380164 ], [ -87.389165332481525, 37.123819404705863 ], [ -87.304718501942446, 37.153227025918952 ], [ -87.165835007668619, 37.181172049652687 ], [ -87.105961725555147, 37.182910164742708 ], [ -87.109691062502208, 37.222177469504345 ], [ -87.056150400586262, 37.286580845729112 ], [ -86.947897490658846, 37.288277014549152 ], [ -86.882055027531223, 37.304915708212931 ], [ -86.861857725866685, 37.322148884157841 ], [ -86.858738086434613, 37.372104176004115 ], [ -86.874396008966599, 37.397251617237316 ], [ -86.837559775887613, 37.42194928548524 ], [ -86.804549708119808, 37.420990282468303 ], [ -86.740965528508724, 37.457563301269623 ], [ -86.758541463399169, 37.526926620490769 ], [ -86.677846289276843, 37.557915861509265 ], [ -86.609431559167405, 37.598587456752604 ], [ -86.505033070430812, 37.634645868939955 ], [ -86.420169310165477, 37.651512063705795 ], [ -86.107472462646683, 37.893189639992926 ], [ -86.091652589694917, 37.887687995510383 ], [ -86.08323336170416, 37.88699486878415 ], [ -86.077565750694959, 37.876119608870042 ], [ -86.076577638457877, 37.87136430094602 ], [ -86.069918508130172, 37.875078882193961 ], [ -86.062859860741383, 37.86971970710902 ], [ -86.113369202252173, 37.843115956445274 ], [ -86.102876394454597, 37.816951918533633 ], [ -86.049507554428473, 37.797298985293452 ], [ -86.031801126225531, 37.771338451329882 ], [ -86.032763042160298, 37.741719275683579 ], [ -85.983416474069685, 37.695793294595362 ], [ -85.965982765855088, 37.692611394475051 ], [ -85.926851351603574, 37.65057141325282 ], [ -85.874764968420877, 37.645149183163781 ], [ -85.848352933466671, 37.636105985132971 ], [ -85.820948516187798, 37.623162324193984 ], [ -85.73897872505286, 37.564628503842144 ], [ -85.625663118219521, 37.565561493516554 ], [ -85.530538320508327, 37.621986480243187 ], [ -85.508592441740035, 37.622955666032041 ], [ -85.495307101448091, 37.660466587305081 ], [ -85.469876957005425, 37.682321226676912 ], [ -85.413883369272909, 37.641105519050939 ], [ -85.318060345431974, 37.581948215571074 ], [ -85.270693654734174, 37.605947131038576 ], [ -85.206941836321562, 37.624710909605511 ], [ -85.116408304554525, 37.64161879743245 ], [ -85.103653899502476, 37.632617565058666 ], [ -85.039626356002898, 37.654086830757848 ], [ -85.004873143210176, 37.68445629938536 ], [ -85.043534289690072, 37.722615489972746 ], [ -85.033633970257824, 37.762326008492202 ], [ -85.012645622229968, 37.756744852218091 ], [ -84.935727031930867, 37.706205627732714 ], [ -84.8440458328473, 37.743462160901046 ], [ -84.730316440861131, 37.805394108782991 ], [ -84.676638356294433, 37.812112613957282 ], [ -84.638826974038025, 37.761361389414475 ], [ -84.441823729070322, 37.836392345272955 ], [ -84.396655770393409, 37.873162314965654 ], [ -84.465842544529522, 37.907079343622485 ], [ -84.377970996992289, 37.939343523736682 ], [ -84.324427711895723, 37.975165025158567 ], [ -84.394243663700848, 37.998395942747123 ], [ -84.462618525868152, 38.044259740838747 ], [ -84.393859230033144, 38.090865652651878 ], [ -84.391671943731566, 38.134696502586024 ], [ -84.289228883265721, 38.264885695770914 ], [ -84.254249146089037, 38.277635570154878 ], [ -84.170766967762404, 38.342787614218238 ], [ -84.059355473159371, 38.409439541107588 ], [ -84.007454332925889, 38.514520592463825 ], [ -83.978042642362226, 38.54663608260455 ], [ -84.008794445705945, 38.577605779328536 ], [ -83.97897356993056, 38.605148627572397 ], [ -83.988369157231006, 38.644313824595201 ], [ -83.895691695063661, 38.711241250340251 ], [ -83.817318850203037, 38.743068994029507 ], [ -83.861198700425845, 38.792395963124008 ], [ -83.802660741021938, 38.856701016860349 ], [ -83.773932019579775, 38.85290756862365 ], [ -83.733835702696993, 38.951352216108447 ], [ -83.75888722653788, 39.031658256497906 ], [ -83.723601739002419, 39.063845516267186 ], [ -83.740585246038805, 39.101239763386204 ], [ -83.714459837875609, 39.157945418239777 ], [ -83.570120721332444, 39.103373287470063 ], [ -83.530172017048585, 39.072237250005593 ], [ -83.415407733222054, 38.953314965205159 ], [ -83.126265121510002, 38.848821183094842 ], [ -83.077948317963404, 38.865995642867396 ], [ -83.016486014488407, 38.941499091263061 ], [ -83.033983553268314, 38.984913382605441 ], [ -83.019408127737464, 39.060543499407629 ], [ -83.022373214028434, 39.156602912711442 ], [ -82.977537161973572, 39.155325555702227 ], [ -83.013247174893706, 39.262635305843965 ], [ -83.014268817021431, 39.33068277379121 ], [ -82.981529789592571, 39.337299631912103 ], [ -82.977460623342935, 39.403478209859855 ], [ -82.749469387341264, 39.242277372999908 ], [ -82.741742391985625, 39.403546204680886 ], [ -82.716200760441097, 39.435929503803251 ], [ -82.67522101056484, 39.403632641507883 ], [ -82.639972158830375, 39.422071802196761 ], [ -82.621738713505238, 39.483030130799925 ], [ -82.577131451611734, 39.461117252933903 ], [ -82.563307401557083, 39.51037499007046 ], [ -82.59481815818215, 39.533472376121608 ], [ -82.549023143106695, 39.602858833329442 ], [ -82.520472723965469, 39.613246045500844 ], [ -82.504739109709419, 39.660540717224492 ], [ -82.553862830673822, 39.697815173489147 ], [ -82.54502539723488, 39.723274777492229 ], [ -82.570304474127369, 39.756850926538476 ], [ -82.548453528807272, 39.825031362345797 ], [ -82.549232766901611, 39.862408238790387 ], [ -82.616407508564194, 40.008704251028199 ], [ -82.002752408010053, 39.558519129806406 ], [ -82.030612805204242, 39.706094177069261 ], [ -82.027940563734873, 39.878825661978702 ], [ -82.017657752287136, 39.901438848081455 ], [ -81.970693717522494, 39.918574127706258 ], [ -81.902923417607894, 39.895321125477814 ], [ -81.830961965053959, 39.916261056070915 ], [ -81.76603475635909, 39.836140710030186 ], [ -81.676331984569686, 39.813575395332798 ], [ -81.586905459176293, 39.764397803751613 ], [ -81.598203588684456, 39.6766593593347 ], [ -81.647626453785918, 39.653104326868736 ], [ -81.653471670181375, 39.568568690723097 ], [ -81.444206547650353, 39.386910485085409 ], [ -81.180425819925134, 39.295724984539603 ], [ -80.744340993950189, 39.171445817660036 ], [ -80.545471364671968, 39.083268445743542 ], [ -80.341341879399252, 39.009588117591697 ], [ -80.314685248682878, 38.915355111372527 ], [ -80.050706247692887, 38.816013260353728 ], [ -79.736746851048778, 38.731750507732492 ], [ -79.690931695838984, 38.67531018972992 ], [ -79.802983844060478, 38.659273850859627 ], [ -79.803180585469235, 38.585037405525441 ], [ -79.300182411638545, 38.403783654678648 ], [ -79.022223473888644, 38.113691649848519 ], [ -78.663730884229793, 37.714754654051234 ], [ -78.679118615870578, 37.680027906693226 ], [ -78.96187837043577, 37.748446638897796 ], [ -79.000814070563152, 37.654774797821418 ], [ -78.797706778261443, 37.5023413385046 ], [ -79.088494162749726, 37.562303983800518 ], [ -79.355272597629678, 37.693605446396759 ], [ -79.141208196480207, 37.479010670502106 ], [ -79.155728610098521, 37.424724671508621 ], [ -79.004407032856363, 37.321107762028269 ], [ -78.623434425778498, 37.154539231066813 ], [ -78.601331121570126, 37.14154792050892 ], [ -78.268079583138459, 37.022783115476869 ], [ -78.01693588854036, 36.950854687590784 ], [ -77.998217435582902, 36.953048651891365 ], [ -77.785132343750021, 36.896805351674288 ], [ -77.731776629310048, 36.897012769571219 ], [ -77.591497991033663, 36.845489414077889 ], [ -77.522368820458638, 36.804015554092175 ], [ -77.531974633756931, 36.796353698341093 ], [ -77.34390760173369, 36.732669240491227 ], [ -77.151137026396739, 36.659708622884118 ], [ -76.898544834126213, 36.589136223329938 ], [ -76.765408955507695, 36.565076518896532 ], [ -76.634993472424156, 36.525935817342514 ], [ -76.607949520702078, 36.534822117719592 ], [ -76.530645477458478, 36.517780464665535 ], [ -76.425228114666453, 36.502378649543168 ], [ -76.381654513221491, 36.476782369044216 ], [ -76.255683907933559, 36.443882316522895 ], [ -76.231117203986173, 36.426200410277907 ], [ -76.009409145419767, 36.35681168687119 ], [ -75.88910047770274, 36.335359416782147 ], [ -75.757650165580586, 36.30429707783459 ], [ -75.712022517345588, 36.275555533116233 ], [ -75.737441497291073, 36.246549645491221 ], [ -75.815103142407082, 36.248942339082447 ], [ -75.805913005511854, 36.219948203312278 ], [ -75.771957525284662, 36.171248903294185 ], [ -75.819409012494532, 36.159131836061057 ], [ -75.786967705306225, 36.128023294031898 ], [ -75.908251662384018, 36.143559316930244 ], [ -76.019353998843968, 36.182734364583808 ], [ -76.073014025705049, 36.170482347487955 ], [ -76.123071813600887, 36.192506467888208 ], [ -76.145380117712918, 36.221906616483416 ], [ -76.255398747263513, 36.274448943101902 ], [ -76.404796046445597, 36.32684485914119 ], [ -76.440164747151073, 36.331356968075177 ], [ -76.656930501287292, 36.425851797972896 ], [ -76.724785507371337, 36.442307788695999 ], [ -76.784397740897845, 36.475738257219227 ], [ -76.878809994693171, 36.503417611135994 ], [ -76.989663419569652, 36.565825614085199 ], [ -77.029534516903098, 36.580331830681473 ], [ -77.120871392276769, 36.605622559716664 ], [ -77.17563591602385, 36.629767482967281 ], [ -77.254989161060493, 36.643984656060582 ], [ -77.31657281495167, 36.666643941536144 ], [ -77.364049010954858, 36.695070354962034 ], [ -77.496663908461485, 36.736323144006832 ], [ -77.583292516577032, 36.755093170781059 ], [ -77.530182136309136, 36.73105572058676 ], [ -77.362942208953953, 36.687750676981558 ], [ -77.328479124744206, 36.663901164464839 ], [ -77.251978114533685, 36.63719340178492 ], [ -77.188966158151985, 36.624664285026405 ], [ -77.127524655657837, 36.604043771967113 ], [ -77.01129774330299, 36.572885509588843 ], [ -76.947686141936529, 36.538020773814921 ], [ -76.90040830795617, 36.499419537868974 ], [ -76.750779709735156, 36.441299417467043 ], [ -76.633627107621024, 36.405564094861916 ], [ -76.550531702468433, 36.357239434878927 ], [ -76.459500514033692, 36.313849770927881 ], [ -76.388632185797192, 36.298352912692025 ], [ -76.367009842678812, 36.279518122590765 ], [ -76.305195762262755, 36.268244756239881 ], [ -76.236004486480383, 36.240029309816947 ], [ -76.187785912148541, 36.202803067065801 ], [ -76.189376623797898, 36.191638322586016 ], [ -76.098970676485351, 36.153731780668927 ], [ -75.986541157142071, 36.139882703168865 ], [ -75.915837451021972, 36.113932488156557 ], [ -75.805641420815405, 36.098128035873927 ], [ -75.800297335774317, 36.074818644720551 ], [ -75.892263134893028, 36.085727660050132 ], [ -75.770835369596554, 36.040311341905067 ], [ -75.712814094040752, 36.029050158393595 ], [ -75.655247343356123, 35.995403550555174 ], [ -75.660701488391936, 35.964378996362591 ], [ -75.681190392069766, 35.94314036409488 ], [ -75.665128676590939, 35.921521787776832 ], [ -75.844432797777571, 35.97866220855137 ], [ -75.910644086536379, 35.966281423285459 ], [ -75.869637514921152, 35.930737453807403 ], [ -75.809752730877719, 35.905963261970953 ], [ -75.821225118303005, 35.88671161693226 ], [ -75.967169002477021, 35.884698652135363 ], [ -75.978775841718885, 35.904910515203326 ], [ -76.050658759166751, 35.930985081014612 ], [ -76.184227176952874, 36.00759662592489 ], [ -76.315551766600095, 36.071562492770411 ], [ -76.35261429836649, 36.100532528995657 ], [ -76.46427499579633, 36.142182677680466 ], [ -76.44657341858526, 36.119394246566749 ], [ -76.399610381908971, 36.107242319307737 ], [ -76.346127941600599, 36.066937158045093 ], [ -76.265084689801142, 36.030374672181658 ], [ -76.191643514378967, 35.980658219925196 ], [ -76.079587572741303, 35.916537362135699 ], [ -76.035307816379131, 35.907298086098301 ], [ -75.99081688695216, 35.884152868428131 ], [ -75.906563910994606, 35.858415819617278 ], [ -75.849703723019829, 35.858166467292172 ], [ -75.804711522892205, 35.832857803341994 ], [ -75.668520181053012, 35.773892556647979 ], [ -75.633254236821728, 35.7429020618682 ], [ -75.66044030353703, 35.698159987546475 ], [ -75.753656097588589, 35.68203393162748 ], [ -75.795980687366637, 35.659259866973045 ], [ -75.82108504347066, 35.660387019239174 ], [ -75.873688932418133, 35.712208864769799 ], [ -75.94705306352536, 35.739449046947534 ], [ -75.963525337812484, 35.759308114275413 ], [ -76.015071356317591, 35.766626332328535 ], [ -76.074590611768514, 35.794592266743763 ], [ -76.099029285538251, 35.815771711020957 ], [ -76.079182695227843, 35.830682455613207 ], [ -76.110782531345762, 35.862157331856906 ], [ -76.164468761600048, 35.886317543769714 ], [ -76.207144224788181, 35.891045976030192 ], [ -76.283863642234422, 35.875346823258141 ], [ -76.345803528392096, 35.914099788805061 ], [ -76.387167868840933, 35.927522911360455 ], [ -76.485864195322321, 35.946243475825227 ], [ -76.553148820558661, 35.948103181530421 ], [ -76.680979092297932, 36.023621579250225 ], [ -76.734541204848242, 36.01081854473513 ], [ -76.779919641878266, 36.047514852238137 ], [ -76.904475560487029, 36.062926316629834 ], [ -76.999012721338147, 36.095333580470751 ], [ -77.073786750836206, 36.108909657629304 ], [ -77.03826465411197, 36.080501402443808 ], [ -76.967808361421021, 36.071916116488701 ], [ -76.910742283706639, 36.047277143186037 ], [ -76.794133669525436, 36.036989690748094 ], [ -76.764097044588254, 36.007529564314957 ], [ -76.711390769643387, 35.992639665682766 ], [ -76.671161112021849, 36.013036981701205 ], [ -76.607943751715581, 35.959558981282889 ], [ -76.472777094580792, 35.90438154584777 ], [ -76.430764850946545, 35.906547958647892 ], [ -76.367829018662064, 35.895687074875127 ], [ -76.259648339110171, 35.841101787125858 ], [ -76.217181394083084, 35.835555204645651 ], [ -76.192037671718367, 35.869700011059813 ], [ -76.157550097811523, 35.847926816924087 ], [ -76.160815582621098, 35.824398234250012 ], [ -76.131469151393361, 35.7887394375376 ], [ -76.140760021251353, 35.766698583211621 ], [ -76.106583725327241, 35.737888233155957 ], [ -76.013281022908885, 35.716601148368092 ], [ -75.889440087227882, 35.657505223078502 ], [ -75.875756835041813, 35.623461366271194 ], [ -75.760054877734447, 35.603598298116204 ], [ -75.721672890803504, 35.622032161060062 ], [ -75.709474109551351, 35.581457621985109 ], [ -75.670943397474034, 35.589170641910783 ], [ -75.694014510268715, 35.61456831175294 ], [ -75.695886960681236, 35.649003520659875 ], [ -75.637299308278045, 35.636508446539452 ], [ -75.601556736921793, 35.643114565073375 ], [ -75.563359946881576, 35.627004262783068 ], [ -75.389765024949824, 35.595008306539512 ], [ -75.32524802499286, 35.611331012243625 ], [ -75.278671068553592, 35.605885070184158 ], [ -75.243701042925636, 35.553200775323496 ], [ -75.213327230291071, 35.479279192362668 ], [ -75.128921855916971, 35.356142192675271 ], [ -75.110349720313124, 35.305201391104994 ], [ -75.147521313244113, 35.308562080496436 ], [ -75.144114890027794, 35.336236204322518 ], [ -75.168727437869492, 35.376570373940289 ], [ -75.169240437895496, 35.403546809929388 ], [ -75.201442574048087, 35.444538523410664 ], [ -75.259679805152274, 35.375554276869629 ], [ -75.246415942991632, 35.333988133231223 ], [ -75.282136599933551, 35.306789009029352 ] ] ], [ [ [ -75.106816850908615, 35.86732890867129 ], [ -75.135138864431596, 35.824990974122244 ], [ -75.110784341958933, 35.804165278630087 ], [ -75.02479390549874, 35.806374378850371 ], [ -75.146617589087555, 35.748357492061849 ], [ -75.169054148712888, 35.790471277056533 ], [ -75.15289948573529, 35.864255394326122 ], [ -75.106816850908615, 35.86732890867129 ] ] ] ] } },
{ "type": "Feature", "properties": { "electoral_college": 12, "ENGTYPE_1": "State", "HASC_1": "US.WA", "GID_1": "USA.48_1", "join_name": "washington", "ISO_1": "US-WA", "TYPE_1": "State", "NL_NAME_1": "NA", "CC_1": "NA", "NAME_1": "Washington", "COUNTRY": "UnitedStates", "VARNAME_1": "WA|Wash.", "GID_0": "USA", "pop": 12 }, "geometry": { "type": "MultiPolygon", "coordinates": [ [ [ [ -119.660510237563258, 45.745364360312607 ], [ -119.695845510737783, 45.764144349424882 ], [ -119.719394717625931, 45.781325679629099 ], [ -119.767894188912351, 45.841480883390361 ], [ -119.855891806906655, 45.896830843913484 ], [ -119.891340761983102, 45.944346573130488 ], [ -119.969539522611299, 45.993822996846241 ], [ -119.984168424181433, 46.018942007124927 ], [ -119.975865699153502, 46.023778894688952 ], [ -120.028130830496153, 46.048405883653928 ], [ -120.11306107649547, 46.098704415130122 ], [ -120.192783125686461, 46.151069705931256 ], [ -120.223288586423806, 46.190856498590655 ], [ -120.300625785348714, 46.231227313801341 ], [ -120.339346037083104, 46.23855404017732 ], [ -120.543999797058021, 46.344628401551624 ], [ -120.577481194168783, 46.359697910770848 ], [ -120.618495193525362, 46.373156163220919 ], [ -120.675747320826474, 46.399102919973522 ], [ -120.726706619231223, 46.414670000935274 ], [ -120.871303448376636, 46.421468435433376 ], [ -120.931702007438176, 46.44369274934926 ], [ -121.077826811680183, 46.520599555549317 ], [ -121.175250864641797, 46.586944876323749 ], [ -121.230552859813244, 46.604421303272133 ], [ -121.338111664551604, 46.619284699355532 ], [ -121.448779564108449, 46.650103777006031 ], [ -121.516805647795294, 46.697574745367469 ], [ -121.568902363481911, 46.682994328421586 ], [ -121.633106804639326, 46.702886799749848 ], [ -121.70051388547266, 46.683646158632151 ], [ -121.74789647058725, 46.696945718821318 ], [ -121.812906282545711, 46.729519741689977 ], [ -121.874563232959929, 46.771126735033022 ], [ -121.925571508116889, 46.785125627893166 ], [ -121.983206787468447, 46.77253306064614 ], [ -122.006353793018206, 46.864453120681958 ], [ -122.065048374727766, 46.989979391664839 ], [ -122.117215840514618, 47.079254018196508 ], [ -122.03943408525781, 47.022369392433617 ], [ -122.011544016513284, 46.94375818981279 ], [ -121.943827338487566, 46.84123237702719 ], [ -121.881942152830788, 46.827878323366143 ], [ -121.874259829595658, 46.844365496875341 ], [ -121.826932996530559, 46.856723685314094 ], [ -121.843478723303164, 46.879540972720093 ], [ -121.895366146094659, 46.907276788406065 ], [ -121.885527667529416, 46.934200569096888 ], [ -121.84804805986478, 46.928914637555103 ], [ -121.865820979072225, 46.960499559593352 ], [ -121.970943076412766, 47.031950785524913 ], [ -121.945274605250205, 47.038675028207734 ], [ -121.952135021092843, 47.079126980796602 ], [ -121.864418903390501, 47.092987679848001 ], [ -121.918222566017121, 47.119724231081044 ], [ -122.003895000301014, 47.132370206329348 ], [ -122.053374280329535, 47.126414580197626 ], [ -122.192650196267778, 47.183619736558818 ], [ -122.223200981751262, 47.245109597639768 ], [ -122.223336770255983, 47.285620505590913 ], [ -122.191021242046773, 47.3039873910311 ], [ -122.123736369268812, 47.320390614625197 ], [ -122.004569801101951, 47.314437813414713 ], [ -121.993537556077655, 47.335087063841755 ], [ -122.193661239960647, 47.390596555234133 ], [ -122.218361796900837, 47.428097854236093 ], [ -122.314020573935508, 47.454785229315441 ], [ -122.358539215537817, 47.449977934680113 ], [ -122.304211003251069, 47.373213895631608 ], [ -122.354751940171482, 47.366460384749651 ], [ -122.400667932768741, 47.483476074456618 ], [ -122.4382016762289, 47.55310943542851 ], [ -122.487032867778012, 47.627786770906184 ], [ -122.544246473327021, 47.70095352019915 ], [ -122.604858183058226, 47.732040455959236 ], [ -122.666801270341622, 47.781279605226246 ], [ -122.701521275586217, 47.829836429921819 ], [ -122.719796856255485, 47.875031780028479 ], [ -122.790408401577778, 47.999928879784164 ], [ -122.911811084500698, 48.160062946444206 ], [ -122.966091667486239, 48.189768346065335 ], [ -123.007936491310929, 48.240451330026907 ], [ -123.168631629063881, 48.317975854335614 ], [ -123.204287681404253, 48.362926149484906 ], [ -123.252889562750752, 48.4012131055512 ], [ -123.249973487591433, 48.41493855174388 ], [ -123.287553147402022, 48.482115786328478 ], [ -123.299184813256304, 48.523075537999617 ], [ -123.370116431306073, 48.591660057340533 ], [ -123.338587974923797, 48.611027527437706 ], [ -123.356275674756418, 48.654716296299974 ], [ -123.337939124442698, 48.670445478944366 ], [ -123.350758327440687, 48.699222763062984 ], [ -123.329676493730915, 48.732456397975973 ], [ -123.390795876250522, 48.763853982114746 ], [ -123.424651876344257, 48.793833806830811 ], [ -123.378881022120382, 48.796359311888672 ], [ -123.321594624719211, 48.783423742567678 ], [ -123.294261008052061, 48.763812225807392 ], [ -123.234345322832326, 48.75743034585286 ], [ -123.0104074784538, 48.655333730326518 ], [ -122.853510139051281, 48.616700904284897 ], [ -122.707621465901198, 48.558709615827091 ], [ -122.679785850223936, 48.53765173073964 ], [ -122.606677409331539, 48.506682527762798 ], [ -122.525065706442632, 48.484547921352274 ], [ -122.392980123994789, 48.457228483402893 ], [ -122.222291455762303, 48.44521468036406 ], [ -122.078271094804876, 48.398839085254316 ], [ -122.051594221974327, 48.408416506834229 ], [ -122.005817876935936, 48.386116446033192 ], [ -121.89891792242652, 48.35738842061442 ], [ -121.797277496895106, 48.338257496989009 ], [ -121.696089679499167, 48.328220858812792 ], [ -121.644959975790854, 48.34924430734101 ], [ -121.580847157688069, 48.346490400455551 ], [ -121.498447798480029, 48.301092166387427 ], [ -121.464703905500272, 48.266357552954943 ], [ -121.394435601011182, 48.266044065502669 ], [ -121.326620842847561, 48.254899942583769 ], [ -121.332469869269772, 48.233071575222631 ], [ -121.269984272162858, 48.200246132048662 ], [ -121.295082828780707, 48.259963636773037 ], [ -121.243279454812836, 48.279186428212547 ], [ -121.198602354060625, 48.280134784934219 ], [ -121.144250759064548, 48.247680974189521 ], [ -121.193853533090902, 48.226328766646006 ], [ -121.10052517837633, 48.16099923321179 ], [ -121.065906880799787, 48.112029541477774 ], [ -121.007197402623731, 48.074382033945064 ], [ -120.925771569388402, 47.988796232445381 ], [ -120.989118183406433, 47.984423136193442 ], [ -120.97264111340715, 47.946378325849722 ], [ -121.030971636613089, 47.933934388372258 ], [ -121.027150338396595, 47.872225158284685 ], [ -121.045664337666295, 47.852273018896661 ], [ -121.020349406626934, 47.820405355352257 ], [ -121.091775266863877, 47.831595596060488 ], [ -121.076563209462549, 47.868001383760706 ], [ -121.08007626986128, 47.937150990292018 ], [ -121.095273167145024, 47.956359512731908 ], [ -121.179018112754818, 47.95980016757764 ], [ -121.158589273548372, 47.918011686679741 ], [ -121.170638859945697, 47.858235342110845 ], [ -121.157755223823344, 47.841759106550434 ], [ -121.200226807483517, 47.792395403813757 ], [ -121.238112030561297, 47.784174788486091 ], [ -121.272206173480512, 47.72994361280881 ], [ -121.283128686897584, 47.684863733355002 ], [ -121.325436345519506, 47.655022301462978 ], [ -121.348408603677342, 47.574256300933854 ], [ -121.290019209151581, 47.534140512862471 ], [ -121.178902420556199, 47.527278285062479 ], [ -121.150467778401079, 47.539725152702978 ], [ -121.075273371100891, 47.539840538751264 ], [ -121.065296033189981, 47.569307366155172 ], [ -121.182189572404681, 47.550374418892311 ], [ -121.187612262625009, 47.535164349536934 ], [ -121.311298365260143, 47.585630750650658 ], [ -121.290756610837562, 47.631760428848089 ], [ -121.252372043136035, 47.670479046344887 ], [ -121.255500632113979, 47.688312631279565 ], [ -121.205369669148936, 47.749678507334835 ], [ -121.162541655636048, 47.75434469301667 ], [ -121.163053836976971, 47.777310577467212 ], [ -120.988182141147234, 47.789895988500206 ], [ -121.003570935602937, 47.843152529333132 ], [ -120.957228146544253, 47.910178843889511 ], [ -120.853617499546232, 47.96651126832581 ], [ -120.899092519914618, 48.018802760844153 ], [ -120.839979038818782, 48.007340719890202 ], [ -120.78283928611863, 47.95981976397271 ], [ -120.754102019419307, 47.906894206344411 ], [ -120.715743804779677, 47.876268467773329 ], [ -120.729985383654196, 47.860258163244019 ], [ -120.676150402093342, 47.810339366768474 ], [ -120.76494798260849, 47.812100995304547 ], [ -120.793546110181893, 47.787263969316562 ], [ -120.839982520686718, 47.798092780709183 ], [ -120.811538331781662, 47.742970167922579 ], [ -120.774169334885656, 47.717707367454729 ], [ -120.762448390784982, 47.655995448677686 ], [ -120.813729057116944, 47.674611231798771 ], [ -120.911714007316846, 47.749972857021255 ], [ -120.906729186047343, 47.714089810838644 ], [ -120.847017720801347, 47.696155363267259 ], [ -120.755623236921622, 47.628578898590774 ], [ -120.698965603102963, 47.656909069162062 ], [ -120.669452355509705, 47.592661886099172 ], [ -120.594059236866386, 47.560339128124049 ], [ -120.621408326736727, 47.526477598024442 ], [ -120.600695296973228, 47.48268247802816 ], [ -120.611323890081906, 47.45077611396011 ], [ -120.583336680466175, 47.427469457937946 ], [ -120.600068530925839, 47.375128512891784 ], [ -120.549647502845573, 47.33282782562469 ], [ -120.612453966002732, 47.333425905333414 ], [ -120.715639477339465, 47.370410490046517 ], [ -120.738152381963488, 47.427985417552904 ], [ -120.81359828109052, 47.436415229597706 ], [ -120.819621339003206, 47.393327776315111 ], [ -120.744467294848178, 47.312809390005569 ], [ -120.759098282648452, 47.273897077993936 ], [ -120.783891365322901, 47.271073803514845 ], [ -120.896782920850868, 47.366212729199717 ], [ -120.86829334745596, 47.412416335610565 ], [ -120.889678035696591, 47.453175618791377 ], [ -120.941341612292874, 47.478754706971579 ], [ -120.94783775250616, 47.440527511593039 ], [ -121.035220914664151, 47.428921505963281 ], [ -121.021859969499218, 47.393952168565235 ], [ -121.027530013910436, 47.323471742087897 ], [ -121.0898503677044, 47.320572370435087 ], [ -121.057840507661624, 47.29665764947606 ], [ -121.002735029625626, 47.32044070501621 ], [ -120.995194468748934, 47.255821348008809 ], [ -120.911681555603067, 47.246449369915737 ], [ -120.944118722458143, 47.278716902585295 ], [ -120.884955981090826, 47.289202156505453 ], [ -120.824812495787825, 47.276324733086362 ], [ -120.780485302173162, 47.231240998462845 ], [ -120.691318573255259, 47.188018283356726 ], [ -120.624182472049583, 47.174281882589113 ], [ -120.575567634257652, 47.225820060350813 ], [ -120.549860716979865, 47.228219712742593 ], [ -120.547790641284124, 47.29262076979419 ], [ -120.510131739615034, 47.345062710815661 ], [ -120.38030632207419, 47.273773340303457 ], [ -120.358712935449063, 47.29013489151906 ], [ -120.408081290716297, 47.335045388976496 ], [ -120.295120896477997, 47.332372520233591 ], [ -120.30895192432753, 47.38608031536436 ], [ -120.400352851339179, 47.470252126827063 ], [ -120.404496305036091, 47.496195844117977 ], [ -120.447488392593627, 47.522798223567648 ], [ -120.490912075643067, 47.582924356435278 ], [ -120.528870514354111, 47.611822519259732 ], [ -120.49128250602115, 47.623091853753976 ], [ -120.431070581312397, 47.616215292001691 ], [ -120.555445487258211, 47.682051903636925 ], [ -120.562962214527175, 47.738868580844745 ], [ -120.539847251026131, 47.762480268813377 ], [ -120.597486230493871, 47.826454149918789 ], [ -120.60442750857014, 47.854058035319042 ], [ -120.550340051655368, 47.886608942202002 ], [ -120.556011444873306, 47.986739962204979 ], [ -120.489776789519837, 47.9838240956569 ], [ -120.466169928802827, 48.025913485639641 ], [ -120.504893094546517, 48.057257451426622 ], [ -120.629493917597458, 48.129536860908196 ], [ -120.693989237541331, 48.179515138804945 ], [ -120.737002393086229, 48.278655616522414 ], [ -120.799466882697047, 48.29985595435339 ], [ -120.855898087572967, 48.271330449500823 ], [ -120.793104954300986, 48.205962334933076 ], [ -120.846171093324941, 48.204719234158851 ], [ -120.923040366142544, 48.277988234733677 ], [ -120.937846095156388, 48.343482122339445 ], [ -120.870966444873261, 48.351548725042555 ], [ -120.782575774388391, 48.320066633591416 ], [ -120.773642992781816, 48.367785148251507 ], [ -120.832297634240604, 48.408967739203781 ], [ -120.969491665300779, 48.469150990898498 ], [ -121.024315503673876, 48.519629155053948 ], [ -121.131638929339061, 48.522255141342214 ], [ -121.160568454755406, 48.552423284444764 ], [ -121.14315472669405, 48.570147110375089 ], [ -121.17495789116937, 48.618259157810478 ], [ -121.117279122558529, 48.627613094819893 ], [ -121.013196918521515, 48.561074875565545 ], [ -120.963339874143273, 48.550998107783165 ], [ -120.966763839121072, 48.604444256759948 ], [ -120.991446124151736, 48.629097106208 ], [ -120.929933820208049, 48.656692782313506 ], [ -120.927227692750321, 48.674536060819861 ], [ -121.031598821768213, 48.741595526492382 ], [ -121.027047713315568, 48.768423085084869 ], [ -121.065903172544367, 48.801780210695561 ], [ -121.044939633017037, 48.823850404322634 ], [ -121.100834934674154, 48.860405605035595 ], [ -121.17854288719802, 48.858741524760887 ], [ -121.211866076417422, 48.81951723835536 ], [ -121.240892019623118, 48.850847761730634 ], [ -121.225122507908537, 48.87522651337968 ], [ -121.317323474330564, 48.947050378456524 ], [ -121.409013917173752, 49.000065526710692 ], [ -121.377108030432311, 49.01942345080392 ], [ -121.465691243660658, 49.061537249149936 ], [ -121.428404172974794, 49.079360927551775 ], [ -121.373193643236789, 49.065227734147179 ], [ -121.40514221469266, 49.106939913434054 ], [ -120.69471950229979, 49.01602966230989 ], [ -120.511951329813868, 48.989992813063274 ], [ -115.128288980293476, 47.789564041991767 ], [ -114.696319687726159, 47.641502942356411 ], [ -114.42945426968204, 47.1864892235524 ], [ -114.081804491301583, 46.606667548357855 ], [ -113.649747424182948, 45.934640602466544 ], [ -113.155192181871598, 45.246091349420894 ], [ -113.146558781201719, 45.238316757943331 ], [ -113.162469013885357, 45.220195882485044 ], [ -113.088983812287609, 45.185607749586367 ], [ -113.061369081038592, 45.163033788056453 ], [ -113.061981959834625, 45.150443110891302 ], [ -113.03062534121625, 45.137981161570146 ], [ -113.054329863292381, 45.116141725745173 ], [ -113.052695823766342, 45.108170766628092 ], [ -113.039924898653183, 45.09920750142571 ], [ -113.02825669822208, 45.089197983680634 ], [ -113.023880149724704, 45.084089080180092 ], [ -113.401849638569985, 45.115611845459973 ], [ -114.231891282517054, 45.241228341185355 ], [ -116.218363317396779, 45.363624076117624 ], [ -116.259361228815763, 45.354154217883455 ], [ -116.3351136272817, 45.3527430617576 ], [ -116.406880505626177, 45.357619291319239 ], [ -116.478749012988871, 45.372612510930892 ], [ -116.650593373532402, 45.391968485994973 ], [ -116.69902409040472, 45.395300721680059 ], [ -116.761644446699549, 45.412414546061399 ], [ -116.795871458703886, 45.415439750078917 ], [ -116.844293735367586, 45.403936721520964 ], [ -116.981842915023705, 45.424706621501564 ], [ -117.048815837647282, 45.429699564597762 ], [ -117.112603649551943, 45.439730455208576 ], [ -117.17970190716089, 45.4401784739024 ], [ -117.238072734581849, 45.446155767769696 ], [ -117.283259192156819, 45.447059502355096 ], [ -117.299569925196465, 45.44143943011769 ], [ -117.377866351346341, 45.450668478037848 ], [ -117.506401970513139, 45.461821235095343 ], [ -117.568866488707656, 45.468656735978243 ], [ -117.634841930282207, 45.489014503513566 ], [ -117.708122324060156, 45.49953095016496 ], [ -117.757924323458738, 45.495612081508746 ], [ -117.899271750126431, 45.496167722261788 ], [ -117.943072875580683, 45.491228652338854 ], [ -117.983845465129505, 45.498876574423498 ], [ -118.014411959138044, 45.498556424593581 ], [ -118.103439902818025, 45.50630881293322 ], [ -118.143253143990222, 45.496745798284664 ], [ -118.184084981239479, 45.497487670720417 ], [ -118.225126646119577, 45.521154577777949 ], [ -118.33832368142194, 45.541637963776161 ], [ -118.398287406341112, 45.541844457143156 ], [ -118.472329308139606, 45.559256597541285 ], [ -118.498882245804808, 45.563021717176944 ], [ -118.642277374029362, 45.566165769849476 ], [ -118.726897941013803, 45.5811422817576 ], [ -118.798501077234093, 45.578152058797265 ], [ -118.803344377024231, 45.569695751054518 ], [ -118.850073471133442, 45.567709356844695 ], [ -118.890328407387386, 45.571243507543286 ], [ -118.937981193258281, 45.567750532023034 ], [ -118.994527530920266, 45.57266300480552 ], [ -119.049236776595251, 45.569659793322728 ], [ -119.09785418112682, 45.575740122417471 ], [ -119.120020859016222, 45.580713245602979 ], [ -119.153368221027463, 45.586762663149742 ], [ -119.197208159504427, 45.602892128552256 ], [ -119.236565659271378, 45.612081494205661 ], [ -119.267158698879228, 45.615635742492294 ], [ -119.346184831155, 45.637436696375943 ], [ -119.477063068059479, 45.67966783755579 ], [ -119.508386801811625, 45.68514598163614 ], [ -119.660510237563258, 45.745364360312607 ] ] ], [ [ [ -119.156461566850197, 45.586365812819125 ], [ -119.118875434263984, 45.578637803452573 ], [ -119.112908586248352, 45.575622624571686 ], [ -119.153152978428452, 45.584450217017235 ], [ -119.156461566850197, 45.586365812819125 ] ] ], [ [ [ -119.23736776312991, 45.607271913381147 ], [ -119.266353535418816, 45.614468886277166 ], [ -119.233553596615252, 45.610102248780052 ], [ -119.226477068824479, 45.606820079563136 ], [ -119.23736776312991, 45.607271913381147 ] ] ], [ [ [ -121.032703016105955, 48.476290479689936 ], [ -121.002672068479441, 48.445391718061764 ], [ -120.929123282169826, 48.400230141709741 ], [ -120.946213962396001, 48.376447112296333 ], [ -121.038219240383256, 48.404100408684165 ], [ -121.078233493139336, 48.394412002583401 ], [ -121.090553304323151, 48.342050525789908 ], [ -121.010115053805876, 48.314583149895533 ], [ -120.94563023622446, 48.246719222739628 ], [ -120.935448915198165, 48.201632207991203 ], [ -120.8549012310731, 48.161385984351796 ], [ -120.839834472771912, 48.180981589670061 ], [ -120.76937292871159, 48.126044535872943 ], [ -120.678166835984911, 48.092426666524439 ], [ -120.61313361634646, 48.006344795847404 ], [ -120.63155169880072, 47.97571499789693 ], [ -120.672854483465343, 47.971614272708138 ], [ -120.719885877527304, 47.996830948285201 ], [ -120.724168440759456, 48.02058665606372 ], [ -120.78796414141253, 48.069662022056143 ], [ -120.82990401364755, 48.05790349069909 ], [ -120.940466587800344, 48.129181032463464 ], [ -120.974229493563911, 48.178933425473602 ], [ -120.969138310582977, 48.213787273687934 ], [ -121.011778035273082, 48.269027638850588 ], [ -121.09060435637609, 48.293317751364476 ], [ -121.192716464203841, 48.348588642361342 ], [ -121.194826574478526, 48.389171854799422 ], [ -121.131829418748595, 48.476980197340673 ], [ -121.137783612509068, 48.516888004077146 ], [ -121.079149860197518, 48.517297884461293 ], [ -121.032703016105955, 48.476290479689936 ] ] ], [ [ [ -120.490489309088915, 47.479292469645785 ], [ -120.44845228496149, 47.424374599619782 ], [ -120.40250273783623, 47.394639978247511 ], [ -120.450570395831818, 47.384900890759369 ], [ -120.514049505081971, 47.417083079839955 ], [ -120.498617694518501, 47.366944006099004 ], [ -120.550563334087059, 47.387687290998862 ], [ -120.553578377608844, 47.423073143727656 ], [ -120.588713006607108, 47.503391608399824 ], [ -120.561284883875359, 47.527721161778125 ], [ -120.490489309088915, 47.479292469645785 ] ] ], [ [ [ -120.74572513186186, 47.768543495357449 ], [ -120.697996524816546, 47.769915832405559 ], [ -120.645090486601234, 47.690859292538264 ], [ -120.634624580488037, 47.646035966429032 ], [ -120.741737712122571, 47.677000766464928 ], [ -120.788733299347257, 47.748192592826229 ], [ -120.74572513186186, 47.768543495357449 ] ] ], [ [ [ -121.083814762813105, 48.647073922794796 ], [ -121.144146346239481, 48.634137332169018 ], [ -121.176872497753777, 48.692629511710386 ], [ -121.083814762813105, 48.647073922794796 ] ] ], [ [ [ -121.229754225274249, 48.704519565453381 ], [ -121.20178179869022, 48.658653395122521 ], [ -121.242176264088343, 48.660934092144466 ], [ -121.270818568238482, 48.694665302170961 ], [ -121.229754225274249, 48.704519565453381 ] ] ], [ [ [ -120.223143195122177, 46.182433762021589 ], [ -120.210366839726262, 46.173033249103909 ], [ -120.209320690563572, 46.169397362492468 ], [ -120.213278640237149, 46.170558062280307 ], [ -120.236559920140479, 46.189259260997154 ], [ -120.223143195122177, 46.182433762021589 ] ] ], [ [ [ -120.646850602849852, 47.286149102471136 ], [ -120.658507099132336, 47.267193044409041 ], [ -120.743727909012222, 47.297349453494505 ], [ -120.695929685760262, 47.31173305362104 ], [ -120.646850602849852, 47.286149102471136 ] ] ], [ [ [ -120.645571769669857, 47.2168556703568 ], [ -120.683453406066363, 47.21092253428391 ], [ -120.736559591128511, 47.246356629659289 ], [ -120.709430042894269, 47.272538534613354 ], [ -120.657474032092878, 47.248980243720425 ], [ -120.645571769669857, 47.2168556703568 ] ] ], [ [ [ -121.048527279268228, 48.174123362253702 ], [ -121.020193533374979, 48.132689854535357 ], [ -121.086435864122436, 48.151494780938584 ], [ -121.121332771841992, 48.209415209533304 ], [ -121.078291960485828, 48.22469725052656 ], [ -121.048527279268228, 48.174123362253702 ] ] ], [ [ [ -121.297949040889563, 48.77978961001962 ], [ -121.352677047340677, 48.760763651656902 ], [ -121.368884504784816, 48.733643204154752 ], [ -121.417111472368589, 48.745102213642497 ], [ -121.440616934513315, 48.731309233823907 ], [ -121.509205852080839, 48.748580736426149 ], [ -121.556991488183371, 48.794977447424571 ], [ -121.571363808068028, 48.827010434556975 ], [ -121.501245576855311, 48.855081012539998 ], [ -121.461605411058486, 48.848624885884874 ], [ -121.297949040889563, 48.77978961001962 ] ] ], [ [ [ -121.413112979894336, 48.69697554921521 ], [ -121.391171975656732, 48.675591587878394 ], [ -121.400091459229898, 48.646037989503668 ], [ -121.369281216791819, 48.601219298577909 ], [ -121.328715474859635, 48.599631332121675 ], [ -121.300579156210176, 48.56278625511861 ], [ -121.364930834092206, 48.57481092660295 ], [ -121.470091670262008, 48.621527795992471 ], [ -121.474913236828257, 48.649981234952833 ], [ -121.447342902221635, 48.666129024031612 ], [ -121.465175508083263, 48.700091044470675 ], [ -121.413112979894336, 48.69697554921521 ] ] ], [ [ [ -120.950364672301674, 47.402596493359006 ], [ -120.949167498079746, 47.379784642062965 ], [ -120.891720326265215, 47.330980436997642 ], [ -120.895324218087296, 47.305293090382641 ], [ -121.010464477902218, 47.379130019230864 ], [ -121.023109668306077, 47.422420518482177 ], [ -120.950364672301674, 47.402596493359006 ] ] ], [ [ [ -121.489637445147679, 48.723933632696443 ], [ -121.539068536975421, 48.714493625502683 ], [ -121.549942209828345, 48.748526698356379 ], [ -121.489637445147679, 48.723933632696443 ] ] ], [ [ [ -121.717363810258078, 49.122200387889499 ], [ -121.758112635582449, 49.122039633877513 ], [ -121.778082771694528, 49.153920255328472 ], [ -121.716057645776019, 49.146382793880846 ], [ -121.717363810258078, 49.122200387889499 ] ] ], [ [ [ -121.702622961904765, 48.796038521013564 ], [ -121.678313204267269, 48.770908321382478 ], [ -121.561150494106428, 48.714558819971067 ], [ -121.568486056693345, 48.627351154882625 ], [ -121.685293175352299, 48.67950710252525 ], [ -121.726763392466367, 48.713359421981039 ], [ -121.751592577750372, 48.761390989767357 ], [ -121.702622961904765, 48.796038521013564 ] ] ], [ [ [ -121.036816478632986, 46.495378347582431 ], [ -120.996139704816315, 46.475035003465216 ], [ -120.992498619809353, 46.4525133921356 ], [ -121.083834285603302, 46.498765009766103 ], [ -121.036816478632986, 46.495378347582431 ] ] ] ] } },
{ "type": "Feature", "properties": { "electoral_college": 5, "ENGTYPE_1": "State", "HASC_1": "US.WV", "GID_1": "USA.49_1", "join_name": "westvirginia", "ISO_1": "US-WV", "TYPE_1": "State", "NL_NAME_1": "NA", "CC_1": "NA", "NAME_1": "WestVirginia", "COUNTRY": "UnitedStates", "VARNAME_1": "WV|W.Va.", "GID_0": "USA", "pop": 5 }, "geometry": { "type": "Polygon", "coordinates": [ [ [ -85.848352933466671, 37.636105985132971 ], [ -85.874764968420877, 37.645149183163781 ], [ -85.926851351603574, 37.65057141325282 ], [ -85.965982765855088, 37.692611394475051 ], [ -85.983416474069685, 37.695793294595362 ], [ -86.032763042160298, 37.741719275683579 ], [ -86.031801126225531, 37.771338451329882 ], [ -86.049507554428473, 37.797298985293452 ], [ -86.102876394454597, 37.816951918533633 ], [ -86.113369202252173, 37.843115956445274 ], [ -86.062859860741383, 37.86971970710902 ], [ -86.069918508130172, 37.875078882193961 ], [ -86.076577638457877, 37.87136430094602 ], [ -86.077565750694959, 37.876119608870042 ], [ -86.08323336170416, 37.88699486878415 ], [ -86.091652589694917, 37.887687995510383 ], [ -86.107472462646683, 37.893189639992926 ], [ -86.106326080264424, 37.899562578744025 ], [ -86.131374709165442, 37.897112561490886 ], [ -86.201714556502182, 37.898675095792434 ], [ -86.219926683844562, 37.915885820569954 ], [ -86.273389860791326, 37.934663728450026 ], [ -86.289092081256982, 37.956110902069582 ], [ -86.392359282243476, 38.014551369245162 ], [ -86.463837898224256, 38.033059106798689 ], [ -86.509515488578714, 38.094738149860028 ], [ -86.512295000894639, 38.123460604026093 ], [ -86.585528895208526, 38.162377518339518 ], [ -86.642721941259126, 38.206458228068733 ], [ -86.655867708731265, 38.241675868794538 ], [ -86.733851902496312, 38.275396996275731 ], [ -86.74970969284243, 38.300246912232431 ], [ -86.736325658045999, 38.338653607482541 ], [ -86.780259689070874, 38.354938784001241 ], [ -86.843336272755906, 38.421529396642335 ], [ -86.955498530486977, 38.488697134586261 ], [ -86.966455163959168, 38.509446887682195 ], [ -86.934933136318023, 38.521467173057339 ], [ -86.927606343608204, 38.587591422547689 ], [ -86.949570923126174, 38.659780390930543 ], [ -86.974379936392168, 38.674640223570321 ], [ -86.995445142218543, 38.739763515607976 ], [ -86.953143005722538, 38.724643700281682 ], [ -86.886522525424738, 38.736783694719534 ], [ -86.801402280210809, 38.755671529554704 ], [ -86.736137034608248, 38.758658237362603 ], [ -86.717890104104853, 38.770875118094402 ], [ -86.715574373511714, 38.850283246817717 ], [ -86.721531967553886, 38.879045026938812 ], [ -86.70104467718231, 38.900389413316006 ], [ -86.629011625272014, 38.89946892037802 ], [ -86.606053822156738, 38.927835879665032 ], [ -86.613343351261818, 38.944221425076016 ], [ -86.639349736652747, 38.982049226959518 ], [ -86.636720007790686, 39.00923044135601 ], [ -86.659112011017783, 39.047892139510424 ], [ -86.690231973920135, 39.076289141961674 ], [ -86.61663179085518, 39.131485006223343 ], [ -86.623365039931343, 39.176292572091086 ], [ -86.570910226584431, 39.268019526307299 ], [ -86.529797616471484, 39.291841497848473 ], [ -86.510829370320508, 39.330788243508614 ], [ -86.46921188438084, 39.336542448274024 ], [ -86.441447524499466, 39.310640761379403 ], [ -86.374792153761973, 39.303944919549487 ], [ -86.329722042275947, 39.250528488550259 ], [ -86.35555545446239, 39.202718606496333 ], [ -86.30968880939335, 39.193570497527631 ], [ -86.269038751457515, 39.218386082484407 ], [ -86.231982671253164, 39.276653945414019 ], [ -86.17563023988798, 39.26140022929507 ], [ -86.155125327231119, 39.366634706830865 ], [ -86.220414282259412, 39.417605068817736 ], [ -86.145320616918994, 39.441592100390089 ], [ -86.124343090052022, 39.47409715204433 ], [ -86.141700890671714, 39.561498858916494 ], [ -86.099590486705907, 39.611709099381841 ], [ -86.057803237643881, 39.626598265530284 ], [ -86.060040312748882, 39.668739434927673 ], [ -86.000573842883213, 39.710797344345792 ], [ -85.880937248868292, 39.719991544095912 ], [ -85.863991906073849, 39.824677635371067 ], [ -85.773028386943665, 39.890634023475243 ], [ -85.739924417487259, 39.934163330725575 ], [ -85.696275766751413, 39.943461360539374 ], [ -85.631275809622096, 39.85311275242185 ], [ -85.585059644030011, 39.861469002342758 ], [ -85.452641764145085, 39.945163285623252 ], [ -85.414830836126669, 39.946490157901131 ], [ -85.346787121096867, 40.038436092583225 ], [ -85.294021246139422, 40.060757576811916 ], [ -85.240943033919351, 40.149469239241419 ], [ -85.115932408006131, 40.297585943744224 ], [ -85.051550184784787, 40.366491551066844 ], [ -85.005511707694424, 40.376094812193706 ], [ -84.984414596842853, 40.406902400107768 ], [ -84.970565064401157, 40.509060246317482 ], [ -84.935237293533419, 40.554762911688812 ], [ -84.975329991763061, 40.645407713994508 ], [ -84.93876047213783, 40.691631721947722 ], [ -84.932938900380435, 40.788861991163998 ], [ -84.895120770050724, 40.832674985120491 ], [ -84.917552832130681, 40.898776781741063 ], [ -84.863811094929162, 40.925652121753735 ], [ -84.879176424354355, 40.981842645644704 ], [ -84.857598525718856, 41.037303513665599 ], [ -84.869574639286981, 41.112760706057415 ], [ -84.88100581902286, 41.261586338588906 ], [ -84.862922408118109, 41.298578103245902 ], [ -84.877915998184804, 41.420139461813982 ], [ -84.861976474887769, 41.499293289023363 ], [ -84.867555426419457, 41.594979375250567 ], [ -84.842524880212508, 41.652910830444256 ], [ -84.857131975988821, 41.791401090317656 ], [ -84.91194028816345, 41.976516011089096 ], [ -84.93024093414185, 42.113901870068858 ], [ -85.029618753694109, 42.351878799343211 ], [ -85.059178882498188, 42.394682350342009 ], [ -85.049171772646773, 42.502505550654583 ], [ -85.002519371815296, 42.481831155024679 ], [ -84.967895066582827, 42.528287808256238 ], [ -84.655678286808765, 41.005414097391352 ], [ -84.650394386043544, 40.597115642675298 ], [ -83.854053914640573, 40.52148555846464 ], [ -83.653879894745856, 39.884939124091396 ], [ -83.617235283620843, 39.888142324841745 ], [ -83.594511414380946, 39.910964057540788 ], [ -83.58118535000078, 39.92244782824207 ], [ -83.560434623985216, 39.948567319711294 ], [ -83.545948553664701, 39.950736116023258 ], [ -83.536183338689384, 39.971055486170627 ], [ -83.465257997762606, 40.006330349172508 ], [ -83.472760774045113, 40.022724809597712 ], [ -83.436841413542467, 40.025410452006476 ], [ -83.408092039873068, 40.075160990111932 ], [ -83.382181376400055, 40.072394465001587 ], [ -83.376815378240451, 40.124902129224637 ], [ -83.329452780030309, 40.119266619319603 ], [ -83.234339723124108, 40.059337288154715 ], [ -83.232140093349912, 40.105804157911429 ], [ -83.182891067126604, 40.191635469032668 ], [ -83.178575103729258, 40.240095613309251 ], [ -83.152122372562218, 40.260126562613436 ], [ -83.119332485463346, 40.206848876505646 ], [ -83.094890465967936, 40.196952934118762 ], [ -83.082143268886057, 40.191784940201309 ], [ -83.007151180696823, 40.138681362358149 ], [ -82.88920745764311, 40.106074176567482 ], [ -82.829552799200229, 40.098978427866783 ], [ -82.802198624157896, 40.087198104176018 ], [ -82.767957009606604, 40.08657901897972 ], [ -82.77226229226396, 40.185121005550229 ], [ -82.738113846275212, 40.169205780937375 ], [ -82.696115405577629, 40.267154801934261 ], [ -82.612997721113246, 40.241414651384311 ], [ -82.523007908964502, 40.352181284882171 ], [ -82.497727349318765, 40.388412733469728 ], [ -82.402439465349474, 40.377055171358478 ], [ -82.326145880825962, 40.316942415223743 ], [ -82.287487070300031, 40.26437565026702 ], [ -82.190844773519999, 40.304408326901026 ], [ -82.144535454045439, 40.344929745060369 ], [ -82.096895750003284, 40.345916598609307 ], [ -82.092418383305571, 40.309941845460955 ], [ -82.113624224094025, 40.268428020512793 ], [ -82.14111130029309, 40.207444007426901 ], [ -82.144687826328408, 40.173760648968958 ], [ -82.141899536592518, 40.169869660289358 ], [ -82.111728446028096, 40.211571197651992 ], [ -82.103611810442985, 40.198429751201537 ], [ -82.108220933196378, 40.186525073136657 ], [ -82.126017913403999, 40.156612537179228 ], [ -82.125673171521868, 40.149076507557083 ], [ -82.101560885685515, 40.153573282241304 ], [ -82.070805053796974, 40.122951292600888 ], [ -82.084881339011559, 40.05702848507152 ], [ -82.052646861312496, 40.063022334836951 ], [ -82.04497077874295, 40.034093602997672 ], [ -82.043272805625165, 40.005283002723566 ], [ -82.054225640504399, 39.992646645219665 ], [ -82.04944135319171, 39.937210354384057 ], [ -82.055899451371218, 39.920732954999011 ], [ -82.04568183916146, 39.905806316471327 ], [ -82.017657752287136, 39.901438848081455 ], [ -82.027940563734873, 39.878825661978702 ], [ -82.030612805204242, 39.706094177069261 ], [ -82.002752408010053, 39.558519129806406 ], [ -82.616407508564194, 40.008704251028199 ], [ -82.549232766901611, 39.862408238790387 ], [ -82.548453528807272, 39.825031362345797 ], [ -82.570304474127369, 39.756850926538476 ], [ -82.54502539723488, 39.723274777492229 ], [ -82.553862830673822, 39.697815173489147 ], [ -82.504739109709419, 39.660540717224492 ], [ -82.520472723965469, 39.613246045500844 ], [ -82.549023143106695, 39.602858833329442 ], [ -82.59481815818215, 39.533472376121608 ], [ -82.563307401557083, 39.51037499007046 ], [ -82.577131451611734, 39.461117252933903 ], [ -82.621738713505238, 39.483030130799925 ], [ -82.639972158830375, 39.422071802196761 ], [ -82.67522101056484, 39.403632641507883 ], [ -82.716200760441097, 39.435929503803251 ], [ -82.741742391985625, 39.403546204680886 ], [ -82.749469387341264, 39.242277372999908 ], [ -82.977460623342935, 39.403478209859855 ], [ -82.981529789592571, 39.337299631912103 ], [ -83.014268817021431, 39.33068277379121 ], [ -83.013247174893706, 39.262635305843965 ], [ -82.977537161973572, 39.155325555702227 ], [ -83.022373214028434, 39.156602912711442 ], [ -83.019408127737464, 39.060543499407629 ], [ -83.033983553268314, 38.984913382605441 ], [ -83.016486014488407, 38.941499091263061 ], [ -83.077948317963404, 38.865995642867396 ], [ -83.126265121510002, 38.848821183094842 ], [ -83.415407733222054, 38.953314965205159 ], [ -83.530172017048585, 39.072237250005593 ], [ -83.570120721332444, 39.103373287470063 ], [ -83.714459837875609, 39.157945418239777 ], [ -83.740585246038805, 39.101239763386204 ], [ -83.723601739002419, 39.063845516267186 ], [ -83.75888722653788, 39.031658256497906 ], [ -83.733835702696993, 38.951352216108447 ], [ -83.773932019579775, 38.85290756862365 ], [ -83.802660741021938, 38.856701016860349 ], [ -83.861198700425845, 38.792395963124008 ], [ -83.817318850203037, 38.743068994029507 ], [ -83.895691695063661, 38.711241250340251 ], [ -83.988369157231006, 38.644313824595201 ], [ -83.97897356993056, 38.605148627572397 ], [ -84.008794445705945, 38.577605779328536 ], [ -83.978042642362226, 38.54663608260455 ], [ -84.007454332925889, 38.514520592463825 ], [ -84.059355473159371, 38.409439541107588 ], [ -84.170766967762404, 38.342787614218238 ], [ -84.254249146089037, 38.277635570154878 ], [ -84.289228883265721, 38.264885695770914 ], [ -84.391671943731566, 38.134696502586024 ], [ -84.393859230033144, 38.090865652651878 ], [ -84.462618525868152, 38.044259740838747 ], [ -84.394243663700848, 37.998395942747123 ], [ -84.324427711895723, 37.975165025158567 ], [ -84.377970996992289, 37.939343523736682 ], [ -84.465842544529522, 37.907079343622485 ], [ -84.396655770393409, 37.873162314965654 ], [ -84.441823729070322, 37.836392345272955 ], [ -84.638826974038025, 37.761361389414475 ], [ -84.676638356294433, 37.812112613957282 ], [ -84.730316440861131, 37.805394108782991 ], [ -84.8440458328473, 37.743462160901046 ], [ -84.935727031930867, 37.706205627732714 ], [ -85.012645622229968, 37.756744852218091 ], [ -85.033633970257824, 37.762326008492202 ], [ -85.043534289690072, 37.722615489972746 ], [ -85.004873143210176, 37.68445629938536 ], [ -85.039626356002898, 37.654086830757848 ], [ -85.103653899502476, 37.632617565058666 ], [ -85.116408304554525, 37.64161879743245 ], [ -85.206941836321562, 37.624710909605511 ], [ -85.270693654734174, 37.605947131038576 ], [ -85.318060345431974, 37.581948215571074 ], [ -85.413883369272909, 37.641105519050939 ], [ -85.469876957005425, 37.682321226676912 ], [ -85.495307101448091, 37.660466587305081 ], [ -85.508592441740035, 37.622955666032041 ], [ -85.530538320508327, 37.621986480243187 ], [ -85.625663118219521, 37.565561493516554 ], [ -85.73897872505286, 37.564628503842144 ], [ -85.820948516187798, 37.623162324193984 ], [ -85.848352933466671, 37.636105985132971 ] ] ] } },
{ "type": "Feature", "properties": { "electoral_college": 10, "ENGTYPE_1": "State", "HASC_1": "US.WI", "GID_1": "USA.50_1", "join_name": "wisconsin", "ISO_1": "US-WI", "TYPE_1": "State", "NL_NAME_1": "NA", "CC_1": "NA", "NAME_1": "Wisconsin", "COUNTRY": "UnitedStates", "VARNAME_1": "WI|Wis.", "GID_0": "USA", "pop": 10 }, "geometry": { "type": "Polygon", "coordinates": [ [ [ -95.558986232989483, 44.698392400563336 ], [ -95.768642999126641, 44.67761988539209 ], [ -97.115337840763843, 44.507125634538568 ], [ -97.516036999980258, 44.433607066460134 ], [ -97.678400619587592, 44.402370872165207 ], [ -98.167048675519169, 44.293799725540694 ], [ -98.456989730489141, 44.223676462305953 ], [ -98.448223783313466, 44.229383880943374 ], [ -98.442724224520589, 44.237020621379955 ], [ -98.468433425073258, 44.253361595787325 ], [ -98.483820139886319, 44.275876837659808 ], [ -98.497392761231509, 44.297374211695143 ], [ -98.533852094160252, 44.295444419423603 ], [ -98.797902616841469, 44.254150545966297 ], [ -98.901791758214102, 44.262208587118607 ], [ -98.911248187519902, 44.302047969181331 ], [ -98.899879720588174, 44.331651144811332 ], [ -98.914627706527995, 44.354589493470783 ], [ -98.957084630099985, 44.368513904959478 ], [ -98.942646016400346, 44.409188674711665 ], [ -98.951664816653107, 44.466103288256498 ], [ -98.936919597283136, 44.507246331260902 ], [ -98.921573417520932, 44.545672340448689 ], [ -98.89082807946825, 44.562003987093107 ], [ -98.843195542153893, 44.611003837238272 ], [ -98.751353454306823, 44.677415169415916 ], [ -98.781931183958832, 44.712517721593329 ], [ -98.901318135594181, 44.726242293945369 ], [ -98.874645590468361, 44.759707238211142 ], [ -98.897331839355303, 44.790022326621589 ], [ -98.883027774222654, 44.816788887655377 ], [ -98.868079734824732, 44.848835166631247 ], [ -98.888441608838946, 44.869200847579833 ], [ -98.867510191667179, 44.905357401904965 ], [ -98.888839487882805, 44.91853089667184 ], [ -98.899523536327649, 44.929267929899957 ], [ -98.898331551262871, 44.960710239298187 ], [ -98.861243071834053, 45.026681145554925 ], [ -98.841737009019681, 45.063570829259255 ], [ -98.844461501588739, 45.069122998236629 ], [ -98.85845123022834, 45.075986634937543 ], [ -98.866844626592652, 45.111270554818489 ], [ -98.949639579639069, 45.17487766187957 ], [ -99.010371888667024, 45.206580699274404 ], [ -99.047121157140765, 45.212988344399442 ], [ -99.16261885376818, 45.205943522639672 ], [ -99.300626378269314, 45.243718499724743 ], [ -99.31382338727262, 45.262122720764687 ], [ -99.372121129130889, 45.264651360218764 ], [ -99.400697421339288, 45.269615689065731 ], [ -99.426660824617983, 45.284667881110465 ], [ -99.449874069752354, 45.290307710706294 ], [ -99.458209938690572, 45.295881990213189 ], [ -99.471942633918118, 45.320222044304749 ], [ -99.485934818489852, 45.374769199508513 ], [ -99.484900038974274, 45.380181150247175 ], [ -99.511467662444886, 45.397782709960467 ], [ -99.522899672978966, 45.409246722847854 ], [ -99.642896788932987, 45.426490080288517 ], [ -99.778861338484802, 45.426247024201146 ], [ -99.824868532339053, 45.44438617259749 ], [ -99.844355845227327, 45.484967830223326 ], [ -99.889763910167289, 45.488447137328606 ], [ -100.018882992203359, 45.46670901444508 ], [ -100.07444911298488, 45.481780441850844 ], [ -100.114393633894565, 45.481631537835241 ], [ -100.114325832611115, 45.498218553990277 ], [ -100.206030840381786, 45.535384418936076 ], [ -100.251019198076861, 45.540163740465758 ], [ -100.264193445208306, 45.547326292934741 ], [ -100.211523016268231, 45.613818981280822 ], [ -100.175318913943883, 45.705724364940821 ], [ -100.183030645682322, 45.729894583316629 ], [ -100.175278150833961, 45.761057400698725 ], [ -100.192387590809602, 45.784129385993793 ], [ -100.137570699816308, 45.818982958451308 ], [ -100.107990653374401, 45.947871285215399 ], [ -100.048867193135692, 45.985798841080893 ], [ -100.035541857853033, 46.012627490206533 ], [ -99.986671696640556, 46.046559410577281 ], [ -99.967457442679958, 46.0796016889892 ], [ -100.023856283654979, 46.116404292322137 ], [ -100.023124979151575, 46.139290884016731 ], [ -100.055595009105716, 46.145248504957266 ], [ -100.096562373274679, 46.130026061148314 ], [ -100.155693677392534, 46.125309796527169 ], [ -100.144524302461932, 46.170540252044908 ], [ -100.118584990211176, 46.213082671565978 ], [ -100.1117902642915, 46.224574845555679 ], [ -100.019883685033136, 46.284436212455191 ], [ -99.978867448230261, 46.328296423159621 ], [ -99.982214459508, 46.339770889892584 ], [ -99.944579951190264, 46.374585402467865 ], [ -99.876996066348397, 46.422811562156291 ], [ -99.754968595457385, 46.477210821919343 ], [ -99.736394363115977, 46.499245295076527 ], [ -99.681204523229653, 46.50871566796507 ], [ -99.62219431622124, 46.555033515982956 ], [ -99.566236794048152, 46.560493133561806 ], [ -99.532443574273373, 46.600057693485816 ], [ -99.488986812862194, 46.619653880910718 ], [ -99.345875452396001, 47.053780880395557 ], [ -99.337463912939143, 47.047247655733926 ], [ -99.278682046054868, 47.057511028334588 ], [ -99.243915952245615, 47.08579385377741 ], [ -99.256477073103611, 47.098728104163357 ], [ -99.208126900734783, 47.117493530054709 ], [ -99.188627529099577, 47.136578218795009 ], [ -99.134622708296959, 47.156075986260305 ], [ -99.082024289228627, 47.139687298984846 ], [ -98.447111963574542, 47.447553642720685 ], [ -98.030737573727237, 47.651672174128848 ], [ -97.313060414997793, 48.002627613169238 ], [ -96.446541219299121, 48.192375481351185 ], [ -97.263142577482228, 47.46435920268258 ], [ -97.260408077963646, 47.459885271406094 ], [ -97.234927767451452, 47.448468501828579 ], [ -97.134246956169591, 47.474624192596671 ], [ -97.136337854264767, 47.455562485529512 ], [ -97.023801605826407, 47.469527204160059 ], [ -96.972504867094301, 47.423331422548145 ], [ -96.94631797211747, 47.357700079582933 ], [ -96.046124514410053, 47.426762843521139 ], [ -95.698626306218017, 47.447536044603019 ], [ -95.386123220049924, 47.417222255179794 ], [ -95.287698258048138, 47.438348812240946 ], [ -95.222303326086532, 47.437320928863826 ], [ -95.216665523409247, 47.422064318795904 ], [ -95.156464191183488, 47.430898837672757 ], [ -95.126852549589231, 47.460854484771048 ], [ -95.011472867957721, 47.480103026400144 ], [ -94.902332670108706, 47.468194736880498 ], [ -94.847234116787035, 47.487048170137584 ], [ -94.739431398971817, 47.474183330864186 ], [ -94.699455671987991, 47.489394622139145 ], [ -94.627237858975931, 47.493053157036989 ], [ -94.501975319166434, 47.480251397345988 ], [ -94.514498236783339, 47.453226401090951 ], [ -94.480800648407907, 47.448823583088533 ], [ -94.571056749779714, 47.393589132388776 ], [ -94.530160058227125, 47.374238105012395 ], [ -94.486756639926227, 47.372266248410035 ], [ -94.396357173647345, 47.399269601912167 ], [ -94.359859809290427, 47.374338326875026 ], [ -94.24757459327364, 47.385653465939612 ], [ -94.208746825702548, 47.362694361651108 ], [ -94.169024069377841, 47.360941240764845 ], [ -94.138303144031468, 47.336067848011616 ], [ -94.195443019086113, 47.317202299400812 ], [ -94.147126442242907, 47.279676419121579 ], [ -94.193820326149066, 47.218450580185042 ], [ -94.169785424881979, 47.178713191295735 ], [ -94.276869121020567, 47.118931105356033 ], [ -94.273602441583947, 47.092196651311333 ], [ -94.328790010413584, 47.046453178460972 ], [ -94.258490727125874, 47.047813835861895 ], [ -94.158434258201922, 47.059924269619835 ], [ -94.076963681615311, 47.102557053554591 ], [ -94.022609877361816, 47.095946161052836 ], [ -94.013630804285924, 47.077275270850336 ], [ -94.106816183397129, 46.996179929328498 ], [ -94.159065170926098, 46.914248846614321 ], [ -94.077383607145606, 46.89028984425056 ], [ -94.061125443560812, 46.870981108430982 ], [ -93.765965189215578, 46.885037664096437 ], [ -93.703327699872759, 46.999565183928333 ], [ -93.569959688053075, 47.049194256660982 ], [ -93.386436276960552, 47.156555526159174 ], [ -93.262588156841616, 47.256714179775045 ], [ -92.819887001175417, 47.31354219707022 ], [ -92.182320066629146, 47.210231361619904 ], [ -92.424542448390213, 47.091698058647168 ], [ -92.535879700510506, 47.027562212344847 ], [ -92.729576808219221, 46.89354041033954 ], [ -92.81797992938769, 46.814950878980959 ], [ -92.956937281979123, 46.662239565243908 ], [ -93.072332121641367, 46.517167840156858 ], [ -93.244388232598013, 46.265501376404927 ], [ -93.36143582559869, 46.073740438991436 ], [ -93.440489661395446, 45.931523190062052 ], [ -93.513805913272449, 45.776775172282562 ], [ -93.555014095901967, 45.657434615116507 ], [ -93.571774077940617, 45.551675888304096 ], [ -93.562851131793423, 45.44065169193771 ], [ -93.539112440525628, 45.356054101772621 ], [ -93.381546677655521, 44.823375665784603 ], [ -94.941234112504446, 44.744065533359233 ], [ -95.558986232989483, 44.698392400563336 ] ] ] } },
{ "type": "Feature", "properties": { "electoral_college": 3, "ENGTYPE_1": "State", "HASC_1": "US.WY", "GID_1": "USA.51_1", "join_name": "wyoming", "ISO_1": "US-WY", "TYPE_1": "State", "NL_NAME_1": "NA", "CC_1": "NA", "NAME_1": "Wyoming", "COUNTRY": "UnitedStates", "VARNAME_1": "WY|Wyo.", "GID_0": "USA", "pop": 3 }, "geometry": { "type": "Polygon", "coordinates": [ [ [ -110.286232633881085, 44.0549586112094 ], [ -110.298826044533968, 44.274281870255152 ], [ -110.478953603549215, 44.777692404150272 ], [ -110.483052590234081, 44.783089842594904 ], [ -110.729854546682503, 45.189725093581153 ], [ -110.75588106171061, 45.220892460875731 ], [ -110.786764353837185, 45.265087849151421 ], [ -110.658398235840735, 45.262208661825966 ], [ -110.624273381505418, 45.259502891185946 ], [ -110.482064188702395, 45.248010353928215 ], [ -110.469486461588005, 45.247310763987528 ], [ -110.392539564477119, 45.236946087815902 ], [ -110.364958314019958, 45.233914070795052 ], [ -110.004182351440264, 45.138818480018564 ], [ -109.957848680154342, 45.122442743674867 ], [ -109.811878410119434, 45.078197009440821 ], [ -109.624897636223821, 45.029085151276995 ], [ -109.578996527347613, 45.015113932176689 ], [ -109.287390435624133, 44.911333317695501 ], [ -109.253740189426139, 44.900450740622297 ], [ -107.226965665097609, 44.805254188812683 ], [ -107.759434710861925, 43.932475667701901 ], [ -107.158710860757694, 42.547920067537035 ], [ -107.559813290098106, 42.64325431332108 ], [ -107.609833144465952, 42.661968563651975 ], [ -107.750358728836929, 42.710097920530423 ], [ -108.416468738726209, 43.070908454350864 ], [ -108.453765953670015, 43.085737226985692 ], [ -108.558494956073105, 43.126884443565828 ], [ -108.602600360756341, 43.143726005049295 ], [ -108.917450368195091, 43.21873586434949 ], [ -109.065965509288731, 43.24478946025944 ], [ -109.220106569629806, 43.257569902520245 ], [ -109.465324688682912, 43.233518768656623 ], [ -109.539583428174566, 43.211300013129119 ], [ -109.674959121713016, 43.146675249790441 ], [ -110.094971594058379, 42.896533264563928 ], [ -110.296195005731263, 42.80876799844534 ], [ -110.809572758990441, 42.681065960229979 ], [ -110.69613051837959, 42.98116546681814 ], [ -110.286232633881085, 44.0549586112094 ] ] ] } }
]
}
