Entity,Code,Year,all years
Abbeville,,2020,24212
Abbeville,,2021,24299
Acadia,,2020,57455
Acadia,,2021,57288
Accomack,,2020,33348
Accomack,,2021,33246
Ada,,2020,497984
Ada,,2021,511931
Adair,,2020,7477
Adair,,2020,18870
Adair,,2020,25246
Adair,,2020,19415
Adair,,2021,7541
Adair,,2021,18932
Adair,,2021,25185
Adair,,2021,19414
Adams,,2020,520163
Adams,,2020,4424
Adams,,2020,65530
Adams,,2020,35826
Adams,,2020,3697
Adams,,2020,29405
Adams,,2020,31147
Adams,,2020,2188
Adams,,2020,27434
Adams,,2020,103795
Adams,,2020,20605
Adams,,2020,20673
Adams,,2021,522140
Adams,,2021,4625
Adams,,2021,64954
Adams,,2021,35961
Adams,,2021,3641
Adams,,2021,28742
Adams,,2021,31027
Adams,,2021,2167
Adams,,2021,27542
Adams,,2021,104127
Adams,,2021,20621
Adams,,2021,20875
Addison,,2020,37292
Addison,,2021,37260
Aiken,,2020,169032
Aiken,,2021,170776
Aitkin,,2020,15693
Aitkin,,2021,15887
Alachua,,2020,278684
Alachua,,2021,279238
Alamance,,2020,171842
Alamance,,2021,173877
Alameda,,2020,1679844
Alameda,,2021,1648556
Alamosa,,2020,16362
Alamosa,,2021,16547
Albany,,2020,314368
Albany,,2020,37079
Albany,,2021,313743
Albany,,2021,37608
Albemarle,,2020,112496
Albemarle,,2021,113535
Alcona,,2020,10158
Alcona,,2021,10235
Alcorn,,2020,34680
Alcorn,,2021,34349
Aleutians East,,2020,3418
Aleutians East,,2021,3398
Aleutians West,,2020,5206
Aleutians West,,2021,5059
Alexander,,2020,5168
Alexander,,2020,36430
Alexander,,2021,5030
Alexander,,2021,36644
Alexandria city,,2020,159097
Alexandria city,,2021,154706
Alfalfa,,2020,5713
Alfalfa,,2021,5710
Alger,,2020,8834
Alger,,2021,8821
Allamakee,,2020,14067
Allamakee,,2021,13926
Allegan,,2020,120596
Allegan,,2021,120950
Allegany,,2020,67947
Allegany,,2020,46373
Allegany,,2021,67729
Allegany,,2021,46106
Alleghany,,2020,10899
Alleghany,,2020,15161
Alleghany,,2021,11049
Alleghany,,2021,14986
Allegheny,,2020,1248717
Allegheny,,2021,1238090
Allen,,2020,385892
Allen,,2020,12537
Allen,,2020,20595
Allen,,2020,22697
Allen,,2020,102059
Allen,,2021,388608
Allen,,2021,12464
Allen,,2021,20797
Allen,,2021,22687
Allen,,2021,101670
Allendale,,2020,7990
Allendale,,2021,7858
Alpena,,2020,28877
Alpena,,2021,28893
Alpine,,2020,1198
Alpine,,2021,1235
Amador,,2020,40541
Amador,,2021,41259
Amelia,,2020,13246
Amelia,,2021,13268
Amherst,,2020,31262
Amherst,,2021,31273
Amite,,2020,12698
Amite,,2021,12637
Anchorage,,2020,290637
Anchorage,,2021,288121
Anderson,,2020,7850
Anderson,,2020,23869
Anderson,,2020,204032
Anderson,,2020,77209
Anderson,,2020,57881
Anderson,,2021,7778
Anderson,,2021,24035
Anderson,,2021,206908
Anderson,,2021,77576
Anderson,,2021,58402
Andrew,,2020,18083
Andrew,,2021,18002
Andrews,,2020,18612
Andrews,,2021,18440
Androscoggin,,2020,111039
Androscoggin,,2021,111034
Angelina,,2020,86345
Angelina,,2021,86506
Anne Arundel,,2020,588769
Anne Arundel,,2021,590336
Anoka,,2020,364299
Anoka,,2021,367018
Anson,,2020,22030
Anson,,2021,22060
Antelope,,2020,6276
Antelope,,2021,6279
Antrim,,2020,23421
Antrim,,2021,23813
Apache,,2020,65897
Apache,,2021,65623
Appanoose,,2020,12282
Appanoose,,2021,12257
Appling,,2020,18428
Appling,,2021,18488
Appomattox,,2020,16133
Appomattox,,2021,16353
Aransas,,2020,23916
Aransas,,2021,24510
Arapahoe,,2020,655112
Arapahoe,,2021,654900
Archer,,2020,8557
Archer,,2021,8681
Archuleta,,2020,13424
Archuleta,,2021,13790
Arenac,,2020,14990
Arenac,,2021,14975
Arkansas,,2020,17105
Arkansas,,2021,16722
Arlington,,2020,238766
Arlington,,2021,232965
Armstrong,,2020,65445
Armstrong,,2020,1847
Armstrong,,2021,65093
Armstrong,,2021,1839
Aroostook,,2020,66994
Aroostook,,2021,66859
Arthur,,2020,431
Arthur,,2021,439
Ascension,,2020,126984
Ascension,,2021,128369
Ashe,,2020,26569
Ashe,,2021,26711
Ashland,,2020,52420
Ashland,,2020,15977
Ashland,,2021,52316
Ashland,,2021,16107
Ashley,,2020,18960
Ashley,,2021,18674
Ashtabula,,2020,97413
Ashtabula,,2021,97337
Asotin,,2020,22290
Asotin,,2021,22397
Assumption,,2020,20968
Assumption,,2021,20689
Atascosa,,2020,49089
Atascosa,,2021,49939
Atchison,,2020,16305
Atchison,,2020,5306
Atchison,,2021,16239
Atchison,,2021,5234
Athens,,2020,62350
Athens,,2021,62056
Atkinson,,2020,8301
Atkinson,,2021,8391
Atlantic,,2020,274191
Atlantic,,2021,274966
Atoka,,2020,14174
Atoka,,2021,14324
Attala,,2020,17828
Attala,,2021,17742
Audrain,,2020,24925
Audrain,,2021,24982
Audubon,,2020,5671
Audubon,,2021,5635
Auglaize,,2020,46411
Auglaize,,2021,46141
Augusta,,2020,77512
Augusta,,2021,77563
Aurora,,2020,2733
Aurora,,2021,2748
Austin,,2020,30109
Austin,,2021,30380
Autauga,,2020,58877
Autauga,,2021,59095
Avery,,2020,17798
Avery,,2021,17864
Avoyelles,,2020,39616
Avoyelles,,2021,39236
Baca,,2020,3486
Baca,,2021,3514
Bacon,,2020,11123
Bacon,,2021,11079
Bailey,,2020,6859
Bailey,,2021,6835
Baker,,2020,28309
Baker,,2020,2844
Baker,,2020,16689
Baker,,2021,28715
Baker,,2021,2819
Baker,,2021,16847
Baldwin,,2020,233140
Baldwin,,2020,43773
Baldwin,,2021,239294
Baldwin,,2021,43781
Ballard,,2020,7724
Ballard,,2021,7695
Baltimore,,2020,853073
Baltimore,,2021,849316
Baltimore city,,2020,583132
Baltimore city,,2021,576498
Bamberg,,2020,13251
Bamberg,,2021,13189
Bandera,,2020,20987
Bandera,,2021,21565
Banks,,2020,18069
Banks,,2021,18562
Banner,,2020,683
Banner,,2021,692
Bannock,,2020,87177
Bannock,,2021,88263
Baraga,,2020,8128
Baraga,,2021,8215
Barber,,2020,4198
Barber,,2021,4110
Barbour,,2020,25180
Barbour,,2020,15440
Barbour,,2021,24964
Barbour,,2021,15468
Barnes,,2020,10836
Barnes,,2021,10806
Barnstable,,2020,228969
Barnstable,,2021,232411
Barnwell,,2020,20567
Barnwell,,2021,20580
Barren,,2020,44445
Barren,,2021,44544
Barron,,2020,46643
Barron,,2021,46719
Barrow,,2020,83963
Barrow,,2021,86658
Barry,,2020,62548
Barry,,2020,34539
Barry,,2021,62992
Barry,,2021,34712
Bartholomew,,2020,82157
Bartholomew,,2021,82475
Barton,,2020,25419
Barton,,2020,11613
Barton,,2021,25216
Barton,,2021,11658
Bartow,,2020,109311
Bartow,,2021,110843
Bastrop,,2020,97983
Bastrop,,2021,102058
Bates,,2020,16044
Bates,,2021,16105
Bath,,2020,12708
Bath,,2020,4196
Bath,,2021,12778
Bath,,2021,4114
Baxter,,2020,41655
Baxter,,2021,42144
Bay,,2020,174461
Bay,,2020,103594
Bay,,2021,179168
Bay,,2021,102985
Bayfield,,2020,16229
Bayfield,,2021,16320
Baylor,,2020,3464
Baylor,,2021,3477
Beadle,,2020,19146
Beadle,,2021,19121
Bear Lake,,2020,6370
Bear Lake,,2021,6545
Beaufort,,2020,44618
Beaufort,,2020,187691
Beaufort,,2021,44468
Beaufort,,2021,191748
Beauregard,,2020,36573
Beauregard,,2021,36584
Beaver,,2020,5012
Beaver,,2020,167732
Beaver,,2020,7076
Beaver,,2021,4980
Beaver,,2021,166624
Beaver,,2021,7249
Beaverhead,,2020,9372
Beaverhead,,2021,9524
Becker,,2020,35147
Becker,,2021,35219
Beckham,,2020,22302
Beckham,,2021,22046
Bedford,,2020,47523
Bedford,,2020,50302
Bedford,,2020,79504
Bedford,,2021,47461
Bedford,,2021,51119
Bedford,,2021,80131
Bee,,2020,30990
Bee,,2021,30924
Belknap,,2020,63743
Belknap,,2021,64460
Bell,,2020,23942
Bell,,2020,371981
Bell,,2021,23858
Bell,,2021,379617
Belmont,,2020,66235
Belmont,,2021,65849
Beltrami,,2020,46230
Beltrami,,2021,46380
Ben Hill,,2020,17153
Ben Hill,,2021,17158
Benewah,,2020,9576
Benewah,,2021,9931
Bennett,,2020,3386
Bennett,,2021,3406
Bennington,,2020,37271
Bennington,,2021,37312
Benson,,2020,5953
Benson,,2021,5809
Bent,,2020,5635
Bent,,2021,5759
Benton,,2020,286353
Benton,,2020,8712
Benton,,2020,25536
Benton,,2020,41338
Benton,,2020,7661
Benton,,2020,19409
Benton,,2020,95167
Benton,,2020,15812
Benton,,2020,207230
Benton,,2021,293692
Benton,,2021,8714
Benton,,2021,25691
Benton,,2021,41459
Benton,,2021,7646
Benton,,2021,19908
Benton,,2021,96017
Benton,,2021,15872
Benton,,2021,210025
Benzie,,2020,17974
Benzie,,2021,18223
Bergen,,2020,954774
Bergen,,2021,953819
Berkeley,,2020,231568
Berkeley,,2020,122654
Berkeley,,2021,236701
Berkeley,,2021,126069
Berks,,2020,428694
Berks,,2021,429342
Berkshire,,2020,128758
Berkshire,,2021,128657
Bernalillo,,2020,676581
Bernalillo,,2021,674393
Berrien,,2020,18159
Berrien,,2020,154095
Berrien,,2021,18147
Berrien,,2021,153101
Bertie,,2020,17851
Bertie,,2021,17505
Bethel,,2020,18648
Bethel,,2021,18557
Bexar,,2020,2014052
Bexar,,2021,2028236
Bibb,,2020,22223
Bibb,,2020,157104
Bibb,,2021,22477
Bibb,,2021,156762
Bienville,,2020,12899
Bienville,,2021,12776
Big Horn,,2020,13051
Big Horn,,2020,11467
Big Horn,,2021,12957
Big Horn,,2021,11632
Big Stone,,2020,5147
Big Stone,,2021,5145
Billings,,2020,931
Billings,,2021,955
Bingham,,2020,48068
Bingham,,2021,48876
Black Hawk,,2020,130980
Black Hawk,,2021,130368
Blackford,,2020,12098
Blackford,,2021,12091
Bladen,,2020,29599
Bladen,,2021,29525
Blaine,,2020,24327
Blaine,,2020,7002
Blaine,,2020,431
Blaine,,2020,8711
Blaine,,2021,24766
Blaine,,2021,6980
Blaine,,2021,461
Blaine,,2021,8562
Blair,,2020,122518
Blair,,2021,121767
Blanco,,2020,11454
Blanco,,2021,11886
Bland,,2020,6247
Bland,,2021,6173
Bleckley,,2020,12577
Bleckley,,2021,12607
Bledsoe,,2020,14930
Bledsoe,,2021,15234
Blount,,2020,59081
Blount,,2020,135566
Blount,,2021,59041
Blount,,2021,137605
Blue Earth,,2020,69173
Blue Earth,,2021,69280
Boise,,2020,7647
Boise,,2021,8094
Bolivar,,2020,30849
Bolivar,,2021,30308
Bollinger,,2020,10525
Bollinger,,2021,10556
Bon Homme,,2020,6979
Bon Homme,,2021,7014
Bond,,2020,16663
Bond,,2021,16596
Bonner,,2020,47390
Bonner,,2021,49491
Bonneville,,2020,124626
Bonneville,,2021,127930
Boone,,2020,37352
Boone,,2020,53326
Boone,,2020,71169
Boone,,2020,26691
Boone,,2020,136403
Boone,,2020,183894
Boone,,2020,5351
Boone,,2020,21714
Boone,,2021,37830
Boone,,2021,53159
Boone,,2021,73052
Boone,,2021,26723
Boone,,2021,137412
Boone,,2021,185840
Boone,,2021,5386
Boone,,2021,21312
Borden,,2020,641
Borden,,2021,617
Bosque,,2020,18239
Bosque,,2021,18503
Bossier,,2020,128615
Bossier,,2021,129144
Botetourt,,2020,33614
Botetourt,,2021,33866
Bottineau,,2020,6377
Bottineau,,2021,6390
Boulder,,2020,330811
Boulder,,2021,329543
Boundary,,2020,12113
Boundary,,2021,12561
Bourbon,,2020,14333
Bourbon,,2020,20285
Bourbon,,2021,14323
Bourbon,,2021,20229
Bowie,,2020,92792
Bowie,,2021,92581
Bowman,,2020,2981
Bowman,,2021,2903
Box Butte,,2020,10824
Box Butte,,2021,10604
Box Elder,,2020,57908
Box Elder,,2021,59688
Boyd,,2020,48175
Boyd,,2020,1806
Boyd,,2021,47899
Boyd,,2021,1789
Boyle,,2020,30701
Boyle,,2021,30747
Bracken,,2020,8390
Bracken,,2021,8439
Bradford,,2020,28364
Bradford,,2020,59858
Bradford,,2021,28540
Bradford,,2021,59892
Bradley,,2020,10498
Bradley,,2020,108741
Bradley,,2021,10408
Bradley,,2021,110162
Branch,,2020,44810
Branch,,2021,44985
Brantley,,2020,18040
Brantley,,2021,18101
Braxton,,2020,12386
Braxton,,2021,12247
Brazoria,,2020,373368
Brazoria,,2021,379689
Brazos,,2020,234480
Brazos,,2021,237032
Breathitt,,2020,13679
Breathitt,,2021,13553
Breckinridge,,2020,20432
Breckinridge,,2021,20651
Bremer,,2020,24974
Bremer,,2021,25081
Brevard,,2020,608007
Brevard,,2021,616628
Brewster,,2020,9566
Brewster,,2021,9450
Briscoe,,2020,1421
Briscoe,,2021,1403
Bristol,,2020,579172
Bristol,,2020,50750
Bristol,,2021,580164
Bristol,,2021,50818
Bristol Bay,,2020,831
Bristol Bay,,2021,838
Bristol city,,2020,17259
Bristol city,,2021,17054
Broadwater,,2020,6846
Broadwater,,2021,7288
Bronx,,2020,1466438
Bronx,,2021,1424948
Brooke,,2020,22469
Brooke,,2021,22140
Brookings,,2020,34339
Brookings,,2021,34639
Brooks,,2020,16232
Brooks,,2020,7030
Brooks,,2021,16270
Brooks,,2021,6994
Broome,,2020,198199
Broome,,2021,197240
Broomfield,,2020,74513
Broomfield,,2021,75325
Broward,,2020,1941516
Broward,,2021,1930983
Brown,,2020,6217
Brown,,2020,15470
Brown,,2020,9473
Brown,,2020,25885
Brown,,2020,2903
Brown,,2020,43629
Brown,,2020,38210
Brown,,2020,38002
Brown,,2020,268741
Brown,,2021,6421
Brown,,2021,15552
Brown,,2021,9455
Brown,,2021,25819
Brown,,2021,2908
Brown,,2021,43662
Brown,,2021,38101
Brown,,2021,38192
Brown,,2021,269591
Brule,,2020,5263
Brule,,2021,5242
Brunswick,,2020,138084
Brunswick,,2020,15806
Brunswick,,2021,144215
Brunswick,,2021,15940
Bryan,,2020,44999
Bryan,,2020,46293
Bryan,,2021,46938
Bryan,,2021,47105
Buchanan,,2020,20586
Buchanan,,2020,84615
Buchanan,,2020,20216
Buchanan,,2021,20657
Buchanan,,2021,83853
Buchanan,,2021,19816
Buckingham,,2020,16820
Buckingham,,2021,16947
Bucks,,2020,646008
Bucks,,2021,646098
Buena Vista,,2020,20776
Buena Vista,,2021,20771
Buena Vista city,,2020,6620
Buena Vista city,,2021,6601
Buffalo,,2020,50129
Buffalo,,2020,1944
Buffalo,,2020,13320
Buffalo,,2021,50339
Buffalo,,2021,1923
Buffalo,,2021,13302
Bullitt,,2020,82293
Bullitt,,2021,82918
Bulloch,,2020,81378
Bulloch,,2021,82442
Bullock,,2020,10309
Bullock,,2021,10320
Buncombe,,2020,269621
Buncombe,,2021,271534
Bureau,,2020,33118
Bureau,,2021,32883
Burke,,2020,24621
Burke,,2020,87546
Burke,,2020,2189
Burke,,2021,24310
Burke,,2021,87611
Burke,,2021,2158
Burleigh,,2020,98467
Burleigh,,2021,98933
Burleson,,2020,17644
Burleson,,2021,18051
Burlington,,2020,461862
Burlington,,2021,464269
Burnet,,2020,49427
Burnet,,2021,50954
Burnett,,2020,16588
Burnett,,2021,16744
Burt,,2020,6721
Burt,,2021,6709
Butler,,2020,19045
Butler,,2020,14311
Butler,,2020,67401
Butler,,2020,12318
Butler,,2020,42007
Butler,,2020,8349
Butler,,2020,390600
Butler,,2020,193851
Butler,,2021,18884
Butler,,2021,14332
Butler,,2021,67889
Butler,,2021,12294
Butler,,2021,42101
Butler,,2021,8444
Butler,,2021,390234
Butler,,2021,194273
Butte,,2020,210083
Butte,,2020,2577
Butte,,2020,10249
Butte,,2021,208309
Butte,,2021,2654
Butte,,2021,10456
Butts,,2020,25542
Butts,,2021,25781
Cabarrus,,2020,227065
Cabarrus,,2021,231278
Cabell,,2020,94137
Cabell,,2021,93418
Cache,,2020,133527
Cache,,2021,137417
Caddo,,2020,237056
Caddo,,2020,26858
Caddo,,2021,233092
Caddo,,2021,26368
Calaveras,,2020,45327
Calaveras,,2021,46221
Calcasieu,,2020,216416
Calcasieu,,2021,205282
Caldwell,,2020,12632
Caldwell,,2020,9617
Caldwell,,2020,8806
Caldwell,,2020,80512
Caldwell,,2020,45967
Caldwell,,2021,12624
Caldwell,,2021,9571
Caldwell,,2021,8897
Caldwell,,2021,80463
Caldwell,,2021,46791
Caledonia,,2020,30184
Caledonia,,2021,30403
Calhoun,,2020,116266
Calhoun,,2020,4725
Calhoun,,2020,13615
Calhoun,,2020,5560
Calhoun,,2020,4411
Calhoun,,2020,9886
Calhoun,,2020,134113
Calhoun,,2020,13240
Calhoun,,2020,14125
Calhoun,,2020,20047
Calhoun,,2020,6199
Calhoun,,2021,115972
Calhoun,,2021,4741
Calhoun,,2021,13641
Calhoun,,2021,5509
Calhoun,,2021,4369
Calhoun,,2021,9915
Calhoun,,2021,133819
Calhoun,,2021,13018
Calhoun,,2021,14165
Calhoun,,2021,19727
Calhoun,,2021,6176
Callahan,,2020,13750
Callahan,,2021,14115
Callaway,,2020,44288
Callaway,,2021,44638
Calloway,,2020,37147
Calloway,,2021,37560
Calumet,,2020,52476
Calumet,,2021,52539
Calvert,,2020,92857
Calvert,,2021,93928
Camas,,2020,1089
Camas,,2021,1139
Cambria,,2020,132957
Cambria,,2021,132167
Camden,,2020,54911
Camden,,2020,42784
Camden,,2020,523204
Camden,,2020,10398
Camden,,2021,55664
Camden,,2021,43436
Camden,,2021,523771
Camden,,2021,10835
Cameron,,2020,5619
Cameron,,2020,4519
Cameron,,2020,421191
Cameron,,2021,5080
Cameron,,2021,4459
Cameron,,2021,423029
Camp,,2020,12450
Camp,,2021,12616
Campbell,,2020,93086
Campbell,,2020,1374
Campbell,,2020,39277
Campbell,,2020,55638
Campbell,,2020,47116
Campbell,,2021,93050
Campbell,,2021,1380
Campbell,,2021,39578
Campbell,,2021,55492
Campbell,,2021,46401
Canadian,,2020,155507
Canadian,,2021,161737
Candler,,2020,11001
Candler,,2021,11037
Cannon,,2020,14547
Cannon,,2021,14553
Canyon,,2020,232714
Canyon,,2021,243115
Cape Girardeau,,2020,81788
Cape Girardeau,,2021,82113
Cape May,,2020,95077
Cape May,,2021,95661
Carbon,,2020,10512
Carbon,,2020,64751
Carbon,,2020,20465
Carbon,,2020,14499
Carbon,,2021,10847
Carbon,,2021,65412
Carbon,,2021,20372
Carbon,,2021,14649
Caribou,,2020,7015
Caribou,,2021,7111
Carlisle,,2020,4811
Carlisle,,2021,4791
Carlton,,2020,36156
Carlton,,2021,36409
Caroline,,2020,33290
Caroline,,2020,30905
Caroline,,2021,33386
Caroline,,2021,31332
Carroll,,2020,28202
Carroll,,2020,119463
Carroll,,2020,15664
Carroll,,2020,20307
Carroll,,2020,20702
Carroll,,2020,10833
Carroll,,2020,172890
Carroll,,2020,9941
Carroll,,2020,8461
Carroll,,2020,50212
Carroll,,2020,26689
Carroll,,2020,28415
Carroll,,2020,29130
Carroll,,2021,28435
Carroll,,2021,121968
Carroll,,2021,15698
Carroll,,2021,20444
Carroll,,2021,20692
Carroll,,2021,10863
Carroll,,2021,173873
Carroll,,2021,9879
Carroll,,2021,8376
Carroll,,2021,51500
Carroll,,2021,26691
Carroll,,2021,28432
Carroll,,2021,29048
Carson,,2020,5808
Carson,,2021,5746
Carson City,,2020,58677
Carson City,,2021,58993
Carter,,2020,26575
Carter,,2020,5207
Carter,,2020,1413
Carter,,2020,48003
Carter,,2020,56315
Carter,,2021,26412
Carter,,2021,5320
Carter,,2021,1428
Carter,,2021,48291
Carter,,2021,56134
Carteret,,2020,67656
Carteret,,2021,68541
Carver,,2020,107286
Carver,,2021,108626
Cascade,,2020,84328
Cascade,,2021,84511
Casey,,2020,15886
Casey,,2021,15866
Cass,,2020,12956
Cass,,2020,37771
Cass,,2020,13104
Cass,,2020,51563
Cass,,2020,30125
Cass,,2020,108113
Cass,,2020,26593
Cass,,2020,184868
Cass,,2020,28399
Cass,,2021,12773
Cass,,2021,37563
Cass,,2021,13050
Cass,,2021,51483
Cass,,2021,30639
Cass,,2021,109638
Cass,,2021,27017
Cass,,2021,186562
Cass,,2021,28560
Cassia,,2020,24699
Cassia,,2021,25164
Castro,,2020,7337
Castro,,2021,7374
Caswell,,2020,22694
Caswell,,2021,22714
Catahoula,,2020,8859
Catahoula,,2021,8805
Catawba,,2020,160747
Catawba,,2021,161723
Catoosa,,2020,67976
Catoosa,,2021,68397
Catron,,2020,3612
Catron,,2021,3731
Cattaraugus,,2020,76907
Cattaraugus,,2021,76426
Cavalier,,2020,3693
Cavalier,,2021,3662
Cayuga,,2020,76095
Cayuga,,2021,75880
Cecil,,2020,103740
Cecil,,2021,103905
Cedar,,2020,18495
Cedar,,2020,14199
Cedar,,2020,8373
Cedar,,2021,18410
Cedar,,2021,14496
Cedar,,2021,8330
Centre,,2020,157929
Centre,,2021,157527
Cerro Gordo,,2020,42965
Cerro Gordo,,2021,42706
Chaffee,,2020,19571
Chaffee,,2021,20074
Chambers,,2020,34678
Chambers,,2020,47051
Chambers,,2021,34541
Chambers,,2021,48865
Champaign,,2020,205469
Champaign,,2020,38705
Champaign,,2021,205943
Champaign,,2021,38699
Chariton,,2020,7380
Chariton,,2021,7356
Charles,,2020,166682
Charles,,2021,168698
Charles City,,2020,6733
Charles City,,2021,6594
Charles Mix,,2020,9351
Charles Mix,,2021,9163
Charleston,,2020,409418
Charleston,,2021,413024
Charlevoix,,2020,26012
Charlevoix,,2021,26086
Charlotte,,2020,187960
Charlotte,,2020,11506
Charlotte,,2021,194843
Charlotte,,2021,11448
Charlottesville city,,2020,46423
Charlottesville city,,2021,45672
Charlton,,2020,12530
Charlton,,2021,12766
Chase,,2020,2564
Chase,,2020,3881
Chase,,2021,2598
Chase,,2021,3826
Chatham,,2020,294904
Chatham,,2020,76611
Chatham,,2021,296329
Chatham,,2021,77889
Chattahoochee,,2020,9482
Chattahoochee,,2021,9048
Chattooga,,2020,24921
Chattooga,,2021,24932
Chautauqua,,2020,3386
Chautauqua,,2020,127424
Chautauqua,,2021,3395
Chautauqua,,2021,126807
Chaves,,2020,65168
Chaves,,2021,64629
Cheatham,,2020,41087
Cheatham,,2021,41523
Cheboygan,,2020,25599
Cheboygan,,2021,25752
Chelan,,2020,79185
Chelan,,2021,79646
Chemung,,2020,83882
Chemung,,2021,83045
Chenango,,2020,47073
Chenango,,2021,46537
Cherokee,,2020,24958
Cherokee,,2020,268043
Cherokee,,2020,11632
Cherokee,,2020,19275
Cherokee,,2020,28833
Cherokee,,2020,47081
Cherokee,,2020,56179
Cherokee,,2020,50477
Cherokee,,2021,24996
Cherokee,,2021,274615
Cherokee,,2021,11503
Cherokee,,2021,19130
Cherokee,,2021,29167
Cherokee,,2021,47627
Cherokee,,2021,56052
Cherokee,,2021,51097
Cherry,,2020,5462
Cherry,,2021,5458
Chesapeake city,,2020,249679
Chesapeake city,,2021,251269
Cheshire,,2020,76501
Cheshire,,2021,77329
Chester,,2020,534645
Chester,,2020,32276
Chester,,2020,17347
Chester,,2021,538649
Chester,,2021,32209
Chester,,2021,17504
Chesterfield,,2020,43258
Chesterfield,,2020,365566
Chesterfield,,2021,43268
Chesterfield,,2021,370688
Cheyenne,,2020,1736
Cheyenne,,2020,2620
Cheyenne,,2020,9482
Cheyenne,,2021,1707
Cheyenne,,2021,2633
Cheyenne,,2021,9529
Chickasaw,,2020,11970
Chickasaw,,2020,17067
Chickasaw,,2021,11887
Chickasaw,,2021,17011
Chicot,,2020,10143
Chicot,,2021,10019
Childress,,2020,6648
Childress,,2021,6736
Chilton,,2020,45024
Chilton,,2021,45274
Chippewa,,2020,36744
Chippewa,,2020,12593
Chippewa,,2020,66279
Chippewa,,2021,36816
Chippewa,,2021,12357
Chippewa,,2021,66865
Chisago,,2020,56670
Chisago,,2021,57469
Chittenden,,2020,168289
Chittenden,,2021,168865
Choctaw,,2020,12619
Choctaw,,2020,8202
Choctaw,,2020,14196
Choctaw,,2021,12533
Choctaw,,2021,8106
Choctaw,,2021,14307
Chouteau,,2020,5899
Chouteau,,2021,5916
Chowan,,2020,13666
Chowan,,2021,13722
Christian,,2020,33900
Christian,,2020,72696
Christian,,2020,89224
Christian,,2021,33662
Christian,,2021,72357
Christian,,2021,91499
Chugach,,2020,7073
Chugach,,2021,6941
Churchill,,2020,25539
Churchill,,2021,25723
Cibola,,2020,27076
Cibola,,2021,27184
Cimarron,,2020,2290
Cimarron,,2021,2248
Citrus,,2020,154403
Citrus,,2021,158083
Clackamas,,2020,422160
Clackamas,,2021,422537
Claiborne,,2020,14109
Claiborne,,2020,9093
Claiborne,,2020,32038
Claiborne,,2021,14038
Claiborne,,2021,8908
Claiborne,,2021,32267
Clallam,,2020,77280
Clallam,,2021,78209
Clare,,2020,30822
Clare,,2021,31065
Clarendon,,2020,31093
Clarendon,,2021,31024
Clarion,,2020,37178
Clarion,,2021,37156
Clark,,2020,21362
Clark,,2020,792
Clark,,2020,15407
Clark,,2020,121282
Clark,,2020,1973
Clark,,2020,36999
Clark,,2020,6632
Clark,,2020,2273386
Clark,,2020,135719
Clark,,2020,3850
Clark,,2020,505013
Clark,,2020,34628
Clark,,2021,21321
Clark,,2021,792
Clark,,2021,15300
Clark,,2021,122738
Clark,,2021,1977
Clark,,2021,36871
Clark,,2021,6736
Clark,,2021,2292476
Clark,,2021,135633
Clark,,2021,3855
Clark,,2021,511404
Clark,,2021,34746
Clarke,,2020,22995
Clarke,,2020,128489
Clarke,,2020,9726
Clarke,,2020,15533
Clarke,,2020,14788
Clarke,,2021,22760
Clarke,,2021,128711
Clarke,,2021,9785
Clarke,,2021,15421
Clarke,,2021,14881
Clatsop,,2020,41089
Clatsop,,2021,41810
Clay,,2020,14193
Clay,,2020,14508
Clay,,2020,218797
Clay,,2020,2835
Clay,,2020,13267
Clay,,2020,26432
Clay,,2020,16333
Clay,,2020,8112
Clay,,2020,20294
Clay,,2020,65351
Clay,,2020,18645
Clay,,2020,253923
Clay,,2020,6101
Clay,,2020,11118
Clay,,2020,14998
Clay,,2020,7554
Clay,,2020,10245
Clay,,2020,8006
Clay,,2021,14190
Clay,,2021,14350
Clay,,2021,222361
Clay,,2021,2882
Clay,,2021,13143
Clay,,2021,26410
Clay,,2021,16440
Clay,,2021,8077
Clay,,2021,20206
Clay,,2021,65574
Clay,,2021,18535
Clay,,2021,255518
Clay,,2021,6078
Clay,,2021,11309
Clay,,2021,15150
Clay,,2021,7555
Clay,,2021,10263
Clay,,2021,7892
Clayton,,2020,297417
Clayton,,2020,16996
Clayton,,2021,297100
Clayton,,2021,16998
Clear Creek,,2020,9404
Clear Creek,,2021,9446
Clearfield,,2020,80394
Clearfield,,2021,80082
Clearwater,,2020,8750
Clearwater,,2020,8580
Clearwater,,2021,8895
Clearwater,,2021,8576
Cleburne,,2020,15035
Cleburne,,2020,24665
Cleburne,,2021,15103
Cleburne,,2021,25015
Clermont,,2020,208635
Clermont,,2021,209642
Cleveland,,2020,7544
Cleveland,,2020,99725
Cleveland,,2020,296019
Cleveland,,2021,7514
Cleveland,,2021,100359
Cleveland,,2021,297597
Clinch,,2020,6723
Clinch,,2021,6725
Clinton,,2020,36896
Clinton,,2020,33151
Clinton,,2020,46418
Clinton,,2020,9216
Clinton,,2020,79128
Clinton,,2020,21204
Clinton,,2020,79715
Clinton,,2020,41962
Clinton,,2020,37350
Clinton,,2021,36793
Clinton,,2021,33065
Clinton,,2021,46463
Clinton,,2021,9265
Clinton,,2021,79426
Clinton,,2021,21287
Clinton,,2021,79596
Clinton,,2021,42004
Clinton,,2021,37465
Cloud,,2020,8988
Cloud,,2021,8928
Coahoma,,2020,21232
Coahoma,,2021,20810
Coal,,2020,5279
Coal,,2021,5276
Cobb,,2020,766209
Cobb,,2021,766802
Cochise,,2020,125398
Cochise,,2021,126050
Cochran,,2020,2559
Cochran,,2021,2516
Cocke,,2020,36022
Cocke,,2021,36418
Coconino,,2020,145116
Coconino,,2021,145052
Codington,,2020,28309
Codington,,2021,28427
Coffee,,2020,53565
Coffee,,2020,43047
Coffee,,2020,58102
Coffee,,2021,54174
Coffee,,2021,43386
Coffee,,2021,59032
Coffey,,2020,8370
Coffey,,2021,8338
Coke,,2020,3288
Coke,,2021,3321
Colbert,,2020,57236
Colbert,,2021,57474
Cole,,2020,77198
Cole,,2021,77205
Coleman,,2020,7671
Coleman,,2021,7735
Coles,,2020,46737
Coles,,2021,46765
Colfax,,2020,10546
Colfax,,2020,12332
Colfax,,2021,10498
Colfax,,2021,12369
Colleton,,2020,38543
Colleton,,2021,38462
Collier,,2020,377079
Collier,,2021,385980
Collin,,2020,1073149
Collin,,2021,1109462
Collingsworth,,2020,2635
Collingsworth,,2021,2615
Colonial Heights city,,2020,18191
Colonial Heights city,,2021,18273
Colorado,,2020,20566
Colorado,,2021,20630
Colquitt,,2020,45866
Colquitt,,2021,45812
Columbia,,2020,22741
Columbia,,2020,69889
Columbia,,2020,156773
Columbia,,2020,61550
Columbia,,2020,52631
Columbia,,2020,64667
Columbia,,2020,3949
Columbia,,2020,58510
Columbia,,2021,22672
Columbia,,2021,70385
Columbia,,2021,159639
Columbia,,2021,61778
Columbia,,2021,53074
Columbia,,2021,64872
Columbia,,2021,4042
Columbia,,2021,58488
Columbiana,,2020,101607
Columbiana,,2021,101310
Columbus,,2020,50505
Columbus,,2021,50092
Colusa,,2020,21853
Colusa,,2021,21917
Comal,,2020,163573
Comal,,2021,174986
Comanche,,2020,1681
Comanche,,2020,121129
Comanche,,2020,13600
Comanche,,2021,1670
Comanche,,2021,122063
Comanche,,2021,13775
Concho,,2020,3319
Concho,,2021,3341
Concordia,,2020,18589
Concordia,,2021,18376
Conecuh,,2020,11552
Conecuh,,2021,11328
Conejos,,2020,7464
Conejos,,2021,7612
Contra Costa,,2020,1165562
Contra Costa,,2021,1161413
Converse,,2020,13724
Converse,,2021,13672
Conway,,2020,20729
Conway,,2021,20873
Cook,,2020,17232
Cook,,2020,5262741
Cook,,2020,5592
Cook,,2021,17225
Cook,,2021,5173146
Cook,,2021,5617
Cooke,,2020,41697
Cooke,,2021,42244
Cooper,,2020,17089
Cooper,,2021,17115
Coos,,2020,31173
Coos,,2020,64887
Coos,,2021,31289
Coos,,2021,64999
Coosa,,2020,10383
Coosa,,2021,10450
Copiah,,2020,28293
Copiah,,2021,27995
Copper River,,2020,2616
Copper River,,2021,2630
Corson,,2020,3893
Corson,,2021,3872
Cortland,,2020,46723
Cortland,,2021,46311
Coryell,,2020,83096
Coryell,,2021,84232
Coshocton,,2020,36548
Coshocton,,2021,36618
Costilla,,2020,3506
Costilla,,2021,3625
Cottle,,2020,1374
Cottle,,2021,1381
Cotton,,2020,5543
Cotton,,2021,5480
Cottonwood,,2020,11489
Cottonwood,,2021,11569
Covington,,2020,37469
Covington,,2020,18313
Covington,,2021,37524
Covington,,2021,18279
Covington city,,2020,5721
Covington city,,2021,5717
Coweta,,2020,146653
Coweta,,2021,149956
Cowley,,2020,34498
Cowley,,2021,34496
Cowlitz,,2020,110924
Cowlitz,,2021,111524
Craig,,2020,14146
Craig,,2020,4880
Craig,,2021,14115
Craig,,2021,4865
Craighead,,2020,111576
Craighead,,2021,112218
Crane,,2020,4668
Crane,,2021,4680
Craven,,2020,100552
Craven,,2021,100674
Crawford,,2020,60107
Crawford,,2020,12100
Crawford,,2020,18639
Crawford,,2020,10540
Crawford,,2020,16453
Crawford,,2020,38930
Crawford,,2020,12965
Crawford,,2020,23026
Crawford,,2020,41928
Crawford,,2020,83723
Crawford,,2020,16086
Crawford,,2021,60378
Crawford,,2021,12153
Crawford,,2021,18659
Crawford,,2021,10514
Crawford,,2021,16193
Crawford,,2021,39110
Crawford,,2021,13204
Crawford,,2021,22807
Crawford,,2021,41754
Crawford,,2021,83351
Crawford,,2021,16075
Creek,,2020,71776
Creek,,2021,72029
Crenshaw,,2020,13157
Crenshaw,,2021,13083
Crisp,,2020,20042
Crisp,,2021,19879
Crittenden,,2020,48067
Crittenden,,2020,8985
Crittenden,,2021,47525
Crittenden,,2021,8947
Crockett,,2020,13884
Crockett,,2020,3111
Crockett,,2021,13979
Crockett,,2021,3068
Crook,,2020,24923
Crook,,2020,7178
Crook,,2021,25739
Crook,,2021,7315
Crosby,,2020,5098
Crosby,,2021,5106
Cross,,2020,16762
Cross,,2021,16681
Crow Wing,,2020,66236
Crow Wing,,2021,67270
Crowley,,2020,5893
Crowley,,2021,6012
Culberson,,2020,2193
Culberson,,2021,2193
Cullman,,2020,88044
Cullman,,2021,89496
Culpeper,,2020,52717
Culpeper,,2021,53596
Cumberland,,2020,10428
Cumberland,,2020,5856
Cumberland,,2020,303312
Cumberland,,2020,153848
Cumberland,,2020,334370
Cumberland,,2020,259996
Cumberland,,2020,61272
Cumberland,,2020,9656
Cumberland,,2021,10345
Cumberland,,2021,5879
Cumberland,,2021,305231
Cumberland,,2021,153627
Cumberland,,2021,335508
Cumberland,,2021,262919
Cumberland,,2021,62451
Cumberland,,2021,9681
Cuming,,2020,9009
Cuming,,2021,8984
Currituck,,2020,28385
Currituck,,2021,29653
Curry,,2020,48325
Curry,,2020,23503
Curry,,2021,47999
Curry,,2021,23683
Custer,,2020,4712
Custer,,2020,4266
Custer,,2020,11859
Custer,,2020,10495
Custer,,2020,28423
Custer,,2020,8328
Custer,,2021,5045
Custer,,2021,4428
Custer,,2021,11916
Custer,,2021,10460
Custer,,2021,28163
Custer,,2021,8609
Cuyahoga,,2020,1261696
Cuyahoga,,2021,1249387
Dade,,2020,16224
Dade,,2020,7586
Dade,,2021,16326
Dade,,2021,7599
Daggett,,2020,952
Daggett,,2021,976
Dakota,,2020,440317
Dakota,,2020,21502
Dakota,,2021,442038
Dakota,,2021,21241
Dale,,2020,49214
Dale,,2021,49342
Dallam,,2020,7116
Dallam,,2021,7172
Dallas,,2020,38190
Dallas,,2020,6445
Dallas,,2020,100486
Dallas,,2020,17099
Dallas,,2020,2610957
Dallas,,2021,37619
Dallas,,2021,6308
Dallas,,2021,103796
Dallas,,2021,17341
Dallas,,2021,2586050
Dane,,2020,562306
Dane,,2021,563951
Daniels,,2020,1658
Daniels,,2021,1686
Danville city,,2020,42465
Danville city,,2021,42215
Dare,,2020,37001
Dare,,2021,37826
Darke,,2020,51882
Darke,,2021,51597
Darlington,,2020,62833
Darlington,,2021,62755
Dauphin,,2020,286544
Dauphin,,2021,287400
Davidson,,2020,169131
Davidson,,2020,715486
Davidson,,2021,170637
Davidson,,2021,703953
Davie,,2020,42806
Davie,,2021,43533
Daviess,,2020,33391
Daviess,,2020,103291
Daviess,,2020,8427
Daviess,,2021,33397
Daviess,,2021,103063
Daviess,,2021,8399
Davis,,2020,9109
Davis,,2020,363492
Davis,,2021,9138
Davis,,2021,367285
Davison,,2020,19936
Davison,,2021,19878
Dawes,,2020,8151
Dawes,,2021,8148
Dawson,,2020,27047
Dawson,,2020,8922
Dawson,,2020,24039
Dawson,,2020,12439
Dawson,,2021,28497
Dawson,,2021,8904
Dawson,,2021,23898
Dawson,,2021,12413
Day,,2020,5425
Day,,2021,5414
De Baca,,2020,1678
De Baca,,2021,1680
De Soto,,2020,26854
De Soto,,2021,26919
De Witt,,2020,15441
De Witt,,2021,15341
DeKalb,,2020,71630
DeKalb,,2020,763831
DeKalb,,2020,100233
DeKalb,,2020,43274
DeKalb,,2020,11014
DeKalb,,2020,20171
DeKalb,,2021,71813
DeKalb,,2021,757718
DeKalb,,2021,100414
DeKalb,,2021,43333
DeKalb,,2021,11098
DeKalb,,2021,20478
DeSoto,,2020,34080
DeSoto,,2020,185902
DeSoto,,2021,34408
DeSoto,,2021,188633
DeWitt,,2020,19809
DeWitt,,2021,19918
Deaf Smith,,2020,18503
Deaf Smith,,2021,18329
Dearborn,,2020,50726
Dearborn,,2021,50816
Decatur,,2020,29338
Decatur,,2020,26477
Decatur,,2020,7610
Decatur,,2020,2749
Decatur,,2020,11402
Decatur,,2021,29038
Decatur,,2021,26320
Decatur,,2021,7659
Decatur,,2021,2751
Decatur,,2021,11391
Deer Lodge,,2020,9413
Deer Lodge,,2021,9491
Defiance,,2020,38227
Defiance,,2021,38144
Del Norte,,2020,27709
Del Norte,,2021,28100
Delaware,,2020,111669
Delaware,,2020,17458
Delaware,,2020,44186
Delaware,,2020,215062
Delaware,,2020,40400
Delaware,,2020,576388
Delaware,,2021,111871
Delaware,,2021,17510
Delaware,,2021,44378
Delaware,,2021,220740
Delaware,,2021,41000
Delaware,,2021,573849
Delta,,2020,31232
Delta,,2020,36842
Delta,,2020,5233
Delta,,2021,31661
Delta,,2021,36826
Delta,,2021,5392
Denali,,2020,1611
Denali,,2021,1593
Dent,,2020,14418
Dent,,2021,14432
Denton,,2020,913900
Denton,,2021,941647
Denver,,2020,717630
Denver,,2021,711463
Des Moines,,2020,38831
Des Moines,,2021,38491
Deschutes,,2020,199355
Deschutes,,2021,204801
Desha,,2020,11330
Desha,,2021,11090
Deuel,,2020,1829
Deuel,,2020,4299
Deuel,,2021,1865
Deuel,,2021,4272
Dewey,,2020,4466
Dewey,,2020,5226
Dewey,,2021,4417
Dewey,,2021,5246
Dickens,,2020,1760
Dickens,,2021,1740
Dickenson,,2020,14045
Dickenson,,2021,13787
Dickey,,2020,4959
Dickey,,2021,4897
Dickinson,,2020,17747
Dickinson,,2020,18353
Dickinson,,2020,25886
Dickinson,,2021,17851
Dickinson,,2021,18459
Dickinson,,2021,25787
Dickson,,2020,54432
Dickson,,2021,55292
Dillingham,,2020,4839
Dillingham,,2021,4772
Dillon,,2020,28284
Dillon,,2021,28087
Dimmit,,2020,8563
Dimmit,,2021,8473
Dinwiddie,,2020,27900
Dinwiddie,,2021,27912
District of Columbia,,2020,690093
District of Columbia,,2021,670050
Divide,,2020,2198
Divide,,2021,2188
Dixie,,2020,16805
Dixie,,2021,17102
Dixon,,2020,5580
Dixon,,2021,5545
Doddridge,,2020,7786
Doddridge,,2021,7735
Dodge,,2020,19849
Dodge,,2020,20861
Dodge,,2020,37102
Dodge,,2020,89262
Dodge,,2021,19759
Dodge,,2021,20935
Dodge,,2021,37103
Dodge,,2021,89313
Dolores,,2020,2338
Dolores,,2021,2397
Doniphan,,2020,7469
Doniphan,,2021,7471
Donley,,2020,3269
Donley,,2021,3268
Dooly,,2020,11142
Dooly,,2021,10885
Door,,2020,30102
Door,,2021,30369
Dorchester,,2020,32508
Dorchester,,2020,161975
Dorchester,,2021,32489
Dorchester,,2021,163327
Dougherty,,2020,85366
Dougherty,,2021,84844
Douglas,,2020,360102
Douglas,,2020,144497
Douglas,,2020,19742
Douglas,,2020,118814
Douglas,,2020,39079
Douglas,,2020,11592
Douglas,,2020,585010
Douglas,,2020,49468
Douglas,,2020,111235
Douglas,,2020,2824
Douglas,,2020,42998
Douglas,,2020,44275
Douglas,,2021,368990
Douglas,,2021,145814
Douglas,,2021,19722
Douglas,,2021,119363
Douglas,,2021,39238
Douglas,,2021,11732
Douglas,,2021,585008
Douglas,,2021,49870
Douglas,,2021,111978
Douglas,,2021,2821
Douglas,,2021,43696
Douglas,,2021,44203
Doña Ana,,2020,219899
Doña Ana,,2021,221508
Drew,,2020,17309
Drew,,2021,17110
DuPage,,2020,931153
DuPage,,2021,924885
Dubois,,2020,43604
Dubois,,2021,43549
Dubuque,,2020,99229
Dubuque,,2021,98718
Duchesne,,2020,19581
Duchesne,,2021,19790
Dukes,,2020,20581
Dukes,,2021,21097
Dundy,,2020,1647
Dundy,,2021,1635
Dunklin,,2020,28178
Dunklin,,2021,27717
Dunn,,2020,4103
Dunn,,2020,45440
Dunn,,2021,4035
Dunn,,2021,45547
Duplin,,2020,48675
Duplin,,2021,48515
Durham,,2020,325602
Durham,,2021,326126
Dutchess,,2020,295742
Dutchess,,2021,297112
Duval,,2020,996373
Duval,,2020,9808
Duval,,2021,999935
Duval,,2021,9756
Dyer,,2020,36646
Dyer,,2021,36615
Eagle,,2020,55665
Eagle,,2021,55727
Early,,2020,10813
Early,,2021,10619
East Baton Rouge,,2020,455884
East Baton Rouge,,2021,453301
East Carroll,,2020,7383
East Carroll,,2021,7220
East Feliciana,,2020,19451
East Feliciana,,2021,19338
Eastland,,2020,17754
Eastland,,2021,17864
Eaton,,2020,109106
Eaton,,2021,108944
Eau Claire,,2020,105818
Eau Claire,,2021,106452
Echols,,2020,3696
Echols,,2021,3699
Ector,,2020,165467
Ector,,2021,161091
Eddy,,2020,62257
Eddy,,2020,2333
Eddy,,2021,60911
Eddy,,2021,2337
Edgar,,2020,16755
Edgar,,2021,16520
Edgecombe,,2020,48697
Edgecombe,,2021,48359
Edgefield,,2020,25675
Edgefield,,2021,26153
Edmonson,,2020,12132
Edmonson,,2021,12291
Edmunds,,2020,3977
Edmunds,,2021,4033
Edwards,,2020,6205
Edwards,,2020,2898
Edwards,,2020,1414
Edwards,,2021,6075
Edwards,,2021,2832
Edwards,,2021,1438
Effingham,,2020,65150
Effingham,,2020,34614
Effingham,,2021,66741
Effingham,,2021,34430
El Dorado,,2020,191114
El Dorado,,2021,193221
El Paso,,2020,731847
El Paso,,2020,866093
El Paso,,2021,737867
El Paso,,2021,867947
Elbert,,2020,26206
Elbert,,2020,19627
Elbert,,2021,27128
Elbert,,2021,19579
Elk,,2020,2475
Elk,,2020,30927
Elk,,2021,2441
Elk,,2021,30783
Elkhart,,2020,206842
Elkhart,,2021,206921
Elko,,2020,53750
Elko,,2021,53915
Elliott,,2020,7334
Elliott,,2021,7381
Ellis,,2020,28931
Ellis,,2020,3745
Ellis,,2020,194272
Ellis,,2021,28790
Ellis,,2021,3762
Ellis,,2021,202678
Ellsworth,,2020,6354
Ellsworth,,2021,6336
Elmore,,2020,88116
Elmore,,2020,28668
Elmore,,2021,89304
Elmore,,2021,28827
Emanuel,,2020,22730
Emanuel,,2021,22716
Emery,,2020,9837
Emery,,2021,9967
Emmet,,2020,9332
Emmet,,2020,34090
Emmet,,2021,9321
Emmet,,2021,34225
Emmons,,2020,3282
Emmons,,2021,3271
Emporia city,,2020,5716
Emporia city,,2021,5667
Erath,,2020,42715
Erath,,2021,43378
Erie,,2020,953254
Erie,,2020,75429
Erie,,2020,270427
Erie,,2021,950683
Erie,,2021,74852
Erie,,2021,269011
Escambia,,2020,36665
Escambia,,2020,322424
Escambia,,2021,36699
Escambia,,2021,322390
Esmeralda,,2020,730
Esmeralda,,2021,743
Essex,,2020,809218
Essex,,2020,862032
Essex,,2020,37336
Essex,,2020,5910
Essex,,2020,10591
Essex,,2021,807074
Essex,,2021,854917
Essex,,2021,37268
Essex,,2021,5925
Essex,,2021,10573
Estill,,2020,14134
Estill,,2021,14092
Etowah,,2020,103393
Etowah,,2021,103162
Eureka,,2020,1847
Eureka,,2021,1903
Evangeline,,2020,32307
Evangeline,,2021,32215
Evans,,2020,10757
Evans,,2021,10672
Fairbanks North Star,,2020,95286
Fairbanks North Star,,2021,95593
Fairfax,,2020,1148472
Fairfax,,2021,1139720
Fairfax city,,2020,24129
Fairfax city,,2021,24276
Fairfield,,2020,955895
Fairfield,,2020,159357
Fairfield,,2020,20858
Fairfield,,2021,959768
Fairfield,,2021,161064
Fairfield,,2021,20690
Fall River,,2020,6964
Fall River,,2021,7202
Fallon,,2020,3033
Fallon,,2021,3017
Falls,,2020,16961
Falls,,2021,17313
Falls Church city,,2020,14654
Falls Church city,,2021,14493
Fannin,,2020,25396
Fannin,,2020,35732
Fannin,,2021,25817
Fannin,,2021,36569
Faribault,,2020,13888
Faribault,,2021,13909
Faulk,,2020,2128
Faulk,,2021,2137
Faulkner,,2020,123666
Faulkner,,2021,125106
Fauquier,,2020,72938
Fauquier,,2021,73815
Fayette,,2020,16307
Fayette,,2020,119441
Fayette,,2020,21460
Fayette,,2020,23333
Fayette,,2020,19399
Fayette,,2020,322403
Fayette,,2020,28939
Fayette,,2020,128393
Fayette,,2020,42139
Fayette,,2020,24452
Fayette,,2020,40358
Fayette,,2021,16148
Fayette,,2021,120574
Fayette,,2021,21384
Fayette,,2021,23360
Fayette,,2021,19258
Fayette,,2021,321793
Fayette,,2021,28906
Fayette,,2021,126931
Fayette,,2021,42832
Fayette,,2021,24687
Fayette,,2021,39927
Fentress,,2020,18522
Fentress,,2021,18850
Fergus,,2020,11457
Fergus,,2021,11617
Ferry,,2020,7178
Ferry,,2021,7273
Fillmore,,2020,21246
Fillmore,,2020,5567
Fillmore,,2021,21271
Fillmore,,2021,5546
Finney,,2020,38297
Finney,,2021,38107
Fisher,,2020,3677
Fisher,,2021,3706
Flagler,,2020,115968
Flagler,,2021,120932
Flathead,,2020,104773
Flathead,,2021,108454
Fleming,,2020,15091
Fleming,,2021,15224
Florence,,2020,136805
Florence,,2020,4556
Florence,,2021,136504
Florence,,2021,4593
Floyd,,2020,98593
Floyd,,2020,80437
Floyd,,2020,15552
Floyd,,2020,35756
Floyd,,2020,5378
Floyd,,2020,15474
Floyd,,2021,98771
Floyd,,2021,80454
Floyd,,2021,15413
Floyd,,2021,35274
Floyd,,2021,5350
Floyd,,2021,15566
Fluvanna,,2020,27280
Fluvanna,,2021,27723
Foard,,2020,1086
Foard,,2021,1080
Fond du Lac,,2020,104076
Fond du Lac,,2021,104362
Ford,,2020,13533
Ford,,2020,34206
Ford,,2021,13511
Ford,,2021,34159
Forest,,2020,6952
Forest,,2020,9160
Forest,,2021,7032
Forest,,2021,9258
Forrest,,2020,78136
Forrest,,2021,77875
Forsyth,,2020,252786
Forsyth,,2020,382733
Forsyth,,2021,260206
Forsyth,,2021,385523
Fort Bend,,2020,828632
Fort Bend,,2021,858527
Foster,,2020,3389
Foster,,2021,3364
Fountain,,2020,16470
Fountain,,2021,16427
Franklin,,2020,32063
Franklin,,2020,17122
Franklin,,2020,12456
Franklin,,2020,23429
Franklin,,2020,14269
Franklin,,2020,37636
Franklin,,2020,22767
Franklin,,2020,9983
Franklin,,2020,26028
Franklin,,2020,51569
Franklin,,2020,19721
Franklin,,2020,29418
Franklin,,2020,70988
Franklin,,2020,7653
Franklin,,2020,104769
Franklin,,2020,2885
Franklin,,2020,47527
Franklin,,2020,69060
Franklin,,2020,1324013
Franklin,,2020,155874
Franklin,,2020,42781
Franklin,,2020,10366
Franklin,,2020,49996
Franklin,,2020,54469
Franklin,,2020,97076
Franklin,,2021,32013
Franklin,,2021,17173
Franklin,,2021,12572
Franklin,,2021,23785
Franklin,,2021,14666
Franklin,,2021,37442
Franklin,,2021,22842
Franklin,,2021,9952
Franklin,,2021,25986
Franklin,,2021,51682
Franklin,,2021,19668
Franklin,,2021,29687
Franklin,,2021,71015
Franklin,,2021,7676
Franklin,,2021,105231
Franklin,,2021,2903
Franklin,,2021,47456
Franklin,,2021,71703
Franklin,,2021,1321414
Franklin,,2021,156289
Franklin,,2021,43215
Franklin,,2021,10464
Franklin,,2021,50325
Franklin,,2021,54938
Franklin,,2021,98268
Franklin city,,2020,8171
Franklin city,,2021,8217
Frederick,,2020,272737
Frederick,,2020,91766
Frederick,,2021,279835
Frederick,,2021,93717
Fredericksburg city,,2020,27995
Fredericksburg city,,2021,28367
Freeborn,,2020,30883
Freeborn,,2021,30749
Freestone,,2020,19445
Freestone,,2021,19774
Fremont,,2020,48981
Fremont,,2020,13404
Fremont,,2020,6560
Fremont,,2020,39177
Fremont,,2021,49661
Fremont,,2021,13592
Fremont,,2021,6567
Fremont,,2021,39336
Fresno,,2020,1008966
Fresno,,2021,1013581
Frio,,2020,18366
Frio,,2021,18436
Frontier,,2020,2510
Frontier,,2021,2555
Fulton,,2020,12033
Fulton,,2020,1069023
Fulton,,2020,33440
Fulton,,2020,20434
Fulton,,2020,6501
Fulton,,2020,53160
Fulton,,2020,42619
Fulton,,2020,14549
Fulton,,2021,12145
Fulton,,2021,1065334
Fulton,,2021,33197
Fulton,,2021,20386
Fulton,,2021,6512
Fulton,,2021,53116
Fulton,,2021,42450
Fulton,,2021,14523
Furnas,,2020,4615
Furnas,,2021,4604
Gadsden,,2020,43701
Gadsden,,2021,43714
Gage,,2020,21663
Gage,,2021,21616
Gaines,,2020,21701
Gaines,,2021,21895
Galax city,,2020,6691
Galax city,,2021,6660
Gallatin,,2020,4947
Gallatin,,2020,8667
Gallatin,,2020,119502
Gallatin,,2021,4903
Gallatin,,2021,8775
Gallatin,,2021,122713
Gallia,,2020,29193
Gallia,,2021,29158
Galveston,,2020,351458
Galveston,,2021,355062
Garden,,2020,1883
Garden,,2021,1847
Garfield,,2020,61776
Garfield,,2020,1172
Garfield,,2020,1806
Garfield,,2020,62629
Garfield,,2020,5090
Garfield,,2020,2292
Garfield,,2021,62161
Garfield,,2021,1209
Garfield,,2021,1839
Garfield,,2021,61926
Garfield,,2021,5129
Garfield,,2021,2346
Garland,,2020,100162
Garland,,2021,100330
Garrard,,2020,16935
Garrard,,2021,17362
Garrett,,2020,28761
Garrett,,2021,28702
Garvin,,2020,25627
Garvin,,2021,25804
Garza,,2020,5794
Garza,,2021,5863
Gasconade,,2020,14745
Gasconade,,2021,14791
Gaston,,2020,228269
Gaston,,2021,230856
Gates,,2020,10452
Gates,,2021,10366
Geary,,2020,36747
Geary,,2021,35934
Geauga,,2020,95334
Geauga,,2021,95565
Gem,,2020,19258
Gem,,2021,19792
Genesee,,2020,405648
Genesee,,2020,58258
Genesee,,2021,404208
Genesee,,2021,57853
Geneva,,2020,26675
Geneva,,2021,26701
Gentry,,2020,6115
Gentry,,2021,6173
George,,2020,24335
George,,2021,24762
Georgetown,,2020,63440
Georgetown,,2021,63921
Gibson,,2020,33021
Gibson,,2020,50375
Gibson,,2021,32924
Gibson,,2021,50541
Gila,,2020,53306
Gila,,2021,53589
Gilchrist,,2020,17928
Gilchrist,,2021,18360
Giles,,2020,30295
Giles,,2020,16754
Giles,,2021,30542
Giles,,2021,16562
Gillespie,,2020,26732
Gillespie,,2021,27297
Gilliam,,2020,2016
Gilliam,,2021,2005
Gilmer,,2020,31429
Gilmer,,2020,7378
Gilmer,,2021,32026
Gilmer,,2021,7377
Gilpin,,2020,5810
Gilpin,,2021,5873
Glacier,,2020,13747
Glacier,,2021,13785
Glades,,2020,12179
Glades,,2021,12234
Gladwin,,2020,25369
Gladwin,,2021,25485
Glascock,,2020,2883
Glascock,,2021,2919
Glasscock,,2020,1114
Glasscock,,2021,1149
Glenn,,2020,28893
Glenn,,2021,28805
Gloucester,,2020,302607
Gloucester,,2020,38688
Gloucester,,2021,304477
Gloucester,,2021,39069
Glynn,,2020,84470
Glynn,,2021,84739
Gogebic,,2020,14315
Gogebic,,2021,14361
Golden Valley,,2020,820
Golden Valley,,2020,1730
Golden Valley,,2021,831
Golden Valley,,2021,1770
Goliad,,2020,7005
Goliad,,2021,7163
Gonzales,,2020,19653
Gonzales,,2021,19641
Goochland,,2020,24828
Goochland,,2021,25488
Goodhue,,2020,47536
Goodhue,,2021,47968
Gooding,,2020,15643
Gooding,,2021,15772
Gordon,,2020,57696
Gordon,,2021,58237
Goshen,,2020,12503
Goshen,,2021,12537
Gosper,,2020,1891
Gosper,,2021,1824
Gove,,2020,2694
Gove,,2021,2755
Grady,,2020,26221
Grady,,2020,54805
Grady,,2021,25918
Grady,,2021,55508
Grafton,,2020,91123
Grafton,,2021,92201
Graham,,2020,38614
Graham,,2020,2405
Graham,,2020,8016
Graham,,2021,39050
Graham,,2021,2400
Graham,,2021,8043
Grainger,,2020,23525
Grainger,,2021,23763
Grand,,2020,15733
Grand,,2020,9681
Grand,,2021,15860
Grand,,2021,9663
Grand Forks,,2020,73062
Grand Forks,,2021,72705
Grand Isle,,2020,7278
Grand Isle,,2021,7421
Grand Traverse,,2020,95315
Grand Traverse,,2021,95860
Granite,,2020,3308
Granite,,2021,3344
Grant,,2020,17975
Grant,,2020,66446
Grant,,2020,7327
Grant,,2020,25008
Grant,,2020,22129
Grant,,2020,6080
Grant,,2020,611
Grant,,2020,28209
Grant,,2020,2281
Grant,,2020,4168
Grant,,2020,7223
Grant,,2020,7532
Grant,,2020,99365
Grant,,2020,10954
Grant,,2020,51934
Grant,,2021,18090
Grant,,2021,66263
Grant,,2021,7324
Grant,,2021,25244
Grant,,2021,22236
Grant,,2021,6153
Grant,,2021,579
Grant,,2021,27889
Grant,,2021,2323
Grant,,2021,4131
Grant,,2021,7272
Grant,,2021,7519
Grant,,2021,100297
Grant,,2021,10983
Grant,,2021,52110
Granville,,2020,61041
Granville,,2021,61986
Gratiot,,2020,41662
Gratiot,,2021,41544
Graves,,2020,36512
Graves,,2021,36615
Gray,,2020,5633
Gray,,2020,21179
Gray,,2021,5644
Gray,,2021,21030
Grays Harbor,,2020,75811
Grays Harbor,,2021,76841
Grayson,,2020,26410
Grayson,,2020,136014
Grayson,,2020,15300
Grayson,,2021,26524
Grayson,,2021,139336
Grayson,,2021,15359
Greeley,,2020,1277
Greeley,,2020,2180
Greeley,,2021,1304
Greeley,,2021,2169
Green,,2020,11112
Green,,2020,36992
Green,,2021,11291
Green,,2021,36988
Green Lake,,2020,18997
Green Lake,,2021,19229
Greenbrier,,2020,32866
Greenbrier,,2021,32608
Greene,,2020,7704
Greene,,2020,45818
Greene,,2020,19025
Greene,,2020,11915
Greene,,2020,30790
Greene,,2020,8746
Greene,,2020,13501
Greene,,2020,299060
Greene,,2020,47890
Greene,,2020,20444
Greene,,2020,168025
Greene,,2020,35813
Greene,,2020,70220
Greene,,2020,20591
Greene,,2021,7629
Greene,,2021,46317
Greene,,2021,19536
Greene,,2021,11843
Greene,,2021,30786
Greene,,2021,8717
Greene,,2021,13630
Greene,,2021,300865
Greene,,2021,48499
Greene,,2021,20417
Greene,,2021,168412
Greene,,2021,35369
Greene,,2021,70621
Greene,,2021,20968
Greenlee,,2020,9522
Greenlee,,2021,9404
Greensville,,2020,11393
Greensville,,2021,11437
Greenup,,2020,35852
Greenup,,2021,35649
Greenville,,2020,526980
Greenville,,2021,533834
Greenwood,,2020,5972
Greenwood,,2020,69380
Greenwood,,2021,5939
Greenwood,,2021,69241
Greer,,2020,5488
Greer,,2021,5487
Gregg,,2020,124175
Gregg,,2021,124201
Gregory,,2020,3994
Gregory,,2021,3977
Grenada,,2020,21581
Grenada,,2021,21365
Griggs,,2020,2296
Griggs,,2021,2281
Grimes,,2020,29414
Grimes,,2021,30287
Grundy,,2020,52514
Grundy,,2020,12312
Grundy,,2020,9729
Grundy,,2020,13531
Grundy,,2021,52989
Grundy,,2021,12347
Grundy,,2021,9720
Grundy,,2021,13622
Guadalupe,,2020,4447
Guadalupe,,2020,173541
Guadalupe,,2021,4449
Guadalupe,,2021,177036
Guernsey,,2020,38390
Guernsey,,2021,38287
Guilford,,2020,541347
Guilford,,2021,542410
Gulf,,2020,14181
Gulf,,2021,14363
Gunnison,,2020,16945
Gunnison,,2021,17281
Guthrie,,2020,10612
Guthrie,,2021,10567
Gwinnett,,2020,957801
Gwinnett,,2021,964546
Haakon,,2020,1869
Haakon,,2021,1835
Habersham,,2020,46105
Habersham,,2021,46774
Haines,,2020,2085
Haines,,2021,2071
Hale,,2020,14792
Hale,,2020,32439
Hale,,2021,14754
Hale,,2021,32220
Halifax,,2020,48495
Halifax,,2020,33901
Halifax,,2021,48272
Halifax,,2021,33738
Hall,,2020,203589
Hall,,2020,62730
Hall,,2020,2801
Hall,,2021,207369
Hall,,2021,61979
Hall,,2021,2845
Hamblen,,2020,64435
Hamblen,,2021,64468
Hamilton,,2020,13988
Hamilton,,2020,7977
Hamilton,,2020,348868
Hamilton,,2020,15020
Hamilton,,2020,2494
Hamilton,,2020,9403
Hamilton,,2020,5078
Hamilton,,2020,829909
Hamilton,,2020,366991
Hamilton,,2020,8230
Hamilton,,2021,13993
Hamilton,,2021,7911
Hamilton,,2021,356650
Hamilton,,2021,14887
Hamilton,,2021,2484
Hamilton,,2021,9386
Hamilton,,2021,5119
Hamilton,,2021,826139
Hamilton,,2021,369135
Hamilton,,2021,8229
Hamlin,,2020,6167
Hamlin,,2021,6255
Hampden,,2020,464908
Hampden,,2021,462718
Hampshire,,2020,162064
Hampshire,,2020,23067
Hampshire,,2021,161572
Hampshire,,2021,23302
Hampton,,2020,18512
Hampton,,2021,18180
Hampton city,,2020,137131
Hampton city,,2021,137746
Hancock,,2020,8722
Hancock,,2020,17552
Hancock,,2020,80156
Hancock,,2020,10757
Hancock,,2020,9092
Hancock,,2020,55460
Hancock,,2020,46075
Hancock,,2020,74830
Hancock,,2020,6622
Hancock,,2020,29019
Hancock,,2021,8630
Hancock,,2021,17400
Hancock,,2021,81789
Hancock,,2021,10663
Hancock,,2021,9064
Hancock,,2021,56192
Hancock,,2021,46055
Hancock,,2021,74656
Hancock,,2021,6787
Hancock,,2021,28656
Hand,,2020,3130
Hand,,2021,3095
Hanover,,2020,110102
Hanover,,2021,111603
Hansford,,2020,5255
Hansford,,2021,5159
Hanson,,2020,3461
Hanson,,2021,3505
Haralson,,2020,29985
Haralson,,2021,30572
Hardee,,2020,25313
Hardee,,2021,25425
Hardeman,,2020,25410
Hardeman,,2020,3559
Hardeman,,2021,25426
Hardeman,,2021,3552
Hardin,,2020,3634
Hardin,,2020,16821
Hardin,,2020,110719
Hardin,,2020,30725
Hardin,,2020,26800
Hardin,,2020,56277
Hardin,,2021,3650
Hardin,,2021,16708
Hardin,,2021,111607
Hardin,,2021,30621
Hardin,,2021,26892
Hardin,,2021,56973
Harding,,2020,660
Harding,,2020,1317
Harding,,2021,639
Harding,,2021,1327
Hardy,,2020,14240
Hardy,,2021,14160
Harford,,2020,261122
Harford,,2021,262977
Harlan,,2020,26689
Harlan,,2020,3054
Harlan,,2021,26164
Harlan,,2021,3091
Harmon,,2020,2465
Harmon,,2021,2418
Harnett,,2020,133761
Harnett,,2021,135966
Harney,,2020,7491
Harney,,2021,7575
Harper,,2020,5461
Harper,,2020,3255
Harper,,2021,5331
Harper,,2021,3180
Harris,,2020,34927
Harris,,2020,4732491
Harris,,2021,35626
Harris,,2021,4728030
Harrison,,2020,39652
Harrison,,2020,14546
Harrison,,2020,18705
Harrison,,2020,208613
Harrison,,2020,8155
Harrison,,2020,14493
Harrison,,2020,68778
Harrison,,2020,65771
Harrison,,2021,39761
Harrison,,2021,14669
Harrison,,2021,18950
Harrison,,2021,209396
Harrison,,2021,8164
Harrison,,2021,14477
Harrison,,2021,69150
Harrison,,2021,65158
Harrisonburg city,,2020,51675
Harrisonburg city,,2021,51430
Hart,,2020,25866
Hart,,2020,19271
Hart,,2021,26409
Hart,,2021,19460
Hartford,,2020,897932
Hartford,,2021,896854
Hartley,,2020,5362
Hartley,,2021,5397
Harvey,,2020,33942
Harvey,,2021,33817
Haskell,,2020,3756
Haskell,,2020,11549
Haskell,,2020,5424
Haskell,,2021,3668
Haskell,,2021,11602
Haskell,,2021,5411
Hawaii,,2020,200746
Hawaii,,2021,202906
Hawkins,,2020,56669
Hawkins,,2021,57288
Hayes,,2020,855
Hayes,,2021,843
Hays,,2020,243809
Hays,,2021,255397
Haywood,,2020,62131
Haywood,,2020,17795
Haywood,,2021,62476
Haywood,,2021,17694
Heard,,2020,11465
Heard,,2021,11565
Hemphill,,2020,3368
Hemphill,,2021,3271
Hempstead,,2020,19993
Hempstead,,2021,19694
Henderson,,2020,6339
Henderson,,2020,44645
Henderson,,2020,116493
Henderson,,2020,27818
Henderson,,2020,82348
Henderson,,2021,6312
Henderson,,2021,44329
Henderson,,2021,116829
Henderson,,2021,27953
Henderson,,2021,83667
Hendricks,,2020,175528
Hendricks,,2021,179355
Hendry,,2020,39707
Hendry,,2021,40313
Hennepin,,2020,1281267
Hennepin,,2021,1267416
Henrico,,2020,334298
Henrico,,2021,333554
Henry,,2020,17167
Henry,,2020,241818
Henry,,2020,49138
Henry,,2020,48885
Henry,,2020,20412
Henry,,2020,15666
Henry,,2020,21949
Henry,,2020,27629
Henry,,2020,32115
Henry,,2020,50782
Henry,,2021,17459
Henry,,2021,245235
Henry,,2021,48907
Henry,,2021,48935
Henry,,2021,20387
Henry,,2021,15657
Henry,,2021,22206
Henry,,2021,27538
Henry,,2021,32239
Henry,,2021,50248
Herkimer,,2020,60007
Herkimer,,2021,59937
Hernando,,2020,195508
Hernando,,2021,200638
Hertford,,2020,21451
Hertford,,2021,21278
Hettinger,,2020,2474
Hettinger,,2021,2430
Hickman,,2020,4521
Hickman,,2020,24942
Hickman,,2021,4424
Hickman,,2021,25307
Hickory,,2020,8303
Hickory,,2021,8607
Hidalgo,,2020,4149
Hidalgo,,2020,872204
Hidalgo,,2021,4074
Hidalgo,,2021,880356
Highland,,2020,43321
Highland,,2020,2236
Highland,,2021,43354
Highland,,2021,2226
Highlands,,2020,101222
Highlands,,2021,103296
Hill,,2020,16250
Hill,,2020,35965
Hill,,2021,16179
Hill,,2021,36471
Hillsborough,,2020,1463380
Hillsborough,,2020,422705
Hillsborough,,2021,1478194
Hillsborough,,2021,424079
Hillsdale,,2020,45677
Hillsdale,,2021,45546
Hinds,,2020,226636
Hinds,,2021,222679
Hinsdale,,2020,794
Hinsdale,,2021,781
Hitchcock,,2020,2610
Hitchcock,,2021,2586
Hocking,,2020,27999
Hocking,,2021,28097
Hockley,,2020,21490
Hockley,,2021,21363
Hodgeman,,2020,1718
Hodgeman,,2021,1710
Hoke,,2020,52223
Hoke,,2021,53114
Holmes,,2020,19622
Holmes,,2020,16912
Holmes,,2020,44194
Holmes,,2021,19784
Holmes,,2021,16496
Holmes,,2021,44271
Holt,,2020,4186
Holt,,2020,10083
Holt,,2021,4226
Holt,,2021,10049
Honolulu,,2020,1013227
Honolulu,,2021,1000890
Hood,,2020,61953
Hood,,2021,64222
Hood River,,2020,23943
Hood River,,2021,24057
Hooker,,2020,707
Hooker,,2021,734
Hoonah-Angoon,,2020,2361
Hoonah-Angoon,,2021,2332
Hopewell city,,2020,22967
Hopewell city,,2021,23140
Hopkins,,2020,45367
Hopkins,,2020,36795
Hopkins,,2021,45138
Hopkins,,2021,37211
Horry,,2020,353498
Horry,,2021,365579
Hot Spring,,2020,33034
Hot Spring,,2021,33148
Hot Springs,,2020,4622
Hot Springs,,2021,4597
Houghton,,2020,37160
Houghton,,2021,37313
Houston,,2020,107190
Houston,,2020,164242
Houston,,2020,18818
Houston,,2020,8285
Houston,,2020,22068
Houston,,2021,107458
Houston,,2021,166829
Houston,,2021,18778
Houston,,2021,8317
Houston,,2021,22241
Howard,,2020,12755
Howard,,2020,83619
Howard,,2020,9487
Howard,,2020,332722
Howard,,2020,10144
Howard,,2020,6496
Howard,,2020,34797
Howard,,2021,12698
Howard,,2021,83687
Howard,,2021,9478
Howard,,2021,334529
Howard,,2021,10168
Howard,,2021,6531
Howard,,2021,34128
Howell,,2020,39750
Howell,,2021,39975
Hubbard,,2020,21380
Hubbard,,2021,21715
Hudson,,2020,722655
Hudson,,2021,702463
Hudspeth,,2020,3196
Hudspeth,,2021,3287
Huerfano,,2020,6810
Huerfano,,2021,6920
Hughes,,2020,13334
Hughes,,2020,17704
Hughes,,2021,13405
Hughes,,2021,17694
Humboldt,,2020,136351
Humboldt,,2020,9595
Humboldt,,2020,17283
Humboldt,,2021,136310
Humboldt,,2021,9634
Humboldt,,2021,17648
Humphreys,,2020,7715
Humphreys,,2020,18974
Humphreys,,2021,7551
Humphreys,,2021,19211
Hunt,,2020,100231
Hunt,,2021,103394
Hunterdon,,2020,128839
Hunterdon,,2021,129924
Huntingdon,,2020,44030
Huntingdon,,2021,43889
Huntington,,2020,36599
Huntington,,2021,36717
Huron,,2020,31351
Huron,,2020,58439
Huron,,2021,31252
Huron,,2021,58367
Hutchinson,,2020,7411
Hutchinson,,2020,20539
Hutchinson,,2021,7411
Hutchinson,,2021,20495
Hyde,,2020,4549
Hyde,,2020,1258
Hyde,,2021,4508
Hyde,,2021,1236
Iberia,,2020,69725
Iberia,,2021,68975
Iberville,,2020,30095
Iberville,,2021,29824
Ida,,2020,7007
Ida,,2021,6956
Idaho,,2020,16561
Idaho,,2021,17040
Imperial,,2020,179489
Imperial,,2021,179851
Independence,,2020,37892
Independence,,2021,37723
Indian River,,2020,160345
Indian River,,2021,163662
Indiana,,2020,83116
Indiana,,2021,82886
Ingham,,2020,284520
Ingham,,2021,284034
Inyo,,2020,19023
Inyo,,2021,18970
Ionia,,2020,66861
Ionia,,2021,67197
Iosco,,2020,25191
Iosco,,2021,25369
Iowa,,2020,16679
Iowa,,2020,23676
Iowa,,2021,16568
Iowa,,2021,23756
Iredell,,2020,187630
Iredell,,2021,191968
Irion,,2020,1522
Irion,,2021,1552
Iron,,2020,11637
Iron,,2020,9515
Iron,,2020,57640
Iron,,2020,6128
Iron,,2021,11635
Iron,,2021,9408
Iron,,2021,60519
Iron,,2021,6178
Iroquois,,2020,26984
Iroquois,,2021,26827
Irwin,,2020,9643
Irwin,,2021,9618
Isabella,,2020,64488
Isabella,,2021,64813
Isanti,,2020,41383
Isanti,,2021,41906
Island,,2020,86948
Island,,2021,87432
Isle of Wight,,2020,38658
Isle of Wight,,2021,39278
Issaquena,,2020,1326
Issaquena,,2021,1280
Itasca,,2020,44984
Itasca,,2021,45070
Itawamba,,2020,23824
Itawamba,,2021,23838
Izard,,2020,13576
Izard,,2021,13911
Jack,,2020,8492
Jack,,2021,8712
Jackson,,2020,52519
Jackson,,2020,16737
Jackson,,2020,1376
Jackson,,2020,47214
Jackson,,2020,76712
Jackson,,2020,52896
Jackson,,2020,46373
Jackson,,2020,19437
Jackson,,2020,13230
Jackson,,2020,12951
Jackson,,2020,14989
Jackson,,2020,160200
Jackson,,2020,9969
Jackson,,2020,143291
Jackson,,2020,717243
Jackson,,2020,43134
Jackson,,2020,32642
Jackson,,2020,24731
Jackson,,2020,223394
Jackson,,2020,2810
Jackson,,2020,11617
Jackson,,2020,15000
Jackson,,2020,27735
Jackson,,2020,21102
Jackson,,2021,52773
Jackson,,2021,16811
Jackson,,2021,1363
Jackson,,2021,47694
Jackson,,2021,80286
Jackson,,2021,52565
Jackson,,2021,46067
Jackson,,2021,19368
Jackson,,2021,13261
Jackson,,2021,12984
Jackson,,2021,14876
Jackson,,2021,160050
Jackson,,2021,9990
Jackson,,2021,143987
Jackson,,2021,716862
Jackson,,2021,43410
Jackson,,2021,32511
Jackson,,2021,24777
Jackson,,2021,223734
Jackson,,2021,2878
Jackson,,2021,11750
Jackson,,2021,15121
Jackson,,2021,27738
Jackson,,2021,21121
James City,,2020,78412
James City,,2021,79882
Jasper,,2020,14638
Jasper,,2020,9247
Jasper,,2020,32906
Jasper,,2020,37802
Jasper,,2020,16348
Jasper,,2020,122766
Jasper,,2020,29073
Jasper,,2020,32900
Jasper,,2021,15278
Jasper,,2021,9193
Jasper,,2021,33091
Jasper,,2021,37764
Jasper,,2021,16291
Jasper,,2021,123155
Jasper,,2021,30324
Jasper,,2021,32975
Jay,,2020,20456
Jay,,2021,20248
Jeff Davis,,2020,14777
Jeff Davis,,2020,1978
Jeff Davis,,2021,14872
Jeff Davis,,2021,1949
Jefferson,,2020,673341
Jefferson,,2020,66811
Jefferson,,2020,582928
Jefferson,,2020,14560
Jefferson,,2020,15658
Jefferson,,2020,31055
Jefferson,,2020,37029
Jefferson,,2020,33075
Jefferson,,2020,15659
Jefferson,,2020,18300
Jefferson,,2020,782123
Jefferson,,2020,439845
Jefferson,,2020,7254
Jefferson,,2020,226929
Jefferson,,2020,12133
Jefferson,,2020,7260
Jefferson,,2020,116134
Jefferson,,2020,65107
Jefferson,,2020,5326
Jefferson,,2020,24518
Jefferson,,2020,44431
Jefferson,,2020,54870
Jefferson,,2020,255979
Jefferson,,2020,33048
Jefferson,,2020,57732
Jefferson,,2020,84858
Jefferson,,2021,667820
Jefferson,,2021,65861
Jefferson,,2021,579581
Jefferson,,2021,14555
Jefferson,,2021,15524
Jefferson,,2021,32202
Jefferson,,2021,36877
Jefferson,,2021,33141
Jefferson,,2021,15647
Jefferson,,2021,18411
Jefferson,,2021,777874
Jefferson,,2021,433688
Jefferson,,2021,7205
Jefferson,,2021,227771
Jefferson,,2021,12470
Jefferson,,2021,7176
Jefferson,,2021,116295
Jefferson,,2021,64789
Jefferson,,2021,5438
Jefferson,,2021,25068
Jefferson,,2021,44114
Jefferson,,2021,55624
Jefferson,,2021,253704
Jefferson,,2021,33605
Jefferson,,2021,58370
Jefferson,,2021,84943
Jefferson Davis,,2020,32166
Jefferson Davis,,2020,11258
Jefferson Davis,,2021,32345
Jefferson Davis,,2021,11134
Jenkins,,2020,8662
Jenkins,,2021,8639
Jennings,,2020,27564
Jennings,,2021,27409
Jerauld,,2020,1657
Jerauld,,2021,1636
Jerome,,2020,24222
Jerome,,2021,24662
Jersey,,2020,21444
Jersey,,2021,21333
Jessamine,,2020,52972
Jessamine,,2021,53626
Jewell,,2020,2926
Jewell,,2021,2937
Jim Hogg,,2020,4839
Jim Hogg,,2021,4801
Jim Wells,,2020,38813
Jim Wells,,2021,38847
Jo Daviess,,2020,22035
Jo Daviess,,2021,21939
Johnson,,2020,25692
Johnson,,2020,9168
Johnson,,2020,13307
Johnson,,2020,162180
Johnson,,2020,152984
Johnson,,2020,610536
Johnson,,2020,22634
Johnson,,2020,54002
Johnson,,2020,5288
Johnson,,2020,17966
Johnson,,2020,180733
Johnson,,2020,8459
Johnson,,2021,25845
Johnson,,2021,9160
Johnson,,2021,13463
Johnson,,2021,164298
Johnson,,2021,154748
Johnson,,2021,613219
Johnson,,2021,22556
Johnson,,2021,54150
Johnson,,2021,5316
Johnson,,2021,18170
Johnson,,2021,187280
Johnson,,2021,8623
Johnston,,2020,217612
Johnston,,2020,10222
Johnston,,2021,226504
Johnston,,2021,10301
Jones,,2020,28356
Jones,,2020,20647
Jones,,2020,67142
Jones,,2020,9156
Jones,,2020,925
Jones,,2020,19676
Jones,,2021,28400
Jones,,2021,20805
Jones,,2021,66744
Jones,,2021,9255
Jones,,2021,879
Jones,,2021,19873
Josephine,,2020,88105
Josephine,,2021,88346
Juab,,2020,11824
Juab,,2021,12155
Judith Basin,,2020,2017
Judith Basin,,2021,2044
Juneau,,2020,26759
Juneau,,2021,26802
Juneau City and,,2020,32195
Juneau City and,,2021,31973
Juniata,,2020,23451
Juniata,,2021,23297
Kalamazoo,,2020,261629
Kalamazoo,,2021,261108
Kalawao,,2020,82
Kalawao,,2021,82
Kalkaska,,2020,17925
Kalkaska,,2021,17979
Kanabec,,2020,16040
Kanabec,,2021,16159
Kanawha,,2020,180048
Kanawha,,2021,177952
Kandiyohi,,2020,43685
Kandiyohi,,2021,43767
Kane,,2020,516155
Kane,,2020,7673
Kane,,2021,515588
Kane,,2021,7992
Kankakee,,2020,107236
Kankakee,,2021,106601
Karnes,,2020,14721
Karnes,,2021,14754
Kauai,,2020,73201
Kauai,,2021,73454
Kaufman,,2020,146986
Kaufman,,2021,157768
Kay,,2020,43541
Kay,,2021,43732
Kearney,,2020,6695
Kearney,,2021,6674
Kearny,,2020,3971
Kearny,,2021,3891
Keith,,2020,8322
Keith,,2021,8279
Kemper,,2020,8983
Kemper,,2021,8829
Kenai Peninsula,,2020,58893
Kenai Peninsula,,2021,59767
Kendall,,2020,132291
Kendall,,2020,44527
Kendall,,2021,134867
Kendall,,2021,46788
Kenedy,,2020,346
Kenedy,,2021,340
Kennebec,,2020,123754
Kennebec,,2021,124486
Kenosha,,2020,169073
Kenosha,,2021,168732
Kent,,2020,182256
Kent,,2020,19142
Kent,,2020,658040
Kent,,2020,170323
Kent,,2020,759
Kent,,2021,184149
Kent,,2021,19270
Kent,,2021,658046
Kent,,2021,170715
Kent,,2021,749
Kenton,,2020,169183
Kenton,,2021,169495
Keokuk,,2020,9995
Keokuk,,2021,9914
Kern,,2020,909997
Kern,,2021,917673
Kerr,,2020,52676
Kerr,,2021,53161
Kershaw,,2020,65536
Kershaw,,2021,66130
Ketchikan Gateway,,2020,13902
Ketchikan Gateway,,2021,13754
Kewaunee,,2020,20539
Kewaunee,,2021,20543
Keweenaw,,2020,2055
Keweenaw,,2021,2107
Keya Paha,,2020,763
Keya Paha,,2021,787
Kidder,,2020,2384
Kidder,,2021,2369
Kimball,,2020,3401
Kimball,,2021,3412
Kimble,,2020,4289
Kimble,,2021,4365
King,,2020,270
King,,2020,2272571
King,,2021,258
King,,2021,2252305
King George,,2020,26806
King George,,2021,27489
King William,,2020,17905
King William,,2021,18171
King and Queen,,2020,6590
King and Queen,,2021,6662
Kingfisher,,2020,15151
Kingfisher,,2021,15204
Kingman,,2020,7446
Kingman,,2021,7392
Kings,,2020,152627
Kings,,2020,2727393
Kings,,2021,153443
Kings,,2021,2641052
Kingsbury,,2020,5211
Kingsbury,,2021,5192
Kinney,,2020,3127
Kinney,,2021,3130
Kiowa,,2020,1452
Kiowa,,2020,2452
Kiowa,,2020,8487
Kiowa,,2021,1452
Kiowa,,2021,2392
Kiowa,,2021,8410
Kit Carson,,2020,7064
Kit Carson,,2021,6950
Kitsap,,2020,275660
Kitsap,,2021,274314
Kittitas,,2020,44589
Kittitas,,2021,45499
Kittson,,2020,4180
Kittson,,2021,4146
Klamath,,2020,69504
Klamath,,2021,70164
Kleberg,,2020,30958
Kleberg,,2021,30635
Klickitat,,2020,22783
Klickitat,,2021,23118
Knott,,2020,14160
Knott,,2021,14053
Knox,,2020,49736
Knox,,2020,36244
Knox,,2020,30135
Knox,,2020,40609
Knox,,2020,3732
Knox,,2020,8383
Knox,,2020,62765
Knox,,2020,480126
Knox,,2020,3361
Knox,,2021,49268
Knox,,2021,35956
Knox,,2021,29909
Knox,,2021,41084
Knox,,2021,3808
Knox,,2021,8401
Knox,,2021,62897
Knox,,2021,486677
Knox,,2021,3351
Kodiak Island,,2020,13023
Kodiak Island,,2021,12787
Koochiching,,2020,12031
Koochiching,,2021,11941
Kootenai,,2020,172646
Kootenai,,2021,179789
Kosciusko,,2020,80050
Kosciusko,,2021,80106
Kossuth,,2020,14786
Kossuth,,2021,14529
Kusilvak,,2020,8357
Kusilvak,,2021,8360
La Crosse,,2020,120852
La Crosse,,2021,120433
La Paz,,2020,16580
La Paz,,2021,16408
La Plata,,2020,55642
La Plata,,2021,56250
La Salle,,2020,6642
La Salle,,2021,6670
LaGrange,,2020,40515
LaGrange,,2021,40524
LaMoure,,2020,4083
LaMoure,,2021,4066
LaPorte,,2020,112222
LaPorte,,2021,112390
LaSalle,,2020,109359
LaSalle,,2020,14812
LaSalle,,2021,108965
LaSalle,,2021,14834
Labette,,2020,20119
Labette,,2021,19912
Lac qui Parle,,2020,6701
Lac qui Parle,,2021,6684
Lackawanna,,2020,215516
Lackawanna,,2021,215663
Laclede,,2020,36024
Laclede,,2021,36133
Lafayette,,2020,6294
Lafayette,,2020,8252
Lafayette,,2020,242004
Lafayette,,2020,55905
Lafayette,,2020,33001
Lafayette,,2020,16605
Lafayette,,2021,6163
Lafayette,,2021,8382
Lafayette,,2021,244205
Lafayette,,2021,56884
Lafayette,,2021,32817
Lafayette,,2021,16784
Lafourche,,2020,97495
Lafourche,,2021,97504
Lake,,2020,68174
Lake,,2020,7409
Lake,,2020,385875
Lake,,2020,713217
Lake,,2020,498597
Lake,,2020,12099
Lake,,2020,10885
Lake,,2020,31259
Lake,,2020,232410
Lake,,2020,8149
Lake,,2020,11010
Lake,,2020,6980
Lake,,2021,68766
Lake,,2021,7407
Lake,,2021,395804
Lake,,2021,711239
Lake,,2021,498558
Lake,,2021,12308
Lake,,2021,10986
Lake,,2021,32033
Lake,,2021,232023
Lake,,2021,8276
Lake,,2021,10851
Lake,,2021,7128
Lake and Peninsula,,2020,1454
Lake and Peninsula,,2021,1416
Lake of the Woods,,2020,3760
Lake of the Woods,,2021,3823
Lamar,,2020,13943
Lamar,,2020,18550
Lamar,,2020,64368
Lamar,,2020,50077
Lamar,,2021,13689
Lamar,,2021,19080
Lamar,,2021,65353
Lamar,,2021,50098
Lamb,,2020,12984
Lamb,,2021,12898
Lamoille,,2020,25914
Lamoille,,2021,26126
Lampasas,,2020,21707
Lampasas,,2021,22252
Lancaster,,2020,322910
Lancaster,,2020,552597
Lancaster,,2020,96652
Lancaster,,2020,10910
Lancaster,,2021,324514
Lancaster,,2021,553652
Lancaster,,2021,100336
Lancaster,,2021,10928
Lander,,2020,5725
Lander,,2021,5798
Lane,,2020,1568
Lane,,2020,382940
Lane,,2021,1565
Lane,,2021,383189
Langlade,,2020,19438
Langlade,,2021,19502
Lanier,,2020,9916
Lanier,,2021,9907
Lapeer,,2020,88528
Lapeer,,2021,88513
Laramie,,2020,100690
Laramie,,2021,100863
Larimer,,2020,359686
Larimer,,2021,362533
Larue,,2020,14870
Larue,,2021,15028
Las Animas,,2020,14564
Las Animas,,2021,14633
Lassen,,2020,32719
Lassen,,2021,33159
Latah,,2020,39611
Latah,,2021,40313
Latimer,,2020,9461
Latimer,,2021,9427
Lauderdale,,2020,93610
Lauderdale,,2020,72706
Lauderdale,,2020,25100
Lauderdale,,2021,94043
Lauderdale,,2021,72088
Lauderdale,,2021,25108
Laurel,,2020,62662
Laurel,,2021,62561
Laurens,,2020,49497
Laurens,,2020,67551
Laurens,,2021,49547
Laurens,,2021,67803
Lavaca,,2020,20338
Lavaca,,2021,20544
Lawrence,,2020,33063
Lawrence,,2020,16196
Lawrence,,2020,15234
Lawrence,,2020,45022
Lawrence,,2020,16288
Lawrence,,2020,11984
Lawrence,,2020,37963
Lawrence,,2020,58132
Lawrence,,2020,85865
Lawrence,,2020,25812
Lawrence,,2020,44189
Lawrence,,2021,33090
Lawrence,,2021,16292
Lawrence,,2021,15152
Lawrence,,2021,45070
Lawrence,,2021,16290
Lawrence,,2021,11812
Lawrence,,2021,38321
Lawrence,,2021,57445
Lawrence,,2021,85497
Lawrence,,2021,26165
Lawrence,,2021,44828
Le Flore,,2020,48131
Le Flore,,2021,48476
Le Sueur,,2020,28627
Le Sueur,,2021,28841
Lea,,2020,74586
Lea,,2021,73004
Leake,,2020,21247
Leake,,2021,21196
Leavenworth,,2020,81870
Leavenworth,,2021,82184
Lebanon,,2020,143242
Lebanon,,2021,143493
Lee,,2020,174601
Lee,,2020,8529
Lee,,2020,764679
Lee,,2020,33179
Lee,,2020,34021
Lee,,2020,33512
Lee,,2020,7360
Lee,,2020,83228
Lee,,2020,63387
Lee,,2020,16458
Lee,,2020,17499
Lee,,2020,22084
Lee,,2021,177218
Lee,,2021,8619
Lee,,2021,787976
Lee,,2021,33411
Lee,,2021,34049
Lee,,2021,33215
Lee,,2021,7451
Lee,,2021,82883
Lee,,2021,64138
Lee,,2021,16280
Lee,,2021,17706
Lee,,2021,21983
Leelanau,,2020,22302
Leelanau,,2021,22623
Leflore,,2020,28196
Leflore,,2021,27557
Lehigh,,2020,374504
Lehigh,,2021,375539
Lemhi,,2020,7948
Lemhi,,2021,8162
Lenawee,,2020,99214
Lenawee,,2021,98956
Lenoir,,2020,54995
Lenoir,,2021,54706
Leon,,2020,292378
Leon,,2020,15727
Leon,,2021,292817
Leon,,2021,15959
Leslie,,2020,10455
Leslie,,2021,10278
Letcher,,2020,21428
Letcher,,2021,21253
Levy,,2020,43051
Levy,,2021,44158
Lewis,,2020,3531
Lewis,,2020,13061
Lewis,,2020,10031
Lewis,,2020,26538
Lewis,,2020,12602
Lewis,,2020,82474
Lewis,,2020,17009
Lewis,,2021,3715
Lewis,,2021,12987
Lewis,,2021,10000
Lewis,,2021,26573
Lewis,,2021,12857
Lewis,,2021,84398
Lewis,,2021,16892
Lewis and Clark,,2020,71093
Lewis and Clark,,2021,72223
Lexington,,2020,294891
Lexington,,2021,300137
Lexington city,,2020,7313
Lexington city,,2021,7456
Liberty,,2020,7974
Liberty,,2020,65220
Liberty,,2020,1960
Liberty,,2020,92351
Liberty,,2021,7900
Liberty,,2021,65711
Liberty,,2021,1946
Liberty,,2021,97621
Licking,,2020,178680
Licking,,2021,180401
Limestone,,2020,104322
Limestone,,2020,22103
Limestone,,2021,107517
Limestone,,2021,22119
Lincoln,,2020,12879
Lincoln,,2020,5669
Lincoln,,2020,7704
Lincoln,,2020,5133
Lincoln,,2020,2947
Lincoln,,2020,24238
Lincoln,,2020,48259
Lincoln,,2020,35192
Lincoln,,2020,5628
Lincoln,,2020,34815
Lincoln,,2020,59829
Lincoln,,2020,19731
Lincoln,,2020,34551
Lincoln,,2020,4502
Lincoln,,2020,20296
Lincoln,,2020,87190
Lincoln,,2020,33469
Lincoln,,2020,50472
Lincoln,,2020,65613
Lincoln,,2020,35309
Lincoln,,2020,10920
Lincoln,,2020,20337
Lincoln,,2020,28374
Lincoln,,2020,19674
Lincoln,,2021,13037
Lincoln,,2021,5688
Lincoln,,2021,7749
Lincoln,,2021,5282
Lincoln,,2021,2903
Lincoln,,2021,24243
Lincoln,,2021,48152
Lincoln,,2021,35828
Lincoln,,2021,5567
Lincoln,,2021,34943
Lincoln,,2021,61586
Lincoln,,2021,20525
Lincoln,,2021,34133
Lincoln,,2021,4525
Lincoln,,2021,20436
Lincoln,,2021,89670
Lincoln,,2021,33829
Lincoln,,2021,50862
Lincoln,,2021,67870
Lincoln,,2021,35433
Lincoln,,2021,11232
Lincoln,,2021,20126
Lincoln,,2021,28541
Lincoln,,2021,20153
Linn,,2020,230263
Linn,,2020,9582
Linn,,2020,11849
Linn,,2020,128936
Linn,,2021,228939
Linn,,2021,9747
Linn,,2021,11843
Linn,,2021,129839
Lipscomb,,2020,3042
Lipscomb,,2021,2931
Litchfield,,2020,184874
Litchfield,,2021,185000
Little River,,2020,11971
Little River,,2021,11944
Live Oak,,2020,11343
Live Oak,,2021,11377
Livingston,,2020,35752
Livingston,,2020,8845
Livingston,,2020,142726
Livingston,,2020,193973
Livingston,,2020,14562
Livingston,,2020,61699
Livingston,,2021,35664
Livingston,,2021,8959
Livingston,,2021,145830
Livingston,,2021,195014
Livingston,,2021,14755
Livingston,,2021,61578
Llano,,2020,21249
Llano,,2021,21978
Logan,,2020,21097
Logan,,2020,21495
Logan,,2020,27879
Logan,,2020,2743
Logan,,2020,27497
Logan,,2020,714
Logan,,2020,1885
Logan,,2020,46065
Logan,,2020,49726
Logan,,2020,32473
Logan,,2021,21215
Logan,,2021,21487
Logan,,2021,27992
Logan,,2021,2722
Logan,,2021,27771
Logan,,2021,687
Logan,,2021,1883
Logan,,2021,46035
Logan,,2021,50885
Logan,,2021,31909
Long,,2020,16287
Long,,2021,17152
Lonoke,,2020,74042
Lonoke,,2021,74722
Lorain,,2020,313367
Lorain,,2021,315595
Los Alamos,,2020,19424
Los Alamos,,2021,19330
Los Angeles,,2020,9989165
Los Angeles,,2021,9829544
Loudon,,2020,55097
Loudon,,2021,56690
Loudoun,,2020,422597
Loudoun,,2021,427592
Louisa,,2020,10806
Louisa,,2020,37757
Louisa,,2021,10749
Louisa,,2021,38848
Loup,,2020,606
Loup,,2021,604
Love,,2020,10143
Love,,2021,10216
Loving,,2020,67
Loving,,2021,57
Lowndes,,2020,10297
Lowndes,,2020,118316
Lowndes,,2020,58726
Lowndes,,2021,9965
Lowndes,,2021,119276
Lowndes,,2021,58150
Lubbock,,2020,311419
Lubbock,,2021,314451
Lucas,,2020,8615
Lucas,,2020,430728
Lucas,,2021,8710
Lucas,,2021,429191
Luce,,2020,5325
Luce,,2021,5309
Lumpkin,,2020,33596
Lumpkin,,2021,34278
Luna,,2020,25420
Luna,,2021,25532
Lunenburg,,2020,11930
Lunenburg,,2021,11926
Luzerne,,2020,325057
Luzerne,,2021,326053
Lycoming,,2020,113980
Lycoming,,2021,113605
Lyman,,2020,3714
Lyman,,2021,3764
Lynchburg city,,2020,78871
Lynchburg city,,2021,79009
Lynn,,2020,5606
Lynn,,2021,5688
Lyon,,2020,11917
Lyon,,2020,32100
Lyon,,2020,8664
Lyon,,2020,25174
Lyon,,2020,59431
Lyon,,2021,12011
Lyon,,2021,31998
Lyon,,2021,8803
Lyon,,2021,25231
Lyon,,2021,60903
Mackinac,,2020,10830
Mackinac,,2021,10906
Macomb,,2020,880349
Macomb,,2021,876792
Macon,,2020,19476
Macon,,2020,12021
Macon,,2020,103647
Macon,,2020,15182
Macon,,2020,37049
Macon,,2020,25243
Macon,,2021,18895
Macon,,2021,12004
Macon,,2021,102432
Macon,,2021,15183
Macon,,2021,37564
Macon,,2021,25699
Macoupin,,2020,44810
Macoupin,,2021,44406
Madera,,2020,156620
Madera,,2021,159410
Madison,,2020,389696
Madison,,2020,16551
Madison,,2020,17976
Madison,,2020,30263
Madison,,2020,52876
Madison,,2020,265498
Madison,,2020,130065
Madison,,2020,16626
Madison,,2020,92920
Madison,,2020,9927
Madison,,2020,109222
Madison,,2020,12600
Madison,,2020,8657
Madison,,2020,35473
Madison,,2020,67890
Madison,,2020,21209
Madison,,2020,43823
Madison,,2020,98777
Madison,,2020,13445
Madison,,2020,13837
Madison,,2021,395211
Madison,,2021,16960
Madison,,2021,18288
Madison,,2021,30885
Madison,,2021,53881
Madison,,2021,264490
Madison,,2021,130782
Madison,,2021,16773
Madison,,2021,94666
Madison,,2021,9799
Madison,,2021,109813
Madison,,2021,12652
Madison,,2021,8917
Madison,,2021,35337
Madison,,2021,67658
Madison,,2021,21502
Madison,,2021,44386
Madison,,2021,98775
Madison,,2021,13718
Madison,,2021,13942
Magoffin,,2020,11594
Magoffin,,2021,11497
Mahaska,,2020,22148
Mahaska,,2021,21984
Mahnomen,,2020,5374
Mahnomen,,2021,5414
Mahoning,,2020,227948
Mahoning,,2021,226762
Major,,2020,7750
Major,,2021,7668
Malheur,,2020,31608
Malheur,,2021,31693
Manassas Park city,,2020,17140
Manassas Park city,,2021,17002
Manassas city,,2020,42728
Manassas city,,2021,42708
Manatee,,2020,401443
Manatee,,2021,412703
Manistee,,2020,25063
Manistee,,2021,25350
Manitowoc,,2020,81250
Manitowoc,,2021,81505
Marathon,,2020,137954
Marathon,,2021,137648
Marengo,,2020,19264
Marengo,,2021,18996
Maricopa,,2020,4438342
Maricopa,,2021,4496588
Maries,,2020,8427
Maries,,2021,8406
Marin,,2020,261776
Marin,,2021,260206
Marinette,,2020,41869
Marinette,,2021,41875
Marion,,2020,29287
Marion,,2020,16862
Marion,,2020,377370
Marion,,2020,7520
Marion,,2020,37613
Marion,,2020,976770
Marion,,2020,33377
Marion,,2020,11754
Marion,,2020,19580
Marion,,2020,24399
Marion,,2020,28470
Marion,,2020,65363
Marion,,2020,346202
Marion,,2020,29043
Marion,,2020,28834
Marion,,2020,9752
Marion,,2020,56157
Marion,,2021,29246
Marion,,2021,16978
Marion,,2021,385915
Marion,,2021,7440
Marion,,2021,37390
Marion,,2021,971102
Marion,,2021,33380
Marion,,2021,11712
Marion,,2021,19725
Marion,,2021,24378
Marion,,2021,28518
Marion,,2021,65291
Marion,,2021,347119
Marion,,2021,28784
Marion,,2021,28877
Marion,,2021,9645
Marion,,2021,56001
Mariposa,,2020,17124
Mariposa,,2021,17147
Marlboro,,2020,26537
Marlboro,,2021,26382
Marquette,,2020,65931
Marquette,,2020,15584
Marquette,,2021,66103
Marquette,,2021,15792
Marshall,,2020,97608
Marshall,,2020,11691
Marshall,,2020,46018
Marshall,,2020,40059
Marshall,,2020,10014
Marshall,,2020,31665
Marshall,,2020,9035
Marshall,,2020,33754
Marshall,,2020,15342
Marshall,,2020,4300
Marshall,,2020,34441
Marshall,,2020,30444
Marshall,,2021,98228
Marshall,,2021,11663
Marshall,,2021,46121
Marshall,,2021,39853
Marshall,,2021,9979
Marshall,,2021,31748
Marshall,,2021,8988
Marshall,,2021,33725
Marshall,,2021,15594
Marshall,,2021,4304
Marshall,,2021,34984
Marshall,,2021,30115
Martin,,2020,158529
Martin,,2020,9786
Martin,,2020,11228
Martin,,2020,19970
Martin,,2020,21949
Martin,,2020,5250
Martin,,2021,159942
Martin,,2021,9780
Martin,,2021,11140
Martin,,2021,19915
Martin,,2021,21754
Martin,,2021,5211
Martinsville city,,2020,13422
Martinsville city,,2021,13517
Mason,,2020,13026
Mason,,2020,17085
Mason,,2020,29064
Mason,,2020,3964
Mason,,2020,66028
Mason,,2020,25356
Mason,,2021,12881
Mason,,2021,16931
Mason,,2021,29383
Mason,,2021,3943
Mason,,2021,67615
Mason,,2021,25157
Massac,,2020,14125
Massac,,2021,13960
Matagorda,,2020,36269
Matagorda,,2021,36344
Matanuska-Susitna,,2020,107460
Matanuska-Susitna,,2021,110686
Mathews,,2020,8524
Mathews,,2021,8546
Maui,,2020,164655
Maui,,2021,164221
Maury,,2020,101700
Maury,,2021,104760
Maverick,,2020,57844
Maverick,,2021,58056
Mayes,,2020,39066
Mayes,,2021,39159
McClain,,2020,41887
McClain,,2021,43516
McCone,,2020,1733
McCone,,2021,1718
McCook,,2020,5661
McCook,,2021,5695
McCormick,,2020,9513
McCormick,,2021,9760
McCracken,,2020,67836
McCracken,,2021,67454
McCreary,,2020,16851
McCreary,,2021,16892
McCulloch,,2020,7567
McCulloch,,2021,7533
McCurtain,,2020,30786
McCurtain,,2021,30884
McDonald,,2020,23285
McDonald,,2021,23383
McDonough,,2020,27079
McDonough,,2021,26828
McDowell,,2020,44536
McDowell,,2020,18916
McDowell,,2021,44717
McDowell,,2021,18363
McDuffie,,2020,21587
McDuffie,,2021,21633
McHenry,,2020,309770
McHenry,,2020,5322
McHenry,,2021,311122
McHenry,,2021,5249
McIntosh,,2020,10982
McIntosh,,2020,2512
McIntosh,,2020,18946
McIntosh,,2021,11123
McIntosh,,2021,2513
McIntosh,,2021,19245
McKean,,2020,40306
McKean,,2021,39941
McKenzie,,2020,14744
McKenzie,,2021,13819
McKinley,,2020,72630
McKinley,,2021,71780
McLean,,2020,170870
McLean,,2020,9114
McLean,,2020,9749
McLean,,2021,170889
McLean,,2021,9100
McLean,,2021,9796
McLennan,,2020,261023
McLennan,,2021,263115
McLeod,,2020,36701
McLeod,,2021,36735
McMinn,,2020,53315
McMinn,,2021,54059
McMullen,,2020,599
McMullen,,2021,608
McNairy,,2020,25839
McNairy,,2021,25860
McPherson,,2020,30160
McPherson,,2020,396
McPherson,,2020,2397
McPherson,,2021,30146
McPherson,,2021,379
McPherson,,2021,2420
Meade,,2020,4045
Meade,,2020,29981
Meade,,2020,29853
Meade,,2021,4022
Meade,,2021,30131
Meade,,2021,30173
Meagher,,2020,1925
Meagher,,2021,1964
Mecklenburg,,2020,1118340
Mecklenburg,,2020,30287
Mecklenburg,,2021,1122276
Mecklenburg,,2021,30248
Mecosta,,2020,39781
Mecosta,,2021,40031
Medina,,2020,182550
Medina,,2020,50920
Medina,,2021,183092
Medina,,2021,51981
Meeker,,2020,23428
Meeker,,2021,23376
Meigs,,2020,22118
Meigs,,2020,12785
Meigs,,2021,22049
Meigs,,2021,13049
Mellette,,2020,1916
Mellette,,2021,1908
Menard,,2020,12265
Menard,,2020,1971
Menard,,2021,12164
Menard,,2021,1982
Mendocino,,2020,91354
Mendocino,,2021,91305
Menifee,,2020,6115
Menifee,,2021,6194
Menominee,,2020,23423
Menominee,,2020,4255
Menominee,,2021,23299
Menominee,,2021,4289
Merced,,2020,281726
Merced,,2021,286461
Mercer,,2020,15633
Mercer,,2020,22616
Mercer,,2020,3515
Mercer,,2020,386759
Mercer,,2020,8330
Mercer,,2020,42471
Mercer,,2020,110333
Mercer,,2020,59462
Mercer,,2021,15582
Mercer,,2021,22850
Mercer,,2021,3488
Mercer,,2021,385898
Mercer,,2021,8323
Mercer,,2021,42309
Mercer,,2021,109972
Mercer,,2021,59097
Meriwether,,2020,20619
Meriwether,,2021,20793
Merrick,,2020,7659
Merrick,,2021,7665
Merrimack,,2020,153922
Merrimack,,2021,155238
Mesa,,2020,155939
Mesa,,2021,157335
Metcalfe,,2020,10271
Metcalfe,,2021,10349
Miami,,2020,35924
Miami,,2020,34183
Miami,,2020,108821
Miami,,2021,36081
Miami,,2021,34593
Miami,,2021,109264
Miami-Dade,,2020,2692459
Miami-Dade,,2021,2662777
Middlesex,,2020,163923
Middlesex,,2020,1629422
Middlesex,,2020,861908
Middlesex,,2020,10623
Middlesex,,2021,164759
Middlesex,,2021,1614742
Middlesex,,2021,860807
Middlesex,,2021,10781
Midland,,2020,83476
Midland,,2020,170221
Midland,,2021,83457
Midland,,2021,167969
Mifflin,,2020,46073
Mifflin,,2021,46136
Milam,,2020,24724
Milam,,2021,25106
Millard,,2020,13015
Millard,,2021,13164
Mille Lacs,,2020,26410
Mille Lacs,,2021,26867
Miller,,2020,42570
Miller,,2020,5987
Miller,,2020,24733
Miller,,2021,42649
Miller,,2021,5919
Miller,,2021,24909
Mills,,2020,14405
Mills,,2020,4439
Mills,,2021,14465
Mills,,2021,4480
Milwaukee,,2020,938149
Milwaukee,,2021,928059
Miner,,2020,2294
Miner,,2021,2314
Mineral,,2020,867
Mineral,,2020,4565
Mineral,,2020,4553
Mineral,,2020,26877
Mineral,,2021,924
Mineral,,2021,4860
Mineral,,2021,4586
Mineral,,2021,26857
Mingo,,2020,23455
Mingo,,2021,23005
Minidoka,,2020,21674
Minidoka,,2021,21955
Minnehaha,,2020,197511
Minnehaha,,2021,199685
Missaukee,,2020,15067
Missaukee,,2021,15130
Mississippi,,2020,40503
Mississippi,,2020,12537
Mississippi,,2021,39661
Mississippi,,2021,12538
Missoula,,2020,118238
Missoula,,2021,119533
Mitchell,,2020,21677
Mitchell,,2020,10582
Mitchell,,2020,5764
Mitchell,,2020,14881
Mitchell,,2020,8985
Mitchell,,2021,21521
Mitchell,,2021,10555
Mitchell,,2021,5748
Mitchell,,2021,14963
Mitchell,,2021,9070
Mobile,,2020,414250
Mobile,,2021,413073
Modoc,,2020,8658
Modoc,,2021,8661
Moffat,,2020,13267
Moffat,,2021,13185
Mohave,,2020,214070
Mohave,,2021,217692
Moniteau,,2020,15464
Moniteau,,2021,15484
Monmouth,,2020,643163
Monmouth,,2021,645354
Mono,,2020,13206
Mono,,2021,13247
Monona,,2020,8742
Monona,,2021,8574
Monongalia,,2020,105916
Monongalia,,2021,106387
Monroe,,2020,19723
Monroe,,2020,6765
Monroe,,2020,82809
Monroe,,2020,28046
Monroe,,2020,34898
Monroe,,2020,139517
Monroe,,2020,7582
Monroe,,2020,11301
Monroe,,2020,154796
Monroe,,2020,34093
Monroe,,2020,8666
Monroe,,2020,758554
Monroe,,2020,13354
Monroe,,2020,168248
Monroe,,2020,46384
Monroe,,2020,12330
Monroe,,2020,46281
Monroe,,2021,19648
Monroe,,2021,6683
Monroe,,2021,82170
Monroe,,2021,28712
Monroe,,2021,34932
Monroe,,2021,139875
Monroe,,2021,7610
Monroe,,2021,11233
Monroe,,2021,155274
Monroe,,2021,33883
Monroe,,2021,8712
Monroe,,2021,755160
Monroe,,2021,13329
Monroe,,2021,169273
Monroe,,2021,46698
Monroe,,2021,12332
Monroe,,2021,46193
Montague,,2020,19969
Montague,,2021,20409
Montcalm,,2020,66515
Montcalm,,2021,67220
Monterey,,2020,438500
Monterey,,2021,437325
Montezuma,,2020,25858
Montezuma,,2021,26175
Montgomery,,2020,228448
Montgomery,,2020,8459
Montgomery,,2020,8577
Montgomery,,2020,28157
Montgomery,,2020,37932
Montgomery,,2020,10335
Montgomery,,2020,31360
Montgomery,,2020,28091
Montgomery,,2020,1061243
Montgomery,,2020,9793
Montgomery,,2020,11262
Montgomery,,2020,49433
Montgomery,,2020,25720
Montgomery,,2020,536629
Montgomery,,2020,856947
Montgomery,,2020,221160
Montgomery,,2020,624938
Montgomery,,2020,99508
Montgomery,,2021,227434
Montgomery,,2021,8611
Montgomery,,2021,8653
Montgomery,,2021,28084
Montgomery,,2021,38063
Montgomery,,2021,10322
Montgomery,,2021,31156
Montgomery,,2021,28219
Montgomery,,2021,1054827
Montgomery,,2021,9729
Montgomery,,2021,11415
Montgomery,,2021,49558
Montgomery,,2021,25798
Montgomery,,2021,535840
Montgomery,,2021,860578
Montgomery,,2021,227900
Montgomery,,2021,648886
Montgomery,,2021,98473
Montmorency,,2020,9155
Montmorency,,2021,9297
Montour,,2020,18115
Montour,,2021,18087
Montrose,,2020,42798
Montrose,,2021,43168
Moody,,2020,6324
Moody,,2021,6315
Moore,,2020,100168
Moore,,2020,6457
Moore,,2020,21273
Moore,,2021,102763
Moore,,2021,6644
Moore,,2021,21118
Mora,,2020,4184
Mora,,2021,4196
Morehouse,,2020,25430
Morehouse,,2021,25025
Morgan,,2020,123336
Morgan,,2020,29065
Morgan,,2020,20174
Morgan,,2020,32798
Morgan,,2020,71802
Morgan,,2020,13719
Morgan,,2020,20997
Morgan,,2020,13741
Morgan,,2020,21020
Morgan,,2020,12392
Morgan,,2020,17037
Morgan,,2021,123668
Morgan,,2021,29008
Morgan,,2021,20635
Morgan,,2021,32606
Morgan,,2021,72206
Morgan,,2021,13820
Morgan,,2021,21379
Morgan,,2021,13682
Morgan,,2021,21254
Morgan,,2021,12657
Morgan,,2021,17221
Morrill,,2020,4539
Morrill,,2021,4574
Morris,,2020,5360
Morris,,2020,509001
Morris,,2020,11963
Morris,,2021,5356
Morris,,2021,510981
Morris,,2021,12030
Morrison,,2020,33980
Morrison,,2021,33992
Morrow,,2020,34964
Morrow,,2020,12191
Morrow,,2021,35151
Morrow,,2021,12303
Morton,,2020,2695
Morton,,2020,33333
Morton,,2021,2692
Morton,,2021,33611
Motley,,2020,1052
Motley,,2021,1067
Moultrie,,2020,14486
Moultrie,,2021,14510
Mountrail,,2020,9765
Mountrail,,2021,9576
Mower,,2020,40049
Mower,,2021,40158
Muhlenberg,,2020,30875
Muhlenberg,,2021,30694
Multnomah,,2020,815871
Multnomah,,2021,803377
Murray,,2020,39938
Murray,,2020,8168
Murray,,2020,13869
Murray,,2021,39951
Murray,,2021,8144
Murray,,2021,13718
Muscatine,,2020,43113
Muscatine,,2021,42688
Muscogee,,2020,206960
Muscogee,,2021,205617
Muskegon,,2020,175817
Muskegon,,2021,176511
Muskingum,,2020,86342
Muskingum,,2021,86408
Muskogee,,2020,66160
Muskogee,,2021,66146
Musselshell,,2020,4747
Musselshell,,2021,4896
Nacogdoches,,2020,64624
Nacogdoches,,2021,64668
Nance,,2020,3382
Nance,,2021,3390
Nantucket,,2020,14244
Nantucket,,2021,14491
Napa,,2020,137608
Napa,,2021,136207
Nash,,2020,95027
Nash,,2021,95176
Nassau,,2020,90993
Nassau,,2020,1393978
Nassau,,2021,94189
Nassau,,2021,1390907
Natchitoches,,2020,37349
Natchitoches,,2021,37026
Natrona,,2020,80229
Natrona,,2021,79555
Navajo,,2020,106802
Navajo,,2021,108147
Navarro,,2020,52784
Navarro,,2021,53591
Nelson,,2020,46756
Nelson,,2020,2989
Nelson,,2020,14732
Nelson,,2021,47098
Nelson,,2021,3054
Nelson,,2021,14790
Nemaha,,2020,10218
Nemaha,,2020,7088
Nemaha,,2021,10216
Nemaha,,2021,7064
Neosho,,2020,15909
Neosho,,2021,15784
Neshoba,,2020,28992
Neshoba,,2021,28993
Ness,,2020,2678
Ness,,2021,2672
Nevada,,2020,8284
Nevada,,2020,102199
Nevada,,2021,8187
Nevada,,2021,103487
New Castle,,2020,570718
New Castle,,2021,571708
New Hanover,,2020,226060
New Hanover,,2021,229018
New Haven,,2020,863498
New Haven,,2021,863700
New Kent,,2020,23086
New Kent,,2021,23897
New London,,2020,268248
New London,,2021,268805
New Madrid,,2020,16329
New Madrid,,2021,16035
New York,,2020,1687834
New York,,2021,1576876
Newaygo,,2020,50042
Newaygo,,2021,50296
Newberry,,2020,37715
Newberry,,2021,37996
Newport,,2020,85388
Newport,,2021,85264
Newport News city,,2020,185916
Newport News city,,2021,184587
Newton,,2020,7198
Newton,,2020,112780
Newton,,2020,13796
Newton,,2020,21243
Newton,,2020,58613
Newton,,2020,12163
Newton,,2021,7204
Newton,,2021,115355
Newton,,2021,13808
Newton,,2021,21056
Newton,,2021,59386
Newton,,2021,12241
Nez Perce,,2020,42088
Nez Perce,,2021,42454
Niagara,,2020,212252
Niagara,,2021,211653
Nicholas,,2020,7536
Nicholas,,2020,24523
Nicholas,,2021,7712
Nicholas,,2021,24300
Nicollet,,2020,34490
Nicollet,,2021,34332
Niobrara,,2020,2439
Niobrara,,2021,2438
Noble,,2020,47379
Noble,,2020,14090
Noble,,2020,10900
Noble,,2021,47227
Noble,,2021,14176
Noble,,2021,10933
Nobles,,2020,22183
Nobles,,2021,21991
Nodaway,,2020,21218
Nodaway,,2021,21160
Nolan,,2020,14721
Nolan,,2021,14597
Nome,,2020,10032
Nome,,2021,9865
Norfolk,,2020,726025
Norfolk,,2021,724505
Norfolk city,,2020,237591
Norfolk city,,2021,235089
Norman,,2020,6422
Norman,,2021,6416
North Slope,,2020,10993
North Slope,,2021,10972
Northampton,,2020,17438
Northampton,,2020,312855
Northampton,,2020,12232
Northampton,,2021,17129
Northampton,,2021,313628
Northampton,,2021,12085
Northumberland,,2020,91471
Northumberland,,2020,11839
Northumberland,,2021,91266
Northumberland,,2021,12029
Northwest Arctic,,2020,7784
Northwest Arctic,,2021,7560
Norton,,2020,5435
Norton,,2021,5342
Norton city,,2020,3679
Norton city,,2021,3666
Nottoway,,2020,15614
Nottoway,,2021,15594
Nowata,,2020,9296
Nowata,,2021,9303
Noxubee,,2020,10231
Noxubee,,2021,10123
Nuckolls,,2020,4081
Nuckolls,,2021,4060
Nueces,,2020,353090
Nueces,,2021,353079
Nye,,2020,51968
Nye,,2021,53450
O'Brien,,2020,14154
O'Brien,,2021,14015
Oakland,,2020,1272408
Oakland,,2021,1270017
Obion,,2020,30716
Obion,,2021,30466
Ocean,,2020,638824
Ocean,,2021,648998
Oceana,,2020,26688
Oceana,,2021,26815
Ochiltree,,2020,9960
Ochiltree,,2021,9782
Oconee,,2020,42021
Oconee,,2020,78638
Oconee,,2021,43023
Oconee,,2021,79203
Oconto,,2020,39043
Oconto,,2021,39356
Ogemaw,,2020,20740
Ogemaw,,2021,20726
Oglala Lakota,,2020,13672
Oglala Lakota,,2021,13586
Ogle,,2020,51678
Ogle,,2021,51449
Oglethorpe,,2020,14865
Oglethorpe,,2021,15140
Ohio,,2020,5930
Ohio,,2020,23726
Ohio,,2020,42264
Ohio,,2021,5978
Ohio,,2021,23688
Ohio,,2021,41776
Okaloosa,,2020,211809
Okaloosa,,2021,213255
Okanogan,,2020,42118
Okanogan,,2021,42634
Okeechobee,,2020,39641
Okeechobee,,2021,40266
Okfuskee,,2020,11238
Okfuskee,,2021,11197
Oklahoma,,2020,797296
Oklahoma,,2021,798575
Okmulgee,,2020,36679
Okmulgee,,2021,36843
Oktibbeha,,2020,51710
Oktibbeha,,2021,51842
Oldham,,2020,67642
Oldham,,2020,1761
Oldham,,2021,68685
Oldham,,2021,1717
Oliver,,2020,1866
Oliver,,2021,1873
Olmsted,,2020,162991
Olmsted,,2021,163436
Oneida,,2020,4554
Oneida,,2020,231695
Oneida,,2020,37839
Oneida,,2021,4611
Oneida,,2021,230274
Oneida,,2021,38259
Onondaga,,2020,475653
Onondaga,,2021,473236
Onslow,,2020,204735
Onslow,,2021,206160
Ontario,,2020,112475
Ontario,,2021,112508
Ontonagon,,2020,5804
Ontonagon,,2021,5868
Orange,,2020,3184101
Orange,,2020,1429899
Orange,,2020,19839
Orange,,2020,401322
Orange,,2020,148792
Orange,,2020,84702
Orange,,2020,29259
Orange,,2020,36396
Orange,,2021,3167809
Orange,,2021,1422746
Orange,,2021,19830
Orange,,2021,404525
Orange,,2021,148884
Orange,,2021,84742
Orange,,2021,29541
Orange,,2021,37188
Orangeburg,,2020,83958
Orangeburg,,2021,82962
Oregon,,2020,8617
Oregon,,2021,8631
Orleans,,2020,383282
Orleans,,2020,40236
Orleans,,2020,27355
Orleans,,2021,376971
Orleans,,2021,40191
Orleans,,2021,27546
Osage,,2020,15724
Osage,,2020,13249
Osage,,2020,45741
Osage,,2021,15768
Osage,,2021,13379
Osage,,2021,45772
Osborne,,2020,3494
Osborne,,2021,3498
Osceola,,2020,390855
Osceola,,2020,6189
Osceola,,2020,22887
Osceola,,2021,403282
Osceola,,2021,6159
Osceola,,2021,23105
Oscoda,,2020,8234
Oscoda,,2021,8311
Oswego,,2020,117351
Oswego,,2021,117387
Otero,,2020,18667
Otero,,2020,67861
Otero,,2021,18594
Otero,,2021,68537
Otoe,,2020,15892
Otoe,,2021,15930
Otsego,,2020,25102
Otsego,,2020,58351
Otsego,,2021,25289
Otsego,,2021,58123
Ottawa,,2020,5733
Ottawa,,2020,296787
Ottawa,,2020,40260
Ottawa,,2020,30209
Ottawa,,2021,5838
Ottawa,,2021,299157
Ottawa,,2021,40104
Ottawa,,2021,30340
Otter Tail,,2020,60024
Otter Tail,,2021,60046
Ouachita,,2020,22592
Ouachita,,2020,160003
Ouachita,,2021,22306
Ouachita,,2021,158768
Ouray,,2020,4869
Ouray,,2021,5035
Outagamie,,2020,190832
Outagamie,,2021,191545
Overton,,2020,22588
Overton,,2021,22839
Owen,,2020,21298
Owen,,2020,11294
Owen,,2021,21446
Owen,,2021,11294
Owsley,,2020,4018
Owsley,,2021,3953
Owyhee,,2020,11978
Owyhee,,2021,12336
Oxford,,2020,57849
Oxford,,2021,58629
Ozark,,2020,8514
Ozark,,2021,8782
Ozaukee,,2020,91569
Ozaukee,,2021,92497
Pacific,,2020,23470
Pacific,,2021,23948
Page,,2020,15180
Page,,2020,23693
Page,,2021,15197
Page,,2021,23807
Palm Beach,,2020,1492466
Palm Beach,,2021,1497987
Palo Alto,,2020,8961
Palo Alto,,2021,8906
Palo Pinto,,2020,28427
Palo Pinto,,2021,28686
Pamlico,,2020,12280
Pamlico,,2021,12344
Panola,,2020,33114
Panola,,2020,22513
Panola,,2021,32851
Panola,,2021,22675
Park,,2020,17421
Park,,2020,17193
Park,,2020,29656
Park,,2021,17720
Park,,2021,17473
Park,,2021,30108
Parke,,2020,16154
Parke,,2021,16407
Parker,,2020,149432
Parker,,2021,156764
Parmer,,2020,9851
Parmer,,2021,9813
Pasco,,2020,565745
Pasco,,2021,584067
Pasquotank,,2020,40645
Pasquotank,,2021,40821
Passaic,,2020,523100
Passaic,,2021,518117
Patrick,,2020,17560
Patrick,,2021,17602
Paulding,,2020,169660
Paulding,,2020,18804
Paulding,,2021,173780
Paulding,,2021,18871
Pawnee,,2020,6244
Pawnee,,2020,2536
Pawnee,,2020,15544
Pawnee,,2021,6225
Pawnee,,2021,2548
Pawnee,,2021,15741
Payette,,2020,25589
Payette,,2021,26350
Payne,,2020,81592
Payne,,2021,81989
Peach,,2020,28035
Peach,,2021,28417
Pearl River,,2020,56140
Pearl River,,2021,56503
Pecos,,2020,15165
Pecos,,2021,15118
Pembina,,2020,6827
Pembina,,2021,6767
Pemiscot,,2020,15585
Pemiscot,,2021,15236
Pend Oreille,,2020,13482
Pend Oreille,,2021,13886
Pender,,2020,60563
Pender,,2021,62815
Pendleton,,2020,14640
Pendleton,,2020,6134
Pendleton,,2021,14607
Pendleton,,2021,6142
Pennington,,2020,13939
Pennington,,2020,109475
Pennington,,2021,13780
Pennington,,2021,111806
Penobscot,,2020,152007
Penobscot,,2021,152765
Peoria,,2020,181225
Peoria,,2021,179432
Pepin,,2020,7335
Pepin,,2021,7364
Perkins,,2020,2851
Perkins,,2020,2824
Perkins,,2021,2832
Perkins,,2021,2819
Perquimans,,2020,12997
Perquimans,,2021,13130
Perry,,2020,8452
Perry,,2020,9997
Perry,,2020,20880
Perry,,2020,19150
Perry,,2020,28378
Perry,,2020,11470
Perry,,2020,18960
Perry,,2020,35439
Perry,,2020,45821
Perry,,2020,8360
Perry,,2021,8355
Perry,,2021,9964
Perry,,2021,20985
Perry,,2021,19316
Perry,,2021,27929
Perry,,2021,11571
Perry,,2021,18922
Perry,,2021,35460
Perry,,2021,45986
Perry,,2021,8472
Pershing,,2020,6639
Pershing,,2021,6741
Person,,2020,39146
Person,,2021,39127
Petersburg,,2020,3401
Petersburg,,2021,3356
Petersburg city,,2020,33428
Petersburg city,,2021,33429
Petroleum,,2020,498
Petroleum,,2021,519
Pettis,,2020,42951
Pettis,,2021,43188
Phelps,,2020,44517
Phelps,,2020,8968
Phelps,,2021,44937
Phelps,,2021,8937
Philadelphia,,2020,1601005
Philadelphia,,2021,1576251
Phillips,,2020,16445
Phillips,,2020,4534
Phillips,,2020,4953
Phillips,,2020,4190
Phillips,,2021,15906
Phillips,,2021,4512
Phillips,,2021,4815
Phillips,,2021,4192
Piatt,,2020,16654
Piatt,,2021,16753
Pickaway,,2020,58628
Pickaway,,2021,59333
Pickens,,2020,19062
Pickens,,2020,33333
Pickens,,2020,131602
Pickens,,2021,18801
Pickens,,2021,34024
Pickens,,2021,132229
Pickett,,2020,4995
Pickett,,2021,5079
Pierce,,2020,19722
Pierce,,2020,7328
Pierce,,2020,3968
Pierce,,2020,922828
Pierce,,2020,42191
Pierce,,2021,19976
Pierce,,2021,7313
Pierce,,2021,3953
Pierce,,2021,925708
Pierce,,2021,42587
Pike,,2020,32981
Pike,,2020,10165
Pike,,2020,18935
Pike,,2020,14633
Pike,,2020,12233
Pike,,2020,58408
Pike,,2020,40209
Pike,,2020,17613
Pike,,2020,27050
Pike,,2020,58591
Pike,,2021,32991
Pike,,2021,10066
Pike,,2021,19477
Pike,,2021,14618
Pike,,2021,12144
Pike,,2021,57391
Pike,,2021,39973
Pike,,2021,17761
Pike,,2021,27089
Pike,,2021,59952
Pima,,2020,1045599
Pima,,2021,1052030
Pinal,,2020,429583
Pinal,,2021,449557
Pine,,2020,28854
Pine,,2021,29302
Pinellas,,2020,958752
Pinellas,,2021,956615
Pipestone,,2020,9405
Pipestone,,2021,9313
Piscataquis,,2020,16768
Piscataquis,,2021,17165
Pitkin,,2020,17342
Pitkin,,2021,17348
Pitt,,2020,170570
Pitt,,2021,172169
Pittsburg,,2020,43727
Pittsburg,,2021,43633
Pittsylvania,,2020,60312
Pittsylvania,,2021,59972
Piute,,2020,1437
Piute,,2021,1487
Placer,,2020,405741
Placer,,2021,412300
Plaquemines,,2020,23466
Plaquemines,,2021,23303
Platte,,2020,107100
Platte,,2020,34280
Platte,,2020,8623
Platte,,2021,108569
Platte,,2021,34241
Platte,,2021,8699
Pleasants,,2020,7649
Pleasants,,2021,7601
Plumas,,2020,19769
Plumas,,2021,19915
Plymouth,,2020,25681
Plymouth,,2020,530979
Plymouth,,2021,25650
Plymouth,,2021,533003
Pocahontas,,2020,7075
Pocahontas,,2020,7847
Pocahontas,,2021,7074
Pocahontas,,2021,7841
Poinsett,,2020,22893
Poinsett,,2021,22660
Pointe Coupee,,2020,20689
Pointe Coupee,,2021,20356
Polk,,2020,19182
Polk,,2020,729233
Polk,,2020,42925
Polk,,2020,492769
Polk,,2020,31051
Polk,,2020,31577
Polk,,2020,5225
Polk,,2020,19372
Polk,,2020,87863
Polk,,2020,17569
Polk,,2020,50505
Polk,,2020,45006
Polk,,2021,19353
Polk,,2021,753520
Polk,,2021,43496
Polk,,2021,496844
Polk,,2021,30757
Polk,,2021,32043
Polk,,2021,5174
Polk,,2021,19656
Polk,,2021,89164
Polk,,2021,17776
Polk,,2021,51899
Polk,,2021,45431
Pondera,,2020,5882
Pondera,,2021,5994
Pontotoc,,2020,31206
Pontotoc,,2020,38077
Pontotoc,,2021,31445
Pontotoc,,2021,38163
Pope,,2020,63346
Pope,,2020,3744
Pope,,2020,11309
Pope,,2021,63789
Pope,,2021,3779
Pope,,2021,11403
Poquoson city,,2020,12455
Poquoson city,,2021,12574
Portage,,2020,161775
Portage,,2020,70378
Portage,,2021,162382
Portage,,2021,70468
Porter,,2020,173256
Porter,,2021,174243
Portsmouth city,,2020,98015
Portsmouth city,,2021,97840
Posey,,2020,25161
Posey,,2021,25116
Pottawatomie,,2020,25392
Pottawatomie,,2020,72441
Pottawatomie,,2021,25790
Pottawatomie,,2021,73019
Pottawattamie,,2020,93560
Pottawattamie,,2021,93304
Potter,,2020,16356
Potter,,2020,2471
Potter,,2020,118173
Potter,,2021,16259
Potter,,2021,2475
Potter,,2021,116547
Powder River,,2020,1693
Powder River,,2021,1702
Powell,,2020,13085
Powell,,2020,6934
Powell,,2021,13133
Powell,,2021,6999
Power,,2020,7879
Power,,2021,7950
Poweshiek,,2020,18643
Poweshiek,,2021,18586
Powhatan,,2020,30433
Powhatan,,2021,31136
Prairie,,2020,8248
Prairie,,2020,1076
Prairie,,2021,8135
Prairie,,2021,1091
Pratt,,2020,9151
Pratt,,2021,9181
Preble,,2020,40964
Preble,,2021,40867
Prentiss,,2020,24935
Prentiss,,2021,24996
Presidio,,2020,6102
Presidio,,2021,6140
Presque Isle,,2020,12979
Presque Isle,,2021,13093
Preston,,2020,34176
Preston,,2021,34358
Price,,2020,14015
Price,,2021,14050
Prince Edward,,2020,21853
Prince Edward,,2021,21932
Prince George,,2020,43023
Prince George,,2021,42880
Prince George's,,2020,965601
Prince George's,,2021,955306
Prince William,,2020,482738
Prince William,,2021,484472
Prince of Wales-Hyder,,2020,5725
Prince of Wales-Hyder,,2021,5729
Providence,,2020,660015
Providence,,2021,658221
Prowers,,2020,11986
Prowers,,2021,11996
Pueblo,,2020,168467
Pueblo,,2021,169622
Pulaski,,2020,399073
Pulaski,,2020,9863
Pulaski,,2020,5161
Pulaski,,2020,12488
Pulaski,,2020,65016
Pulaski,,2020,53964
Pulaski,,2020,33760
Pulaski,,2021,397821
Pulaski,,2021,9917
Pulaski,,2021,5065
Pulaski,,2021,12339
Pulaski,,2021,65423
Pulaski,,2021,53816
Pulaski,,2021,33759
Pushmataha,,2020,10797
Pushmataha,,2021,10815
Putnam,,2020,73347
Putnam,,2020,22140
Putnam,,2020,5635
Putnam,,2020,36666
Putnam,,2020,4676
Putnam,,2020,97660
Putnam,,2020,34380
Putnam,,2020,79982
Putnam,,2020,57399
Putnam,,2021,74167
Putnam,,2021,22585
Putnam,,2021,5566
Putnam,,2021,36979
Putnam,,2021,4712
Putnam,,2021,97936
Putnam,,2021,34318
Putnam,,2021,81188
Putnam,,2021,57260
Quay,,2020,8721
Quay,,2021,8656
Queen Anne's,,2020,49983
Queen Anne's,,2021,50798
Queens,,2020,2395791
Queens,,2021,2331143
Quitman,,2020,2224
Quitman,,2020,6153
Quitman,,2021,2243
Quitman,,2021,5935
Rabun,,2020,16894
Rabun,,2021,17119
Racine,,2020,197440
Racine,,2021,196896
Radford city,,2020,16089
Radford city,,2021,16499
Rains,,2020,12199
Rains,,2021,12509
Raleigh,,2020,74349
Raleigh,,2021,73771
Ralls,,2020,10351
Ralls,,2021,10361
Ramsey,,2020,551480
Ramsey,,2020,11555
Ramsey,,2021,543257
Ramsey,,2021,11572
Randall,,2020,141231
Randall,,2021,143854
Randolph,,2020,21971
Randolph,,2020,18581
Randolph,,2020,6377
Randolph,,2020,30055
Randolph,,2020,24375
Randolph,,2020,24636
Randolph,,2020,144334
Randolph,,2020,27852
Randolph,,2021,21989
Randolph,,2021,18865
Randolph,,2021,6287
Randolph,,2021,30142
Randolph,,2021,24387
Randolph,,2021,24760
Randolph,,2021,145172
Randolph,,2021,27806
Rankin,,2020,157052
Rankin,,2021,158096
Ransom,,2020,5703
Ransom,,2021,5675
Rapides,,2020,129607
Rapides,,2021,128654
Rappahannock,,2020,7312
Rappahannock,,2021,7407
Ravalli,,2020,44351
Ravalli,,2021,45959
Rawlins,,2020,2555
Rawlins,,2021,2549
Ray,,2020,23100
Ray,,2021,23008
Reagan,,2020,3376
Reagan,,2021,3253
Real,,2020,2743
Real,,2021,2826
Red Lake,,2020,3936
Red Lake,,2021,3933
Red River,,2020,7619
Red River,,2020,11550
Red River,,2021,7564
Red River,,2021,11555
Red Willow,,2020,10671
Red Willow,,2021,10623
Redwood,,2020,15391
Redwood,,2021,15366
Reeves,,2020,14730
Reeves,,2021,14487
Refugio,,2020,6747
Refugio,,2021,6756
Reno,,2020,61808
Reno,,2021,61414
Rensselaer,,2020,160923
Rensselaer,,2021,160232
Renville,,2020,14684
Renville,,2020,2272
Renville,,2021,14608
Renville,,2021,2266
Republic,,2020,4680
Republic,,2021,4662
Reynolds,,2020,6078
Reynolds,,2021,6087
Rhea,,2020,32903
Rhea,,2021,33136
Rice,,2020,9374
Rice,,2020,67030
Rice,,2021,9390
Rice,,2021,67262
Rich,,2020,2504
Rich,,2021,2597
Richardson,,2020,7836
Richardson,,2021,7759
Richland,,2020,15803
Richland,,2020,19997
Richland,,2020,11501
Richland,,2020,16524
Richland,,2020,124840
Richland,,2020,416527
Richland,,2020,17274
Richland,,2021,15796
Richland,,2021,19805
Richland,,2021,11283
Richland,,2021,16560
Richland,,2021,125195
Richland,,2021,418307
Richland,,2021,17212
Richmond,,2020,206328
Richmond,,2020,495522
Richmond,,2020,42879
Richmond,,2020,8920
Richmond,,2021,205673
Richmond,,2021,493494
Richmond,,2021,42724
Richmond,,2021,9017
Richmond city,,2020,226670
Richmond city,,2021,226604
Riley,,2020,71996
Riley,,2021,72208
Ringgold,,2020,4639
Ringgold,,2021,4639
Rio Arriba,,2020,40264
Rio Arriba,,2021,40179
Rio Blanco,,2020,6518
Rio Blanco,,2021,6476
Rio Grande,,2020,11538
Rio Grande,,2021,11408
Ripley,,2020,28980
Ripley,,2020,10680
Ripley,,2021,29081
Ripley,,2021,10617
Ritchie,,2020,8424
Ritchie,,2021,8383
Riverside,,2020,2422764
Riverside,,2021,2458395
Roane,,2020,53513
Roane,,2020,13977
Roane,,2021,53992
Roane,,2021,13898
Roanoke,,2020,96845
Roanoke,,2021,96589
Roanoke city,,2020,99875
Roanoke city,,2021,98865
Roberts,,2020,10257
Roberts,,2020,823
Roberts,,2021,10163
Roberts,,2021,797
Robertson,,2020,2184
Robertson,,2020,72860
Robertson,,2020,16740
Robertson,,2021,2257
Robertson,,2021,74098
Robertson,,2021,16958
Robeson,,2020,116361
Robeson,,2021,116328
Rock,,2020,9705
Rock,,2020,1267
Rock,,2020,163643
Rock,,2021,9680
Rock,,2021,1264
Rock,,2021,164381
Rock Island,,2020,144267
Rock Island,,2021,142909
Rockbridge,,2020,22610
Rockbridge,,2021,22641
Rockcastle,,2020,16053
Rockcastle,,2021,16115
Rockdale,,2020,93614
Rockdale,,2021,94082
Rockingham,,2020,314430
Rockingham,,2020,91080
Rockingham,,2020,83758
Rockingham,,2021,316947
Rockingham,,2021,91266
Rockingham,,2021,84394
Rockland,,2020,338121
Rockland,,2021,339227
Rockwall,,2020,109090
Rockwall,,2021,116381
Roger Mills,,2020,3427
Roger Mills,,2021,3386
Rogers,,2020,95315
Rogers,,2021,96695
Rolette,,2020,12162
Rolette,,2021,12048
Rooks,,2020,4894
Rooks,,2021,4831
Roosevelt,,2020,10780
Roosevelt,,2020,19118
Roosevelt,,2021,10821
Roosevelt,,2021,19019
Roscommon,,2020,23432
Roscommon,,2021,23633
Roseau,,2020,15294
Roseau,,2021,15258
Rosebud,,2020,8298
Rosebud,,2021,8124
Ross,,2020,76985
Ross,,2021,76891
Routt,,2020,24839
Routt,,2021,25091
Rowan,,2020,24732
Rowan,,2020,147027
Rowan,,2021,24861
Rowan,,2021,148150
Runnels,,2020,9921
Runnels,,2021,9943
Rush,,2020,16744
Rush,,2020,2944
Rush,,2021,16672
Rush,,2021,2953
Rusk,,2020,52225
Rusk,,2020,14168
Rusk,,2021,52743
Rusk,,2021,14123
Russell,,2020,59226
Russell,,2020,6672
Russell,,2020,17975
Russell,,2020,25726
Russell,,2021,58722
Russell,,2021,6703
Russell,,2021,18156
Russell,,2021,25550
Rutherford,,2020,64421
Rutherford,,2020,343128
Rutherford,,2021,64586
Rutherford,,2021,352182
Rutland,,2020,60455
Rutland,,2021,60591
Sabine,,2020,22118
Sabine,,2020,9881
Sabine,,2021,22135
Sabine,,2021,10039
Sac,,2020,9791
Sac,,2021,9752
Sacramento,,2020,1586241
Sacramento,,2021,1588921
Sagadahoc,,2020,36688
Sagadahoc,,2021,37071
Saginaw,,2020,189831
Saginaw,,2021,189591
Saguache,,2020,6383
Saguache,,2021,6471
Salem,,2020,64859
Salem,,2021,65046
Salem city,,2020,25374
Salem city,,2021,25373
Saline,,2020,123681
Saline,,2020,23634
Saline,,2020,54232
Saline,,2020,23319
Saline,,2020,14249
Saline,,2021,125233
Saline,,2021,23320
Saline,,2021,53888
Saline,,2021,23289
Saline,,2021,14192
Salt Lake,,2020,1186236
Salt Lake,,2021,1186421
Saluda,,2020,18830
Saluda,,2021,18821
Sampson,,2020,59021
Sampson,,2021,58990
San Augustine,,2020,7919
San Augustine,,2021,7922
San Benito,,2020,64507
San Benito,,2021,66677
San Bernardino,,2020,2182740
San Bernardino,,2021,2194710
San Diego,,2020,3297252
San Diego,,2021,3286069
San Francisco,,2020,870014
San Francisco,,2021,815201
San Jacinto,,2020,27483
San Jacinto,,2021,27878
San Joaquin,,2020,780517
San Joaquin,,2021,789410
San Juan,,2020,710
San Juan,,2020,121429
San Juan,,2020,14525
San Juan,,2020,17818
San Juan,,2021,733
San Juan,,2021,120993
San Juan,,2021,14489
San Juan,,2021,18557
San Luis Obispo,,2020,282231
San Luis Obispo,,2021,283159
San Mateo,,2020,762453
San Mateo,,2021,737888
San Miguel,,2020,8055
San Miguel,,2020,27115
San Miguel,,2021,8074
San Miguel,,2021,27150
San Patricio,,2020,68772
San Patricio,,2021,69699
San Saba,,2020,5730
San Saba,,2021,5827
Sanborn,,2020,2318
Sanborn,,2021,2378
Sanders,,2020,12451
Sanders,,2021,12959
Sandoval,,2020,149218
Sandoval,,2021,151369
Sandusky,,2020,58832
Sandusky,,2021,58715
Sangamon,,2020,196012
Sangamon,,2021,194734
Sanilac,,2020,40506
Sanilac,,2021,40506
Sanpete,,2020,28508
Sanpete,,2021,29106
Santa Barbara,,2020,448096
Santa Barbara,,2021,446475
Santa Clara,,2020,1930598
Santa Clara,,2021,1885508
Santa Cruz,,2020,47653
Santa Cruz,,2020,270353
Santa Cruz,,2021,47883
Santa Cruz,,2021,267792
Santa Fe,,2020,154977
Santa Fe,,2021,155201
Santa Rosa,,2020,189133
Santa Rosa,,2021,193998
Sarasota,,2020,435664
Sarasota,,2021,447057
Saratoga,,2020,235689
Saratoga,,2021,237359
Sargent,,2020,3842
Sargent,,2021,3829
Sarpy,,2020,191114
Sarpy,,2021,193418
Sauk,,2020,65718
Sauk,,2021,65697
Saunders,,2020,22361
Saunders,,2021,22787
Sawyer,,2020,18107
Sawyer,,2021,18295
Schenectady,,2020,157861
Schenectady,,2021,158089
Schleicher,,2020,2442
Schleicher,,2021,2429
Schley,,2020,4538
Schley,,2021,4478
Schoharie,,2020,29720
Schoharie,,2021,29863
Schoolcraft,,2020,8041
Schoolcraft,,2021,8030
Schuyler,,2020,6875
Schuyler,,2020,4007
Schuyler,,2020,17857
Schuyler,,2021,6843
Schuyler,,2021,4025
Schuyler,,2021,17752
Schuylkill,,2020,142777
Schuylkill,,2021,143264
Scioto,,2020,73720
Scioto,,2021,73346
Scotland,,2020,4698
Scotland,,2020,34110
Scotland,,2021,4693
Scotland,,2021,34227
Scott,,2020,9811
Scott,,2020,4927
Scott,,2020,24336
Scott,,2020,174488
Scott,,2020,5137
Scott,,2020,57477
Scott,,2020,151265
Scott,,2020,27958
Scott,,2020,38009
Scott,,2020,21842
Scott,,2020,21547
Scott,,2021,9822
Scott,,2021,4836
Scott,,2021,24355
Scott,,2021,174170
Scott,,2021,5131
Scott,,2021,58252
Scott,,2021,153268
Scott,,2021,27598
Scott,,2021,37840
Scott,,2021,21917
Scott,,2021,21419
Scotts Bluff,,2020,36002
Scotts Bluff,,2021,35745
Screven,,2020,14060
Screven,,2021,14105
Scurry,,2020,16931
Scurry,,2021,16824
Searcy,,2020,7827
Searcy,,2021,7880
Sebastian,,2020,127739
Sebastian,,2021,128400
Sedgwick,,2020,2390
Sedgwick,,2020,524246
Sedgwick,,2021,2336
Sedgwick,,2021,523828
Seminole,,2020,471058
Seminole,,2020,9138
Seminole,,2020,23508
Seminole,,2021,470093
Seminole,,2021,9197
Seminole,,2021,23567
Seneca,,2020,33715
Seneca,,2020,54990
Seneca,,2021,33688
Seneca,,2021,54906
Sequatchie,,2020,15863
Sequatchie,,2021,16396
Sequoyah,,2020,39255
Sequoyah,,2021,39508
Sevier,,2020,15778
Sevier,,2020,98497
Sevier,,2020,21546
Sevier,,2021,15783
Sevier,,2021,99517
Sevier,,2021,21906
Seward,,2020,21832
Seward,,2020,17605
Seward,,2021,21747
Seward,,2021,17603
Shackelford,,2020,3122
Shackelford,,2021,3212
Shannon,,2020,7041
Shannon,,2021,7106
Sharkey,,2020,3767
Sharkey,,2021,3663
Sharp,,2020,17282
Sharp,,2021,17622
Shasta,,2020,181893
Shasta,,2021,182139
Shawano,,2020,40838
Shawano,,2021,40859
Shawnee,,2020,178608
Shawnee,,2021,178264
Sheboygan,,2020,117937
Sheboygan,,2021,117747
Shelby,,2020,223708
Shelby,,2020,20900
Shelby,,2020,45026
Shelby,,2020,11699
Shelby,,2020,48179
Shelby,,2020,6101
Shelby,,2020,48119
Shelby,,2020,928644
Shelby,,2020,23926
Shelby,,2021,226902
Shelby,,2021,20789
Shelby,,2021,45039
Shelby,,2021,11770
Shelby,,2021,48461
Shelby,,2021,5976
Shelby,,2021,47977
Shelby,,2021,924454
Shelby,,2021,23939
Shenandoah,,2020,44255
Shenandoah,,2021,44752
Sherburne,,2020,97479
Sherburne,,2021,99074
Sheridan,,2020,2442
Sheridan,,2020,3518
Sheridan,,2020,5097
Sheridan,,2020,1258
Sheridan,,2020,30996
Sheridan,,2021,2478
Sheridan,,2021,3527
Sheridan,,2021,5095
Sheridan,,2021,1268
Sheridan,,2021,31646
Sherman,,2020,5882
Sherman,,2020,2956
Sherman,,2020,1872
Sherman,,2020,2780
Sherman,,2021,5895
Sherman,,2021,2964
Sherman,,2021,1907
Sherman,,2021,2798
Shiawassee,,2020,67983
Shiawassee,,2021,67877
Shoshone,,2020,13189
Shoshone,,2021,13612
Sibley,,2020,14802
Sibley,,2021,14917
Sierra,,2020,3228
Sierra,,2020,11526
Sierra,,2021,3283
Sierra,,2021,11502
Silver Bow,,2020,35168
Silver Bow,,2021,35411
Simpson,,2020,19620
Simpson,,2020,25893
Simpson,,2021,19718
Simpson,,2021,25750
Sioux,,2020,35869
Sioux,,2020,1144
Sioux,,2020,3884
Sioux,,2021,35893
Sioux,,2021,1143
Sioux,,2021,3738
Siskiyou,,2020,43962
Siskiyou,,2021,44118
Sitka City and,,2020,8428
Sitka City and,,2021,8407
Skagit,,2020,129852
Skagit,,2021,130696
Skagway,,2020,1239
Skagway,,2021,1132
Skamania,,2020,12034
Skamania,,2021,12170
Slope,,2020,701
Slope,,2021,690
Smith,,2020,3559
Smith,,2020,14204
Smith,,2020,19939
Smith,,2020,234063
Smith,,2021,3576
Smith,,2021,14191
Smith,,2021,20172
Smith,,2021,237186
Smyth,,2020,29730
Smyth,,2021,29477
Snohomish,,2020,829331
Snohomish,,2021,833540
Snyder,,2020,39717
Snyder,,2021,39621
Socorro,,2020,16565
Socorro,,2021,16311
Solano,,2020,453274
Solano,,2021,451716
Somerset,,2020,50404
Somerset,,2020,24567
Somerset,,2020,345014
Somerset,,2020,73917
Somerset,,2021,50592
Somerset,,2021,24584
Somerset,,2021,345647
Somerset,,2021,73627
Somervell,,2020,9214
Somervell,,2021,9469
Sonoma,,2020,488345
Sonoma,,2021,485887
Southampton,,2020,17949
Southampton,,2021,18006
Southeast Fairbanks,,2020,6831
Southeast Fairbanks,,2021,6970
Spalding,,2020,67413
Spalding,,2021,67909
Spartanburg,,2020,329364
Spartanburg,,2021,335864
Spencer,,2020,19820
Spencer,,2020,19564
Spencer,,2021,19798
Spencer,,2021,19916
Spink,,2020,6338
Spink,,2021,6269
Spokane,,2020,540700
Spokane,,2021,546040
Spotsylvania,,2020,140475
Spotsylvania,,2021,143676
St. Bernard,,2020,43838
St. Bernard,,2021,44258
St. Charles,,2020,52481
St. Charles,,2020,406258
St. Charles,,2021,52282
St. Charles,,2021,409981
St. Clair,,2020,91333
St. Clair,,2020,256789
St. Clair,,2020,160265
St. Clair,,2020,9340
St. Clair,,2021,92748
St. Clair,,2021,254796
St. Clair,,2021,160053
St. Clair,,2021,9376
St. Croix,,2020,93797
St. Croix,,2021,95044
St. Francis,,2020,23046
St. Francis,,2021,22739
St. Francois,,2020,66900
St. Francois,,2021,67541
St. Helena,,2020,10889
St. Helena,,2021,10912
St. James,,2020,20127
St. James,,2021,19742
St. John the Baptist,,2020,42394
St. John the Baptist,,2021,42094
St. Johns,,2020,276916
St. Johns,,2021,292466
St. Joseph,,2020,272549
St. Joseph,,2020,60902
St. Joseph,,2021,272212
St. Joseph,,2021,60758
St. Landry,,2020,82273
St. Landry,,2021,82071
St. Lawrence,,2020,108311
St. Lawrence,,2021,108051
St. Louis,,2020,199962
St. Louis,,2020,1002838
St. Louis,,2021,199182
St. Louis,,2021,997187
St. Louis city,,2020,300528
St. Louis city,,2021,293310
St. Lucie,,2020,331275
St. Lucie,,2021,343579
St. Martin,,2020,51604
St. Martin,,2021,51540
St. Mary,,2020,49140
St. Mary,,2021,48232
St. Mary's,,2020,113953
St. Mary's,,2021,114468
St. Tammany,,2020,264933
St. Tammany,,2021,269388
Stafford,,2020,4064
Stafford,,2020,157604
Stafford,,2021,4034
Stafford,,2021,160877
Stanislaus,,2020,552710
Stanislaus,,2021,552999
Stanley,,2020,2976
Stanley,,2021,3032
Stanly,,2020,62609
Stanly,,2021,63425
Stanton,,2020,2072
Stanton,,2020,5824
Stanton,,2021,2044
Stanton,,2021,5816
Stark,,2020,5391
Stark,,2020,33805
Stark,,2020,374357
Stark,,2021,5294
Stark,,2021,33046
Stark,,2021,373834
Starke,,2020,23356
Starke,,2021,23372
Starr,,2020,65835
Starr,,2021,66049
Staunton city,,2020,25800
Staunton city,,2021,25661
Ste. Genevieve,,2020,18476
Ste. Genevieve,,2021,18588
Stearns,,2020,158349
Stearns,,2021,158947
Steele,,2020,37352
Steele,,2020,1797
Steele,,2021,37349
Steele,,2021,1810
Stephens,,2020,26800
Stephens,,2020,42753
Stephens,,2020,9079
Stephens,,2021,26865
Stephens,,2021,43129
Stephens,,2021,9173
Stephenson,,2020,44457
Stephenson,,2021,44021
Sterling,,2020,1383
Sterling,,2021,1381
Steuben,,2020,34440
Steuben,,2020,93363
Steuben,,2021,34632
Steuben,,2021,92948
Stevens,,2020,5236
Stevens,,2020,9646
Stevens,,2020,46566
Stevens,,2021,5293
Stevens,,2021,9700
Stevens,,2021,47426
Stewart,,2020,5295
Stewart,,2020,13683
Stewart,,2021,5341
Stewart,,2021,13855
Stillwater,,2020,9010
Stillwater,,2021,9044
Stoddard,,2020,28652
Stoddard,,2021,28479
Stokes,,2020,44517
Stokes,,2021,44553
Stone,,2020,12364
Stone,,2020,18333
Stone,,2020,31175
Stone,,2021,12481
Stone,,2021,18644
Stone,,2021,31548
Stonewall,,2020,1245
Stonewall,,2021,1217
Storey,,2020,4106
Storey,,2021,4143
Story,,2020,98615
Story,,2021,99472
Strafford,,2020,131006
Strafford,,2021,132416
Stutsman,,2020,21529
Stutsman,,2021,21576
Sublette,,2020,8723
Sublette,,2021,8697
Suffolk,,2020,795431
Suffolk,,2020,1524099
Suffolk,,2021,771245
Suffolk,,2021,1526344
Suffolk city,,2020,94685
Suffolk city,,2021,96194
Sullivan,,2020,20803
Sullivan,,2020,5976
Sullivan,,2020,43033
Sullivan,,2020,78643
Sullivan,,2020,5838
Sullivan,,2020,158092
Sullivan,,2021,20758
Sullivan,,2021,5934
Sullivan,,2021,43533
Sullivan,,2021,79806
Sullivan,,2021,5868
Sullivan,,2021,159265
Sully,,2020,1446
Sully,,2021,1476
Summers,,2020,11915
Summers,,2021,11908
Summit,,2020,30971
Summit,,2020,539530
Summit,,2020,42452
Summit,,2021,30941
Summit,,2021,537633
Summit,,2021,43093
Sumner,,2020,22332
Sumner,,2020,197272
Sumner,,2021,22385
Sumner,,2021,200557
Sumter,,2020,12295
Sumter,,2020,130897
Sumter,,2020,29553
Sumter,,2020,105417
Sumter,,2021,12164
Sumter,,2021,135638
Sumter,,2021,29283
Sumter,,2021,104758
Sunflower,,2020,25826
Sunflower,,2021,25402
Surry,,2020,71253
Surry,,2020,6546
Surry,,2021,71152
Surry,,2021,6530
Susquehanna,,2020,38354
Susquehanna,,2021,38389
Sussex,,2020,238912
Sussex,,2020,144082
Sussex,,2020,10768
Sussex,,2021,247527
Sussex,,2021,145543
Sussex,,2021,10763
Sutter,,2020,99480
Sutter,,2021,99063
Sutton,,2020,3362
Sutton,,2021,3319
Suwannee,,2020,43510
Suwannee,,2021,44485
Swain,,2020,14083
Swain,,2021,14136
Sweet Grass,,2020,3671
Sweet Grass,,2021,3723
Sweetwater,,2020,42158
Sweetwater,,2021,41614
Swift,,2020,9791
Swift,,2021,9749
Swisher,,2020,6957
Swisher,,2021,7008
Switzerland,,2020,9724
Switzerland,,2021,9790
Talbot,,2020,5731
Talbot,,2020,37456
Talbot,,2021,5742
Talbot,,2021,37626
Taliaferro,,2020,1557
Taliaferro,,2021,1558
Talladega,,2020,82069
Talladega,,2021,81524
Tallahatchie,,2020,12670
Tallahatchie,,2021,12366
Tallapoosa,,2020,41229
Tallapoosa,,2021,41023
Tama,,2020,17072
Tama,,2021,16867
Taney,,2020,56020
Taney,,2021,56387
Tangipahoa,,2020,133549
Tangipahoa,,2021,135217
Taos,,2020,34392
Taos,,2021,34623
Tarrant,,2020,2114709
Tarrant,,2021,2126477
Tate,,2020,28124
Tate,,2021,28234
Tattnall,,2020,22852
Tattnall,,2021,23052
Taylor,,2020,21760
Taylor,,2020,7814
Taylor,,2020,5861
Taylor,,2020,26020
Taylor,,2020,143383
Taylor,,2020,16701
Taylor,,2020,19897
Taylor,,2021,21815
Taylor,,2021,7799
Taylor,,2021,5868
Taylor,,2021,26235
Taylor,,2021,143326
Taylor,,2021,16492
Taylor,,2021,19923
Tazewell,,2020,131018
Tazewell,,2020,40343
Tazewell,,2021,130413
Tazewell,,2021,39925
Tehama,,2020,65615
Tehama,,2021,65498
Telfair,,2020,12461
Telfair,,2021,12414
Teller,,2020,24726
Teller,,2021,24926
Tensas,,2020,4116
Tensas,,2021,4043
Terrebonne,,2020,109319
Terrebonne,,2021,108708
Terrell,,2020,9153
Terrell,,2020,744
Terrell,,2021,8964
Terrell,,2021,724
Terry,,2020,11792
Terry,,2021,11754
Teton,,2020,11731
Teton,,2020,6242
Teton,,2020,23347
Teton,,2021,12267
Teton,,2021,6269
Teton,,2021,23575
Texas,,2020,24413
Texas,,2020,21283
Texas,,2021,24987
Texas,,2021,20865
Thayer,,2020,5013
Thayer,,2021,4913
Thomas,,2020,45766
Thomas,,2020,7916
Thomas,,2020,671
Thomas,,2021,45842
Thomas,,2021,7877
Thomas,,2021,673
Throckmorton,,2020,1443
Throckmorton,,2021,1495
Thurston,,2020,6769
Thurston,,2020,295729
Thurston,,2021,6620
Thurston,,2021,297977
Tift,,2020,41348
Tift,,2021,41212
Tillamook,,2020,27471
Tillamook,,2021,27748
Tillman,,2020,6956
Tillman,,2021,7076
Tioga,,2020,48355
Tioga,,2020,40969
Tioga,,2021,47980
Tioga,,2021,40929
Tippah,,2020,21732
Tippah,,2021,21635
Tippecanoe,,2020,186247
Tippecanoe,,2021,187076
Tipton,,2020,15365
Tipton,,2020,60961
Tipton,,2021,15372
Tipton,,2021,61004
Tishomingo,,2020,18822
Tishomingo,,2021,18750
Titus,,2020,31264
Titus,,2021,31183
Todd,,2020,12280
Todd,,2020,25250
Todd,,2020,9319
Todd,,2021,12285
Todd,,2021,25237
Todd,,2021,9286
Tolland,,2020,149650
Tolland,,2021,150293
Tom Green,,2020,120105
Tom Green,,2021,119411
Tompkins,,2020,105404
Tompkins,,2021,105162
Tooele,,2020,73281
Tooele,,2021,76640
Toole,,2020,4964
Toole,,2021,5011
Toombs,,2020,27052
Toombs,,2021,26911
Torrance,,2020,15051
Torrance,,2021,15307
Towner,,2020,2138
Towner,,2021,2140
Towns,,2020,12539
Towns,,2021,12875
Traill,,2020,7974
Traill,,2021,8003
Transylvania,,2020,33009
Transylvania,,2021,33165
Traverse,,2020,3346
Traverse,,2021,3286
Travis,,2020,1296100
Travis,,2021,1305154
Treasure,,2020,761
Treasure,,2021,768
Trego,,2020,2808
Trego,,2021,2793
Trempealeau,,2020,30776
Trempealeau,,2021,30724
Treutlen,,2020,6390
Treutlen,,2021,6306
Trigg,,2020,14068
Trigg,,2021,14192
Trimble,,2020,8461
Trimble,,2021,8530
Trinity,,2020,16088
Trinity,,2020,13623
Trinity,,2021,16060
Trinity,,2021,13827
Tripp,,2020,5601
Tripp,,2021,5569
Troup,,2020,69388
Troup,,2021,69720
Trousdale,,2020,11661
Trousdale,,2021,12035
Trumbull,,2020,201405
Trumbull,,2021,201335
Tucker,,2020,6752
Tucker,,2021,6672
Tulare,,2020,473736
Tulare,,2021,477054
Tulsa,,2020,670157
Tulsa,,2021,672858
Tunica,,2020,9720
Tunica,,2021,9696
Tuolumne,,2020,55516
Tuolumne,,2021,55810
Turner,,2020,8971
Turner,,2020,8673
Turner,,2021,8966
Turner,,2021,8708
Tuscaloosa,,2020,227153
Tuscaloosa,,2021,227007
Tuscarawas,,2020,93063
Tuscarawas,,2021,92500
Tuscola,,2020,53274
Tuscola,,2021,52917
Twiggs,,2020,7986
Twiggs,,2021,7856
Twin Falls,,2020,90279
Twin Falls,,2021,92243
Tyler,,2020,19797
Tyler,,2020,8279
Tyler,,2021,20077
Tyler,,2021,8155
Tyrrell,,2020,3232
Tyrrell,,2021,3254
Uinta,,2020,20441
Uinta,,2021,20635
Uintah,,2020,35618
Uintah,,2021,36204
Ulster,,2020,181687
Ulster,,2021,182951
Umatilla,,2020,80011
Umatilla,,2021,79988
Unicoi,,2020,17867
Unicoi,,2021,17698
Union,,2020,38925
Union,,2020,16126
Union,,2020,24766
Union,,2020,17179
Union,,2020,7090
Union,,2020,12097
Union,,2020,13646
Union,,2020,21124
Union,,2020,27780
Union,,2020,574349
Union,,2020,4067
Union,,2020,239287
Union,,2020,63077
Union,,2020,26149
Union,,2020,42625
Union,,2020,27148
Union,,2020,16832
Union,,2020,19820
Union,,2021,38340
Union,,2021,16335
Union,,2021,25521
Union,,2021,16923
Union,,2021,7047
Union,,2021,12018
Union,,2021,13544
Union,,2021,21091
Union,,2021,27953
Union,,2021,572114
Union,,2021,4107
Union,,2021,243648
Union,,2021,64971
Union,,2021,26212
Union,,2021,42568
Union,,2021,27016
Union,,2021,16872
Union,,2021,20040
Upshur,,2020,40975
Upshur,,2020,23783
Upshur,,2021,41774
Upshur,,2021,23791
Upson,,2020,27712
Upson,,2021,27720
Upton,,2020,3296
Upton,,2021,3265
Utah,,2020,663143
Utah,,2021,684986
Uvalde,,2020,24540
Uvalde,,2021,24729
Val Verde,,2020,47582
Val Verde,,2021,47564
Valencia,,2020,76329
Valencia,,2021,77190
Valley,,2020,11838
Valley,,2020,7551
Valley,,2020,4048
Valley,,2021,12241
Valley,,2021,7537
Valley,,2021,4066
Van Buren,,2020,15765
Van Buren,,2020,7204
Van Buren,,2020,75556
Van Buren,,2020,6171
Van Buren,,2021,15694
Van Buren,,2021,7243
Van Buren,,2021,75658
Van Buren,,2021,6324
Van Wert,,2020,28878
Van Wert,,2021,28732
Van Zandt,,2020,59690
Van Zandt,,2021,61275
Vance,,2020,42529
Vance,,2021,42185
Vanderburgh,,2020,180158
Vanderburgh,,2021,179987
Venango,,2020,50275
Venango,,2021,49938
Ventura,,2020,842921
Ventura,,2021,839784
Vermilion,,2020,73883
Vermilion,,2020,57289
Vermilion,,2021,73095
Vermilion,,2021,57204
Vermillion,,2020,15388
Vermillion,,2021,15341
Vernon,,2020,48582
Vernon,,2020,19642
Vernon,,2020,30693
Vernon,,2021,48027
Vernon,,2021,19595
Vernon,,2021,30915
Victoria,,2020,91236
Victoria,,2021,90964
Vigo,,2020,106007
Vigo,,2021,105994
Vilas,,2020,23076
Vilas,,2021,23520
Vinton,,2020,12784
Vinton,,2021,12696
Virginia Beach city,,2020,459373
Virginia Beach city,,2021,457672
Volusia,,2020,554901
Volusia,,2021,564412
Wabash,,2020,11316
Wabash,,2020,30888
Wabash,,2021,11202
Wabash,,2021,30816
Wabasha,,2020,21417
Wabasha,,2021,21509
Wabaunsee,,2020,6885
Wabaunsee,,2021,6966
Wadena,,2020,14107
Wadena,,2021,14177
Wagoner,,2020,81377
Wagoner,,2021,84050
Wahkiakum,,2020,4443
Wahkiakum,,2021,4582
Wake,,2020,1133553
Wake,,2021,1150204
Wakulla,,2020,33907
Wakulla,,2021,34690
Waldo,,2020,39635
Waldo,,2021,39912
Walker,,2020,65100
Walker,,2020,67711
Walker,,2020,76543
Walker,,2021,64818
Walker,,2021,68510
Walker,,2021,77977
Walla Walla,,2020,62574
Walla Walla,,2021,62682
Wallace,,2020,1514
Wallace,,2021,1508
Waller,,2020,57349
Waller,,2021,59781
Wallowa,,2020,7387
Wallowa,,2021,7545
Walsh,,2020,10520
Walsh,,2021,10469
Walthall,,2020,13863
Walthall,,2021,13836
Walton,,2020,75855
Walton,,2020,97135
Walton,,2021,80069
Walton,,2021,99853
Walworth,,2020,5289
Walworth,,2020,106499
Walworth,,2021,5248
Walworth,,2021,106799
Wapello,,2020,35341
Wapello,,2021,35256
Ward,,2020,69847
Ward,,2020,11656
Ward,,2021,69071
Ward,,2021,11194
Ware,,2020,36218
Ware,,2021,36033
Warren,,2020,5205
Warren,,2020,16777
Warren,,2020,8413
Warren,,2020,52548
Warren,,2020,134933
Warren,,2020,44548
Warren,,2020,35707
Warren,,2020,109595
Warren,,2020,65638
Warren,,2020,18598
Warren,,2020,243004
Warren,,2020,38480
Warren,,2020,41023
Warren,,2020,40782
Warren,,2021,5240
Warren,,2021,16531
Warren,,2021,8475
Warren,,2021,53402
Warren,,2021,137212
Warren,,2021,43579
Warren,,2021,36518
Warren,,2021,110731
Warren,,2021,65618
Warren,,2021,18762
Warren,,2021,246553
Warren,,2021,38134
Warren,,2021,41523
Warren,,2021,40925
Warrick,,2020,63966
Warrick,,2021,64514
Wasatch,,2020,35032
Wasatch,,2021,36173
Wasco,,2020,26611
Wasco,,2021,26726
Waseca,,2020,18954
Waseca,,2021,19000
Washakie,,2020,7658
Washakie,,2021,7705
Washburn,,2020,16597
Washburn,,2021,16752
Washington,,2020,15296
Washington,,2020,246662
Washington,,2020,4815
Washington,,2020,25357
Washington,,2020,19927
Washington,,2020,10544
Washington,,2020,13711
Washington,,2020,28220
Washington,,2020,22511
Washington,,2020,5526
Washington,,2020,12024
Washington,,2020,45370
Washington,,2020,31062
Washington,,2020,154586
Washington,,2020,268191
Washington,,2020,44613
Washington,,2020,23499
Washington,,2020,20904
Washington,,2020,61143
Washington,,2020,10955
Washington,,2020,59613
Washington,,2020,52593
Washington,,2020,600689
Washington,,2020,209157
Washington,,2020,129753
Washington,,2020,133080
Washington,,2020,35837
Washington,,2020,181924
Washington,,2020,59748
Washington,,2020,53839
Washington,,2020,136732
Washington,,2021,15147
Washington,,2021,250057
Washington,,2021,4861
Washington,,2021,25436
Washington,,2021,19785
Washington,,2021,10898
Washington,,2021,13655
Washington,,2021,28102
Washington,,2021,22491
Washington,,2021,5511
Washington,,2021,12072
Washington,,2021,45133
Washington,,2021,31121
Washington,,2021,154937
Washington,,2021,272256
Washington,,2021,43687
Washington,,2021,23502
Washington,,2021,20969
Washington,,2021,60956
Washington,,2021,10892
Washington,,2021,59423
Washington,,2021,52772
Washington,,2021,600811
Washington,,2021,209470
Washington,,2021,130592
Washington,,2021,134236
Washington,,2021,35891
Washington,,2021,191226
Washington,,2021,59969
Washington,,2021,53635
Washington,,2021,137175
Washita,,2020,10903
Washita,,2021,10915
Washoe,,2020,487388
Washoe,,2021,493392
Washtenaw,,2020,371656
Washtenaw,,2021,369390
Watauga,,2020,54072
Watauga,,2021,54234
Watonwan,,2020,11221
Watonwan,,2021,11135
Waukesha,,2020,407148
Waukesha,,2021,408756
Waupaca,,2020,51713
Waupaca,,2021,51570
Waushara,,2020,24511
Waushara,,2021,24828
Wayne,,2020,30155
Wayne,,2020,16121
Wayne,,2020,66455
Wayne,,2020,6509
Wayne,,2020,19528
Wayne,,2020,1790225
Wayne,,2020,19778
Wayne,,2020,10913
Wayne,,2020,9687
Wayne,,2020,91103
Wayne,,2020,117226
Wayne,,2020,116840
Wayne,,2020,51101
Wayne,,2020,16202
Wayne,,2020,2497
Wayne,,2020,38830
Wayne,,2021,30380
Wayne,,2021,15963
Wayne,,2021,66456
Wayne,,2021,6508
Wayne,,2021,19540
Wayne,,2021,1774816
Wayne,,2021,19709
Wayne,,2021,10914
Wayne,,2021,9784
Wayne,,2021,90923
Wayne,,2021,116835
Wayne,,2021,116710
Wayne,,2021,51431
Wayne,,2021,16409
Wayne,,2021,2558
Wayne,,2021,38498
Waynesboro city,,2020,22279
Waynesboro city,,2021,22550
Weakley,,2020,32864
Weakley,,2021,33036
Webb,,2020,267234
Webb,,2021,267945
Weber,,2020,262828
Weber,,2021,267066
Webster,,2020,2350
Webster,,2020,36954
Webster,,2020,12989
Webster,,2020,36864
Webster,,2020,9921
Webster,,2020,39168
Webster,,2020,3387
Webster,,2020,8329
Webster,,2021,2367
Webster,,2021,37147
Webster,,2021,12813
Webster,,2021,36184
Webster,,2021,9983
Webster,,2021,39735
Webster,,2021,3411
Webster,,2021,8249
Weld,,2020,331358
Weld,,2021,340036
Wells,,2020,28179
Wells,,2020,3955
Wells,,2021,28197
Wells,,2021,3905
West Baton Rouge,,2020,27236
West Baton Rouge,,2021,27792
West Carroll,,2020,9694
West Carroll,,2021,9594
West Feliciana,,2020,15256
West Feliciana,,2021,15494
Westchester,,2020,1003245
Westchester,,2021,997895
Westmoreland,,2020,353998
Westmoreland,,2020,18496
Westmoreland,,2021,353057
Westmoreland,,2021,18731
Weston,,2020,6809
Weston,,2021,6745
Wetzel,,2020,14382
Wetzel,,2021,14170
Wexford,,2020,33676
Wexford,,2021,33901
Wharton,,2020,41550
Wharton,,2021,41721
Whatcom,,2020,227304
Whatcom,,2021,228831
Wheatland,,2020,2093
Wheatland,,2021,2059
Wheeler,,2020,7430
Wheeler,,2020,773
Wheeler,,2020,1457
Wheeler,,2020,4980
Wheeler,,2021,7471
Wheeler,,2021,795
Wheeler,,2021,1451
Wheeler,,2021,4927
White,,2020,76810
White,,2020,28090
White,,2020,13808
White,,2020,24636
White,,2020,27424
White,,2021,77207
White,,2021,28442
White,,2021,13784
White,,2021,24651
White,,2021,27650
White Pine,,2020,9079
White Pine,,2021,9182
Whiteside,,2020,55509
Whiteside,,2021,55305
Whitfield,,2020,102727
Whitfield,,2021,102848
Whitley,,2020,34316
Whitley,,2020,36687
Whitley,,2021,34430
Whitley,,2021,36939
Whitman,,2020,47786
Whitman,,2021,47873
Wibaux,,2020,928
Wibaux,,2021,934
Wichita,,2020,2144
Wichita,,2020,129546
Wichita,,2021,2082
Wichita,,2021,130069
Wicomico,,2020,103473
Wicomico,,2021,103980
Wilbarger,,2020,12846
Wilbarger,,2021,12731
Wilcox,,2020,10518
Wilcox,,2020,8731
Wilcox,,2021,10446
Wilcox,,2021,8739
Wilkes,,2020,9556
Wilkes,,2020,65871
Wilkes,,2021,9513
Wilkes,,2021,65806
Wilkin,,2020,6481
Wilkin,,2021,6395
Wilkinson,,2020,8844
Wilkinson,,2020,8525
Wilkinson,,2021,8831
Wilkinson,,2021,8315
Will,,2020,695903
Will,,2021,697252
Willacy,,2020,20129
Willacy,,2021,20316
Williams,,2020,41149
Williams,,2020,37025
Williams,,2021,38484
Williams,,2021,36716
Williamsburg,,2020,30902
Williamsburg,,2021,30484
Williamsburg city,,2020,15445
Williamsburg city,,2021,15590
Williamson,,2020,67094
Williamson,,2020,249424
Williamson,,2020,615266
Williamson,,2021,66879
Williamson,,2021,255735
Williamson,,2021,643026
Wilson,,2020,8577
Wilson,,2020,78811
Wilson,,2020,148564
Wilson,,2020,49994
Wilson,,2021,8526
Wilson,,2021,78369
Wilson,,2021,151917
Wilson,,2021,51257
Winchester city,,2020,28008
Winchester city,,2021,28136
Windham,,2020,116240
Windham,,2020,45844
Windham,,2021,116418
Windham,,2021,46090
Windsor,,2020,57700
Windsor,,2021,58196
Winkler,,2020,7749
Winkler,,2021,7415
Winn,,2020,13721
Winn,,2021,13488
Winnebago,,2020,284858
Winnebago,,2020,10650
Winnebago,,2020,171646
Winnebago,,2021,283119
Winnebago,,2021,10656
Winnebago,,2021,171623
Winneshiek,,2020,20031
Winneshiek,,2021,19892
Winona,,2020,49606
Winona,,2021,49630
Winston,,2020,23491
Winston,,2020,17673
Winston,,2021,23652
Winston,,2021,17596
Wirt,,2020,5183
Wirt,,2021,5063
Wise,,2020,68866
Wise,,2020,36018
Wise,,2021,71714
Wise,,2021,35647
Wolfe,,2020,6552
Wolfe,,2021,6507
Wood,,2020,132212
Wood,,2020,45010
Wood,,2020,83996
Wood,,2020,74091
Wood,,2021,132472
Wood,,2021,45875
Wood,,2021,83624
Wood,,2021,74070
Woodbury,,2020,105829
Woodbury,,2021,105607
Woodford,,2020,38395
Woodford,,2020,26892
Woodford,,2021,38225
Woodford,,2021,27075
Woodruff,,2020,6200
Woodruff,,2021,6116
Woods,,2020,8587
Woods,,2021,8583
Woodson,,2020,3103
Woodson,,2021,3102
Woodward,,2020,20385
Woodward,,2021,20205
Worcester,,2020,52445
Worcester,,2020,861461
Worcester,,2021,53132
Worcester,,2021,862029
Worth,,2020,20719
Worth,,2020,7425
Worth,,2020,1962
Worth,,2021,20554
Worth,,2021,7385
Worth,,2021,1983
Wrangell City and,,2020,2130
Wrangell City and,,2021,2055
Wright,,2020,12914
Wright,,2020,141759
Wright,,2020,18180
Wright,,2021,12785
Wright,,2021,144845
Wright,,2021,18610
Wyandot,,2020,21854
Wyandot,,2021,21708
Wyandotte,,2020,168873
Wyandotte,,2021,167046
Wyoming,,2020,40401
Wyoming,,2020,26001
Wyoming,,2020,21326
Wyoming,,2021,40491
Wyoming,,2021,26034
Wyoming,,2021,21051
Wythe,,2020,28274
Wythe,,2021,28178
Yadkin,,2020,37182
Yadkin,,2021,37192
Yakima,,2020,256533
Yakima,,2021,256035
Yakutat City and,,2020,683
Yakutat City and,,2021,704
Yalobusha,,2020,12446
Yalobusha,,2021,12415
Yamhill,,2020,107832
Yamhill,,2021,108239
Yancey,,2020,18475
Yancey,,2021,18757
Yankton,,2020,23238
Yankton,,2021,23297
Yates,,2020,24709
Yates,,2021,24613
Yavapai,,2020,237067
Yavapai,,2021,242253
Yazoo,,2020,26618
Yazoo,,2021,26373
Yell,,2020,20216
Yell,,2021,20155
Yellow Medicine,,2020,9492
Yellow Medicine,,2021,9411
Yellowstone,,2020,165045
Yellowstone,,2021,167146
Yoakum,,2020,7669
Yoakum,,2021,7607
Yolo,,2020,216255
Yolo,,2021,216986
York,,2020,212089
York,,2020,14084
York,,2020,456389
York,,2020,283899
York,,2020,70154
York,,2021,214591
York,,2021,14244
York,,2021,458696
York,,2021,288595
York,,2021,70915
Young,,2020,17839
Young,,2021,17977
Yuba,,2020,81932
Yuba,,2021,83421
Yukon-Koyukuk,,2020,5300
Yukon-Koyukuk,,2021,5275
Yuma,,2020,204437
Yuma,,2020,9979
Yuma,,2021,206990
Yuma,,2021,9941
Zapata,,2020,13884
Zapata,,2021,13908
Zavala,,2020,9652
Zavala,,2021,9534
Ziebach,,2020,2388
Ziebach,,2021,2380
